Id,Name,kind,Sales_Status__c,Loss_Reason__c,Hold_Reason__c
006WR00000vbyfWYAQ,Omaha Steaks,Sales_Status,Contact Pending,,
006WR00000vc9ayYAA,Foodies,Sales_Status,Contact Pending,,
006WR00000vcBuWYAU,Hacienda Real,Sales_Status,Contact Pending,,
006WR00000vdD1NYAU,The Tea Smith,Sales_Status,Contact Pending,,
006WR00000vdb0VYAQ,Nebraska Spine Hospital,Sales_Status,Contact Pending,,
006WR00000wZDygYAG,Rothenberg Ronald Neil Md,Sales_Status,Contact Pending,,
006WR00000wZOUHYA4,Dr David A Ray Do,Sales_Status,Contact Pending,,
006WR00000welzhYAA,Fish District,Sales_Status,Contact Pending,,
006WR00000wiNnYYAU,Talavera,Sales_Status,Contact Pending,,
006WR00000wiNnZYAU,Grandes Cortes Apartments,Sales_Status,Contact Pending,,
006WR00000wiNnaYAE,Garden Grove,Sales_Status,Contact Pending,,
006WR00000wiNnbYAE,Rancho Las Palmas,Sales_Status,Contact Pending,,
006WR00000wiNncYAE,University Valley Apartments,Sales_Status,Contact Pending,,
006WR00000wiNndYAE,The Lennox @ Tempe,Sales_Status,Contact Pending,,
006WR00000wiNneYAE,Tempe Park Place,Sales_Status,Contact Pending,,
006WR00000wiNnfYAE,Chesapeake,Sales_Status,Contact Pending,,
006WR00000wiNngYAE,Apache Terrace Apartments,Sales_Status,Contact Pending,,
006WR00000wiNnhYAE,Avana Tempe,Sales_Status,Contact Pending,,
006WR00000wiNniYAE,La Estancia,Sales_Status,Contact Pending,,
006WR00000wiNnjYAE,Highland Park (Tempe),Sales_Status,Contact Pending,,
006WR00000wiNnkYAE,Omnia Baseline,Sales_Status,Contact Pending,,
006WR00000wiNnlYAE,San Palmilla,Sales_Status,Contact Pending,,
006WR00000wiNnmYAE,The Halston,Sales_Status,Contact Pending,,
006WR00000wiNnnYAE,Villa Real,Sales_Status,Contact Pending,,
006WR00000wiNnoYAE,Gila Springs Apartments,Sales_Status,Contact Pending,,
006WR00000wiNnpYAE,Reflections at Gila Springs Apartment Homes,Sales_Status,Contact Pending,,
006WR00000wiNnqYAE,Stonebridge Ranch Apartments,Sales_Status,Contact Pending,,
006WR00000wiNnrYAE,2150 Apartments,Sales_Status,Contact Pending,,
006WR00000wiNnsYAE,Cantera,Sales_Status,Contact Pending,,
006WR00000wiNnuYAE,Montage at Pecos Ranch,Sales_Status,Contact Pending,,
006WR00000wiNnvYAE,Lumiere Chandler Condominiums,Sales_Status,Contact Pending,,
006WR00000wiNnwYAE,Caldera,Sales_Status,Contact Pending,,
006WR00000wiNnxYAE,The Linq,Sales_Status,Contact Pending,,
006WR00000wiNnyYAE,Park Tower,Sales_Status,Contact Pending,,
006WR00000wiNnzYAE,909 West Apartments,Sales_Status,Contact Pending,,
006WR00000wiNo0YAE,CityScape at Lakeshore Apartments,Sales_Status,Contact Pending,,
006WR00000wiNo1YAE,Finisterra,Sales_Status,Contact Pending,,
006WR00000wiNo2YAE,Emerson Square,Sales_Status,Contact Pending,,
006WR00000wiNo3YAE,Tamarak Apartments,Sales_Status,Contact Pending,,
006WR00000wiNo4YAE,Tremezzo on the Lake,Sales_Status,Contact Pending,,
006WR00000wiNo5YAE,The Township,Sales_Status,Contact Pending,,
006WR00000wiNo6YAE,Waterside at Ocotillo,Sales_Status,Contact Pending,,
006WR00000wiNo7YAE,Tempe Vista,Sales_Status,Contact Pending,,
006WR00000wiNo8YAE,IMT Chandler,Sales_Status,Contact Pending,,
006WR00000wiNo9YAE,Eastridge Apartments,Sales_Status,Contact Pending,,
006WR00000wiNoAYAU,Tanque Verde,Sales_Status,Contact Pending,,
006WR00000wiNoBYAU,Villas Los Duranzos,Sales_Status,Contact Pending,,
006WR00000wiNoCYAU,Promontory Apartment Homes,Sales_Status,Contact Pending,,
006WR00000wiNoDYAU,Coronado Villas,Sales_Status,Contact Pending,,
006WR00000wiNoEYAU,Trails West MHP,Sales_Status,Contact Pending,,
006WR00000wiNoFYAU,Riverstone,Sales_Status,Contact Pending,,
006WR00000wiNoGYAU,Avana River Ranch,Sales_Status,Contact Pending,,
006WR00000wiNoHYAU,Tides at Parkview,Sales_Status,Contact Pending,,
006WR00000wiNoIYAU,Canyon Oaks,Sales_Status,Contact Pending,,
006WR00000wiNoJYAU,Rincon Valley MHP,Sales_Status,Contact Pending,,
006WR00000wiNoKYAU,Ascension at Ironwood,Sales_Status,Contact Pending,,
006WR00000wiNoLYAU,Fellowship Square - Tucson,Sales_Status,Contact Pending,,
006WR00000wiNoMYAU,Sycamore Creek Apartments,Sales_Status,Contact Pending,,
006WR00000wiNoNYAU,Sorensen Heights,Sales_Status,Reached Out - Pending Response,,
006WR00000wiNoOYAU,Plaza Del Sol MHP,Sales_Status,Contact Pending,,
006WR00000wiNoPYAU,Lake Pointe Apartments,Sales_Status,Reached Out - Pending Response,,
006WR00000wiNoQYAU,Villa Pacific Apartments - Oceanside,Sales_Status,Reached Out - Pending Response,,
006WR00000wiNoRYAU,Sonoran Vista,Sales_Status,Contact Pending,,
006WR00000wiNoSYAU,Haciendas de la Playa,Sales_Status,Contact Pending,,
006WR00000wiNoTYAU,Charleston Gardens,Sales_Status,Contact Pending,,
006WR00000wiNoUYAU,Finn Apartments,Sales_Status,Contact Pending,,
006WR00000wiNoVYAU,Haven at Lone Mountain Apartments,Sales_Status,Contact Pending,,
006WR00000wiNoWYAU,Lumina on 19th Apartments,Sales_Status,Reached Out - Pending Response,,
006WR00000wiNoXYAU,Olive Queen Creek,Sales_Status,Reached Out - Pending Response,,
006WR00000wiNoYYAU,Casa Santa Fe,Sales_Status,Reached Out - Pending Response,,
006WR00000wiNoZYAU,Kaia Pointe,Sales_Status,Contact Pending,,
006WR00000wiNoaYAE,Southgate Glen,Sales_Status,Reached Out - Pending Response,,
006WR00000wiNobYAE,Gardens of Weatherford,Sales_Status,Contact Pending,,
006WR00000wiNocYAE,Jones13,Sales_Status,Reached Out - Pending Response,,
006WR00000wiNodYAE,Paisley & Pointe at Centennial Hills,Sales_Status,Contact Pending,,
006WR00000wiNoeYAE,Country Oaks Apartments,Sales_Status,Contact Pending,,
006WR00000wiNofYAE,Woodridge Villas,Sales_Status,Contact Pending,,
006WR00000wiNogYAE,Senator Richard Bryon Senior Apartments,Sales_Status,Contact Pending,,
006WR00000wiNohYAE,Noel Crest Condos HOA,Sales_Status,Contact Pending,,
006WR00000wiNoiYAE,Lattitude,Sales_Status,Contact Pending,,
006WR00000wiNojYAE,Elysian at Post,Sales_Status,Contact Pending,,
006WR00000wiNokYAE,Foster Greens Apartments,Sales_Status,Contact Pending,,
006WR00000wiNolYAE,Talisman Condos,Sales_Status,Reached Out - Pending Response,,
006WR00000wiNomYAE,Fiesta Condos,Sales_Status,Contact Pending,,
006WR00000wiNonYAE,Wyndham Villas - Broadmoor,Sales_Status,Reached Out - Pending Response,,
006WR00000wiNopYAE,Western Sun Apartments,Sales_Status,Reached Out - Pending Response,,
006WR00000wiNoqYAE,Viewpoint Apartment Homes,Sales_Status,Contact Pending,,
006WR00000wiNorYAE,Jerome Apartments,Sales_Status,Reached Out - Pending Response,,
006WR00000wiNosYAE,Sandstone Apartments,Sales_Status,Reached Out - Pending Response,,
006WR00000wiNotYAE,Lyn Terrace Apartments _Lumen Fl_Marvin,Sales_Status,Reached Out - Pending Response,,
006WR00000wiNouYAE,Lakeside Heights,Sales_Status,Reached Out - Pending Response,,
006WR00000wiNovYAE,Clarendon,Sales_Status,Contact Pending,,
006WR00000wiNowYAE,Cinnabar Apts.,Sales_Status,Contact Pending,,
006WR00000wiNoxYAE,Jasper,Sales_Status,Contact Pending,,
006WR00000wiNoyYAE,University Gardens Apartment,Sales_Status,Contact Pending,,
006WR00000wiNozYAE,Cliffs at North Mountain,Sales_Status,Contact Pending,,
006WR00000wiNp0YAE,Palm Aire Apts.,Sales_Status,Contact Pending,,
006WR00000wiNp1YAE,Landes - Thrive Communities,Sales_Status,Contact Pending,,
006WR00000wiNp2YAE,Big Trout Lodge,Sales_Status,Contact Pending,,
006WR00000wiNp3YAE,Cimarron Apartments LV,Sales_Status,Contact Pending,,
006WR00000wiNp4YAE,Lyons Glen Apartments,Sales_Status,Contact Pending,,
006WR00000wiNp5YAE,Regency Woods Apartments,Sales_Status,Contact Pending,,
006WR00000wiNp6YAE,Soundview Apartment Homes,Sales_Status,Contact Pending,,
006WR00000wj8JOYAY,The Link,Sales_Status,Reached Out - Pending Response,,
006WR00000wj8JPYAY,The Flats at SanTan,Sales_Status,Contact Pending,,
006WR00000wj8JQYAY,Oasis in Mesa,Sales_Status,Contact Pending,,
006WR00000wj8JRYAY,The Madison,Sales_Status,Reached Out - Pending Response,,
006WR00000wj8JSYAY,The Wyatt,Sales_Status,Contact Pending,,
006WR00000wj8JTYAY,Acero Val Vista,Sales_Status,Contact Pending,,
006WR00000wj8JUYAY,Mesa Village,Sales_Status,Contact Pending,,
006WR00000wj8JVYAY,Avana Gilbert,Sales_Status,Contact Pending,,
006WR00000wj8JWYAY,Fiesta Village Furnished Apartments,Sales_Status,Reached Out - Pending Response,,
006WR00000wj8JXYAY,Town Germann,Sales_Status,Contact Pending,,
006WR00000wj8JYYAY,Marigold Ranch at San Tan Village,Sales_Status,Contact Pending,,
006WR00000wj8JZYAY,College Park Woods,Sales_Status,Contact Pending,,
006WR00000wj8JbYAI,El Mirage Mobile Home Park ( Saguaro Sun ),Sales_Status,Reached Out - Pending Response,,
006WR00000wj8JcYAI,Royal Palms Village (MHP),Sales_Status,Reached Out - Pending Response,,
006WR00000wj8JdYAI,Sunset Resort-520 Spaces (MHP),Sales_Status,Contact Pending,,
006WR00000wj8JeYAI,Avia 266,Sales_Status,Reached Out - Pending Response,,
006WR00000wj8JfYAI,Cadia Crossing,Sales_Status,Contact Pending,,
006WR00000wj8JgYAI,Apache Wells Trailer Rv Resort (MHP),Sales_Status,Contact Pending,,
006WR00000wj8JhYAI,Agave Apartments,Sales_Status,Contact Pending,,
006WR00000wj8JiYAI,Ascend at Red Mountain,Sales_Status,Contact Pending,,
006WR00000wj8JjYAI,Ascend at Longbow Highpoint,Sales_Status,Contact Pending,,
006WR00000wj8JkYAI,Album Mountain Vista,Sales_Status,Contact Pending,,
006WR00000wj8JlYAI,Candela Park,Sales_Status,Reached Out - Pending Response,,
006WR00000wj8JmYAI,Dartmouth Trace,Sales_Status,Contact Pending,,
006WR00000wj8JnYAI,Aspenwood Mobile Home Park (MHP),Sales_Status,Contact Pending,,
006WR00000wj8JoYAI,Brookview Apartments,Sales_Status,Reached Out - Pending Response,,
006WR00000wj8JpYAI,Alta Uptown (Chandler AZ),Sales_Status,Reached Out - Pending Response,,
006WR00000wj8JqYAI,Calusa Trace,Sales_Status,Contact Pending,,
006WR00000wj8JrYAI,Broadway Estates,Sales_Status,Contact Pending,,
006WR00000wj8JsYAI,BB Living at Val Vista,Sales_Status,Contact Pending,,
006WR00000wj8JtYAI,Camden Tempe,Sales_Status,Contact Pending,,
006WR00000wj8JuYAI,Agave Village,Sales_Status,Contact Pending,,
006WR00000wj8JvYAI,Crismon Gateway Rentals,Sales_Status,Contact Pending,,
006WR00000wj8JwYAI,Cactus Wren (MHP),Sales_Status,Contact Pending,,
006WR00000wj8JxYAI,Tuscan Isle,Sales_Status,Contact Pending,,
006WR00000wj8JyYAI,Beverly Mobile Home Park,Sales_Status,Contact Pending,,
006WR00000wj8JzYAI,Centennial Village,Sales_Status,Contact Pending,,
006WR00000wj8K0YAI,Castillo Nuevo,Sales_Status,Reached Out - Pending Response,,
006WR00000wj8K1YAI,Westchase Apartments,Sales_Status,Contact Pending,,
006WR00000wj8K2YAI,Copper Point,Sales_Status,Reached Out - Pending Response,,
006WR00000wj8K3YAI,Casa Serena (MHP),Sales_Status,Contact Pending,,
006WR00000wj8K4YAI,Arizona Acres Resort,Sales_Status,Contact Pending,,
006WR00000wj8K5YAI,1758 S Val Vista Dr,Sales_Status,Contact Pending,,
006WR00000wj8K6YAI,Annex at Cadence,Sales_Status,Reached Out - Pending Response,,
006WR00000wj8K7YAI,Alta Vista Apartments,Sales_Status,Contact Pending,,
006WR00000wj8K8YAI,9736 E Main St (MHP),Sales_Status,Contact Pending,,
006WR00000wj8K9YAI,315-321 N Higley Rd,Sales_Status,Contact Pending,,
006WR00000wj8KAYAY,Buenas on Broadway,Sales_Status,Contact Pending,,
006WR00000wj8KBYAY,Centennial Village Corp,Sales_Status,Contact Pending,,
006WR00000wj8KCYAY,1151 W Dragoon Cir,Sales_Status,Contact Pending,,
006WR00000wj8KDYAY,Brighthaven Estates,Sales_Status,Contact Pending,,
006WR00000wj8KEYAY,Encore on First West,Sales_Status,Reached Out - Pending Response,,
006WR00000wj8KFYAY,Mesa Artspace Lofts,Sales_Status,Reached Out - Pending Response,,
006WR00000wj8KGYAY,4455 Greenwood Avenue,Sales_Status,Contact Pending,,
006WR00000wj8KHYAY,Kings Gate Senior Apartments,Sales_Status,Reached Out - Pending Response,,
006WR00000wj8KIYAY,Prairie Spring Apartments,Sales_Status,Reached Out - Pending Response,,
006WR00000wj8KJYAY,5301-5307 S. Maryland Avenue,Sales_Status,Contact Pending,,
006WR00000wj8KKYAY,Mesa Station,Sales_Status,Reached Out - Pending Response,,
006WR00000wj8KLYAY,Juniper Gardens,Sales_Status,Reached Out - Pending Response,,
006WR00000wj8KMYAY,5049 S. Drexel Boulevard,Sales_Status,Contact Pending,,
006WR00000wj8KNYAY,Avondale Apartments Envolve (copy),Sales_Status,Contact Pending,,
006WR00000wj8KOYAY,Ocean Crest Apartments,Sales_Status,Reached Out - Pending Response,,
006WR00000wj8KPYAY,Albany Apartments,Sales_Status,Reached Out - Pending Response,,
006WR00000wj8KQYAY,Arboretum Village,Sales_Status,Reached Out - Pending Response,,
006WR00000wj8KRYAY,5053 S. Ellis Avenue,Sales_Status,Contact Pending,,
006WR00000wj8KTYAY,Embassy Park Apartments,Sales_Status,Reached Out - Pending Response,,
006WR00000wj8KUYAY,Alta Rise,Sales_Status,Contact Pending,,
006WR00000wj8KVYAY,Greentree Place Apartments,Sales_Status,Contact Pending,,
006WR00000wj8KWYAY,102 West 9th Place Apartments,Sales_Status,Reached Out - Pending Response,,
006WR00000wj8KXYAY,Residences at Sorensen Square,Sales_Status,Reached Out - Pending Response,,
006WR00000wj8KYYAY,5100-5120 S. Ellis Avenue,Sales_Status,Contact Pending,,
006WR00000wj8KZYAY,4721-29 S. Ellis St,Sales_Status,Contact Pending,,
006WR00000wj8KaYAI,The Village at Grant Square,Sales_Status,Reached Out - Pending Response,,
006WR00000wj8KbYAI,5111 S. Kimbark Avenue,Sales_Status,Contact Pending,,
006WR00000wj8KdYAI,5350-5358 S. Maryland,Sales_Status,Contact Pending,,
006WR00000wj8KeYAI,Peony Village,Sales_Status,Reached Out - Pending Response,,
006WR00000wj8KfYAI,Sunrise on the Rail,Sales_Status,Reached Out - Pending Response,,
006WR00000wj8KgYAI,5118-5120 S. Greenwood Avenue,Sales_Status,Contact Pending,,
006WR00000wj8KhYAI,5120 S. Hyde Park Boulevard,Sales_Status,Contact Pending,,
006WR00000wj8KiYAI,Discovery at Daybreak HOA,Sales_Status,Contact Pending,,
006WR00000wj8KjYAI,5400-5406 S. Maryland,Sales_Status,Contact Pending,,
006WR00000wj8KkYAI,5128-5132 S. Cornell Avenue,Sales_Status,Contact Pending,,
006WR00000wj8KlYAI,5202-5210 S. Cornell Avenue,Sales_Status,Contact Pending,,
006WR00000wj8KmYAI,Shadow Pointe HOA,Sales_Status,Contact Pending,,
006WR00000wj8KnYAI,5218-5220 S. Kimbark Avenue,Sales_Status,Contact Pending,,
006WR00000wj8KoYAI,Siena Apartments,Sales_Status,Contact Pending,,
006WR00000wj8KpYAI,4859 S. Champlain Avenue,Sales_Status,Contact Pending,,
006WR00000wj8KqYAI,Parkview (AKA Elevate Apartments),Sales_Status,Reached Out - Pending Response,,
006WR00000wj8KrYAI,5222-38 S Drexel Ave.,Sales_Status,Contact Pending,,
006WR00000wj8KsYAI,Pine Tree Apartments,Sales_Status,Reached Out - Pending Response,,
006WR00000wj8KtYAI,5229 S. Drexel Avenue,Sales_Status,Contact Pending,,
006WR00000wj8KuYAI,5232 S. Hyde Park,Sales_Status,Contact Pending,,
006WR00000wj8KvYAI,5234-5244 S. Ingleside Avenue,Sales_Status,Contact Pending,,
006WR00000wj8KwYAI,Willow Ridge Townhomes,Sales_Status,Reached Out - Pending Response,,
006WR00000wj8KxYAI,Silver Creek - Mesa,Sales_Status,Reached Out - Pending Response,,
006WR00000wj8KyYAI,5237-5245 S. Kenwood Avenue,Sales_Status,Contact Pending,,
006WR00000wjKFlYAM,Chapel Hill Apartments,Sales_Status,Reached Out - Pending Response,,
006WR00000wjKFmYAM,Ascend at Westinghouse,Sales_Status,Reached Out - Pending Response,,
006WR00000wjKFnYAM,Alta Berry Creek,Sales_Status,Reached Out - Pending Response,,
006WR00000wjKFoYAM,Versante Apartment Homes,Sales_Status,Reached Out - Pending Response,,
006WR00000wjKFpYAM,Cinnabar Apartments,Sales_Status,Contact Pending,,
006WR00000wjKFqYAM,Palm Aire Apartments,Sales_Status,Contact Pending,,
006WR00000wjKFrYAM,Strada Apartments,Sales_Status,Contact Pending,,
006WR00000wjKFtYAM,Whitley Place,Sales_Status,Reached Out - Pending Response,,
006WR00000wjKFuYAM,Adley at Gleannloch,Sales_Status,Contact Pending,,
006WR00000wjKFvYAM,Alleia Long Meadow Farms,Sales_Status,Contact Pending,,
006WR00000wjKFwYAM,Ariza Plum Creek,Sales_Status,Contact Pending,,
006WR00000wjKFxYAM,Auberry at Twin Creeks,Sales_Status,Contact Pending,,
006WR00000wjKFyYAM,Aura 36Hundred,Sales_Status,Contact Pending,,
006WR00000wjKFzYAM,Aura Benbrook,Sales_Status,Contact Pending,,
006WR00000wjKG0YAM,Bluff Creek,Sales_Status,Contact Pending,,
006WR00000wjKG1YAM,Brandon Place,Sales_Status,Contact Pending,,
006WR00000wjKG2YAM,Bridgeport,Sales_Status,Contact Pending,,
006WR00000wjKG3YAM,Satori Frisco,Sales_Status,Contact Pending,,
006WR00000wjKG4YAM,Hangar 19,Sales_Status,Contact Pending,,
006WR00000wjKG5YAM,Lakes at Westview I,Sales_Status,Contact Pending,,
006WR00000wjKG6YAM,Lakes at Westview II,Sales_Status,Contact Pending,,
006WR00000wjKG7YAM,Markham Oaks,Sales_Status,Contact Pending,,
006WR00000wjKG8YAM,Riverhill,Sales_Status,Contact Pending,,
006WR00000wjKG9YAM,Satori at Long Meadow,Sales_Status,Contact Pending,,
006WR00000wjKGAYA2,Vale Frisco,Sales_Status,Contact Pending,,
006WR00000wjKGBYA2,Vale Luxury,Sales_Status,Contact Pending,,
006WR00000wjKGCYA2,Volterra at Westlake,Sales_Status,Contact Pending,,
006WR00000wjKGDYA2,Westwood Park,Sales_Status,Contact Pending,,
006WR00000wjKGEYA2,Wimbledon Green,Sales_Status,Contact Pending,,
006WR00000wjKGFYA2,Wimbledon Green II,Sales_Status,Contact Pending,,
006WR00000wjKGGYA2,Woodrun Village,Sales_Status,Contact Pending,,
006WR00000wjKGHYA2,Springpointe Condominiums,Sales_Status,Contact Pending,,
006WR00000wjKGIYA2,Manor at Aliante,Sales_Status,Contact Pending,,
006WR00000wjKGJYA2,Sterling Court,Sales_Status,Contact Pending,,
006WR00000wjKGKYA2,High Noon at Arlington Ranch,Sales_Status,Contact Pending,,
006WR00000wjKGLYA2,Regency Village,Sales_Status,Contact Pending,,
006WR00000wjKGMYA2,Travata and Montage at Summerlin Centre,Sales_Status,Contact Pending,,
006WR00000wjKGNYA2,Western Oaks Apartments,Sales_Status,Reached Out - Pending Response,,
006WR00000wjKGOYA2,Mitchell Farm,Sales_Status,Reached Out - Pending Response,,
006WR00000wjKGRYA2,Falls At Borough Park,Sales_Status,Contact Pending,,
006WR00000wjKGSYA2,Frisco Satori,Sales_Status,Contact Pending,,
006WR00000wjKGTYA2,Cienega Springs,Sales_Status,Contact Pending,,
006WR00000wjKGUYA2,Forest Manor,Sales_Status,Contact Pending,,
006WR00000wjKGVYA2,Fox Street,Sales_Status,Contact Pending,,
006WR00000wjKGWYA2,Capri-Riverstone,Sales_Status,Contact Pending,,
006WR00000wjKGXYA2,Madison Hill,Sales_Status,Contact Pending,,
006WR00000wjKGYYA2,Riviera,Sales_Status,Contact Pending,,
006WR00000wjKGZYA2,Mountain Valley MHC,Sales_Status,Contact Pending,,
006WR00000wjKGaYAM,Vallejo Terrace Apts,Sales_Status,Contact Pending,,
006WR00000wjKGbYAM,Prentice Place,Sales_Status,Contact Pending,,
006WR00000wjKGcYAM,Bransons Resort,Sales_Status,Contact Pending,,
006WR00000wjKGdYAM,Aspen Basalt MHC,Sales_Status,Contact Pending,,
006WR00000wjKGeYAM,Min Ari,Sales_Status,Contact Pending,,
006WR00000wjKGfYAM,Miracle Mile,Sales_Status,Contact Pending,,
006WR00000wjKGgYAM,Crisman Apartments,Sales_Status,Contact Pending,,
006WR00000wjKGhYAM,Chesney Kleinjohn Apts,Sales_Status,Contact Pending,,
006WR00000wjKGiYAM,Quail Ridge Estates,Sales_Status,Contact Pending,,
006WR00000wjKGjYAM,"Castle Park MHC, LLC",Sales_Status,Contact Pending,,
006WR00000wjKGkYAM,LincolnPointe Lofts I,Sales_Status,Contact Pending,,
006WR00000wjKGlYAM,Alma Meadows,Sales_Status,Contact Pending,,
006WR00000wjKGmYAM,Wildcreek Garden,Sales_Status,Contact Pending,,
006WR00000wjKGnYAM,Juan Diego Apts,Sales_Status,Contact Pending,,
006WR00000wjKGpYAM,Lumien at Fitzsimons,Sales_Status,Contact Pending,,
006WR00000wjKGqYAM,Mountain View Mobile Home Park,Sales_Status,Contact Pending,,
006WR00000wjKGrYAM,Clarkson Park Condos,Sales_Status,Contact Pending,,
006WR00000wjKGsYAM,"Chaparral Homeowners Association, Inc.",Sales_Status,Contact Pending,,
006WR00000wjKGtYAM,Veterans Apts,Sales_Status,Contact Pending,,
006WR00000wjKGuYAM,Orpheus Condos,Sales_Status,Contact Pending,,
006WR00000wjKGvYAM,Terrace Park- IPG,Sales_Status,Contact Pending,,
006WR00000wjKGwYAM,The Pines at Pinehurst,Sales_Status,Contact Pending,,
006WR00000wjKGxYAM,Saxony Apts,Sales_Status,Contact Pending,,
006WR00000wjKGyYAM,Villas Glendale Townhouse,Sales_Status,Contact Pending,,
006WR00000wjKGzYAM,Aspen Meadows New Development,Sales_Status,Contact Pending,,
006WR00000wjKH0YAM,Carriage Lane / Carriage Court,Sales_Status,Contact Pending,,
006WR00000wjKH1YAM,"Alpine Vista MHC, LLC",Sales_Status,Contact Pending,,
006WR00000wjKH2YAM,Tallmadge Boyer Block,Sales_Status,Contact Pending,,
006WR00000wjKH3YAM,Country Club of LaCholla,Sales_Status,Contact Pending,,
006WR00000wjKH4YAM,"Patriot Mobile Home Park NV, LLC",Sales_Status,Contact Pending,,
006WR00000wjKH5YAM,Freedom Springs,Sales_Status,Contact Pending,,
006WR00000wjKH6YAM,Evoke Capitol LLC,Sales_Status,Contact Pending,,
006WR00000wjKH7YAM,Lafayette Gardens,Sales_Status,Contact Pending,,
006WR00000wjKH8YAM,1135 Logan St. Apts,Sales_Status,Contact Pending,,
006WR00000wjKH9YAM,Sandstone at Eldorado Homeowners Association,Sales_Status,Contact Pending,,
006WR00000wjKHBYA2,Normandy Gardens,Sales_Status,Contact Pending,,
006WR00000wjKHCYA2,Jasmine Falls Homeowners Association,Sales_Status,Contact Pending,,
006WR00000wjKHDYA2,San Pedro Resort,Sales_Status,Contact Pending,,
006WR00000wjKHEYA2,Presidential Arms,Sales_Status,Contact Pending,,
006WR00000wjKHFYA2,The Regent at Town Centre Homeowners Association,Sales_Status,Contact Pending,,
006WR00000wjKHGYA2,Trail Creek Ranch,Sales_Status,Contact Pending,,
006WR00000wjKHHYA2,Wheat Ridge Town Center North,Sales_Status,Contact Pending,,
006WR00000wjKHIYA2,The Groves,Sales_Status,Contact Pending,,
006WR00000wjdjoYAA,Metropolitan Towers,Sales_Status,Contact Pending,,
006WR00000wjdjqYAA,Civic Plaza,Sales_Status,Contact Pending,,
006WR00000wjdjrYAA,Vincent Marie,Sales_Status,Contact Pending,,
006WR00000wjdjsYAA,Granite Village Condominiums,Sales_Status,Contact Pending,,
006WR00000wjdjtYAA,Eagan Gables,Sales_Status,Contact Pending,,
006WR00000wjdjvYAA,Valley Place,Sales_Status,Contact Pending,,
006WR00000wjdjwYAA,Ridgepoint Apartments,Sales_Status,Contact Pending,,
006WR00000wjdjxYAA,The Sedges,Sales_Status,Contact Pending,,
006WR00000wjdjyYAA,University Village Apartments,Sales_Status,Contact Pending,,
006WR00000wjdjzYAA,Boulevard 100,Sales_Status,Contact Pending,,
006WR00000wjdk0YAA,Neo at Four Corners,Sales_Status,Contact Pending,,
006WR00000wjdk1YAA,Park Ridgeway,Sales_Status,Contact Pending,,
006WR00000wjdk2YAA,University Gardens,Sales_Status,Contact Pending,,
006WR00000wjdk3YAA,Bass Lake Crossing,Sales_Status,Contact Pending,,
006WR00000wjdk4YAA,Allegro Winter Park,Sales_Status,Contact Pending,,
006WR00000wjdk5YAA,University Park Apts,Sales_Status,Contact Pending,,
006WR00000wjdk6YAA,Palm Aire,Sales_Status,Contact Pending,,
006WR00000wjdk7YAA,Urban Park,Sales_Status,Contact Pending,,
006WR00000wjdk8YAA,Eagan Place,Sales_Status,Contact Pending,,
006WR00000wjdk9YAA,The Junction at Iron Horse,Sales_Status,Contact Pending,,
006WR00000wjdkAYAQ,Pinewood Park Apartments,Sales_Status,Contact Pending,,
006WR00000wjdkBYAQ,Groves,Sales_Status,Contact Pending,,
006WR00000wjdkCYAQ,Maple Ridge,Sales_Status,Contact Pending,,
006WR00000wjdkDYAQ,The Residences at Emerson Park,Sales_Status,Contact Pending,,
006WR00000wjdkEYAQ,Pantano Crossings,Sales_Status,Contact Pending,,
006WR00000wjdkFYAQ,Meadowview,Sales_Status,Contact Pending,,
006WR00000wjdkGYAQ,Arroyo Villas,Sales_Status,Contact Pending,,
006WR00000wjdkHYAQ,The Neo Apartments,Sales_Status,Contact Pending,,
006WR00000wjdkIYAQ,Bristol Village,Sales_Status,Contact Pending,,
006WR00000wjdkJYAQ,Benmark Apartments,Sales_Status,Contact Pending,,
006WR00000wjdkKYAQ,Chateau,Sales_Status,Contact Pending,,
006WR00000wjdkLYAQ,Westridge Apartments,Sales_Status,Reached Out - Pending Response,,
006WR00000wjdkMYAQ,Palmetto Apartments,Sales_Status,Contact Pending,,
006WR00000wjdkNYAQ,SIerra Meadows,Sales_Status,Contact Pending,,
006WR00000wjdkOYAQ,Briarwood Manor Phase 1,Sales_Status,Contact Pending,,
006WR00000wjdkPYAQ,Woodland Park,Sales_Status,Contact Pending,,
006WR00000wjdkQYAQ,Encino Gardens,Sales_Status,Contact Pending,,
006WR00000wjdkSYAQ,Briarwood Manor Phase 2,Sales_Status,Contact Pending,,
006WR00000wjdkTYAQ,Highland Park (Fridley),Sales_Status,Contact Pending,,
006WR00000wjdkUYAQ,Aspens,Sales_Status,Contact Pending,,
006WR00000wjdkVYAQ,Royal American,Sales_Status,Contact Pending,,
006WR00000wjdkWYAQ,Oakdale Apartments,Sales_Status,Contact Pending,,
006WR00000wjdkXYAQ,River Quarry,Sales_Status,Contact Pending,,
006WR00000wjdkYYAQ,Cedar gate,Sales_Status,Contact Pending,,
006WR00000wjdkZYAQ,Ash Street Courtyard,Sales_Status,Contact Pending,,
006WR00000wjdkaYAA,Park at Murano,Sales_Status,Contact Pending,,
006WR00000wjdkbYAA,Woodbridge Apartments,Sales_Status,Contact Pending,,
006WR00000wjdkcYAA,Hampshire Hill,Sales_Status,Contact Pending,,
006WR00000wjdkdYAA,Harbour Court / 910 North,Sales_Status,Contact Pending,,
006WR00000wjdkeYAA,Park at Veneto,Sales_Status,Contact Pending,,
006WR00000wjdkfYAA,Layton Pointe,Sales_Status,Contact Pending,,
006WR00000wjdkgYAA,Park at Pasitano,Sales_Status,Contact Pending,,
006WR00000wjdkhYAA,Soll,Sales_Status,Contact Pending,,
006WR00000wjdkiYAA,Colonial Court,Sales_Status,Contact Pending,,
006WR00000wjdkjYAA,Winhall at Williams Point,Sales_Status,Contact Pending,,
006WR00000wjdkkYAA,The Seville,Sales_Status,Contact Pending,,
006WR00000wjdklYAA,Lost Creek,Sales_Status,Contact Pending,,
006WR00000wjdkpYAA,Laurel Canyon,Sales_Status,Contact Pending,,
006WR00000wjdkqYAA,Mendota Garden,Sales_Status,Contact Pending,,
006WR00000wjdksYAA,Oak Hill Apartments,Sales_Status,Contact Pending,,
006WR00000wjdktYAA,Parkside Apartments,Sales_Status,Contact Pending,,
006WR00000wjdkuYAA,Regatta Apartments,Sales_Status,Contact Pending,,
006WR00000wjdkvYAA,Spinnaker Landing,Sales_Status,Contact Pending,,
006WR00000wjdkwYAA,Pleasant View Estates,Sales_Status,Contact Pending,,
006WR00000wjdkxYAA,The Meadows,Sales_Status,Contact Pending,,
006WR00000wjdkyYAA,Valley View Ephrata II,Sales_Status,Contact Pending,,
006WR00000wjdkzYAA,Valley View Ephrata I,Sales_Status,Contact Pending,,
006WR00000wjdl0YAA,Crescent Valley,Sales_Status,Contact Pending,,
006WR00000wjdl1YAA,Fairway Estates MHC,Sales_Status,Contact Pending,,
006WR00000wjdl2YAA,Lamplighter Camarillo,Sales_Status,Contact Pending,,
006WR00000wjdl3YAA,Royal Garden Estates,Sales_Status,Contact Pending,,
006WR00000wjdl4YAA,Sunset Estates,Sales_Status,Contact Pending,,
006WR00000wjdl5YAA,Aspen Basalt Mobile Home Park,Sales_Status,Contact Pending,,
006WR00000wjdl6YAA,Country Estates Mobile Home Park,Sales_Status,Contact Pending,,
006WR00000wjdl7YAA,IPG Capital Mountain View,Sales_Status,Contact Pending,,
006WR00000wjdl8YAA,Glenbrier Park,Sales_Status,Contact Pending,,
006WR00000wjdl9YAA,Granger Senior Estates,Sales_Status,Contact Pending,,
006WR00000wjdlAYAQ,Rustic Acres MHC,Sales_Status,Contact Pending,,
006WR00000wjdlBYAQ,Windemere Meadows -Aumsville,Sales_Status,Contact Pending,,
006WR00000wjdlCYAQ,Big Valley Woods,Sales_Status,Contact Pending,,
006WR00000wjdlDYAQ,Camelot Mobile Estates,Sales_Status,Contact Pending,,
006WR00000wjdlEYAQ,Concord Terrace,Sales_Status,Contact Pending,,
006WR00000wjdlFYAQ,Excalibur Village,Sales_Status,Contact Pending,,
006WR00000wjdlGYAQ,Golden Oaks,Sales_Status,Contact Pending,,
006WR00000wjdlHYAQ,Mill Creek Estates,Sales_Status,Contact Pending,,
006WR00000wjdlIYAQ,Remington Arms,Sales_Status,Contact Pending,,
006WR00000wjdlJYAQ,The Pines (aka Windstone),Sales_Status,Contact Pending,,
006WR00000wjdlKYAQ,Viking Estates,Sales_Status,Contact Pending,,
006WR00000wjdlLYAQ,Wildwood Mobile Villa,Sales_Status,Contact Pending,,
006WR00000wjdlMYAQ,Willow Pines,Sales_Status,Contact Pending,,
006WR00000wjnOAYAY,Higley Apartments,Sales_Status,Contact Pending,,
006WR00000wjnOBYAY,Rivulon,Sales_Status,Contact Pending,,
006WR00000wjnOCYAY,Murietta at ASU,Sales_Status,Contact Pending,,
006WR00000wjnODYAY,Sonoma Landing Luxury Apartments,Sales_Status,Contact Pending,,
006WR00000wjnOEYAY,Lotus Point,Sales_Status,Contact Pending,,
006WR00000wjnOFYAY,Karmella Mobile Home Park,Sales_Status,Contact Pending,,
006WR00000wjnOGYAY,Mera Greenfield,Sales_Status,Contact Pending,,
006WR00000wjnOHYAY,Encore On MacDonald,Sales_Status,Contact Pending,,
006WR00000wjnOIYAY,Juanita Mobile Home Park,Sales_Status,Contact Pending,,
006WR00000wjnOJYAY,Stillwater Superstition Apartments,Sales_Status,Contact Pending,,
006WR00000wjnOKYAY,Villas On Hampton Avenue,Sales_Status,Contact Pending,,
006WR00000wjnOLYAY,The Palms on Scottsdale,Sales_Status,Reached Out - Pending Response,,
006WR00000wjnOMYAY,Peralta Vista (Apt. homes rent),Sales_Status,Contact Pending,,
006WR00000wjnONYAY,Smith + Rio,Sales_Status,Contact Pending,,
006WR00000wjnOOYAY,Imperial Broadmoor,Sales_Status,Contact Pending,,
006WR00000wjnOPYAY,Keller at Town Square,Sales_Status,Contact Pending,,
006WR00000wjnOQYAY,Golf View Apartments,Sales_Status,Contact Pending,,
006WR00000wjnORYAY,Sunridge Manor Apts - NOW - The Manhattan,Sales_Status,Contact Pending,,
006WR00000wjnOSYAY,The Grid,Sales_Status,Contact Pending,,
006WR00000wjnOTYAY,Pueblo Mesa (MHP),Sales_Status,Contact Pending,,
006WR00000wjnOUYAY,The Resort (MHP),Sales_Status,Contact Pending,,
006WR00000wjnOVYAY,The Aster at Mountain Vista,Sales_Status,Contact Pending,,
006WR00000wjnOWYAY,The Havenly Gilbert,Sales_Status,Contact Pending,,
006WR00000wjnOXYAY,Garden Spot Mobile Home Park,Sales_Status,Contact Pending,,
006WR00000wjnOYYAY,Medina Station- Phase 2,Sales_Status,Contact Pending,,
006WR00000wjnOZYAY,Golden West Apartments,Sales_Status,Contact Pending,,
006WR00000wjnOaYAI,Modera Rio Salado,Sales_Status,Contact Pending,,
006WR00000wjnObYAI,Hilo Tempe,Sales_Status,Contact Pending,,
006WR00000wjnOcYAI,Gallery Park,Sales_Status,Contact Pending,,
006WR00000wjnOdYAI,Melrose Place,Sales_Status,Contact Pending,,
006WR00000wjnOeYAI,Ramblewood Condos,Sales_Status,Contact Pending,,
006WR00000wjnOfYAI,Painted Trails Apartments,Sales_Status,Contact Pending,,
006WR00000wjnOgYAI,Park Place at Gallery Park,Sales_Status,Contact Pending,,
006WR00000wjnOhYAI,Trailing R Mobile Ranch-64 Spaces,Sales_Status,Contact Pending,,
006WR00000wjnOiYAI,Silveridge Resort (MHP),Sales_Status,Contact Pending,,
006WR00000wjnOjYAI,Springs at Red Mountain,Sales_Status,Contact Pending,,
006WR00000wjnOkYAI,Medina Station Phase 1,Sales_Status,Contact Pending,,
006WR00000wjnOlYAI,Sunny Crest (MHP),Sales_Status,Contact Pending,,
006WR00000wjnOmYAI,Silver Spur Village,Sales_Status,Contact Pending,,
006WR00000wjnOnYAI,The ONE at Mountain Vista,Sales_Status,Contact Pending,,
006WR00000wjnOoYAI,Shadow Run Condos,Sales_Status,Contact Pending,,
006WR00000wjnOpYAI,The Groves Apartments,Sales_Status,Reached Out - Pending Response,,
006WR00000wjnOqYAI,Southbank - Lot 6,Sales_Status,Contact Pending,,
006WR00000wjnOrYAI,First & Farmer,Sales_Status,Contact Pending,,
006WR00000wjnOsYAI,Garden View Apts/Deckz Townhomes,Sales_Status,Contact Pending,,
006WR00000wjnOtYAI,Suncourt Villas Apartments,Sales_Status,Contact Pending,,
006WR00000wjnOuYAI,Village Crossing at Broadway,Sales_Status,Contact Pending,,
006WR00000wjnOvYAI,Mountain View Condo Rentals,Sales_Status,Contact Pending,,
006WR00000wjnOwYAI,Horne Apartments,Sales_Status,Reached Out - Pending Response,,
006WR00000wjnOxYAI,The Davenport,Sales_Status,Contact Pending,,
006WR00000wjnOyYAI,Sundial,Sales_Status,Contact Pending,,
006WR00000wjnOzYAI,Sunflower/Rio Salada Place Apartments,Sales_Status,Contact Pending,,
006WR00000wjnP0YAI,Villa Del Prado Apts,Sales_Status,Reached Out - Pending Response,,
006WR00000wjnP1YAI,Silver Spur Ranch (MHP),Sales_Status,Contact Pending,,
006WR00000wjnP2YAI,Mesa Sunset (MHP),Sales_Status,Contact Pending,,
006WR00000wjnP3YAI,Mountain View (MHP),Sales_Status,Contact Pending,,
006WR00000wjnP4YAI,Los Racimos Condos,Sales_Status,Contact Pending,,
006WR00000wjnP5YAI,The Residences at Mesa & Main,Sales_Status,Contact Pending,,
006WR00000wjnP6YAI,Saratoga Apartments,Sales_Status,Contact Pending,,
006WR00000wjnP7YAI,Elliot Place,Sales_Status,Contact Pending,,
006WR00000wjnP8YAI,Lincoln South Bank,Sales_Status,Contact Pending,,
006WR00000wjnP9YAI,Lakeside Villas,Sales_Status,Contact Pending,,
006WR00000wjnPAYAY,District at Cooley Station,Sales_Status,Contact Pending,,
006WR00000wjnPBYAY,Gilbert Commons,Sales_Status,Contact Pending,,
006WR00000wjnPCYAY,Norte Town Lake,Sales_Status,Contact Pending,,
006WR00000wjnPDYAY,Northbend,Sales_Status,Contact Pending,,
006WR00000wjnPEYAY,Marquis at Chandler,Sales_Status,Contact Pending,,
006WR00000wjnPFYAY,Skye Tempe,Sales_Status,Contact Pending,,
006WR00000wjnPGYAY,South Pier at Tempe Town Lake,Sales_Status,Contact Pending,,
006WR00000wjnPHYAY,The Curry Road Apartments,Sales_Status,Contact Pending,,
006WR00000wjnPIYAY,Tempe Cascade (MHP),Sales_Status,Contact Pending,,
006WR00000wjnPJYAY,St. James Manor Apartments,Sales_Status,Reached Out - Pending Response,,
006WR00000wjnPKYAY,Whelan Ranch Condominiums,Sales_Status,Reached Out - Pending Response,,
006WR00000wjnPLYAY,The Normandy,Sales_Status,Reached Out - Pending Response,,
006WR00000wjnPMYAY,The Mill,Sales_Status,Contact Pending,,
006WR00000wjnPNYAY,Cypress Pointe II Senior Housing,Sales_Status,Contact Pending,,
006WR00000wjnPOYAY,Riviera Court,Sales_Status,Reached Out - Pending Response,,
006WR00000wjnPPYAY,Hamburg MHP,Sales_Status,Contact Pending,,
006WR00000wjnPQYAY,Chaucer Estates,Sales_Status,Contact Pending,,
006WR00000wjnPRYAY,Cedar Creek,Sales_Status,Contact Pending,,
006WR00000wjnPSYAY,Hillside CP LLC,Sales_Status,Contact Pending,,
006WR00000wjnPTYAY,North Bay Estates,Sales_Status,Contact Pending,,
006WR00000wjnPUYAY,Fredonia Estates CP LLC,Sales_Status,Contact Pending,,
006WR00000wjnPVYAY,"Forest MHP, LLC",Sales_Status,Contact Pending,,
006WR00000wjnPWYAY,Lynchburg (fka Suburban Trailer Town),Sales_Status,Contact Pending,,
006WR00000wjnPXYAY,Lake Side MHC (Part of Buckeye Lake MHP above),Sales_Status,Contact Pending,,
006WR00000wjnPYYAY,Morgantown Hills (Jarret Brothers),Sales_Status,Contact Pending,,
006WR00000wjnPZYAY,Fairplay MHP,Sales_Status,Contact Pending,,
006WR00000wjnPaYAI,Gold Pan MHP,Sales_Status,Contact Pending,,
006WR00000wjnPbYAI,Dotsero MHP,Sales_Status,Contact Pending,,
006WR00000wjnPcYAI,Greeley RV Park,Sales_Status,Contact Pending,,
006WR00000wjnPdYAI,Walnut Manor,Sales_Status,Contact Pending,,
006WR00000wjnPeYAI,Oxford Woods,Sales_Status,Contact Pending,,
006WR00000wjnPfYAI,Stanton Hills MHP,Sales_Status,Contact Pending,,
006WR00000wjnPgYAI,Sandy Hills Estates,Sales_Status,Contact Pending,,
006WR00000wjnPhYAI,Riverbend Estates (Oakridge),Sales_Status,Contact Pending,,
006WR00000wjnPiYAI,RV Retreat,Sales_Status,Contact Pending,,
006WR00000wjnPjYAI,Beaver Dam,Sales_Status,Contact Pending,,
006WR00000wjnPkYAI,City Gate,Sales_Status,Contact Pending,,
006WR00000wjnkrYAA,Landmark on Lovers,Sales_Status,Contact Pending,,
006WR00000wjnksYAA,Berkshire Auburn,Sales_Status,Contact Pending,,
006WR00000wjnktYAA,Andulusian Gate,Sales_Status,Reached Out - Pending Response,,
006WR00000wjnkuYAA,South Side Flats,Sales_Status,Contact Pending,,
006WR00000wjnkvYAA,Berkshire Amber,Sales_Status,Contact Pending,,
006WR00000wjnkwYAA,Stonegate Apts,Sales_Status,Contact Pending,,
006WR00000wjnkxYAA,Fiesta Park Village Condos,Sales_Status,Contact Pending,,
006WR00000wjnkyYAA,Fiesta Village Furnished Apts,Sales_Status,Contact Pending,,
006WR00000wjnkzYAA,Shorebird,Sales_Status,Reached Out - Pending Response,,
006WR00000wjnl0YAA,Country Cousins Mobile Home & RV Park,Sales_Status,Contact Pending,,
006WR00000wjnl1YAA,Skyline Trinity,Sales_Status,Contact Pending,,
006WR00000wjnl2YAA,Broadstone 51/51,Sales_Status,Reached Out - Pending Response,,
006WR00000wjnl3YAA,Larq Henderson,Sales_Status,Reached Out - Pending Response,,
006WR00000wjnl4YAA,Camden Belmont,Sales_Status,Contact Pending,,
006WR00000wjnl5YAA,Buckeye Trails Commons,Sales_Status,Reached Out - Pending Response,,
006WR00000wjnl6YAA,Melody Villa Condominiums,Sales_Status,Reached Out - Pending Response,,
006WR00000wjnl7YAA,Ponderosa Pine Apartments (Pine Gardens),Sales_Status,Reached Out - Pending Response,,
006WR00000wjnl8YAA,Alexan Lower Greenville,Sales_Status,Reached Out - Pending Response,,
006WR00000wjnl9YAA,New Village at Lakewest,Sales_Status,Reached Out - Pending Response,,
006WR00000wjnlAYAQ,Alara Uptown,Sales_Status,Contact Pending,,
006WR00000wjnlBYAQ,Bishop North,Sales_Status,Contact Pending,,
006WR00000wjnlCYAQ,Thirty377,Sales_Status,Contact Pending,,
006WR00000wjnlDYAQ,Stella,Sales_Status,Contact Pending,,
006WR00000wjnlEYAQ,The Monterey,Sales_Status,Reached Out - Pending Response,,
006WR00000wjnlFYAQ,Temple View Condos,Sales_Status,Contact Pending,,
006WR00000wjnlGYAQ,Tamarron Village,Sales_Status,Contact Pending,,
006WR00000wjnlHYAQ,Four Mile Village Condominium Association,Sales_Status,Contact Pending,,
006WR00000wjnlIYAQ,Pearl Studios,Sales_Status,Contact Pending,,
006WR00000wjnlJYAQ,Portola East Mesa,Sales_Status,Reached Out - Pending Response,,
006WR00000wjnlKYAQ,Tremont Sr Apartment Homes,Sales_Status,Reached Out - Pending Response,,
006WR00000wjnlLYAQ,Ridge Point,Sales_Status,Reached Out - Pending Response,,
006WR00000wjnlMYAQ,Riverside Apartments,Sales_Status,Reached Out - Pending Response,,
006WR00000wjnlNYAQ,Riverside Mobile Estates,Sales_Status,Contact Pending,,
006WR00000wjnlOYAQ,Chaska Place Apartments,Sales_Status,Reached Out - Pending Response,,
006WR00000wjnlPYAQ,Seven Palms,Sales_Status,Contact Pending,,
006WR00000wjnlQYAQ,Marina South at Cape Harbor,Sales_Status,Contact Pending,,
006WR00000wjnlRYAQ,Lodges at Deer Valley,Sales_Status,Reached Out - Pending Response,,
006WR00000wjnlSYAQ,Dolce Vita,Sales_Status,Contact Pending,,
006WR00000wjnlTYAQ,Heather Brook Apartments,Sales_Status,Reached Out - Pending Response,,
006WR00000wjnlVYAQ,MAA Copper Ridge,Sales_Status,Reached Out - Pending Response,,
006WR00000wjnlWYAQ,MAA Watermark,Sales_Status,Reached Out - Pending Response,,
006WR00000wjnlXYAQ,MAA Boulder Ridge,Sales_Status,Reached Out - Pending Response,,
006WR00000wjnlZYAQ,Bentley By Broadmoor,Sales_Status,Reached Out - Pending Response,,
006WR00000wjnlaYAA,The Colonial Apartments Broadmoor,Sales_Status,Reached Out - Pending Response,,
006WR00000wjnlbYAA,Bellrock Crystal Springs Apartments,Sales_Status,Contact Pending,,
006WR00000wjnldYAA,Town and Country Apartments,Sales_Status,Contact Pending,,
006WR00000wjnlfYAA,"Cardinal Farms Subdivision, Phase 1",Sales_Status,Reached Out - Pending Response,,
006WR00000wjnlgYAA,Catalina Ridge,Sales_Status,Contact Pending,,
006WR00000wjnlhYAA,Island Palms,Sales_Status,Reached Out - Pending Response,,
006WR00000wjnliYAA,The Highlands at Brentwood,Sales_Status,Contact Pending,,
006WR00000wjnlkYAA,Seventeen 805,Sales_Status,Contact Pending,,
006WR00000wjnllYAA,Country Club Commons,Sales_Status,Reached Out - Pending Response,,
006WR00000wjnlmYAA,Gold Run Condos,Sales_Status,Reached Out - Pending Response,,
006WR00000wjnlnYAA,Country View Garden Homes,Sales_Status,Reached Out - Pending Response,,
006WR00000wjnloYAA,Outrigger Village,Sales_Status,Contact Pending,,
006WR00000wjnlpYAA,Bella Vista LOST,Sales_Status,Reached Out - Pending Response,,
006WR00000wjnlqYAA,Cedar Park Apartments [WA],Sales_Status,Reached Out - Pending Response,,
006WR00000wjnlrYAA,Oak Haven RV,Sales_Status,Reached Out - Pending Response,,
006WR00000wjnlsYAA,The Residences of Holland Lake,Sales_Status,Reached Out - Pending Response,,
006WR00000wjnltYAA,Residences at Holly Oaks,Sales_Status,Contact Pending,,
006WR00000wjnlvYAA,Triple Crown Estates,Sales_Status,Reached Out - Pending Response,,
006WR00000wjnlwYAA,The Ridge Apartments,Sales_Status,Reached Out - Pending Response,,
006WR00000wjnlxYAA,Montana Condos,Sales_Status,Reached Out - Pending Response,,
006WR00000wjnlyYAA,Vintage Hill Coop of Prairie Trail,Sales_Status,Reached Out - Pending Response,,
006WR00000wjnlzYAA,Perrine Court Apartments,Sales_Status,Reached Out - Pending Response,,
006WR00000wjnm0YAA,O'Malley Apartments,Sales_Status,Reached Out - Pending Response,,
006WR00000wjnm1YAA,Graymayre Crossing [LOST],Sales_Status,Contact Pending,,
006WR00000wjnm2YAA,Park Capitol Apartments,Sales_Status,Contact Pending,,
006WR00000wjnm3YAA,Winchester Court,Sales_Status,Contact Pending,,
006WR00000wjnm4YAA,Loggerhead Cay,Sales_Status,Contact Pending,,
006WR00000wjnm5YAA,Lincoln Village,Sales_Status,Reached Out - Pending Response,,
006WR00000wjnm6YAA,Mission View Manor West,Sales_Status,Reached Out - Pending Response,,
006WR00000wjnm7YAA,Westerly,Sales_Status,Contact Pending,,
006WR00000wjnm8YAA,Destinations Alexander,Sales_Status,Reached Out - Pending Response,,
006WR00000wjnm9YAA,Rosewood Club,Sales_Status,Contact Pending,,
006WR00000wjnmAYAQ,The Cornelius,Sales_Status,Reached Out - Pending Response,,
006WR00000wjnmBYAQ,Habitat Apartments [LOST],Sales_Status,Reached Out - Pending Response,,
006WR00000wjnmCYAQ,Summit Townomes,Sales_Status,Contact Pending,,
006WR00000wjnmDYAQ,Spring Haven RV resort,Sales_Status,Reached Out - Pending Response,,
006WR00000wjnmEYAQ,Horizon Senior Apartments,Sales_Status,Contact Pending,,
006WR00000wjnmFYAQ,Crescent Ridge Apartments,Sales_Status,Reached Out - Pending Response,,
006WR00000wjnmGYAQ,Colonial Square,Sales_Status,Reached Out - Pending Response,,
006WR00000wjnmHYAQ,Mesa Grande MHP-110 Spaces,Sales_Status,Reached Out - Pending Response,,
006WR00000wjnmIYAQ,The Port Apartments,Sales_Status,Reached Out - Pending Response,,
006WR00000wjnmJYAQ,Moda Shoreline,Sales_Status,Contact Pending,,
006WR00000wjqCNYAY,Frankford Flats,Sales_Status,Contact Pending,,
006WR00000wjqCOYAY,Summit Park Apartments,Sales_Status,Reached Out - Pending Response,,
006WR00000wjqCPYAY,Villas of Josey Ranch,Sales_Status,Contact Pending,,
006WR00000wjqCQYAY,Greenbriar Park,Sales_Status,Contact Pending,,
006WR00000wjqCRYAY,The Timbers Apartment Homes,Sales_Status,Contact Pending,,
006WR00000wjqCSYAY,Walnut Creek Apartments,Sales_Status,Reached Out - Pending Response,,
006WR00000wjqCTYAY,Winsted at White Rock Lake Apartments,Sales_Status,Contact Pending,,
006WR00000wjqCUYAY,Skye at Love,Sales_Status,Contact Pending,,
006WR00000wjqCVYAY,Overlook at Bear Creek,Sales_Status,Contact Pending,,
006WR00000wjqCWYAY,Pike West Commerce,Sales_Status,Reached Out - Pending Response,,
006WR00000wjqCXYAY,Northaven Terrace,Sales_Status,Reached Out - Pending Response,,
006WR00000wjqCYYAY,Josey Place Apartments,Sales_Status,Contact Pending,,
006WR00000wjqCZYAY,Monarch Pass,Sales_Status,Contact Pending,,
006WR00000wjqCaYAI,Horizons at Sunridge,Sales_Status,Contact Pending,,
006WR00000wjqCbYAI,The Carling on Frankford,Sales_Status,Contact Pending,,
006WR00000wjqCcYAI,Peters Colony apartments,Sales_Status,Reached Out - Pending Response,,
006WR00000wjqCdYAI,Switchyard,Sales_Status,Contact Pending,,
006WR00000wjqCeYAI,The Isaac,Sales_Status,Contact Pending,,
006WR00000wjqCgYAI,Parks on the Green,Sales_Status,Contact Pending,,
006WR00000wjqChYAI,Gates de Provence,Sales_Status,Contact Pending,,
006WR00000wjqCiYAI,Modera Walsh,Sales_Status,Contact Pending,,
006WR00000wjqCjYAI,Edentree Apatments,Sales_Status,Reached Out - Pending Response,,
006WR00000wjqCkYAI,Monaco on the Trail,Sales_Status,Contact Pending,,
006WR00000wjqClYAI,The Stream at High Pointe,Sales_Status,Contact Pending,,
006WR00000wjqCmYAI,Treymore North,Sales_Status,Reached Out - Pending Response,,
006WR00000wjqCnYAI,The Burgundy Condos and Apartments,Sales_Status,Reached Out - Pending Response,,
006WR00000wjqCoYAI,Galleria Townhomes,Sales_Status,Contact Pending,,
006WR00000wjqCpYAI,Lynn Villa APartments,Sales_Status,Reached Out - Pending Response,,
006WR00000wjqCqYAI,Preston Village,Sales_Status,Contact Pending,,
006WR00000wjqCrYAI,Midtown,Sales_Status,Contact Pending,,
006WR00000wjqCsYAI,Trinity Mills Apartments,Sales_Status,Contact Pending,,
006WR00000wjqCtYAI,IMT Prestonwood,Sales_Status,Contact Pending,,
006WR00000wjqCuYAI,River Junction,Sales_Status,Reached Out - Pending Response,,
006WR00000wjqCvYAI,The Edge at Glade Parks,Sales_Status,Reached Out - Pending Response,,
006WR00000wjqCwYAI,Enclave at Bear Creek,Sales_Status,Contact Pending,,
006WR00000wjqCxYAI,Lux on Main,Sales_Status,Reached Out - Pending Response,,
006WR00000wjqCyYAI,The Georgian,Sales_Status,Contact Pending,,
006WR00000wjqCzYAI,Northhaven Apartments,Sales_Status,Contact Pending,,
006WR00000wjqD0YAI,Wildwood Villas,Sales_Status,Contact Pending,,
006WR00000wjqD1YAI,LaSalle,Sales_Status,Contact Pending,,
006WR00000wjqD2YAI,Greyson's Gate,Sales_Status,Contact Pending,,
006WR00000wjqD3YAI,Midway Urban Village,Sales_Status,Contact Pending,,
006WR00000wjqD4YAI,Windsor Westbridge,Sales_Status,Contact Pending,,
006WR00000wjqD5YAI,Villas del Zocalo,Sales_Status,Contact Pending,,
006WR00000wjqD7YAI,Spanish Villas,Sales_Status,Contact Pending,,
006WR00000wjqD8YAI,Tides on Larga,Sales_Status,Contact Pending,,
006WR00000wjqD9YAI,Summit Ridge,Sales_Status,Contact Pending,,
006WR00000wjqDAYAY,Trinity Square,Sales_Status,Contact Pending,,
006WR00000wjqDBYAY,LYV Broadway,Sales_Status,Reached Out - Pending Response,,
006WR00000wjqDCYAY,The Gardens Of Josey Lane,Sales_Status,Contact Pending,,
006WR00000wjqDDYAY,The Drake on Summit,Sales_Status,Contact Pending,,
006WR00000wjqDEYAY,Ridgeline Townhomes,Sales_Status,Contact Pending,,
006WR00000wjqDFYAY,The Continental,Sales_Status,Contact Pending,,
006WR00000wjqDGYAY,Treymore at Cityplace,Sales_Status,Contact Pending,,
006WR00000wjqDHYAY,Sevilla Condos,Sales_Status,Contact Pending,,
006WR00000wjqDIYAY,The Village Dakota,Sales_Status,Contact Pending,,
006WR00000wjqDJYAY,Villa Siena Apartments,Sales_Status,Contact Pending,,
006WR00000wjqDKYAY,Heritage at Brentwood,Sales_Status,Contact Pending,,
006WR00000wjqDLYAY,Keller Oaks,Sales_Status,Reached Out - Pending Response,,
006WR00000wjqDMYAY,Frankford Station,Sales_Status,Reached Out - Pending Response,,
006WR00000wjqDNYAY,The Brooke Apartments,Sales_Status,Contact Pending,,
006WR00000wjqDOYAY,The Katy,Sales_Status,Contact Pending,,
006WR00000wjqDPYAY,Hazel by the Galleria,Sales_Status,Contact Pending,,
006WR00000wjqDQYAY,Yorktown Luxary Apartments,Sales_Status,Contact Pending,,
006WR00000wjqDRYAY,Vance at Bishop Union,Sales_Status,Contact Pending,,
006WR00000wjqDSYAY,The Lockley,Sales_Status,Contact Pending,,
006WR00000wjqDTYAY,Rise 120,Sales_Status,Contact Pending,,
006WR00000wjqDUYAY,Embry,Sales_Status,Contact Pending,,
006WR00000wjqDVYAY,Lone Star Gas Lofts,Sales_Status,Contact Pending,,
006WR00000wjqDWYAY,LTD West Commerce,Sales_Status,Contact Pending,,
006WR00000wjqDXYAY,Newsome Homes,Sales_Status,Reached Out - Pending Response,,
006WR00000wjqDYYAY,Rocklyn Apartments,Sales_Status,Contact Pending,,
006WR00000wjqDZYAY,Heatherstone Apartments,Sales_Status,Reached Out - Pending Response,,
006WR00000wjqDaYAI,Vail Quarters,Sales_Status,Contact Pending,,
006WR00000wjqDbYAI,Sterlingshire Apartments,Sales_Status,Reached Out - Pending Response,,
006WR00000wjqDcYAI,Vail Village Club Apartments,Sales_Status,Reached Out - Pending Response,,
006WR00000wjqDdYAI,The Brisco,Sales_Status,Contact Pending,,
006WR00000wjqDeYAI,Windsor Turtle Creek,Sales_Status,Reached Out - Pending Response,,
006WR00000wjqDfYAI,Modera Georgetown,Sales_Status,Reached Out - Pending Response,,
006WR00000wjqDgYAI,Victor Prosper,Sales_Status,Contact Pending,,
006WR00000wjqDhYAI,Wildwood,Sales_Status,Contact Pending,,
006WR00000wjqDiYAI,Palencia,Sales_Status,Contact Pending,,
006WR00000wjqDjYAI,Vinewood Apartments,Sales_Status,Contact Pending,,
006WR00000wjqDkYAI,Oaks at Creekside,Sales_Status,Contact Pending,,
006WR00000wjqDlYAI,The Woods of Five Mile Creek,Sales_Status,Contact Pending,,
006WR00000wjqDmYAI,Pinnacle Ridge,Sales_Status,Contact Pending,,
006WR00000wjqDnYAI,Park Hill Apartments,Sales_Status,Contact Pending,,
006WR00000wjqDoYAI,Ridge Parc,Sales_Status,Reached Out - Pending Response,,
006WR00000wjqDpYAI,Villas on the Hill,Sales_Status,Contact Pending,,
006WR00000wjqDqYAI,The Mark at Midtown Park,Sales_Status,Contact Pending,,
006WR00000wjqDrYAI,The Tallows Apartments,Sales_Status,Reached Out - Pending Response,,
006WR00000wjqDsYAI,Pleasant Run Apartments,Sales_Status,Reached Out - Pending Response,,
006WR00000wjqDtYAI,Windsor West Lemon,Sales_Status,Contact Pending,,
006WR00000wjqDuYAI,Gallery at Turtle Creek,Sales_Status,Contact Pending,,
006WR00000wjqDvYAI,Gables Villa Rosa,Sales_Status,Contact Pending,,
006WR00000wjqDwYAI,Eleven10 at Farmers Market Apartments,Sales_Status,Contact Pending,,
006WR00000wk3O6YAI,Estates at East Riverside,Sales_Status,Reached Out - Pending Response,,
006WR00000wk3O7YAI,Stone Vista,Sales_Status,Contact Pending,,
006WR00000wk3O8YAI,Elm Grove Estates,Sales_Status,Contact Pending,,
006WR00000wk3O9YAI,Icon Apartments,Sales_Status,Reached Out - Pending Response,,
006WR00000wk3OAYAY,El Camino 76 Mobile Estates,Sales_Status,Reached Out - Pending Response,,
006WR00000wk3OBYAY,Village Park Apartments,Sales_Status,Contact Pending,,
006WR00000wk3OCYAY,The Hamptons,Sales_Status,Reached Out - Pending Response,,
006WR00000wk3ODYAY,Terra Vida Apts,Sales_Status,Reached Out - Pending Response,,
006WR00000wk3OEYAY,The Palms at Augusta Ranch,Sales_Status,Contact Pending,,
006WR00000wk3OFYAY,Pala Mesa Apartments,Sales_Status,Reached Out - Pending Response,,
006WR00000wk3OGYAY,The Enclave at Gilbert Senior Living,Sales_Status,Contact Pending,,
006WR00000wk3OHYAY,Riggs Circle,Sales_Status,Contact Pending,,
006WR00000wk3OIYAY,The Springs at Alta Mesa,Sales_Status,Reached Out - Pending Response,,
006WR00000wk3OJYAY,The Bronte East,Sales_Status,Reached Out - Pending Response,,
006WR00000wk3OKYAY,The Heritage,Sales_Status,Contact Pending,,
006WR00000wk3OLYAY,Skyline at Cooley Station,Sales_Status,Contact Pending,,
006WR00000wk3OMYAY,University Palms Apartments,Sales_Status,Reached Out - Pending Response,,
006WR00000wk3ONYAY,Southwest Villas,Sales_Status,Reached Out - Pending Response,,
006WR00000wk3OOYAY,The Mark at 87,Sales_Status,Reached Out - Pending Response,,
006WR00000wk3OPYAY,The Pacifica,Sales_Status,Contact Pending,,
006WR00000wk3OQYAY,Williams Gateway,Sales_Status,Reached Out - Pending Response,,
006WR00000wk3ORYAY,Tides at Mesa,Sales_Status,Reached Out - Pending Response,,
006WR00000wk3OSYAY,Serrano Gardens,Sales_Status,Reached Out - Pending Response,,
006WR00000wk3OTYAY,Trails at Harris,Sales_Status,Reached Out - Pending Response,,
006WR00000wk3OUYAY,Tides on Gilbert West,Sales_Status,Reached Out - Pending Response,,
006WR00000wk3OVYAY,Wintercove Apartments,Sales_Status,Contact Pending,,
006WR00000wk3OWYAY,Paradise Palms-100 Spaces,Sales_Status,Reached Out - Pending Response,,
006WR00000wk3OXYAY,Tides on Southern,Sales_Status,Reached Out - Pending Response,,
006WR00000wk3OYYAY,The Village at Lindsay Park Apartments,Sales_Status,Contact Pending,,
006WR00000wk3OZYAY,Superstition Canyon Luxury Apartments,Sales_Status,Contact Pending,,
006WR00000wk3OaYAI,The Courtyards,Sales_Status,Reached Out - Pending Response,,
006WR00000wk3ObYAI,Valor on Eighth,Sales_Status,Contact Pending,,
006WR00000wk3OcYAI,Village at Royal Palms,Sales_Status,Contact Pending,,
006WR00000wk3OdYAI,Sands Apartments,Sales_Status,Reached Out - Pending Response,,
006WR00000wk3OeYAI,Palm Shadows Apartments,Sales_Status,Contact Pending,,
006WR00000wk3OfYAI,Page Commons,Sales_Status,Reached Out - Pending Response,,
006WR00000wk3OgYAI,Summit Lake,Sales_Status,Contact Pending,,
006WR00000wk3OhYAI,Westwood Townhomes,Sales_Status,Reached Out - Pending Response,,
006WR00000wk3OiYAI,Skyline Park,Sales_Status,Contact Pending,,
006WR00000wk3OjYAI,Villas Valencia Townhouses,Sales_Status,Contact Pending,,
006WR00000wk3OkYAI,Genoa Lakes,Sales_Status,Reached Out - Pending Response,,
006WR00000wk3OlYAI,Ventana Estates,Sales_Status,Reached Out - Pending Response,,
006WR00000wk3OmYAI,Stone Canyon Apartments,Sales_Status,Reached Out - Pending Response,,
006WR00000wk3OnYAI,Indigo Lofts,Sales_Status,Reached Out - Pending Response,,
006WR00000wk3OoYAI,Wasatch Club,Sales_Status,Reached Out - Pending Response,,
006WR00000wk3OpYAI,Chandler Ridge,Sales_Status,Reached Out - Pending Response,,
006WR00000wk3OqYAI,Deserama Mobile Home Community,Sales_Status,Reached Out - Pending Response,,
006WR00000wk3OrYAI,Orangewood Shadows RV Resort,Sales_Status,Reached Out - Pending Response,,
006WR00000wk3OsYAI,Seyenna Vistas,Sales_Status,Reached Out - Pending Response,,
006WR00000wk3OtYAI,Windhaven III,Sales_Status,Reached Out - Pending Response,,
006WR00000wk3OuYAI,Palm Harbor Estates,Sales_Status,Reached Out - Pending Response,,
006WR00000wk3OvYAI,Tides at Chandler,Sales_Status,Reached Out - Pending Response,,
006WR00000wk3OwYAI,Azure Wexford Apartments,Sales_Status,Contact Pending,,
006WR00000wk3OxYAI,Biltmore Palms Condominium,Sales_Status,Contact Pending,,
006WR00000wk3OyYAI,Campus View,Sales_Status,Contact Pending,,
006WR00000wk3OzYAI,Bridgemoor Apartments,Sales_Status,Reached Out - Pending Response,,
006WR00000wk3P0YAI,Fountain Springs Apartments,Sales_Status,Contact Pending,,
006WR00000wk3P1YAI,Tela Verde,Sales_Status,Contact Pending,,
006WR00000wk3P2YAI,Westdale Court Apartments,Sales_Status,Contact Pending,,
006WR00000wk3P3YAI,Whitewater II,Sales_Status,Contact Pending,,
006WR00000wk3P4YAI,River House at the Trailhead,Sales_Status,Contact Pending,,
006WR00000wk3P5YAI,Sapphire on the Talbot,Sales_Status,Contact Pending,,
006WR00000wk3P6YAI,Shady Oaks,Sales_Status,Reached Out - Pending Response,,
006WR00000wk3P8YAI,Gateway Northwest Apartments,Sales_Status,Reached Out - Pending Response,,
006WR00000wk3P9YAI,The Hudson at Killeen,Sales_Status,Reached Out - Pending Response,,
006WR00000wk3PAYAY,The Stella,Sales_Status,Reached Out - Pending Response,,
006WR00000wk3PBYAY,Independence Place,Sales_Status,Reached Out - Pending Response,,
006WR00000wk3PCYAY,Silverway Apartments,Sales_Status,Reached Out - Pending Response,,
006WR00000wk3PDYAY,The Arbors of Taylor,Sales_Status,Reached Out - Pending Response,,
006WR00000wk3PEYAY,El Dorado Apartments,Sales_Status,Contact Pending,,
006WR00000wk3PFYAY,Liberty Manor,Sales_Status,Reached Out - Pending Response,,
006WR00000wk3PIYAY,The Foundry Apartments,Sales_Status,Contact Pending,,
006WR00000wk3PKYAY,Be Mesa,Sales_Status,Reached Out - Pending Response,,
006WR00000wk3PLYAY,Clay Gardens Apartments,Sales_Status,Contact Pending,,
006WR00000wk3PMYAY,Laguna Knolls Apartments,Sales_Status,Contact Pending,,
006WR00000wk3PNYAY,Park West Townhouses,Sales_Status,Contact Pending,,
006WR00000wk3POYAY,Lachen Tara Apartments,Sales_Status,Contact Pending,,
006WR00000wk3PPYAY,Villas at Higuera,Sales_Status,Contact Pending,,
006WR00000wk3PQYAY,Quail Ridge Apartments,Sales_Status,Contact Pending,,
006WR00000wk3PRYAY,Birchwood,Sales_Status,Contact Pending,,
006WR00000wk3PSYAY,Hidden Oaks,Sales_Status,Contact Pending,,
006WR00000wk3PTYAY,Cloverdale Garden,Sales_Status,Contact Pending,,
006WR00000wk3PUYAY,Corning Apts,Sales_Status,Contact Pending,,
006WR00000wk3PVYAY,Maywood Apartments,Sales_Status,Contact Pending,,
006WR00000wk3PWYAY,Bardsley Garden,Sales_Status,Contact Pending,,
006WR00000wk3PXYAY,Willows Apartments,Sales_Status,Contact Pending,,
006WR00000wk3PYYAY,Marisol Apartments,Sales_Status,Contact Pending,,
006WR00000wk3PZYAY,Shoreline Apartments,Sales_Status,Contact Pending,,
006WR00000wk3PaYAI,Three Crown Apartments,Sales_Status,Contact Pending,,
006WR00000wk3PbYAI,Pinecrest Apartments,Sales_Status,Contact Pending,,
006WR00000wk3PcYAI,D Street Apartments,Sales_Status,Contact Pending,,
006WR00000wk3PdYAI,Redwood Highway Apartments,Sales_Status,Contact Pending,,
006WR00000wk3PeYAI,La Brea Apartments,Sales_Status,Contact Pending,,
006WR00000wk3PfYAI,College Park,Sales_Status,Contact Pending,,
006WR00000wk3PgYAI,The Ridge,Sales_Status,Contact Pending,,
006WR00000wk9RxYAI,Hazel Park,Sales_Status,Contact Pending,,
006WR00000wk9RzYAI,Chateau Apartments,Sales_Status,Reached Out - Pending Response,,
006WR00000wk9S1YAI,Sunterra Apartments,Sales_Status,Reached Out - Pending Response,,
006WR00000wk9S2YAI,The Veranda at Twin Creek Apartments,Sales_Status,Reached Out - Pending Response,,
006WR00000wk9S3YAI,Woodglen Square l,Sales_Status,Reached Out - Pending Response,,
006WR00000wk9S4YAI,Skyview Townhomes,Sales_Status,Reached Out - Pending Response,,
006WR00000wk9S6YAI,Hidden Valley Apartments,Sales_Status,Reached Out - Pending Response,,
006WR00000wk9S7YAI,Park Village West,Sales_Status,Reached Out - Pending Response,,
006WR00000wk9S8YAI,Capitol Ave Apartments,Sales_Status,Reached Out - Pending Response,,
006WR00000wk9S9YAI,Davenport Apartments,Sales_Status,Reached Out - Pending Response,,
006WR00000wk9SAYAY,Artistry on 10th,Sales_Status,Reached Out - Pending Response,,
006WR00000wk9SBYAY,Enclave Villas Condominiums,Sales_Status,Reached Out - Pending Response,,
006WR00000wk9SCYAY,Cabrillo Apartments,Sales_Status,Reached Out - Pending Response,,
006WR00000wk9SDYAY,Meadow Glen Mobile Home Park,Sales_Status,Reached Out - Pending Response,,
006WR00000wk9SFYAY,Sun View,Sales_Status,Reached Out - Pending Response,,
006WR00000wk9SHYAY,Atria Villa Apartments,Sales_Status,Reached Out - Pending Response,,
006WR00000wk9SKYAY,Bayshore at Agua Hedionda,Sales_Status,Contact Pending,,
006WR00000wk9SMYAY,Wolf Lodge Condos,Sales_Status,Reached Out - Pending Response,,
006WR00000wk9SNYAY,Equinox on Columbus,Sales_Status,Contact Pending,,
006WR00000wk9SOYAY,Plumwood Terrace HOA,Sales_Status,Reached Out - Pending Response,,
006WR00000wk9SPYAY,Timberland at Crestbruck Park 1_Lumen IA_Bryce,Sales_Status,Reached Out - Pending Response,,
006WR00000wk9SQYAY,Timberland at Crestbruck Park 2_Lumen IA_Bryce,Sales_Status,Reached Out - Pending Response,,
006WR00000wk9SRYAY,Ashley Square _Lumen IA_Bryce,Sales_Status,Reached Out - Pending Response,,
006WR00000wk9STYAY,Stone Ranch,Sales_Status,Reached Out - Pending Response,,
006WR00000wk9SUYAY,Kachina Apartments,Sales_Status,Reached Out - Pending Response,,
006WR00000wk9SVYAY,Cottonwood Crossings,Sales_Status,Contact Pending,,
006WR00000wk9SWYAY,Sterling Point,Sales_Status,Contact Pending,,
006WR00000wk9SXYAY,Prospector's Point,Sales_Status,Reached Out - Pending Response,,
006WR00000wk9SaYAI,Dundee Court,Sales_Status,Reached Out - Pending Response,,
006WR00000wk9SbYAI,Benson Gardens Blvd,Sales_Status,Reached Out - Pending Response,,
006WR00000wk9ScYAI,Cass Street Apartments,Sales_Status,Reached Out - Pending Response,,
006WR00000wk9SeYAI,Ave at Johnston Commons,Sales_Status,Contact Pending,,
006WR00000wk9SfYAI,Georgetown Square Apartments,Sales_Status,Reached Out - Pending Response,,
006WR00000wk9SgYAI,Fisher's Mill,Sales_Status,Reached Out - Pending Response,,
006WR00000wk9ShYAI,Centennial Apartments,Sales_Status,Reached Out - Pending Response,,
006WR00000wk9SiYAI,Millennium Park Apartments,Sales_Status,Reached Out - Pending Response,,
006WR00000wk9SkYAI,Chalet Apartments,Sales_Status,Reached Out - Pending Response,,
006WR00000wk9SlYAI,Mariposa Apartment Homes at River Bend,Sales_Status,Reached Out - Pending Response,,
006WR00000wk9SmYAI,Golden Vista RV Resort,Sales_Status,Reached Out - Pending Response,,
006WR00000wk9SpYAI,Carmel Creekside,Sales_Status,Reached Out - Pending Response,,
006WR00000wk9SqYAI,Hunter's Glen Apartments,Sales_Status,Reached Out - Pending Response,,
006WR00000wk9SrYAI,Cottonwood Apartments East,Sales_Status,Reached Out - Pending Response,,
006WR00000wk9SsYAI,Sandpiper Pointe,Sales_Status,Reached Out - Pending Response,,
006WR00000wk9SuYAI,Riverside Villas,Sales_Status,Reached Out - Pending Response,,
006WR00000wk9SvYAI,Park_Place,Sales_Status,Reached Out - Pending Response,,
006WR00000wk9SxYAI,Cottonwood Apartments West,Sales_Status,Reached Out - Pending Response,,
006WR00000wk9SyYAI,Redwood Linden Oaks One,Sales_Status,Reached Out - Pending Response,,
006WR00000wk9SzYAI,Redwood Linden Oaks Two,Sales_Status,Reached Out - Pending Response,,
006WR00000wk9T0YAI,Redwood Havenwood One,Sales_Status,Reached Out - Pending Response,,
006WR00000wk9T1YAI,Redwood Havenwood Two,Sales_Status,Reached Out - Pending Response,,
006WR00000wk9T4YAI,La Costa Hills HOA,Sales_Status,Reached Out - Pending Response,,
006WR00000wk9T6YAI,Terrace Villa_Morris RE,Sales_Status,Reached Out - Pending Response,,
006WR00000wk9T7YAI,Village West Apartments_Morris RE,Sales_Status,Reached Out - Pending Response,,
006WR00000wk9T8YAI,Quail Hollow Apts_Morris RE,Sales_Status,Reached Out - Pending Response,,
006WR00000wk9T9YAI,Killeen_MDU_512 W Green Ave_Morris RE,Sales_Status,Reached Out - Pending Response,,
006WR00000wk9TAYAY,Arcadia Lofts,Sales_Status,Reached Out - Pending Response,,
006WR00000wk9TDYAY,Waters Edge Apartment Homes,Sales_Status,Reached Out - Pending Response,,
006WR00000wk9TFYAY,Creekwood Apartments,Sales_Status,Reached Out - Pending Response,,
006WR00000wk9THYAY,Canyon Club Apartments,Sales_Status,Reached Out - Pending Response,,
006WR00000wk9TIYAY,Stoney Brook Apartments,Sales_Status,Reached Out - Pending Response,,
006WR00000wk9TJYAY,Carlsbad View Apartments,Sales_Status,Reached Out - Pending Response,,
006WR00000wk9TKYAY,Ocean Hills Senior Living Apartments,Sales_Status,Reached Out - Pending Response,,
006WR00000wk9TLYAY,Oceana Apartment Homes,Sales_Status,Reached Out - Pending Response,,
006WR00000wk9TMYAY,Mira Mar Mobile Home Community,Sales_Status,Reached Out - Pending Response,,
006WR00000wk9TNYAY,Pierside South,Sales_Status,Reached Out - Pending Response,,
006WR00000wk9TOYAY,Boulevard Apartments,Sales_Status,Reached Out - Pending Response,,
006WR00000wk9TPYAY,Elan Milano,Sales_Status,Reached Out - Pending Response,,
006WR00000wk9TQYAY,Edson,Sales_Status,Reached Out - Pending Response,,
006WR00000wk9TRYAY,Elan Oceano at Rancho Del Oro,Sales_Status,Reached Out - Pending Response,,
006WR00000wk9TSYAY,Canyon Creek,Sales_Status,Reached Out - Pending Response,,
006WR00000wk9TTYAY,Ocean Vista Apartments,Sales_Status,Reached Out - Pending Response,,
006WR00000wk9TUYAY,Cavalier Mobile Estates,Sales_Status,Reached Out - Pending Response,,
006WR00000wk9TVYAY,Westwood Village,Sales_Status,Reached Out - Pending Response,,
006WR00000wk9TWYAY,Piazza D'Oro Townhomes,Sales_Status,Reached Out - Pending Response,,
006WR00000wk9TXYAY,River Oaks,Sales_Status,Reached Out - Pending Response,,
006WR00000wk9TYYAY,Pacific View,Sales_Status,Reached Out - Pending Response,,
006WR00000wk9TZYAY,Sunset View,Sales_Status,Reached Out - Pending Response,,
006WR00000wk9TaYAI,Parkside Villa Apartments,Sales_Status,Reached Out - Pending Response,,
006WR00000wk9TbYAI,Sofi Ocean Hills,Sales_Status,Reached Out - Pending Response,,
006WR00000wk9TcYAI,Shadow Way Apartments,Sales_Status,Reached Out - Pending Response,,
006WR00000wk9TdYAI,DeLuz Family Housing,Sales_Status,Reached Out - Pending Response,,
006WR00000wk9TeYAI,Aviara Apartments,Sales_Status,Reached Out - Pending Response,,
006WR00000wk9TfYAI,Santa Fe Ranch,Sales_Status,Reached Out - Pending Response,,
006WR00000wk9TgYAI,Hunters Pointe,Sales_Status,Reached Out - Pending Response,,
006WR00000wk9ThYAI,The Tradition,Sales_Status,Contact Pending,,
006WR00000wk9TiYAI,Portola Senior Housing,Sales_Status,Reached Out - Pending Response,,
006WR00000wk9TjYAI,Villas at Carlsbad,Sales_Status,Reached Out - Pending Response,,
006WR00000wk9TkYAI,Laurel Tree Apartments,Sales_Status,Reached Out - Pending Response,,
006WR00000wk9TlYAI,Lanikai Lane,Sales_Status,Reached Out - Pending Response,,
006WR00000wk9TmYAI,Mariposa Apartments,Sales_Status,Reached Out - Pending Response,,
006WR00000wk9TnYAI,Rising Glen,Sales_Status,Reached Out - Pending Response,,
006WR00000wk9ToYAI,Villa Loma Apartments,Sales_Status,Reached Out - Pending Response,,
006WR00000wk9TpYAI,Ocean View Terrace,Sales_Status,Reached Out - Pending Response,,
006WR00000wk9TqYAI,Legante Paseo,Sales_Status,Reached Out - Pending Response,,
006WR00000wk9TrYAI,The Rail at Georgetown,Sales_Status,Reached Out - Pending Response,,
006WR00000wk9TsYAI,Oaks At Georgetown,Sales_Status,Reached Out - Pending Response,,
006WR00000wk9TtYAI,Radius Wolf Ranch,Sales_Status,Reached Out - Pending Response,,
006WR00000wk9TuYAI,302 North,Sales_Status,Reached Out - Pending Response,,
006WR00000wk9TvYAI,Dobson Glen,Sales_Status,Reached Out - Pending Response,,
006WR00000wk9TwYAI,Dobson Villas,Sales_Status,Reached Out - Pending Response,,
006WR00000wk9TxYAI,La Jolla Cove Condos,Sales_Status,Reached Out - Pending Response,,
006WR00000wk9TyYAI,Brookside AMD Condos,Sales_Status,Reached Out - Pending Response,,
006WR00000wk9TzYAI,"Skyview Mesa Unit Two Homeowners Association, Mesa AZ",Sales_Status,Reached Out - Pending Response,,
006WR00000wk9U0YAI,Emelita Place,Sales_Status,Reached Out - Pending Response,,
006WR00000wk9U1YAI,CottonWood Villas Condominiums,Sales_Status,Contact Pending,,
006WR00000wk9U2YAI,Exchange on the 8,Sales_Status,Reached Out - Pending Response,,
006WR00000wk9U3YAI,Mesa Ridge Apartments,Sales_Status,Reached Out - Pending Response,,
006WR00000wk9U4YAI,Beacon at 601/Crestwood Apartments,Sales_Status,Contact Pending,,
006WR00000wk9U5YAI,Madera Point Apartments,Sales_Status,Reached Out - Pending Response,,
006WR00000wk9U6YAI,Central on Broadway Apartments,Sales_Status,Reached Out - Pending Response,,
006WR00000wk9U7YAI,Broadway Vista Apartments,Sales_Status,Reached Out - Pending Response,,
006WR00000wk9U8YAI,Mesa Coronado II,Sales_Status,Reached Out - Pending Response,,
006WR00000wk9UAYAY,The Flats Apts,Sales_Status,Reached Out - Pending Response,,
006WR00000wk9UBYAY,Continental Townhomes,Sales_Status,Reached Out - Pending Response,,
006WR00000wk9UCYAY,Sycamore Square,Sales_Status,Reached Out - Pending Response,,
006WR00000wk9UDYAY,Mesa Coronado Condos,Sales_Status,Reached Out - Pending Response,,
006WR00000wk9UEYAY,Fiesta Villas Condos,Sales_Status,Reached Out - Pending Response,,
006WR00000wk9UFYAY,Villa Fiesta Apts,Sales_Status,Reached Out - Pending Response,,
006WR00000wk9UGYAY,Paragon Place,Sales_Status,Reached Out - Pending Response,,
006WR00000wk9UHYAY,Pebble Creek Apartments,Sales_Status,Reached Out - Pending Response,,
006WR00000wk9UIYAY,Spanish Arcos Apartments,Sales_Status,Reached Out - Pending Response,,
006WR00000wk9UJYAY,Ovation at Tempe,Sales_Status,Reached Out - Pending Response,,
006WR00000wk9UKYAY,Hacienda de Valencia,Sales_Status,Reached Out - Pending Response,,
006WR00000wk9ULYAY,Cottages of Edina,Sales_Status,Reached Out - Pending Response,,
006WR00000wk9UNYAY,Enclave at Arrowhead Apartments,Sales_Status,Reached Out - Pending Response,,
006WR00000wk9UOYAY,The Orchard on Gilbert,Sales_Status,Reached Out - Pending Response,,
006WR00000wk9UPYAY,Marabrisa Condominiums,Sales_Status,Reached Out - Pending Response,,
006WR00000wk9UQYAY,Hunters Woods Apartments,Sales_Status,Reached Out - Pending Response,,
006WR00000wk9URYAY,Irving Schoolhouse,Sales_Status,Reached Out - Pending Response,,
006WR00000wk9USYAY,Ponderosa Apartments,Sales_Status,Reached Out - Pending Response,,
006WR00000wk9UUYAY,Park Village Apartments,Sales_Status,Reached Out - Pending Response,,
006WR00000wk9UZYAY,Bethlehem's Pioneer Place,Sales_Status,Contact Pending,,
006WR00000wk9UaYAI,Harris Gardens,Sales_Status,Contact Pending,,
006WR00000wk9UbYAI,The Meadows MHP,Sales_Status,Contact Pending,,
006WR00000wk9UcYAI,Legacy Trails Apartments,Sales_Status,Contact Pending,,
006WR00000wk9UdYAI,The Palms at South Mountain,Sales_Status,Reached Out - Pending Response,,
006WR00000wk9UeYAI,Ritz colony,Sales_Status,Reached Out - Pending Response,,
006WR00000wk9UfYAI,Sea Point Tennis Club at La Costa,Sales_Status,Reached Out - Pending Response,,
006WR00000wk9UgYAI,Firenze Apartments,Sales_Status,Contact Pending,,
006WR00000wk9UhYAI,Villas of La Costa,Sales_Status,Contact Pending,,
006WR00000wk9UiYAI,The Enclave,Sales_Status,Contact Pending,,
006WR00000wk9UjYAI,Casitas La Costa,Sales_Status,Contact Pending,,
006WR00000wk9UkYAI,Monarch Villas,Sales_Status,Reached Out - Pending Response,,
006WR00000wk9UlYAI,Tooele Gateway,Sales_Status,Reached Out - Pending Response,,
006WR00000wk9UmYAI,Essex Heights Apartments,Sales_Status,Reached Out - Pending Response,,
006WR00000wk9UnYAI,Encinitas Terrace Senior Apts,Sales_Status,Reached Out - Pending Response,,
006WR00000wk9UoYAI,Village Park Apartments,Sales_Status,Reached Out - Pending Response,,
006WR00000wk9UpYAI,Elan Pacifico,Sales_Status,Contact Pending,,
006WR00000wk9UqYAI,Elan Cardiff By the Sea Apartments,Sales_Status,Reached Out - Pending Response,,
006WR00000wk9UrYAI,West Hampton Cove,Sales_Status,Reached Out - Pending Response,,
006WR00000wk9UsYAI,Pacific Pines,Sales_Status,Reached Out - Pending Response,,
006WR00000wk9UtYAI,Regal View HOA,Sales_Status,Reached Out - Pending Response,,
006WR00000wk9UuYAI,Fox Point Farms,Sales_Status,Reached Out - Pending Response,,
006WR00000wk9UwYAI,The Maddox,Sales_Status,Reached Out - Pending Response,,
006WR00000wk9UxYAI,La Mirage Apartments (Tempe),Sales_Status,Contact Pending,,
006WR00000wk9UyYAI,Nines at Lakeside,Sales_Status,Contact Pending,,
006WR00000wk9UzYAI,Mira Santi,Sales_Status,Contact Pending,,
006WR00000wk9V0YAI,Carino Villas Condominiums,Sales_Status,Contact Pending,,
006WR00000wk9V1YAI,Villagio Apartment Homes,Sales_Status,Contact Pending,,
006WR00000wk9V2YAI,505 West Apartment Homes,Sales_Status,Contact Pending,,
006WR00000wk9V3YAI,Sentry Tempe,Sales_Status,Contact Pending,,
006WR00000wk9V4YAI,Rise at the Retreat,Sales_Status,Contact Pending,,
006WR00000wk9V5YAI,Lakeview at the Bay,Sales_Status,Contact Pending,,
006WR00000wk9V6YAI,Sono Tempe (Prev Tides at S Tempe),Sales_Status,Contact Pending,,
006WR00000wk9YLYAY,Watercrest Apartments,Sales_Status,Contact Pending,,
006WR00000wk9YMYAY,The Cove,Sales_Status,Contact Pending,,
006WR00000wk9YOYAY,Oregon 42,Sales_Status,Contact Pending,,
006WR00000wk9YPYAY,Cassi And Lyra,Sales_Status,Contact Pending,,
006WR00000wk9YQYAY,St James Tower Apartments,Sales_Status,Contact Pending,,
006WR00000wk9YRYAY,Images Springcreek,Sales_Status,Contact Pending,,
006WR00000wk9YSYAY,Lake Crest,Sales_Status,Contact Pending,,
006WR00000wk9YTYAY,Solana Beach and Tennis Club,Sales_Status,Contact Pending,,
006WR00000wk9YUYAY,Pioneer Ridge,Sales_Status,Contact Pending,,
006WR00000wk9YVYAY,Lomas Santa Fe Country Club Villas,Sales_Status,Contact Pending,,
006WR00000wk9YWYAY,The Reserve At Metolius,Sales_Status,Contact Pending,,
006WR00000wk9YXYAY,The Springs Apartments In Sisters,Sales_Status,Contact Pending,,
006WR00000wk9YYYAY,Park Winds,Sales_Status,Contact Pending,,
006WR00000wk9YZYAY,Prairie Winds,Sales_Status,Contact Pending,,
006WR00000wk9YaYAI,PrairieGrass at Jordan Creek,Sales_Status,Contact Pending,,
006WR00000wk9YbYAI,Mesa Senior Meadows,Sales_Status,Reached Out - Pending Response,,
006WR00000wk9YcYAI,PrairieGrass at Waukee,Sales_Status,Contact Pending,,
006WR00000wk9YdYAI,Redwood Altoona Linden Oaks One,Sales_Status,Contact Pending,,
006WR00000wk9YeYAI,Redwood Altoona Linden Oaks Two,Sales_Status,Contact Pending,,
006WR00000wk9YfYAI,Redwood Ankeny Havenwood One,Sales_Status,Contact Pending,,
006WR00000wk9YgYAI,The Village at Hampton Court,Sales_Status,Reached Out - Pending Response,,
006WR00000wk9YhYAI,Redwood Ankeny Havenwood Two,Sales_Status,Contact Pending,,
006WR00000wk9YiYAI,417 4TH AVE (Portfolio),Sales_Status,Contact Pending,,
006WR00000wk9YjYAI,Redwood Grimes,Sales_Status,Contact Pending,,
006WR00000wk9YkYAI,Redwood Waukee Somerset Oaks One,Sales_Status,Contact Pending,,
006WR00000wk9YlYAI,Redwood Waukee Somerset Oaks Two,Sales_Status,Contact Pending,,
006WR00000wk9YmYAI,Westbrook Gardens,Sales_Status,Contact Pending,,
006WR00000wk9YnYAI,Summerplace Apartments,Sales_Status,Contact Pending,,
006WR00000wk9YoYAI,Sunridge Apartments,Sales_Status,Contact Pending,,
006WR00000wk9YpYAI,Deer Creek Village,Sales_Status,Contact Pending,,
006WR00000wk9YqYAI,Desert Rose Apartments,Sales_Status,Contact Pending,,
006WR00000wk9YrYAI,Slate Canyon Apartments,Sales_Status,Contact Pending,,
006WR00000wk9YsYAI,Fox Meadow,Sales_Status,Contact Pending,,
006WR00000wk9YtYAI,The Lodge at Maple Grove,Sales_Status,Contact Pending,,
006WR00000wk9YuYAI,Westpointe,Sales_Status,Contact Pending,,
006WR00000wk9YvYAI,The Oaks Gracious Retirement Living,Sales_Status,Contact Pending,,
006WR00000wk9YwYAI,San Gabriel Senior Village Apartments,Sales_Status,Contact Pending,,
006WR00000wk9YxYAI,Fort Hood Family Housing,Sales_Status,Contact Pending,,
006WR00000wk9YzYAI,Northcliffe Duplexes,Sales_Status,Contact Pending,,
006WR00000wk9Z0YAI,Westwind of Killeen Apartments,Sales_Status,Reached Out - Pending Response,,
006WR00000wk9Z1YAI,Hyde Estates,Sales_Status,Reached Out - Pending Response,,
006WR00000wk9Z2YAI,The Brownstone at The Summit,Sales_Status,Contact Pending,,
006WR00000wk9Z3YAI,Georgetown heights,Sales_Status,Reached Out - Pending Response,,
006WR00000wk9Z4YAI,Taylor Square Apartments,Sales_Status,Reached Out - Pending Response,,
006WR00000wk9Z7YAI,Hillcrest Apartments,Sales_Status,Reached Out - Pending Response,,
006WR00000wk9Z8YAI,Stonehaven,Sales_Status,Reached Out - Pending Response,,
006WR00000wk9Z9YAI,Residences of Stillwater,Sales_Status,Contact Pending,,
006WR00000wk9ZAYAY,Allegro Apartment Homes,Sales_Status,Contact Pending,,
006WR00000wk9ZBYAY,Altamont Summit,Sales_Status,Contact Pending,,
006WR00000wk9ZCYAY,Alturas at Bell Tower,Sales_Status,Contact Pending,,
006WR00000wk9ZDYAY,Avalon Meydenbauer,Sales_Status,Contact Pending,,
006WR00000wk9ZEYAY,Avalon Towers,Sales_Status,Contact Pending,,
006WR00000wk9ZGYAY,Azure Creek,Sales_Status,Contact Pending,,
006WR00000wk9ZHYAY,Ballard on the Park,Sales_Status,Contact Pending,,
006WR00000wk9ZIYAY,Beau Rivage,Sales_Status,Contact Pending,,
006WR00000wk9ZJYAY,Bellaire Ranch,Sales_Status,Contact Pending,,
006WR00000wk9ZKYAY,Villa Storia,Sales_Status,Reached Out - Pending Response,,
006WR00000wk9ZLYAY,Old Grove,Sales_Status,Contact Pending,,
006WR00000wk9ZMYAY,Centre Ridge,Sales_Status,Reached Out - Pending Response,,
006WR00000wk9ZNYAY,Applewood Pointe Apartments,Sales_Status,Reached Out - Pending Response,,
006WR00000wk9ZOYAY,Capitol Place,Sales_Status,Reached Out - Pending Response,,
006WR00000wk9ZPYAY,Crossroads Village Apartments,Sales_Status,Reached Out - Pending Response,,
006WR00000wk9ZQYAY,Cambridge Villas,Sales_Status,Contact Pending,,
006WR00000wk9ZRYAY,Bluffs at Cherry Hills,Sales_Status,Contact Pending,,
006WR00000wk9ZSYAY,Castle Creek,Sales_Status,Contact Pending,,
006WR00000wk9ZTYAY,Georgetowne,Sales_Status,Reached Out - Pending Response,,
006WR00000wk9ZUYAY,West Haven,Sales_Status,Reached Out - Pending Response,,
006WR00000wk9ZVYAY,Pacific Winds,Sales_Status,Reached Out - Pending Response,,
006WR00000wk9ZWYAY,Park on Center,Sales_Status,Reached Out - Pending Response,,
006WR00000wk9ZXYAY,Elan Playa Mar Apartment Homes,Sales_Status,Reached Out - Pending Response,,
006WR00000wk9ZYYAY,La Mision Village,Sales_Status,Contact Pending,,
006WR00000wk9ZZYAY,Rosebay Falls,Sales_Status,Reached Out - Pending Response,,
006WR00000wk9ZaYAI,Garden Valley Court,Sales_Status,Reached Out - Pending Response,,
006WR00000wk9ZbYAI,Spencer Apartments,Sales_Status,Reached Out - Pending Response,,
006WR00000wk9ZcYAI,Park Place Bluffs,Sales_Status,Reached Out - Pending Response,,
006WR00000wk9ZdYAI,Westbrook Gardens Apartments,Sales_Status,Reached Out - Pending Response,,
006WR00000wk9ZeYAI,Glenwood Manor,Sales_Status,Reached Out - Pending Response,,
006WR00000wk9ZfYAI,Highlander Overlook and Burdette + Wade,Sales_Status,Contact Pending,,
006WR00000wk9ZgYAI,Hello Apartments,Sales_Status,Reached Out - Pending Response,,
006WR00000wk9ZhYAI,Whispering Ridge,Sales_Status,Reached Out - Pending Response,,
006WR00000wk9ZiYAI,Midtown Crossing Contemporary Apartments,Sales_Status,Contact Pending,,
006WR00000wk9ZjYAI,Highpoint,Sales_Status,Reached Out - Pending Response,,
006WR00000wk9ZkYAI,Elk Hills Apartments,Sales_Status,Contact Pending,,
006WR00000wk9ZlYAI,Springhill Ridge in Omaha,Sales_Status,Contact Pending,,
006WR00000wk9ZmYAI,Torello on Maple,Sales_Status,Contact Pending,,
006WR00000wk9ZnYAI,Orchard Mesa,Sales_Status,Reached Out - Pending Response,,
006WR00000wk9ZoYAI,The Marvely,Sales_Status,Contact Pending,,
006WR00000wk9ZpYAI,Rolling Hills Ranch Senior Living,Sales_Status,Reached Out - Pending Response,,
006WR00000wk9ZqYAI,The Slate,Sales_Status,Reached Out - Pending Response,,
006WR00000wk9ZrYAI,Pacific Gardens Apartments,Sales_Status,Reached Out - Pending Response,,
006WR00000wk9ZsYAI,Maplewood Estates,Sales_Status,Reached Out - Pending Response,,
006WR00000wk9ZtYAI,Wellington Park,Sales_Status,Reached Out - Pending Response,,
006WR00000wk9ZuYAI,Stonegate Park,Sales_Status,Reached Out - Pending Response,,
006WR00000wk9ZvYAI,The Reserve at The Knolls,Sales_Status,Reached Out - Pending Response,,
006WR00000wk9ZwYAI,Tranquility Pointe,Sales_Status,Reached Out - Pending Response,,
006WR00000wk9ZxYAI,Southside Terrace Phase 2,Sales_Status,Contact Pending,,
006WR00000wk9ZyYAI,Camelot VI,Sales_Status,Reached Out - Pending Response,,
006WR00000wk9ZzYAI,4651 Dodge St,Sales_Status,Reached Out - Pending Response,,
006WR00000wkA6DYAU,46 Dodge Apartments,Sales_Status,Contact Pending,,
006WR00000wkA6EYAU,Chateau at Hillsborough,Sales_Status,Reached Out - Pending Response,,
006WR00000wkA6FYAU,Avidor Omaha,Sales_Status,Contact Pending,,
006WR00000wkA6GYAU,Bel Court Apartments,Sales_Status,Contact Pending,,
006WR00000wkA6HYAU,148th Place,Sales_Status,Contact Pending,,
006WR00000wkA6IYAU,Piraeus Point,Sales_Status,Reached Out - Pending Response,,
006WR00000wkA6JYAU,Oak Leaf Apartments,Sales_Status,Reached Out - Pending Response,,
006WR00000wkA6KYAU,Bella Vista Senior Living Community,Sales_Status,Reached Out - Pending Response,,
006WR00000wkA6LYAU,Mission Flats,Sales_Status,Reached Out - Pending Response,,
006WR00000wkA6MYAU,Trico Mobile Estates,Sales_Status,Reached Out - Pending Response,,
006WR00000wkA6NYAU,View House,Sales_Status,Reached Out - Pending Response,,
006WR00000wkA6OYAU,Sea Bluff,Sales_Status,Contact Pending,,
006WR00000wkA6PYAU,Nobility Point,Sales_Status,Reached Out - Pending Response,,
006WR00000wkA6QYAU,Oak Brook Park Apartments,Sales_Status,Reached Out - Pending Response,,
006WR00000wkA6RYAU,Langston Loge,Sales_Status,Reached Out - Pending Response,,
006WR00000wkA6SYAU,Old Mill Apartments,Sales_Status,Reached Out - Pending Response,,
006WR00000wkA6TYAU,Mission View Manor,Sales_Status,Reached Out - Pending Response,,
006WR00000wkA6UYAU,Whispering Hills,Sales_Status,Reached Out - Pending Response,,
006WR00000wkA6VYAU,Dundee View,Sales_Status,Contact Pending,,
006WR00000wkA6WYAU,Dundee Flats,Sales_Status,Reached Out - Pending Response,,
006WR00000wkA6XYAU,Fox Ridge,Sales_Status,Reached Out - Pending Response,,
006WR00000wkA6YYAU,The Club at Highland Park Apartments,Sales_Status,Reached Out - Pending Response,,
006WR00000wkA6ZYAU,Eagle Run Apartments,Sales_Status,Contact Pending,,
006WR00000wkA6aYAE,Park Place Apartments,Sales_Status,Reached Out - Pending Response,,
006WR00000wkA6bYAE,Woodgate Townhomes,Sales_Status,Reached Out - Pending Response,,
006WR00000wkA6cYAE,Regency Lakeside Apartments,Sales_Status,Reached Out - Pending Response,,
006WR00000wkA6dYAE,Howard Street,Sales_Status,Reached Out - Pending Response,,
006WR00000wkA6eYAE,Ovation Heartwood Preserve-Independent Living,Sales_Status,Reached Out - Pending Response,,
006WR00000wkA6fYAE,Bedford Square [fmr Maplewood Court],Sales_Status,Reached Out - Pending Response,,
006WR00000wkA6gYAE,Atlas Apartments,Sales_Status,Reached Out - Pending Response,,
006WR00000wkA6hYAE,Citadel Apartments,Sales_Status,Reached Out - Pending Response,,
006WR00000wkA6iYAE,Green Valley Mobile Estates Encinitas,Sales_Status,Contact Pending,,
006WR00000wkA6jYAE,JC Wade Senior Villas,Sales_Status,Reached Out - Pending Response,,
006WR00000wkA6kYAE,Preserve at Evans Place [Tudor Heights],Sales_Status,Reached Out - Pending Response,,
006WR00000wkA6lYAE,Park 125,Sales_Status,Reached Out - Pending Response,,
006WR00000wkA6mYAE,The Biltmore Apartments,Sales_Status,Reached Out - Pending Response,,
006WR00000wkA6nYAE,Raintree Apartments,Sales_Status,Reached Out - Pending Response,,
006WR00000wkA6oYAE,The Vanderbilt Apartments,Sales_Status,Contact Pending,,
006WR00000wkA6pYAE,Vivo Living Omaha,Sales_Status,Reached Out - Pending Response,,
006WR00000wkA6qYAE,Woodland Meadows,Sales_Status,Contact Pending,,
006WR00000wkA6rYAE,Tides on University,Sales_Status,Contact Pending,,
006WR00000wkA6sYAE,Quintana at Cooley Station,Sales_Status,Contact Pending,,
006WR00000wkA6tYAE,Mahoney Village,Sales_Status,Contact Pending,,
006WR00000wkA6uYAE,Cielo on Gilbert,Sales_Status,Contact Pending,,
006WR00000wkA6vYAE,Georgetown Park Apartment Homes,Sales_Status,Reached Out - Pending Response,,
006WR00000wkA6wYAE,San Gabriel Apartments,Sales_Status,Reached Out - Pending Response,,
006WR00000wkA6yYAE,Irvington Heights,Sales_Status,Reached Out - Pending Response,,
006WR00000wkA6zYAE,Promontory Point,Sales_Status,Contact Pending,,
006WR00000wkA70YAE,Shamrock Arrowride Apartments,Sales_Status,Contact Pending,,
006WR00000wkA71YAE,Campus Town,Sales_Status,Contact Pending,,
006WR00000wkA72YAE,Trails at Carmel Creek,Sales_Status,Contact Pending,,
006WR00000wkA73YAE,Heritage District,Sales_Status,Reached Out - Pending Response,,
006WR00000wkA74YAE,Goldfinch Meadows,Sales_Status,Contact Pending,,
006WR00000wkA75YAE,Grand View Apartments,Sales_Status,Contact Pending,,
006WR00000wkA76YAE,One East Tucson,Sales_Status,Contact Pending,,
006WR00000wkA77YAE,Carver Ridge Townhomes,Sales_Status,Reached Out - Pending Response,,
006WR00000wkA78YAE,The Place at Canyon Ridge,Sales_Status,Reached Out - Pending Response,,
006WR00000wkA79YAE,The Quin,Sales_Status,Reached Out - Pending Response,,
006WR00000wkA7AYAU,Lincoln Apartments _ FF Freddy,Sales_Status,Reached Out - Pending Response,,
006WR00000wkA7BYAU,Town & Country Mobile Homes,Sales_Status,Reached Out - Pending Response,,
006WR00000wkA7DYAU,Coral Point Apartments,Sales_Status,Reached Out - Pending Response,,
006WR00000wkA7FYAU,Gilbert Square Apts,Sales_Status,Reached Out - Pending Response,,
006WR00000wkA7GYAU,Landry on 56,Sales_Status,Reached Out - Pending Response,,
006WR00000wkA7HYAU,Envision Apartments,Sales_Status,Reached Out - Pending Response,,
006WR00000wkA7IYAU,Sawgrass Links Townhomes_Lumen IA_Bryce,Sales_Status,Reached Out - Pending Response,,
006WR00000wkA7LYAU,La Petite Chateau Apartments,Sales_Status,Reached Out - Pending Response,,
006WR00000wkA7MYAU,Discovery Point,Sales_Status,Contact Pending,,
006WR00000wkA7OYAU,Emparrado Apartments,Sales_Status,Reached Out - Pending Response,,
006WR00000wkA7PYAU,Ocean Hills Country Club HOA,Sales_Status,Reached Out - Pending Response,,
006WR00000wkA7QYAU,Fountain East (MHP),Sales_Status,Reached Out - Pending Response,,
006WR00000wkA7RYAU,Alante at the Islands,Sales_Status,Reached Out - Pending Response,,
006WR00000wkA7SYAU,Vineyards at Trophy Club,Sales_Status,Reached Out - Pending Response,,
006WR00000wkA7TYAU,Level 550,Sales_Status,Reached Out - Pending Response,,
006WR00000wkA7UYAU,Coronado Mobile Home Park,Sales_Status,Contact Pending,,
006WR00000wkA7VYAU,Seacrest Village,Sales_Status,Reached Out - Pending Response,,
006WR00000wkA7WYAU,Chandler Meadows Unfurnished Apartments,Sales_Status,Reached Out - Pending Response,,
006WR00000wkA7XYAU,Lucera Apartments,Sales_Status,Reached Out - Pending Response,,
006WR00000wkA7YYAU,Desert Jewel Apartments,Sales_Status,Reached Out - Pending Response,,
006WR00000wkA7ZYAU,Revere Ridge Apartments,Sales_Status,Contact Pending,,
006WR00000wkA7aYAE,Amberwood Manor,Sales_Status,Reached Out - Pending Response,,
006WR00000wkA7bYAE,Delano Apartments,Sales_Status,Reached Out - Pending Response,,
006WR00000wkA7cYAE,Desert Valley Oasis (MHP),Sales_Status,Reached Out - Pending Response,,
006WR00000wkA7dYAE,Crescent Run (MHP),Sales_Status,Reached Out - Pending Response,,
006WR00000wkA7eYAE,Luxe 1930,Sales_Status,Reached Out - Pending Response,,
006WR00000wkA7fYAE,Christian Care Manor,Sales_Status,Contact Pending,,
006WR00000wkA7gYAE,Las Palmas Grand (MHP),Sales_Status,Reached Out - Pending Response,,
006WR00000wkA7hYAE,Montero at Dana Park,Sales_Status,Reached Out - Pending Response,,
006WR00000wkA7iYAE,Lindsay Palms Apartments,Sales_Status,Reached Out - Pending Response,,
006WR00000wkA7jYAE,Encore on First,Sales_Status,Reached Out - Pending Response,,
006WR00000wkA7kYAE,Desert Palms Apartments,Sales_Status,Contact Pending,,
006WR00000wkA7lYAE,Ashland Manor Apartments,Sales_Status,Reached Out - Pending Response,,
006WR00000wkA7mYAE,Modera Gilbert,Sales_Status,Contact Pending,,
006WR00000wkA7nYAE,German Oaks,Sales_Status,Contact Pending,,
006WR00000wkA7oYAE,Terrace Garden Apartments,Sales_Status,Reached Out - Pending Response,,
006WR00000wkA7pYAE,Whispering Pines Townhomes,Sales_Status,Reached Out - Pending Response,,
006WR00000wkA7qYAE,Cortland Mountain Vista,Sales_Status,Contact Pending,,
006WR00000wkA7rYAE,Chateau Gardens Apartments,Sales_Status,Contact Pending,,
006WR00000wkA7sYAE,Fairview Apartments,Sales_Status,Reached Out - Pending Response,,
006WR00000wkA7tYAE,Gentry's Walk,Sales_Status,Reached Out - Pending Response,,
006WR00000wkA7uYAE,Sunrise Village(MHP),Sales_Status,Reached Out - Pending Response,,
006WR00000wkA7vYAE,Country Club Verandas Apartments,Sales_Status,Reached Out - Pending Response,,
006WR00000wkA7wYAE,Autumn Creek Apartments,Sales_Status,Reached Out - Pending Response,,
006WR00000wkA7xYAE,Missouri Meadows Apartments,Sales_Status,Contact Pending,,
006WR00000wkA7yYAE,Habitat Condos,Sales_Status,Contact Pending,,
006WR00000wkA7zYAE,Wyndham Hill,Sales_Status,Reached Out - Pending Response,,
006WR00000wkA80YAE,Cortina Apartments,Sales_Status,Reached Out - Pending Response,,
006WR00000wkA81YAE,Avana Chandler,Sales_Status,Contact Pending,,
006WR00000wkA82YAE,Benson Gardens Apartments,Sales_Status,Reached Out - Pending Response,,
006WR00000wkA83YAE,Cactus Gardens,Sales_Status,Contact Pending,,
006WR00000wkA84YAE,Palmas Del Sol,Sales_Status,Reached Out - Pending Response,,
006WR00000wkA85YAE,Cimarron Apartments,Sales_Status,Reached Out - Pending Response,,
006WR00000wkA86YAE,Pueblo Grande (MHP),Sales_Status,Contact Pending,,
006WR00000wkA87YAE,Camino del Rey (HOA),Sales_Status,Contact Pending,,
006WR00000wkA88YAE,Cottonwood Apartments (Mesa),Sales_Status,Reached Out - Pending Response,,
006WR00000wkA89YAE,Club 715,Sales_Status,Reached Out - Pending Response,,
006WR00000wkA8AYAU,The Grove at Hickman,Sales_Status,Contact Pending,,
006WR00000wkA8BYAU,Pennytree Apartments,Sales_Status,Reached Out - Pending Response,,
006WR00000wkA8CYAU,Avilla Lehi Crossing,Sales_Status,Reached Out - Pending Response,,
006WR00000wkA8DYAU,Country Club Greens,Sales_Status,Reached Out - Pending Response,,
006WR00000wkA8EYAU,Canal on Baseline,Sales_Status,Contact Pending,,
006WR00000wkA8FYAU,Maplewood Court Apartments,Sales_Status,Reached Out - Pending Response,,
006WR00000wkA8GYAU,Dahcotah View (copy) (copy),Sales_Status,Contact Pending,,
006WR00000wkA8HYAU,Rise Country Club,Sales_Status,Reached Out - Pending Response,,
006WR00000wkA8JYAU,Dartmoor Apartments,Sales_Status,Reached Out - Pending Response,,
006WR00000wkA8KYAU,Desert Village(MHP),Sales_Status,Contact Pending,,
006WR00000wkA8LYAU,Elan Sandpiper,Sales_Status,Reached Out - Pending Response,,
006WR00000wkA8MYAU,Colores Del Sol,Sales_Status,Contact Pending,,
006WR00000wkA8NYAU,225 S Highway 101 Apartments,Sales_Status,Contact Pending,,
006WR00000wkA8OYAU,Elan Solana Pointe,Sales_Status,Reached Out - Pending Response,,
006WR00000wkA8PYAU,Connect on University,Sales_Status,Reached Out - Pending Response,,
006WR00000wkA8QYAU,Cornerstone Manor Apartments,Sales_Status,Reached Out - Pending Response,,
006WR00000wkA8RYAU,Lakeview at Superstition Springs Amentspart,Sales_Status,Reached Out - Pending Response,,
006WR00000wkA8SYAU,Horne Patio Homes,Sales_Status,Reached Out - Pending Response,,
006WR00000wkA8TYAU,Saratoga West Condominiums,Sales_Status,Reached Out - Pending Response,,
006WR00000wkA8UYAU,Gateway Village Apartments,Sales_Status,Contact Pending,,
006WR00000wkA8VYAU,Copperstone Apartments,Sales_Status,Reached Out - Pending Response,,
006WR00000wkA8WYAU,Olive Tree Vistas,Sales_Status,Reached Out - Pending Response,,
006WR00000wkA8XYAU,Corals Apartments,Sales_Status,Contact Pending,,
006WR00000wkA8YYAU,Vaseo Apartments,Sales_Status,Reached Out - Pending Response,,
006WR00000wkA8ZYAU,Del Mar Downs Condos,Sales_Status,Contact Pending,,
006WR00000wkA8aYAE,Beau Manor Townhomes,Sales_Status,Reached Out - Pending Response,,
006WR00000wkA8bYAE,Glen at Mesa,Sales_Status,Reached Out - Pending Response,,
006WR00000wkA8cYAE,Eucalyptus Apartments,Sales_Status,Contact Pending,,
006WR00000wkA8dYAE,Glenhaven Estates,Sales_Status,Reached Out - Pending Response,,
006WR00000wkA8eYAE,Park Crest,Sales_Status,Contact Pending,,
006WR00000wkA8fYAE,Bernard Richard Apartments,Sales_Status,Contact Pending,,
006WR00000wkA8gYAE,Hillside Park Apartments,Sales_Status,Contact Pending,,
006WR00000wkA8hYAE,Mesa Royale Apts,Sales_Status,Contact Pending,,
006WR00000wkA8iYAE,La Cascada,Sales_Status,Contact Pending,,
006WR00000wkA8jYAE,La Casita MHP,Sales_Status,Reached Out - Pending Response,,
006WR00000wkA8kYAE,Santa Helena Park Condominiums,Sales_Status,Contact Pending,,
006WR00000wkA8lYAE,La Mer Condos,Sales_Status,Contact Pending,,
006WR00000wkA8mYAE,4813-4823 Boyd St Apartments,Sales_Status,Contact Pending,,
006WR00000wkA8nYAE,Ville de Sante Terrace Apartments (1),Sales_Status,Contact Pending,,
006WR00000wkA8oYAE,Buenas North Harris (Harris Place Apts old name),Sales_Status,Reached Out - Pending Response,,
006WR00000wkA8pYAE,Caravelle Apartments,Sales_Status,Reached Out - Pending Response,,
006WR00000wkA8qYAE,Aspen Condos,Sales_Status,Contact Pending,,
006WR00000wkA8rYAE,Laurel Hill Apartments,Sales_Status,Contact Pending,,
006WR00000wkA8sYAE,Magana Apartments,Sales_Status,Reached Out - Pending Response,,
006WR00000wkA8tYAE,Corby Castle Apts,Sales_Status,Contact Pending,,
006WR00000wkA8uYAE,Lepuy Apartments,Sales_Status,Contact Pending,,
006WR00000wkA8vYAE,Coronado Condominiums,Sales_Status,Contact Pending,,
006WR00000wkA8wYAE,Cypress Pointe II Apartment Complex,Sales_Status,Contact Pending,,
006WR00000wkA8xYAE,IMT Desert Palm Village,Sales_Status,Reached Out - Pending Response,,
006WR00000wkA8yYAE,78th Place Apartments,Sales_Status,Reached Out - Pending Response,,
006WR00000wkA8zYAE,6314 Boyd Street,Sales_Status,Contact Pending,,
006WR00000wkA90YAE,Villa Del Rey _ FF Freddy,Sales_Status,Reached Out - Pending Response,,
006WR00000wkA91YAE,Bloomfield Forum,Sales_Status,Reached Out - Pending Response,,
006WR00000wkA92YAE,The Springs at 1100,Sales_Status,Reached Out - Pending Response,,
006WR00000wkA93YAE,Woodstone Townhomes,Sales_Status,Contact Pending,,
006WR00000wkA94YAE,Cortland Riverside Apartments,Sales_Status,Reached Out - Pending Response,,
006WR00000wkA95YAE,Parkwood Apartments,Sales_Status,Contact Pending,,
006WR00000wkA96YAE,Birchway Quarry Falls Apartments,Sales_Status,Contact Pending,,
006WR00000wkA97YAE,Arbol Residences of Santa Rosa,Sales_Status,Contact Pending,,
006WR00000wkA98YAE,Churchill at Golden Triangle,Sales_Status,Contact Pending,,
006WR00000wkA99YAE,Oasis at Mesa Palms,Sales_Status,Reached Out - Pending Response,,
006WR00000wkA9AYAU,Partridge Place,Sales_Status,Reached Out - Pending Response,,
006WR00000wkA9CYAU,Brookside,Sales_Status,Reached Out - Pending Response,,
006WR00000wkA9DYAU,College Park Apartments,Sales_Status,Reached Out - Pending Response,,
006WR00000wkA9EYAU,Allora Georgetown,Sales_Status,Contact Pending,,
006WR00000wkA9FYAU,Azle Creek Apartments,Sales_Status,Reached Out - Pending Response,,
006WR00000wkA9GYAU,College Park,Sales_Status,Contact Pending,,
006WR00000wkA9IYAU,Clear Creek Mobile Home Park,Sales_Status,Contact Pending,,
006WR00000wkA9JYAU,Park Centre Casitas Condos,Sales_Status,Reached Out - Pending Response,,
006WR00000wkA9KYAU,River Oaks Apartments,Sales_Status,Contact Pending,,
006WR00000wkA9LYAU,Stepping Stone Apartments,Sales_Status,Reached Out - Pending Response,,
006WR00000wkA9MYAU,Grace Place Apartments,Sales_Status,Reached Out - Pending Response,,
006WR00000wkA9NYAU,Village at East Riverside,Sales_Status,Reached Out - Pending Response,,
006WR00000wkAB3YAM,Persimmon Terrace Apartments,Sales_Status,Contact Pending,,
006WR00000wkAB4YAM,Vista Torre,Sales_Status,Contact Pending,,
006WR00000wkAB5YAM,Oakwood,Sales_Status,Contact Pending,,
006WR00000wkAB6YAM,Tuscana Townhomes,Sales_Status,Contact Pending,,
006WR00000wkAB7YAM,Moonlight,Sales_Status,Contact Pending,,
006WR00000wkAB8YAM,Porvenir Estates II,Sales_Status,Contact Pending,,
006WR00000wkAB9YAM,Porvenir Estates I,Sales_Status,Contact Pending,,
006WR00000wkABAYA2,Huron Plaza,Sales_Status,Contact Pending,,
006WR00000wkABBYA2,Niland,Sales_Status,Contact Pending,,
006WR00000wkABCYA2,Placer West,Sales_Status,Contact Pending,,
006WR00000wkABDYA2,The Shadows Garden Apts,Sales_Status,Contact Pending,,
006WR00000wkABEYA2,Harvard,Sales_Status,Contact Pending,,
006WR00000wkABFYA2,12th & D Apartments,Sales_Status,Contact Pending,,
006WR00000wkABGYA2,Creekside Colony Apartments,Sales_Status,Contact Pending,,
006WR00000wkABHYA2,Park on Riley,Sales_Status,Contact Pending,,
006WR00000wkABIYA2,Sierra Oaks Apartments,Sales_Status,Contact Pending,,
006WR00000wkABJYA2,Walnut Hill Apartments,Sales_Status,Reached Out - Pending Response,,
006WR00000wkABKYA2,Katy Creek,Sales_Status,Contact Pending,,
006WR00000wkABLYA2,Breckenridge Apartments,Sales_Status,Contact Pending,,
006WR00000wkABMYA2,Crestmoor Park South,Sales_Status,Contact Pending,,
006WR00000wkABNYA2,Crestmoor Park West,Sales_Status,Contact Pending,,
006WR00000wkABOYA2,Comanche Retirement Village,Sales_Status,Contact Pending,,
006WR00000wkABPYA2,Dekalb Apartments,Sales_Status,Reached Out - Pending Response,,
006WR00000wkABQYA2,Colony Park Apartments,Sales_Status,Contact Pending,,
006WR00000wkABRYA2,Camelot Square Apartments,Sales_Status,Contact Pending,,
006WR00000wkABSYA2,Somervell Apartments,Sales_Status,Reached Out - Pending Response,,
006WR00000wkABTYA2,Glen Rose Apartments,Sales_Status,Reached Out - Pending Response,,
006WR00000wkABUYA2,Emerald RV,Sales_Status,Contact Pending,,
006WR00000wkABVYA2,Allen's Point Apartments,Sales_Status,Contact Pending,,
006WR00000wkABWYA2,Hillside Apartments,Sales_Status,Contact Pending,,
006WR00000wkABXYA2,Kaufman Retirement Village (fka Cedar Ridge),Sales_Status,Reached Out - Pending Response,,
006WR00000wkABYYA2,Commonwealth I,Sales_Status,Contact Pending,,
006WR00000wkABZYA2,Regal Apartments,Sales_Status,Contact Pending,,
006WR00000wkABaYAM,Waterwood Apartments,Sales_Status,Contact Pending,,
006WR00000wkABbYAM,Venus Retirement Village,Sales_Status,Reached Out - Pending Response,,
006WR00000wkABcYAM,Whitney Place Apartments,Sales_Status,Reached Out - Pending Response,,
006WR00000wkABdYAM,Whitney Retirement Village,Sales_Status,Reached Out - Pending Response,,
006WR00000wkABeYAM,Azlewood,Sales_Status,Contact Pending,,
006WR00000wkABhYAM,Northpointe Apartments,Sales_Status,Contact Pending,,
006WR00000wkABiYAM,Bexley Apartments,Sales_Status,Contact Pending,,
006WR00000wkABjYAM,Country Oaks Apartments,Sales_Status,Contact Pending,,
006WR00000wkABkYAM,Black Rock Ridge Townhomes,Sales_Status,Reached Out - Pending Response,,
006WR00000wkABlYAM,Canyon Ranch Condos,Sales_Status,Contact Pending,,
006WR00000wkABmYAM,Kings Court Apartments [M street],Sales_Status,Reached Out - Pending Response,,
006WR00000wkABnYAM,2121 Belmont,Sales_Status,Contact Pending,,
006WR00000wkABoYAM,Beachwalk Condos,Sales_Status,Reached Out - Pending Response,,
006WR00000wkABpYAM,Liberty Manor,Sales_Status,Reached Out - Pending Response,,
006WR00000wkABqYAM,The Dalton Apartments,Sales_Status,Reached Out - Pending Response,,
006WR00000wkABrYAM,Star Estates MHP,Sales_Status,Reached Out - Pending Response,,
006WR00000wkABsYAM,Heritage Manor,Sales_Status,Reached Out - Pending Response,,
006WR00000wkABtYAM,Elan Alicante Apartments,Sales_Status,Reached Out - Pending Response,,
006WR00000wkABuYAM,Park Del Mar Condos,Sales_Status,Reached Out - Pending Response,,
006WR00000wkABvYAM,Elan Seacrest Encinitas Apartments,Sales_Status,Reached Out - Pending Response,,
006WR00000wkABwYAM,Pleasant View MHP,Sales_Status,Reached Out - Pending Response,,
006WR00000wkABxYAM,Liberty Landing AKA Century Park Apartments,Sales_Status,Reached Out - Pending Response,,
006WR00000wkAByYAM,New Life RV Park,Sales_Status,Reached Out - Pending Response,,
006WR00000wkABzYAM,KILLEEN_MDU_Lowrance HOA,Sales_Status,Reached Out - Pending Response,,
006WR00000wkAC0YAM,Bull Run Apts,Sales_Status,Reached Out - Pending Response,,
006WR00000wkAC1YAM,Paul Mark Apts,Sales_Status,Reached Out - Pending Response,,
006WR00000wkAC3YAM,Mesa Garden Apartments,Sales_Status,Reached Out - Pending Response,,
006WR00000wkAC4YAM,Sycamore Greens,Sales_Status,Reached Out - Pending Response,,
006WR00000wkAC5YAM,Sycamore Ridge Apartments,Sales_Status,Reached Out - Pending Response,,
006WR00000wkAC6YAM,Elan Shadowridge Meadows,Sales_Status,Reached Out - Pending Response,,
006WR00000wkAC7YAM,Sofi Shadowridge,Sales_Status,Contact Pending,,
006WR00000wkAC8YAM,Shadow Ridge Park Apartments,Sales_Status,Reached Out - Pending Response,,
006WR00000wkAC9YAM,Sycamore Hills Village,Sales_Status,Reached Out - Pending Response,,
006WR00000wkACAYA2,Pepperwood Apartments,Sales_Status,Contact Pending,,
006WR00000wkACBYA2,Oak Manor,Sales_Status,Reached Out - Pending Response,,
006WR00000wkACCYA2,Foothill Courtyards,Sales_Status,Contact Pending,,
006WR00000wkACEYA2,Birchwood Apts,Sales_Status,Contact Pending,,
006WR00000wkACFYA2,Blondo Plaza Apartments,Sales_Status,Contact Pending,,
006WR00000wkACIYA2,"Sun City, Georgetown, TX",Sales_Status,Contact Pending,,
006WR00000wkACJYA2,Aventura,Sales_Status,Contact Pending,,
006WR00000wkACKYA2,Cactas Flats,Sales_Status,Contact Pending,,
006WR00000wkACLYA2,Camelview Greens,Sales_Status,Contact Pending,,
006WR00000wkACMYA2,Casa Granada,Sales_Status,Contact Pending,,
006WR00000wkACNYA2,Concorde Condominiums,Sales_Status,Contact Pending,,
006WR00000wkACOYA2,Discovery at Tatum II,Sales_Status,Contact Pending,,
006WR00000wkACPYA2,Dream Creek,Sales_Status,Contact Pending,,
006WR00000wkACQYA2,Lakeshores at Anderson Springs,Sales_Status,Contact Pending,,
006WR00000wkACRYA2,Larronata Condominiums,Sales_Status,Contact Pending,,
006WR00000wkACSYA2,Las Hadas Villas,Sales_Status,Contact Pending,,
006WR00000wkACTYA2,Mira Vista,Sales_Status,Contact Pending,,
006WR00000wkACUYA2,Mistwood Condominium,Sales_Status,Contact Pending,,
006WR00000wkACVYA2,Paradise Park II,Sales_Status,Contact Pending,,
006WR00000wkACWYA2,Providence on Central,Sales_Status,Contact Pending,,
006WR00000wkACXYA2,Scottsdale Bay Club,Sales_Status,Contact Pending,,
006WR00000wkACZYA2,The Village at Stone Creek Condominiums,Sales_Status,Contact Pending,,
006WR00000wkACaYAM,Village at Gilbert Warner,Sales_Status,Contact Pending,,
006WR00000wkACbYAM,Walden Condo,Sales_Status,Contact Pending,,
006WR00000wkACcYAM,Larkspur Apartments,Sales_Status,Reached Out - Pending Response,,
006WR00000wkACdYAM,Carroll at Rivery Ranch,Sales_Status,Reached Out - Pending Response,,
006WR00000wkACeYAM,Caroline at Georgtown,Sales_Status,Reached Out - Pending Response,,
006WR00000wkACfYAM,Bexley Wolf Ranch,Sales_Status,Reached Out - Pending Response,,
006WR00000wkAUPYA2,Lara Lea,Sales_Status,Contact Pending,,
006WR00000wkAUQYA2,Blue Heron Estates,Sales_Status,Contact Pending,,
006WR00000wkAURYA2,Chinook Winds,Sales_Status,Contact Pending,,
006WR00000wkAUSYA2,Rincon Country,Sales_Status,Contact Pending,,
006WR00000wkAUTYA2,Canterbury Apartments,Sales_Status,Contact Pending,,
006WR00000wkAUUYA2,Arborwood,Sales_Status,Contact Pending,,
006WR00000wkAUVYA2,Slo-Hi Flats,Sales_Status,Contact Pending,,
006WR00000wkAUWYA2,Ridgewood MHP,Sales_Status,Contact Pending,,
006WR00000wkAUXYA2,Lake Powell,Sales_Status,Contact Pending,,
006WR00000wkAUYYA2,Westside Mobile,Sales_Status,Contact Pending,,
006WR00000wkAUZYA2,Edge Point Apartments,Sales_Status,Contact Pending,,
006WR00000wkAUaYAM,Shangri La,Sales_Status,Contact Pending,,
006WR00000wkAUbYAM,Shiloh Townhomes,Sales_Status,Contact Pending,,
006WR00000wkAUcYAM,Oasis at Magic Ranch Homeowners Association,Sales_Status,Contact Pending,,
006WR00000wkAUdYAM,Lumien Apartments,Sales_Status,Contact Pending,,
006WR00000wkAUeYAM,Greenway Flats,Sales_Status,Contact Pending,,
006WR00000wkAUfYAM,Orchard Grove,Sales_Status,Contact Pending,,
006WR00000wkAUgYAM,Trilogy at Power Ranch,Sales_Status,Contact Pending,,
006WR00000wkAUhYAM,Falls at Legend Trail,Sales_Status,Contact Pending,,
006WR00000wkAUiYAM,Warren Village,Sales_Status,Contact Pending,,
006WR00000wkAUjYAM,The Apartments at University Station,Sales_Status,Contact Pending,,
006WR00000wkAUkYAM,North County Village,Sales_Status,Contact Pending,,
006WR00000wkAUlYAM,Fronterra Village,Sales_Status,Contact Pending,,
006WR00000wkAUmYAM,PCP-Mile High MHP,Sales_Status,Contact Pending,,
006WR00000wkAUnYAM,Aviana at Tuscany,Sales_Status,Contact Pending,,
006WR00000wkAUpYAM,The Apartments at Yale Station,Sales_Status,Contact Pending,,
006WR00000wkAUqYAM,Clyburn At Stapleton,Sales_Status,Reached Out - Pending Response,,
006WR00000wkAUrYAM,Del Norte Accessible Apts,Sales_Status,Contact Pending,,
006WR00000wkAUsYAM,Lodge at Black Forest,Sales_Status,Contact Pending,,
006WR00000wkAUtYAM,Mercury on Mill ABACUS,Sales_Status,Contact Pending,,
006WR00000wkAUuYAM,Sun Villa,Sales_Status,Contact Pending,,
006WR00000wkAUvYAM,Garden Court at Yale Station,Sales_Status,Contact Pending,,
006WR00000wkAUwYAM,Ashewood,Sales_Status,Contact Pending,,
006WR00000wkAUxYAM,Murdock Apts,Sales_Status,Contact Pending,,
006WR00000wkAUyYAM,Mountain Vista,Sales_Status,Contact Pending,,
006WR00000wkAUzYAM,Chaparral 1,Sales_Status,Contact Pending,,
006WR00000wkAV0YAM,The Foundry,Sales_Status,Contact Pending,,
006WR00000wkAV1YAM,Dakota Station I Condominiums,Sales_Status,Contact Pending,,
006WR00000wkAV2YAM,Carson Highlands,Sales_Status,Contact Pending,,
006WR00000wkAV3YAM,Chaparral Ranch,Sales_Status,Contact Pending,,
006WR00000wkAV4YAM,Willow Street Residences,Sales_Status,Contact Pending,,
006WR00000wkAV5YAM,Gun Club Green,Sales_Status,Contact Pending,,
006WR00000wkAV6YAM,Greenspot Village,Sales_Status,Contact Pending,,
006WR00000wkAV7YAM,Northfield,Sales_Status,Contact Pending,,
006WR00000wkAV8YAM,Welby Hill,Sales_Status,Contact Pending,,
006WR00000wkAV9YAM,Haigan-Canino Terrace,Sales_Status,Contact Pending,,
006WR00000wkAVAYA2,Copper Kettle/Paradise Valley Ranch,Sales_Status,Contact Pending,,
006WR00000wkAVBYA2,LincolnPointe Lofts II,Sales_Status,Contact Pending,,
006WR00000wkAVCYA2,Cypress Gardens,Sales_Status,Contact Pending,,
006WR00000wkAVDYA2,Grosvenor Arms,Sales_Status,Contact Pending,,
006WR00000wkAVEYA2,Villa Carmel,Sales_Status,Contact Pending,,
006WR00000wkAVFYA2,Niblock-Yavovette Terrace,Sales_Status,Contact Pending,,
006WR00000wkAVGYA2,Ridgeview Eagle Bend,Sales_Status,Contact Pending,,
006WR00000wkAVHYA2,Santiago Estates,Sales_Status,Contact Pending,,
006WR00000wkAVIYA2,Aspen Leaf,Sales_Status,Contact Pending,,
006WR00000wkAVJYA2,Castle Pines North,Sales_Status,Contact Pending,,
006WR00000wkAVKYA2,Caraway,Sales_Status,Contact Pending,,
006WR00000wkAVLYA2,Sunrise Gardens,Sales_Status,Contact Pending,,
006WR00000wkAVMYA2,Timber Ridge,Sales_Status,Contact Pending,,
006WR00000wkAVNYA2,Wheat Ridge Town Center,Sales_Status,Contact Pending,,
006WR00000wkAVOYA2,Emerson Street Apts,Sales_Status,Contact Pending,,
006WR00000wkAVPYA2,Benedict Park Place,Sales_Status,Reached Out - Pending Response,,
006WR00000wkAVQYA2,Sunrise Estates,Sales_Status,Contact Pending,,
006WR00000wkAVRYA2,Silva-Markham Partners,Sales_Status,Contact Pending,,
006WR00000wkAVSYA2,Silverado,Sales_Status,Contact Pending,,
006WR00000wkAVTYA2,Gateway at 2534,Sales_Status,Contact Pending,,
006WR00000wkAVUYA2,Palm Grove,Sales_Status,Contact Pending,,
006WR00000wkAVVYA2,El Adobe Estates,Sales_Status,Contact Pending,,
006WR00000wkAVWYA2,The Promenade at Lowry,Sales_Status,Contact Pending,,
006WR00000wkAVXYA2,The Boulders,Sales_Status,Contact Pending,,
006WR00000wkAVYYA2,French Quarter,Sales_Status,Contact Pending,,
006WR00000wkAVZYA2,Atlantis Envolve,Sales_Status,Contact Pending,,
006WR00000wkAVaYAM,Trail Ridge at Woodland Park,Sales_Status,Contact Pending,,
006WR00000wkAVbYAM,Alpenglow Village,Sales_Status,Contact Pending,,
006WR00000wkAVcYAM,Moline At Stapleton,Sales_Status,Contact Pending,,
006WR00000wkAVdYAM,Stonehedge Place Apartments,Sales_Status,Contact Pending,,
006WR00000wkAVeYAM,Bella Vista MHC,Sales_Status,Contact Pending,,
006WR00000wkAVfYAM,Regal Apts,Sales_Status,Contact Pending,,
006WR00000wkAVgYAM,HAWC Apartments,Sales_Status,Contact Pending,,
006WR00000wkAVhYAM,Dave's Place,Sales_Status,Contact Pending,,
006WR00000wkAViYAM,Strada I & II - UP,Sales_Status,Contact Pending,,
006WR00000wkAVjYAM,Hillsborough,Sales_Status,Reached Out - Pending Response,,
006WR00000wkAVkYAM,Court Avenue Lofts,Sales_Status,Contact Pending,,
006WR00000wkAVlYAM,Kings Kourt Apartrments,Sales_Status,Contact Pending,,
006WR00000wkAVmYAM,Pinnacle Apartments,Sales_Status,Contact Pending,,
006WR00000wkAVnYAM,Waterside Cove,Sales_Status,Contact Pending,,
006WR00000wkAVoYAM,Tides at East Glendale - UP,Sales_Status,Contact Pending,,
006WR00000wkAVpYAM,Willowbrook,Sales_Status,Contact Pending,,
006WR00000wkAVqYAM,Melbourne,Sales_Status,Contact Pending,,
006WR00000wkAVrYAM,Wyngate Townhomes,Sales_Status,Contact Pending,,
006WR00000wkAVsYAM,Platinum Point Townhomes,Sales_Status,Contact Pending,,
006WR00000wkAVtYAM,The Becksted,Sales_Status,Contact Pending,,
006WR00000wkAVvYAM,Avondale Trace,Sales_Status,Contact Pending,,
006WR00000wkAVwYAM,Oakdale of West Saint Paul,Sales_Status,Contact Pending,,
006WR00000wkAVxYAM,River Tower Apartments,Sales_Status,Contact Pending,,
006WR00000wkAVzYAM,Adam Ridge,Sales_Status,Contact Pending,,
006WR00000wkAW0YAM,Joseph's Pointe at Upper Landing,Sales_Status,Contact Pending,,
006WR00000wkAW2YAM,RiverEast,Sales_Status,Contact Pending,,
006WR00000wkAW4YAM,Horizon Place Apartments,Sales_Status,Contact Pending,,
006WR00000wkAivYAE,Woodburn Senior Estates Mobile Home Community,Sales_Status,Contact Pending,,
006WR00000wkAiwYAE,Apple Acres,Sales_Status,Contact Pending,,
006WR00000wkAixYAE,Bonneville Gardens,Sales_Status,Contact Pending,,
006WR00000wkAiyYAE,Cambridge (Mobile Home Park),Sales_Status,Contact Pending,,
006WR00000wkAizYAE,Cinnamon Ridge,Sales_Status,Contact Pending,,
006WR00000wkAj0YAE,Cottonwood Coves MHC,Sales_Status,Contact Pending,,
006WR00000wkAj1YAE,IPG Capital Green Acres,Sales_Status,Contact Pending,,
006WR00000wkAj2YAE,Palatial Living,Sales_Status,Contact Pending,,
006WR00000wkAj3YAE,Ridgewood Estates,Sales_Status,Contact Pending,,
006WR00000wkAj4YAE,Windemere Meadows,Sales_Status,Contact Pending,,
006WR00000wkAj5YAE,Wood Haven,Sales_Status,Contact Pending,,
006WR00000wkAj6YAE,Alpine Mobile Estates,Sales_Status,Contact Pending,,
006WR00000wkAj7YAE,Brookhallow RV,Sales_Status,Contact Pending,,
006WR00000wkAj8YAE,Brookhollow MHP,Sales_Status,Contact Pending,,
006WR00000wkAj9YAE,Country Manor Mobile Village,Sales_Status,Contact Pending,,
006WR00000wkAjAYAU,Duvall Highlands,Sales_Status,Contact Pending,,
006WR00000wkAjBYAU,Majestic Mobile Manor(64) and RV Park(88),Sales_Status,Contact Pending,,
006WR00000wkAjCYAU,Portage Green,Sales_Status,Contact Pending,,
006WR00000wkAjDYAU,Skylark Village Estates II,Sales_Status,Contact Pending,,
006WR00000wkAjEYAU,Edwards Mobile Home Park,Sales_Status,Contact Pending,,
006WR00000wkAjFYAU,Bel Bo Mobile Home Park,Sales_Status,Contact Pending,,
006WR00000wkAjGYAU,Hilltop Mobile Home Park,Sales_Status,Contact Pending,,
006WR00000wkAjHYAU,Parktown Mobile Home Park,Sales_Status,Contact Pending,,
006WR00000wkAjIYAU,Ridge Village Mobile Home Park,Sales_Status,Contact Pending,,
006WR00000wkAjJYAU,Specialville Estates,Sales_Status,Contact Pending,,
006WR00000wkAjKYAU,Meadowbrook Mobile Home Park,Sales_Status,Contact Pending,,
006WR00000wkAjLYAU,Apache Manor,Sales_Status,Contact Pending,,
006WR00000wkAjMYAU,Blueridge,Sales_Status,Contact Pending,,
006WR00000wkAjNYAU,Colonial Village,Sales_Status,Contact Pending,,
006WR00000wkAjOYAU,Haden Park Mobile Homes,Sales_Status,Contact Pending,,
006WR00000wkAjPYAU,J&L Mobile Home Park,Sales_Status,Contact Pending,,
006WR00000wkAjQYAU,Northridge,Sales_Status,Contact Pending,,
006WR00000wkAjRYAU,Oakridge Mobile Home Park,Sales_Status,Contact Pending,,
006WR00000wkAjSYAU,Rustic Meadows,Sales_Status,Contact Pending,,
006WR00000wkAjTYAU,Whitton Heights,Sales_Status,Contact Pending,,
006WR00000wkAjUYAU,98 Mobile Home Park,Sales_Status,Contact Pending,,
006WR00000wkAjVYAU,Aurora Acres,Sales_Status,Contact Pending,,
006WR00000wkAjWYAU,Avon Park Village,Sales_Status,Contact Pending,,
006WR00000wkAjXYAU,Big Oaks River Resort,Sales_Status,Contact Pending,,
006WR00000wkAjYYAU,Cedar Circle,Sales_Status,Contact Pending,,
006WR00000wkAjZYAU,Coach Light Villa,Sales_Status,Contact Pending,,
006WR00000wkAjaYAE,Fontana Cove Mobile Home Park,Sales_Status,Contact Pending,,
006WR00000wkAjbYAE,Friendly Mobile Home Park,Sales_Status,Contact Pending,,
006WR00000wkAjcYAE,Holiday Haven Mobile Home Park,Sales_Status,Contact Pending,,
006WR00000wkAjdYAE,Lake Bonnet Estates,Sales_Status,Contact Pending,,
006WR00000wkAjfYAE,Summit By The Lake,Sales_Status,Reached Out - Pending Response,,
006WR00000wkAjgYAE,Lakeside Gardens,Sales_Status,Contact Pending,,
006WR00000wkAjhYAE,Lloyd's Mobile Home Park,Sales_Status,Contact Pending,,
006WR00000wkAjiYAE,Marietta Mobile Court,Sales_Status,Contact Pending,,
006WR00000wkAjjYAE,Oak Shores,Sales_Status,Contact Pending,,
006WR00000wkAjkYAE,Sunshine RV Resort MH / RV (3),Sales_Status,Contact Pending,,
006WR00000wkAjlYAE,Titusville Estates Mobile Home Community,Sales_Status,Contact Pending,,
006WR00000wkAjmYAE,Countryview Jonesboro,Sales_Status,Contact Pending,,
006WR00000wkAjnYAE,First Point,Sales_Status,Contact Pending,,
006WR00000wkAjoYAE,Cape Woods Resorts,Sales_Status,Contact Pending,,
006WR00000wkAjpYAE,Ernie's Mobile Home Park,Sales_Status,Contact Pending,,
006WR00000wkAjqYAE,Riverside Mobile Estates,Sales_Status,Contact Pending,,
006WR00000wkAjrYAE,Green Acres Mobile Home Park,Sales_Status,Contact Pending,,
006WR00000wkAjsYAE,Pleasant Acres Mobile Home Park,Sales_Status,Contact Pending,,
006WR00000wkAjuYAE,Country Villas,Sales_Status,Reached Out - Pending Response,,
006WR00000wkAjvYAE,The Villages of Monterey,Sales_Status,Reached Out - Pending Response,,
006WR00000wkAjwYAE,Presidio at Rancho Del Oro,Sales_Status,Reached Out - Pending Response,,
006WR00000wkAjxYAE,Mission Hills,Sales_Status,Reached Out - Pending Response,,
006WR00000wkAjyYAE,Valley View,Sales_Status,Reached Out - Pending Response,,
006WR00000wkAjzYAE,Ocean Breeze Senior Village,Sales_Status,Reached Out - Pending Response,,
006WR00000wkAk0YAE,Windsor Aviara,Sales_Status,Reached Out - Pending Response,,
006WR00000wkAk2YAE,Carlsbad Station,Sales_Status,Reached Out - Pending Response,,
006WR00000wkAk3YAE,Inwood Station,Sales_Status,Reached Out - Pending Response,,
006WR00000wkAk4YAE,Maple at Med Center,Sales_Status,Contact Pending,,
006WR00000wkAk5YAE,Flower Fields,Sales_Status,Reached Out - Pending Response,,
006WR00000wkAk6YAE,Seagate Condominium Rentals,Sales_Status,Reached Out - Pending Response,,
006WR00000wkAk7YAE,Fiori on Vitruvian Park,Sales_Status,Reached Out - Pending Response,,
006WR00000wkAk8YAE,Camp Pendleton,Sales_Status,Reached Out - Pending Response,,
006WR00000wkAkBYAU,River Oaks Condos,Sales_Status,Reached Out - Pending Response,,
006WR00000wkAkCYAU,Arbors of Central Park,Sales_Status,Reached Out - Pending Response,,
006WR00000wkAkDYAU,South Side on Lamar,Sales_Status,Reached Out - Pending Response,,
006WR00000wkAkEYAU,Butler Brothers Building,Sales_Status,Reached Out - Pending Response,,
006WR00000wkAkFYAU,Townhomes of Bent Tree,Sales_Status,Reached Out - Pending Response,,
006WR00000wkAkGYAU,Old West Manor II Homeowners Association Inc,Sales_Status,Reached Out - Pending Response,,
006WR00000wkAkHYAU,Adiamo Palm Valley,Sales_Status,Reached Out - Pending Response,,
006WR00000wkAkIYAU,The Mayflower Dallas,Sales_Status,Reached Out - Pending Response,,
006WR00000wkAkJYAU,State Thomas Ravello,Sales_Status,Reached Out - Pending Response,,
006WR00000wkAkKYAU,MAA McKinney Avenue,Sales_Status,Reached Out - Pending Response,,
006WR00000wkAkLYAU,Village on the Green,Sales_Status,Contact Pending,,
006WR00000wkAkMYAU,Teak at the Branch,Sales_Status,Reached Out - Pending Response,,
006WR00000wkAkNYAU,Cedar at the Branch,Sales_Status,Reached Out - Pending Response,,
006WR00000wkAkOYAU,The Ash at the Branch,Sales_Status,Reached Out - Pending Response,,
006WR00000wkAkPYAU,Camden Greenville,Sales_Status,Reached Out - Pending Response,,
006WR00000wkAkQYAU,Villeta Apartments,Sales_Status,Reached Out - Pending Response,,
006WR00000wkAkRYAU,2 Vista Vallley Apartments/LONGMORE ESTATES CONDOS NORTH & SOUTH,Sales_Status,Reached Out - Pending Response,,
006WR00000wkAkSYAU,Santa Fe Villas,Sales_Status,Contact Pending,,
006WR00000wkAkTYAU,Fiesta Pointe,Sales_Status,Contact Pending,,
006WR00000wkAkUYAU,The Cove Apartments,Sales_Status,Contact Pending,,
006WR00000wkAkVYAU,Monterey Point Condominiums,Sales_Status,Contact Pending,,
006WR00000wkAkWYAU,Rise Broadway (old name - Broadway Gardens Condominiums),Sales_Status,Contact Pending,,
006WR00000wkAkXYAU,Alma Meadows MHC,Sales_Status,Reached Out - Pending Response,,
006WR00000wkAkYYAU,Alma Park Apartments,Sales_Status,Contact Pending,,
006WR00000wkAr0YAE,Village Green,Sales_Status,Contact Pending,,
006WR00000wkAr1YAE,Rockcliffe Apartments,Sales_Status,Contact Pending,,
006WR00000wkAr2YAE,Midland Heights,Sales_Status,Contact Pending,,
006WR00000wkAr4YAE,Parkwood Terrace,Sales_Status,Reached Out - Pending Response,,
006WR00000wkAr5YAE,Pinewood Estates,Sales_Status,Reached Out - Pending Response,,
006WR00000wkAr6YAE,Mountain Run Apartments,Sales_Status,Contact Pending,,
006WR00000wkAr7YAE,Windsong Apartments,Sales_Status,Reached Out - Pending Response,,
006WR00000wkAr8YAE,Ascent Apartments,Sales_Status,Contact Pending,,
006WR00000wkAr9YAE,Stone Oaks Apartments,Sales_Status,Contact Pending,,
006WR00000wkArAYAU,Milo at Mountain Park,Sales_Status,Contact Pending,,
006WR00000wkArBYAU,Lamplighter Estates,Sales_Status,Contact Pending,,
006WR00000wkArCYAU,Maddox Apartments,Sales_Status,Reached Out - Pending Response,,
006WR00000wkArDYAU,Harbor Steps [LOST],Sales_Status,Reached Out - Pending Response,,
006WR00000wkArEYAU,River Walk Apartments,Sales_Status,Reached Out - Pending Response,,
006WR00000wkArFYAU,River10 Apartments,Sales_Status,Reached Out - Pending Response,,
006WR00000wkArGYAU,Eden West,Sales_Status,Reached Out - Pending Response,,
006WR00000wkArHYAU,Rya Suites,Sales_Status,Reached Out - Pending Response,,
006WR00000wkArIYAU,Westchester Square,Sales_Status,Contact Pending,,
006WR00000wkArJYAU,Riverview Highlands,Sales_Status,Reached Out - Pending Response,,
006WR00000wkArKYAU,Lawrence Lofts,Sales_Status,Reached Out - Pending Response,,
006WR00000wkArLYAU,Vivace at Gateway Place,Sales_Status,Contact Pending,,
006WR00000wkArMYAU,Madison Crossing,Sales_Status,Reached Out - Pending Response,,
006WR00000wkArNYAU,The Vue at Spring Creek,Sales_Status,Reached Out - Pending Response,,
006WR00000wkArOYAU,Shannon South AVE5,Sales_Status,Contact Pending,,
006WR00000wkArPYAU,Phillipi Plaza,Sales_Status,Contact Pending,,
006WR00000wkArQYAU,Burnsville Parkway Apartments,Sales_Status,Reached Out - Pending Response,,
006WR00000wkArRYAU,Hamline Pointe [LOST],Sales_Status,Reached Out - Pending Response,,
006WR00000wkArSYAU,Peppermill Lofts,Sales_Status,Reached Out - Pending Response,,
006WR00000wkArTYAU,Reserve at Metolius [LOST],Sales_Status,Contact Pending,,
006WR00000wkArUYAU,Maple Park,Sales_Status,Contact Pending,,
006WR00000wkArVYAU,Skywater at Town Lake,Sales_Status,Contact Pending,,
006WR00000wkArWYAU,Woodland West,Sales_Status,Contact Pending,,
006WR00000wkArXYAU,Cascade Apartments,Sales_Status,Contact Pending,,
006WR00000wkArYYAU,Colonial Village,Sales_Status,Contact Pending,,
006WR00000wkArZYAU,Brookside Condos,Sales_Status,Reached Out - Pending Response,,
006WR00000wkAraYAE,Jefferson West,Sales_Status,Contact Pending,,
006WR00000wkArbYAE,Greenhouse Apartments,Sales_Status,Reached Out - Pending Response,,
006WR00000wkArcYAE,Audenn Apartments,Sales_Status,Reached Out - Pending Response,,
006WR00000wkArdYAE,Shoreview Grand Apartments,Sales_Status,Reached Out - Pending Response,,
006WR00000wkAreYAE,Saddlebrook Apartments,Sales_Status,Contact Pending,,
006WR00000wkArgYAE,Arioso Apartments,Sales_Status,Reached Out - Pending Response,,
006WR00000wkArhYAE,Perry & Rio Salado,Sales_Status,Contact Pending,,
006WR00000wkAriYAE,High Pointe,Sales_Status,Contact Pending,,
006WR00000wkArjYAE,Symphony,Sales_Status,Reached Out - Pending Response,,
006WR00000wkArkYAE,Pines at Marston Lake,Sales_Status,Reached Out - Pending Response,,
006WR00000wkArlYAE,Ingersoll Towers,Sales_Status,Contact Pending,,
006WR00000wkArmYAE,Plaza Manor,Sales_Status,Contact Pending,,
006WR00000wkArnYAE,Mansions at Jordan Creek,Sales_Status,Contact Pending,,
006WR00000wkAroYAE,Crescent Chase,Sales_Status,Contact Pending,,
006WR00000wkArpYAE,Sugar Pine,Sales_Status,Contact Pending,,
006WR00000wkArqYAE,Alterra Apartments,Sales_Status,Reached Out - Pending Response,,
006WR00000wkArrYAE,Astoria Senior Living,Sales_Status,Reached Out - Pending Response,,
006WR00000wkArsYAE,Castlebrook Condos,Sales_Status,Contact Pending,,
006WR00000wkArtYAE,Bridlewood Apartments,Sales_Status,Contact Pending,,
006WR00000wkAruYAE,The Village at Westchester,Sales_Status,Contact Pending,,
006WR00000wkArvYAE,Sherwood Glen,Sales_Status,Contact Pending,,
006WR00000wkArwYAE,Palm Terrace,Sales_Status,Reached Out - Pending Response,,
006WR00000wkAs0YAE,Deer Creek,Sales_Status,Contact Pending,,
006WR00000wkAs1YAE,Selway Apartments,Sales_Status,Contact Pending,,
006WR00000wkAs2YAE,Washington Manor,Sales_Status,Contact Pending,,
006WR00000wkAs3YAE,Tropicana Villas,Sales_Status,Reached Out - Pending Response,,
006WR00000wkAs4YAE,San Palmas,Sales_Status,Contact Pending,,
006WR00000wkAs5YAE,Seattle Heights,Sales_Status,Reached Out - Pending Response,,
006WR00000wkAs6YAE,The Cassidy at Western Hills,Sales_Status,Contact Pending,,
006WR00000wkAs7YAE,Canterbury at Riverwalk,Sales_Status,Reached Out - Pending Response,,
006WR00000wkAs8YAE,CW Moore Apartments,Sales_Status,Contact Pending,,
006WR00000wkAs9YAE,Westerley,Sales_Status,Reached Out - Pending Response,,
006WR00000wkAsAYAU,Bellaire Ranch Apartments,Sales_Status,Reached Out - Pending Response,,
006WR00000wkAsBYAU,Trails at San Tan,Sales_Status,Reached Out - Pending Response,,
006WR00000wkAsCYAU,Alcove at the Islands,Sales_Status,Reached Out - Pending Response,,
006WR00000wkAsDYAU,Stillwater Rivulon,Sales_Status,Contact Pending,,
006WR00000wkAsEYAU,West Sixth Tempe,Sales_Status,Contact Pending,,
006WR00000wkAsFYAU,Novus 3G,Sales_Status,Contact Pending,,
006WR00000wkAsGYAU,Studio 710,Sales_Status,Contact Pending,,
006WR00000wkAsHYAU,Town Chandler,Sales_Status,Contact Pending,,
006WR00000wkAsIYAU,The Reserve at Gilbert Towne Center,Sales_Status,Contact Pending,,
006WR00000wkAsJYAU,Espiral Apartments,Sales_Status,Reached Out - Pending Response,,
006WR00000wkAsKYAU,The Gilmore,Sales_Status,Contact Pending,,
006WR00000wkAsLYAU,Tempe Station,Sales_Status,Contact Pending,,
006WR00000wkAsMYAU,Verena at Gilbert,Sales_Status,Contact Pending,,
006WR00000wkAsNYAU,Dobson Towne Centre Apartments,Sales_Status,Contact Pending,,
006WR00000wkAsOYAU,Tuscany at Gabriella Pointe,Sales_Status,Contact Pending,,
006WR00000wkAsPYAU,Skyview,Sales_Status,Contact Pending,,
006WR00000wkAsQYAU,The Alyssa,Sales_Status,Contact Pending,,
006WR00000wkAsRYAU,Trevi,Sales_Status,Contact Pending,,
006WR00000wkAsSYAU,La Vida Del Mar [Assisted Living],Sales_Status,Reached Out - Pending Response,,
006WR00000wkAsTYAU,Vue Nineteen 01,Sales_Status,Contact Pending,,
006WR00000wkAsUYAU,Nollie,Sales_Status,Contact Pending,,
006WR00000wkAsVYAU,The Local,Sales_Status,Contact Pending,,
006WR00000wkAsWYAU,Paseo on University,Sales_Status,Contact Pending,,
006WR00000wkAsXYAU,Trovita Rio,Sales_Status,Contact Pending,,
006WR00000wkAsYYAU,Nexa Apartments,Sales_Status,Contact Pending,,
006WR00000wkAsZYAU,Skye at McClintock Station,Sales_Status,Contact Pending,,
006WR00000wkAsaYAE,San Cervantes,Sales_Status,Contact Pending,,
006WR00000wkAsbYAE,The Cameron,Sales_Status,Contact Pending,,
006WR00000wkAscYAE,The Curve at Gilbert,Sales_Status,Contact Pending,,
006WR00000wkAsdYAE,Pier 202,Sales_Status,Contact Pending,,
006WR00000wkAseYAE,The Hyve,Sales_Status,Contact Pending,,
006WR00000wkAsfYAE,Vista Way Village,Sales_Status,Reached Out - Pending Response,,
006WR00000wkAsgYAE,The Aubrey,Sales_Status,Contact Pending,,
006WR00000wkAshYAE,Soltra at SanTan Village,Sales_Status,Contact Pending,,
006WR00000wkAsiYAE,The Higley,Sales_Status,Contact Pending,,
006WR00000wkBFBYA2,Connect at First Creek,Sales_Status,Contact Pending,,
006WR00000wkBFCYA2,Delphi Falls,Sales_Status,Contact Pending,,
006WR00000wkBFDYA2,Bay Country MHP,Sales_Status,Contact Pending,,
006WR00000wkBFEYA2,Grove City MHP,Sales_Status,Contact Pending,,
006WR00000wkBFFYA2,Luxor MHP,Sales_Status,Contact Pending,,
006WR00000wkBFGYA2,Hannibal Estates,Sales_Status,Contact Pending,,
006WR00000wkBFHYA2,Dover Bridge Park,Sales_Status,Contact Pending,,
006WR00000wkBFIYA2,Echo Ridge at North Hills,Sales_Status,Contact Pending,,
006WR00000wkBFJYA2,Sunny Creek Estates,Sales_Status,Contact Pending,,
006WR00000wkBFKYA2,White Pines,Sales_Status,Contact Pending,,
006WR00000wkBFLYA2,Pine Valley Estates,Sales_Status,Contact Pending,,
006WR00000wkBFMYA2,Pinehurst Manor,Sales_Status,Contact Pending,,
006WR00000wkBFNYA2,Winstead MHP,Sales_Status,Contact Pending,,
006WR00000wkBFOYA2,Roberts MHC,Sales_Status,Contact Pending,,
006WR00000wkBFPYA2,Suburban Acres,Sales_Status,Contact Pending,,
006WR00000wkBFQYA2,The Oaks(Asset E),Sales_Status,Contact Pending,,
006WR00000wkBFRYA2,Perry MHC,Sales_Status,Contact Pending,,
006WR00000wkBFSYA2,Oak Hills,Sales_Status,Contact Pending,,
006WR00000wkBFTYA2,The Station Apartments,Sales_Status,Contact Pending,,
006WR00000wkBFUYA2,Osito Ridge,Sales_Status,Contact Pending,,
006WR00000wkBFVYA2,Western Estates,Sales_Status,Contact Pending,,
006WR00000wkBFWYA2,Buckeye Lake MHP,Sales_Status,Contact Pending,,
006WR00000wkBFXYA2,Bernie's MHP,Sales_Status,Contact Pending,,
006WR00000wkBFYYA2,Baxters,Sales_Status,Contact Pending,,
006WR00000wkBFZYA2,Deerwood MHC,Sales_Status,Contact Pending,,
006WR00000wkBFaYAM,Long Meadow MHP,Sales_Status,Contact Pending,,
006WR00000wkBFbYAM,HC - Flanders MHP,Sales_Status,Contact Pending,,
006WR00000wkBFcYAM,Easy Living Community,Sales_Status,Contact Pending,,
006WR00000wkBFdYAM,Jones Estates Greentree OH LLC,Sales_Status,Contact Pending,,
006WR00000wkBFeYAM,Jones Estates Miamisport IN LLC,Sales_Status,Contact Pending,,
006WR00000wkBFfYAM,Green Hill,Sales_Status,Contact Pending,,
006WR00000wkBFgYAM,Mill Road Estates,Sales_Status,Contact Pending,,
006WR00000wkBFhYAM,Lake Shore Court (Part of Buckeye Lake MHP above),Sales_Status,Contact Pending,,
006WR00000wkBFiYAM,Glen Lake MHP,Sales_Status,Contact Pending,,
006WR00000wkBFjYAM,Franklin Village,Sales_Status,Contact Pending,,
006WR00000wkBFkYAM,Mill 8,Sales_Status,Contact Pending,,
006WR00000wkBFlYAM,Valley View (Asset E),Sales_Status,Contact Pending,,
006WR00000wkBFmYAM,Skyview Terrace,Sales_Status,Contact Pending,,
006WR00000wkBFnYAM,The Pines,Sales_Status,Contact Pending,,
006WR00000wkBFoYAM,Princeton Village,Sales_Status,Contact Pending,,
006WR00000wkBFpYAM,Waterside (fka Staton MHP),Sales_Status,Contact Pending,,
006WR00000wkBFqYAM,Tropicana MHP,Sales_Status,Contact Pending,,
006WR00000wkBFrYAM,Salamonie Estates,Sales_Status,Contact Pending,,
006WR00000wkBFsYAM,Osage,Sales_Status,Contact Pending,,
006WR00000wkBFtYAM,58 Space Garden Spot Mobile Home Park,Sales_Status,Contact Pending,,
006WR00000wkBFuYAM,Copper Springs Retirement Community,Sales_Status,Contact Pending,,
006WR00000wkBFvYAM,Country Club Heights Condominiums,Sales_Status,Contact Pending,,
006WR00000wkBFwYAM,American Groves,Sales_Status,Contact Pending,,
006WR00000wkBFxYAM,Culdesac Tempe,Sales_Status,Contact Pending,,
006WR00000wkBFyYAM,Holiday Palms Active 55+ Community(MHP),Sales_Status,Contact Pending,,
006WR00000wkBFzYAM,Legacy on Main II,Sales_Status,Contact Pending,,
006WR00000wkBG0YAM,Escobedo at Verde Vista,Sales_Status,Contact Pending,,
006WR00000wkBG1YAM,Parkhaven Estates & RV Resort (MHP),Sales_Status,Contact Pending,,
006WR00000wkBG2YAM,Vivo Living Mesa,Sales_Status,Contact Pending,,
006WR00000wkBG3YAM,NOVEL Val Vista,Sales_Status,Contact Pending,,
006WR00000wkBG4YAM,Westmount at Downtown Tempe,Sales_Status,Contact Pending,,
006WR00000wkBG5YAM,1st Avenue Apartments (Old Name - Southwest Villa),Sales_Status,Contact Pending,,
006WR00000wkBG6YAM,Villas on Ash,Sales_Status,Contact Pending,,
006WR00000wkBG7YAM,Gilbert Greens,Sales_Status,Reached Out - Pending Response,,
006WR00000wkBG8YAM,Atlas Mesa,Sales_Status,Contact Pending,,
006WR00000wkBG9YAM,201 S Crismon Rd (MHP),Sales_Status,Contact Pending,,
006WR00000wkBGAYA2,Asteria Apartment Homes,Sales_Status,Contact Pending,,
006WR00000wkBGBYA2,Aura Watermark,Sales_Status,Contact Pending,,
006WR00000wkBGCYA2,Avana Coronado,Sales_Status,Contact Pending,,
006WR00000wkBGDYA2,Arches at Hidden Creek,Sales_Status,Contact Pending,,
006WR00000wkBGEYA2,Borrego at Spectrum,Sales_Status,Contact Pending,,
006WR00000wkBGFYA2,BB Living at Higley Park,Sales_Status,Contact Pending,,
006WR00000wkBGGYA2,Avanterra Town Square,Sales_Status,Contact Pending,,
006WR00000wkBGHYA2,Metro on Main,Sales_Status,Contact Pending,,
006WR00000wkBGIYA2,IMT Riverview,Sales_Status,Contact Pending,,
006WR00000wkBGJYA2,MAA City Gate,Sales_Status,Contact Pending,,
006WR00000wkBGKYA2,Inspira Gateway,Sales_Status,Contact Pending,,
006WR00000wkBGLYA2,Moxie,Sales_Status,Contact Pending,,
006WR00000wkBGMYA2,Elevation San Tan,Sales_Status,Contact Pending,,
006WR00000wkBGNYA2,Lakeside,Sales_Status,Contact Pending,,
006WR00000wkBGOYA2,Gateway at Cooley Station,Sales_Status,Contact Pending,,
006WR00000wkBGPYA2,Vantage Point Apartments,Sales_Status,Reached Out - Pending Response,,
006WR00000wkBGQYA2,Vistara at SanTan Village,Sales_Status,Contact Pending,,
006WR00000wkBGRYA2,Redstone at SanTan Village,Sales_Status,Contact Pending,,
006WR00000wkBGSYA2,Sierra Estates (MHP),Sales_Status,Contact Pending,,
006WR00000wkBGTYA2,Trax at Cooley Station,Sales_Status,Contact Pending,,
006WR00000wkBGUYA2,San Villante,Sales_Status,Contact Pending,,
006WR00000wkBGVYA2,The District Lofts,Sales_Status,Contact Pending,,
006WR00000wkBGWYA2,Serena Shores,Sales_Status,Reached Out - Pending Response,,
006WR00000wkBGXYA2,Station21,Sales_Status,Contact Pending,,
006WR00000wkBGYYA2,Olive Apartments,Sales_Status,Contact Pending,,
006WR00000wkBGZYA2,The Julia,Sales_Status,Reached Out - Pending Response,,
006WR00000wkBGaYAM,Metro at Downtown Mesa,Sales_Status,Contact Pending,,
006WR00000wkBGbYAM,6th St & South Rural Rd,Sales_Status,Contact Pending,,
006WR00000wkBGcYAM,211 E 7th St,Sales_Status,Contact Pending,,
006WR00000wkBGdYAM,Aura Apache,Sales_Status,Contact Pending,,
006WR00000wkBGeYAM,Highlands At Spectrum,Sales_Status,Contact Pending,,
006WR00000wkBGfYAM,Icon at Cooley Station,Sales_Status,Contact Pending,,
006WR00000wkBGgYAM,Legacy on Main,Sales_Status,Contact Pending,,
006WR00000wkBGhYAM,SanTan by Baron,Sales_Status,Reached Out - Pending Response,,
006WR00000wkBGiYAM,Town Commons,Sales_Status,Contact Pending,,
006WR00000wkBGjYAM,Valle Del Oro (MHP),Sales_Status,Contact Pending,,
006WR00000wkBGkYAM,The Tyler,Sales_Status,Contact Pending,,
006WR00000wkBGlYAM,X-b Trailer Ranch-107 Spaces (MHP),Sales_Status,Contact Pending,,
006WR00000wkBGmYAM,San Privada,Sales_Status,Contact Pending,,
006WR00000wkBGnYAM,The Villages at Park Center,Sales_Status,Contact Pending,,
006WR00000wkBThYAM,5252 S Cornell Ave,Sales_Status,Contact Pending,,
006WR00000wkBTiYAM,Clove Apartments,Sales_Status,Reached Out - Pending Response,,
006WR00000wkBTjYAM,5300-5308 S. Greenwood Avenue,Sales_Status,Contact Pending,,
006WR00000wkBTkYAM,Sun Life RV Resort,Sales_Status,Contact Pending,,
006WR00000wkBTlYAM,5300-5308 S. Hyde Park Boulevard,Sales_Status,Contact Pending,,
006WR00000wkBTmYAM,Azle Oaks Apartments,Sales_Status,Reached Out - Pending Response,,
006WR00000wkBTnYAM,5300 South Drexel,Sales_Status,Contact Pending,,
006WR00000wkBToYAM,Orchard Park Apartments,Sales_Status,Reached Out - Pending Response,,
006WR00000wkBTpYAM,5034-5046 S. Woodlawn Avenue,Sales_Status,Contact Pending,,
006WR00000wkBTqYAM,Woodbridge Senior Living [Connect55+],Sales_Status,Contact Pending,,
006WR00000wkBTrYAM,5320-5326.5 S. Drexel Boulevard,Sales_Status,Contact Pending,,
006WR00000wkBTsYAM,The Cape,Sales_Status,Contact Pending,,
006WR00000wkBTtYAM,5325 S. Hyde Park Boulevard,Sales_Status,Contact Pending,,
006WR00000wkBTuYAM,Indian Hills Village Apartments,Sales_Status,Reached Out - Pending Response,,
006WR00000wkBTvYAM,5326-5336 S. Greenwood Avenue,Sales_Status,Contact Pending,,
006WR00000wkBTwYAM,5335-5337 S. Woodlawn Avenue,Sales_Status,Contact Pending,,
006WR00000wkBTxYAM,The Springs,Sales_Status,Contact Pending,,
006WR00000wkBTyYAM,5335-5345 S. Kimbark Avenue,Sales_Status,Contact Pending,,
006WR00000wkBTzYAM,Luma Lane Apartments,Sales_Status,Reached Out - Pending Response,,
006WR00000wkBU0YAM,5336-5338 S. Hyde Park Boulevard,Sales_Status,Contact Pending,,
006WR00000wkBU1YAM,5337 S. Hyde Park Boulevard,Sales_Status,Contact Pending,,
006WR00000wkBU2YAM,Emerson Mill Avenue,Sales_Status,Contact Pending,,
006WR00000wkBU3YAM,5339-5345 S. Woodlawn,Sales_Status,Contact Pending,,
006WR00000wkBU5YAM,5355-5361 S. Cottage Grove,Sales_Status,Contact Pending,,
006WR00000wkBU6YAM,5400-5408 S. Ingleside,Sales_Status,Contact Pending,,
006WR00000wkBU7YAM,5401-5403 S. Woodlawn,Sales_Status,Contact Pending,,
006WR00000wkBU8YAM,5401-5405 S. Drexel Boulevard,Sales_Status,Contact Pending,,
006WR00000wkBU9YAM,5401-5409 S. Cottage Grove Avenue,Sales_Status,Contact Pending,,
006WR00000wkBUAYA2,5405-5407 S. Woodlawn Avenue,Sales_Status,Contact Pending,,
006WR00000wkBUBYA2,5409 S. Blackstone,Sales_Status,Contact Pending,,
006WR00000wkBUCYA2,5411-5421 S. Ellis Avenue,Sales_Status,Contact Pending,,
006WR00000wkBUDYA2,Chisholm Trail Senior Village,Sales_Status,Reached Out - Pending Response,,
006WR00000wkBUEYA2,5415 S. Woodlawn Avenue,Sales_Status,Contact Pending,,
006WR00000wkBUFYA2,5416 S. Woodlawn Avenue,Sales_Status,Contact Pending,,
006WR00000wkBUGYA2,5427 S. Greenwood,Sales_Status,Contact Pending,,
006WR00000wkBUHYA2,5429 S. Woodlawn Avenue,Sales_Status,Contact Pending,,
006WR00000wkBUIYA2,5452-5466 S. Ellis Avenue,Sales_Status,Contact Pending,,
006WR00000wkBUJYA2,5457-5459 S. Blackstone Avenue,Sales_Status,Contact Pending,,
006WR00000wkBUKYA2,5468-70 S. Hyde Park Boulevard,Sales_Status,Contact Pending,,
006WR00000wkBULYA2,Aviator West 7th Apartments,Sales_Status,Contact Pending,,
006WR00000wkBUMYA2,5474-5480 S. Hyde Park Boulevard,Sales_Status,Contact Pending,,
006WR00000wkBUNYA2,5487-5491 S. Hyde Park Boulevard,Sales_Status,Contact Pending,,
006WR00000wkBUOYA2,5500 S. Cornell,Sales_Status,Contact Pending,,
006WR00000wkBUPYA2,520 Samuels Ave - The Franklin At Samuels Ave Apartments,Sales_Status,Contact Pending,,
006WR00000wkBUQYA2,5501 S. Cornell,Sales_Status,Contact Pending,,
006WR00000wkBURYA2,5507-5509 S. Hyde Park Boulevard,Sales_Status,Contact Pending,,
006WR00000wkBUSYA2,5508 S. Cornell Avenue,Sales_Status,Contact Pending,,
006WR00000wkBUTYA2,5512 S. Hyde Park Boulevard,Sales_Status,Contact Pending,,
006WR00000wkBUUYA2,5524-5526 S. Everett Avenue,Sales_Status,Contact Pending,,
006WR00000wkBUVYA2,5528-5532 S. Everett Avenue,Sales_Status,Contact Pending,,
006WR00000wkBUWYA2,5528 S. Cornell Avenue,Sales_Status,Contact Pending,,
006WR00000wkBUXYA2,5532 S. Kimbark Avenue,Sales_Status,Contact Pending,,
006WR00000wkBUYYA2,5533 S. Blackstone,Sales_Status,Contact Pending,,
006WR00000wkBUZYA2,5535 S. Kimbark Avenue,Sales_Status,Contact Pending,,
006WR00000wkBUaYAM,5557-59 S. University Avenue,Sales_Status,Contact Pending,,
006WR00000wkBUbYAM,5623 S. Dorchester,Sales_Status,Contact Pending,,
006WR00000wkBUcYAM,Bexley at Left Bank II Apartments,Sales_Status,Contact Pending,,
006WR00000wkBUdYAM,5700 S. Blackstone,Sales_Status,Contact Pending,,
006WR00000wkBUeYAM,Riviera park Apartments,Sales_Status,Contact Pending,,
006WR00000wkBUfYAM,5706-10 S. Blackstone Ave,Sales_Status,Contact Pending,,
006WR00000wkBUgYAM,Axis Waterfront Apartments,Sales_Status,Contact Pending,,
006WR00000wkBUhYAM,5715-5725 S. Kimbark Avenue,Sales_Status,Contact Pending,,
006WR00000wkBUiYAM,918 E. Hyde Park Boulevard,Sales_Status,Contact Pending,,
006WR00000wkBUjYAM,925 E. 46th Street Apartments,Sales_Status,Contact Pending,,
006WR00000wkBUkYAM,Algonquin Apartments,Sales_Status,Contact Pending,,
006WR00000wkBUlYAM,City Hyde Park,Sales_Status,Contact Pending,,
006WR00000wkBUmYAM,Ascend at Chisholm Trail Apartments,Sales_Status,Contact Pending,,
006WR00000wkBUnYAM,Cloisters,Sales_Status,Contact Pending,,
006WR00000wkBUoYAM,Cornell Terrace,Sales_Status,Contact Pending,,
006WR00000wkBUpYAM,Marland Place,Sales_Status,Reached Out - Pending Response,,
006WR00000wkBUqYAM,Canfield Apartments,Sales_Status,Contact Pending,,
006WR00000wkBUrYAM,3445 S Rhodes Ave,Sales_Status,Contact Pending,,
006WR00000wkBUsYAM,Adams Park Apartments,Sales_Status,Contact Pending,,
006WR00000wkBUtYAM,Encore Landing Apartment Homes,Sales_Status,Contact Pending,,
006WR00000wkBUuYAM,3440 S Cottage Grove,Sales_Status,Contact Pending,,
006WR00000wkBUvYAM,Canal Station,Sales_Status,Contact Pending,,
006WR00000wkBUwYAM,1018 E. 54th Street,Sales_Status,Contact Pending,,
006WR00000wkBUxYAM,Bristol Park at Eagle Mountain,Sales_Status,Reached Out - Pending Response,,
006WR00000wkBUyYAM,1101 E. Hyde Park Boulevard,Sales_Status,Contact Pending,,
006WR00000wkBUzYAM,1154-56 E. 56th Street,Sales_Status,Contact Pending,,
006WR00000wkBV0YAM,1321 E. 57th St,Sales_Status,Contact Pending,,
006WR00000wkBV1YAM,1323 E. 57th St,Sales_Status,Contact Pending,,
006WR00000wkBV2YAM,1358 E. 58th Street,Sales_Status,Contact Pending,,
006WR00000wkBV3YAM,1400 E. 57th Street,Sales_Status,Contact Pending,,
006WR00000wkBV4YAM,Amber Court,Sales_Status,Contact Pending,,
006WR00000wkBV5YAM,Bridges of San Ramon,Sales_Status,Contact Pending,,
006WR00000wkBV6YAM,Carlyle,Sales_Status,Contact Pending,,
006WR00000wkBV7YAM,Cotton Wood,Sales_Status,Contact Pending,,
006WR00000wkBV8YAM,Campbell Run,Sales_Status,Contact Pending,,
006WR00000wkBV9YAM,1413-15 E. 57th St,Sales_Status,Contact Pending,,
006WR00000wkBVAYA2,1440-1450 E. 52nd Street,Sales_Status,Contact Pending,,
006WR00000wkBVBYA2,1515-1521 E. 54th Street,Sales_Status,Contact Pending,,
006WR00000wkBVCYA2,Cedar Park Apartments,Sales_Status,Contact Pending,,
006WR00000wkBVDYA2,Asbury Park Apartments,Sales_Status,Reached Out - Pending Response,,
006WR00000wkBVEYA2,Brazos Park Apartments,Sales_Status,Reached Out - Pending Response,,
006WR00000wkBVFYA2,Crystal Falls Crossing,Sales_Status,Reached Out - Pending Response,,
006WR00000wkBVGYA2,Clear Creek Meadows,Sales_Status,Reached Out - Pending Response,,
006WR00000wkBVHYA2,Belle Oaks Apartments,Sales_Status,Reached Out - Pending Response,,
006WR00000wkBVIYA2,Chappell Oaks Apartments,Sales_Status,Reached Out - Pending Response,,
006WR00000wkBn3YAE,Cove Village Apartments,Sales_Status,Reached Out - Pending Response,,
006WR00000wkBn4YAE,Brookview Village Apartments,Sales_Status,Reached Out - Pending Response,,
006WR00000wkBn5YAE,Autumn Chase Apartments,Sales_Status,Contact Pending,,
006WR00000wkBn7YAE,Avana River Park Apartments,Sales_Status,Contact Pending,,
006WR00000wkBn8YAE,Fox Meadows Apartments,Sales_Status,Contact Pending,,
006WR00000wkBn9YAE,500 Flats Apartments,Sales_Status,Reached Out - Pending Response,,
006WR00000wkBnAYAU,Solstice on the Park,Sales_Status,Contact Pending,,
006WR00000wkBnBYAU,Butler Place Apartments,Sales_Status,Contact Pending,,
006WR00000wkBnCYAU,Bear Creek at Hardwood,Sales_Status,Contact Pending,,
006WR00000wkBnDYAU,Bell City Line,Sales_Status,Contact Pending,,
006WR00000wkBnEYAU,Belmond,Sales_Status,Contact Pending,,
006WR00000wkBnFYAU,Bell Tower,Sales_Status,Contact Pending,,
006WR00000wkBnGYAU,Cameron Creek,Sales_Status,Reached Out - Pending Response,,
006WR00000wkBnHYAU,Canopy Homes,Sales_Status,Contact Pending,,
006WR00000wkBnIYAU,Casa Place Apartments,Sales_Status,Contact Pending,,
006WR00000wkBnJYAU,Ash Lane,Sales_Status,Reached Out - Pending Response,,
006WR00000wkBnKYAU,Community Place Apartments,Sales_Status,Contact Pending,,
006WR00000wkBnLYAU,AAA Properties dba Chateau Apartments,Sales_Status,Contact Pending,,
006WR00000wkBnMYAU,Center Point Apartments,Sales_Status,Reached Out - Pending Response,,
006WR00000wkBnNYAU,Bridges at Deer Run,Sales_Status,Contact Pending,,
006WR00000wkBnOYAU,Clark Ridge Canyon,Sales_Status,Reached Out - Pending Response,,
006WR00000wkBnPYAU,Chapel Brook Apartments,Sales_Status,Contact Pending,,
006WR00000wkBnQYAU,Cantera Apartment Homes,Sales_Status,Contact Pending,,
006WR00000wkBnRYAU,Copperfield Village AKA Morada Victoria East,Sales_Status,Contact Pending,,
006WR00000wkBnSYAU,Cornell at Midtown,Sales_Status,Contact Pending,,
006WR00000wkBnTYAU,Chateau Apartments,Sales_Status,Contact Pending,,
006WR00000wkBnUYAU,Chapel Creek Apartments,Sales_Status,Contact Pending,,
006WR00000wkBnVYAU,Bear Grounds,Sales_Status,Contact Pending,,
006WR00000wkBnWYAU,Country Club Apartments,Sales_Status,Contact Pending,,
006WR00000wkBnXYAU,Chase Place,Sales_Status,Contact Pending,,
006WR00000wkBnYYAU,Bent Tree Trails Apartments,Sales_Status,Reached Out - Pending Response,,
006WR00000wkBnZYAU,2929 Wycliff,Sales_Status,Contact Pending,,
006WR00000wkBnaYAE,Bella Vista Apartments,Sales_Status,Contact Pending,,
006WR00000wkBnbYAE,Crest Oasis,Sales_Status,Reached Out - Pending Response,,
006WR00000wkBncYAE,Central Square at Frisco Square,Sales_Status,Contact Pending,,
006WR00000wkBndYAE,Abbey Glenn,Sales_Status,Contact Pending,,
006WR00000wkBneYAE,Clarendale at Indian Lake,Sales_Status,Contact Pending,,
006WR00000wkBnfYAE,1809 on Cox Apartments,Sales_Status,Contact Pending,,
006WR00000wkBngYAE,The Delaney at Lake Waco,Sales_Status,Contact Pending,,
006WR00000wkBnhYAE,Drexel Grand,Sales_Status,Contact Pending,,
006WR00000wkBniYAE,The Delaney at Parkway Lakes,Sales_Status,Contact Pending,,
006WR00000wkBnjYAE,Drexel Terrace,Sales_Status,Contact Pending,,
006WR00000wkBnkYAE,The Delaney at South Shore,Sales_Status,Contact Pending,,
006WR00000wkBnlYAE,East Park Tower,Sales_Status,Contact Pending,,
006WR00000wkBnmYAE,Ellis Court,Sales_Status,Contact Pending,,
006WR00000wkBnnYAE,Greenwood 5201,Sales_Status,Contact Pending,,
006WR00000wkBnoYAE,Harper Court,Sales_Status,Contact Pending,,
006WR00000wkBnpYAE,Adams Bend Apartments,Sales_Status,Contact Pending,,
006WR00000wkBnqYAE,Kenwood Court,Sales_Status,Contact Pending,,
006WR00000wkBnrYAE,Branch Creek Apartments,Sales_Status,Contact Pending,,
006WR00000wkBnsYAE,Carrara at Cole33,Sales_Status,Contact Pending,,
006WR00000wkBntYAE,Maple Court,Sales_Status,Contact Pending,,
006WR00000wkBnuYAE,Paramour,Sales_Status,Contact Pending,,
006WR00000wkBnvYAE,Ashford Apartments,Sales_Status,Contact Pending,,
006WR00000wkBnwYAE,Shoreland,Sales_Status,Contact Pending,,
006WR00000wkBnxYAE,Carrollton Park of North Dallas,Sales_Status,Reached Out - Pending Response,,
006WR00000wkBnyYAE,The Blackwood,Sales_Status,Contact Pending,,
006WR00000wkBnzYAE,The Del Prado,Sales_Status,Contact Pending,,
006WR00000wkBo0YAE,Andalusian Gate,Sales_Status,Reached Out - Pending Response,,
006WR00000wkBo1YAE,The Pepperland,Sales_Status,Contact Pending,,
006WR00000wkBo2YAE,Brookhaven,Sales_Status,Reached Out - Pending Response,,
006WR00000wkBo3YAE,The Sutherland,Sales_Status,Contact Pending,,
006WR00000wkBo4YAE,Courtney Place,Sales_Status,Contact Pending,,
006WR00000wkBo5YAE,Windermere House,Sales_Status,Contact Pending,,
006WR00000wkBo6YAE,Cortland Waters Edge,Sales_Status,Contact Pending,,
006WR00000wkBo7YAE,Aberdeen at Bellmar,Sales_Status,Contact Pending,,
006WR00000wkBo8YAE,Woodlawn Court,Sales_Status,Contact Pending,,
006WR00000wkBoAYAU,Woodlawn Terrace,Sales_Status,Contact Pending,,
006WR00000wkBoBYAU,Apple Creek,Sales_Status,Contact Pending,,
006WR00000wkBoCYAU,Cortland at West Village,Sales_Status,Contact Pending,,
006WR00000wkBoDYAU,Bell Katy Trail,Sales_Status,Contact Pending,,
006WR00000wkBoEYAU,Cityplace Heights,Sales_Status,Contact Pending,,
006WR00000wkBoFYAU,4123 Cedar Springs,Sales_Status,Contact Pending,,
006WR00000wkBoGYAU,Enchanted Hills,Sales_Status,Contact Pending,,
006WR00000wkBoHYAU,Woods Edge Apartments,Sales_Status,Contact Pending,,
006WR00000wkBoIYAU,Darby Knox District,Sales_Status,Contact Pending,,
006WR00000wkBoJYAU,Mallard Court,Sales_Status,Contact Pending,,
006WR00000wkBoKYAU,7900 at Park Central,Sales_Status,Contact Pending,,
006WR00000wkBoLYAU,The Village at Elkridge,Sales_Status,Contact Pending,,
006WR00000wkBoMYAU,Churchill on the Park,Sales_Status,Contact Pending,,
006WR00000wkBoOYAU,Potomac Garden,Sales_Status,Contact Pending,,
006WR00000wkBoPYAU,Axis at Wycliff,Sales_Status,Contact Pending,,
006WR00000wkBoQYAU,Van Allen Apartments,Sales_Status,Contact Pending,,
006WR00000wkBoRYAU,Sunrise Solar,Sales_Status,Contact Pending,,
006WR00000wkBoSYAU,Pine Park Terrace,Sales_Status,Contact Pending,,
006WR00000wkBoTYAU,Mohawk River Apartments,Sales_Status,Contact Pending,,
006WR00000wkBoUYAU,Long Pond Village,Sales_Status,Contact Pending,,
006WR00000wkBoVYAU,Homeroom Lofts,Sales_Status,Contact Pending,,
006WR00000wkBoWYAU,Halfmoon Garden Apartments,Sales_Status,Contact Pending,,
006WR00000wkBoXYAU,Grover Cleveland Apartments,Sales_Status,Contact Pending,,
006WR00000wkBoYYAU,Draper Lofts,Sales_Status,Contact Pending,,
006WR00000wkBoZYAU,Squaw Creek MHP,Sales_Status,Reached Out - Pending Response,,
006WR00000wkBoaYAE,Kently Pointe,Sales_Status,Contact Pending,,
006WR00000wkBobYAE,Country Estates,Sales_Status,Reached Out - Pending Response,,
006WR00000wkBocYAE,The Summit,Sales_Status,Contact Pending,,
006WR00000wkBodYAE,Maris Apartments,Sales_Status,Contact Pending,,
006WR00000wkBoeYAE,Deer Park,Sales_Status,Reached Out - Pending Response,,
006WR00000wkBofYAE,Keelers Corner,Sales_Status,Contact Pending,,
006WR00000wkBogYAE,Main St Flats,Sales_Status,Contact Pending,,
006WR00000wkBohYAE,Thornton Place,Sales_Status,Contact Pending,,
006WR00000wkBoiYAE,Washington Park Tower,Sales_Status,Contact Pending,,
006WR00000wkBokYAE,Shady Creek Ranch Apartments,Sales_Status,Contact Pending,,
006WR00000wkBolYAE,Apple Creek Apartments,Sales_Status,Reached Out - Pending Response,,
006WR00000wkBomYAE,Unnamed,Sales_Status,Contact Pending,,
006WR00000wkBonYAE,Aspenwood,Sales_Status,Contact Pending,,
006WR00000wkBooYAE,Parcwood,Sales_Status,Contact Pending,,
006WR00000wkBopYAE,San Marquis,Sales_Status,Contact Pending,,
006WR00000wkBoqYAE,Harbor Cove,Sales_Status,Contact Pending,,
006WR00000wkBorYAE,La Vina,Sales_Status,Contact Pending,,
006WR00000wkBosYAE,Park Hacienda,Sales_Status,Contact Pending,,
006WR00000wkBotYAE,Edgewood Park,Sales_Status,Contact Pending,,
006WR00000wkBouYAE,Metropolitan Park,Sales_Status,Contact Pending,,
006WR00000wkBovYAE,Nightingale,Sales_Status,Contact Pending,,
006WR00000wkBowYAE,Overlook at Lakemont,Sales_Status,Contact Pending,,
006WR00000wkBoxYAE,Redmond Place Apartments,Sales_Status,Contact Pending,,
006WR00000wkBoyYAE,Vue Kirkland,Sales_Status,Contact Pending,,
006WR00000wkBozYAE,Grand Reserve,Sales_Status,Reached Out - Pending Response,,
006WR00000wkBp0YAE,Centreport Lake Apartments,Sales_Status,Contact Pending,,
006WR00000wkBp1YAE,Whispering Pines,Sales_Status,Contact Pending,,
006WR00000wkBp3YAE,Chase Apartments,Sales_Status,Contact Pending,,
006WR00000wkBp4YAE,Avocado Court,Sales_Status,Contact Pending,,
006WR00000wkBp5YAE,Cedar Nettleton Apartments,Sales_Status,Contact Pending,,
006WR00000wkBp6YAE,Willow Creek Apartments,Sales_Status,Reached Out - Pending Response,,
006WR00000wkBp9YAE,River Springs at Barge Ranch,Sales_Status,Reached Out - Pending Response,,
006WR00000wkBpAYAU,Oakview Apartments,Sales_Status,Reached Out - Pending Response,,
006WR00000wkBpBYAU,Midtown Apartments,Sales_Status,Reached Out - Pending Response,,
006WR00000wkBpCYAU,Grove at Nolan Creek,Sales_Status,Reached Out - Pending Response,,
006WR00000wkBpEYAU,University Club Apartments,Sales_Status,Reached Out - Pending Response,,
006WR00000wkBpFYAU,Eagle Crest Apartments,Sales_Status,Reached Out - Pending Response,,
006WR00000wkBpGYAU,Woodbridge Crossing,Sales_Status,Contact Pending,,
006WR00000wkBpHYAU,Liberty Trails Apartments,Sales_Status,Reached Out - Pending Response,,
006WR00000wkBpIYAU,Oasis Apartments,Sales_Status,Reached Out - Pending Response,,
006WR00000wkBpJYAU,San Gabriel Crossing,Sales_Status,Reached Out - Pending Response,,
006WR00000wkBpKYAU,Oak Ridge,Sales_Status,Contact Pending,,
006WR00000wkBpLYAU,Pecan Pointe Apartments,Sales_Status,Reached Out - Pending Response,,
006WR00000wkBpMYAU,Wildflower VIllas,Sales_Status,Reached Out - Pending Response,,
006WR00000wkBpNYAU,Exchange Sunshine Apartments,Sales_Status,Contact Pending,,
006WR00000wkBpOYAU,West Avenue F Apartments,Sales_Status,Reached Out - Pending Response,,
006WR00000wkBpQYAU,Hunnington Townhomes,Sales_Status,Contact Pending,,
006WR00000wkBpRYAU,Montrose Place Apartments,Sales_Status,Reached Out - Pending Response,,
006WR00000wkBpSYAU,Stubblefield Park,Sales_Status,Reached Out - Pending Response,,
006WR00000wkBpTYAU,MAA Willow Creek,Sales_Status,Reached Out - Pending Response,,
006WR00000wkBpUYAU,MAA Shoal Creek,Sales_Status,Reached Out - Pending Response,,
006WR00000wkBpVYAU,MAA Windmill Hill,Sales_Status,Reached Out - Pending Response,,
006WR00000wkBpWYAU,Station 42,Sales_Status,Reached Out - Pending Response,,
006WR00000wkBpXYAU,The Atlantic at Kessler Park,Sales_Status,Contact Pending,,
006WR00000wkBpYYAU,Lakeside Apartments,Sales_Status,Contact Pending,,
006WR00000wkBpZYAU,The Greens at Hickory Trail,Sales_Status,Contact Pending,,
006WR00000wkBpaYAE,Gabriella,Sales_Status,Contact Pending,,
006WR00000wkBpbYAE,Harlowe,Sales_Status,Contact Pending,,
006WR00000wkBpcYAE,Trinity Union Apartments,Sales_Status,Reached Out - Pending Response,,
006WR00000wkBpdYAE,Westdale Hills - Doral,Sales_Status,Reached Out - Pending Response,,
006WR00000wkBpeYAE,The Retreat at River Ranch Apartments,Sales_Status,Contact Pending,,
006WR00000wkBpfYAE,The Barcelona on Chisholm Trail Apartments,Sales_Status,Contact Pending,,
006WR00000wkBpgYAE,Marine Creek Apartments,Sales_Status,Contact Pending,,
006WR00000wkBphYAE,Southern Oaks Apartments,Sales_Status,Contact Pending,,
006WR00000wkBpiYAE,The Creek on Calloway Apartments,Sales_Status,Contact Pending,,
006WR00000wkBpjYAE,The Sadie Apartments,Sales_Status,Contact Pending,,
006WR00000wkBpkYAE,The Drake on Summit Apartments,Sales_Status,Contact Pending,,
006WR00000wkBplYAE,Eastbank at Waterside,Sales_Status,Contact Pending,,
006WR00000wkBpnYAE,Tides on Post Oak Apartments,Sales_Status,Contact Pending,,
006WR00000wkBpoYAE,The Chisholm Apartments,Sales_Status,Contact Pending,,
006WR00000wkBppYAE,The Jameson at the Bluffs Apartments,Sales_Status,Contact Pending,,
006WR00000wkBpqYAE,The Cooper Apartments,Sales_Status,Contact Pending,,
006WR00000wkBprYAE,The Kelton at Clearfork,Sales_Status,Contact Pending,,
006WR00000wkBpsYAE,The Davis Apartments,Sales_Status,Contact Pending,,
006WR00000wkBptYAE,Oxford at Lake Worth Apartments,Sales_Status,Contact Pending,,
006WR00000wkBpuYAE,The George,Sales_Status,Reached Out - Pending Response,,
006WR00000wkBpvYAE,Park West Apartments,Sales_Status,Contact Pending,,
006WR00000wkBpwYAE,Mission Pointe Club,Sales_Status,Contact Pending,,
006WR00000wkBpxYAE,Kendall Villas,Sales_Status,Contact Pending,,
006WR00000wkBpzYAE,Linda Drive Apartments,Sales_Status,Contact Pending,,
006WR00000wkBq0YAE,Mercer 1900 Apartments,Sales_Status,Contact Pending,,
006WR00000wkBq1YAE,The Bluffs Apartments,Sales_Status,Contact Pending,,
006WR00000wkBq2YAE,Montfort Place,Sales_Status,Contact Pending,,
006WR00000wkBq3YAE,Eden Park at Bear Creek,Sales_Status,Contact Pending,,
006WR00000wkBq4YAE,Virtue on Azalea,Sales_Status,Contact Pending,,
006WR00000wkBq6YAE,Village on Pepper Creek,Sales_Status,Contact Pending,,
006WR00000wkBq7YAE,Villa Del Mar,Sales_Status,Contact Pending,,
006WR00000wkBq8YAE,The Preserve at Willow Park,Sales_Status,Contact Pending,,
006WR00000wkBq9YAE,Neuhaus Lake Worth,Sales_Status,Contact Pending,,
006WR00000wkBqAYAU,The Bricks on 13th,Sales_Status,Contact Pending,,
006WR00000wkBqBYAU,Parks at Addison Apartments,Sales_Status,Reached Out - Pending Response,,
006WR00000wkBqCYAU,Woodchase Apartments,Sales_Status,Reached Out - Pending Response,,
006WR00000wkBqDYAU,Merrit McGowan Manor,Sales_Status,Reached Out - Pending Response,,
006WR00000wkBqEYAU,The Atlantic Highland Park,Sales_Status,Contact Pending,,
006WR00000wkBqFYAU,The Langford,Sales_Status,Reached Out - Pending Response,,
006WR00000wkBqGYAU,Parc Plaza,Sales_Status,Reached Out - Pending Response,,
006WR00000wkC6PYAU,The Caruth,Sales_Status,Contact Pending,,
006WR00000wkC6QYAU,Jefferson Innova,Sales_Status,Contact Pending,,
006WR00000wkC6UYAU,Victorian,Sales_Status,Contact Pending,,
006WR00000wkC6WYAU,St. Charles Place,Sales_Status,Reached Out - Pending Response,,
006WR00000wkC6XYAU,Swivel,Sales_Status,Contact Pending,,
006WR00000wkC6YYAU,The Centerline Apartments,Sales_Status,Contact Pending,,
006WR00000wkC6ZYAU,Ocean Hills 55+,Sales_Status,Contact Pending,,
006WR00000wkC6aYAE,Immanuel Village,Sales_Status,Reached Out - Pending Response,,
006WR00000wkC6bYAE,Willows Apartments,Sales_Status,Contact Pending,,
006WR00000wkC6cYAE,Richland Park Apartments,Sales_Status,Contact Pending,,
006WR00000wkC6dYAE,Steeplechase On Maple,Sales_Status,Contact Pending,,
006WR00000wkC6eYAE,LivDomo 1,Sales_Status,Reached Out - Pending Response,,
006WR00000wkC6fYAE,LivDomo 2,Sales_Status,Contact Pending,,
006WR00000wkC6gYAE,LivDomo 3,Sales_Status,Contact Pending,,
006WR00000wkC6hYAE,LivDomo 4,Sales_Status,Contact Pending,,
006WR00000wkC6iYAE,LivDomo 5,Sales_Status,Contact Pending,,
006WR00000wkC6jYAE,LivDomo 7,Sales_Status,Contact Pending,,
006WR00000wkC6kYAE,Somerset Court,Sales_Status,Contact Pending,,
006WR00000wkC6lYAE,Robin Hill,Sales_Status,Contact Pending,,
006WR00000wkC6mYAE,Park Mesa,Sales_Status,Reached Out - Pending Response,,
006WR00000wkC6nYAE,The Oaks Apartments,Sales_Status,Reached Out - Pending Response,,
006WR00000wkC6oYAE,The Piedmont,Sales_Status,Contact Pending,,
006WR00000wkC6pYAE,Vero,Sales_Status,Contact Pending,,
006WR00000wkC6qYAE,Ten01 on the Lake,Sales_Status,Contact Pending,,
006WR00000wkC6rYAE,The Access,Sales_Status,Contact Pending,,
006WR00000wkC6tYAE,Madison Apartments,Sales_Status,Contact Pending,,
006WR00000wkC6uYAE,Oak Knoll Villas,Sales_Status,Contact Pending,,
006WR00000wkC6vYAE,Park View Terrace,Sales_Status,Contact Pending,,
006WR00000wkC6wYAE,The Avenue at Carlsbad,Sales_Status,Contact Pending,,
006WR00000wkC6xYAE,Terra Pointe Apartments,Sales_Status,Reached Out - Pending Response,,
006WR00000wkC6zYAE,Indian Creek,Sales_Status,Reached Out - Pending Response,,
006WR00000wkC70YAE,Mac's Mobile Home Park/ Twin Oaks II,Sales_Status,Reached Out - Pending Response,,
006WR00000wkC71YAE,Horizon House [LOST],Sales_Status,Reached Out - Pending Response,,
006WR00000wkC72YAE,Riviera Mobile Home & RV Park,Sales_Status,Reached Out - Pending Response,,
006WR00000wkC73YAE,Loveland by Broadmoor,Sales_Status,Contact Pending,,
006WR00000wkC74YAE,Shamrock Trailer Park,Sales_Status,Contact Pending,,
006WR00000wkC75YAE,Sea Aire Mobile Park,Sales_Status,Contact Pending,,
006WR00000wkC7CYAU,Highlander,Sales_Status,Contact Pending,,
006WR00000wkC7DYAU,Hidden Hills Apartments,Sales_Status,Reached Out - Pending Response,,
006WR00000wkC7EYAU,Green Oak Villas,Sales_Status,Reached Out - Pending Response,,
006WR00000wkC7FYAU,Green Valley MHP,Sales_Status,Reached Out - Pending Response,,
006WR00000wkC7IYAU,LivDomo 6,Sales_Status,Contact Pending,,
006WR00000wkC7KYAU,Lindenwood Court Apartments,Sales_Status,Contact Pending,,
006WR00000wkCkvYAE,Western Hills Condos,Sales_Status,Contact Pending,,
006WR00000wkCkyYAE,Ascot Village,Sales_Status,Reached Out - Pending Response,,
006WR00000wkCkzYAE,Millcreek Apartments,Sales_Status,Reached Out - Pending Response,,
006WR00000wkCl0YAE,Casa Antiqua Apartments,Sales_Status,Contact Pending,,
006WR00000wkCl1YAE,The Meadows Apartments,Sales_Status,Reached Out - Pending Response,,
006WR00000wkCl2YAE,Vista Manor,Sales_Status,Reached Out - Pending Response,,
006WR00000wkClAYAU,Madison at Westinghouse,Sales_Status,Reached Out - Pending Response,,
006WR00000wkClBYAU,Belterra,Sales_Status,Reached Out - Pending Response,,
006WR00000wkClHYAU,The Remington,Sales_Status,Reached Out - Pending Response,,
006WR00000wkClLYAU,Morgan Manor,Sales_Status,Reached Out - Pending Response,,
006WR00000wkClNYAU,Del Mar Beach Club,Sales_Status,Contact Pending,,
006WR00000wkClOYAU,Lakeview Apartments,Sales_Status,Reached Out - Pending Response,,
006WR00000wkClPYAU,Crestwood Apartment Homes,Sales_Status,Contact Pending,,
006WR00000wkClRYAU,Grandridge,Sales_Status,Reached Out - Pending Response,,
006WR00000wkClTYAU,The Palo Apartments,Sales_Status,Contact Pending,,
006WR00000wkClXYAU,Stafford Place,Sales_Status,Contact Pending,,
006WR00000wkClYYAU,Collection Champions Circle,Sales_Status,Contact Pending,,
006WR00000wkClZYAU,Paloma Village,Sales_Status,Contact Pending,,
006WR00000wkClaYAE,Highview Apartments,Sales_Status,Reached Out - Pending Response,,
006WR00000wkClbYAE,Solea Keller,Sales_Status,Contact Pending,,
006WR00000wkClcYAE,The Palo Townhomes,Sales_Status,Contact Pending,,
006WR00000wkCldYAE,Keystone Apartments,Sales_Status,Reached Out - Pending Response,,
006WR00000wkCleYAE,Tucker Apts AKA Brickstone Villas,Sales_Status,Contact Pending,,
006WR00000wkClfYAE,Album Keller Ranch,Sales_Status,Contact Pending,,
006WR00000wkClgYAE,Country Place,Sales_Status,Contact Pending,,
006WR00000wkClhYAE,Hutto Station Apartments,Sales_Status,Contact Pending,,
006WR00000wkCliYAE,Watermere at the Preserve,Sales_Status,Contact Pending,,
006WR00000wkClkYAE,Las Brisas,Sales_Status,Contact Pending,,
006WR00000wkCllYAE,Del Mar Shores Terrace,Sales_Status,Reached Out - Pending Response,,
006WR00000wkClnYAE,Resia Hutto Square,Sales_Status,Reached Out - Pending Response,,
006WR00000wkCloYAE,Elan at Keller Ranch,Sales_Status,Contact Pending,,
006WR00000wkClpYAE,Copper Mountain,Sales_Status,Contact Pending,,
006WR00000wkClqYAE,The Lyric at Keller Center Stage,Sales_Status,Contact Pending,,
006WR00000wkClrYAE,Enclave at Killeen,Sales_Status,Reached Out - Pending Response,,
006WR00000wkCltYAE,Twin creek,Sales_Status,Contact Pending,,
006WR00000wkClvYAE,Westminster,Sales_Status,Contact Pending,,
006WR00000wkClxYAE,NorthStar Georgetown,Sales_Status,Contact Pending,,
006WR00000wkClyYAE,The Wesleyan,Sales_Status,Reached Out - Pending Response,,
006WR00000wkClzYAE,Woodland Pines,Sales_Status,Reached Out - Pending Response,,
006WR00000wkCm6YAE,Aztec Springs Apartments,Sales_Status,Reached Out - Pending Response,,
006WR00000wkCm8YAE,Harris Apartments,Sales_Status,Contact Pending,,
006WR00000wkCm9YAE,Indian Trail Estates MHP,Sales_Status,Contact Pending,,
006WR00000wkCmAYAU,Elmwood Tower - EXISTING BULK,Sales_Status,Contact Pending,,
006WR00000wkCmLYAU,The Hillcrest,Sales_Status,Contact Pending,,
006WR00000wkCmMYAU,Allora North Georgetown,Sales_Status,Reached Out - Pending Response,,
006WR00000wkCmNYAU,Alta Austin Avenue (AKA Austin Avenue),Sales_Status,Reached Out - Pending Response,,
006WR00000wkDLrYAM,Parallax @ Georgetown,Sales_Status,Reached Out - Pending Response,,
006WR00000wkDLsYAM,Williamson At The Overlook,Sales_Status,Reached Out - Pending Response,,
006WR00000wkDLtYAM,Olympus Town Center,Sales_Status,Reached Out - Pending Response,,
006WR00000wkDLuYAM,Two Rivers Apartments,Sales_Status,Reached Out - Pending Response,,
006WR00000wkDLvYAM,Rise at Dobson Ranch,Sales_Status,Reached Out - Pending Response,,
006WR00000wkDLwYAM,Waterford Place Apartments,Sales_Status,Reached Out - Pending Response,,
006WR00000wkDLyYAM,Verona Park Apts,Sales_Status,Reached Out - Pending Response,,
006WR00000wkDLzYAM,The Joshua Apts,Sales_Status,Reached Out - Pending Response,,
006WR00000wkDM0YAM,Vista Valley Apartments,Sales_Status,Reached Out - Pending Response,,
006WR00000wkDM1YAM,The District at Fiesta Park Apts,Sales_Status,Reached Out - Pending Response,,
006WR00000wkDM3YAM,Luxe at Ocotillo,Sales_Status,Reached Out - Pending Response,,
006WR00000wkDM4YAM,Ocotillo Bay,Sales_Status,Reached Out - Pending Response,,
006WR00000wkDM5YAM,Tierra Antigua Apartments,Sales_Status,Reached Out - Pending Response,,
006WR00000wkDM6YAM,Sandstone Foothills Apartments,Sales_Status,Contact Pending,,
006WR00000wkDM7YAM,Garden Gate Apartments,Sales_Status,Reached Out - Pending Response,,
006WR00000wkDM8YAM,Stone Creek Apartments,Sales_Status,Reached Out - Pending Response,,
006WR00000wkDM9YAM,Olympus Stone Glen,Sales_Status,Reached Out - Pending Response,,
006WR00000wkDMAYA2,The Peaks Townhomes,Sales_Status,Reached Out - Pending Response,,
006WR00000wkDMBYA2,Rivery Park,Sales_Status,Reached Out - Pending Response,,
006WR00000wkDMCYA2,Rise at the District,Sales_Status,Reached Out - Pending Response,,
006WR00000wkDMDYA2,Charter Oaks,Sales_Status,Reached Out - Pending Response,,
006WR00000wkDMEYA2,Corby Street Apartments,Sales_Status,Contact Pending,,
006WR00000wkDMFYA2,Grand Oaks at Liberty Hill,Sales_Status,Reached Out - Pending Response,,
006WR00000wkDMGYA2,North Park Landing Apartments,Sales_Status,Reached Out - Pending Response,,
006WR00000wkDMHYA2,Mesa_MDU_Del Corona Apts Del Coronado,Sales_Status,Reached Out - Pending Response,,
006WR00000wkDMIYA2,Lakeridge Apartments,Sales_Status,Reached Out - Pending Response,,
006WR00000wkDMJYA2,Beacon Hill Apartments,Sales_Status,Reached Out - Pending Response,,
006WR00000wkDMKYA2,Legacy Riverside Senior Living,Sales_Status,Reached Out - Pending Response,,
006WR00000wkDMLYA2,Harmon Senior Villas,Sales_Status,Reached Out - Pending Response,,
006WR00000wkDMMYA2,Vantage at Hutto,Sales_Status,Contact Pending,,
006WR00000wkDMNYA2,Heights at 701,Sales_Status,Reached Out - Pending Response,,
006WR00000wkDMOYA2,Georgetown Place Apartments,Sales_Status,Reached Out - Pending Response,,
006WR00000wkDMPYA2,Aspire Fossil Creek,Sales_Status,Reached Out - Pending Response,,
006WR00000wkDMQYA2,The Opal Fort Worth,Sales_Status,Contact Pending,,
006WR00000wkDMRYA2,Royal Gardens,Sales_Status,Reached Out - Pending Response,,
006WR00000wkDMSYA2,Creekside at North Beach,Sales_Status,Reached Out - Pending Response,,
006WR00000wkDMUYA2,The Holston,Sales_Status,Reached Out - Pending Response,,
006WR00000wkDMVYA2,The Dorel,Sales_Status,Contact Pending,,
006WR00000wkDMWYA2,Oakwood Trail Apartments,Sales_Status,Reached Out - Pending Response,,
006WR00000wkDMXYA2,Pioneer Crossing Apartments,Sales_Status,Reached Out - Pending Response,,
006WR00000wkDMYYA2,ZAG Apartments,Sales_Status,Reached Out - Pending Response,,
006WR00000wkDMZYA2,Parkside Crossing Condominiums,Sales_Status,Reached Out - Pending Response,,
006WR00000wkDMaYAM,Silver Oak Apartments,Sales_Status,Reached Out - Pending Response,,
006WR00000wkDMbYAM,Villa Camino,Sales_Status,Reached Out - Pending Response,,
006WR00000wkDMcYAM,The Dylan,Sales_Status,Reached Out - Pending Response,,
006WR00000wkDMeYAM,Riverview Springs,Sales_Status,Reached Out - Pending Response,,
006WR00000wkDMgYAM,The Lofts at West 7th,Sales_Status,Contact Pending,,
006WR00000wkDMhYAM,Highland Park Apartments,Sales_Status,Contact Pending,,
006WR00000wkDMlYAM,Sorrento,Sales_Status,Contact Pending,,
006WR00000wkDMmYAM,Tides on Overton Ridge,Sales_Status,Contact Pending,,
006WR00000wkDMnYAM,Forest Hill Mobile Home Park,Sales_Status,Contact Pending,,
006WR00000wkDMoYAM,Lauren Apartments,Sales_Status,Contact Pending,,
006WR00000wkDMpYAM,Urban House,Sales_Status,Contact Pending,,
006WR00000wkDMqYAM,Meadow Ridge,Sales_Status,Contact Pending,,
006WR00000wkDMrYAM,Pacific Crest Apartments [OOF for Lumen],Sales_Status,Reached Out - Pending Response,,
006WR00000wkDMsYAM,Casa Grande,Sales_Status,Reached Out - Pending Response,,
006WR00000wkDMtYAM,Cedarwest Apartments,Sales_Status,Contact Pending,,
006WR00000wkDMuYAM,Poway Villas,Sales_Status,Contact Pending,,
006WR00000wkDMvYAM,Haley Ranch Estates,Sales_Status,Contact Pending,,
006WR00000wkDMwYAM,Hillside Village Apartments,Sales_Status,Contact Pending,,
006WR00000wkDMxYAM,The Hacienda at Georgetown,Sales_Status,Contact Pending,,
006WR00000wkDMyYAM,Stone Arbor,Sales_Status,Reached Out - Pending Response,,
006WR00000wkDs9YAE,Sunland Terrace Apartments_Lumen AZ,Sales_Status,Reached Out - Pending Response,,
006WR00000wkDsKYAU,Ashton Place Apartments,Sales_Status,Contact Pending,,
006WR00000wkDsLYAU,Cascade View,Sales_Status,Contact Pending,,
006WR00000wkDsMYAU,Sterling Heights Apartments,Sales_Status,Contact Pending,,
006WR00000wkDsNYAU,Avalon Park,Sales_Status,Reached Out - Pending Response,,
006WR00000wkDsOYAU,Wy'East Pointe,Sales_Status,Contact Pending,,
006WR00000wkDsPYAU,Tarnhill,Sales_Status,Reached Out - Pending Response,,
006WR00000wkDsQYAU,Viviani,Sales_Status,Reached Out - Pending Response,,
006WR00000wkDsRYAU,Pepper Ridge Apartments,Sales_Status,Reached Out - Pending Response,,
006WR00000wkDsSYAU,Coronado Springs,Sales_Status,Contact Pending,,
006WR00000wkDsTYAU,Tuscany,Sales_Status,Reached Out - Pending Response,,
006WR00000wkDsUYAU,Venicia,Sales_Status,Reached Out - Pending Response,,
006WR00000wkDsVYAU,Adiamo,Sales_Status,Reached Out - Pending Response,,
006WR00000wkDsWYAU,Madera,Sales_Status,Reached Out - Pending Response,,
006WR00000wkDsXYAU,Aspire at Tesora,Sales_Status,Reached Out - Pending Response,,
006WR00000wkDsYYAU,Tivoli,Sales_Status,Reached Out - Pending Response,,
006WR00000wkDsZYAU,Altessa,Sales_Status,Reached Out - Pending Response,,
006WR00000wkDsaYAE,Arzano,Sales_Status,Reached Out - Pending Response,,
006WR00000wkDsbYAE,Positano Apartments,Sales_Status,Reached Out - Pending Response,,
006WR00000wkDscYAE,Curtis Meadows,Sales_Status,Contact Pending,,
006WR00000wkDsdYAE,Central Pointe,Sales_Status,Contact Pending,,
006WR00000wkDseYAE,Venture Out at Mesa (MHP),Sales_Status,Reached Out - Pending Response,,
006WR00000wkDsqYAE,Casa Del Sol Envolve,Sales_Status,Reached Out - Pending Response,,
006WR00000wkDssYAE,Fiesta Village MH & RV Resort,Sales_Status,Reached Out - Pending Response,,
006WR00000wkDsuYAE,Forrest Bluff Senior Apartments,Sales_Status,Contact Pending,,
006WR00000wkDsvYAE,Park_Place (Care Center),Sales_Status,Contact Pending,,
006WR00000wkDsxYAE,Highlander Apartments,Sales_Status,Contact Pending,,
006WR00000wkDsyYAE,Knoll Creek Apartments,Sales_Status,Reached Out - Pending Response,,
006WR00000wkDt0YAE,Bel-Aire Manor,Sales_Status,Reached Out - Pending Response,,
006WR00000wkDt1YAE,The Harrison at Heritage,Sales_Status,Contact Pending,,
006WR00000wkDt2YAE,25 Space Yucca Trailer Ranch,Sales_Status,Contact Pending,,
006WR00000wkDt3YAE,Sea Crest Village Retirement Communities,Sales_Status,Reached Out - Pending Response,,
006WR00000wkDt4YAE,Charleston Court,Sales_Status,Contact Pending,,
006WR00000wkDt5YAE,Underwood Senior Housing,Sales_Status,Contact Pending,,
006WR00000wkDt6YAE,612-616 N 46 St,Sales_Status,Contact Pending,,
006WR00000wkDt7YAE,Grant Ridge Apartments,Sales_Status,Reached Out - Pending Response,,
006WR00000wkDt9YAE,Indian Creek Duplexes,Sales_Status,Contact Pending,,
006WR00000wkDtAYAU,Marlboro_Heights_Mobile Home_Park,Sales_Status,Contact Pending,,
006WR00000wkDtBYAU,KILLEEN_MDU_Henderson_Garden,Sales_Status,Contact Pending,,
006WR00000wkDtCYAU,DECATUR_MDU_Private_Rd_3176_Mobile_Park,Sales_Status,Contact Pending,,
006WR00000wkDtDYAU,Nolan Creek Mobile Park,Sales_Status,Contact Pending,,
006WR00000wkDtEYAU,Killeen_MDU_408-420 E Hallmark Ave,Sales_Status,Contact Pending,,
006WR00000wkDtFYAU,Kings Arms Apartment II,Sales_Status,Contact Pending,,
006WR00000wkDtHYAU,Landmark Oak_Mobile_Park,Sales_Status,Contact Pending,,
006WR00000wkDtIYAU,John Wesley Arms,Sales_Status,Contact Pending,,
006WR00000wkDtJYAU,Las Palmas,Sales_Status,Contact Pending,,
006WR00000wkDtKYAU,Valley View RV Park,Sales_Status,Reached Out - Pending Response,,
006WR00000wkDtLYAU,Killeen Housing Authority,Sales_Status,Contact Pending,,
006WR00000wkDtRYAU,Mac's Mobile Home Park,Sales_Status,Reached Out - Pending Response,,
006WR00000wkDtUYAU,Mobile Manor Estates,Sales_Status,Contact Pending,,
006WR00000wkDtVYAU,1301-1315 Quail_CIR_Apts,Sales_Status,Contact Pending,,
006WR00000wkDtWYAU,GEORGETOWN_MDU_101_FM971 AKA Vered at San Gabriel,Sales_Status,Contact Pending,,
006WR00000wkDtXYAU,Pelican Cove HOA,Sales_Status,Reached Out - Pending Response,,
006WR00000wkDtYYAU,ENCINITAS_MDU_Quail_Gardens,Sales_Status,Contact Pending,,
006WR00000wkDtZYAU,OMAHA_MDU_Ogden Plaza,Sales_Status,Contact Pending,,
006WR00000wkDtaYAE,Peony Park West Apartments,Sales_Status,Reached Out - Pending Response,,
006WR00000wkDtbYAE,Spindrift Apartments,Sales_Status,Contact Pending,,
006WR00000wkDtcYAE,OMAHA_MDU_3331-3337 Meredith AVE APTS,Sales_Status,Contact Pending,,
006WR00000wkDtdYAE,Highland Park Manor (HOA),Sales_Status,Contact Pending,,
006WR00000wkDtfYAE,Leucadia Rocks,Sales_Status,Contact Pending,,
006WR00000wkDtgYAE,Encinitas Villas,Sales_Status,Contact Pending,,
006WR00000wkDthYAE,El Rancho Del Sol Apartments,Sales_Status,Contact Pending,,
006WR00000wkDtiYAE,Villa Rouge,Sales_Status,Contact Pending,,
006WR00000wkDtjYAE,Ville De Sante townhomes,Sales_Status,Reached Out - Pending Response,,
006WR00000wkDtkYAE,Maple Place Apartments,Sales_Status,Contact Pending,,
006WR00000wkDtlYAE,350 E 5th Ave,Sales_Status,Contact Pending,,
006WR00000xnUSpYAM,Go Dogs,Sales_Status,Contact Pending,,
006WR00000xnfmQYAQ,Denenberg Facial Plastic Surgery,Sales_Status,Contact Pending,,
006WR00000xnw5jYAA,IT Referral Program Prospect,Sales_Status,Contact Pending,,
006WR00000xo5k5YAA,Grant Street Bar & Grill,Sales_Status,Contact Pending,,
006WR00000xoJofYAE,Dee-Sign Landscaping And Garden Shop,Sales_Status,Contact Pending,,
006WR00000xoe1tYAA,Next Millennium Mystical Books And Gifts,Sales_Status,Contact Pending,,
006WR00000xuFKAYA2,Bridgeport_MDU_Federal Housing Administration,Sales_Status,Contact Pending,,
006WR00000xuog7YAA,Omaha_MDU_1121 N 48TH ST,Sales_Status,Contact Pending,,
006WR00000xuqjXYAQ,Bridgeport_MDU_Edgewood Apartments,Sales_Status,Reached Out - Pending Response,,
006WR00000xuvORYAY,HARKER HEIGHTS_MDU_700 S Amy Ln apt,Sales_Status,Reached Out - Pending Response,,
006WR00000xuzoQYAQ,Killeen_MDU_Bradley Arms,Sales_Status,Reached Out - Pending Response,,
006WR00000xv3nEYAQ,Mesa_MDU_447-451 S Olive,Sales_Status,Contact Pending,,
006WR00000xveMwYAI,Mineral Wells_MDU_305-309 NW 4th St Apartments,Sales_Status,Reached Out - Pending Response,,
006WR00000xvtfKYAQ,Omaha_MDU_1115-1117 N 48TH ST,Sales_Status,Contact Pending,,
006WR00000xw5JvYAI,Killeen_MDU_191 N 1th St,Sales_Status,Contact Pending,,
006WR00000xw9XDYAY,Killeen_MDU_127-129 N 1th St,Sales_Status,Contact Pending,,
006WR00000xwEqDYAU,Mesa_MDU_El Rancho Del Sol Apts,Sales_Status,Contact Pending,,
006WR00000xwFazYAE,Omaha_MDU_4524 Lafayette Ave,Sales_Status,Contact Pending,,
006WR00000xwFsjYAE,Omaha_MDU_4752 NICHOLAS ST,Sales_Status,Contact Pending,,
006WR00000xwFvyYAE,Killeen_MDU_Twin Apartments,Sales_Status,Reached Out - Pending Response,,
006WR00000xwGqPYAU,Killeen_MDU_204 E Harrison Ave,Sales_Status,Reached Out - Pending Response,,
006WR00000xwGs1YAE,Taylor_MDU_Tejas Apartments,Sales_Status,Reached Out - Pending Response,,
006WR00000xwGvFYAU,Killeen_MDU_Tee Top Apartments,Sales_Status,Reached Out - Pending Response,,
006WR00000ytiKQYAY,Pelican Ridge,Sales_Status,Contact Pending,,
006WR00000ytrE5YAI,Trailer Rancho Mobile,Sales_Status,Contact Pending,,
006WR00000yuYsYYAU,Montego Village HOA,Sales_Status,Reached Out - Pending Response,,
006WR00000yueI2YAI,Calypso Legends Heritage,Sales_Status,Contact Pending,,
006WR00000yuj1ZYAQ,Emerald Lake Village HOA,Sales_Status,Reached Out - Pending Response,,
006WR00000yuqW4YAI,Beach Street Encinitas,Sales_Status,Contact Pending,,
006WR00000yutSHYAY,Cardiff Park,Sales_Status,Reached Out - Pending Response,,
006WR00000yutTtYAI,Quentin Court,Sales_Status,Contact Pending,,
006WR00000yutvPYAQ,Cardiff Park HOA,Sales_Status,Contact Pending,,
006WR00000yuxKdYAI,Mission Del Oro HOA,Sales_Status,Reached Out - Pending Response,,
006WR00000yv0X4YAI,Rancho Hermosa HOA,Sales_Status,Contact Pending,,
006WR00000yv47cYAA,Alicante Hills HOA,Sales_Status,Contact Pending,,
006WR00000yv6m8YAA,Camino Cabrillo Pvt Road,Sales_Status,Contact Pending,,
006WR00000yv7YaYAI,FoxtailLoop,Sales_Status,Reached Out - Pending Response,,
006WR00000yvLI6YAM,Riviera Mobile Homes,Sales_Status,Reached Out - Pending Response,,
006WR00000yvMMIYA2,Fairways HOA,Sales_Status,Contact Pending,,
006WR00000yvR5nYAE,Del Mar Corporate Center,Sales_Status,Contact Pending,,
006WR00000yvSJdYAM,Traditions At La Costa HOA,Sales_Status,Reached Out - Pending Response,,
006WR00000yvdF2YAI,Shamrock Mobile Estates,Sales_Status,Reached Out - Pending Response,,
006WR00000yvnHbYAI,Hilltop Trailer Park,Sales_Status,Reached Out - Pending Response,,
006WR00000yvvAJYAY,Santa Fe Trails HOA,Sales_Status,Reached Out - Pending Response,,
006WR00000yvvYXYAY,Carlsbad Surfside HOA,Sales_Status,Reached Out - Pending Response,,
006WR00000yvxP0YAI,Hillside Patio Pvt Road,Sales_Status,Reached Out - Pending Response,,
006WR00000yvxthYAA,Tiki Village HOA,Sales_Status,Reached Out - Pending Response,,
006WR00000yvz12YAA,Cambria HOA,Sales_Status,Reached Out - Pending Response,,
006WR00000yw09zYAA,Beacons Beach Village,Sales_Status,Reached Out - Pending Response,,
006WR00000yw0RiYAI,Encinitas Ranch HOA,Sales_Status,Contact Pending,,
006WR00000yw26xYAA,The Nest at La Costa,Sales_Status,Contact Pending,,
006WR00000yw3HWYAY,La Costa Oaks South HOA,Sales_Status,Reached Out - Pending Response,,
006WR00000yw4jqYAA,Encinitas Town and Country Plaza,Sales_Status,Contact Pending,,
006WR00000ywBJuYAM,Shady Hollow Pvt Road,Sales_Status,Reached Out - Pending Response,,
006WR00000ywBdGYAU,La Costa Altezza HOA,Sales_Status,Reached Out - Pending Response,,
006WR00000ywCPfYAM,Encinitas Corporate Center,Sales_Status,Contact Pending,,
006WR00000ywF4AYAU,Seapoint Tennis Club,Sales_Status,Contact Pending,,
006WR00000ywG8IYAU,Casitas De La Costa HOA,Sales_Status,Reached Out - Pending Response,,
006WR00000ywIQEYA2,Rancho Montecito,Sales_Status,Contact Pending,,
006WR00000ywKINYA2,Villa Trieste HOA,Sales_Status,Contact Pending,,
006WR00000ywN6YYAU,On The Park HOA,Sales_Status,Contact Pending,,
006WR00000ywOYtYAM,Carlsbad Arroyo Vista HOA,Sales_Status,Reached Out - Pending Response,,
006WR00000ywQveYAE,La Costa Town Square,Sales_Status,Reached Out - Pending Response,,
006WR00000ywSW1YAM,Paseo La Jolla Pvt Road,Sales_Status,Contact Pending,,
006WR00000ywSXdYAM,La Costa Greens HOA,Sales_Status,Contact Pending,,
006WR00000ywSarYAE,Via Casa Del Sol HOA,Sales_Status,Contact Pending,,
006WR00000ywSe5YAE,La Costa Ridge2 HOA,Sales_Status,Contact Pending,,
006WR00000ywSkXYAU,La Costa Ridge1 HOA,Sales_Status,Contact Pending,,
006WR00000ywSnlYAE,Seaside Ridge HOA,Sales_Status,Contact Pending,,
006WR00000ywSpNYAU,Seabluffe Villages HOA,Sales_Status,Reached Out - Pending Response,,
006WR00000ywSqzYAE,Sandalwood HOA,Sales_Status,Reached Out - Pending Response,,
006WR00000ywSsbYAE,The Summit HOA,Sales_Status,Contact Pending,,
006WR00000ywSuDYAU,Santa Fe Business Park,Sales_Status,Contact Pending,,
006WR00000ywSvpYAE,Encinitas Town and Country Business Park,Sales_Status,Contact Pending,,
006WR00000ywT77YAE,Pacifica HOA,Sales_Status,Contact Pending,,
006WR00000ywT8jYAE,Emerald Point HOA,Sales_Status,Contact Pending,,
006WR00000ywTALYA2,Rancho Santalina HOA,Sales_Status,Contact Pending,,
006WR00000ywTGnYAM,674 Via De La Valle,Sales_Status,Reached Out - Pending Response,,
006WR00000ywTIPYA2,Haidenger Center,Sales_Status,Reached Out - Pending Response,,
006WR00000ywTLdYAM,Seagate Terrace,Sales_Status,Contact Pending,,
006WR00000ywTS5YAM,Valley of Dreams Mobile Village,Sales_Status,Reached Out - Pending Response,,
006WR00000ywTThYAM,Quail Gardens,Sales_Status,Contact Pending,,
006WR00000ywTblYAE,"437 S Highway 101, 101-110",Sales_Status,Contact Pending,,
006WR00000ywTgbYAE,Surfsong,Sales_Status,Contact Pending,,
006WR00000xuPxsYAE,Omaha_MDU_4723-4725-4727 Cass St,Loss_Reason,,Other,
006WR00000xufUnYAI,Omaha_MDU_4923-4925 Webster St,Loss_Reason,,Other,
006WR00000xv9KmYAI,Omaha_MDU_Century House Apartments,Loss_Reason,,Other,
006WR00000xvRuNYAU,Omaha_MDU_4501 Lafayette Ave,Loss_Reason,,Other,
006WR00000xvcMkYAI,Omaha_MDU_1015 N 47TH AVE,Loss_Reason,,Other,
006WR00000xvdKRYAY,Omaha_MDU_4804-4806 Capital Ave,Loss_Reason,,Other,
006WR00000xvzZSYAY,Omaha_MDU_Kelli-Gene Apts,Loss_Reason,,Other,
006WR00000xw49MYAQ,Omaha_MDU_4544 NICHOLAS ST,Loss_Reason,,Other,
006WR00000xw8eMYAQ,Omaha_MDU_Cherry Hill Apts,Loss_Reason,,Other,
006WR00000xwBIsYAM,Mineral Wells_MDU_707 NW 4TH AVE,Loss_Reason,,Other,
006WR00000xwChyYAE,Omaha_MDU_4907 Davenport St,Loss_Reason,,Other,
006WR00000xwEwfYAE,OMAHA_MDU_1410 N 45th St_APTS,Loss_Reason,,Other,
006WR00000xwEzuYAE,Omaha_MDU_5314-5322 Corby St,Loss_Reason,,Other,
006WR00000xwFUXYA2,OMAHA_MDU_Redman AVE APTS,Loss_Reason,,Other,
006WR00000xwFW9YAM,Omaha_MDU_4505 Lafayette Ave Halford Apartments,Loss_Reason,,Other,
006WR00000xwFXlYAM,Omaha_MDU_4509 Lafayette Ave,Loss_Reason,,Other,
006WR00000xwFZNYA2,Omaha_MDU_4513 Lafayette Ave,Loss_Reason,,Other,
006WR00000xwFj3YAE,Omaha_MDU_4705 Burdette St,Loss_Reason,,Other,
006WR00000xwFntYAE,Omaha_MDU_Parkgate Apartments,Loss_Reason,,Other,
006WR00000xwG0nYAE,Omaha_MDU_4904 Davenport St,Loss_Reason,,Other,
006WR00000xwG8rYAE,Omaha_MDU_5005-5007 California St,Loss_Reason,,Other,
006WR00000xwGFJYA2,Omaha_MDU_Park Lane Apartments,Loss_Reason,,Other,
006WR00000xwGOzYAM,Omaha_MDU_706 N 50th St,Loss_Reason,,Other,
006WR00000yuOtDYAU,Pacifica Leucadia HOA,Loss_Reason,,Other,
006WR00000yv4h6YAA,Park Encinitas Mobile Homes,Loss_Reason,,Other,
006WR00000yvINSYA2,Forrest Bluff Terraces HOA,Loss_Reason,,Other,
006WR00000yvQkpYAE,Sky Loft HOA,Loss_Reason,,Other,
006WR00000yvoqPYAQ,Monte Mira HOA,Loss_Reason,,Other,
006WR00000yw95EYAQ,803 Cedros Pvt Road,Loss_Reason,,Other,
006WR00000yw9QBYAY,Mendocino HOA,Loss_Reason,,Other,
006WR00000yw9YHYAY,Seaside Highlannds HOA,Loss_Reason,,Other,
006WR00000ywB2AYAU,Villas De La Costa HOA,Loss_Reason,,Other,
006WR00000ywEb8YAE,Portico At Rancho Carrillo HOA,Loss_Reason,,Other,
006WR00000ywI25YAE,Beach Street Encinitas HOA,Loss_Reason,,Other,
006WR00000ywLuMYAU,Flair Encinitas HOA,Loss_Reason,,Other,
006WR00000ywSNxYAM,San Pacifico HOA,Loss_Reason,,Other,
006WR00000ywScTYAU,Alga Hills HOA,Loss_Reason,,Other,
006WR00000ywTBxYAM,Kb Home The Foothills HOA,Loss_Reason,,Other,
006WR00000ywTFBYA2,Las Vistas HOA,Loss_Reason,,Other,
006WR000010BbmwYAC,TEST PROPERTY,Loss_Reason,,Other,
006WR00000wkDu5YAE,Southwest Patio Home Apartments,Hold_Reason,,,Other
006WR00000wkDu7YAE,San Montego Luxury Apartments,Hold_Reason,,,Other
006WR00000wkDu8YAE,The Turn Apartments,Hold_Reason,,,Other
006WR00000wkDuBYAU,Riverview Townhomes,Hold_Reason,,,Other
006WR00000wkDuCYAU,Avenue 8 Apartments,Hold_Reason,,,Other
006WR00000wkDuEYAU,Brookwood Apartments,Hold_Reason,,,Other
006WR00000wkDuGYAU,Mission Palms Apartments,Hold_Reason,,,Other
006WR00000wkDuHYAU,River Oaks Apartments,Hold_Reason,,,Other
006WR00000wkDuIYAU,Zona Village,Hold_Reason,,,Other
006WR00000wkDuKYAU,Fowler's RV Park,Hold_Reason,,,Other
006WR00000wkEZoYAM,Tierra Pointe,Hold_Reason,,,Other
006WR00000wkEZqYAM,Comanche Wells,Hold_Reason,,,Other
006WR00000wkEb1YAE,Horizon Heights,Hold_Reason,,,Other
006WR00000wkEbWYAU,Waterstone Apartments,Hold_Reason,,,Other
006WR00000wkEbXYAU,Holiday Village Manufactured Home Village,Hold_Reason,,,Other
006WR00000wkEbtYAE,Chalk Hill Ranch Phase 1,Hold_Reason,,,Other
006WR00000wkEc5YAE,Benson Crest,Hold_Reason,,,Other
006WR00000wkEcCYAU,Eastgate Village Apartments,Hold_Reason,,,Other
