Id,object,field,error
006WR00000wiNnYYAU,Opportunity,Property_State__c,Sales Status is required when the opportunity is in Prospecting.
006WR00000wiNnZYAU,Opportunity,Property_State__c,Sales Status is required when the opportunity is in Prospecting.
006WR00000wiNnaYAE,Opportunity,Property_State__c,Sales Status is required when the opportunity is in Prospecting.
006WR00000wiNnbYAE,Opportunity,Property_State__c,Sales Status is required when the opportunity is in Prospecting.
006WR00000wiNncYAE,Opportunity,Property_State__c,Sales Status is required when the opportunity is in Prospecting.
006WR00000wiNndYAE,Opportunity,Property_State__c,Sales Status is required when the opportunity is in Prospecting.
006WR00000wiNneYAE,Opportunity,Property_State__c,Sales Status is required when the opportunity is in Prospecting.
006WR00000wiNnfYAE,Opportunity,Property_State__c,Sales Status is required when the opportunity is in Prospecting.
006WR00000wiNngYAE,Opportunity,Property_State__c,Sales Status is required when the opportunity is in Prospecting.
006WR00000wiNnhYAE,Opportunity,Property_State__c,Sales Status is required when the opportunity is in Prospecting.
006WR00000wiNniYAE,Opportunity,Property_State__c,Sales Status is required when the opportunity is in Prospecting.
006WR00000wiNnjYAE,Opportunity,Property_State__c,Sales Status is required when the opportunity is in Prospecting.
006WR00000wiNnkYAE,Opportunity,Property_State__c,Sales Status is required when the opportunity is in Prospecting.
006WR00000wiNnlYAE,Opportunity,Property_State__c,Sales Status is required when the opportunity is in Prospecting.
006WR00000wiNnmYAE,Opportunity,Property_State__c,Sales Status is required when the opportunity is in Prospecting.
006WR00000wiNnnYAE,Opportunity,Property_State__c,Sales Status is required when the opportunity is in Prospecting.
006WR00000wiNnoYAE,Opportunity,Property_State__c,Sales Status is required when the opportunity is in Prospecting.
006WR00000wiNnpYAE,Opportunity,Property_State__c,Sales Status is required when the opportunity is in Prospecting.
006WR00000wiNnqYAE,Opportunity,Property_State__c,Sales Status is required when the opportunity is in Prospecting.
006WR00000wiNnrYAE,Opportunity,Property_State__c,Sales Status is required when the opportunity is in Prospecting.
006WR00000wiNnsYAE,Opportunity,Property_State__c,Sales Status is required when the opportunity is in Prospecting.
006WR00000wiNnuYAE,Opportunity,Property_State__c,Sales Status is required when the opportunity is in Prospecting.
006WR00000wiNnvYAE,Opportunity,Property_State__c,Sales Status is required when the opportunity is in Prospecting.
006WR00000wiNnwYAE,Opportunity,Property_State__c,Sales Status is required when the opportunity is in Prospecting.
006WR00000wiNnxYAE,Opportunity,Property_State__c,Sales Status is required when the opportunity is in Prospecting.
006WR00000wiNnyYAE,Opportunity,Property_State__c,Sales Status is required when the opportunity is in Prospecting.
006WR00000wiNnzYAE,Opportunity,Property_State__c,Sales Status is required when the opportunity is in Prospecting.
006WR00000wiNo0YAE,Opportunity,Property_State__c,Sales Status is required when the opportunity is in Prospecting.
006WR00000wiNo1YAE,Opportunity,Property_State__c,Sales Status is required when the opportunity is in Prospecting.
006WR00000wiNo2YAE,Opportunity,Property_State__c,Sales Status is required when the opportunity is in Prospecting.
006WR00000wiNo3YAE,Opportunity,Property_State__c,Sales Status is required when the opportunity is in Prospecting.
006WR00000wiNo4YAE,Opportunity,Property_State__c,Sales Status is required when the opportunity is in Prospecting.
006WR00000wiNo5YAE,Opportunity,Property_State__c,Sales Status is required when the opportunity is in Prospecting.
006WR00000wiNo6YAE,Opportunity,Property_State__c,Sales Status is required when the opportunity is in Prospecting.
006WR00000wiNo7YAE,Opportunity,Property_State__c,Sales Status is required when the opportunity is in Prospecting.
006WR00000wiNo8YAE,Opportunity,Property_State__c,Sales Status is required when the opportunity is in Prospecting.
006WR00000wiNo9YAE,Opportunity,Property_State__c,Sales Status is required when the opportunity is in Prospecting.
006WR00000wiNoAYAU,Opportunity,Property_State__c,Sales Status is required when the opportunity is in Prospecting.
006WR00000wiNoBYAU,Opportunity,Property_State__c,Sales Status is required when the opportunity is in Prospecting.
006WR00000wiNoCYAU,Opportunity,Property_State__c,Sales Status is required when the opportunity is in Prospecting.
006WR00000wiNoDYAU,Opportunity,Property_State__c,Sales Status is required when the opportunity is in Prospecting.
006WR00000wiNoEYAU,Opportunity,Property_State__c,Sales Status is required when the opportunity is in Prospecting.
006WR00000wiNoFYAU,Opportunity,Property_State__c,Sales Status is required when the opportunity is in Prospecting.
006WR00000wiNoGYAU,Opportunity,Property_State__c,Sales Status is required when the opportunity is in Prospecting.
006WR00000wiNoHYAU,Opportunity,Property_State__c,Sales Status is required when the opportunity is in Prospecting.
006WR00000wiNoIYAU,Opportunity,Property_State__c,Sales Status is required when the opportunity is in Prospecting.
006WR00000wiNoJYAU,Opportunity,Property_State__c,Sales Status is required when the opportunity is in Prospecting.
006WR00000wiNoKYAU,Opportunity,Property_State__c,Sales Status is required when the opportunity is in Prospecting.
006WR00000wiNoLYAU,Opportunity,Property_State__c,Sales Status is required when the opportunity is in Prospecting.
006WR00000wiNoMYAU,Opportunity,Property_State__c,Sales Status is required when the opportunity is in Prospecting.
006WR00000wiNoNYAU,Opportunity,Property_State__c,Sales Status is required when the opportunity is in Prospecting.
006WR00000wiNoOYAU,Opportunity,Property_State__c,Sales Status is required when the opportunity is in Prospecting.
006WR00000wiNoPYAU,Opportunity,Property_State__c,Sales Status is required when the opportunity is in Prospecting.
006WR00000wiNoQYAU,Opportunity,Property_State__c,Sales Status is required when the opportunity is in Prospecting.
006WR00000wiNoRYAU,Opportunity,Property_State__c,Sales Status is required when the opportunity is in Prospecting.
006WR00000wiNoSYAU,Opportunity,Property_State__c,Sales Status is required when the opportunity is in Prospecting.
006WR00000wiNoTYAU,Opportunity,Property_State__c,Sales Status is required when the opportunity is in Prospecting.
006WR00000wiNoUYAU,Opportunity,Property_State__c,Sales Status is required when the opportunity is in Prospecting.
006WR00000wiNoVYAU,Opportunity,Property_State__c,Sales Status is required when the opportunity is in Prospecting.
006WR00000wiNoWYAU,Opportunity,Property_State__c,Sales Status is required when the opportunity is in Prospecting.
006WR00000wiNoXYAU,Opportunity,Property_State__c,Sales Status is required when the opportunity is in Prospecting.
006WR00000wiNoYYAU,Opportunity,Property_State__c,Sales Status is required when the opportunity is in Prospecting.
006WR00000wiNoZYAU,Opportunity,Property_State__c,Sales Status is required when the opportunity is in Prospecting.
006WR00000wiNoaYAE,Opportunity,Property_State__c,Sales Status is required when the opportunity is in Prospecting.
006WR00000wiNobYAE,Opportunity,Property_State__c,Sales Status is required when the opportunity is in Prospecting.
006WR00000wiNocYAE,Opportunity,Property_State__c,Sales Status is required when the opportunity is in Prospecting.
006WR00000wiNodYAE,Opportunity,Property_State__c,Sales Status is required when the opportunity is in Prospecting.
006WR00000wiNoeYAE,Opportunity,Property_State__c,Sales Status is required when the opportunity is in Prospecting.
006WR00000wiNofYAE,Opportunity,Property_State__c,Sales Status is required when the opportunity is in Prospecting.
006WR00000wiNogYAE,Opportunity,Property_State__c,Sales Status is required when the opportunity is in Prospecting.
006WR00000wiNohYAE,Opportunity,Property_State__c,Sales Status is required when the opportunity is in Prospecting.
006WR00000wiNoiYAE,Opportunity,Property_State__c,Sales Status is required when the opportunity is in Prospecting.
006WR00000wiNojYAE,Opportunity,Property_State__c,Sales Status is required when the opportunity is in Prospecting.
006WR00000wiNokYAE,Opportunity,Property_State__c,Sales Status is required when the opportunity is in Prospecting.
006WR00000wiNolYAE,Opportunity,Property_State__c,Sales Status is required when the opportunity is in Prospecting.
006WR00000wiNomYAE,Opportunity,Property_State__c,Sales Status is required when the opportunity is in Prospecting.
006WR00000wiNonYAE,Opportunity,Property_State__c,Sales Status is required when the opportunity is in Prospecting.
006WR00000wiNopYAE,Opportunity,Property_State__c,Sales Status is required when the opportunity is in Prospecting.
006WR00000wiNoqYAE,Opportunity,Property_State__c,Sales Status is required when the opportunity is in Prospecting.
006WR00000wiNorYAE,Opportunity,Property_State__c,Sales Status is required when the opportunity is in Prospecting.
006WR00000wiNosYAE,Opportunity,Property_State__c,Sales Status is required when the opportunity is in Prospecting.
006WR00000wiNotYAE,Opportunity,Property_State__c,Sales Status is required when the opportunity is in Prospecting.
006WR00000wiNouYAE,Opportunity,Property_State__c,Sales Status is required when the opportunity is in Prospecting.
006WR00000wiNovYAE,Opportunity,Property_State__c,Sales Status is required when the opportunity is in Prospecting.
006WR00000wiNowYAE,Opportunity,Property_State__c,Sales Status is required when the opportunity is in Prospecting.
006WR00000wiNoxYAE,Opportunity,Property_State__c,Sales Status is required when the opportunity is in Prospecting.
006WR00000wiNoyYAE,Opportunity,Property_State__c,Sales Status is required when the opportunity is in Prospecting.
006WR00000wiNozYAE,Opportunity,Property_State__c,Sales Status is required when the opportunity is in Prospecting.
006WR00000wiNp0YAE,Opportunity,Property_State__c,Sales Status is required when the opportunity is in Prospecting.
006WR00000wiNp1YAE,Opportunity,Property_State__c,Sales Status is required when the opportunity is in Prospecting.
006WR00000wiNp2YAE,Opportunity,Property_State__c,Sales Status is required when the opportunity is in Prospecting.
006WR00000wiNp3YAE,Opportunity,Property_State__c,Sales Status is required when the opportunity is in Prospecting.
006WR00000wiNp4YAE,Opportunity,Property_State__c,Sales Status is required when the opportunity is in Prospecting.
006WR00000wiNp5YAE,Opportunity,Property_State__c,Sales Status is required when the opportunity is in Prospecting.
006WR00000wiNp6YAE,Opportunity,Property_State__c,Sales Status is required when the opportunity is in Prospecting.
006WR00000wj8JOYAY,Opportunity,Property_State__c,Sales Status is required when the opportunity is in Prospecting.
006WR00000wj8JPYAY,Opportunity,Property_State__c,Sales Status is required when the opportunity is in Prospecting.
006WR00000wj8JQYAY,Opportunity,Property_State__c,Sales Status is required when the opportunity is in Prospecting.
006WR00000wj8JRYAY,Opportunity,Property_State__c,Sales Status is required when the opportunity is in Prospecting.
006WR00000wj8JSYAY,Opportunity,Property_State__c,Sales Status is required when the opportunity is in Prospecting.
006WR00000wj8JTYAY,Opportunity,Property_State__c,Sales Status is required when the opportunity is in Prospecting.
006WR00000wj8JUYAY,Opportunity,Property_State__c,Sales Status is required when the opportunity is in Prospecting.
006WR00000wj8JVYAY,Opportunity,Property_State__c,Sales Status is required when the opportunity is in Prospecting.
006WR00000wj8JWYAY,Opportunity,Property_State__c,Sales Status is required when the opportunity is in Prospecting.
006WR00000wj8JXYAY,Opportunity,Property_State__c,Sales Status is required when the opportunity is in Prospecting.
006WR00000wj8JYYAY,Opportunity,Property_State__c,Sales Status is required when the opportunity is in Prospecting.
006WR00000wj8JZYAY,Opportunity,Property_State__c,Sales Status is required when the opportunity is in Prospecting.
006WR00000wj8JbYAI,Opportunity,Property_State__c,Sales Status is required when the opportunity is in Prospecting.
006WR00000wj8JcYAI,Opportunity,Property_State__c,Sales Status is required when the opportunity is in Prospecting.
006WR00000wj8JdYAI,Opportunity,Property_State__c,Sales Status is required when the opportunity is in Prospecting.
006WR00000wj8JeYAI,Opportunity,Property_State__c,Sales Status is required when the opportunity is in Prospecting.
006WR00000wj8JfYAI,Opportunity,Property_State__c,Sales Status is required when the opportunity is in Prospecting.
006WR00000wj8JgYAI,Opportunity,Property_State__c,Sales Status is required when the opportunity is in Prospecting.
006WR00000wj8JhYAI,Opportunity,Property_State__c,Sales Status is required when the opportunity is in Prospecting.
006WR00000wj8JiYAI,Opportunity,Property_State__c,Sales Status is required when the opportunity is in Prospecting.
006WR00000wj8JjYAI,Opportunity,Property_State__c,Sales Status is required when the opportunity is in Prospecting.
006WR00000wj8JkYAI,Opportunity,Property_State__c,Sales Status is required when the opportunity is in Prospecting.
006WR00000wj8JlYAI,Opportunity,Property_State__c,Sales Status is required when the opportunity is in Prospecting.
006WR00000wj8JmYAI,Opportunity,Property_State__c,Sales Status is required when the opportunity is in Prospecting.
006WR00000wj8JnYAI,Opportunity,Property_State__c,Sales Status is required when the opportunity is in Prospecting.
006WR00000wj8JoYAI,Opportunity,Property_State__c,Sales Status is required when the opportunity is in Prospecting.
006WR00000wj8JpYAI,Opportunity,Property_State__c,Sales Status is required when the opportunity is in Prospecting.
006WR00000wj8JqYAI,Opportunity,Property_State__c,Sales Status is required when the opportunity is in Prospecting.
006WR00000wj8JrYAI,Opportunity,Property_State__c,Sales Status is required when the opportunity is in Prospecting.
006WR00000wj8JsYAI,Opportunity,Property_State__c,Sales Status is required when the opportunity is in Prospecting.
006WR00000wj8JtYAI,Opportunity,Property_State__c,Sales Status is required when the opportunity is in Prospecting.
006WR00000wj8JuYAI,Opportunity,Property_State__c,Sales Status is required when the opportunity is in Prospecting.
006WR00000wj8JvYAI,Opportunity,Property_State__c,Sales Status is required when the opportunity is in Prospecting.
006WR00000wj8JwYAI,Opportunity,Property_State__c,Sales Status is required when the opportunity is in Prospecting.
006WR00000wj8JxYAI,Opportunity,Property_State__c,Sales Status is required when the opportunity is in Prospecting.
006WR00000wj8JyYAI,Opportunity,Property_State__c,Sales Status is required when the opportunity is in Prospecting.
006WR00000wj8JzYAI,Opportunity,Property_State__c,Sales Status is required when the opportunity is in Prospecting.
006WR00000wj8K0YAI,Opportunity,Property_State__c,Sales Status is required when the opportunity is in Prospecting.
006WR00000wj8K1YAI,Opportunity,Property_State__c,Sales Status is required when the opportunity is in Prospecting.
006WR00000wj8K2YAI,Opportunity,Property_State__c,Sales Status is required when the opportunity is in Prospecting.
006WR00000wj8K3YAI,Opportunity,Property_State__c,Sales Status is required when the opportunity is in Prospecting.
006WR00000wj8K4YAI,Opportunity,Property_State__c,Sales Status is required when the opportunity is in Prospecting.
006WR00000wj8K5YAI,Opportunity,Property_State__c,Sales Status is required when the opportunity is in Prospecting.
006WR00000wj8K6YAI,Opportunity,Property_State__c,Sales Status is required when the opportunity is in Prospecting.
006WR00000wj8K7YAI,Opportunity,Property_State__c,Sales Status is required when the opportunity is in Prospecting.
006WR00000wj8K8YAI,Opportunity,Property_State__c,Sales Status is required when the opportunity is in Prospecting.
006WR00000wj8K9YAI,Opportunity,Property_State__c,Sales Status is required when the opportunity is in Prospecting.
006WR00000wj8KAYAY,Opportunity,Property_State__c,Sales Status is required when the opportunity is in Prospecting.
006WR00000wj8KBYAY,Opportunity,Property_State__c,Sales Status is required when the opportunity is in Prospecting.
006WR00000wj8KCYAY,Opportunity,Property_State__c,Sales Status is required when the opportunity is in Prospecting.
006WR00000wj8KDYAY,Opportunity,Property_State__c,Sales Status is required when the opportunity is in Prospecting.
006WR00000wj8KEYAY,Opportunity,Property_State__c,Sales Status is required when the opportunity is in Prospecting.
006WR00000wj8KFYAY,Opportunity,Property_State__c,Sales Status is required when the opportunity is in Prospecting.
006WR00000wj8KGYAY,Opportunity,Property_State__c,Sales Status is required when the opportunity is in Prospecting.
006WR00000wj8KHYAY,Opportunity,Property_State__c,Sales Status is required when the opportunity is in Prospecting.
006WR00000wj8KIYAY,Opportunity,Property_State__c,Sales Status is required when the opportunity is in Prospecting.
006WR00000wj8KJYAY,Opportunity,Property_State__c,Sales Status is required when the opportunity is in Prospecting.
006WR00000wj8KKYAY,Opportunity,Property_State__c,Sales Status is required when the opportunity is in Prospecting.
006WR00000wj8KLYAY,Opportunity,Property_State__c,Sales Status is required when the opportunity is in Prospecting.
006WR00000wj8KMYAY,Opportunity,Property_State__c,Sales Status is required when the opportunity is in Prospecting.
006WR00000wj8KNYAY,Opportunity,Property_State__c,Sales Status is required when the opportunity is in Prospecting.
006WR00000wj8KOYAY,Opportunity,Property_State__c,Sales Status is required when the opportunity is in Prospecting.
006WR00000wj8KPYAY,Opportunity,Property_State__c,Sales Status is required when the opportunity is in Prospecting.
006WR00000wj8KQYAY,Opportunity,Property_State__c,Sales Status is required when the opportunity is in Prospecting.
006WR00000wj8KRYAY,Opportunity,Property_State__c,Sales Status is required when the opportunity is in Prospecting.
006WR00000wj8KTYAY,Opportunity,Property_State__c,Sales Status is required when the opportunity is in Prospecting.
006WR00000wj8KUYAY,Opportunity,Property_State__c,Sales Status is required when the opportunity is in Prospecting.
006WR00000wj8KVYAY,Opportunity,Property_State__c,Sales Status is required when the opportunity is in Prospecting.
006WR00000wj8KWYAY,Opportunity,Property_State__c,Sales Status is required when the opportunity is in Prospecting.
006WR00000wj8KXYAY,Opportunity,Property_State__c,Sales Status is required when the opportunity is in Prospecting.
006WR00000wj8KYYAY,Opportunity,Property_State__c,Sales Status is required when the opportunity is in Prospecting.
006WR00000wj8KZYAY,Opportunity,Property_State__c,Sales Status is required when the opportunity is in Prospecting.
006WR00000wj8KaYAI,Opportunity,Property_State__c,Sales Status is required when the opportunity is in Prospecting.
006WR00000wj8KbYAI,Opportunity,Property_State__c,Sales Status is required when the opportunity is in Prospecting.
006WR00000wj8KdYAI,Opportunity,Property_State__c,Sales Status is required when the opportunity is in Prospecting.
006WR00000wj8KeYAI,Opportunity,Property_State__c,Sales Status is required when the opportunity is in Prospecting.
006WR00000wj8KfYAI,Opportunity,Property_State__c,Sales Status is required when the opportunity is in Prospecting.
006WR00000wj8KgYAI,Opportunity,Property_State__c,Sales Status is required when the opportunity is in Prospecting.
006WR00000wj8KhYAI,Opportunity,Property_State__c,Sales Status is required when the opportunity is in Prospecting.
006WR00000wj8KiYAI,Opportunity,Property_State__c,Sales Status is required when the opportunity is in Prospecting.
006WR00000wj8KjYAI,Opportunity,Property_State__c,Sales Status is required when the opportunity is in Prospecting.
006WR00000wj8KkYAI,Opportunity,Property_State__c,Sales Status is required when the opportunity is in Prospecting.
006WR00000wj8KlYAI,Opportunity,Property_State__c,Sales Status is required when the opportunity is in Prospecting.
006WR00000wj8KmYAI,Opportunity,Property_State__c,Sales Status is required when the opportunity is in Prospecting.
006WR00000wj8KnYAI,Opportunity,Property_State__c,Sales Status is required when the opportunity is in Prospecting.
006WR00000wj8KoYAI,Opportunity,Property_State__c,Sales Status is required when the opportunity is in Prospecting.
006WR00000wj8KpYAI,Opportunity,Property_State__c,Sales Status is required when the opportunity is in Prospecting.
006WR00000wj8KqYAI,Opportunity,Property_State__c,Sales Status is required when the opportunity is in Prospecting.
006WR00000wj8KrYAI,Opportunity,Property_State__c,Sales Status is required when the opportunity is in Prospecting.
006WR00000wj8KsYAI,Opportunity,Property_State__c,Sales Status is required when the opportunity is in Prospecting.
006WR00000wj8KtYAI,Opportunity,Property_State__c,Sales Status is required when the opportunity is in Prospecting.
006WR00000wj8KuYAI,Opportunity,Property_State__c,Sales Status is required when the opportunity is in Prospecting.
006WR00000wj8KvYAI,Opportunity,Property_State__c,Sales Status is required when the opportunity is in Prospecting.
006WR00000wj8KwYAI,Opportunity,Property_State__c,Sales Status is required when the opportunity is in Prospecting.
006WR00000wj8KxYAI,Opportunity,Property_State__c,Sales Status is required when the opportunity is in Prospecting.
006WR00000wj8KyYAI,Opportunity,Property_State__c,Sales Status is required when the opportunity is in Prospecting.
006WR00000wjKFlYAM,Opportunity,Property_State__c,Sales Status is required when the opportunity is in Prospecting.
006WR00000wjKFmYAM,Opportunity,Property_State__c,Sales Status is required when the opportunity is in Prospecting.
006WR00000wjKFnYAM,Opportunity,Property_State__c,Sales Status is required when the opportunity is in Prospecting.
006WR00000wjKFoYAM,Opportunity,Property_State__c,Sales Status is required when the opportunity is in Prospecting.
006WR00000wjKFpYAM,Opportunity,Property_State__c,Sales Status is required when the opportunity is in Prospecting.
006WR00000wjKFqYAM,Opportunity,Property_State__c,Sales Status is required when the opportunity is in Prospecting.
006WR00000wjKFrYAM,Opportunity,Property_State__c,Sales Status is required when the opportunity is in Prospecting.
006WR00000wjKFtYAM,Opportunity,Property_State__c,Sales Status is required when the opportunity is in Prospecting.
006WR00000wjKFuYAM,Opportunity,Property_State__c,Sales Status is required when the opportunity is in Prospecting.
006WR00000wjKFvYAM,Opportunity,Property_State__c,Sales Status is required when the opportunity is in Prospecting.
006WR00000wjKFwYAM,Opportunity,Property_State__c,Sales Status is required when the opportunity is in Prospecting.
006WR00000wjKFxYAM,Opportunity,Property_State__c,Sales Status is required when the opportunity is in Prospecting.
006WR00000wjKFyYAM,Opportunity,Property_State__c,Sales Status is required when the opportunity is in Prospecting.
006WR00000wjKFzYAM,Opportunity,Property_State__c,Sales Status is required when the opportunity is in Prospecting.
006WR00000wjKG0YAM,Opportunity,Property_State__c,Sales Status is required when the opportunity is in Prospecting.
006WR00000wjKG1YAM,Opportunity,Property_State__c,Sales Status is required when the opportunity is in Prospecting.
006WR00000wjKG2YAM,Opportunity,Property_State__c,Sales Status is required when the opportunity is in Prospecting.
006WR00000wjKG3YAM,Opportunity,Property_State__c,Sales Status is required when the opportunity is in Prospecting.
006WR00000wjKG4YAM,Opportunity,Property_State__c,Sales Status is required when the opportunity is in Prospecting.
006WR00000wjKG5YAM,Opportunity,Property_State__c,Sales Status is required when the opportunity is in Prospecting.
006WR00000wjKG6YAM,Opportunity,Property_State__c,Sales Status is required when the opportunity is in Prospecting.
006WR00000wjKG7YAM,Opportunity,Property_State__c,Sales Status is required when the opportunity is in Prospecting.
006WR00000wjKG8YAM,Opportunity,Property_State__c,Sales Status is required when the opportunity is in Prospecting.
006WR00000wjKG9YAM,Opportunity,Property_State__c,Sales Status is required when the opportunity is in Prospecting.
006WR00000wjKGAYA2,Opportunity,Property_State__c,Sales Status is required when the opportunity is in Prospecting.
006WR00000wjKGBYA2,Opportunity,Property_State__c,Sales Status is required when the opportunity is in Prospecting.
006WR00000wjKGCYA2,Opportunity,Property_State__c,Sales Status is required when the opportunity is in Prospecting.
006WR00000wjKGDYA2,Opportunity,Property_State__c,Sales Status is required when the opportunity is in Prospecting.
006WR00000wjKGEYA2,Opportunity,Property_State__c,Sales Status is required when the opportunity is in Prospecting.
006WR00000wjKGFYA2,Opportunity,Property_State__c,Sales Status is required when the opportunity is in Prospecting.
006WR00000wjKGGYA2,Opportunity,Property_State__c,Sales Status is required when the opportunity is in Prospecting.
006WR00000wjKGHYA2,Opportunity,Property_State__c,Sales Status is required when the opportunity is in Prospecting.
006WR00000wjKGIYA2,Opportunity,Property_State__c,Sales Status is required when the opportunity is in Prospecting.
006WR00000wjKGJYA2,Opportunity,Property_State__c,Sales Status is required when the opportunity is in Prospecting.
006WR00000wjKGKYA2,Opportunity,Property_State__c,Sales Status is required when the opportunity is in Prospecting.
006WR00000wjKGLYA2,Opportunity,Property_State__c,Sales Status is required when the opportunity is in Prospecting.
006WR00000wjKGMYA2,Opportunity,Property_State__c,Sales Status is required when the opportunity is in Prospecting.
006WR00000wjKGNYA2,Opportunity,Property_State__c,Sales Status is required when the opportunity is in Prospecting.
006WR00000wjKGOYA2,Opportunity,Property_State__c,Sales Status is required when the opportunity is in Prospecting.
006WR00000wjKGRYA2,Opportunity,Property_State__c,Sales Status is required when the opportunity is in Prospecting.
006WR00000wjKGSYA2,Opportunity,Property_State__c,Sales Status is required when the opportunity is in Prospecting.
006WR00000wjKGTYA2,Opportunity,Property_State__c,Sales Status is required when the opportunity is in Prospecting.
006WR00000wjKGUYA2,Opportunity,Property_State__c,Sales Status is required when the opportunity is in Prospecting.
006WR00000wjKGVYA2,Opportunity,Property_State__c,Sales Status is required when the opportunity is in Prospecting.
006WR00000wjKGWYA2,Opportunity,Property_State__c,Sales Status is required when the opportunity is in Prospecting.
006WR00000wjKGXYA2,Opportunity,Property_State__c,Sales Status is required when the opportunity is in Prospecting.
006WR00000wjKGYYA2,Opportunity,Property_State__c,Sales Status is required when the opportunity is in Prospecting.
006WR00000wjKGZYA2,Opportunity,Property_State__c,Sales Status is required when the opportunity is in Prospecting.
006WR00000wjKGaYAM,Opportunity,Property_State__c,Sales Status is required when the opportunity is in Prospecting.
006WR00000wjKGbYAM,Opportunity,Property_State__c,Sales Status is required when the opportunity is in Prospecting.
006WR00000wjKGcYAM,Opportunity,Property_State__c,Sales Status is required when the opportunity is in Prospecting.
006WR00000wjKGdYAM,Opportunity,Property_State__c,Sales Status is required when the opportunity is in Prospecting.
006WR00000wjKGeYAM,Opportunity,Property_State__c,Sales Status is required when the opportunity is in Prospecting.
006WR00000wjKGfYAM,Opportunity,Property_State__c,Sales Status is required when the opportunity is in Prospecting.
006WR00000wjKGgYAM,Opportunity,Property_State__c,Sales Status is required when the opportunity is in Prospecting.
006WR00000wjKGhYAM,Opportunity,Property_State__c,Sales Status is required when the opportunity is in Prospecting.
006WR00000wjKGiYAM,Opportunity,Property_State__c,Sales Status is required when the opportunity is in Prospecting.
006WR00000wjKGjYAM,Opportunity,Property_State__c,Sales Status is required when the opportunity is in Prospecting.
006WR00000wjKGkYAM,Opportunity,Property_State__c,Sales Status is required when the opportunity is in Prospecting.
006WR00000wjKGlYAM,Opportunity,Property_State__c,Sales Status is required when the opportunity is in Prospecting.
006WR00000wjKGmYAM,Opportunity,Property_State__c,Sales Status is required when the opportunity is in Prospecting.
006WR00000wjKGnYAM,Opportunity,Property_State__c,Sales Status is required when the opportunity is in Prospecting.
006WR00000wjKGpYAM,Opportunity,Property_State__c,Sales Status is required when the opportunity is in Prospecting.
006WR00000wjKGqYAM,Opportunity,Property_State__c,Sales Status is required when the opportunity is in Prospecting.
006WR00000wjKGrYAM,Opportunity,Property_State__c,Sales Status is required when the opportunity is in Prospecting.
006WR00000wjKGsYAM,Opportunity,Property_State__c,Sales Status is required when the opportunity is in Prospecting.
006WR00000wjKGtYAM,Opportunity,Property_State__c,Sales Status is required when the opportunity is in Prospecting.
006WR00000wjKGuYAM,Opportunity,Property_State__c,Sales Status is required when the opportunity is in Prospecting.
006WR00000wjKGvYAM,Opportunity,Property_State__c,Sales Status is required when the opportunity is in Prospecting.
006WR00000wjKGwYAM,Opportunity,Property_State__c,Sales Status is required when the opportunity is in Prospecting.
006WR00000wjKGxYAM,Opportunity,Property_State__c,Sales Status is required when the opportunity is in Prospecting.
006WR00000wjKGyYAM,Opportunity,Property_State__c,Sales Status is required when the opportunity is in Prospecting.
006WR00000wjKGzYAM,Opportunity,Property_State__c,Sales Status is required when the opportunity is in Prospecting.
006WR00000wjKH0YAM,Opportunity,Property_State__c,Sales Status is required when the opportunity is in Prospecting.
006WR00000wjKH1YAM,Opportunity,Property_State__c,Sales Status is required when the opportunity is in Prospecting.
006WR00000wjKH2YAM,Opportunity,Property_State__c,Sales Status is required when the opportunity is in Prospecting.
006WR00000wjKH3YAM,Opportunity,Property_State__c,Sales Status is required when the opportunity is in Prospecting.
006WR00000wjKH4YAM,Opportunity,Property_State__c,Sales Status is required when the opportunity is in Prospecting.
006WR00000wjKH5YAM,Opportunity,Property_State__c,Sales Status is required when the opportunity is in Prospecting.
006WR00000wjKH6YAM,Opportunity,Property_State__c,Sales Status is required when the opportunity is in Prospecting.
006WR00000wjKH7YAM,Opportunity,Property_State__c,Sales Status is required when the opportunity is in Prospecting.
006WR00000wjKH8YAM,Opportunity,Property_State__c,Sales Status is required when the opportunity is in Prospecting.
006WR00000wjKH9YAM,Opportunity,Property_State__c,Sales Status is required when the opportunity is in Prospecting.
006WR00000wjKHBYA2,Opportunity,Property_State__c,Sales Status is required when the opportunity is in Prospecting.
006WR00000wjKHCYA2,Opportunity,Property_State__c,Sales Status is required when the opportunity is in Prospecting.
006WR00000wjKHDYA2,Opportunity,Property_State__c,Sales Status is required when the opportunity is in Prospecting.
006WR00000wjKHEYA2,Opportunity,Property_State__c,Sales Status is required when the opportunity is in Prospecting.
006WR00000wjKHFYA2,Opportunity,Property_State__c,Sales Status is required when the opportunity is in Prospecting.
006WR00000wjKHGYA2,Opportunity,Property_State__c,Sales Status is required when the opportunity is in Prospecting.
006WR00000wjKHHYA2,Opportunity,Property_State__c,Sales Status is required when the opportunity is in Prospecting.
006WR00000wjKHIYA2,Opportunity,Property_State__c,Sales Status is required when the opportunity is in Prospecting.
006WR00000wjdjoYAA,Opportunity,Property_State__c,Sales Status is required when the opportunity is in Prospecting.
006WR00000wjdjqYAA,Opportunity,Property_State__c,Sales Status is required when the opportunity is in Prospecting.
006WR00000wjdjrYAA,Opportunity,Property_State__c,Sales Status is required when the opportunity is in Prospecting.
006WR00000wjdjsYAA,Opportunity,Property_State__c,Sales Status is required when the opportunity is in Prospecting.
006WR00000wjdjtYAA,Opportunity,Property_State__c,Sales Status is required when the opportunity is in Prospecting.
006WR00000wjdjvYAA,Opportunity,Property_State__c,Sales Status is required when the opportunity is in Prospecting.
006WR00000wjdjwYAA,Opportunity,Property_State__c,Sales Status is required when the opportunity is in Prospecting.
006WR00000wjdjxYAA,Opportunity,Property_State__c,Sales Status is required when the opportunity is in Prospecting.
006WR00000wjdjyYAA,Opportunity,Property_State__c,Sales Status is required when the opportunity is in Prospecting.
006WR00000wjdjzYAA,Opportunity,Property_State__c,Sales Status is required when the opportunity is in Prospecting.
006WR00000wjdk0YAA,Opportunity,Property_State__c,Sales Status is required when the opportunity is in Prospecting.
006WR00000wjdk1YAA,Opportunity,Property_State__c,Sales Status is required when the opportunity is in Prospecting.
006WR00000wjdk2YAA,Opportunity,Property_State__c,Sales Status is required when the opportunity is in Prospecting.
006WR00000wjdk3YAA,Opportunity,Property_State__c,Sales Status is required when the opportunity is in Prospecting.
006WR00000wjdk4YAA,Opportunity,Property_State__c,Sales Status is required when the opportunity is in Prospecting.
006WR00000wjdk5YAA,Opportunity,Property_State__c,Sales Status is required when the opportunity is in Prospecting.
006WR00000wjdk6YAA,Opportunity,Property_State__c,Sales Status is required when the opportunity is in Prospecting.
006WR00000wjdk7YAA,Opportunity,Property_State__c,Sales Status is required when the opportunity is in Prospecting.
006WR00000wjdk8YAA,Opportunity,Property_State__c,Sales Status is required when the opportunity is in Prospecting.
006WR00000wjdk9YAA,Opportunity,Property_State__c,Sales Status is required when the opportunity is in Prospecting.
006WR00000wjdkAYAQ,Opportunity,Property_State__c,Sales Status is required when the opportunity is in Prospecting.
006WR00000wjdkBYAQ,Opportunity,Property_State__c,Sales Status is required when the opportunity is in Prospecting.
006WR00000wjdkCYAQ,Opportunity,Property_State__c,Sales Status is required when the opportunity is in Prospecting.
006WR00000wjdkDYAQ,Opportunity,Property_State__c,Sales Status is required when the opportunity is in Prospecting.
006WR00000wjdkEYAQ,Opportunity,Property_State__c,Sales Status is required when the opportunity is in Prospecting.
006WR00000wjdkFYAQ,Opportunity,Property_State__c,Sales Status is required when the opportunity is in Prospecting.
006WR00000wjdkGYAQ,Opportunity,Property_State__c,Sales Status is required when the opportunity is in Prospecting.
006WR00000wjdkHYAQ,Opportunity,Property_State__c,Sales Status is required when the opportunity is in Prospecting.
006WR00000wjdkIYAQ,Opportunity,Property_State__c,Sales Status is required when the opportunity is in Prospecting.
006WR00000wjdkJYAQ,Opportunity,Property_State__c,Sales Status is required when the opportunity is in Prospecting.
006WR00000wjdkKYAQ,Opportunity,Property_State__c,Sales Status is required when the opportunity is in Prospecting.
006WR00000wjdkLYAQ,Opportunity,Property_State__c,Sales Status is required when the opportunity is in Prospecting.
006WR00000wjdkMYAQ,Opportunity,Property_State__c,Sales Status is required when the opportunity is in Prospecting.
006WR00000wjdkNYAQ,Opportunity,Property_State__c,Sales Status is required when the opportunity is in Prospecting.
006WR00000wjdkOYAQ,Opportunity,Property_State__c,Sales Status is required when the opportunity is in Prospecting.
006WR00000wjdkPYAQ,Opportunity,Property_State__c,Sales Status is required when the opportunity is in Prospecting.
006WR00000wjdkQYAQ,Opportunity,Property_State__c,Sales Status is required when the opportunity is in Prospecting.
006WR00000wjdkSYAQ,Opportunity,Property_State__c,Sales Status is required when the opportunity is in Prospecting.
006WR00000wjdkTYAQ,Opportunity,Property_State__c,Sales Status is required when the opportunity is in Prospecting.
006WR00000wjdkUYAQ,Opportunity,Property_State__c,Sales Status is required when the opportunity is in Prospecting.
006WR00000wjdkVYAQ,Opportunity,Property_State__c,Sales Status is required when the opportunity is in Prospecting.
006WR00000wjdkWYAQ,Opportunity,Property_State__c,Sales Status is required when the opportunity is in Prospecting.
006WR00000wjdkXYAQ,Opportunity,Property_State__c,Sales Status is required when the opportunity is in Prospecting.
006WR00000wjdkYYAQ,Opportunity,Property_State__c,Sales Status is required when the opportunity is in Prospecting.
006WR00000wjdkZYAQ,Opportunity,Property_State__c,Sales Status is required when the opportunity is in Prospecting.
006WR00000wjdkaYAA,Opportunity,Property_State__c,Sales Status is required when the opportunity is in Prospecting.
006WR00000wjdkbYAA,Opportunity,Property_State__c,Sales Status is required when the opportunity is in Prospecting.
006WR00000wjdkcYAA,Opportunity,Property_State__c,Sales Status is required when the opportunity is in Prospecting.
006WR00000wjdkdYAA,Opportunity,Property_State__c,Sales Status is required when the opportunity is in Prospecting.
006WR00000wjdkeYAA,Opportunity,Property_State__c,Sales Status is required when the opportunity is in Prospecting.
006WR00000wjdkfYAA,Opportunity,Property_State__c,Sales Status is required when the opportunity is in Prospecting.
006WR00000wjdkgYAA,Opportunity,Property_State__c,Sales Status is required when the opportunity is in Prospecting.
006WR00000wjdkhYAA,Opportunity,Property_State__c,Sales Status is required when the opportunity is in Prospecting.
006WR00000wjdkiYAA,Opportunity,Property_State__c,Sales Status is required when the opportunity is in Prospecting.
006WR00000wjdkjYAA,Opportunity,Property_State__c,Sales Status is required when the opportunity is in Prospecting.
006WR00000wjdkkYAA,Opportunity,Property_State__c,Sales Status is required when the opportunity is in Prospecting.
006WR00000wjdklYAA,Opportunity,Property_State__c,Sales Status is required when the opportunity is in Prospecting.
006WR00000wjdkpYAA,Opportunity,Property_State__c,Sales Status is required when the opportunity is in Prospecting.
006WR00000wjdkqYAA,Opportunity,Property_State__c,Sales Status is required when the opportunity is in Prospecting.
006WR00000wjdksYAA,Opportunity,Property_State__c,Sales Status is required when the opportunity is in Prospecting.
006WR00000wjdktYAA,Opportunity,Property_State__c,Sales Status is required when the opportunity is in Prospecting.
006WR00000wjdkuYAA,Opportunity,Property_State__c,Sales Status is required when the opportunity is in Prospecting.
006WR00000wjdkvYAA,Opportunity,Property_State__c,Sales Status is required when the opportunity is in Prospecting.
006WR00000wjdkwYAA,Opportunity,Property_State__c,Sales Status is required when the opportunity is in Prospecting.
006WR00000wjdkxYAA,Opportunity,Property_State__c,Sales Status is required when the opportunity is in Prospecting.
006WR00000wjdkyYAA,Opportunity,Property_State__c,Sales Status is required when the opportunity is in Prospecting.
006WR00000wjdkzYAA,Opportunity,Property_State__c,Sales Status is required when the opportunity is in Prospecting.
006WR00000wjdl0YAA,Opportunity,Property_State__c,Sales Status is required when the opportunity is in Prospecting.
006WR00000wjdl1YAA,Opportunity,Property_State__c,Sales Status is required when the opportunity is in Prospecting.
006WR00000wjdl2YAA,Opportunity,Property_State__c,Sales Status is required when the opportunity is in Prospecting.
006WR00000wjdl3YAA,Opportunity,Property_State__c,Sales Status is required when the opportunity is in Prospecting.
006WR00000wjdl4YAA,Opportunity,Property_State__c,Sales Status is required when the opportunity is in Prospecting.
006WR00000wjdl5YAA,Opportunity,Property_State__c,Sales Status is required when the opportunity is in Prospecting.
006WR00000wjdl6YAA,Opportunity,Property_State__c,Sales Status is required when the opportunity is in Prospecting.
006WR00000wjdl7YAA,Opportunity,Property_State__c,Sales Status is required when the opportunity is in Prospecting.
006WR00000wjdl8YAA,Opportunity,Property_State__c,Sales Status is required when the opportunity is in Prospecting.
006WR00000wjdl9YAA,Opportunity,Property_State__c,Sales Status is required when the opportunity is in Prospecting.
006WR00000wjdlAYAQ,Opportunity,Property_State__c,Sales Status is required when the opportunity is in Prospecting.
006WR00000wjdlBYAQ,Opportunity,Property_State__c,Sales Status is required when the opportunity is in Prospecting.
006WR00000wjdlCYAQ,Opportunity,Property_State__c,Sales Status is required when the opportunity is in Prospecting.
006WR00000wjdlDYAQ,Opportunity,Property_State__c,Sales Status is required when the opportunity is in Prospecting.
006WR00000wjdlEYAQ,Opportunity,Property_State__c,Sales Status is required when the opportunity is in Prospecting.
006WR00000wjdlFYAQ,Opportunity,Property_State__c,Sales Status is required when the opportunity is in Prospecting.
006WR00000wjdlGYAQ,Opportunity,Property_State__c,Sales Status is required when the opportunity is in Prospecting.
006WR00000wjdlHYAQ,Opportunity,Property_State__c,Sales Status is required when the opportunity is in Prospecting.
006WR00000wjdlIYAQ,Opportunity,Property_State__c,Sales Status is required when the opportunity is in Prospecting.
006WR00000wjdlJYAQ,Opportunity,Property_State__c,Sales Status is required when the opportunity is in Prospecting.
006WR00000wjdlKYAQ,Opportunity,Property_State__c,Sales Status is required when the opportunity is in Prospecting.
006WR00000wjdlLYAQ,Opportunity,Property_State__c,Sales Status is required when the opportunity is in Prospecting.
006WR00000wjdlMYAQ,Opportunity,Property_State__c,Sales Status is required when the opportunity is in Prospecting.
006WR00000wjnOAYAY,Opportunity,Property_State__c,Sales Status is required when the opportunity is in Prospecting.
006WR00000wjnOBYAY,Opportunity,Property_State__c,Sales Status is required when the opportunity is in Prospecting.
006WR00000wjnOCYAY,Opportunity,Property_State__c,Sales Status is required when the opportunity is in Prospecting.
006WR00000wjnODYAY,Opportunity,Property_State__c,Sales Status is required when the opportunity is in Prospecting.
006WR00000wjnOEYAY,Opportunity,Property_State__c,Sales Status is required when the opportunity is in Prospecting.
006WR00000wjnOFYAY,Opportunity,Property_State__c,Sales Status is required when the opportunity is in Prospecting.
006WR00000wjnOGYAY,Opportunity,Property_State__c,Sales Status is required when the opportunity is in Prospecting.
006WR00000wjnOHYAY,Opportunity,Property_State__c,Sales Status is required when the opportunity is in Prospecting.
006WR00000wjnOIYAY,Opportunity,Property_State__c,Sales Status is required when the opportunity is in Prospecting.
006WR00000wjnOJYAY,Opportunity,Property_State__c,Sales Status is required when the opportunity is in Prospecting.
006WR00000wjnOKYAY,Opportunity,Property_State__c,Sales Status is required when the opportunity is in Prospecting.
006WR00000wjnOLYAY,Opportunity,Property_State__c,Sales Status is required when the opportunity is in Prospecting.
006WR00000wjnOMYAY,Opportunity,Property_State__c,Sales Status is required when the opportunity is in Prospecting.
006WR00000wjnONYAY,Opportunity,Property_State__c,Sales Status is required when the opportunity is in Prospecting.
006WR00000wjnOOYAY,Opportunity,Property_State__c,Sales Status is required when the opportunity is in Prospecting.
006WR00000wjnOPYAY,Opportunity,Property_State__c,Sales Status is required when the opportunity is in Prospecting.
006WR00000wjnOQYAY,Opportunity,Property_State__c,Sales Status is required when the opportunity is in Prospecting.
006WR00000wjnORYAY,Opportunity,Property_State__c,Sales Status is required when the opportunity is in Prospecting.
006WR00000wjnOSYAY,Opportunity,Property_State__c,Sales Status is required when the opportunity is in Prospecting.
006WR00000wjnOTYAY,Opportunity,Property_State__c,Sales Status is required when the opportunity is in Prospecting.
006WR00000wjnOUYAY,Opportunity,Property_State__c,Sales Status is required when the opportunity is in Prospecting.
006WR00000wjnOVYAY,Opportunity,Property_State__c,Sales Status is required when the opportunity is in Prospecting.
006WR00000wjnOWYAY,Opportunity,Property_State__c,Sales Status is required when the opportunity is in Prospecting.
006WR00000wjnOXYAY,Opportunity,Property_State__c,Sales Status is required when the opportunity is in Prospecting.
006WR00000wjnOYYAY,Opportunity,Property_State__c,Sales Status is required when the opportunity is in Prospecting.
006WR00000wjnOZYAY,Opportunity,Property_State__c,Sales Status is required when the opportunity is in Prospecting.
006WR00000wjnOaYAI,Opportunity,Property_State__c,Sales Status is required when the opportunity is in Prospecting.
006WR00000wjnObYAI,Opportunity,Property_State__c,Sales Status is required when the opportunity is in Prospecting.
006WR00000wjnOcYAI,Opportunity,Property_State__c,Sales Status is required when the opportunity is in Prospecting.
006WR00000wjnOdYAI,Opportunity,Property_State__c,Sales Status is required when the opportunity is in Prospecting.
006WR00000wjnOeYAI,Opportunity,Property_State__c,Sales Status is required when the opportunity is in Prospecting.
006WR00000wjnOfYAI,Opportunity,Property_State__c,Sales Status is required when the opportunity is in Prospecting.
006WR00000wjnOgYAI,Opportunity,Property_State__c,Sales Status is required when the opportunity is in Prospecting.
006WR00000wjnOhYAI,Opportunity,Property_State__c,Sales Status is required when the opportunity is in Prospecting.
006WR00000wjnOiYAI,Opportunity,Property_State__c,Sales Status is required when the opportunity is in Prospecting.
006WR00000wjnOjYAI,Opportunity,Property_State__c,Sales Status is required when the opportunity is in Prospecting.
006WR00000wjnOkYAI,Opportunity,Property_State__c,Sales Status is required when the opportunity is in Prospecting.
006WR00000wjnOlYAI,Opportunity,Property_State__c,Sales Status is required when the opportunity is in Prospecting.
006WR00000wjnOmYAI,Opportunity,Property_State__c,Sales Status is required when the opportunity is in Prospecting.
006WR00000wjnOnYAI,Opportunity,Property_State__c,Sales Status is required when the opportunity is in Prospecting.
006WR00000wjnOoYAI,Opportunity,Property_State__c,Sales Status is required when the opportunity is in Prospecting.
006WR00000wjnOpYAI,Opportunity,Property_State__c,Sales Status is required when the opportunity is in Prospecting.
006WR00000wjnOqYAI,Opportunity,Property_State__c,Sales Status is required when the opportunity is in Prospecting.
006WR00000wjnOrYAI,Opportunity,Property_State__c,Sales Status is required when the opportunity is in Prospecting.
006WR00000wjnOsYAI,Opportunity,Property_State__c,Sales Status is required when the opportunity is in Prospecting.
006WR00000wjnOtYAI,Opportunity,Property_State__c,Sales Status is required when the opportunity is in Prospecting.
006WR00000wjnOuYAI,Opportunity,Property_State__c,Sales Status is required when the opportunity is in Prospecting.
006WR00000wjnOvYAI,Opportunity,Property_State__c,Sales Status is required when the opportunity is in Prospecting.
006WR00000wjnOwYAI,Opportunity,Property_State__c,Sales Status is required when the opportunity is in Prospecting.
006WR00000wjnOxYAI,Opportunity,Property_State__c,Sales Status is required when the opportunity is in Prospecting.
006WR00000wjnOyYAI,Opportunity,Property_State__c,Sales Status is required when the opportunity is in Prospecting.
006WR00000wjnOzYAI,Opportunity,Property_State__c,Sales Status is required when the opportunity is in Prospecting.
006WR00000wjnP0YAI,Opportunity,Property_State__c,Sales Status is required when the opportunity is in Prospecting.
006WR00000wjnP1YAI,Opportunity,Property_State__c,Sales Status is required when the opportunity is in Prospecting.
006WR00000wjnP2YAI,Opportunity,Property_State__c,Sales Status is required when the opportunity is in Prospecting.
006WR00000wjnP3YAI,Opportunity,Property_State__c,Sales Status is required when the opportunity is in Prospecting.
006WR00000wjnP4YAI,Opportunity,Property_State__c,Sales Status is required when the opportunity is in Prospecting.
006WR00000wjnP5YAI,Opportunity,Property_State__c,Sales Status is required when the opportunity is in Prospecting.
006WR00000wjnP6YAI,Opportunity,Property_State__c,Sales Status is required when the opportunity is in Prospecting.
006WR00000wjnP7YAI,Opportunity,Property_State__c,Sales Status is required when the opportunity is in Prospecting.
006WR00000wjnP8YAI,Opportunity,Property_State__c,Sales Status is required when the opportunity is in Prospecting.
006WR00000wjnP9YAI,Opportunity,Property_State__c,Sales Status is required when the opportunity is in Prospecting.
006WR00000wjnPAYAY,Opportunity,Property_State__c,Sales Status is required when the opportunity is in Prospecting.
006WR00000wjnPBYAY,Opportunity,Property_State__c,Sales Status is required when the opportunity is in Prospecting.
006WR00000wjnPCYAY,Opportunity,Property_State__c,Sales Status is required when the opportunity is in Prospecting.
006WR00000wjnPDYAY,Opportunity,Property_State__c,Sales Status is required when the opportunity is in Prospecting.
006WR00000wjnPEYAY,Opportunity,Property_State__c,Sales Status is required when the opportunity is in Prospecting.
006WR00000wjnPFYAY,Opportunity,Property_State__c,Sales Status is required when the opportunity is in Prospecting.
006WR00000wjnPGYAY,Opportunity,Property_State__c,Sales Status is required when the opportunity is in Prospecting.
006WR00000wjnPHYAY,Opportunity,Property_State__c,Sales Status is required when the opportunity is in Prospecting.
006WR00000wjnPIYAY,Opportunity,Property_State__c,Sales Status is required when the opportunity is in Prospecting.
006WR00000wjnPJYAY,Opportunity,Property_State__c,Sales Status is required when the opportunity is in Prospecting.
006WR00000wjnPKYAY,Opportunity,Property_State__c,Sales Status is required when the opportunity is in Prospecting.
006WR00000wjnPLYAY,Opportunity,Property_State__c,Sales Status is required when the opportunity is in Prospecting.
006WR00000wjnPMYAY,Opportunity,Property_State__c,Sales Status is required when the opportunity is in Prospecting.
006WR00000wjnPNYAY,Opportunity,Property_State__c,Sales Status is required when the opportunity is in Prospecting.
006WR00000wjnPOYAY,Opportunity,Property_State__c,Sales Status is required when the opportunity is in Prospecting.
006WR00000wjnPPYAY,Opportunity,Property_State__c,Sales Status is required when the opportunity is in Prospecting.
006WR00000wjnPQYAY,Opportunity,Property_State__c,Sales Status is required when the opportunity is in Prospecting.
006WR00000wjnPRYAY,Opportunity,Property_State__c,Sales Status is required when the opportunity is in Prospecting.
006WR00000wjnPSYAY,Opportunity,Property_State__c,Sales Status is required when the opportunity is in Prospecting.
006WR00000wjnPTYAY,Opportunity,Property_State__c,Sales Status is required when the opportunity is in Prospecting.
006WR00000wjnPUYAY,Opportunity,Property_State__c,Sales Status is required when the opportunity is in Prospecting.
006WR00000wjnPVYAY,Opportunity,Property_State__c,Sales Status is required when the opportunity is in Prospecting.
006WR00000wjnPWYAY,Opportunity,Property_State__c,Sales Status is required when the opportunity is in Prospecting.
006WR00000wjnPXYAY,Opportunity,Property_State__c,Sales Status is required when the opportunity is in Prospecting.
006WR00000wjnPYYAY,Opportunity,Property_State__c,Sales Status is required when the opportunity is in Prospecting.
006WR00000wjnPZYAY,Opportunity,Property_State__c,Sales Status is required when the opportunity is in Prospecting.
006WR00000wjnPaYAI,Opportunity,Property_State__c,Sales Status is required when the opportunity is in Prospecting.
006WR00000wjnPbYAI,Opportunity,Property_State__c,Sales Status is required when the opportunity is in Prospecting.
006WR00000wjnPcYAI,Opportunity,Property_State__c,Sales Status is required when the opportunity is in Prospecting.
006WR00000wjnPdYAI,Opportunity,Property_State__c,Sales Status is required when the opportunity is in Prospecting.
006WR00000wjnPeYAI,Opportunity,Property_State__c,Sales Status is required when the opportunity is in Prospecting.
006WR00000wjnPfYAI,Opportunity,Property_State__c,Sales Status is required when the opportunity is in Prospecting.
006WR00000wjnPgYAI,Opportunity,Property_State__c,Sales Status is required when the opportunity is in Prospecting.
006WR00000wjnPhYAI,Opportunity,Property_State__c,Sales Status is required when the opportunity is in Prospecting.
006WR00000wjnPiYAI,Opportunity,Property_State__c,Sales Status is required when the opportunity is in Prospecting.
006WR00000wjnPjYAI,Opportunity,Property_State__c,Sales Status is required when the opportunity is in Prospecting.
006WR00000wjnPkYAI,Opportunity,Property_State__c,Sales Status is required when the opportunity is in Prospecting.
006WR00000wjnkrYAA,Opportunity,Property_State__c,Sales Status is required when the opportunity is in Prospecting.
006WR00000wjnksYAA,Opportunity,Property_State__c,Sales Status is required when the opportunity is in Prospecting.
006WR00000wjnktYAA,Opportunity,Property_State__c,Sales Status is required when the opportunity is in Prospecting.
006WR00000wjnkuYAA,Opportunity,Property_State__c,Sales Status is required when the opportunity is in Prospecting.
006WR00000wjnkvYAA,Opportunity,Property_State__c,Sales Status is required when the opportunity is in Prospecting.
006WR00000wjnkwYAA,Opportunity,Property_State__c,Sales Status is required when the opportunity is in Prospecting.
006WR00000wjnkxYAA,Opportunity,Property_State__c,Sales Status is required when the opportunity is in Prospecting.
006WR00000wjnkyYAA,Opportunity,Property_State__c,Sales Status is required when the opportunity is in Prospecting.
006WR00000wjnkzYAA,Opportunity,Property_State__c,Sales Status is required when the opportunity is in Prospecting.
006WR00000wjnl0YAA,Opportunity,Property_State__c,Sales Status is required when the opportunity is in Prospecting.
006WR00000wjnl1YAA,Opportunity,Property_State__c,Sales Status is required when the opportunity is in Prospecting.
006WR00000wjnl2YAA,Opportunity,Property_State__c,Sales Status is required when the opportunity is in Prospecting.
006WR00000wjnl3YAA,Opportunity,Property_State__c,Sales Status is required when the opportunity is in Prospecting.
006WR00000wjnl4YAA,Opportunity,Property_State__c,Sales Status is required when the opportunity is in Prospecting.
006WR00000wjnl5YAA,Opportunity,Property_State__c,Sales Status is required when the opportunity is in Prospecting.
006WR00000wjnl6YAA,Opportunity,Property_State__c,Sales Status is required when the opportunity is in Prospecting.
006WR00000wjnl7YAA,Opportunity,Property_State__c,Sales Status is required when the opportunity is in Prospecting.
006WR00000wjnl8YAA,Opportunity,Property_State__c,Sales Status is required when the opportunity is in Prospecting.
006WR00000wjnl9YAA,Opportunity,Property_State__c,Sales Status is required when the opportunity is in Prospecting.
006WR00000wjnlAYAQ,Opportunity,Property_State__c,Sales Status is required when the opportunity is in Prospecting.
006WR00000wjnlBYAQ,Opportunity,Property_State__c,Sales Status is required when the opportunity is in Prospecting.
006WR00000wjnlCYAQ,Opportunity,Property_State__c,Sales Status is required when the opportunity is in Prospecting.
006WR00000wjnlDYAQ,Opportunity,Property_State__c,Sales Status is required when the opportunity is in Prospecting.
006WR00000wjnlEYAQ,Opportunity,Property_State__c,Sales Status is required when the opportunity is in Prospecting.
006WR00000wjnlFYAQ,Opportunity,Property_State__c,Sales Status is required when the opportunity is in Prospecting.
006WR00000wjnlGYAQ,Opportunity,Property_State__c,Sales Status is required when the opportunity is in Prospecting.
006WR00000wjnlHYAQ,Opportunity,Property_State__c,Sales Status is required when the opportunity is in Prospecting.
006WR00000wjnlIYAQ,Opportunity,Property_State__c,Sales Status is required when the opportunity is in Prospecting.
006WR00000wjnlJYAQ,Opportunity,Property_State__c,Sales Status is required when the opportunity is in Prospecting.
006WR00000wjnlKYAQ,Opportunity,Property_State__c,Sales Status is required when the opportunity is in Prospecting.
006WR00000wjnlLYAQ,Opportunity,Property_State__c,Sales Status is required when the opportunity is in Prospecting.
006WR00000wjnlMYAQ,Opportunity,Property_State__c,Sales Status is required when the opportunity is in Prospecting.
006WR00000wjnlNYAQ,Opportunity,Property_State__c,Sales Status is required when the opportunity is in Prospecting.
006WR00000wjnlOYAQ,Opportunity,Property_State__c,Sales Status is required when the opportunity is in Prospecting.
006WR00000wjnlPYAQ,Opportunity,Property_State__c,Sales Status is required when the opportunity is in Prospecting.
006WR00000wjnlQYAQ,Opportunity,Property_State__c,Sales Status is required when the opportunity is in Prospecting.
006WR00000wjnlRYAQ,Opportunity,Property_State__c,Sales Status is required when the opportunity is in Prospecting.
006WR00000wjnlSYAQ,Opportunity,Property_State__c,Sales Status is required when the opportunity is in Prospecting.
006WR00000wjnlTYAQ,Opportunity,Property_State__c,Sales Status is required when the opportunity is in Prospecting.
006WR00000wjnlVYAQ,Opportunity,Property_State__c,Sales Status is required when the opportunity is in Prospecting.
006WR00000wjnlWYAQ,Opportunity,Property_State__c,Sales Status is required when the opportunity is in Prospecting.
006WR00000wjnlXYAQ,Opportunity,Property_State__c,Sales Status is required when the opportunity is in Prospecting.
006WR00000wjnlZYAQ,Opportunity,Property_State__c,Sales Status is required when the opportunity is in Prospecting.
006WR00000wjnlaYAA,Opportunity,Property_State__c,Sales Status is required when the opportunity is in Prospecting.
006WR00000wjnlbYAA,Opportunity,Property_State__c,Sales Status is required when the opportunity is in Prospecting.
006WR00000wjnldYAA,Opportunity,Property_State__c,Sales Status is required when the opportunity is in Prospecting.
006WR00000wjnlfYAA,Opportunity,Property_State__c,Sales Status is required when the opportunity is in Prospecting.
006WR00000wjnlgYAA,Opportunity,Property_State__c,Sales Status is required when the opportunity is in Prospecting.
006WR00000wjnlhYAA,Opportunity,Property_State__c,Sales Status is required when the opportunity is in Prospecting.
006WR00000wjnliYAA,Opportunity,Property_State__c,Sales Status is required when the opportunity is in Prospecting.
006WR00000wjnlkYAA,Opportunity,Property_State__c,Sales Status is required when the opportunity is in Prospecting.
006WR00000wjnllYAA,Opportunity,Property_State__c,Sales Status is required when the opportunity is in Prospecting.
006WR00000wjnlmYAA,Opportunity,Property_State__c,Sales Status is required when the opportunity is in Prospecting.
006WR00000wjnlnYAA,Opportunity,Property_State__c,Sales Status is required when the opportunity is in Prospecting.
006WR00000wjnloYAA,Opportunity,Property_State__c,Sales Status is required when the opportunity is in Prospecting.
006WR00000wjnlpYAA,Opportunity,Property_State__c,Sales Status is required when the opportunity is in Prospecting.
006WR00000wjnlqYAA,Opportunity,Property_State__c,Sales Status is required when the opportunity is in Prospecting.
006WR00000wjnlrYAA,Opportunity,Property_State__c,Sales Status is required when the opportunity is in Prospecting.
006WR00000wjnlsYAA,Opportunity,Property_State__c,Sales Status is required when the opportunity is in Prospecting.
006WR00000wjnltYAA,Opportunity,Property_State__c,Sales Status is required when the opportunity is in Prospecting.
006WR00000wjnlvYAA,Opportunity,Property_State__c,Sales Status is required when the opportunity is in Prospecting.
006WR00000wjnlwYAA,Opportunity,Property_State__c,Sales Status is required when the opportunity is in Prospecting.
006WR00000wjnlxYAA,Opportunity,Property_State__c,Sales Status is required when the opportunity is in Prospecting.
006WR00000wjnlyYAA,Opportunity,Property_State__c,Sales Status is required when the opportunity is in Prospecting.
006WR00000wjnlzYAA,Opportunity,Property_State__c,Sales Status is required when the opportunity is in Prospecting.
006WR00000wjnm0YAA,Opportunity,Property_State__c,Sales Status is required when the opportunity is in Prospecting.
006WR00000wjnm1YAA,Opportunity,Property_State__c,Sales Status is required when the opportunity is in Prospecting.
006WR00000wjnm2YAA,Opportunity,Property_State__c,Sales Status is required when the opportunity is in Prospecting.
006WR00000wjnm3YAA,Opportunity,Property_State__c,Sales Status is required when the opportunity is in Prospecting.
006WR00000wjnm4YAA,Opportunity,Property_State__c,Sales Status is required when the opportunity is in Prospecting.
006WR00000wjnm5YAA,Opportunity,Property_State__c,Sales Status is required when the opportunity is in Prospecting.
006WR00000wjnm6YAA,Opportunity,Property_State__c,Sales Status is required when the opportunity is in Prospecting.
006WR00000wjnm7YAA,Opportunity,Property_State__c,Sales Status is required when the opportunity is in Prospecting.
006WR00000wjnm8YAA,Opportunity,Property_State__c,Sales Status is required when the opportunity is in Prospecting.
006WR00000wjnm9YAA,Opportunity,Property_State__c,Sales Status is required when the opportunity is in Prospecting.
006WR00000wjnmAYAQ,Opportunity,Property_State__c,Sales Status is required when the opportunity is in Prospecting.
006WR00000wjnmBYAQ,Opportunity,Property_State__c,Sales Status is required when the opportunity is in Prospecting.
006WR00000wjnmCYAQ,Opportunity,Property_State__c,Sales Status is required when the opportunity is in Prospecting.
006WR00000wjnmDYAQ,Opportunity,Property_State__c,Sales Status is required when the opportunity is in Prospecting.
006WR00000wjnmEYAQ,Opportunity,Property_State__c,Sales Status is required when the opportunity is in Prospecting.
006WR00000wjnmFYAQ,Opportunity,Property_State__c,Sales Status is required when the opportunity is in Prospecting.
006WR00000wjnmGYAQ,Opportunity,Property_State__c,Sales Status is required when the opportunity is in Prospecting.
006WR00000wjnmHYAQ,Opportunity,Property_State__c,Sales Status is required when the opportunity is in Prospecting.
006WR00000wjnmIYAQ,Opportunity,Property_State__c,Sales Status is required when the opportunity is in Prospecting.
006WR00000wjnmJYAQ,Opportunity,Property_State__c,Sales Status is required when the opportunity is in Prospecting.
006WR00000wjqCNYAY,Opportunity,Property_State__c,Sales Status is required when the opportunity is in Prospecting.
006WR00000wjqCOYAY,Opportunity,Property_State__c,Sales Status is required when the opportunity is in Prospecting.
006WR00000wjqCPYAY,Opportunity,Property_State__c,Sales Status is required when the opportunity is in Prospecting.
006WR00000wjqCQYAY,Opportunity,Property_State__c,Sales Status is required when the opportunity is in Prospecting.
006WR00000wjqCRYAY,Opportunity,Property_State__c,Sales Status is required when the opportunity is in Prospecting.
006WR00000wjqCSYAY,Opportunity,Property_State__c,Sales Status is required when the opportunity is in Prospecting.
006WR00000wjqCTYAY,Opportunity,Property_State__c,Sales Status is required when the opportunity is in Prospecting.
006WR00000wjqCUYAY,Opportunity,Property_State__c,Sales Status is required when the opportunity is in Prospecting.
006WR00000wjqCVYAY,Opportunity,Property_State__c,Sales Status is required when the opportunity is in Prospecting.
006WR00000wjqCWYAY,Opportunity,Property_State__c,Sales Status is required when the opportunity is in Prospecting.
006WR00000wjqCXYAY,Opportunity,Property_State__c,Sales Status is required when the opportunity is in Prospecting.
006WR00000wjqCYYAY,Opportunity,Property_State__c,Sales Status is required when the opportunity is in Prospecting.
006WR00000wjqCZYAY,Opportunity,Property_State__c,Sales Status is required when the opportunity is in Prospecting.
006WR00000wjqCaYAI,Opportunity,Property_State__c,Sales Status is required when the opportunity is in Prospecting.
006WR00000wjqCbYAI,Opportunity,Property_State__c,Sales Status is required when the opportunity is in Prospecting.
006WR00000wjqCcYAI,Opportunity,Property_State__c,Sales Status is required when the opportunity is in Prospecting.
006WR00000wjqCdYAI,Opportunity,Property_State__c,Sales Status is required when the opportunity is in Prospecting.
006WR00000wjqCeYAI,Opportunity,Property_State__c,Sales Status is required when the opportunity is in Prospecting.
006WR00000wjqCgYAI,Opportunity,Property_State__c,Sales Status is required when the opportunity is in Prospecting.
006WR00000wjqChYAI,Opportunity,Property_State__c,Sales Status is required when the opportunity is in Prospecting.
006WR00000wjqCiYAI,Opportunity,Property_State__c,Sales Status is required when the opportunity is in Prospecting.
006WR00000wjqCjYAI,Opportunity,Property_State__c,Sales Status is required when the opportunity is in Prospecting.
006WR00000wjqCkYAI,Opportunity,Property_State__c,Sales Status is required when the opportunity is in Prospecting.
006WR00000wjqClYAI,Opportunity,Property_State__c,Sales Status is required when the opportunity is in Prospecting.
006WR00000wjqCmYAI,Opportunity,Property_State__c,Sales Status is required when the opportunity is in Prospecting.
006WR00000wjqCnYAI,Opportunity,Property_State__c,Sales Status is required when the opportunity is in Prospecting.
006WR00000wjqCoYAI,Opportunity,Property_State__c,Sales Status is required when the opportunity is in Prospecting.
006WR00000wjqCpYAI,Opportunity,Property_State__c,Sales Status is required when the opportunity is in Prospecting.
006WR00000wjqCqYAI,Opportunity,Property_State__c,Sales Status is required when the opportunity is in Prospecting.
006WR00000wjqCrYAI,Opportunity,Property_State__c,Sales Status is required when the opportunity is in Prospecting.
006WR00000wjqCsYAI,Opportunity,Property_State__c,Sales Status is required when the opportunity is in Prospecting.
006WR00000wjqCtYAI,Opportunity,Property_State__c,Sales Status is required when the opportunity is in Prospecting.
006WR00000wjqCuYAI,Opportunity,Property_State__c,Sales Status is required when the opportunity is in Prospecting.
006WR00000wjqCvYAI,Opportunity,Property_State__c,Sales Status is required when the opportunity is in Prospecting.
006WR00000wjqCwYAI,Opportunity,Property_State__c,Sales Status is required when the opportunity is in Prospecting.
006WR00000wjqCxYAI,Opportunity,Property_State__c,Sales Status is required when the opportunity is in Prospecting.
006WR00000wjqCyYAI,Opportunity,Property_State__c,Sales Status is required when the opportunity is in Prospecting.
006WR00000wjqCzYAI,Opportunity,Property_State__c,Sales Status is required when the opportunity is in Prospecting.
006WR00000wjqD0YAI,Opportunity,Property_State__c,Sales Status is required when the opportunity is in Prospecting.
006WR00000wjqD1YAI,Opportunity,Property_State__c,Sales Status is required when the opportunity is in Prospecting.
006WR00000wjqD2YAI,Opportunity,Property_State__c,Sales Status is required when the opportunity is in Prospecting.
006WR00000wjqD3YAI,Opportunity,Property_State__c,Sales Status is required when the opportunity is in Prospecting.
006WR00000wjqD4YAI,Opportunity,Property_State__c,Sales Status is required when the opportunity is in Prospecting.
006WR00000wjqD5YAI,Opportunity,Property_State__c,Sales Status is required when the opportunity is in Prospecting.
006WR00000wjqD7YAI,Opportunity,Property_State__c,Sales Status is required when the opportunity is in Prospecting.
006WR00000wjqD8YAI,Opportunity,Property_State__c,Sales Status is required when the opportunity is in Prospecting.
006WR00000wjqD9YAI,Opportunity,Property_State__c,Sales Status is required when the opportunity is in Prospecting.
006WR00000wjqDAYAY,Opportunity,Property_State__c,Sales Status is required when the opportunity is in Prospecting.
006WR00000wjqDBYAY,Opportunity,Property_State__c,Sales Status is required when the opportunity is in Prospecting.
006WR00000wjqDCYAY,Opportunity,Property_State__c,Sales Status is required when the opportunity is in Prospecting.
006WR00000wjqDDYAY,Opportunity,Property_State__c,Sales Status is required when the opportunity is in Prospecting.
006WR00000wjqDEYAY,Opportunity,Property_State__c,Sales Status is required when the opportunity is in Prospecting.
006WR00000wjqDFYAY,Opportunity,Property_State__c,Sales Status is required when the opportunity is in Prospecting.
006WR00000wjqDGYAY,Opportunity,Property_State__c,Sales Status is required when the opportunity is in Prospecting.
006WR00000wjqDHYAY,Opportunity,Property_State__c,Sales Status is required when the opportunity is in Prospecting.
006WR00000wjqDIYAY,Opportunity,Property_State__c,Sales Status is required when the opportunity is in Prospecting.
006WR00000wjqDJYAY,Opportunity,Property_State__c,Sales Status is required when the opportunity is in Prospecting.
006WR00000wjqDKYAY,Opportunity,Property_State__c,Sales Status is required when the opportunity is in Prospecting.
006WR00000wjqDLYAY,Opportunity,Property_State__c,Sales Status is required when the opportunity is in Prospecting.
006WR00000wjqDMYAY,Opportunity,Property_State__c,Sales Status is required when the opportunity is in Prospecting.
006WR00000wjqDNYAY,Opportunity,Property_State__c,Sales Status is required when the opportunity is in Prospecting.
006WR00000wjqDOYAY,Opportunity,Property_State__c,Sales Status is required when the opportunity is in Prospecting.
006WR00000wjqDPYAY,Opportunity,Property_State__c,Sales Status is required when the opportunity is in Prospecting.
006WR00000wjqDQYAY,Opportunity,Property_State__c,Sales Status is required when the opportunity is in Prospecting.
006WR00000wjqDRYAY,Opportunity,Property_State__c,Sales Status is required when the opportunity is in Prospecting.
006WR00000wjqDSYAY,Opportunity,Property_State__c,Sales Status is required when the opportunity is in Prospecting.
006WR00000wjqDTYAY,Opportunity,Property_State__c,Sales Status is required when the opportunity is in Prospecting.
006WR00000wjqDUYAY,Opportunity,Property_State__c,Sales Status is required when the opportunity is in Prospecting.
006WR00000wjqDVYAY,Opportunity,Property_State__c,Sales Status is required when the opportunity is in Prospecting.
006WR00000wjqDWYAY,Opportunity,Property_State__c,Sales Status is required when the opportunity is in Prospecting.
006WR00000wjqDXYAY,Opportunity,Property_State__c,Sales Status is required when the opportunity is in Prospecting.
006WR00000wjqDYYAY,Opportunity,Property_State__c,Sales Status is required when the opportunity is in Prospecting.
006WR00000wjqDZYAY,Opportunity,Property_State__c,Sales Status is required when the opportunity is in Prospecting.
006WR00000wjqDaYAI,Opportunity,Property_State__c,Sales Status is required when the opportunity is in Prospecting.
006WR00000wjqDbYAI,Opportunity,Property_State__c,Sales Status is required when the opportunity is in Prospecting.
006WR00000wjqDcYAI,Opportunity,Property_State__c,Sales Status is required when the opportunity is in Prospecting.
006WR00000wjqDdYAI,Opportunity,Property_State__c,Sales Status is required when the opportunity is in Prospecting.
006WR00000wjqDeYAI,Opportunity,Property_State__c,Sales Status is required when the opportunity is in Prospecting.
006WR00000wjqDfYAI,Opportunity,Property_State__c,Sales Status is required when the opportunity is in Prospecting.
006WR00000wjqDgYAI,Opportunity,Property_State__c,Sales Status is required when the opportunity is in Prospecting.
006WR00000wjqDhYAI,Opportunity,Property_State__c,Sales Status is required when the opportunity is in Prospecting.
006WR00000wjqDiYAI,Opportunity,Property_State__c,Sales Status is required when the opportunity is in Prospecting.
006WR00000wjqDjYAI,Opportunity,Property_State__c,Sales Status is required when the opportunity is in Prospecting.
006WR00000wjqDkYAI,Opportunity,Property_State__c,Sales Status is required when the opportunity is in Prospecting.
006WR00000wjqDlYAI,Opportunity,Property_State__c,Sales Status is required when the opportunity is in Prospecting.
006WR00000wjqDmYAI,Opportunity,Property_State__c,Sales Status is required when the opportunity is in Prospecting.
006WR00000wjqDnYAI,Opportunity,Property_State__c,Sales Status is required when the opportunity is in Prospecting.
006WR00000wjqDoYAI,Opportunity,Property_State__c,Sales Status is required when the opportunity is in Prospecting.
006WR00000wjqDpYAI,Opportunity,Property_State__c,Sales Status is required when the opportunity is in Prospecting.
006WR00000wjqDqYAI,Opportunity,Property_State__c,Sales Status is required when the opportunity is in Prospecting.
006WR00000wjqDrYAI,Opportunity,Property_State__c,Sales Status is required when the opportunity is in Prospecting.
006WR00000wjqDsYAI,Opportunity,Property_State__c,Sales Status is required when the opportunity is in Prospecting.
006WR00000wjqDtYAI,Opportunity,Property_State__c,Sales Status is required when the opportunity is in Prospecting.
006WR00000wjqDuYAI,Opportunity,Property_State__c,Sales Status is required when the opportunity is in Prospecting.
006WR00000wjqDvYAI,Opportunity,Property_State__c,Sales Status is required when the opportunity is in Prospecting.
006WR00000wjqDwYAI,Opportunity,Property_State__c,Sales Status is required when the opportunity is in Prospecting.
006WR00000wk3O6YAI,Opportunity,Property_State__c,Sales Status is required when the opportunity is in Prospecting.
006WR00000wk3O7YAI,Opportunity,Property_State__c,Sales Status is required when the opportunity is in Prospecting.
006WR00000wk3O8YAI,Opportunity,Property_State__c,Sales Status is required when the opportunity is in Prospecting.
006WR00000wk3O9YAI,Opportunity,Property_State__c,Sales Status is required when the opportunity is in Prospecting.
006WR00000wk3OAYAY,Opportunity,Property_State__c,Sales Status is required when the opportunity is in Prospecting.
006WR00000wk3OBYAY,Opportunity,Property_State__c,Sales Status is required when the opportunity is in Prospecting.
006WR00000wk3OCYAY,Opportunity,Property_State__c,Sales Status is required when the opportunity is in Prospecting.
006WR00000wk3ODYAY,Opportunity,Property_State__c,Sales Status is required when the opportunity is in Prospecting.
006WR00000wk3OEYAY,Opportunity,Property_State__c,Sales Status is required when the opportunity is in Prospecting.
006WR00000wk3OFYAY,Opportunity,Property_State__c,Sales Status is required when the opportunity is in Prospecting.
006WR00000wk3OGYAY,Opportunity,Property_State__c,Sales Status is required when the opportunity is in Prospecting.
006WR00000wk3OHYAY,Opportunity,Property_State__c,Sales Status is required when the opportunity is in Prospecting.
006WR00000wk3OIYAY,Opportunity,Property_State__c,Sales Status is required when the opportunity is in Prospecting.
006WR00000wk3OJYAY,Opportunity,Property_State__c,Sales Status is required when the opportunity is in Prospecting.
006WR00000wk3OKYAY,Opportunity,Property_State__c,Sales Status is required when the opportunity is in Prospecting.
006WR00000wk3OLYAY,Opportunity,Property_State__c,Sales Status is required when the opportunity is in Prospecting.
006WR00000wk3OMYAY,Opportunity,Property_State__c,Sales Status is required when the opportunity is in Prospecting.
006WR00000wk3ONYAY,Opportunity,Property_State__c,Sales Status is required when the opportunity is in Prospecting.
006WR00000wk3OOYAY,Opportunity,Property_State__c,Sales Status is required when the opportunity is in Prospecting.
006WR00000wk3OPYAY,Opportunity,Property_State__c,Sales Status is required when the opportunity is in Prospecting.
006WR00000wk3OQYAY,Opportunity,Property_State__c,Sales Status is required when the opportunity is in Prospecting.
006WR00000wk3ORYAY,Opportunity,Property_State__c,Sales Status is required when the opportunity is in Prospecting.
006WR00000wk3OSYAY,Opportunity,Property_State__c,Sales Status is required when the opportunity is in Prospecting.
006WR00000wk3OTYAY,Opportunity,Property_State__c,Sales Status is required when the opportunity is in Prospecting.
006WR00000wk3OUYAY,Opportunity,Property_State__c,Sales Status is required when the opportunity is in Prospecting.
006WR00000wk3OVYAY,Opportunity,Property_State__c,Sales Status is required when the opportunity is in Prospecting.
006WR00000wk3OWYAY,Opportunity,Property_State__c,Sales Status is required when the opportunity is in Prospecting.
006WR00000wk3OXYAY,Opportunity,Property_State__c,Sales Status is required when the opportunity is in Prospecting.
006WR00000wk3OYYAY,Opportunity,Property_State__c,Sales Status is required when the opportunity is in Prospecting.
006WR00000wk3OZYAY,Opportunity,Property_State__c,Sales Status is required when the opportunity is in Prospecting.
006WR00000wk3OaYAI,Opportunity,Property_State__c,Sales Status is required when the opportunity is in Prospecting.
006WR00000wk3ObYAI,Opportunity,Property_State__c,Sales Status is required when the opportunity is in Prospecting.
006WR00000wk3OcYAI,Opportunity,Property_State__c,Sales Status is required when the opportunity is in Prospecting.
006WR00000wk3OdYAI,Opportunity,Property_State__c,Sales Status is required when the opportunity is in Prospecting.
006WR00000wk3OeYAI,Opportunity,Property_State__c,Sales Status is required when the opportunity is in Prospecting.
006WR00000wk3OfYAI,Opportunity,Property_State__c,Sales Status is required when the opportunity is in Prospecting.
006WR00000wk3OgYAI,Opportunity,Property_State__c,Sales Status is required when the opportunity is in Prospecting.
006WR00000wk3OhYAI,Opportunity,Property_State__c,Sales Status is required when the opportunity is in Prospecting.
006WR00000wk3OiYAI,Opportunity,Property_State__c,Sales Status is required when the opportunity is in Prospecting.
006WR00000wk3OjYAI,Opportunity,Property_State__c,Sales Status is required when the opportunity is in Prospecting.
006WR00000wk3OkYAI,Opportunity,Property_State__c,Sales Status is required when the opportunity is in Prospecting.
006WR00000wk3OlYAI,Opportunity,Property_State__c,Sales Status is required when the opportunity is in Prospecting.
006WR00000wk3OmYAI,Opportunity,Property_State__c,Sales Status is required when the opportunity is in Prospecting.
006WR00000wk3OnYAI,Opportunity,Property_State__c,Sales Status is required when the opportunity is in Prospecting.
006WR00000wk3OoYAI,Opportunity,Property_State__c,Sales Status is required when the opportunity is in Prospecting.
006WR00000wk3OpYAI,Opportunity,Property_State__c,Sales Status is required when the opportunity is in Prospecting.
006WR00000wk3OqYAI,Opportunity,Property_State__c,Sales Status is required when the opportunity is in Prospecting.
006WR00000wk3OrYAI,Opportunity,Property_State__c,Sales Status is required when the opportunity is in Prospecting.
006WR00000wk3OsYAI,Opportunity,Property_State__c,Sales Status is required when the opportunity is in Prospecting.
006WR00000wk3OtYAI,Opportunity,Property_State__c,Sales Status is required when the opportunity is in Prospecting.
006WR00000wk3OuYAI,Opportunity,Property_State__c,Sales Status is required when the opportunity is in Prospecting.
006WR00000wk3OvYAI,Opportunity,Property_State__c,Sales Status is required when the opportunity is in Prospecting.
006WR00000wk3OwYAI,Opportunity,Property_State__c,Sales Status is required when the opportunity is in Prospecting.
006WR00000wk3OxYAI,Opportunity,Property_State__c,Sales Status is required when the opportunity is in Prospecting.
006WR00000wk3OyYAI,Opportunity,Property_State__c,Sales Status is required when the opportunity is in Prospecting.
006WR00000wk3OzYAI,Opportunity,Property_State__c,Sales Status is required when the opportunity is in Prospecting.
006WR00000wk3P0YAI,Opportunity,Property_State__c,Sales Status is required when the opportunity is in Prospecting.
006WR00000wk3P1YAI,Opportunity,Property_State__c,Sales Status is required when the opportunity is in Prospecting.
006WR00000wk3P2YAI,Opportunity,Property_State__c,Sales Status is required when the opportunity is in Prospecting.
006WR00000wk3P3YAI,Opportunity,Property_State__c,Sales Status is required when the opportunity is in Prospecting.
006WR00000wk3P4YAI,Opportunity,Property_State__c,Sales Status is required when the opportunity is in Prospecting.
006WR00000wk3P5YAI,Opportunity,Property_State__c,Sales Status is required when the opportunity is in Prospecting.
006WR00000wk3P6YAI,Opportunity,Property_State__c,Sales Status is required when the opportunity is in Prospecting.
006WR00000wk3P8YAI,Opportunity,Property_State__c,Sales Status is required when the opportunity is in Prospecting.
006WR00000wk3P9YAI,Opportunity,Property_State__c,Sales Status is required when the opportunity is in Prospecting.
006WR00000wk3PAYAY,Opportunity,Property_State__c,Sales Status is required when the opportunity is in Prospecting.
006WR00000wk3PBYAY,Opportunity,Property_State__c,Sales Status is required when the opportunity is in Prospecting.
006WR00000wk3PCYAY,Opportunity,Property_State__c,Sales Status is required when the opportunity is in Prospecting.
006WR00000wk3PDYAY,Opportunity,Property_State__c,Sales Status is required when the opportunity is in Prospecting.
006WR00000wk3PEYAY,Opportunity,Property_State__c,Sales Status is required when the opportunity is in Prospecting.
006WR00000wk3PFYAY,Opportunity,Property_State__c,Sales Status is required when the opportunity is in Prospecting.
006WR00000wk3PIYAY,Opportunity,Property_State__c,Sales Status is required when the opportunity is in Prospecting.
006WR00000wk3PKYAY,Opportunity,Property_State__c,Sales Status is required when the opportunity is in Prospecting.
006WR00000wk3PLYAY,Opportunity,Property_State__c,Sales Status is required when the opportunity is in Prospecting.
006WR00000wk3PMYAY,Opportunity,Property_State__c,Sales Status is required when the opportunity is in Prospecting.
006WR00000wk3PNYAY,Opportunity,Property_State__c,Sales Status is required when the opportunity is in Prospecting.
006WR00000wk3POYAY,Opportunity,Property_State__c,Sales Status is required when the opportunity is in Prospecting.
006WR00000wk3PPYAY,Opportunity,Property_State__c,Sales Status is required when the opportunity is in Prospecting.
006WR00000wk3PQYAY,Opportunity,Property_State__c,Sales Status is required when the opportunity is in Prospecting.
006WR00000wk3PRYAY,Opportunity,Property_State__c,Sales Status is required when the opportunity is in Prospecting.
006WR00000wk3PSYAY,Opportunity,Property_State__c,Sales Status is required when the opportunity is in Prospecting.
006WR00000wk3PTYAY,Opportunity,Property_State__c,Sales Status is required when the opportunity is in Prospecting.
006WR00000wk3PUYAY,Opportunity,Property_State__c,Sales Status is required when the opportunity is in Prospecting.
006WR00000wk3PVYAY,Opportunity,Property_State__c,Sales Status is required when the opportunity is in Prospecting.
006WR00000wk3PWYAY,Opportunity,Property_State__c,Sales Status is required when the opportunity is in Prospecting.
006WR00000wk3PXYAY,Opportunity,Property_State__c,Sales Status is required when the opportunity is in Prospecting.
006WR00000wk3PYYAY,Opportunity,Property_State__c,Sales Status is required when the opportunity is in Prospecting.
006WR00000wk3PZYAY,Opportunity,Property_State__c,Sales Status is required when the opportunity is in Prospecting.
006WR00000wk3PaYAI,Opportunity,Property_State__c,Sales Status is required when the opportunity is in Prospecting.
006WR00000wk3PbYAI,Opportunity,Property_State__c,Sales Status is required when the opportunity is in Prospecting.
006WR00000wk3PcYAI,Opportunity,Property_State__c,Sales Status is required when the opportunity is in Prospecting.
006WR00000wk3PdYAI,Opportunity,Property_State__c,Sales Status is required when the opportunity is in Prospecting.
006WR00000wk3PeYAI,Opportunity,Property_State__c,Sales Status is required when the opportunity is in Prospecting.
006WR00000wk3PfYAI,Opportunity,Property_State__c,Sales Status is required when the opportunity is in Prospecting.
006WR00000wk3PgYAI,Opportunity,Property_State__c,Sales Status is required when the opportunity is in Prospecting.
006WR00000wk9RxYAI,Opportunity,Property_State__c,Sales Status is required when the opportunity is in Prospecting.
006WR00000wk9RzYAI,Opportunity,Property_State__c,Sales Status is required when the opportunity is in Prospecting.
006WR00000wk9S1YAI,Opportunity,Property_State__c,Sales Status is required when the opportunity is in Prospecting.
006WR00000wk9S2YAI,Opportunity,Property_State__c,Sales Status is required when the opportunity is in Prospecting.
006WR00000wk9S3YAI,Opportunity,Property_State__c,Sales Status is required when the opportunity is in Prospecting.
006WR00000wk9S4YAI,Opportunity,Property_State__c,Sales Status is required when the opportunity is in Prospecting.
006WR00000wk9S6YAI,Opportunity,Property_State__c,Sales Status is required when the opportunity is in Prospecting.
006WR00000wk9S7YAI,Opportunity,Property_State__c,Sales Status is required when the opportunity is in Prospecting.
006WR00000wk9S8YAI,Opportunity,Property_State__c,Sales Status is required when the opportunity is in Prospecting.
006WR00000wk9S9YAI,Opportunity,Property_State__c,Sales Status is required when the opportunity is in Prospecting.
006WR00000wk9SAYAY,Opportunity,Property_State__c,Sales Status is required when the opportunity is in Prospecting.
006WR00000wk9SBYAY,Opportunity,Property_State__c,Sales Status is required when the opportunity is in Prospecting.
006WR00000wk9SCYAY,Opportunity,Property_State__c,Sales Status is required when the opportunity is in Prospecting.
006WR00000wk9SDYAY,Opportunity,Property_State__c,Sales Status is required when the opportunity is in Prospecting.
006WR00000wk9SFYAY,Opportunity,Property_State__c,Sales Status is required when the opportunity is in Prospecting.
006WR00000wk9SHYAY,Opportunity,Property_State__c,Sales Status is required when the opportunity is in Prospecting.
006WR00000wk9SKYAY,Opportunity,Property_State__c,Sales Status is required when the opportunity is in Prospecting.
006WR00000wk9SMYAY,Opportunity,Property_State__c,Sales Status is required when the opportunity is in Prospecting.
006WR00000wk9SNYAY,Opportunity,Property_State__c,Sales Status is required when the opportunity is in Prospecting.
006WR00000wk9SOYAY,Opportunity,Property_State__c,Sales Status is required when the opportunity is in Prospecting.
006WR00000wk9SPYAY,Opportunity,Property_State__c,Sales Status is required when the opportunity is in Prospecting.
006WR00000wk9SQYAY,Opportunity,Property_State__c,Sales Status is required when the opportunity is in Prospecting.
006WR00000wk9SRYAY,Opportunity,Property_State__c,Sales Status is required when the opportunity is in Prospecting.
006WR00000wk9STYAY,Opportunity,Property_State__c,Sales Status is required when the opportunity is in Prospecting.
006WR00000wk9SUYAY,Opportunity,Property_State__c,Sales Status is required when the opportunity is in Prospecting.
006WR00000wk9SVYAY,Opportunity,Property_State__c,Sales Status is required when the opportunity is in Prospecting.
006WR00000wk9SWYAY,Opportunity,Property_State__c,Sales Status is required when the opportunity is in Prospecting.
006WR00000wk9SXYAY,Opportunity,Property_State__c,Sales Status is required when the opportunity is in Prospecting.
006WR00000wk9SaYAI,Opportunity,Property_State__c,Sales Status is required when the opportunity is in Prospecting.
006WR00000wk9SbYAI,Opportunity,Property_State__c,Sales Status is required when the opportunity is in Prospecting.
006WR00000wk9ScYAI,Opportunity,Property_State__c,Sales Status is required when the opportunity is in Prospecting.
006WR00000wk9SeYAI,Opportunity,Property_State__c,Sales Status is required when the opportunity is in Prospecting.
006WR00000wk9SfYAI,Opportunity,Property_State__c,Sales Status is required when the opportunity is in Prospecting.
006WR00000wk9SgYAI,Opportunity,Property_State__c,Sales Status is required when the opportunity is in Prospecting.
006WR00000wk9ShYAI,Opportunity,Property_State__c,Sales Status is required when the opportunity is in Prospecting.
006WR00000wk9SiYAI,Opportunity,Property_State__c,Sales Status is required when the opportunity is in Prospecting.
006WR00000wk9SkYAI,Opportunity,Property_State__c,Sales Status is required when the opportunity is in Prospecting.
006WR00000wk9SlYAI,Opportunity,Property_State__c,Sales Status is required when the opportunity is in Prospecting.
006WR00000wk9SmYAI,Opportunity,Property_State__c,Sales Status is required when the opportunity is in Prospecting.
006WR00000wk9SpYAI,Opportunity,Property_State__c,Sales Status is required when the opportunity is in Prospecting.
006WR00000wk9SqYAI,Opportunity,Property_State__c,Sales Status is required when the opportunity is in Prospecting.
006WR00000wk9SrYAI,Opportunity,Property_State__c,Sales Status is required when the opportunity is in Prospecting.
006WR00000wk9SsYAI,Opportunity,Property_State__c,Sales Status is required when the opportunity is in Prospecting.
006WR00000wk9SuYAI,Opportunity,Property_State__c,Sales Status is required when the opportunity is in Prospecting.
006WR00000wk9SvYAI,Opportunity,Property_State__c,Sales Status is required when the opportunity is in Prospecting.
006WR00000wk9SxYAI,Opportunity,Property_State__c,Sales Status is required when the opportunity is in Prospecting.
006WR00000wk9SyYAI,Opportunity,Property_State__c,Sales Status is required when the opportunity is in Prospecting.
006WR00000wk9SzYAI,Opportunity,Property_State__c,Sales Status is required when the opportunity is in Prospecting.
006WR00000wk9T0YAI,Opportunity,Property_State__c,Sales Status is required when the opportunity is in Prospecting.
006WR00000wk9T1YAI,Opportunity,Property_State__c,Sales Status is required when the opportunity is in Prospecting.
006WR00000wk9T4YAI,Opportunity,Property_State__c,Sales Status is required when the opportunity is in Prospecting.
006WR00000wk9T6YAI,Opportunity,Property_State__c,Sales Status is required when the opportunity is in Prospecting.
006WR00000wk9T7YAI,Opportunity,Property_State__c,Sales Status is required when the opportunity is in Prospecting.
006WR00000wk9T8YAI,Opportunity,Property_State__c,Sales Status is required when the opportunity is in Prospecting.
006WR00000wk9T9YAI,Opportunity,Property_State__c,Sales Status is required when the opportunity is in Prospecting.
006WR00000wk9TAYAY,Opportunity,Property_State__c,Sales Status is required when the opportunity is in Prospecting.
006WR00000wk9TDYAY,Opportunity,Property_State__c,Sales Status is required when the opportunity is in Prospecting.
006WR00000wk9TFYAY,Opportunity,Property_State__c,Sales Status is required when the opportunity is in Prospecting.
006WR00000wk9THYAY,Opportunity,Property_State__c,Sales Status is required when the opportunity is in Prospecting.
006WR00000wk9TIYAY,Opportunity,Property_State__c,Sales Status is required when the opportunity is in Prospecting.
006WR00000wk9TJYAY,Opportunity,Property_State__c,Sales Status is required when the opportunity is in Prospecting.
006WR00000wk9TKYAY,Opportunity,Property_State__c,Sales Status is required when the opportunity is in Prospecting.
006WR00000wk9TLYAY,Opportunity,Property_State__c,Sales Status is required when the opportunity is in Prospecting.
006WR00000wk9TMYAY,Opportunity,Property_State__c,Sales Status is required when the opportunity is in Prospecting.
006WR00000wk9TNYAY,Opportunity,Property_State__c,Sales Status is required when the opportunity is in Prospecting.
006WR00000wk9TOYAY,Opportunity,Property_State__c,Sales Status is required when the opportunity is in Prospecting.
006WR00000wk9TPYAY,Opportunity,Property_State__c,Sales Status is required when the opportunity is in Prospecting.
006WR00000wk9TQYAY,Opportunity,Property_State__c,Sales Status is required when the opportunity is in Prospecting.
006WR00000wk9TRYAY,Opportunity,Property_State__c,Sales Status is required when the opportunity is in Prospecting.
006WR00000wk9TSYAY,Opportunity,Property_State__c,Sales Status is required when the opportunity is in Prospecting.
006WR00000wk9TTYAY,Opportunity,Property_State__c,Sales Status is required when the opportunity is in Prospecting.
006WR00000wk9TUYAY,Opportunity,Property_State__c,Sales Status is required when the opportunity is in Prospecting.
006WR00000wk9TVYAY,Opportunity,Property_State__c,Sales Status is required when the opportunity is in Prospecting.
006WR00000wk9TWYAY,Opportunity,Property_State__c,Sales Status is required when the opportunity is in Prospecting.
006WR00000wk9TXYAY,Opportunity,Property_State__c,Sales Status is required when the opportunity is in Prospecting.
006WR00000wk9TYYAY,Opportunity,Property_State__c,Sales Status is required when the opportunity is in Prospecting.
006WR00000wk9TZYAY,Opportunity,Property_State__c,Sales Status is required when the opportunity is in Prospecting.
006WR00000wk9TaYAI,Opportunity,Property_State__c,Sales Status is required when the opportunity is in Prospecting.
006WR00000wk9TbYAI,Opportunity,Property_State__c,Sales Status is required when the opportunity is in Prospecting.
006WR00000wk9TcYAI,Opportunity,Property_State__c,Sales Status is required when the opportunity is in Prospecting.
006WR00000wk9TdYAI,Opportunity,Property_State__c,Sales Status is required when the opportunity is in Prospecting.
006WR00000wk9TeYAI,Opportunity,Property_State__c,Sales Status is required when the opportunity is in Prospecting.
006WR00000wk9TfYAI,Opportunity,Property_State__c,Sales Status is required when the opportunity is in Prospecting.
006WR00000wk9TgYAI,Opportunity,Property_State__c,Sales Status is required when the opportunity is in Prospecting.
006WR00000wk9ThYAI,Opportunity,Property_State__c,Sales Status is required when the opportunity is in Prospecting.
006WR00000wk9TiYAI,Opportunity,Property_State__c,Sales Status is required when the opportunity is in Prospecting.
006WR00000wk9TjYAI,Opportunity,Property_State__c,Sales Status is required when the opportunity is in Prospecting.
006WR00000wk9TkYAI,Opportunity,Property_State__c,Sales Status is required when the opportunity is in Prospecting.
006WR00000wk9TlYAI,Opportunity,Property_State__c,Sales Status is required when the opportunity is in Prospecting.
006WR00000wk9TmYAI,Opportunity,Property_State__c,Sales Status is required when the opportunity is in Prospecting.
006WR00000wk9TnYAI,Opportunity,Property_State__c,Sales Status is required when the opportunity is in Prospecting.
006WR00000wk9ToYAI,Opportunity,Property_State__c,Sales Status is required when the opportunity is in Prospecting.
006WR00000wk9TpYAI,Opportunity,Property_State__c,Sales Status is required when the opportunity is in Prospecting.
006WR00000wk9TqYAI,Opportunity,Property_State__c,Sales Status is required when the opportunity is in Prospecting.
006WR00000wk9TrYAI,Opportunity,Property_State__c,Sales Status is required when the opportunity is in Prospecting.
006WR00000wk9TsYAI,Opportunity,Property_State__c,Sales Status is required when the opportunity is in Prospecting.
006WR00000wk9TtYAI,Opportunity,Property_State__c,Sales Status is required when the opportunity is in Prospecting.
006WR00000wk9TuYAI,Opportunity,Property_State__c,Sales Status is required when the opportunity is in Prospecting.
006WR00000wk9TvYAI,Opportunity,Property_State__c,Sales Status is required when the opportunity is in Prospecting.
006WR00000wk9TwYAI,Opportunity,Property_State__c,Sales Status is required when the opportunity is in Prospecting.
006WR00000wk9TxYAI,Opportunity,Property_State__c,Sales Status is required when the opportunity is in Prospecting.
006WR00000wk9TyYAI,Opportunity,Property_State__c,Sales Status is required when the opportunity is in Prospecting.
006WR00000wk9TzYAI,Opportunity,Property_State__c,Sales Status is required when the opportunity is in Prospecting.
006WR00000wk9U0YAI,Opportunity,Property_State__c,Sales Status is required when the opportunity is in Prospecting.
006WR00000wk9U1YAI,Opportunity,Property_State__c,Sales Status is required when the opportunity is in Prospecting.
006WR00000wk9U2YAI,Opportunity,Property_State__c,Sales Status is required when the opportunity is in Prospecting.
006WR00000wk9U3YAI,Opportunity,Property_State__c,Sales Status is required when the opportunity is in Prospecting.
006WR00000wk9U4YAI,Opportunity,Property_State__c,Sales Status is required when the opportunity is in Prospecting.
006WR00000wk9U5YAI,Opportunity,Property_State__c,Sales Status is required when the opportunity is in Prospecting.
006WR00000wk9U6YAI,Opportunity,Property_State__c,Sales Status is required when the opportunity is in Prospecting.
006WR00000wk9U7YAI,Opportunity,Property_State__c,Sales Status is required when the opportunity is in Prospecting.
006WR00000wk9U8YAI,Opportunity,Property_State__c,Sales Status is required when the opportunity is in Prospecting.
006WR00000wk9UAYAY,Opportunity,Property_State__c,Sales Status is required when the opportunity is in Prospecting.
006WR00000wk9UBYAY,Opportunity,Property_State__c,Sales Status is required when the opportunity is in Prospecting.
006WR00000wk9UCYAY,Opportunity,Property_State__c,Sales Status is required when the opportunity is in Prospecting.
006WR00000wk9UDYAY,Opportunity,Property_State__c,Sales Status is required when the opportunity is in Prospecting.
006WR00000wk9UEYAY,Opportunity,Property_State__c,Sales Status is required when the opportunity is in Prospecting.
006WR00000wk9UFYAY,Opportunity,Property_State__c,Sales Status is required when the opportunity is in Prospecting.
006WR00000wk9UGYAY,Opportunity,Property_State__c,Sales Status is required when the opportunity is in Prospecting.
006WR00000wk9UHYAY,Opportunity,Property_State__c,Sales Status is required when the opportunity is in Prospecting.
006WR00000wk9UIYAY,Opportunity,Property_State__c,Sales Status is required when the opportunity is in Prospecting.
006WR00000wk9UJYAY,Opportunity,Property_State__c,Sales Status is required when the opportunity is in Prospecting.
006WR00000wk9UKYAY,Opportunity,Property_State__c,Sales Status is required when the opportunity is in Prospecting.
006WR00000wk9ULYAY,Opportunity,Property_State__c,Sales Status is required when the opportunity is in Prospecting.
006WR00000wk9UNYAY,Opportunity,Property_State__c,Sales Status is required when the opportunity is in Prospecting.
006WR00000wk9UOYAY,Opportunity,Property_State__c,Sales Status is required when the opportunity is in Prospecting.
006WR00000wk9UPYAY,Opportunity,Property_State__c,Sales Status is required when the opportunity is in Prospecting.
006WR00000wk9UQYAY,Opportunity,Property_State__c,Sales Status is required when the opportunity is in Prospecting.
006WR00000wk9URYAY,Opportunity,Property_State__c,Sales Status is required when the opportunity is in Prospecting.
006WR00000wk9USYAY,Opportunity,Property_State__c,Sales Status is required when the opportunity is in Prospecting.
006WR00000wk9UUYAY,Opportunity,Property_State__c,Sales Status is required when the opportunity is in Prospecting.
006WR00000wk9UZYAY,Opportunity,Property_State__c,Sales Status is required when the opportunity is in Prospecting.
006WR00000wk9UaYAI,Opportunity,Property_State__c,Sales Status is required when the opportunity is in Prospecting.
006WR00000wk9UbYAI,Opportunity,Property_State__c,Sales Status is required when the opportunity is in Prospecting.
006WR00000wk9UcYAI,Opportunity,Property_State__c,Sales Status is required when the opportunity is in Prospecting.
006WR00000wk9UdYAI,Opportunity,Property_State__c,Sales Status is required when the opportunity is in Prospecting.
006WR00000wk9UeYAI,Opportunity,Property_State__c,Sales Status is required when the opportunity is in Prospecting.
006WR00000wk9UfYAI,Opportunity,Property_State__c,Sales Status is required when the opportunity is in Prospecting.
006WR00000wk9UgYAI,Opportunity,Property_State__c,Sales Status is required when the opportunity is in Prospecting.
006WR00000wk9UhYAI,Opportunity,Property_State__c,Sales Status is required when the opportunity is in Prospecting.
006WR00000wk9UiYAI,Opportunity,Property_State__c,Sales Status is required when the opportunity is in Prospecting.
006WR00000wk9UjYAI,Opportunity,Property_State__c,Sales Status is required when the opportunity is in Prospecting.
006WR00000wk9UkYAI,Opportunity,Property_State__c,Sales Status is required when the opportunity is in Prospecting.
006WR00000wk9UlYAI,Opportunity,Property_State__c,Sales Status is required when the opportunity is in Prospecting.
006WR00000wk9UmYAI,Opportunity,Property_State__c,Sales Status is required when the opportunity is in Prospecting.
006WR00000wk9UnYAI,Opportunity,Property_State__c,Sales Status is required when the opportunity is in Prospecting.
006WR00000wk9UoYAI,Opportunity,Property_State__c,Sales Status is required when the opportunity is in Prospecting.
006WR00000wk9UpYAI,Opportunity,Property_State__c,Sales Status is required when the opportunity is in Prospecting.
006WR00000wk9UqYAI,Opportunity,Property_State__c,Sales Status is required when the opportunity is in Prospecting.
006WR00000wk9UrYAI,Opportunity,Property_State__c,Sales Status is required when the opportunity is in Prospecting.
006WR00000wk9UsYAI,Opportunity,Property_State__c,Sales Status is required when the opportunity is in Prospecting.
006WR00000wk9UtYAI,Opportunity,Property_State__c,Sales Status is required when the opportunity is in Prospecting.
006WR00000wk9UwYAI,Opportunity,Property_State__c,Sales Status is required when the opportunity is in Prospecting.
006WR00000wk9UxYAI,Opportunity,Property_State__c,Sales Status is required when the opportunity is in Prospecting.
006WR00000wk9UyYAI,Opportunity,Property_State__c,Sales Status is required when the opportunity is in Prospecting.
006WR00000wk9UzYAI,Opportunity,Property_State__c,Sales Status is required when the opportunity is in Prospecting.
006WR00000wk9V0YAI,Opportunity,Property_State__c,Sales Status is required when the opportunity is in Prospecting.
006WR00000wk9V1YAI,Opportunity,Property_State__c,Sales Status is required when the opportunity is in Prospecting.
006WR00000wk9V2YAI,Opportunity,Property_State__c,Sales Status is required when the opportunity is in Prospecting.
006WR00000wk9V3YAI,Opportunity,Property_State__c,Sales Status is required when the opportunity is in Prospecting.
006WR00000wk9V4YAI,Opportunity,Property_State__c,Sales Status is required when the opportunity is in Prospecting.
006WR00000wk9V5YAI,Opportunity,Property_State__c,Sales Status is required when the opportunity is in Prospecting.
006WR00000wk9V6YAI,Opportunity,Property_State__c,Sales Status is required when the opportunity is in Prospecting.
006WR00000wk9YLYAY,Opportunity,Property_State__c,Sales Status is required when the opportunity is in Prospecting.
006WR00000wk9YMYAY,Opportunity,Property_State__c,Sales Status is required when the opportunity is in Prospecting.
006WR00000wk9YOYAY,Opportunity,Property_State__c,Sales Status is required when the opportunity is in Prospecting.
006WR00000wk9YPYAY,Opportunity,Property_State__c,Sales Status is required when the opportunity is in Prospecting.
006WR00000wk9YQYAY,Opportunity,Property_State__c,Sales Status is required when the opportunity is in Prospecting.
006WR00000wk9YRYAY,Opportunity,Property_State__c,Sales Status is required when the opportunity is in Prospecting.
006WR00000wk9YSYAY,Opportunity,Property_State__c,Sales Status is required when the opportunity is in Prospecting.
006WR00000wk9YTYAY,Opportunity,Property_State__c,Sales Status is required when the opportunity is in Prospecting.
006WR00000wk9YUYAY,Opportunity,Property_State__c,Sales Status is required when the opportunity is in Prospecting.
006WR00000wk9YVYAY,Opportunity,Property_State__c,Sales Status is required when the opportunity is in Prospecting.
006WR00000wk9YWYAY,Opportunity,Property_State__c,Sales Status is required when the opportunity is in Prospecting.
006WR00000wk9YXYAY,Opportunity,Property_State__c,Sales Status is required when the opportunity is in Prospecting.
006WR00000wk9YYYAY,Opportunity,Property_State__c,Sales Status is required when the opportunity is in Prospecting.
006WR00000wk9YZYAY,Opportunity,Property_State__c,Sales Status is required when the opportunity is in Prospecting.
006WR00000wk9YaYAI,Opportunity,Property_State__c,Sales Status is required when the opportunity is in Prospecting.
006WR00000wk9YbYAI,Opportunity,Property_State__c,Sales Status is required when the opportunity is in Prospecting.
006WR00000wk9YcYAI,Opportunity,Property_State__c,Sales Status is required when the opportunity is in Prospecting.
006WR00000wk9YdYAI,Opportunity,Property_State__c,Sales Status is required when the opportunity is in Prospecting.
006WR00000wk9YeYAI,Opportunity,Property_State__c,Sales Status is required when the opportunity is in Prospecting.
006WR00000wk9YfYAI,Opportunity,Property_State__c,Sales Status is required when the opportunity is in Prospecting.
006WR00000wk9YgYAI,Opportunity,Property_State__c,Sales Status is required when the opportunity is in Prospecting.
006WR00000wk9YhYAI,Opportunity,Property_State__c,Sales Status is required when the opportunity is in Prospecting.
006WR00000wk9YiYAI,Opportunity,Property_State__c,Sales Status is required when the opportunity is in Prospecting.
006WR00000wk9YjYAI,Opportunity,Property_State__c,Sales Status is required when the opportunity is in Prospecting.
006WR00000wk9YkYAI,Opportunity,Property_State__c,Sales Status is required when the opportunity is in Prospecting.
006WR00000wk9YlYAI,Opportunity,Property_State__c,Sales Status is required when the opportunity is in Prospecting.
006WR00000wk9YmYAI,Opportunity,Property_State__c,Sales Status is required when the opportunity is in Prospecting.
006WR00000wk9YnYAI,Opportunity,Property_State__c,Sales Status is required when the opportunity is in Prospecting.
006WR00000wk9YoYAI,Opportunity,Property_State__c,Sales Status is required when the opportunity is in Prospecting.
006WR00000wk9YpYAI,Opportunity,Property_State__c,Sales Status is required when the opportunity is in Prospecting.
006WR00000wk9YqYAI,Opportunity,Property_State__c,Sales Status is required when the opportunity is in Prospecting.
006WR00000wk9YrYAI,Opportunity,Property_State__c,Sales Status is required when the opportunity is in Prospecting.
006WR00000wk9YsYAI,Opportunity,Property_State__c,Sales Status is required when the opportunity is in Prospecting.
006WR00000wk9YtYAI,Opportunity,Property_State__c,Sales Status is required when the opportunity is in Prospecting.
006WR00000wk9YuYAI,Opportunity,Property_State__c,Sales Status is required when the opportunity is in Prospecting.
006WR00000wk9YvYAI,Opportunity,Property_State__c,Sales Status is required when the opportunity is in Prospecting.
006WR00000wk9YwYAI,Opportunity,Property_State__c,Sales Status is required when the opportunity is in Prospecting.
006WR00000wk9YxYAI,Opportunity,Property_State__c,Sales Status is required when the opportunity is in Prospecting.
006WR00000wk9YzYAI,Opportunity,Property_State__c,Sales Status is required when the opportunity is in Prospecting.
006WR00000wk9Z0YAI,Opportunity,Property_State__c,Sales Status is required when the opportunity is in Prospecting.
006WR00000wk9Z1YAI,Opportunity,Property_State__c,Sales Status is required when the opportunity is in Prospecting.
006WR00000wk9Z2YAI,Opportunity,Property_State__c,Sales Status is required when the opportunity is in Prospecting.
006WR00000wk9Z3YAI,Opportunity,Property_State__c,Sales Status is required when the opportunity is in Prospecting.
006WR00000wk9Z4YAI,Opportunity,Property_State__c,Sales Status is required when the opportunity is in Prospecting.
006WR00000wk9Z7YAI,Opportunity,Property_State__c,Sales Status is required when the opportunity is in Prospecting.
006WR00000wk9Z8YAI,Opportunity,Property_State__c,Sales Status is required when the opportunity is in Prospecting.
006WR00000wk9Z9YAI,Opportunity,Property_State__c,Sales Status is required when the opportunity is in Prospecting.
006WR00000wk9ZAYAY,Opportunity,Property_State__c,Sales Status is required when the opportunity is in Prospecting.
006WR00000wk9ZBYAY,Opportunity,Property_State__c,Sales Status is required when the opportunity is in Prospecting.
006WR00000wk9ZCYAY,Opportunity,Property_State__c,Sales Status is required when the opportunity is in Prospecting.
006WR00000wk9ZDYAY,Opportunity,Property_State__c,Sales Status is required when the opportunity is in Prospecting.
006WR00000wk9ZEYAY,Opportunity,Property_State__c,Sales Status is required when the opportunity is in Prospecting.
006WR00000wk9ZGYAY,Opportunity,Property_State__c,Sales Status is required when the opportunity is in Prospecting.
006WR00000wk9ZHYAY,Opportunity,Property_State__c,Sales Status is required when the opportunity is in Prospecting.
006WR00000wk9ZIYAY,Opportunity,Property_State__c,Sales Status is required when the opportunity is in Prospecting.
006WR00000wk9ZJYAY,Opportunity,Property_State__c,Sales Status is required when the opportunity is in Prospecting.
006WR00000wk9ZKYAY,Opportunity,Property_State__c,Sales Status is required when the opportunity is in Prospecting.
006WR00000wk9ZLYAY,Opportunity,Property_State__c,Sales Status is required when the opportunity is in Prospecting.
006WR00000wk9ZMYAY,Opportunity,Property_State__c,Sales Status is required when the opportunity is in Prospecting.
006WR00000wk9ZNYAY,Opportunity,Property_State__c,Sales Status is required when the opportunity is in Prospecting.
006WR00000wk9ZOYAY,Opportunity,Property_State__c,Sales Status is required when the opportunity is in Prospecting.
006WR00000wk9ZPYAY,Opportunity,Property_State__c,Sales Status is required when the opportunity is in Prospecting.
006WR00000wk9ZQYAY,Opportunity,Property_State__c,Sales Status is required when the opportunity is in Prospecting.
006WR00000wk9ZRYAY,Opportunity,Property_State__c,Sales Status is required when the opportunity is in Prospecting.
006WR00000wk9ZSYAY,Opportunity,Property_State__c,Sales Status is required when the opportunity is in Prospecting.
006WR00000wk9ZTYAY,Opportunity,Property_State__c,Sales Status is required when the opportunity is in Prospecting.
006WR00000wk9ZUYAY,Opportunity,Property_State__c,Sales Status is required when the opportunity is in Prospecting.
006WR00000wk9ZVYAY,Opportunity,Property_State__c,Sales Status is required when the opportunity is in Prospecting.
006WR00000wk9ZWYAY,Opportunity,Property_State__c,Sales Status is required when the opportunity is in Prospecting.
006WR00000wk9ZXYAY,Opportunity,Property_State__c,Sales Status is required when the opportunity is in Prospecting.
006WR00000wk9ZYYAY,Opportunity,Property_State__c,Sales Status is required when the opportunity is in Prospecting.
006WR00000wk9ZZYAY,Opportunity,Property_State__c,Sales Status is required when the opportunity is in Prospecting.
006WR00000wk9ZaYAI,Opportunity,Property_State__c,Sales Status is required when the opportunity is in Prospecting.
006WR00000wk9ZbYAI,Opportunity,Property_State__c,Sales Status is required when the opportunity is in Prospecting.
006WR00000wk9ZdYAI,Opportunity,Property_State__c,Sales Status is required when the opportunity is in Prospecting.
006WR00000wk9ZeYAI,Opportunity,Property_State__c,Sales Status is required when the opportunity is in Prospecting.
006WR00000wk9ZfYAI,Opportunity,Property_State__c,Sales Status is required when the opportunity is in Prospecting.
006WR00000wk9ZgYAI,Opportunity,Property_State__c,Sales Status is required when the opportunity is in Prospecting.
006WR00000wk9ZhYAI,Opportunity,Property_State__c,Sales Status is required when the opportunity is in Prospecting.
006WR00000wk9ZiYAI,Opportunity,Property_State__c,Sales Status is required when the opportunity is in Prospecting.
006WR00000wk9ZjYAI,Opportunity,Property_State__c,Sales Status is required when the opportunity is in Prospecting.
006WR00000wk9ZkYAI,Opportunity,Property_State__c,Sales Status is required when the opportunity is in Prospecting.
006WR00000wk9ZlYAI,Opportunity,Property_State__c,Sales Status is required when the opportunity is in Prospecting.
006WR00000wk9ZmYAI,Opportunity,Property_State__c,Sales Status is required when the opportunity is in Prospecting.
006WR00000wk9ZnYAI,Opportunity,Property_State__c,Sales Status is required when the opportunity is in Prospecting.
006WR00000wk9ZoYAI,Opportunity,Property_State__c,Sales Status is required when the opportunity is in Prospecting.
006WR00000wk9ZpYAI,Opportunity,Property_State__c,Sales Status is required when the opportunity is in Prospecting.
006WR00000wk9ZqYAI,Opportunity,Property_State__c,Sales Status is required when the opportunity is in Prospecting.
006WR00000wk9ZrYAI,Opportunity,Property_State__c,Sales Status is required when the opportunity is in Prospecting.
006WR00000wk9ZsYAI,Opportunity,Property_State__c,Sales Status is required when the opportunity is in Prospecting.
006WR00000wk9ZtYAI,Opportunity,Property_State__c,Sales Status is required when the opportunity is in Prospecting.
006WR00000wk9ZuYAI,Opportunity,Property_State__c,Sales Status is required when the opportunity is in Prospecting.
006WR00000wk9ZvYAI,Opportunity,Property_State__c,Sales Status is required when the opportunity is in Prospecting.
006WR00000wk9ZwYAI,Opportunity,Property_State__c,Sales Status is required when the opportunity is in Prospecting.
006WR00000wk9ZxYAI,Opportunity,Property_State__c,Sales Status is required when the opportunity is in Prospecting.
006WR00000wk9ZyYAI,Opportunity,Property_State__c,Sales Status is required when the opportunity is in Prospecting.
006WR00000wk9ZzYAI,Opportunity,Property_State__c,Sales Status is required when the opportunity is in Prospecting.
006WR00000wkA6DYAU,Opportunity,Property_State__c,Sales Status is required when the opportunity is in Prospecting.
006WR00000wkA6EYAU,Opportunity,Property_State__c,Sales Status is required when the opportunity is in Prospecting.
006WR00000wkA6FYAU,Opportunity,Property_State__c,Sales Status is required when the opportunity is in Prospecting.
006WR00000wkA6GYAU,Opportunity,Property_State__c,Sales Status is required when the opportunity is in Prospecting.
006WR00000wkA6HYAU,Opportunity,Property_State__c,Sales Status is required when the opportunity is in Prospecting.
006WR00000wkA6IYAU,Opportunity,Property_State__c,Sales Status is required when the opportunity is in Prospecting.
006WR00000wkA6JYAU,Opportunity,Property_State__c,Sales Status is required when the opportunity is in Prospecting.
006WR00000wkA6KYAU,Opportunity,Property_State__c,Sales Status is required when the opportunity is in Prospecting.
006WR00000wkA6LYAU,Opportunity,Property_State__c,Sales Status is required when the opportunity is in Prospecting.
006WR00000wkA6MYAU,Opportunity,Property_State__c,Sales Status is required when the opportunity is in Prospecting.
006WR00000wkA6NYAU,Opportunity,Property_State__c,Sales Status is required when the opportunity is in Prospecting.
006WR00000wkA6OYAU,Opportunity,Property_State__c,Sales Status is required when the opportunity is in Prospecting.
006WR00000wkA6PYAU,Opportunity,Property_State__c,Sales Status is required when the opportunity is in Prospecting.
006WR00000wkA6QYAU,Opportunity,Property_State__c,Sales Status is required when the opportunity is in Prospecting.
006WR00000wkA6RYAU,Opportunity,Property_State__c,Sales Status is required when the opportunity is in Prospecting.
006WR00000wkA6SYAU,Opportunity,Property_State__c,Sales Status is required when the opportunity is in Prospecting.
006WR00000wkA6TYAU,Opportunity,Property_State__c,Sales Status is required when the opportunity is in Prospecting.
006WR00000wkA6UYAU,Opportunity,Property_State__c,Sales Status is required when the opportunity is in Prospecting.
006WR00000wkA6VYAU,Opportunity,Property_State__c,Sales Status is required when the opportunity is in Prospecting.
006WR00000wkA6WYAU,Opportunity,Property_State__c,Sales Status is required when the opportunity is in Prospecting.
006WR00000wkA6XYAU,Opportunity,Property_State__c,Sales Status is required when the opportunity is in Prospecting.
006WR00000wkA6YYAU,Opportunity,Property_State__c,Sales Status is required when the opportunity is in Prospecting.
006WR00000wkA6ZYAU,Opportunity,Property_State__c,Sales Status is required when the opportunity is in Prospecting.
006WR00000wkA6aYAE,Opportunity,Property_State__c,Sales Status is required when the opportunity is in Prospecting.
006WR00000wkA6bYAE,Opportunity,Property_State__c,Sales Status is required when the opportunity is in Prospecting.
006WR00000wkA6cYAE,Opportunity,Property_State__c,Sales Status is required when the opportunity is in Prospecting.
006WR00000wkA6dYAE,Opportunity,Property_State__c,Sales Status is required when the opportunity is in Prospecting.
006WR00000wkA6eYAE,Opportunity,Property_State__c,Sales Status is required when the opportunity is in Prospecting.
006WR00000wkA6fYAE,Opportunity,Property_State__c,Sales Status is required when the opportunity is in Prospecting.
006WR00000wkA6gYAE,Opportunity,Property_State__c,Sales Status is required when the opportunity is in Prospecting.
006WR00000wkA6hYAE,Opportunity,Property_State__c,Sales Status is required when the opportunity is in Prospecting.
006WR00000wkA6jYAE,Opportunity,Property_State__c,Sales Status is required when the opportunity is in Prospecting.
006WR00000wkA6kYAE,Opportunity,Property_State__c,Sales Status is required when the opportunity is in Prospecting.
006WR00000wkA6lYAE,Opportunity,Property_State__c,Sales Status is required when the opportunity is in Prospecting.
006WR00000wkA6mYAE,Opportunity,Property_State__c,Sales Status is required when the opportunity is in Prospecting.
006WR00000wkA6nYAE,Opportunity,Property_State__c,Sales Status is required when the opportunity is in Prospecting.
006WR00000wkA6oYAE,Opportunity,Property_State__c,Sales Status is required when the opportunity is in Prospecting.
006WR00000wkA6pYAE,Opportunity,Property_State__c,Sales Status is required when the opportunity is in Prospecting.
006WR00000wkA6qYAE,Opportunity,Property_State__c,Sales Status is required when the opportunity is in Prospecting.
006WR00000wkA6rYAE,Opportunity,Property_State__c,Sales Status is required when the opportunity is in Prospecting.
006WR00000wkA6sYAE,Opportunity,Property_State__c,Sales Status is required when the opportunity is in Prospecting.
006WR00000wkA6tYAE,Opportunity,Property_State__c,Sales Status is required when the opportunity is in Prospecting.
006WR00000wkA6uYAE,Opportunity,Property_State__c,Sales Status is required when the opportunity is in Prospecting.
006WR00000wkA6vYAE,Opportunity,Property_State__c,Sales Status is required when the opportunity is in Prospecting.
006WR00000wkA6wYAE,Opportunity,Property_State__c,Sales Status is required when the opportunity is in Prospecting.
006WR00000wkA6yYAE,Opportunity,Property_State__c,Sales Status is required when the opportunity is in Prospecting.
006WR00000wkA6zYAE,Opportunity,Property_State__c,Sales Status is required when the opportunity is in Prospecting.
006WR00000wkA70YAE,Opportunity,Property_State__c,Sales Status is required when the opportunity is in Prospecting.
006WR00000wkA71YAE,Opportunity,Property_State__c,Sales Status is required when the opportunity is in Prospecting.
006WR00000wkA72YAE,Opportunity,Property_State__c,Sales Status is required when the opportunity is in Prospecting.
006WR00000wkA73YAE,Opportunity,Property_State__c,Sales Status is required when the opportunity is in Prospecting.
006WR00000wkA74YAE,Opportunity,Property_State__c,Sales Status is required when the opportunity is in Prospecting.
006WR00000wkA75YAE,Opportunity,Property_State__c,Sales Status is required when the opportunity is in Prospecting.
006WR00000wkA76YAE,Opportunity,Property_State__c,Sales Status is required when the opportunity is in Prospecting.
006WR00000wkA77YAE,Opportunity,Property_State__c,Sales Status is required when the opportunity is in Prospecting.
006WR00000wkA78YAE,Opportunity,Property_State__c,Sales Status is required when the opportunity is in Prospecting.
006WR00000wkA79YAE,Opportunity,Property_State__c,Sales Status is required when the opportunity is in Prospecting.
006WR00000wkA7AYAU,Opportunity,Property_State__c,Sales Status is required when the opportunity is in Prospecting.
006WR00000wkA7BYAU,Opportunity,Property_State__c,Sales Status is required when the opportunity is in Prospecting.
006WR00000wkA7DYAU,Opportunity,Property_State__c,Sales Status is required when the opportunity is in Prospecting.
006WR00000wkA7FYAU,Opportunity,Property_State__c,Sales Status is required when the opportunity is in Prospecting.
006WR00000wkA7GYAU,Opportunity,Property_State__c,Sales Status is required when the opportunity is in Prospecting.
006WR00000wkA7HYAU,Opportunity,Property_State__c,Sales Status is required when the opportunity is in Prospecting.
006WR00000wkA7IYAU,Opportunity,Property_State__c,Sales Status is required when the opportunity is in Prospecting.
006WR00000wkA7LYAU,Opportunity,Property_State__c,Sales Status is required when the opportunity is in Prospecting.
006WR00000wkA7MYAU,Opportunity,Property_State__c,Sales Status is required when the opportunity is in Prospecting.
006WR00000wkA7OYAU,Opportunity,Property_State__c,Sales Status is required when the opportunity is in Prospecting.
006WR00000wkA7PYAU,Opportunity,Property_State__c,Sales Status is required when the opportunity is in Prospecting.
006WR00000wkA7QYAU,Opportunity,Property_State__c,Sales Status is required when the opportunity is in Prospecting.
006WR00000wkA7RYAU,Opportunity,Property_State__c,Sales Status is required when the opportunity is in Prospecting.
006WR00000wkA7SYAU,Opportunity,Property_State__c,Sales Status is required when the opportunity is in Prospecting.
006WR00000wkA7TYAU,Opportunity,Property_State__c,Sales Status is required when the opportunity is in Prospecting.
006WR00000wkA7UYAU,Opportunity,Property_State__c,Sales Status is required when the opportunity is in Prospecting.
006WR00000wkA7VYAU,Opportunity,Property_State__c,Sales Status is required when the opportunity is in Prospecting.
006WR00000wkA7WYAU,Opportunity,Property_State__c,Sales Status is required when the opportunity is in Prospecting.
006WR00000wkA7XYAU,Opportunity,Property_State__c,Sales Status is required when the opportunity is in Prospecting.
006WR00000wkA7YYAU,Opportunity,Property_State__c,Sales Status is required when the opportunity is in Prospecting.
006WR00000wkA7ZYAU,Opportunity,Property_State__c,Sales Status is required when the opportunity is in Prospecting.
006WR00000wkA7aYAE,Opportunity,Property_State__c,Sales Status is required when the opportunity is in Prospecting.
006WR00000wkA7bYAE,Opportunity,Property_State__c,Sales Status is required when the opportunity is in Prospecting.
006WR00000wkA7cYAE,Opportunity,Property_State__c,Sales Status is required when the opportunity is in Prospecting.
006WR00000wkA7dYAE,Opportunity,Property_State__c,Sales Status is required when the opportunity is in Prospecting.
006WR00000wkA7eYAE,Opportunity,Property_State__c,Sales Status is required when the opportunity is in Prospecting.
006WR00000wkA7fYAE,Opportunity,Property_State__c,Sales Status is required when the opportunity is in Prospecting.
006WR00000wkA7gYAE,Opportunity,Property_State__c,Sales Status is required when the opportunity is in Prospecting.
006WR00000wkA7hYAE,Opportunity,Property_State__c,Sales Status is required when the opportunity is in Prospecting.
006WR00000wkA7iYAE,Opportunity,Property_State__c,Sales Status is required when the opportunity is in Prospecting.
006WR00000wkA7jYAE,Opportunity,Property_State__c,Sales Status is required when the opportunity is in Prospecting.
006WR00000wkA7kYAE,Opportunity,Property_State__c,Sales Status is required when the opportunity is in Prospecting.
006WR00000wkA7lYAE,Opportunity,Property_State__c,Sales Status is required when the opportunity is in Prospecting.
006WR00000wkA7mYAE,Opportunity,Property_State__c,Sales Status is required when the opportunity is in Prospecting.
006WR00000wkA7nYAE,Opportunity,Property_State__c,Sales Status is required when the opportunity is in Prospecting.
006WR00000wkA7oYAE,Opportunity,Property_State__c,Sales Status is required when the opportunity is in Prospecting.
006WR00000wkA7pYAE,Opportunity,Property_State__c,Sales Status is required when the opportunity is in Prospecting.
006WR00000wkA7qYAE,Opportunity,Property_State__c,Sales Status is required when the opportunity is in Prospecting.
006WR00000wkA7rYAE,Opportunity,Property_State__c,Sales Status is required when the opportunity is in Prospecting.
006WR00000wkA7sYAE,Opportunity,Property_State__c,Sales Status is required when the opportunity is in Prospecting.
006WR00000wkA7tYAE,Opportunity,Property_State__c,Sales Status is required when the opportunity is in Prospecting.
006WR00000wkA7uYAE,Opportunity,Property_State__c,Sales Status is required when the opportunity is in Prospecting.
006WR00000wkA7vYAE,Opportunity,Property_State__c,Sales Status is required when the opportunity is in Prospecting.
006WR00000wkA7wYAE,Opportunity,Property_State__c,Sales Status is required when the opportunity is in Prospecting.
006WR00000wkA7xYAE,Opportunity,Property_State__c,Sales Status is required when the opportunity is in Prospecting.
006WR00000wkA7yYAE,Opportunity,Property_State__c,Sales Status is required when the opportunity is in Prospecting.
006WR00000wkA7zYAE,Opportunity,Property_State__c,Sales Status is required when the opportunity is in Prospecting.
006WR00000wkA80YAE,Opportunity,Property_State__c,Sales Status is required when the opportunity is in Prospecting.
006WR00000wkA81YAE,Opportunity,Property_State__c,Sales Status is required when the opportunity is in Prospecting.
006WR00000wkA82YAE,Opportunity,Property_State__c,Sales Status is required when the opportunity is in Prospecting.
006WR00000wkA83YAE,Opportunity,Property_State__c,Sales Status is required when the opportunity is in Prospecting.
006WR00000wkA84YAE,Opportunity,Property_State__c,Sales Status is required when the opportunity is in Prospecting.
006WR00000wkA85YAE,Opportunity,Property_State__c,Sales Status is required when the opportunity is in Prospecting.
006WR00000wkA86YAE,Opportunity,Property_State__c,Sales Status is required when the opportunity is in Prospecting.
006WR00000wkA87YAE,Opportunity,Property_State__c,Sales Status is required when the opportunity is in Prospecting.
006WR00000wkA88YAE,Opportunity,Property_State__c,Sales Status is required when the opportunity is in Prospecting.
006WR00000wkA89YAE,Opportunity,Property_State__c,Sales Status is required when the opportunity is in Prospecting.
006WR00000wkA8AYAU,Opportunity,Property_State__c,Sales Status is required when the opportunity is in Prospecting.
006WR00000wkA8BYAU,Opportunity,Property_State__c,Sales Status is required when the opportunity is in Prospecting.
006WR00000wkA8CYAU,Opportunity,Property_State__c,Sales Status is required when the opportunity is in Prospecting.
006WR00000wkA8DYAU,Opportunity,Property_State__c,Sales Status is required when the opportunity is in Prospecting.
006WR00000wkA8EYAU,Opportunity,Property_State__c,Sales Status is required when the opportunity is in Prospecting.
006WR00000wkA8FYAU,Opportunity,Property_State__c,Sales Status is required when the opportunity is in Prospecting.
006WR00000wkA8GYAU,Opportunity,Property_State__c,Sales Status is required when the opportunity is in Prospecting.
006WR00000wkA8HYAU,Opportunity,Property_State__c,Sales Status is required when the opportunity is in Prospecting.
006WR00000wkA8JYAU,Opportunity,Property_State__c,Sales Status is required when the opportunity is in Prospecting.
006WR00000wkA8KYAU,Opportunity,Property_State__c,Sales Status is required when the opportunity is in Prospecting.
006WR00000wkA8MYAU,Opportunity,Property_State__c,Sales Status is required when the opportunity is in Prospecting.
006WR00000wkA8NYAU,Opportunity,Property_State__c,Sales Status is required when the opportunity is in Prospecting.
006WR00000wkA8OYAU,Opportunity,Property_State__c,Sales Status is required when the opportunity is in Prospecting.
006WR00000wkA8PYAU,Opportunity,Property_State__c,Sales Status is required when the opportunity is in Prospecting.
006WR00000wkA8QYAU,Opportunity,Property_State__c,Sales Status is required when the opportunity is in Prospecting.
006WR00000wkA8RYAU,Opportunity,Property_State__c,Sales Status is required when the opportunity is in Prospecting.
006WR00000wkA8SYAU,Opportunity,Property_State__c,Sales Status is required when the opportunity is in Prospecting.
006WR00000wkA8TYAU,Opportunity,Property_State__c,Sales Status is required when the opportunity is in Prospecting.
006WR00000wkA8UYAU,Opportunity,Property_State__c,Sales Status is required when the opportunity is in Prospecting.
006WR00000wkA8VYAU,Opportunity,Property_State__c,Sales Status is required when the opportunity is in Prospecting.
006WR00000wkA8WYAU,Opportunity,Property_State__c,Sales Status is required when the opportunity is in Prospecting.
006WR00000wkA8XYAU,Opportunity,Property_State__c,Sales Status is required when the opportunity is in Prospecting.
006WR00000wkA8YYAU,Opportunity,Property_State__c,Sales Status is required when the opportunity is in Prospecting.
006WR00000wkA8ZYAU,Opportunity,Property_State__c,Sales Status is required when the opportunity is in Prospecting.
006WR00000wkA8aYAE,Opportunity,Property_State__c,Sales Status is required when the opportunity is in Prospecting.
006WR00000wkA8bYAE,Opportunity,Property_State__c,Sales Status is required when the opportunity is in Prospecting.
006WR00000wkA8cYAE,Opportunity,Property_State__c,Sales Status is required when the opportunity is in Prospecting.
006WR00000wkA8dYAE,Opportunity,Property_State__c,Sales Status is required when the opportunity is in Prospecting.
006WR00000wkA8eYAE,Opportunity,Property_State__c,Sales Status is required when the opportunity is in Prospecting.
006WR00000wkA8fYAE,Opportunity,Property_State__c,Sales Status is required when the opportunity is in Prospecting.
006WR00000wkA8gYAE,Opportunity,Property_State__c,Sales Status is required when the opportunity is in Prospecting.
006WR00000wkA8hYAE,Opportunity,Property_State__c,Sales Status is required when the opportunity is in Prospecting.
006WR00000wkA8iYAE,Opportunity,Property_State__c,Sales Status is required when the opportunity is in Prospecting.
006WR00000wkA8jYAE,Opportunity,Property_State__c,Sales Status is required when the opportunity is in Prospecting.
006WR00000wkA8kYAE,Opportunity,Property_State__c,Sales Status is required when the opportunity is in Prospecting.
006WR00000wkA8lYAE,Opportunity,Property_State__c,Sales Status is required when the opportunity is in Prospecting.
006WR00000wkA8mYAE,Opportunity,Property_State__c,Sales Status is required when the opportunity is in Prospecting.
006WR00000wkA8nYAE,Opportunity,Property_State__c,Sales Status is required when the opportunity is in Prospecting.
006WR00000wkA8oYAE,Opportunity,Property_State__c,Sales Status is required when the opportunity is in Prospecting.
006WR00000wkA8pYAE,Opportunity,Property_State__c,Sales Status is required when the opportunity is in Prospecting.
006WR00000wkA8qYAE,Opportunity,Property_State__c,Sales Status is required when the opportunity is in Prospecting.
006WR00000wkA8rYAE,Opportunity,Property_State__c,Sales Status is required when the opportunity is in Prospecting.
006WR00000wkA8sYAE,Opportunity,Property_State__c,Sales Status is required when the opportunity is in Prospecting.
006WR00000wkA8tYAE,Opportunity,Property_State__c,Sales Status is required when the opportunity is in Prospecting.
006WR00000wkA8uYAE,Opportunity,Property_State__c,Sales Status is required when the opportunity is in Prospecting.
006WR00000wkA8vYAE,Opportunity,Property_State__c,Sales Status is required when the opportunity is in Prospecting.
006WR00000wkA8wYAE,Opportunity,Property_State__c,Sales Status is required when the opportunity is in Prospecting.
006WR00000wkA8xYAE,Opportunity,Property_State__c,Sales Status is required when the opportunity is in Prospecting.
006WR00000wkA8yYAE,Opportunity,Property_State__c,Sales Status is required when the opportunity is in Prospecting.
006WR00000wkA8zYAE,Opportunity,Property_State__c,Sales Status is required when the opportunity is in Prospecting.
006WR00000wkA90YAE,Opportunity,Property_State__c,Sales Status is required when the opportunity is in Prospecting.
006WR00000wkA91YAE,Opportunity,Property_State__c,Sales Status is required when the opportunity is in Prospecting.
006WR00000wkA92YAE,Opportunity,Property_State__c,Sales Status is required when the opportunity is in Prospecting.
006WR00000wkA93YAE,Opportunity,Property_State__c,Sales Status is required when the opportunity is in Prospecting.
006WR00000wkA94YAE,Opportunity,Property_State__c,Sales Status is required when the opportunity is in Prospecting.
006WR00000wkA95YAE,Opportunity,Property_State__c,Sales Status is required when the opportunity is in Prospecting.
006WR00000wkA96YAE,Opportunity,Property_State__c,Sales Status is required when the opportunity is in Prospecting.
006WR00000wkA97YAE,Opportunity,Property_State__c,Sales Status is required when the opportunity is in Prospecting.
006WR00000wkA98YAE,Opportunity,Property_State__c,Sales Status is required when the opportunity is in Prospecting.
006WR00000wkA99YAE,Opportunity,Property_State__c,Sales Status is required when the opportunity is in Prospecting.
006WR00000wkA9AYAU,Opportunity,Property_State__c,Sales Status is required when the opportunity is in Prospecting.
006WR00000wkA9CYAU,Opportunity,Property_State__c,Sales Status is required when the opportunity is in Prospecting.
006WR00000wkA9DYAU,Opportunity,Property_State__c,Sales Status is required when the opportunity is in Prospecting.
006WR00000wkA9EYAU,Opportunity,Property_State__c,Sales Status is required when the opportunity is in Prospecting.
006WR00000wkA9FYAU,Opportunity,Property_State__c,Sales Status is required when the opportunity is in Prospecting.
006WR00000wkA9GYAU,Opportunity,Property_State__c,Sales Status is required when the opportunity is in Prospecting.
006WR00000wkA9IYAU,Opportunity,Property_State__c,Sales Status is required when the opportunity is in Prospecting.
006WR00000wkA9JYAU,Opportunity,Property_State__c,Sales Status is required when the opportunity is in Prospecting.
006WR00000wkA9KYAU,Opportunity,Property_State__c,Sales Status is required when the opportunity is in Prospecting.
006WR00000wkA9LYAU,Opportunity,Property_State__c,Sales Status is required when the opportunity is in Prospecting.
006WR00000wkA9MYAU,Opportunity,Property_State__c,Sales Status is required when the opportunity is in Prospecting.
006WR00000wkA9NYAU,Opportunity,Property_State__c,Sales Status is required when the opportunity is in Prospecting.
006WR00000wkAB3YAM,Opportunity,Property_State__c,Sales Status is required when the opportunity is in Prospecting.
006WR00000wkAB4YAM,Opportunity,Property_State__c,Sales Status is required when the opportunity is in Prospecting.
006WR00000wkAB5YAM,Opportunity,Property_State__c,Sales Status is required when the opportunity is in Prospecting.
006WR00000wkAB6YAM,Opportunity,Property_State__c,Sales Status is required when the opportunity is in Prospecting.
006WR00000wkAB7YAM,Opportunity,Property_State__c,Sales Status is required when the opportunity is in Prospecting.
006WR00000wkAB8YAM,Opportunity,Property_State__c,Sales Status is required when the opportunity is in Prospecting.
006WR00000wkAB9YAM,Opportunity,Property_State__c,Sales Status is required when the opportunity is in Prospecting.
006WR00000wkABAYA2,Opportunity,Property_State__c,Sales Status is required when the opportunity is in Prospecting.
006WR00000wkABBYA2,Opportunity,Property_State__c,Sales Status is required when the opportunity is in Prospecting.
006WR00000wkABCYA2,Opportunity,Property_State__c,Sales Status is required when the opportunity is in Prospecting.
006WR00000wkABDYA2,Opportunity,Property_State__c,Sales Status is required when the opportunity is in Prospecting.
006WR00000wkABEYA2,Opportunity,Property_State__c,Sales Status is required when the opportunity is in Prospecting.
006WR00000wkABFYA2,Opportunity,Property_State__c,Sales Status is required when the opportunity is in Prospecting.
006WR00000wkABGYA2,Opportunity,Property_State__c,Sales Status is required when the opportunity is in Prospecting.
006WR00000wkABHYA2,Opportunity,Property_State__c,Sales Status is required when the opportunity is in Prospecting.
006WR00000wkABIYA2,Opportunity,Property_State__c,Sales Status is required when the opportunity is in Prospecting.
006WR00000wkABJYA2,Opportunity,Property_State__c,Sales Status is required when the opportunity is in Prospecting.
006WR00000wkABKYA2,Opportunity,Property_State__c,Sales Status is required when the opportunity is in Prospecting.
006WR00000wkABLYA2,Opportunity,Property_State__c,Sales Status is required when the opportunity is in Prospecting.
006WR00000wkABMYA2,Opportunity,Property_State__c,Sales Status is required when the opportunity is in Prospecting.
006WR00000wkABNYA2,Opportunity,Property_State__c,Sales Status is required when the opportunity is in Prospecting.
006WR00000wkABOYA2,Opportunity,Property_State__c,Sales Status is required when the opportunity is in Prospecting.
006WR00000wkABPYA2,Opportunity,Property_State__c,Sales Status is required when the opportunity is in Prospecting.
006WR00000wkABQYA2,Opportunity,Property_State__c,Sales Status is required when the opportunity is in Prospecting.
006WR00000wkABRYA2,Opportunity,Property_State__c,Sales Status is required when the opportunity is in Prospecting.
006WR00000wkABSYA2,Opportunity,Property_State__c,Sales Status is required when the opportunity is in Prospecting.
006WR00000wkABTYA2,Opportunity,Property_State__c,Sales Status is required when the opportunity is in Prospecting.
006WR00000wkABUYA2,Opportunity,Property_State__c,Sales Status is required when the opportunity is in Prospecting.
006WR00000wkABVYA2,Opportunity,Property_State__c,Sales Status is required when the opportunity is in Prospecting.
006WR00000wkABWYA2,Opportunity,Property_State__c,Sales Status is required when the opportunity is in Prospecting.
006WR00000wkABXYA2,Opportunity,Property_State__c,Sales Status is required when the opportunity is in Prospecting.
006WR00000wkABYYA2,Opportunity,Property_State__c,Sales Status is required when the opportunity is in Prospecting.
006WR00000wkABZYA2,Opportunity,Property_State__c,Sales Status is required when the opportunity is in Prospecting.
006WR00000wkABaYAM,Opportunity,Property_State__c,Sales Status is required when the opportunity is in Prospecting.
006WR00000wkABbYAM,Opportunity,Property_State__c,Sales Status is required when the opportunity is in Prospecting.
006WR00000wkABcYAM,Opportunity,Property_State__c,Sales Status is required when the opportunity is in Prospecting.
006WR00000wkABdYAM,Opportunity,Property_State__c,Sales Status is required when the opportunity is in Prospecting.
006WR00000wkABeYAM,Opportunity,Property_State__c,Sales Status is required when the opportunity is in Prospecting.
006WR00000wkABhYAM,Opportunity,Property_State__c,Sales Status is required when the opportunity is in Prospecting.
006WR00000wkABiYAM,Opportunity,Property_State__c,Sales Status is required when the opportunity is in Prospecting.
006WR00000wkABjYAM,Opportunity,Property_State__c,Sales Status is required when the opportunity is in Prospecting.
006WR00000wkABkYAM,Opportunity,Property_State__c,Sales Status is required when the opportunity is in Prospecting.
006WR00000wkABlYAM,Opportunity,Property_State__c,Sales Status is required when the opportunity is in Prospecting.
006WR00000wkABmYAM,Opportunity,Property_State__c,Sales Status is required when the opportunity is in Prospecting.
006WR00000wkABnYAM,Opportunity,Property_State__c,Sales Status is required when the opportunity is in Prospecting.
006WR00000wkABoYAM,Opportunity,Property_State__c,Sales Status is required when the opportunity is in Prospecting.
006WR00000wkABpYAM,Opportunity,Property_State__c,Sales Status is required when the opportunity is in Prospecting.
006WR00000wkABqYAM,Opportunity,Property_State__c,Sales Status is required when the opportunity is in Prospecting.
006WR00000wkABrYAM,Opportunity,Property_State__c,Sales Status is required when the opportunity is in Prospecting.
006WR00000wkABsYAM,Opportunity,Property_State__c,Sales Status is required when the opportunity is in Prospecting.
006WR00000wkABtYAM,Opportunity,Property_State__c,Sales Status is required when the opportunity is in Prospecting.
006WR00000wkABuYAM,Opportunity,Property_State__c,Sales Status is required when the opportunity is in Prospecting.
006WR00000wkABvYAM,Opportunity,Property_State__c,Sales Status is required when the opportunity is in Prospecting.
006WR00000wkABwYAM,Opportunity,Property_State__c,Sales Status is required when the opportunity is in Prospecting.
006WR00000wkABxYAM,Opportunity,Property_State__c,Sales Status is required when the opportunity is in Prospecting.
006WR00000wkAByYAM,Opportunity,Property_State__c,Sales Status is required when the opportunity is in Prospecting.
006WR00000wkABzYAM,Opportunity,Property_State__c,Sales Status is required when the opportunity is in Prospecting.
006WR00000wkAC0YAM,Opportunity,Property_State__c,Sales Status is required when the opportunity is in Prospecting.
006WR00000wkAC1YAM,Opportunity,Property_State__c,Sales Status is required when the opportunity is in Prospecting.
006WR00000wkAC3YAM,Opportunity,Property_State__c,Sales Status is required when the opportunity is in Prospecting.
006WR00000wkAC4YAM,Opportunity,Property_State__c,Sales Status is required when the opportunity is in Prospecting.
006WR00000wkAC5YAM,Opportunity,Property_State__c,Sales Status is required when the opportunity is in Prospecting.
006WR00000wkAC6YAM,Opportunity,Property_State__c,Sales Status is required when the opportunity is in Prospecting.
006WR00000wkAC7YAM,Opportunity,Property_State__c,Sales Status is required when the opportunity is in Prospecting.
006WR00000wkAC8YAM,Opportunity,Property_State__c,Sales Status is required when the opportunity is in Prospecting.
006WR00000wkAC9YAM,Opportunity,Property_State__c,Sales Status is required when the opportunity is in Prospecting.
006WR00000wkACAYA2,Opportunity,Property_State__c,Sales Status is required when the opportunity is in Prospecting.
006WR00000wkACBYA2,Opportunity,Property_State__c,Sales Status is required when the opportunity is in Prospecting.
006WR00000wkACCYA2,Opportunity,Property_State__c,Sales Status is required when the opportunity is in Prospecting.
006WR00000wkACEYA2,Opportunity,Property_State__c,Sales Status is required when the opportunity is in Prospecting.
006WR00000wkACFYA2,Opportunity,Property_State__c,Sales Status is required when the opportunity is in Prospecting.
006WR00000wkACIYA2,Opportunity,Property_State__c,Sales Status is required when the opportunity is in Prospecting.
006WR00000wkACJYA2,Opportunity,Property_State__c,Sales Status is required when the opportunity is in Prospecting.
006WR00000wkACKYA2,Opportunity,Property_State__c,Sales Status is required when the opportunity is in Prospecting.
006WR00000wkACLYA2,Opportunity,Property_State__c,Sales Status is required when the opportunity is in Prospecting.
006WR00000wkACMYA2,Opportunity,Property_State__c,Sales Status is required when the opportunity is in Prospecting.
006WR00000wkACNYA2,Opportunity,Property_State__c,Sales Status is required when the opportunity is in Prospecting.
006WR00000wkACOYA2,Opportunity,Property_State__c,Sales Status is required when the opportunity is in Prospecting.
006WR00000wkACPYA2,Opportunity,Property_State__c,Sales Status is required when the opportunity is in Prospecting.
006WR00000wkACQYA2,Opportunity,Property_State__c,Sales Status is required when the opportunity is in Prospecting.
006WR00000wkACRYA2,Opportunity,Property_State__c,Sales Status is required when the opportunity is in Prospecting.
006WR00000wkACSYA2,Opportunity,Property_State__c,Sales Status is required when the opportunity is in Prospecting.
006WR00000wkACTYA2,Opportunity,Property_State__c,Sales Status is required when the opportunity is in Prospecting.
006WR00000wkACUYA2,Opportunity,Property_State__c,Sales Status is required when the opportunity is in Prospecting.
006WR00000wkACVYA2,Opportunity,Property_State__c,Sales Status is required when the opportunity is in Prospecting.
006WR00000wkACWYA2,Opportunity,Property_State__c,Sales Status is required when the opportunity is in Prospecting.
006WR00000wkACXYA2,Opportunity,Property_State__c,Sales Status is required when the opportunity is in Prospecting.
006WR00000wkACZYA2,Opportunity,Property_State__c,Sales Status is required when the opportunity is in Prospecting.
006WR00000wkACaYAM,Opportunity,Property_State__c,Sales Status is required when the opportunity is in Prospecting.
006WR00000wkACbYAM,Opportunity,Property_State__c,Sales Status is required when the opportunity is in Prospecting.
006WR00000wkACcYAM,Opportunity,Property_State__c,Sales Status is required when the opportunity is in Prospecting.
006WR00000wkACdYAM,Opportunity,Property_State__c,Sales Status is required when the opportunity is in Prospecting.
006WR00000wkACeYAM,Opportunity,Property_State__c,Sales Status is required when the opportunity is in Prospecting.
006WR00000wkACfYAM,Opportunity,Property_State__c,Sales Status is required when the opportunity is in Prospecting.
006WR00000wkAUPYA2,Opportunity,Property_State__c,Sales Status is required when the opportunity is in Prospecting.
006WR00000wkAUQYA2,Opportunity,Property_State__c,Sales Status is required when the opportunity is in Prospecting.
006WR00000wkAURYA2,Opportunity,Property_State__c,Sales Status is required when the opportunity is in Prospecting.
006WR00000wkAUSYA2,Opportunity,Property_State__c,Sales Status is required when the opportunity is in Prospecting.
006WR00000wkAUTYA2,Opportunity,Property_State__c,Sales Status is required when the opportunity is in Prospecting.
006WR00000wkAUUYA2,Opportunity,Property_State__c,Sales Status is required when the opportunity is in Prospecting.
006WR00000wkAUVYA2,Opportunity,Property_State__c,Sales Status is required when the opportunity is in Prospecting.
006WR00000wkAUWYA2,Opportunity,Property_State__c,Sales Status is required when the opportunity is in Prospecting.
006WR00000wkAUXYA2,Opportunity,Property_State__c,Sales Status is required when the opportunity is in Prospecting.
006WR00000wkAUYYA2,Opportunity,Property_State__c,Sales Status is required when the opportunity is in Prospecting.
006WR00000wkAUZYA2,Opportunity,Property_State__c,Sales Status is required when the opportunity is in Prospecting.
006WR00000wkAUaYAM,Opportunity,Property_State__c,Sales Status is required when the opportunity is in Prospecting.
006WR00000wkAUbYAM,Opportunity,Property_State__c,Sales Status is required when the opportunity is in Prospecting.
006WR00000wkAUcYAM,Opportunity,Property_State__c,Sales Status is required when the opportunity is in Prospecting.
006WR00000wkAUdYAM,Opportunity,Property_State__c,Sales Status is required when the opportunity is in Prospecting.
006WR00000wkAUeYAM,Opportunity,Property_State__c,Sales Status is required when the opportunity is in Prospecting.
006WR00000wkAUfYAM,Opportunity,Property_State__c,Sales Status is required when the opportunity is in Prospecting.
006WR00000wkAUgYAM,Opportunity,Property_State__c,Sales Status is required when the opportunity is in Prospecting.
006WR00000wkAUhYAM,Opportunity,Property_State__c,Sales Status is required when the opportunity is in Prospecting.
006WR00000wkAUiYAM,Opportunity,Property_State__c,Sales Status is required when the opportunity is in Prospecting.
006WR00000wkAUjYAM,Opportunity,Property_State__c,Sales Status is required when the opportunity is in Prospecting.
006WR00000wkAUkYAM,Opportunity,Property_State__c,Sales Status is required when the opportunity is in Prospecting.
006WR00000wkAUlYAM,Opportunity,Property_State__c,Sales Status is required when the opportunity is in Prospecting.
006WR00000wkAUmYAM,Opportunity,Property_State__c,Sales Status is required when the opportunity is in Prospecting.
006WR00000wkAUnYAM,Opportunity,Property_State__c,Sales Status is required when the opportunity is in Prospecting.
006WR00000wkAUpYAM,Opportunity,Property_State__c,Sales Status is required when the opportunity is in Prospecting.
006WR00000wkAUqYAM,Opportunity,Property_State__c,Sales Status is required when the opportunity is in Prospecting.
006WR00000wkAUrYAM,Opportunity,Property_State__c,Sales Status is required when the opportunity is in Prospecting.
006WR00000wkAUsYAM,Opportunity,Property_State__c,Sales Status is required when the opportunity is in Prospecting.
006WR00000wkAUtYAM,Opportunity,Property_State__c,Sales Status is required when the opportunity is in Prospecting.
006WR00000wkAUuYAM,Opportunity,Property_State__c,Sales Status is required when the opportunity is in Prospecting.
006WR00000wkAUvYAM,Opportunity,Property_State__c,Sales Status is required when the opportunity is in Prospecting.
006WR00000wkAUwYAM,Opportunity,Property_State__c,Sales Status is required when the opportunity is in Prospecting.
006WR00000wkAUxYAM,Opportunity,Property_State__c,Sales Status is required when the opportunity is in Prospecting.
006WR00000wkAUyYAM,Opportunity,Property_State__c,Sales Status is required when the opportunity is in Prospecting.
006WR00000wkAUzYAM,Opportunity,Property_State__c,Sales Status is required when the opportunity is in Prospecting.
006WR00000wkAV0YAM,Opportunity,Property_State__c,Sales Status is required when the opportunity is in Prospecting.
006WR00000wkAV1YAM,Opportunity,Property_State__c,Sales Status is required when the opportunity is in Prospecting.
006WR00000wkAV2YAM,Opportunity,Property_State__c,Sales Status is required when the opportunity is in Prospecting.
006WR00000wkAV3YAM,Opportunity,Property_State__c,Sales Status is required when the opportunity is in Prospecting.
006WR00000wkAV4YAM,Opportunity,Property_State__c,Sales Status is required when the opportunity is in Prospecting.
006WR00000wkAV5YAM,Opportunity,Property_State__c,Sales Status is required when the opportunity is in Prospecting.
006WR00000wkAV6YAM,Opportunity,Property_State__c,Sales Status is required when the opportunity is in Prospecting.
006WR00000wkAV7YAM,Opportunity,Property_State__c,Sales Status is required when the opportunity is in Prospecting.
006WR00000wkAV8YAM,Opportunity,Property_State__c,Sales Status is required when the opportunity is in Prospecting.
006WR00000wkAV9YAM,Opportunity,Property_State__c,Sales Status is required when the opportunity is in Prospecting.
006WR00000wkAVAYA2,Opportunity,Property_State__c,Sales Status is required when the opportunity is in Prospecting.
006WR00000wkAVBYA2,Opportunity,Property_State__c,Sales Status is required when the opportunity is in Prospecting.
006WR00000wkAVCYA2,Opportunity,Property_State__c,Sales Status is required when the opportunity is in Prospecting.
006WR00000wkAVDYA2,Opportunity,Property_State__c,Sales Status is required when the opportunity is in Prospecting.
006WR00000wkAVEYA2,Opportunity,Property_State__c,Sales Status is required when the opportunity is in Prospecting.
006WR00000wkAVFYA2,Opportunity,Property_State__c,Sales Status is required when the opportunity is in Prospecting.
006WR00000wkAVGYA2,Opportunity,Property_State__c,Sales Status is required when the opportunity is in Prospecting.
006WR00000wkAVHYA2,Opportunity,Property_State__c,Sales Status is required when the opportunity is in Prospecting.
006WR00000wkAVIYA2,Opportunity,Property_State__c,Sales Status is required when the opportunity is in Prospecting.
006WR00000wkAVJYA2,Opportunity,Property_State__c,Sales Status is required when the opportunity is in Prospecting.
006WR00000wkAVKYA2,Opportunity,Property_State__c,Sales Status is required when the opportunity is in Prospecting.
006WR00000wkAVLYA2,Opportunity,Property_State__c,Sales Status is required when the opportunity is in Prospecting.
006WR00000wkAVMYA2,Opportunity,Property_State__c,Sales Status is required when the opportunity is in Prospecting.
006WR00000wkAVNYA2,Opportunity,Property_State__c,Sales Status is required when the opportunity is in Prospecting.
006WR00000wkAVOYA2,Opportunity,Property_State__c,Sales Status is required when the opportunity is in Prospecting.
006WR00000wkAVPYA2,Opportunity,Property_State__c,Sales Status is required when the opportunity is in Prospecting.
006WR00000wkAVQYA2,Opportunity,Property_State__c,Sales Status is required when the opportunity is in Prospecting.
006WR00000wkAVRYA2,Opportunity,Property_State__c,Sales Status is required when the opportunity is in Prospecting.
006WR00000wkAVSYA2,Opportunity,Property_State__c,Sales Status is required when the opportunity is in Prospecting.
006WR00000wkAVTYA2,Opportunity,Property_State__c,Sales Status is required when the opportunity is in Prospecting.
006WR00000wkAVUYA2,Opportunity,Property_State__c,Sales Status is required when the opportunity is in Prospecting.
006WR00000wkAVVYA2,Opportunity,Property_State__c,Sales Status is required when the opportunity is in Prospecting.
006WR00000wkAVWYA2,Opportunity,Property_State__c,Sales Status is required when the opportunity is in Prospecting.
006WR00000wkAVXYA2,Opportunity,Property_State__c,Sales Status is required when the opportunity is in Prospecting.
006WR00000wkAVYYA2,Opportunity,Property_State__c,Sales Status is required when the opportunity is in Prospecting.
006WR00000wkAVZYA2,Opportunity,Property_State__c,Sales Status is required when the opportunity is in Prospecting.
006WR00000wkAVaYAM,Opportunity,Property_State__c,Sales Status is required when the opportunity is in Prospecting.
006WR00000wkAVbYAM,Opportunity,Property_State__c,Sales Status is required when the opportunity is in Prospecting.
006WR00000wkAVcYAM,Opportunity,Property_State__c,Sales Status is required when the opportunity is in Prospecting.
006WR00000wkAVdYAM,Opportunity,Property_State__c,Sales Status is required when the opportunity is in Prospecting.
006WR00000wkAVeYAM,Opportunity,Property_State__c,Sales Status is required when the opportunity is in Prospecting.
006WR00000wkAVfYAM,Opportunity,Property_State__c,Sales Status is required when the opportunity is in Prospecting.
006WR00000wkAVgYAM,Opportunity,Property_State__c,Sales Status is required when the opportunity is in Prospecting.
006WR00000wkAVhYAM,Opportunity,Property_State__c,Sales Status is required when the opportunity is in Prospecting.
006WR00000wkAViYAM,Opportunity,Property_State__c,Sales Status is required when the opportunity is in Prospecting.
006WR00000wkAVjYAM,Opportunity,Property_State__c,Sales Status is required when the opportunity is in Prospecting.
006WR00000wkAVkYAM,Opportunity,Property_State__c,Sales Status is required when the opportunity is in Prospecting.
006WR00000wkAVlYAM,Opportunity,Property_State__c,Sales Status is required when the opportunity is in Prospecting.
006WR00000wkAVmYAM,Opportunity,Property_State__c,Sales Status is required when the opportunity is in Prospecting.
006WR00000wkAVnYAM,Opportunity,Property_State__c,Sales Status is required when the opportunity is in Prospecting.
006WR00000wkAVoYAM,Opportunity,Property_State__c,Sales Status is required when the opportunity is in Prospecting.
006WR00000wkAVpYAM,Opportunity,Property_State__c,Sales Status is required when the opportunity is in Prospecting.
006WR00000wkAVqYAM,Opportunity,Property_State__c,Sales Status is required when the opportunity is in Prospecting.
006WR00000wkAVrYAM,Opportunity,Property_State__c,Sales Status is required when the opportunity is in Prospecting.
006WR00000wkAVsYAM,Opportunity,Property_State__c,Sales Status is required when the opportunity is in Prospecting.
006WR00000wkAVtYAM,Opportunity,Property_State__c,Sales Status is required when the opportunity is in Prospecting.
006WR00000wkAVvYAM,Opportunity,Property_State__c,Sales Status is required when the opportunity is in Prospecting.
006WR00000wkAVwYAM,Opportunity,Property_State__c,Sales Status is required when the opportunity is in Prospecting.
006WR00000wkAVxYAM,Opportunity,Property_State__c,Sales Status is required when the opportunity is in Prospecting.
006WR00000wkAVzYAM,Opportunity,Property_State__c,Sales Status is required when the opportunity is in Prospecting.
006WR00000wkAW0YAM,Opportunity,Property_State__c,Sales Status is required when the opportunity is in Prospecting.
006WR00000wkAW2YAM,Opportunity,Property_State__c,Sales Status is required when the opportunity is in Prospecting.
006WR00000wkAW4YAM,Opportunity,Property_State__c,Sales Status is required when the opportunity is in Prospecting.
006WR00000wkAivYAE,Opportunity,Property_State__c,Sales Status is required when the opportunity is in Prospecting.
006WR00000wkAiwYAE,Opportunity,Property_State__c,Sales Status is required when the opportunity is in Prospecting.
006WR00000wkAixYAE,Opportunity,Property_State__c,Sales Status is required when the opportunity is in Prospecting.
006WR00000wkAiyYAE,Opportunity,Property_State__c,Sales Status is required when the opportunity is in Prospecting.
006WR00000wkAizYAE,Opportunity,Property_State__c,Sales Status is required when the opportunity is in Prospecting.
006WR00000wkAj0YAE,Opportunity,Property_State__c,Sales Status is required when the opportunity is in Prospecting.
006WR00000wkAj1YAE,Opportunity,Property_State__c,Sales Status is required when the opportunity is in Prospecting.
006WR00000wkAj2YAE,Opportunity,Property_State__c,Sales Status is required when the opportunity is in Prospecting.
006WR00000wkAj3YAE,Opportunity,Property_State__c,Sales Status is required when the opportunity is in Prospecting.
006WR00000wkAj4YAE,Opportunity,Property_State__c,Sales Status is required when the opportunity is in Prospecting.
006WR00000wkAj5YAE,Opportunity,Property_State__c,Sales Status is required when the opportunity is in Prospecting.
006WR00000wkAj6YAE,Opportunity,Property_State__c,Sales Status is required when the opportunity is in Prospecting.
006WR00000wkAj7YAE,Opportunity,Property_State__c,Sales Status is required when the opportunity is in Prospecting.
006WR00000wkAj8YAE,Opportunity,Property_State__c,Sales Status is required when the opportunity is in Prospecting.
006WR00000wkAj9YAE,Opportunity,Property_State__c,Sales Status is required when the opportunity is in Prospecting.
006WR00000wkAjAYAU,Opportunity,Property_State__c,Sales Status is required when the opportunity is in Prospecting.
006WR00000wkAjBYAU,Opportunity,Property_State__c,Sales Status is required when the opportunity is in Prospecting.
006WR00000wkAjCYAU,Opportunity,Property_State__c,Sales Status is required when the opportunity is in Prospecting.
006WR00000wkAjDYAU,Opportunity,Property_State__c,Sales Status is required when the opportunity is in Prospecting.
006WR00000wkAjEYAU,Opportunity,Property_State__c,Sales Status is required when the opportunity is in Prospecting.
006WR00000wkAjFYAU,Opportunity,Property_State__c,Sales Status is required when the opportunity is in Prospecting.
006WR00000wkAjGYAU,Opportunity,Property_State__c,Sales Status is required when the opportunity is in Prospecting.
006WR00000wkAjHYAU,Opportunity,Property_State__c,Sales Status is required when the opportunity is in Prospecting.
006WR00000wkAjIYAU,Opportunity,Property_State__c,Sales Status is required when the opportunity is in Prospecting.
006WR00000wkAjJYAU,Opportunity,Property_State__c,Sales Status is required when the opportunity is in Prospecting.
006WR00000wkAjKYAU,Opportunity,Property_State__c,Sales Status is required when the opportunity is in Prospecting.
006WR00000wkAjLYAU,Opportunity,Property_State__c,Sales Status is required when the opportunity is in Prospecting.
006WR00000wkAjMYAU,Opportunity,Property_State__c,Sales Status is required when the opportunity is in Prospecting.
006WR00000wkAjNYAU,Opportunity,Property_State__c,Sales Status is required when the opportunity is in Prospecting.
006WR00000wkAjOYAU,Opportunity,Property_State__c,Sales Status is required when the opportunity is in Prospecting.
006WR00000wkAjPYAU,Opportunity,Property_State__c,Sales Status is required when the opportunity is in Prospecting.
006WR00000wkAjQYAU,Opportunity,Property_State__c,Sales Status is required when the opportunity is in Prospecting.
006WR00000wkAjRYAU,Opportunity,Property_State__c,Sales Status is required when the opportunity is in Prospecting.
006WR00000wkAjSYAU,Opportunity,Property_State__c,Sales Status is required when the opportunity is in Prospecting.
006WR00000wkAjTYAU,Opportunity,Property_State__c,Sales Status is required when the opportunity is in Prospecting.
006WR00000wkAjUYAU,Opportunity,Property_State__c,Sales Status is required when the opportunity is in Prospecting.
006WR00000wkAjVYAU,Opportunity,Property_State__c,Sales Status is required when the opportunity is in Prospecting.
006WR00000wkAjWYAU,Opportunity,Property_State__c,Sales Status is required when the opportunity is in Prospecting.
006WR00000wkAjXYAU,Opportunity,Property_State__c,Sales Status is required when the opportunity is in Prospecting.
006WR00000wkAjYYAU,Opportunity,Property_State__c,Sales Status is required when the opportunity is in Prospecting.
006WR00000wkAjZYAU,Opportunity,Property_State__c,Sales Status is required when the opportunity is in Prospecting.
006WR00000wkAjaYAE,Opportunity,Property_State__c,Sales Status is required when the opportunity is in Prospecting.
006WR00000wkAjbYAE,Opportunity,Property_State__c,Sales Status is required when the opportunity is in Prospecting.
006WR00000wkAjcYAE,Opportunity,Property_State__c,Sales Status is required when the opportunity is in Prospecting.
006WR00000wkAjdYAE,Opportunity,Property_State__c,Sales Status is required when the opportunity is in Prospecting.
006WR00000wkAjfYAE,Opportunity,Property_State__c,Sales Status is required when the opportunity is in Prospecting.
006WR00000wkAjgYAE,Opportunity,Property_State__c,Sales Status is required when the opportunity is in Prospecting.
006WR00000wkAjhYAE,Opportunity,Property_State__c,Sales Status is required when the opportunity is in Prospecting.
006WR00000wkAjiYAE,Opportunity,Property_State__c,Sales Status is required when the opportunity is in Prospecting.
006WR00000wkAjjYAE,Opportunity,Property_State__c,Sales Status is required when the opportunity is in Prospecting.
006WR00000wkAjkYAE,Opportunity,Property_State__c,Sales Status is required when the opportunity is in Prospecting.
006WR00000wkAjlYAE,Opportunity,Property_State__c,Sales Status is required when the opportunity is in Prospecting.
006WR00000wkAjmYAE,Opportunity,Property_State__c,Sales Status is required when the opportunity is in Prospecting.
006WR00000wkAjnYAE,Opportunity,Property_State__c,Sales Status is required when the opportunity is in Prospecting.
006WR00000wkAjoYAE,Opportunity,Property_State__c,Sales Status is required when the opportunity is in Prospecting.
006WR00000wkAjpYAE,Opportunity,Property_State__c,Sales Status is required when the opportunity is in Prospecting.
006WR00000wkAjqYAE,Opportunity,Property_State__c,Sales Status is required when the opportunity is in Prospecting.
006WR00000wkAjrYAE,Opportunity,Property_State__c,Sales Status is required when the opportunity is in Prospecting.
006WR00000wkAjsYAE,Opportunity,Property_State__c,Sales Status is required when the opportunity is in Prospecting.
006WR00000wkAjuYAE,Opportunity,Property_State__c,Sales Status is required when the opportunity is in Prospecting.
006WR00000wkAjvYAE,Opportunity,Property_State__c,Sales Status is required when the opportunity is in Prospecting.
006WR00000wkAjwYAE,Opportunity,Property_State__c,Sales Status is required when the opportunity is in Prospecting.
006WR00000wkAjxYAE,Opportunity,Property_State__c,Sales Status is required when the opportunity is in Prospecting.
006WR00000wkAjyYAE,Opportunity,Property_State__c,Sales Status is required when the opportunity is in Prospecting.
006WR00000wkAjzYAE,Opportunity,Property_State__c,Sales Status is required when the opportunity is in Prospecting.
006WR00000wkAk0YAE,Opportunity,Property_State__c,Sales Status is required when the opportunity is in Prospecting.
006WR00000wkAk2YAE,Opportunity,Property_State__c,Sales Status is required when the opportunity is in Prospecting.
006WR00000wkAk3YAE,Opportunity,Property_State__c,Sales Status is required when the opportunity is in Prospecting.
006WR00000wkAk4YAE,Opportunity,Property_State__c,Sales Status is required when the opportunity is in Prospecting.
006WR00000wkAk5YAE,Opportunity,Property_State__c,Sales Status is required when the opportunity is in Prospecting.
006WR00000wkAk6YAE,Opportunity,Property_State__c,Sales Status is required when the opportunity is in Prospecting.
006WR00000wkAk7YAE,Opportunity,Property_State__c,Sales Status is required when the opportunity is in Prospecting.
006WR00000wkAk8YAE,Opportunity,Property_State__c,Sales Status is required when the opportunity is in Prospecting.
006WR00000wkAkBYAU,Opportunity,Property_State__c,Sales Status is required when the opportunity is in Prospecting.
006WR00000wkAkCYAU,Opportunity,Property_State__c,Sales Status is required when the opportunity is in Prospecting.
006WR00000wkAkDYAU,Opportunity,Property_State__c,Sales Status is required when the opportunity is in Prospecting.
006WR00000wkAkEYAU,Opportunity,Property_State__c,Sales Status is required when the opportunity is in Prospecting.
006WR00000wkAkFYAU,Opportunity,Property_State__c,Sales Status is required when the opportunity is in Prospecting.
006WR00000wkAkGYAU,Opportunity,Property_State__c,Sales Status is required when the opportunity is in Prospecting.
006WR00000wkAkHYAU,Opportunity,Property_State__c,Sales Status is required when the opportunity is in Prospecting.
006WR00000wkAkIYAU,Opportunity,Property_State__c,Sales Status is required when the opportunity is in Prospecting.
006WR00000wkAkJYAU,Opportunity,Property_State__c,Sales Status is required when the opportunity is in Prospecting.
006WR00000wkAkKYAU,Opportunity,Property_State__c,Sales Status is required when the opportunity is in Prospecting.
006WR00000wkAkLYAU,Opportunity,Property_State__c,Sales Status is required when the opportunity is in Prospecting.
006WR00000wkAkMYAU,Opportunity,Property_State__c,Sales Status is required when the opportunity is in Prospecting.
006WR00000wkAkNYAU,Opportunity,Property_State__c,Sales Status is required when the opportunity is in Prospecting.
006WR00000wkAkOYAU,Opportunity,Property_State__c,Sales Status is required when the opportunity is in Prospecting.
006WR00000wkAkPYAU,Opportunity,Property_State__c,Sales Status is required when the opportunity is in Prospecting.
006WR00000wkAkQYAU,Opportunity,Property_State__c,Sales Status is required when the opportunity is in Prospecting.
006WR00000wkAkRYAU,Opportunity,Property_State__c,Sales Status is required when the opportunity is in Prospecting.
006WR00000wkAkSYAU,Opportunity,Property_State__c,Sales Status is required when the opportunity is in Prospecting.
006WR00000wkAkTYAU,Opportunity,Property_State__c,Sales Status is required when the opportunity is in Prospecting.
006WR00000wkAkUYAU,Opportunity,Property_State__c,Sales Status is required when the opportunity is in Prospecting.
006WR00000wkAkVYAU,Opportunity,Property_State__c,Sales Status is required when the opportunity is in Prospecting.
006WR00000wkAkWYAU,Opportunity,Property_State__c,Sales Status is required when the opportunity is in Prospecting.
006WR00000wkAkXYAU,Opportunity,Property_State__c,Sales Status is required when the opportunity is in Prospecting.
006WR00000wkAkYYAU,Opportunity,Property_State__c,Sales Status is required when the opportunity is in Prospecting.
006WR00000wkAr0YAE,Opportunity,Property_State__c,Sales Status is required when the opportunity is in Prospecting.
006WR00000wkAr1YAE,Opportunity,Property_State__c,Sales Status is required when the opportunity is in Prospecting.
006WR00000wkAr2YAE,Opportunity,Property_State__c,Sales Status is required when the opportunity is in Prospecting.
006WR00000wkAr4YAE,Opportunity,Property_State__c,Sales Status is required when the opportunity is in Prospecting.
006WR00000wkAr5YAE,Opportunity,Property_State__c,Sales Status is required when the opportunity is in Prospecting.
006WR00000wkAr6YAE,Opportunity,Property_State__c,Sales Status is required when the opportunity is in Prospecting.
006WR00000wkAr7YAE,Opportunity,Property_State__c,Sales Status is required when the opportunity is in Prospecting.
006WR00000wkAr8YAE,Opportunity,Property_State__c,Sales Status is required when the opportunity is in Prospecting.
006WR00000wkAr9YAE,Opportunity,Property_State__c,Sales Status is required when the opportunity is in Prospecting.
006WR00000wkArAYAU,Opportunity,Property_State__c,Sales Status is required when the opportunity is in Prospecting.
006WR00000wkArBYAU,Opportunity,Property_State__c,Sales Status is required when the opportunity is in Prospecting.
006WR00000wkArCYAU,Opportunity,Property_State__c,Sales Status is required when the opportunity is in Prospecting.
006WR00000wkArDYAU,Opportunity,Property_State__c,Sales Status is required when the opportunity is in Prospecting.
006WR00000wkArEYAU,Opportunity,Property_State__c,Sales Status is required when the opportunity is in Prospecting.
006WR00000wkArFYAU,Opportunity,Property_State__c,Sales Status is required when the opportunity is in Prospecting.
006WR00000wkArGYAU,Opportunity,Property_State__c,Sales Status is required when the opportunity is in Prospecting.
006WR00000wkArHYAU,Opportunity,Property_State__c,Sales Status is required when the opportunity is in Prospecting.
006WR00000wkArIYAU,Opportunity,Property_State__c,Sales Status is required when the opportunity is in Prospecting.
006WR00000wkArJYAU,Opportunity,Property_State__c,Sales Status is required when the opportunity is in Prospecting.
006WR00000wkArKYAU,Opportunity,Property_State__c,Sales Status is required when the opportunity is in Prospecting.
006WR00000wkArLYAU,Opportunity,Property_State__c,Sales Status is required when the opportunity is in Prospecting.
006WR00000wkArMYAU,Opportunity,Property_State__c,Sales Status is required when the opportunity is in Prospecting.
006WR00000wkArNYAU,Opportunity,Property_State__c,Sales Status is required when the opportunity is in Prospecting.
006WR00000wkArOYAU,Opportunity,Property_State__c,Sales Status is required when the opportunity is in Prospecting.
006WR00000wkArPYAU,Opportunity,Property_State__c,Sales Status is required when the opportunity is in Prospecting.
006WR00000wkArQYAU,Opportunity,Property_State__c,Sales Status is required when the opportunity is in Prospecting.
006WR00000wkArRYAU,Opportunity,Property_State__c,Sales Status is required when the opportunity is in Prospecting.
006WR00000wkArSYAU,Opportunity,Property_State__c,Sales Status is required when the opportunity is in Prospecting.
006WR00000wkArTYAU,Opportunity,Property_State__c,Sales Status is required when the opportunity is in Prospecting.
006WR00000wkArUYAU,Opportunity,Property_State__c,Sales Status is required when the opportunity is in Prospecting.
006WR00000wkArVYAU,Opportunity,Property_State__c,Sales Status is required when the opportunity is in Prospecting.
006WR00000wkArWYAU,Opportunity,Property_State__c,Sales Status is required when the opportunity is in Prospecting.
006WR00000wkArXYAU,Opportunity,Property_State__c,Sales Status is required when the opportunity is in Prospecting.
006WR00000wkArYYAU,Opportunity,Property_State__c,Sales Status is required when the opportunity is in Prospecting.
006WR00000wkArZYAU,Opportunity,Property_State__c,Sales Status is required when the opportunity is in Prospecting.
006WR00000wkAraYAE,Opportunity,Property_State__c,Sales Status is required when the opportunity is in Prospecting.
006WR00000wkArbYAE,Opportunity,Property_State__c,Sales Status is required when the opportunity is in Prospecting.
006WR00000wkArcYAE,Opportunity,Property_State__c,Sales Status is required when the opportunity is in Prospecting.
006WR00000wkArdYAE,Opportunity,Property_State__c,Sales Status is required when the opportunity is in Prospecting.
006WR00000wkAreYAE,Opportunity,Property_State__c,Sales Status is required when the opportunity is in Prospecting.
006WR00000wkArgYAE,Opportunity,Property_State__c,Sales Status is required when the opportunity is in Prospecting.
006WR00000wkArhYAE,Opportunity,Property_State__c,Sales Status is required when the opportunity is in Prospecting.
006WR00000wkAriYAE,Opportunity,Property_State__c,Sales Status is required when the opportunity is in Prospecting.
006WR00000wkArjYAE,Opportunity,Property_State__c,Sales Status is required when the opportunity is in Prospecting.
006WR00000wkArkYAE,Opportunity,Property_State__c,Sales Status is required when the opportunity is in Prospecting.
006WR00000wkArlYAE,Opportunity,Property_State__c,Sales Status is required when the opportunity is in Prospecting.
006WR00000wkArmYAE,Opportunity,Property_State__c,Sales Status is required when the opportunity is in Prospecting.
006WR00000wkArnYAE,Opportunity,Property_State__c,Sales Status is required when the opportunity is in Prospecting.
006WR00000wkAroYAE,Opportunity,Property_State__c,Sales Status is required when the opportunity is in Prospecting.
006WR00000wkArpYAE,Opportunity,Property_State__c,Sales Status is required when the opportunity is in Prospecting.
006WR00000wkArqYAE,Opportunity,Property_State__c,Sales Status is required when the opportunity is in Prospecting.
006WR00000wkArrYAE,Opportunity,Property_State__c,Sales Status is required when the opportunity is in Prospecting.
006WR00000wkArsYAE,Opportunity,Property_State__c,Sales Status is required when the opportunity is in Prospecting.
006WR00000wkArtYAE,Opportunity,Property_State__c,Sales Status is required when the opportunity is in Prospecting.
006WR00000wkAruYAE,Opportunity,Property_State__c,Sales Status is required when the opportunity is in Prospecting.
006WR00000wkArvYAE,Opportunity,Property_State__c,Sales Status is required when the opportunity is in Prospecting.
006WR00000wkArwYAE,Opportunity,Property_State__c,Sales Status is required when the opportunity is in Prospecting.
006WR00000wkAs0YAE,Opportunity,Property_State__c,Sales Status is required when the opportunity is in Prospecting.
006WR00000wkAs1YAE,Opportunity,Property_State__c,Sales Status is required when the opportunity is in Prospecting.
006WR00000wkAs2YAE,Opportunity,Property_State__c,Sales Status is required when the opportunity is in Prospecting.
006WR00000wkAs3YAE,Opportunity,Property_State__c,Sales Status is required when the opportunity is in Prospecting.
006WR00000wkAs4YAE,Opportunity,Property_State__c,Sales Status is required when the opportunity is in Prospecting.
006WR00000wkAs5YAE,Opportunity,Property_State__c,Sales Status is required when the opportunity is in Prospecting.
006WR00000wkAs6YAE,Opportunity,Property_State__c,Sales Status is required when the opportunity is in Prospecting.
006WR00000wkAs7YAE,Opportunity,Property_State__c,Sales Status is required when the opportunity is in Prospecting.
006WR00000wkAs8YAE,Opportunity,Property_State__c,Sales Status is required when the opportunity is in Prospecting.
006WR00000wkAs9YAE,Opportunity,Property_State__c,Sales Status is required when the opportunity is in Prospecting.
006WR00000wkAsAYAU,Opportunity,Property_State__c,Sales Status is required when the opportunity is in Prospecting.
006WR00000wkAsBYAU,Opportunity,Property_State__c,Sales Status is required when the opportunity is in Prospecting.
006WR00000wkAsCYAU,Opportunity,Property_State__c,Sales Status is required when the opportunity is in Prospecting.
006WR00000wkAsDYAU,Opportunity,Property_State__c,Sales Status is required when the opportunity is in Prospecting.
006WR00000wkAsEYAU,Opportunity,Property_State__c,Sales Status is required when the opportunity is in Prospecting.
006WR00000wkAsFYAU,Opportunity,Property_State__c,Sales Status is required when the opportunity is in Prospecting.
006WR00000wkAsGYAU,Opportunity,Property_State__c,Sales Status is required when the opportunity is in Prospecting.
006WR00000wkAsHYAU,Opportunity,Property_State__c,Sales Status is required when the opportunity is in Prospecting.
006WR00000wkAsIYAU,Opportunity,Property_State__c,Sales Status is required when the opportunity is in Prospecting.
006WR00000wkAsJYAU,Opportunity,Property_State__c,Sales Status is required when the opportunity is in Prospecting.
006WR00000wkAsKYAU,Opportunity,Property_State__c,Sales Status is required when the opportunity is in Prospecting.
006WR00000wkAsLYAU,Opportunity,Property_State__c,Sales Status is required when the opportunity is in Prospecting.
006WR00000wkAsMYAU,Opportunity,Property_State__c,Sales Status is required when the opportunity is in Prospecting.
006WR00000wkAsNYAU,Opportunity,Property_State__c,Sales Status is required when the opportunity is in Prospecting.
006WR00000wkAsOYAU,Opportunity,Property_State__c,Sales Status is required when the opportunity is in Prospecting.
006WR00000wkAsPYAU,Opportunity,Property_State__c,Sales Status is required when the opportunity is in Prospecting.
006WR00000wkAsQYAU,Opportunity,Property_State__c,Sales Status is required when the opportunity is in Prospecting.
006WR00000wkAsRYAU,Opportunity,Property_State__c,Sales Status is required when the opportunity is in Prospecting.
006WR00000wkAsSYAU,Opportunity,Property_State__c,Sales Status is required when the opportunity is in Prospecting.
006WR00000wkAsTYAU,Opportunity,Property_State__c,Sales Status is required when the opportunity is in Prospecting.
006WR00000wkAsUYAU,Opportunity,Property_State__c,Sales Status is required when the opportunity is in Prospecting.
006WR00000wkAsVYAU,Opportunity,Property_State__c,Sales Status is required when the opportunity is in Prospecting.
006WR00000wkAsWYAU,Opportunity,Property_State__c,Sales Status is required when the opportunity is in Prospecting.
006WR00000wkAsXYAU,Opportunity,Property_State__c,Sales Status is required when the opportunity is in Prospecting.
006WR00000wkAsYYAU,Opportunity,Property_State__c,Sales Status is required when the opportunity is in Prospecting.
006WR00000wkAsZYAU,Opportunity,Property_State__c,Sales Status is required when the opportunity is in Prospecting.
006WR00000wkAsaYAE,Opportunity,Property_State__c,Sales Status is required when the opportunity is in Prospecting.
006WR00000wkAsbYAE,Opportunity,Property_State__c,Sales Status is required when the opportunity is in Prospecting.
006WR00000wkAscYAE,Opportunity,Property_State__c,Sales Status is required when the opportunity is in Prospecting.
006WR00000wkAsdYAE,Opportunity,Property_State__c,Sales Status is required when the opportunity is in Prospecting.
006WR00000wkAseYAE,Opportunity,Property_State__c,Sales Status is required when the opportunity is in Prospecting.
006WR00000wkAsfYAE,Opportunity,Property_State__c,Sales Status is required when the opportunity is in Prospecting.
006WR00000wkAsgYAE,Opportunity,Property_State__c,Sales Status is required when the opportunity is in Prospecting.
006WR00000wkAshYAE,Opportunity,Property_State__c,Sales Status is required when the opportunity is in Prospecting.
006WR00000wkAsiYAE,Opportunity,Property_State__c,Sales Status is required when the opportunity is in Prospecting.
006WR00000wkBFBYA2,Opportunity,Property_State__c,Sales Status is required when the opportunity is in Prospecting.
006WR00000wkBFCYA2,Opportunity,Property_State__c,Sales Status is required when the opportunity is in Prospecting.
006WR00000wkBFDYA2,Opportunity,Property_State__c,Sales Status is required when the opportunity is in Prospecting.
006WR00000wkBFEYA2,Opportunity,Property_State__c,Sales Status is required when the opportunity is in Prospecting.
006WR00000wkBFFYA2,Opportunity,Property_State__c,Sales Status is required when the opportunity is in Prospecting.
006WR00000wkBFGYA2,Opportunity,Property_State__c,Sales Status is required when the opportunity is in Prospecting.
006WR00000wkBFHYA2,Opportunity,Property_State__c,Sales Status is required when the opportunity is in Prospecting.
006WR00000wkBFIYA2,Opportunity,Property_State__c,Sales Status is required when the opportunity is in Prospecting.
006WR00000wkBFJYA2,Opportunity,Property_State__c,Sales Status is required when the opportunity is in Prospecting.
006WR00000wkBFKYA2,Opportunity,Property_State__c,Sales Status is required when the opportunity is in Prospecting.
006WR00000wkBFLYA2,Opportunity,Property_State__c,Sales Status is required when the opportunity is in Prospecting.
006WR00000wkBFMYA2,Opportunity,Property_State__c,Sales Status is required when the opportunity is in Prospecting.
006WR00000wkBFNYA2,Opportunity,Property_State__c,Sales Status is required when the opportunity is in Prospecting.
006WR00000wkBFOYA2,Opportunity,Property_State__c,Sales Status is required when the opportunity is in Prospecting.
006WR00000wkBFPYA2,Opportunity,Property_State__c,Sales Status is required when the opportunity is in Prospecting.
006WR00000wkBFQYA2,Opportunity,Property_State__c,Sales Status is required when the opportunity is in Prospecting.
006WR00000wkBFRYA2,Opportunity,Property_State__c,Sales Status is required when the opportunity is in Prospecting.
006WR00000wkBFSYA2,Opportunity,Property_State__c,Sales Status is required when the opportunity is in Prospecting.
006WR00000wkBFTYA2,Opportunity,Property_State__c,Sales Status is required when the opportunity is in Prospecting.
006WR00000wkBFUYA2,Opportunity,Property_State__c,Sales Status is required when the opportunity is in Prospecting.
006WR00000wkBFVYA2,Opportunity,Property_State__c,Sales Status is required when the opportunity is in Prospecting.
006WR00000wkBFWYA2,Opportunity,Property_State__c,Sales Status is required when the opportunity is in Prospecting.
006WR00000wkBFXYA2,Opportunity,Property_State__c,Sales Status is required when the opportunity is in Prospecting.
006WR00000wkBFYYA2,Opportunity,Property_State__c,Sales Status is required when the opportunity is in Prospecting.
006WR00000wkBFZYA2,Opportunity,Property_State__c,Sales Status is required when the opportunity is in Prospecting.
006WR00000wkBFaYAM,Opportunity,Property_State__c,Sales Status is required when the opportunity is in Prospecting.
006WR00000wkBFbYAM,Opportunity,Property_State__c,Sales Status is required when the opportunity is in Prospecting.
006WR00000wkBFcYAM,Opportunity,Property_State__c,Sales Status is required when the opportunity is in Prospecting.
006WR00000wkBFdYAM,Opportunity,Property_State__c,Sales Status is required when the opportunity is in Prospecting.
006WR00000wkBFeYAM,Opportunity,Property_State__c,Sales Status is required when the opportunity is in Prospecting.
006WR00000wkBFfYAM,Opportunity,Property_State__c,Sales Status is required when the opportunity is in Prospecting.
006WR00000wkBFgYAM,Opportunity,Property_State__c,Sales Status is required when the opportunity is in Prospecting.
006WR00000wkBFhYAM,Opportunity,Property_State__c,Sales Status is required when the opportunity is in Prospecting.
006WR00000wkBFiYAM,Opportunity,Property_State__c,Sales Status is required when the opportunity is in Prospecting.
006WR00000wkBFjYAM,Opportunity,Property_State__c,Sales Status is required when the opportunity is in Prospecting.
006WR00000wkBFkYAM,Opportunity,Property_State__c,Sales Status is required when the opportunity is in Prospecting.
006WR00000wkBFlYAM,Opportunity,Property_State__c,Sales Status is required when the opportunity is in Prospecting.
006WR00000wkBFmYAM,Opportunity,Property_State__c,Sales Status is required when the opportunity is in Prospecting.
006WR00000wkBFnYAM,Opportunity,Property_State__c,Sales Status is required when the opportunity is in Prospecting.
006WR00000wkBFoYAM,Opportunity,Property_State__c,Sales Status is required when the opportunity is in Prospecting.
006WR00000wkBFpYAM,Opportunity,Property_State__c,Sales Status is required when the opportunity is in Prospecting.
006WR00000wkBFqYAM,Opportunity,Property_State__c,Sales Status is required when the opportunity is in Prospecting.
006WR00000wkBFrYAM,Opportunity,Property_State__c,Sales Status is required when the opportunity is in Prospecting.
006WR00000wkBFsYAM,Opportunity,Property_State__c,Sales Status is required when the opportunity is in Prospecting.
006WR00000wkBFtYAM,Opportunity,Property_State__c,Sales Status is required when the opportunity is in Prospecting.
006WR00000wkBFuYAM,Opportunity,Property_State__c,Sales Status is required when the opportunity is in Prospecting.
006WR00000wkBFvYAM,Opportunity,Property_State__c,Sales Status is required when the opportunity is in Prospecting.
006WR00000wkBFwYAM,Opportunity,Property_State__c,Sales Status is required when the opportunity is in Prospecting.
006WR00000wkBFxYAM,Opportunity,Property_State__c,Sales Status is required when the opportunity is in Prospecting.
006WR00000wkBFyYAM,Opportunity,Property_State__c,Sales Status is required when the opportunity is in Prospecting.
006WR00000wkBFzYAM,Opportunity,Property_State__c,Sales Status is required when the opportunity is in Prospecting.
006WR00000wkBG0YAM,Opportunity,Property_State__c,Sales Status is required when the opportunity is in Prospecting.
006WR00000wkBG1YAM,Opportunity,Property_State__c,Sales Status is required when the opportunity is in Prospecting.
006WR00000wkBG2YAM,Opportunity,Property_State__c,Sales Status is required when the opportunity is in Prospecting.
006WR00000wkBG3YAM,Opportunity,Property_State__c,Sales Status is required when the opportunity is in Prospecting.
006WR00000wkBG4YAM,Opportunity,Property_State__c,Sales Status is required when the opportunity is in Prospecting.
006WR00000wkBG5YAM,Opportunity,Property_State__c,Sales Status is required when the opportunity is in Prospecting.
006WR00000wkBG6YAM,Opportunity,Property_State__c,Sales Status is required when the opportunity is in Prospecting.
006WR00000wkBG7YAM,Opportunity,Property_State__c,Sales Status is required when the opportunity is in Prospecting.
006WR00000wkBG8YAM,Opportunity,Property_State__c,Sales Status is required when the opportunity is in Prospecting.
006WR00000wkBG9YAM,Opportunity,Property_State__c,Sales Status is required when the opportunity is in Prospecting.
006WR00000wkBGAYA2,Opportunity,Property_State__c,Sales Status is required when the opportunity is in Prospecting.
006WR00000wkBGBYA2,Opportunity,Property_State__c,Sales Status is required when the opportunity is in Prospecting.
006WR00000wkBGCYA2,Opportunity,Property_State__c,Sales Status is required when the opportunity is in Prospecting.
006WR00000wkBGDYA2,Opportunity,Property_State__c,Sales Status is required when the opportunity is in Prospecting.
006WR00000wkBGEYA2,Opportunity,Property_State__c,Sales Status is required when the opportunity is in Prospecting.
006WR00000wkBGFYA2,Opportunity,Property_State__c,Sales Status is required when the opportunity is in Prospecting.
006WR00000wkBGGYA2,Opportunity,Property_State__c,Sales Status is required when the opportunity is in Prospecting.
006WR00000wkBGHYA2,Opportunity,Property_State__c,Sales Status is required when the opportunity is in Prospecting.
006WR00000wkBGIYA2,Opportunity,Property_State__c,Sales Status is required when the opportunity is in Prospecting.
006WR00000wkBGJYA2,Opportunity,Property_State__c,Sales Status is required when the opportunity is in Prospecting.
006WR00000wkBGKYA2,Opportunity,Property_State__c,Sales Status is required when the opportunity is in Prospecting.
006WR00000wkBGLYA2,Opportunity,Property_State__c,Sales Status is required when the opportunity is in Prospecting.
006WR00000wkBGMYA2,Opportunity,Property_State__c,Sales Status is required when the opportunity is in Prospecting.
006WR00000wkBGNYA2,Opportunity,Property_State__c,Sales Status is required when the opportunity is in Prospecting.
006WR00000wkBGOYA2,Opportunity,Property_State__c,Sales Status is required when the opportunity is in Prospecting.
006WR00000wkBGPYA2,Opportunity,Property_State__c,Sales Status is required when the opportunity is in Prospecting.
006WR00000wkBGQYA2,Opportunity,Property_State__c,Sales Status is required when the opportunity is in Prospecting.
006WR00000wkBGRYA2,Opportunity,Property_State__c,Sales Status is required when the opportunity is in Prospecting.
006WR00000wkBGSYA2,Opportunity,Property_State__c,Sales Status is required when the opportunity is in Prospecting.
006WR00000wkBGTYA2,Opportunity,Property_State__c,Sales Status is required when the opportunity is in Prospecting.
006WR00000wkBGUYA2,Opportunity,Property_State__c,Sales Status is required when the opportunity is in Prospecting.
006WR00000wkBGVYA2,Opportunity,Property_State__c,Sales Status is required when the opportunity is in Prospecting.
006WR00000wkBGWYA2,Opportunity,Property_State__c,Sales Status is required when the opportunity is in Prospecting.
006WR00000wkBGXYA2,Opportunity,Property_State__c,Sales Status is required when the opportunity is in Prospecting.
006WR00000wkBGYYA2,Opportunity,Property_State__c,Sales Status is required when the opportunity is in Prospecting.
006WR00000wkBGZYA2,Opportunity,Property_State__c,Sales Status is required when the opportunity is in Prospecting.
006WR00000wkBGaYAM,Opportunity,Property_State__c,Sales Status is required when the opportunity is in Prospecting.
006WR00000wkBGbYAM,Opportunity,Property_State__c,Sales Status is required when the opportunity is in Prospecting.
006WR00000wkBGcYAM,Opportunity,Property_State__c,Sales Status is required when the opportunity is in Prospecting.
006WR00000wkBGdYAM,Opportunity,Property_State__c,Sales Status is required when the opportunity is in Prospecting.
006WR00000wkBGeYAM,Opportunity,Property_State__c,Sales Status is required when the opportunity is in Prospecting.
006WR00000wkBGfYAM,Opportunity,Property_State__c,Sales Status is required when the opportunity is in Prospecting.
006WR00000wkBGgYAM,Opportunity,Property_State__c,Sales Status is required when the opportunity is in Prospecting.
006WR00000wkBGhYAM,Opportunity,Property_State__c,Sales Status is required when the opportunity is in Prospecting.
006WR00000wkBGiYAM,Opportunity,Property_State__c,Sales Status is required when the opportunity is in Prospecting.
006WR00000wkBGjYAM,Opportunity,Property_State__c,Sales Status is required when the opportunity is in Prospecting.
006WR00000wkBGkYAM,Opportunity,Property_State__c,Sales Status is required when the opportunity is in Prospecting.
006WR00000wkBGlYAM,Opportunity,Property_State__c,Sales Status is required when the opportunity is in Prospecting.
006WR00000wkBGmYAM,Opportunity,Property_State__c,Sales Status is required when the opportunity is in Prospecting.
006WR00000wkBGnYAM,Opportunity,Property_State__c,Sales Status is required when the opportunity is in Prospecting.
006WR00000wkBThYAM,Opportunity,Property_State__c,Sales Status is required when the opportunity is in Prospecting.
006WR00000wkBTiYAM,Opportunity,Property_State__c,Sales Status is required when the opportunity is in Prospecting.
006WR00000wkBTjYAM,Opportunity,Property_State__c,Sales Status is required when the opportunity is in Prospecting.
006WR00000wkBTkYAM,Opportunity,Property_State__c,Sales Status is required when the opportunity is in Prospecting.
006WR00000wkBTlYAM,Opportunity,Property_State__c,Sales Status is required when the opportunity is in Prospecting.
006WR00000wkBTmYAM,Opportunity,Property_State__c,Sales Status is required when the opportunity is in Prospecting.
006WR00000wkBTnYAM,Opportunity,Property_State__c,Sales Status is required when the opportunity is in Prospecting.
006WR00000wkBToYAM,Opportunity,Property_State__c,Sales Status is required when the opportunity is in Prospecting.
006WR00000wkBTpYAM,Opportunity,Property_State__c,Sales Status is required when the opportunity is in Prospecting.
006WR00000wkBTqYAM,Opportunity,Property_State__c,Sales Status is required when the opportunity is in Prospecting.
006WR00000wkBTrYAM,Opportunity,Property_State__c,Sales Status is required when the opportunity is in Prospecting.
006WR00000wkBTsYAM,Opportunity,Property_State__c,Sales Status is required when the opportunity is in Prospecting.
006WR00000wkBTtYAM,Opportunity,Property_State__c,Sales Status is required when the opportunity is in Prospecting.
006WR00000wkBTuYAM,Opportunity,Property_State__c,Sales Status is required when the opportunity is in Prospecting.
006WR00000wkBTvYAM,Opportunity,Property_State__c,Sales Status is required when the opportunity is in Prospecting.
006WR00000wkBTwYAM,Opportunity,Property_State__c,Sales Status is required when the opportunity is in Prospecting.
006WR00000wkBTxYAM,Opportunity,Property_State__c,Sales Status is required when the opportunity is in Prospecting.
006WR00000wkBTyYAM,Opportunity,Property_State__c,Sales Status is required when the opportunity is in Prospecting.
006WR00000wkBTzYAM,Opportunity,Property_State__c,Sales Status is required when the opportunity is in Prospecting.
006WR00000wkBU0YAM,Opportunity,Property_State__c,Sales Status is required when the opportunity is in Prospecting.
006WR00000wkBU1YAM,Opportunity,Property_State__c,Sales Status is required when the opportunity is in Prospecting.
006WR00000wkBU2YAM,Opportunity,Property_State__c,Sales Status is required when the opportunity is in Prospecting.
006WR00000wkBU3YAM,Opportunity,Property_State__c,Sales Status is required when the opportunity is in Prospecting.
006WR00000wkBU5YAM,Opportunity,Property_State__c,Sales Status is required when the opportunity is in Prospecting.
006WR00000wkBU6YAM,Opportunity,Property_State__c,Sales Status is required when the opportunity is in Prospecting.
006WR00000wkBU7YAM,Opportunity,Property_State__c,Sales Status is required when the opportunity is in Prospecting.
006WR00000wkBU8YAM,Opportunity,Property_State__c,Sales Status is required when the opportunity is in Prospecting.
006WR00000wkBU9YAM,Opportunity,Property_State__c,Sales Status is required when the opportunity is in Prospecting.
006WR00000wkBUAYA2,Opportunity,Property_State__c,Sales Status is required when the opportunity is in Prospecting.
006WR00000wkBUBYA2,Opportunity,Property_State__c,Sales Status is required when the opportunity is in Prospecting.
006WR00000wkBUCYA2,Opportunity,Property_State__c,Sales Status is required when the opportunity is in Prospecting.
006WR00000wkBUDYA2,Opportunity,Property_State__c,Sales Status is required when the opportunity is in Prospecting.
006WR00000wkBUEYA2,Opportunity,Property_State__c,Sales Status is required when the opportunity is in Prospecting.
006WR00000wkBUFYA2,Opportunity,Property_State__c,Sales Status is required when the opportunity is in Prospecting.
006WR00000wkBUGYA2,Opportunity,Property_State__c,Sales Status is required when the opportunity is in Prospecting.
006WR00000wkBUHYA2,Opportunity,Property_State__c,Sales Status is required when the opportunity is in Prospecting.
006WR00000wkBUIYA2,Opportunity,Property_State__c,Sales Status is required when the opportunity is in Prospecting.
006WR00000wkBUJYA2,Opportunity,Property_State__c,Sales Status is required when the opportunity is in Prospecting.
006WR00000wkBUKYA2,Opportunity,Property_State__c,Sales Status is required when the opportunity is in Prospecting.
006WR00000wkBULYA2,Opportunity,Property_State__c,Sales Status is required when the opportunity is in Prospecting.
006WR00000wkBUMYA2,Opportunity,Property_State__c,Sales Status is required when the opportunity is in Prospecting.
006WR00000wkBUNYA2,Opportunity,Property_State__c,Sales Status is required when the opportunity is in Prospecting.
006WR00000wkBUOYA2,Opportunity,Property_State__c,Sales Status is required when the opportunity is in Prospecting.
006WR00000wkBUPYA2,Opportunity,Property_State__c,Sales Status is required when the opportunity is in Prospecting.
006WR00000wkBUQYA2,Opportunity,Property_State__c,Sales Status is required when the opportunity is in Prospecting.
006WR00000wkBURYA2,Opportunity,Property_State__c,Sales Status is required when the opportunity is in Prospecting.
006WR00000wkBUSYA2,Opportunity,Property_State__c,Sales Status is required when the opportunity is in Prospecting.
006WR00000wkBUTYA2,Opportunity,Property_State__c,Sales Status is required when the opportunity is in Prospecting.
006WR00000wkBUUYA2,Opportunity,Property_State__c,Sales Status is required when the opportunity is in Prospecting.
006WR00000wkBUVYA2,Opportunity,Property_State__c,Sales Status is required when the opportunity is in Prospecting.
006WR00000wkBUWYA2,Opportunity,Property_State__c,Sales Status is required when the opportunity is in Prospecting.
006WR00000wkBUXYA2,Opportunity,Property_State__c,Sales Status is required when the opportunity is in Prospecting.
006WR00000wkBUYYA2,Opportunity,Property_State__c,Sales Status is required when the opportunity is in Prospecting.
006WR00000wkBUZYA2,Opportunity,Property_State__c,Sales Status is required when the opportunity is in Prospecting.
006WR00000wkBUaYAM,Opportunity,Property_State__c,Sales Status is required when the opportunity is in Prospecting.
006WR00000wkBUbYAM,Opportunity,Property_State__c,Sales Status is required when the opportunity is in Prospecting.
006WR00000wkBUcYAM,Opportunity,Property_State__c,Sales Status is required when the opportunity is in Prospecting.
006WR00000wkBUdYAM,Opportunity,Property_State__c,Sales Status is required when the opportunity is in Prospecting.
006WR00000wkBUeYAM,Opportunity,Property_State__c,Sales Status is required when the opportunity is in Prospecting.
006WR00000wkBUfYAM,Opportunity,Property_State__c,Sales Status is required when the opportunity is in Prospecting.
006WR00000wkBUgYAM,Opportunity,Property_State__c,Sales Status is required when the opportunity is in Prospecting.
006WR00000wkBUhYAM,Opportunity,Property_State__c,Sales Status is required when the opportunity is in Prospecting.
006WR00000wkBUiYAM,Opportunity,Property_State__c,Sales Status is required when the opportunity is in Prospecting.
006WR00000wkBUjYAM,Opportunity,Property_State__c,Sales Status is required when the opportunity is in Prospecting.
006WR00000wkBUkYAM,Opportunity,Property_State__c,Sales Status is required when the opportunity is in Prospecting.
006WR00000wkBUlYAM,Opportunity,Property_State__c,Sales Status is required when the opportunity is in Prospecting.
006WR00000wkBUmYAM,Opportunity,Property_State__c,Sales Status is required when the opportunity is in Prospecting.
006WR00000wkBUnYAM,Opportunity,Property_State__c,Sales Status is required when the opportunity is in Prospecting.
006WR00000wkBUoYAM,Opportunity,Property_State__c,Sales Status is required when the opportunity is in Prospecting.
006WR00000wkBUpYAM,Opportunity,Property_State__c,Sales Status is required when the opportunity is in Prospecting.
006WR00000wkBUqYAM,Opportunity,Property_State__c,Sales Status is required when the opportunity is in Prospecting.
006WR00000wkBUrYAM,Opportunity,Property_State__c,Sales Status is required when the opportunity is in Prospecting.
006WR00000wkBUsYAM,Opportunity,Property_State__c,Sales Status is required when the opportunity is in Prospecting.
006WR00000wkBUtYAM,Opportunity,Property_State__c,Sales Status is required when the opportunity is in Prospecting.
006WR00000wkBUuYAM,Opportunity,Property_State__c,Sales Status is required when the opportunity is in Prospecting.
006WR00000wkBUvYAM,Opportunity,Property_State__c,Sales Status is required when the opportunity is in Prospecting.
006WR00000wkBUwYAM,Opportunity,Property_State__c,Sales Status is required when the opportunity is in Prospecting.
006WR00000wkBUxYAM,Opportunity,Property_State__c,Sales Status is required when the opportunity is in Prospecting.
006WR00000wkBUyYAM,Opportunity,Property_State__c,Sales Status is required when the opportunity is in Prospecting.
006WR00000wkBUzYAM,Opportunity,Property_State__c,Sales Status is required when the opportunity is in Prospecting.
006WR00000wkBV0YAM,Opportunity,Property_State__c,Sales Status is required when the opportunity is in Prospecting.
006WR00000wkBV1YAM,Opportunity,Property_State__c,Sales Status is required when the opportunity is in Prospecting.
006WR00000wkBV2YAM,Opportunity,Property_State__c,Sales Status is required when the opportunity is in Prospecting.
006WR00000wkBV3YAM,Opportunity,Property_State__c,Sales Status is required when the opportunity is in Prospecting.
006WR00000wkBV4YAM,Opportunity,Property_State__c,Sales Status is required when the opportunity is in Prospecting.
006WR00000wkBV5YAM,Opportunity,Property_State__c,Sales Status is required when the opportunity is in Prospecting.
006WR00000wkBV6YAM,Opportunity,Property_State__c,Sales Status is required when the opportunity is in Prospecting.
006WR00000wkBV7YAM,Opportunity,Property_State__c,Sales Status is required when the opportunity is in Prospecting.
006WR00000wkBV8YAM,Opportunity,Property_State__c,Sales Status is required when the opportunity is in Prospecting.
006WR00000wkBV9YAM,Opportunity,Property_State__c,Sales Status is required when the opportunity is in Prospecting.
006WR00000wkBVAYA2,Opportunity,Property_State__c,Sales Status is required when the opportunity is in Prospecting.
006WR00000wkBVBYA2,Opportunity,Property_State__c,Sales Status is required when the opportunity is in Prospecting.
006WR00000wkBVCYA2,Opportunity,Property_State__c,Sales Status is required when the opportunity is in Prospecting.
006WR00000wkBVDYA2,Opportunity,Property_State__c,Sales Status is required when the opportunity is in Prospecting.
006WR00000wkBVEYA2,Opportunity,Property_State__c,Sales Status is required when the opportunity is in Prospecting.
006WR00000wkBVFYA2,Opportunity,Property_State__c,Sales Status is required when the opportunity is in Prospecting.
006WR00000wkBVGYA2,Opportunity,Property_State__c,Sales Status is required when the opportunity is in Prospecting.
006WR00000wkBVHYA2,Opportunity,Property_State__c,Sales Status is required when the opportunity is in Prospecting.
006WR00000wkBVIYA2,Opportunity,Property_State__c,Sales Status is required when the opportunity is in Prospecting.
006WR00000wkBn3YAE,Opportunity,Property_State__c,Sales Status is required when the opportunity is in Prospecting.
006WR00000wkBn4YAE,Opportunity,Property_State__c,Sales Status is required when the opportunity is in Prospecting.
006WR00000wkBn5YAE,Opportunity,Property_State__c,Sales Status is required when the opportunity is in Prospecting.
006WR00000wkBn7YAE,Opportunity,Property_State__c,Sales Status is required when the opportunity is in Prospecting.
006WR00000wkBn8YAE,Opportunity,Property_State__c,Sales Status is required when the opportunity is in Prospecting.
006WR00000wkBn9YAE,Opportunity,Property_State__c,Sales Status is required when the opportunity is in Prospecting.
006WR00000wkBnAYAU,Opportunity,Property_State__c,Sales Status is required when the opportunity is in Prospecting.
006WR00000wkBnBYAU,Opportunity,Property_State__c,Sales Status is required when the opportunity is in Prospecting.
006WR00000wkBnCYAU,Opportunity,Property_State__c,Sales Status is required when the opportunity is in Prospecting.
006WR00000wkBnDYAU,Opportunity,Property_State__c,Sales Status is required when the opportunity is in Prospecting.
006WR00000wkBnEYAU,Opportunity,Property_State__c,Sales Status is required when the opportunity is in Prospecting.
006WR00000wkBnFYAU,Opportunity,Property_State__c,Sales Status is required when the opportunity is in Prospecting.
006WR00000wkBnGYAU,Opportunity,Property_State__c,Sales Status is required when the opportunity is in Prospecting.
006WR00000wkBnHYAU,Opportunity,Property_State__c,Sales Status is required when the opportunity is in Prospecting.
006WR00000wkBnIYAU,Opportunity,Property_State__c,Sales Status is required when the opportunity is in Prospecting.
006WR00000wkBnJYAU,Opportunity,Property_State__c,Sales Status is required when the opportunity is in Prospecting.
006WR00000wkBnKYAU,Opportunity,Property_State__c,Sales Status is required when the opportunity is in Prospecting.
006WR00000wkBnLYAU,Opportunity,Property_State__c,Sales Status is required when the opportunity is in Prospecting.
006WR00000wkBnMYAU,Opportunity,Property_State__c,Sales Status is required when the opportunity is in Prospecting.
006WR00000wkBnNYAU,Opportunity,Property_State__c,Sales Status is required when the opportunity is in Prospecting.
006WR00000wkBnOYAU,Opportunity,Property_State__c,Sales Status is required when the opportunity is in Prospecting.
006WR00000wkBnPYAU,Opportunity,Property_State__c,Sales Status is required when the opportunity is in Prospecting.
006WR00000wkBnQYAU,Opportunity,Property_State__c,Sales Status is required when the opportunity is in Prospecting.
006WR00000wkBnRYAU,Opportunity,Property_State__c,Sales Status is required when the opportunity is in Prospecting.
006WR00000wkBnSYAU,Opportunity,Property_State__c,Sales Status is required when the opportunity is in Prospecting.
006WR00000wkBnTYAU,Opportunity,Property_State__c,Sales Status is required when the opportunity is in Prospecting.
006WR00000wkBnUYAU,Opportunity,Property_State__c,Sales Status is required when the opportunity is in Prospecting.
006WR00000wkBnVYAU,Opportunity,Property_State__c,Sales Status is required when the opportunity is in Prospecting.
006WR00000wkBnWYAU,Opportunity,Property_State__c,Sales Status is required when the opportunity is in Prospecting.
006WR00000wkBnXYAU,Opportunity,Property_State__c,Sales Status is required when the opportunity is in Prospecting.
006WR00000wkBnYYAU,Opportunity,Property_State__c,Sales Status is required when the opportunity is in Prospecting.
006WR00000wkBnZYAU,Opportunity,Property_State__c,Sales Status is required when the opportunity is in Prospecting.
006WR00000wkBnaYAE,Opportunity,Property_State__c,Sales Status is required when the opportunity is in Prospecting.
006WR00000wkBnbYAE,Opportunity,Property_State__c,Sales Status is required when the opportunity is in Prospecting.
006WR00000wkBncYAE,Opportunity,Property_State__c,Sales Status is required when the opportunity is in Prospecting.
006WR00000wkBndYAE,Opportunity,Property_State__c,Sales Status is required when the opportunity is in Prospecting.
006WR00000wkBneYAE,Opportunity,Property_State__c,Sales Status is required when the opportunity is in Prospecting.
006WR00000wkBnfYAE,Opportunity,Property_State__c,Sales Status is required when the opportunity is in Prospecting.
006WR00000wkBngYAE,Opportunity,Property_State__c,Sales Status is required when the opportunity is in Prospecting.
006WR00000wkBnhYAE,Opportunity,Property_State__c,Sales Status is required when the opportunity is in Prospecting.
006WR00000wkBniYAE,Opportunity,Property_State__c,Sales Status is required when the opportunity is in Prospecting.
006WR00000wkBnjYAE,Opportunity,Property_State__c,Sales Status is required when the opportunity is in Prospecting.
006WR00000wkBnkYAE,Opportunity,Property_State__c,Sales Status is required when the opportunity is in Prospecting.
006WR00000wkBnlYAE,Opportunity,Property_State__c,Sales Status is required when the opportunity is in Prospecting.
006WR00000wkBnmYAE,Opportunity,Property_State__c,Sales Status is required when the opportunity is in Prospecting.
006WR00000wkBnnYAE,Opportunity,Property_State__c,Sales Status is required when the opportunity is in Prospecting.
006WR00000wkBnoYAE,Opportunity,Property_State__c,Sales Status is required when the opportunity is in Prospecting.
006WR00000wkBnpYAE,Opportunity,Property_State__c,Sales Status is required when the opportunity is in Prospecting.
006WR00000wkBnqYAE,Opportunity,Property_State__c,Sales Status is required when the opportunity is in Prospecting.
006WR00000wkBnrYAE,Opportunity,Property_State__c,Sales Status is required when the opportunity is in Prospecting.
006WR00000wkBnsYAE,Opportunity,Property_State__c,Sales Status is required when the opportunity is in Prospecting.
006WR00000wkBntYAE,Opportunity,Property_State__c,Sales Status is required when the opportunity is in Prospecting.
006WR00000wkBnuYAE,Opportunity,Property_State__c,Sales Status is required when the opportunity is in Prospecting.
006WR00000wkBnvYAE,Opportunity,Property_State__c,Sales Status is required when the opportunity is in Prospecting.
006WR00000wkBnwYAE,Opportunity,Property_State__c,Sales Status is required when the opportunity is in Prospecting.
006WR00000wkBnxYAE,Opportunity,Property_State__c,Sales Status is required when the opportunity is in Prospecting.
006WR00000wkBnyYAE,Opportunity,Property_State__c,Sales Status is required when the opportunity is in Prospecting.
006WR00000wkBnzYAE,Opportunity,Property_State__c,Sales Status is required when the opportunity is in Prospecting.
006WR00000wkBo0YAE,Opportunity,Property_State__c,Sales Status is required when the opportunity is in Prospecting.
006WR00000wkBo1YAE,Opportunity,Property_State__c,Sales Status is required when the opportunity is in Prospecting.
006WR00000wkBo2YAE,Opportunity,Property_State__c,Sales Status is required when the opportunity is in Prospecting.
006WR00000wkBo3YAE,Opportunity,Property_State__c,Sales Status is required when the opportunity is in Prospecting.
006WR00000wkBo4YAE,Opportunity,Property_State__c,Sales Status is required when the opportunity is in Prospecting.
006WR00000wkBo5YAE,Opportunity,Property_State__c,Sales Status is required when the opportunity is in Prospecting.
006WR00000wkBo6YAE,Opportunity,Property_State__c,Sales Status is required when the opportunity is in Prospecting.
006WR00000wkBo7YAE,Opportunity,Property_State__c,Sales Status is required when the opportunity is in Prospecting.
006WR00000wkBo8YAE,Opportunity,Property_State__c,Sales Status is required when the opportunity is in Prospecting.
006WR00000wkBoAYAU,Opportunity,Property_State__c,Sales Status is required when the opportunity is in Prospecting.
006WR00000wkBoBYAU,Opportunity,Property_State__c,Sales Status is required when the opportunity is in Prospecting.
006WR00000wkBoCYAU,Opportunity,Property_State__c,Sales Status is required when the opportunity is in Prospecting.
006WR00000wkBoDYAU,Opportunity,Property_State__c,Sales Status is required when the opportunity is in Prospecting.
006WR00000wkBoEYAU,Opportunity,Property_State__c,Sales Status is required when the opportunity is in Prospecting.
006WR00000wkBoFYAU,Opportunity,Property_State__c,Sales Status is required when the opportunity is in Prospecting.
006WR00000wkBoGYAU,Opportunity,Property_State__c,Sales Status is required when the opportunity is in Prospecting.
006WR00000wkBoHYAU,Opportunity,Property_State__c,Sales Status is required when the opportunity is in Prospecting.
006WR00000wkBoIYAU,Opportunity,Property_State__c,Sales Status is required when the opportunity is in Prospecting.
006WR00000wkBoJYAU,Opportunity,Property_State__c,Sales Status is required when the opportunity is in Prospecting.
006WR00000wkBoKYAU,Opportunity,Property_State__c,Sales Status is required when the opportunity is in Prospecting.
006WR00000wkBoLYAU,Opportunity,Property_State__c,Sales Status is required when the opportunity is in Prospecting.
006WR00000wkBoMYAU,Opportunity,Property_State__c,Sales Status is required when the opportunity is in Prospecting.
006WR00000wkBoOYAU,Opportunity,Property_State__c,Sales Status is required when the opportunity is in Prospecting.
006WR00000wkBoPYAU,Opportunity,Property_State__c,Sales Status is required when the opportunity is in Prospecting.
006WR00000wkBoQYAU,Opportunity,Property_State__c,Sales Status is required when the opportunity is in Prospecting.
006WR00000wkBoRYAU,Opportunity,Property_State__c,Sales Status is required when the opportunity is in Prospecting.
006WR00000wkBoSYAU,Opportunity,Property_State__c,Sales Status is required when the opportunity is in Prospecting.
006WR00000wkBoTYAU,Opportunity,Property_State__c,Sales Status is required when the opportunity is in Prospecting.
006WR00000wkBoUYAU,Opportunity,Property_State__c,Sales Status is required when the opportunity is in Prospecting.
006WR00000wkBoVYAU,Opportunity,Property_State__c,Sales Status is required when the opportunity is in Prospecting.
006WR00000wkBoWYAU,Opportunity,Property_State__c,Sales Status is required when the opportunity is in Prospecting.
006WR00000wkBoXYAU,Opportunity,Property_State__c,Sales Status is required when the opportunity is in Prospecting.
006WR00000wkBoYYAU,Opportunity,Property_State__c,Sales Status is required when the opportunity is in Prospecting.
006WR00000wkBoZYAU,Opportunity,Property_State__c,Sales Status is required when the opportunity is in Prospecting.
006WR00000wkBoaYAE,Opportunity,Property_State__c,Sales Status is required when the opportunity is in Prospecting.
006WR00000wkBobYAE,Opportunity,Property_State__c,Sales Status is required when the opportunity is in Prospecting.
006WR00000wkBocYAE,Opportunity,Property_State__c,Sales Status is required when the opportunity is in Prospecting.
006WR00000wkBodYAE,Opportunity,Property_State__c,Sales Status is required when the opportunity is in Prospecting.
006WR00000wkBoeYAE,Opportunity,Property_State__c,Sales Status is required when the opportunity is in Prospecting.
006WR00000wkBofYAE,Opportunity,Property_State__c,Sales Status is required when the opportunity is in Prospecting.
006WR00000wkBogYAE,Opportunity,Property_State__c,Sales Status is required when the opportunity is in Prospecting.
006WR00000wkBohYAE,Opportunity,Property_State__c,Sales Status is required when the opportunity is in Prospecting.
006WR00000wkBoiYAE,Opportunity,Property_State__c,Sales Status is required when the opportunity is in Prospecting.
006WR00000wkBokYAE,Opportunity,Property_State__c,Sales Status is required when the opportunity is in Prospecting.
006WR00000wkBolYAE,Opportunity,Property_State__c,Sales Status is required when the opportunity is in Prospecting.
006WR00000wkBomYAE,Opportunity,Property_State__c,Sales Status is required when the opportunity is in Prospecting.
006WR00000wkBonYAE,Opportunity,Property_State__c,Sales Status is required when the opportunity is in Prospecting.
006WR00000wkBooYAE,Opportunity,Property_State__c,Sales Status is required when the opportunity is in Prospecting.
006WR00000wkBopYAE,Opportunity,Property_State__c,Sales Status is required when the opportunity is in Prospecting.
006WR00000wkBoqYAE,Opportunity,Property_State__c,Sales Status is required when the opportunity is in Prospecting.
006WR00000wkBorYAE,Opportunity,Property_State__c,Sales Status is required when the opportunity is in Prospecting.
006WR00000wkBosYAE,Opportunity,Property_State__c,Sales Status is required when the opportunity is in Prospecting.
006WR00000wkBotYAE,Opportunity,Property_State__c,Sales Status is required when the opportunity is in Prospecting.
006WR00000wkBouYAE,Opportunity,Property_State__c,Sales Status is required when the opportunity is in Prospecting.
006WR00000wkBovYAE,Opportunity,Property_State__c,Sales Status is required when the opportunity is in Prospecting.
006WR00000wkBowYAE,Opportunity,Property_State__c,Sales Status is required when the opportunity is in Prospecting.
006WR00000wkBoxYAE,Opportunity,Property_State__c,Sales Status is required when the opportunity is in Prospecting.
006WR00000wkBoyYAE,Opportunity,Property_State__c,Sales Status is required when the opportunity is in Prospecting.
006WR00000wkBozYAE,Opportunity,Property_State__c,Sales Status is required when the opportunity is in Prospecting.
006WR00000wkBp0YAE,Opportunity,Property_State__c,Sales Status is required when the opportunity is in Prospecting.
006WR00000wkBp1YAE,Opportunity,Property_State__c,Sales Status is required when the opportunity is in Prospecting.
006WR00000wkBp3YAE,Opportunity,Property_State__c,Sales Status is required when the opportunity is in Prospecting.
006WR00000wkBp4YAE,Opportunity,Property_State__c,Sales Status is required when the opportunity is in Prospecting.
006WR00000wkBp5YAE,Opportunity,Property_State__c,Sales Status is required when the opportunity is in Prospecting.
006WR00000wkBp6YAE,Opportunity,Property_State__c,Sales Status is required when the opportunity is in Prospecting.
006WR00000wkBp9YAE,Opportunity,Property_State__c,Sales Status is required when the opportunity is in Prospecting.
006WR00000wkBpAYAU,Opportunity,Property_State__c,Sales Status is required when the opportunity is in Prospecting.
006WR00000wkBpBYAU,Opportunity,Property_State__c,Sales Status is required when the opportunity is in Prospecting.
006WR00000wkBpCYAU,Opportunity,Property_State__c,Sales Status is required when the opportunity is in Prospecting.
006WR00000wkBpEYAU,Opportunity,Property_State__c,Sales Status is required when the opportunity is in Prospecting.
006WR00000wkBpFYAU,Opportunity,Property_State__c,Sales Status is required when the opportunity is in Prospecting.
006WR00000wkBpGYAU,Opportunity,Property_State__c,Sales Status is required when the opportunity is in Prospecting.
006WR00000wkBpHYAU,Opportunity,Property_State__c,Sales Status is required when the opportunity is in Prospecting.
006WR00000wkBpIYAU,Opportunity,Property_State__c,Sales Status is required when the opportunity is in Prospecting.
006WR00000wkBpJYAU,Opportunity,Property_State__c,Sales Status is required when the opportunity is in Prospecting.
006WR00000wkBpKYAU,Opportunity,Property_State__c,Sales Status is required when the opportunity is in Prospecting.
006WR00000wkBpLYAU,Opportunity,Property_State__c,Sales Status is required when the opportunity is in Prospecting.
006WR00000wkBpMYAU,Opportunity,Property_State__c,Sales Status is required when the opportunity is in Prospecting.
006WR00000wkBpNYAU,Opportunity,Property_State__c,Sales Status is required when the opportunity is in Prospecting.
006WR00000wkBpOYAU,Opportunity,Property_State__c,Sales Status is required when the opportunity is in Prospecting.
006WR00000wkBpQYAU,Opportunity,Property_State__c,Sales Status is required when the opportunity is in Prospecting.
006WR00000wkBpRYAU,Opportunity,Property_State__c,Sales Status is required when the opportunity is in Prospecting.
006WR00000wkBpSYAU,Opportunity,Property_State__c,Sales Status is required when the opportunity is in Prospecting.
006WR00000wkBpTYAU,Opportunity,Property_State__c,Sales Status is required when the opportunity is in Prospecting.
006WR00000wkBpUYAU,Opportunity,Property_State__c,Sales Status is required when the opportunity is in Prospecting.
006WR00000wkBpVYAU,Opportunity,Property_State__c,Sales Status is required when the opportunity is in Prospecting.
006WR00000wkBpWYAU,Opportunity,Property_State__c,Sales Status is required when the opportunity is in Prospecting.
006WR00000wkBpXYAU,Opportunity,Property_State__c,Sales Status is required when the opportunity is in Prospecting.
006WR00000wkBpYYAU,Opportunity,Property_State__c,Sales Status is required when the opportunity is in Prospecting.
006WR00000wkBpZYAU,Opportunity,Property_State__c,Sales Status is required when the opportunity is in Prospecting.
006WR00000wkBpaYAE,Opportunity,Property_State__c,Sales Status is required when the opportunity is in Prospecting.
006WR00000wkBpbYAE,Opportunity,Property_State__c,Sales Status is required when the opportunity is in Prospecting.
006WR00000wkBpcYAE,Opportunity,Property_State__c,Sales Status is required when the opportunity is in Prospecting.
006WR00000wkBpdYAE,Opportunity,Property_State__c,Sales Status is required when the opportunity is in Prospecting.
006WR00000wkBpeYAE,Opportunity,Property_State__c,Sales Status is required when the opportunity is in Prospecting.
006WR00000wkBpfYAE,Opportunity,Property_State__c,Sales Status is required when the opportunity is in Prospecting.
006WR00000wkBpgYAE,Opportunity,Property_State__c,Sales Status is required when the opportunity is in Prospecting.
006WR00000wkBphYAE,Opportunity,Property_State__c,Sales Status is required when the opportunity is in Prospecting.
006WR00000wkBpiYAE,Opportunity,Property_State__c,Sales Status is required when the opportunity is in Prospecting.
006WR00000wkBpjYAE,Opportunity,Property_State__c,Sales Status is required when the opportunity is in Prospecting.
006WR00000wkBpkYAE,Opportunity,Property_State__c,Sales Status is required when the opportunity is in Prospecting.
006WR00000wkBplYAE,Opportunity,Property_State__c,Sales Status is required when the opportunity is in Prospecting.
006WR00000wkBpnYAE,Opportunity,Property_State__c,Sales Status is required when the opportunity is in Prospecting.
006WR00000wkBpoYAE,Opportunity,Property_State__c,Sales Status is required when the opportunity is in Prospecting.
006WR00000wkBppYAE,Opportunity,Property_State__c,Sales Status is required when the opportunity is in Prospecting.
006WR00000wkBpqYAE,Opportunity,Property_State__c,Sales Status is required when the opportunity is in Prospecting.
006WR00000wkBprYAE,Opportunity,Property_State__c,Sales Status is required when the opportunity is in Prospecting.
006WR00000wkBpsYAE,Opportunity,Property_State__c,Sales Status is required when the opportunity is in Prospecting.
006WR00000wkBptYAE,Opportunity,Property_State__c,Sales Status is required when the opportunity is in Prospecting.
006WR00000wkBpuYAE,Opportunity,Property_State__c,Sales Status is required when the opportunity is in Prospecting.
006WR00000wkBpvYAE,Opportunity,Property_State__c,Sales Status is required when the opportunity is in Prospecting.
006WR00000wkBpwYAE,Opportunity,Property_State__c,Sales Status is required when the opportunity is in Prospecting.
006WR00000wkBpxYAE,Opportunity,Property_State__c,Sales Status is required when the opportunity is in Prospecting.
006WR00000wkBpzYAE,Opportunity,Property_State__c,Sales Status is required when the opportunity is in Prospecting.
006WR00000wkBq0YAE,Opportunity,Property_State__c,Sales Status is required when the opportunity is in Prospecting.
006WR00000wkBq1YAE,Opportunity,Property_State__c,Sales Status is required when the opportunity is in Prospecting.
006WR00000wkBq2YAE,Opportunity,Property_State__c,Sales Status is required when the opportunity is in Prospecting.
006WR00000wkBq3YAE,Opportunity,Property_State__c,Sales Status is required when the opportunity is in Prospecting.
006WR00000wkBq4YAE,Opportunity,Property_State__c,Sales Status is required when the opportunity is in Prospecting.
006WR00000wkBq6YAE,Opportunity,Property_State__c,Sales Status is required when the opportunity is in Prospecting.
006WR00000wkBq7YAE,Opportunity,Property_State__c,Sales Status is required when the opportunity is in Prospecting.
006WR00000wkBq8YAE,Opportunity,Property_State__c,Sales Status is required when the opportunity is in Prospecting.
006WR00000wkBq9YAE,Opportunity,Property_State__c,Sales Status is required when the opportunity is in Prospecting.
006WR00000wkBqAYAU,Opportunity,Property_State__c,Sales Status is required when the opportunity is in Prospecting.
006WR00000wkBqBYAU,Opportunity,Property_State__c,Sales Status is required when the opportunity is in Prospecting.
006WR00000wkBqCYAU,Opportunity,Property_State__c,Sales Status is required when the opportunity is in Prospecting.
006WR00000wkBqDYAU,Opportunity,Property_State__c,Sales Status is required when the opportunity is in Prospecting.
006WR00000wkBqEYAU,Opportunity,Property_State__c,Sales Status is required when the opportunity is in Prospecting.
006WR00000wkBqFYAU,Opportunity,Property_State__c,Sales Status is required when the opportunity is in Prospecting.
006WR00000wkBqGYAU,Opportunity,Property_State__c,Sales Status is required when the opportunity is in Prospecting.
006WR00000wkC6PYAU,Opportunity,Property_State__c,Sales Status is required when the opportunity is in Prospecting.
006WR00000wkC6QYAU,Opportunity,Property_State__c,Sales Status is required when the opportunity is in Prospecting.
006WR00000wkC6UYAU,Opportunity,Property_State__c,Sales Status is required when the opportunity is in Prospecting.
006WR00000wkC6WYAU,Opportunity,Property_State__c,Sales Status is required when the opportunity is in Prospecting.
006WR00000wkC6XYAU,Opportunity,Property_State__c,Sales Status is required when the opportunity is in Prospecting.
006WR00000wkC6YYAU,Opportunity,Property_State__c,Sales Status is required when the opportunity is in Prospecting.
006WR00000wkC6ZYAU,Opportunity,Property_State__c,Sales Status is required when the opportunity is in Prospecting.
006WR00000wkC6aYAE,Opportunity,Property_State__c,Sales Status is required when the opportunity is in Prospecting.
006WR00000wkC6bYAE,Opportunity,Property_State__c,Sales Status is required when the opportunity is in Prospecting.
006WR00000wkC6cYAE,Opportunity,Property_State__c,Sales Status is required when the opportunity is in Prospecting.
006WR00000wkC6dYAE,Opportunity,Property_State__c,Sales Status is required when the opportunity is in Prospecting.
006WR00000wkC6eYAE,Opportunity,Property_State__c,Sales Status is required when the opportunity is in Prospecting.
006WR00000wkC6fYAE,Opportunity,Property_State__c,Sales Status is required when the opportunity is in Prospecting.
006WR00000wkC6gYAE,Opportunity,Property_State__c,Sales Status is required when the opportunity is in Prospecting.
006WR00000wkC6hYAE,Opportunity,Property_State__c,Sales Status is required when the opportunity is in Prospecting.
006WR00000wkC6iYAE,Opportunity,Property_State__c,Sales Status is required when the opportunity is in Prospecting.
006WR00000wkC6jYAE,Opportunity,Property_State__c,Sales Status is required when the opportunity is in Prospecting.
006WR00000wkC6kYAE,Opportunity,Property_State__c,Sales Status is required when the opportunity is in Prospecting.
006WR00000wkC6lYAE,Opportunity,Property_State__c,Sales Status is required when the opportunity is in Prospecting.
006WR00000wkC6mYAE,Opportunity,Property_State__c,Sales Status is required when the opportunity is in Prospecting.
006WR00000wkC6nYAE,Opportunity,Property_State__c,Sales Status is required when the opportunity is in Prospecting.
006WR00000wkC6oYAE,Opportunity,Property_State__c,Sales Status is required when the opportunity is in Prospecting.
006WR00000wkC6pYAE,Opportunity,Property_State__c,Sales Status is required when the opportunity is in Prospecting.
006WR00000wkC6qYAE,Opportunity,Property_State__c,Sales Status is required when the opportunity is in Prospecting.
006WR00000wkC6rYAE,Opportunity,Property_State__c,Sales Status is required when the opportunity is in Prospecting.
006WR00000wkC6tYAE,Opportunity,Property_State__c,Sales Status is required when the opportunity is in Prospecting.
006WR00000wkC6uYAE,Opportunity,Property_State__c,Sales Status is required when the opportunity is in Prospecting.
006WR00000wkC6vYAE,Opportunity,Property_State__c,Sales Status is required when the opportunity is in Prospecting.
006WR00000wkC6wYAE,Opportunity,Property_State__c,Sales Status is required when the opportunity is in Prospecting.
006WR00000wkC6xYAE,Opportunity,Property_State__c,Sales Status is required when the opportunity is in Prospecting.
006WR00000wkC6zYAE,Opportunity,Property_State__c,Sales Status is required when the opportunity is in Prospecting.
006WR00000wkC70YAE,Opportunity,Property_State__c,Sales Status is required when the opportunity is in Prospecting.
006WR00000wkC71YAE,Opportunity,Property_State__c,Sales Status is required when the opportunity is in Prospecting.
006WR00000wkC72YAE,Opportunity,Property_State__c,Sales Status is required when the opportunity is in Prospecting.
006WR00000wkC73YAE,Opportunity,Property_State__c,Sales Status is required when the opportunity is in Prospecting.
006WR00000wkC74YAE,Opportunity,Property_State__c,Sales Status is required when the opportunity is in Prospecting.
006WR00000wkC75YAE,Opportunity,Property_State__c,Sales Status is required when the opportunity is in Prospecting.
006WR00000wkC7CYAU,Opportunity,Property_State__c,Sales Status is required when the opportunity is in Prospecting.
006WR00000wkC7DYAU,Opportunity,Property_State__c,Sales Status is required when the opportunity is in Prospecting.
006WR00000wkC7EYAU,Opportunity,Property_State__c,Sales Status is required when the opportunity is in Prospecting.
006WR00000wkC7FYAU,Opportunity,Property_State__c,Sales Status is required when the opportunity is in Prospecting.
006WR00000wkC7IYAU,Opportunity,Property_State__c,Sales Status is required when the opportunity is in Prospecting.
006WR00000wkC7KYAU,Opportunity,Property_State__c,Sales Status is required when the opportunity is in Prospecting.
006WR00000wkCkvYAE,Opportunity,Property_State__c,Sales Status is required when the opportunity is in Prospecting.
006WR00000wkCkyYAE,Opportunity,Property_State__c,Sales Status is required when the opportunity is in Prospecting.
006WR00000wkCkzYAE,Opportunity,Property_State__c,Sales Status is required when the opportunity is in Prospecting.
006WR00000wkCl0YAE,Opportunity,Property_State__c,Sales Status is required when the opportunity is in Prospecting.
006WR00000wkCl1YAE,Opportunity,Property_State__c,Sales Status is required when the opportunity is in Prospecting.
006WR00000wkCl2YAE,Opportunity,Property_State__c,Sales Status is required when the opportunity is in Prospecting.
006WR00000wkClAYAU,Opportunity,Property_State__c,Sales Status is required when the opportunity is in Prospecting.
006WR00000wkClBYAU,Opportunity,Property_State__c,Sales Status is required when the opportunity is in Prospecting.
006WR00000wkClHYAU,Opportunity,Property_State__c,Sales Status is required when the opportunity is in Prospecting.
006WR00000wkClLYAU,Opportunity,Property_State__c,Sales Status is required when the opportunity is in Prospecting.
006WR00000wkClNYAU,Opportunity,Property_State__c,Sales Status is required when the opportunity is in Prospecting.
006WR00000wkClOYAU,Opportunity,Property_State__c,Sales Status is required when the opportunity is in Prospecting.
006WR00000wkClPYAU,Opportunity,Property_State__c,Sales Status is required when the opportunity is in Prospecting.
006WR00000wkClRYAU,Opportunity,Property_State__c,Sales Status is required when the opportunity is in Prospecting.
006WR00000wkClTYAU,Opportunity,Property_State__c,Sales Status is required when the opportunity is in Prospecting.
006WR00000wkClXYAU,Opportunity,Property_State__c,Sales Status is required when the opportunity is in Prospecting.
006WR00000wkClYYAU,Opportunity,Property_State__c,Sales Status is required when the opportunity is in Prospecting.
006WR00000wkClZYAU,Opportunity,Property_State__c,Sales Status is required when the opportunity is in Prospecting.
006WR00000wkClaYAE,Opportunity,Property_State__c,Sales Status is required when the opportunity is in Prospecting.
006WR00000wkClbYAE,Opportunity,Property_State__c,Sales Status is required when the opportunity is in Prospecting.
006WR00000wkClcYAE,Opportunity,Property_State__c,Sales Status is required when the opportunity is in Prospecting.
006WR00000wkCldYAE,Opportunity,Property_State__c,Sales Status is required when the opportunity is in Prospecting.
006WR00000wkCleYAE,Opportunity,Property_State__c,Sales Status is required when the opportunity is in Prospecting.
006WR00000wkClfYAE,Opportunity,Property_State__c,Sales Status is required when the opportunity is in Prospecting.
006WR00000wkClgYAE,Opportunity,Property_State__c,Sales Status is required when the opportunity is in Prospecting.
006WR00000wkClhYAE,Opportunity,Property_State__c,Sales Status is required when the opportunity is in Prospecting.
006WR00000wkCliYAE,Opportunity,Property_State__c,Sales Status is required when the opportunity is in Prospecting.
006WR00000wkClkYAE,Opportunity,Property_State__c,Sales Status is required when the opportunity is in Prospecting.
006WR00000wkCllYAE,Opportunity,Property_State__c,Sales Status is required when the opportunity is in Prospecting.
006WR00000wkClnYAE,Opportunity,Property_State__c,Sales Status is required when the opportunity is in Prospecting.
006WR00000wkCloYAE,Opportunity,Property_State__c,Sales Status is required when the opportunity is in Prospecting.
006WR00000wkClpYAE,Opportunity,Property_State__c,Sales Status is required when the opportunity is in Prospecting.
006WR00000wkClqYAE,Opportunity,Property_State__c,Sales Status is required when the opportunity is in Prospecting.
006WR00000wkClrYAE,Opportunity,Property_State__c,Sales Status is required when the opportunity is in Prospecting.
006WR00000wkCltYAE,Opportunity,Property_State__c,Sales Status is required when the opportunity is in Prospecting.
006WR00000wkClvYAE,Opportunity,Property_State__c,Sales Status is required when the opportunity is in Prospecting.
006WR00000wkClxYAE,Opportunity,Property_State__c,Sales Status is required when the opportunity is in Prospecting.
006WR00000wkClyYAE,Opportunity,Property_State__c,Sales Status is required when the opportunity is in Prospecting.
006WR00000wkClzYAE,Opportunity,Property_State__c,Sales Status is required when the opportunity is in Prospecting.
006WR00000wkCm6YAE,Opportunity,Property_State__c,Sales Status is required when the opportunity is in Prospecting.
006WR00000wkCm8YAE,Opportunity,Property_State__c,Sales Status is required when the opportunity is in Prospecting.
006WR00000wkCm9YAE,Opportunity,Property_State__c,Sales Status is required when the opportunity is in Prospecting.
006WR00000wkCmAYAU,Opportunity,Property_State__c,Sales Status is required when the opportunity is in Prospecting.
006WR00000wkCmLYAU,Opportunity,Property_State__c,Sales Status is required when the opportunity is in Prospecting.
006WR00000wkCmMYAU,Opportunity,Property_State__c,Sales Status is required when the opportunity is in Prospecting.
006WR00000wkCmNYAU,Opportunity,Property_State__c,Sales Status is required when the opportunity is in Prospecting.
006WR00000wkDLrYAM,Opportunity,Property_State__c,Sales Status is required when the opportunity is in Prospecting.
006WR00000wkDLsYAM,Opportunity,Property_State__c,Sales Status is required when the opportunity is in Prospecting.
006WR00000wkDLtYAM,Opportunity,Property_State__c,Sales Status is required when the opportunity is in Prospecting.
006WR00000wkDLuYAM,Opportunity,Property_State__c,Sales Status is required when the opportunity is in Prospecting.
006WR00000wkDLvYAM,Opportunity,Property_State__c,Sales Status is required when the opportunity is in Prospecting.
006WR00000wkDLwYAM,Opportunity,Property_State__c,Sales Status is required when the opportunity is in Prospecting.
006WR00000wkDLyYAM,Opportunity,Property_State__c,Sales Status is required when the opportunity is in Prospecting.
006WR00000wkDLzYAM,Opportunity,Property_State__c,Sales Status is required when the opportunity is in Prospecting.
006WR00000wkDM0YAM,Opportunity,Property_State__c,Sales Status is required when the opportunity is in Prospecting.
006WR00000wkDM1YAM,Opportunity,Property_State__c,Sales Status is required when the opportunity is in Prospecting.
006WR00000wkDM3YAM,Opportunity,Property_State__c,Sales Status is required when the opportunity is in Prospecting.
006WR00000wkDM4YAM,Opportunity,Property_State__c,Sales Status is required when the opportunity is in Prospecting.
006WR00000wkDM5YAM,Opportunity,Property_State__c,Sales Status is required when the opportunity is in Prospecting.
006WR00000wkDM6YAM,Opportunity,Property_State__c,Sales Status is required when the opportunity is in Prospecting.
006WR00000wkDM7YAM,Opportunity,Property_State__c,Sales Status is required when the opportunity is in Prospecting.
006WR00000wkDM8YAM,Opportunity,Property_State__c,Sales Status is required when the opportunity is in Prospecting.
006WR00000wkDM9YAM,Opportunity,Property_State__c,Sales Status is required when the opportunity is in Prospecting.
006WR00000wkDMAYA2,Opportunity,Property_State__c,Sales Status is required when the opportunity is in Prospecting.
006WR00000wkDMBYA2,Opportunity,Property_State__c,Sales Status is required when the opportunity is in Prospecting.
006WR00000wkDMCYA2,Opportunity,Property_State__c,Sales Status is required when the opportunity is in Prospecting.
006WR00000wkDMDYA2,Opportunity,Property_State__c,Sales Status is required when the opportunity is in Prospecting.
006WR00000wkDMEYA2,Opportunity,Property_State__c,Sales Status is required when the opportunity is in Prospecting.
006WR00000wkDMFYA2,Opportunity,Property_State__c,Sales Status is required when the opportunity is in Prospecting.
006WR00000wkDMGYA2,Opportunity,Property_State__c,Sales Status is required when the opportunity is in Prospecting.
006WR00000wkDMHYA2,Opportunity,Property_State__c,Sales Status is required when the opportunity is in Prospecting.
006WR00000wkDMIYA2,Opportunity,Property_State__c,Sales Status is required when the opportunity is in Prospecting.
006WR00000wkDMJYA2,Opportunity,Property_State__c,Sales Status is required when the opportunity is in Prospecting.
006WR00000wkDMKYA2,Opportunity,Property_State__c,Sales Status is required when the opportunity is in Prospecting.
006WR00000wkDMLYA2,Opportunity,Property_State__c,Sales Status is required when the opportunity is in Prospecting.
006WR00000wkDMMYA2,Opportunity,Property_State__c,Sales Status is required when the opportunity is in Prospecting.
006WR00000wkDMNYA2,Opportunity,Property_State__c,Sales Status is required when the opportunity is in Prospecting.
006WR00000wkDMOYA2,Opportunity,Property_State__c,Sales Status is required when the opportunity is in Prospecting.
006WR00000wkDMPYA2,Opportunity,Property_State__c,Sales Status is required when the opportunity is in Prospecting.
006WR00000wkDMQYA2,Opportunity,Property_State__c,Sales Status is required when the opportunity is in Prospecting.
006WR00000wkDMRYA2,Opportunity,Property_State__c,Sales Status is required when the opportunity is in Prospecting.
006WR00000wkDMSYA2,Opportunity,Property_State__c,Sales Status is required when the opportunity is in Prospecting.
006WR00000wkDMUYA2,Opportunity,Property_State__c,Sales Status is required when the opportunity is in Prospecting.
006WR00000wkDMVYA2,Opportunity,Property_State__c,Sales Status is required when the opportunity is in Prospecting.
006WR00000wkDMWYA2,Opportunity,Property_State__c,Sales Status is required when the opportunity is in Prospecting.
006WR00000wkDMXYA2,Opportunity,Property_State__c,Sales Status is required when the opportunity is in Prospecting.
006WR00000wkDMYYA2,Opportunity,Property_State__c,Sales Status is required when the opportunity is in Prospecting.
006WR00000wkDMZYA2,Opportunity,Property_State__c,Sales Status is required when the opportunity is in Prospecting.
006WR00000wkDMaYAM,Opportunity,Property_State__c,Sales Status is required when the opportunity is in Prospecting.
006WR00000wkDMbYAM,Opportunity,Property_State__c,Sales Status is required when the opportunity is in Prospecting.
006WR00000wkDMcYAM,Opportunity,Property_State__c,Sales Status is required when the opportunity is in Prospecting.
006WR00000wkDMeYAM,Opportunity,Property_State__c,Sales Status is required when the opportunity is in Prospecting.
006WR00000wkDMgYAM,Opportunity,Property_State__c,Sales Status is required when the opportunity is in Prospecting.
006WR00000wkDMhYAM,Opportunity,Property_State__c,Sales Status is required when the opportunity is in Prospecting.
006WR00000wkDMlYAM,Opportunity,Property_State__c,Sales Status is required when the opportunity is in Prospecting.
006WR00000wkDMmYAM,Opportunity,Property_State__c,Sales Status is required when the opportunity is in Prospecting.
006WR00000wkDMnYAM,Opportunity,Property_State__c,Sales Status is required when the opportunity is in Prospecting.
006WR00000wkDMoYAM,Opportunity,Property_State__c,Sales Status is required when the opportunity is in Prospecting.
006WR00000wkDMpYAM,Opportunity,Property_State__c,Sales Status is required when the opportunity is in Prospecting.
006WR00000wkDMqYAM,Opportunity,Property_State__c,Sales Status is required when the opportunity is in Prospecting.
006WR00000wkDMrYAM,Opportunity,Property_State__c,Sales Status is required when the opportunity is in Prospecting.
006WR00000wkDMsYAM,Opportunity,Property_State__c,Sales Status is required when the opportunity is in Prospecting.
006WR00000wkDMtYAM,Opportunity,Property_State__c,Sales Status is required when the opportunity is in Prospecting.
006WR00000wkDMuYAM,Opportunity,Property_State__c,Sales Status is required when the opportunity is in Prospecting.
006WR00000wkDMvYAM,Opportunity,Property_State__c,Sales Status is required when the opportunity is in Prospecting.
006WR00000wkDMwYAM,Opportunity,Property_State__c,Sales Status is required when the opportunity is in Prospecting.
006WR00000wkDMxYAM,Opportunity,Property_State__c,Sales Status is required when the opportunity is in Prospecting.
006WR00000wkDMyYAM,Opportunity,Property_State__c,Sales Status is required when the opportunity is in Prospecting.
006WR00000wkDs9YAE,Opportunity,Property_State__c,Sales Status is required when the opportunity is in Prospecting.
006WR00000wkDsKYAU,Opportunity,Property_State__c,Sales Status is required when the opportunity is in Prospecting.
006WR00000wkDsLYAU,Opportunity,Property_State__c,Sales Status is required when the opportunity is in Prospecting.
006WR00000wkDsMYAU,Opportunity,Property_State__c,Sales Status is required when the opportunity is in Prospecting.
006WR00000wkDsNYAU,Opportunity,Property_State__c,Sales Status is required when the opportunity is in Prospecting.
006WR00000wkDsOYAU,Opportunity,Property_State__c,Sales Status is required when the opportunity is in Prospecting.
006WR00000wkDsPYAU,Opportunity,Property_State__c,Sales Status is required when the opportunity is in Prospecting.
006WR00000wkDsQYAU,Opportunity,Property_State__c,Sales Status is required when the opportunity is in Prospecting.
006WR00000wkDsRYAU,Opportunity,Property_State__c,Sales Status is required when the opportunity is in Prospecting.
006WR00000wkDsSYAU,Opportunity,Property_State__c,Sales Status is required when the opportunity is in Prospecting.
006WR00000wkDsTYAU,Opportunity,Property_State__c,Sales Status is required when the opportunity is in Prospecting.
006WR00000wkDsUYAU,Opportunity,Property_State__c,Sales Status is required when the opportunity is in Prospecting.
006WR00000wkDsVYAU,Opportunity,Property_State__c,Sales Status is required when the opportunity is in Prospecting.
006WR00000wkDsWYAU,Opportunity,Property_State__c,Sales Status is required when the opportunity is in Prospecting.
006WR00000wkDsXYAU,Opportunity,Property_State__c,Sales Status is required when the opportunity is in Prospecting.
006WR00000wkDsYYAU,Opportunity,Property_State__c,Sales Status is required when the opportunity is in Prospecting.
006WR00000wkDsZYAU,Opportunity,Property_State__c,Sales Status is required when the opportunity is in Prospecting.
006WR00000wkDsaYAE,Opportunity,Property_State__c,Sales Status is required when the opportunity is in Prospecting.
006WR00000wkDsbYAE,Opportunity,Property_State__c,Sales Status is required when the opportunity is in Prospecting.
006WR00000wkDscYAE,Opportunity,Property_State__c,Sales Status is required when the opportunity is in Prospecting.
006WR00000wkDsdYAE,Opportunity,Property_State__c,Sales Status is required when the opportunity is in Prospecting.
006WR00000wkDseYAE,Opportunity,Property_State__c,Sales Status is required when the opportunity is in Prospecting.
006WR00000wkDsqYAE,Opportunity,Property_State__c,Sales Status is required when the opportunity is in Prospecting.
006WR00000wkDssYAE,Opportunity,Property_State__c,Sales Status is required when the opportunity is in Prospecting.
006WR00000wkDsuYAE,Opportunity,Property_State__c,Sales Status is required when the opportunity is in Prospecting.
006WR00000wkDsvYAE,Opportunity,Property_State__c,Sales Status is required when the opportunity is in Prospecting.
006WR00000wkDsxYAE,Opportunity,Property_State__c,Sales Status is required when the opportunity is in Prospecting.
006WR00000wkDsyYAE,Opportunity,Property_State__c,Sales Status is required when the opportunity is in Prospecting.
006WR00000wkDt0YAE,Opportunity,Property_State__c,Sales Status is required when the opportunity is in Prospecting.
006WR00000wkDt1YAE,Opportunity,Property_State__c,Sales Status is required when the opportunity is in Prospecting.
006WR00000wkDt2YAE,Opportunity,Property_State__c,Sales Status is required when the opportunity is in Prospecting.
006WR00000wkDt3YAE,Opportunity,Property_State__c,Sales Status is required when the opportunity is in Prospecting.
006WR00000wkDt4YAE,Opportunity,Property_State__c,Sales Status is required when the opportunity is in Prospecting.
006WR00000wkDt5YAE,Opportunity,Property_State__c,Sales Status is required when the opportunity is in Prospecting.
006WR00000wkDt6YAE,Opportunity,Property_State__c,Sales Status is required when the opportunity is in Prospecting.
006WR00000wkDt7YAE,Opportunity,Property_State__c,Sales Status is required when the opportunity is in Prospecting.
006WR00000wkDt9YAE,Opportunity,Property_State__c,Sales Status is required when the opportunity is in Prospecting.
006WR00000wkDtAYAU,Opportunity,Property_State__c,Sales Status is required when the opportunity is in Prospecting.
006WR00000wkDtBYAU,Opportunity,Property_State__c,Sales Status is required when the opportunity is in Prospecting.
006WR00000wkDtCYAU,Opportunity,Property_State__c,Sales Status is required when the opportunity is in Prospecting.
006WR00000wkDtDYAU,Opportunity,Property_State__c,Sales Status is required when the opportunity is in Prospecting.
006WR00000wkDtEYAU,Opportunity,Property_State__c,Sales Status is required when the opportunity is in Prospecting.
006WR00000wkDtFYAU,Opportunity,Property_State__c,Sales Status is required when the opportunity is in Prospecting.
006WR00000wkDtHYAU,Opportunity,Property_State__c,Sales Status is required when the opportunity is in Prospecting.
006WR00000wkDtIYAU,Opportunity,Property_State__c,Sales Status is required when the opportunity is in Prospecting.
006WR00000wkDtJYAU,Opportunity,Property_State__c,Sales Status is required when the opportunity is in Prospecting.
006WR00000wkDtKYAU,Opportunity,Property_State__c,Sales Status is required when the opportunity is in Prospecting.
006WR00000wkDtLYAU,Opportunity,Property_State__c,Sales Status is required when the opportunity is in Prospecting.
006WR00000wkDtRYAU,Opportunity,Property_State__c,Sales Status is required when the opportunity is in Prospecting.
006WR00000wkDtUYAU,Opportunity,Property_State__c,Sales Status is required when the opportunity is in Prospecting.
006WR00000wkDtVYAU,Opportunity,Property_State__c,Sales Status is required when the opportunity is in Prospecting.
006WR00000wkDtWYAU,Opportunity,Property_State__c,Sales Status is required when the opportunity is in Prospecting.
006WR00000wkDtXYAU,Opportunity,Property_State__c,Sales Status is required when the opportunity is in Prospecting.
006WR00000wkDtYYAU,Opportunity,Property_State__c,Sales Status is required when the opportunity is in Prospecting.
006WR00000wkDtZYAU,Opportunity,Property_State__c,Sales Status is required when the opportunity is in Prospecting.
006WR00000wkDtaYAE,Opportunity,Property_State__c,Sales Status is required when the opportunity is in Prospecting.
006WR00000wkDtbYAE,Opportunity,Property_State__c,Sales Status is required when the opportunity is in Prospecting.
006WR00000wkDtcYAE,Opportunity,Property_State__c,Sales Status is required when the opportunity is in Prospecting.
006WR00000wkDtdYAE,Opportunity,Property_State__c,Sales Status is required when the opportunity is in Prospecting.
006WR00000wkDtfYAE,Opportunity,Property_State__c,Sales Status is required when the opportunity is in Prospecting.
006WR00000wkDtgYAE,Opportunity,Property_State__c,Sales Status is required when the opportunity is in Prospecting.
006WR00000wkDthYAE,Opportunity,Property_State__c,Sales Status is required when the opportunity is in Prospecting.
006WR00000wkDtiYAE,Opportunity,Property_State__c,Sales Status is required when the opportunity is in Prospecting.
006WR00000wkDtjYAE,Opportunity,Property_State__c,Sales Status is required when the opportunity is in Prospecting.
006WR00000wkDtkYAE,Opportunity,Property_State__c,Sales Status is required when the opportunity is in Prospecting.
006WR00000wkDtlYAE,Opportunity,Property_State__c,Sales Status is required when the opportunity is in Prospecting.
006WR00000wkDu5YAE,Opportunity,Property_State__c,Hold Reason is required when placing an opportunity On Hold.
006WR00000wkDu7YAE,Opportunity,Property_State__c,Hold Reason is required when placing an opportunity On Hold.
006WR00000wkDu8YAE,Opportunity,Property_State__c,Hold Reason is required when placing an opportunity On Hold.
006WR00000wkDuBYAU,Opportunity,Property_State__c,Hold Reason is required when placing an opportunity On Hold.
006WR00000wkDuCYAU,Opportunity,Property_State__c,Hold Reason is required when placing an opportunity On Hold.
006WR00000wkDuEYAU,Opportunity,Property_State__c,Hold Reason is required when placing an opportunity On Hold.
006WR00000wkDuGYAU,Opportunity,Property_State__c,Hold Reason is required when placing an opportunity On Hold.
006WR00000wkDuHYAU,Opportunity,Property_State__c,Hold Reason is required when placing an opportunity On Hold.
006WR00000wkDuIYAU,Opportunity,Property_State__c,Hold Reason is required when placing an opportunity On Hold.
006WR00000wkDuKYAU,Opportunity,Property_State__c,Hold Reason is required when placing an opportunity On Hold.
006WR00000wkEZoYAM,Opportunity,Property_State__c,Hold Reason is required when placing an opportunity On Hold.
006WR00000wkEZqYAM,Opportunity,Property_State__c,Hold Reason is required when placing an opportunity On Hold.
006WR00000wkEb1YAE,Opportunity,Property_State__c,Hold Reason is required when placing an opportunity On Hold.
006WR00000wkEbWYAU,Opportunity,Property_State__c,Hold Reason is required when placing an opportunity On Hold.
006WR00000wkEbXYAU,Opportunity,Property_State__c,Hold Reason is required when placing an opportunity On Hold.
006WR00000wkEbtYAE,Opportunity,Property_State__c,Hold Reason is required when placing an opportunity On Hold.
006WR00000wkEc5YAE,Opportunity,Property_State__c,Hold Reason is required when placing an opportunity On Hold.
006WR00000wkEcCYAU,Opportunity,Property_State__c,Hold Reason is required when placing an opportunity On Hold.
006WR00000xuFKAYA2,Opportunity,Property_State__c,Sales Status is required when the opportunity is in Prospecting.
006WR00000xuPxsYAE,Opportunity,Property_State__c,Loss Reason is required when closing an opportunity as Lost.
006WR00000xufUnYAI,Opportunity,Property_State__c,Loss Reason is required when closing an opportunity as Lost.
006WR00000xuog7YAA,Opportunity,Property_State__c,Sales Status is required when the opportunity is in Prospecting.
006WR00000xuqjXYAQ,Opportunity,Property_State__c,Sales Status is required when the opportunity is in Prospecting.
006WR00000xuvORYAY,Opportunity,Property_State__c,Sales Status is required when the opportunity is in Prospecting.
006WR00000xuzoQYAQ,Opportunity,Property_State__c,Sales Status is required when the opportunity is in Prospecting.
006WR00000xv3nEYAQ,Opportunity,Property_State__c,Sales Status is required when the opportunity is in Prospecting.
006WR00000xv9KmYAI,Opportunity,Property_State__c,Loss Reason is required when closing an opportunity as Lost.
006WR00000xvRuNYAU,Opportunity,Property_State__c,Loss Reason is required when closing an opportunity as Lost.
006WR00000xvcMkYAI,Opportunity,Property_State__c,Loss Reason is required when closing an opportunity as Lost.
006WR00000xvdKRYAY,Opportunity,Property_State__c,Loss Reason is required when closing an opportunity as Lost.
006WR00000xveMwYAI,Opportunity,Property_State__c,Sales Status is required when the opportunity is in Prospecting.
006WR00000xvtfKYAQ,Opportunity,Property_State__c,Sales Status is required when the opportunity is in Prospecting.
006WR00000xvzZSYAY,Opportunity,Property_State__c,Loss Reason is required when closing an opportunity as Lost.
006WR00000xw49MYAQ,Opportunity,Property_State__c,Loss Reason is required when closing an opportunity as Lost.
006WR00000xw5JvYAI,Opportunity,Property_State__c,Sales Status is required when the opportunity is in Prospecting.
006WR00000xw8eMYAQ,Opportunity,Property_State__c,Loss Reason is required when closing an opportunity as Lost.
006WR00000xw9XDYAY,Opportunity,Property_State__c,Sales Status is required when the opportunity is in Prospecting.
006WR00000xwBIsYAM,Opportunity,Property_State__c,Loss Reason is required when closing an opportunity as Lost.
006WR00000xwChyYAE,Opportunity,Property_State__c,Loss Reason is required when closing an opportunity as Lost.
006WR00000xwEqDYAU,Opportunity,Property_State__c,Sales Status is required when the opportunity is in Prospecting.
006WR00000xwEwfYAE,Opportunity,Property_State__c,Loss Reason is required when closing an opportunity as Lost.
006WR00000xwEzuYAE,Opportunity,Property_State__c,Loss Reason is required when closing an opportunity as Lost.
006WR00000xwFUXYA2,Opportunity,Property_State__c,Loss Reason is required when closing an opportunity as Lost.
006WR00000xwFW9YAM,Opportunity,Property_State__c,Loss Reason is required when closing an opportunity as Lost.
006WR00000xwFXlYAM,Opportunity,Property_State__c,Loss Reason is required when closing an opportunity as Lost.
006WR00000xwFZNYA2,Opportunity,Property_State__c,Loss Reason is required when closing an opportunity as Lost.
006WR00000xwFazYAE,Opportunity,Property_State__c,Sales Status is required when the opportunity is in Prospecting.
006WR00000xwFj3YAE,Opportunity,Property_State__c,Loss Reason is required when closing an opportunity as Lost.
006WR00000xwFntYAE,Opportunity,Property_State__c,Loss Reason is required when closing an opportunity as Lost.
006WR00000xwFsjYAE,Opportunity,Property_State__c,Sales Status is required when the opportunity is in Prospecting.
006WR00000xwFvyYAE,Opportunity,Property_State__c,Sales Status is required when the opportunity is in Prospecting.
006WR00000xwG0nYAE,Opportunity,Property_State__c,Loss Reason is required when closing an opportunity as Lost.
006WR00000xwG8rYAE,Opportunity,Property_State__c,Loss Reason is required when closing an opportunity as Lost.
006WR00000xwGFJYA2,Opportunity,Property_State__c,Loss Reason is required when closing an opportunity as Lost.
006WR00000xwGOzYAM,Opportunity,Property_State__c,Loss Reason is required when closing an opportunity as Lost.
006WR00000xwGqPYAU,Opportunity,Property_State__c,Sales Status is required when the opportunity is in Prospecting.
006WR00000xwGs1YAE,Opportunity,Property_State__c,Sales Status is required when the opportunity is in Prospecting.
006WR00000xwGvFYAU,Opportunity,Property_State__c,Sales Status is required when the opportunity is in Prospecting.
006WR00000yvR5nYAE,Opportunity,Property_State__c,Sales Status is required when the opportunity is in Prospecting.
006WR000010BbmwYAC,Opportunity,Property_State__c,Loss Reason is required when closing an opportunity as Lost.
