Id,Name,Agreement_Name__c,Property_Address__c,field,old_value,new_value
006WR00000wiNnYYAU,Talavera,,"3501 S McClintock Dr, Tempe, AZ, USA",Property_Street_Number__c,,3501
006WR00000wiNnYYAU,Talavera,,"3501 S McClintock Dr, Tempe, AZ, USA",Property_Street__c,,S McClintock Dr
006WR00000wiNnZYAU,Grandes Cortes Apartments,,"1150 West University Drive, Tempe, AZ, USA",Property_Street_Number__c,,1150
006WR00000wiNnZYAU,Grandes Cortes Apartments,,"1150 West University Drive, Tempe, AZ, USA",Property_Street__c,,West University Drive
006WR00000wiNnaYAE,Garden Grove,,"900 W Grove Pkwy, Tempe, AZ, USA",Property_Street_Number__c,,900
006WR00000wiNnaYAE,Garden Grove,,"900 W Grove Pkwy, Tempe, AZ, USA",Property_Street__c,,W Grove Pkwy
006WR00000wiNnbYAE,Rancho Las Palmas,,"1249 East Spence Avenue, Tempe, AZ, USA",Property_Street_Number__c,,1249
006WR00000wiNnbYAE,Rancho Las Palmas,,"1249 East Spence Avenue, Tempe, AZ, USA",Property_Street__c,,East Spence Avenue
006WR00000wiNncYAE,University Valley Apartments,,"1115 East Lemon Street, Tempe, AZ, USA",Property_Street_Number__c,,1115
006WR00000wiNncYAE,University Valley Apartments,,"1115 East Lemon Street, Tempe, AZ, USA",Property_Street__c,,East Lemon Street
006WR00000wiNndYAE,The Lennox @ Tempe,,"1655 East Southern Avenue, Tempe, AZ, USA",Property_Street_Number__c,,1655
006WR00000wiNndYAE,The Lennox @ Tempe,,"1655 East Southern Avenue, Tempe, AZ, USA",Property_Street__c,,East Southern Avenue
006WR00000wiNneYAE,Tempe Park Place,,"4540 S Rural Rd, Tempe, AZ, USA",Property_Street_Number__c,,4540
006WR00000wiNneYAE,Tempe Park Place,,"4540 S Rural Rd, Tempe, AZ, USA",Property_Street__c,,S Rural Rd
006WR00000wiNnfYAE,Chesapeake,,"200 East Southern Avenue, Tempe, AZ, USA",Property_Street_Number__c,,200
006WR00000wiNnfYAE,Chesapeake,,"200 East Southern Avenue, Tempe, AZ, USA",Property_Street__c,,East Southern Avenue
006WR00000wiNngYAE,Apache Terrace Apartments,,"1123 E Apache Blvd, Tempe, AZ, USA",Property_Street_Number__c,,1123
006WR00000wiNngYAE,Apache Terrace Apartments,,"1123 E Apache Blvd, Tempe, AZ, USA",Property_Street__c,,E Apache Blvd
006WR00000wiNnhYAE,Avana Tempe,,"30 West Carter Drive, Tempe, AZ, USA",Property_Street_Number__c,,30
006WR00000wiNnhYAE,Avana Tempe,,"30 West Carter Drive, Tempe, AZ, USA",Property_Street__c,,West Carter Drive
006WR00000wiNniYAE,La Estancia,,"6445 South Maple Avenue, Tempe, AZ, USA",Property_Street_Number__c,,6445
006WR00000wiNniYAE,La Estancia,,"6445 South Maple Avenue, Tempe, AZ, USA",Property_Street__c,,South Maple Avenue
006WR00000wiNnjYAE,Highland Park (Tempe),,"5038 South Hardy Drive, Tempe, AZ, USA",Property_Street_Number__c,,5038
006WR00000wiNnjYAE,Highland Park (Tempe),,"5038 South Hardy Drive, Tempe, AZ, USA",Property_Street__c,,South Hardy Drive
006WR00000wiNnkYAE,Omnia Baseline,,1145 W BASELINE RD,Property_Street_Number__c,,1145
006WR00000wiNnkYAE,Omnia Baseline,,1145 W BASELINE RD,Property_Street__c,,W BASELINE RD
006WR00000wiNnlYAE,San Palmilla,,"750 W Baseline Rd, Tempe, AZ, USA",Property_Street_Number__c,,750
006WR00000wiNnlYAE,San Palmilla,,"750 W Baseline Rd, Tempe, AZ, USA",Property_Street__c,,W Baseline Rd
006WR00000wiNnmYAE,The Halston,,"1330 W Broadway Rd, Tempe, AZ, USA",Property_Street_Number__c,,1330
006WR00000wiNnmYAE,The Halston,,"1330 W Broadway Rd, Tempe, AZ, USA",Property_Street__c,,W Broadway Rd
006WR00000wiNnnYAE,Villa Real,,"2134 E Broadway Rd, Tempe, AZ, USA",Property_Street_Number__c,,2134
006WR00000wiNnnYAE,Villa Real,,"2134 E Broadway Rd, Tempe, AZ, USA",Property_Street__c,,E Broadway Rd
006WR00000wiNnoYAE,Gila Springs Apartments,,444 N Gila Springs Blvd,Property_Street_Number__c,,444
006WR00000wiNnoYAE,Gila Springs Apartments,,444 N Gila Springs Blvd,Property_Street__c,,N Gila Springs Blvd
006WR00000wiNnpYAE,Reflections at Gila Springs Apartment Homes,,"411 N Kyrene Rd, Chandler, AZ, USA",Property_Street_Number__c,,411
006WR00000wiNnpYAE,Reflections at Gila Springs Apartment Homes,,"411 N Kyrene Rd, Chandler, AZ, USA",Property_Street__c,,N Kyrene Rd
006WR00000wiNnqYAE,Stonebridge Ranch Apartments,,"575 W Pecos Rd, Chandler, AZ, USA",Property_Street_Number__c,,575
006WR00000wiNnqYAE,Stonebridge Ranch Apartments,,"575 W Pecos Rd, Chandler, AZ, USA",Property_Street__c,,W Pecos Rd
006WR00000wiNnrYAE,2150 Apartments,,"2150 South Arizona Avenue, Chandler, AZ, USA",Property_Street_Number__c,,2150
006WR00000wiNnrYAE,2150 Apartments,,"2150 South Arizona Avenue, Chandler, AZ, USA",Property_Street__c,,South Arizona Avenue
006WR00000wiNnsYAE,Cantera,,2475 W PECOS RD,Property_Street_Number__c,,2475
006WR00000wiNnsYAE,Cantera,,2475 W PECOS RD,Property_Street__c,,W PECOS RD
006WR00000wiNntYAE,Chandler Meadows,,"501 E Ray Rd, Chandler, AZ, USA",Property_Street_Number__c,,501
006WR00000wiNntYAE,Chandler Meadows,,"501 E Ray Rd, Chandler, AZ, USA",Property_Street__c,,E Ray Rd
006WR00000wiNnuYAE,Montage at Pecos Ranch,,1616 W Germann Rd,Property_Street_Number__c,,1616
006WR00000wiNnuYAE,Montage at Pecos Ranch,,1616 W Germann Rd,Property_Street__c,,W Germann Rd
006WR00000wiNnvYAE,Lumiere Chandler Condominiums,,1100 N Priest Dr,Property_Street_Number__c,,1100
006WR00000wiNnvYAE,Lumiere Chandler Condominiums,,1100 N Priest Dr,Property_Street__c,,N Priest Dr
006WR00000wiNnwYAE,Caldera,,"3939 W Windmills Blvd, Chandler, AZ, USA",Property_Street_Number__c,,3939
006WR00000wiNnwYAE,Caldera,,"3939 W Windmills Blvd, Chandler, AZ, USA",Property_Street__c,,W Windmills Blvd
006WR00000wiNnxYAE,The Linq,,125 S Alma School Rd,Property_Street_Number__c,,125
006WR00000wiNnxYAE,The Linq,,125 S Alma School Rd,Property_Street__c,,S Alma School Rd
006WR00000wiNnyYAE,Park Tower,,"1283 W Parklane Blvd, Chandler, AZ, USA",Property_Street_Number__c,,1283
006WR00000wiNnyYAE,Park Tower,,"1283 W Parklane Blvd, Chandler, AZ, USA",Property_Street__c,,W Parklane Blvd
006WR00000wiNnzYAE,909 West Apartments,,"909 W Grove Pkwy, Tempe, AZ, USA",Property_Street_Number__c,,909
006WR00000wiNnzYAE,909 West Apartments,,"909 W Grove Pkwy, Tempe, AZ, USA",Property_Street__c,,W Grove Pkwy
006WR00000wiNo0YAE,CityScape at Lakeshore Apartments,,"4630 South Lakeshore Drive, Tempe, AZ, USA",Property_Street_Number__c,,4630
006WR00000wiNo0YAE,CityScape at Lakeshore Apartments,,"4630 South Lakeshore Drive, Tempe, AZ, USA",Property_Street__c,,South Lakeshore Drive
006WR00000wiNo1YAE,Finisterra,,"1250 W Grove Pkwy, Tempe, AZ, USA",Property_Street_Number__c,,1250
006WR00000wiNo1YAE,Finisterra,,"1250 W Grove Pkwy, Tempe, AZ, USA",Property_Street__c,,W Grove Pkwy
006WR00000wiNo2YAE,Emerson Square,,"1701 East 8th Street, Tempe, AZ, USA",Property_Street_Number__c,,1701
006WR00000wiNo2YAE,Emerson Square,,"1701 East 8th Street, Tempe, AZ, USA",Property_Street__c,,East 8th Street
006WR00000wiNo3YAE,Tamarak Apartments,,"1860 E Hayden Ln, Tempe, AZ, USA",Property_Street_Number__c,,1860
006WR00000wiNo3YAE,Tamarak Apartments,,"1860 E Hayden Ln, Tempe, AZ, USA",Property_Street__c,,E Hayden Ln
006WR00000wiNo4YAE,Tremezzo on the Lake,,"1007 West 1st Street, Tempe, AZ, USA",Property_Street_Number__c,,1007
006WR00000wiNo4YAE,Tremezzo on the Lake,,"1007 West 1st Street, Tempe, AZ, USA",Property_Street__c,,West 1st Street
006WR00000wiNo5YAE,The Township,,"1295 N Ash St, Gilbert, AZ, USA",Property_Street_Number__c,,1295
006WR00000wiNo5YAE,The Township,,"1295 N Ash St, Gilbert, AZ, USA",Property_Street__c,,N Ash St
006WR00000wiNo6YAE,Waterside at Ocotillo,,"4800 S Alma School Rd, Chandler, AZ, USA",Property_Street_Number__c,,4800
006WR00000wiNo6YAE,Waterside at Ocotillo,,"4800 S Alma School Rd, Chandler, AZ, USA",Property_Street__c,,S Alma School Rd
006WR00000wiNo7YAE,Tempe Vista,,"2045 E Broadway Rd, Tempe, AZ, USA",Property_Street_Number__c,,2045
006WR00000wiNo7YAE,Tempe Vista,,"2045 E Broadway Rd, Tempe, AZ, USA",Property_Street__c,,E Broadway Rd
006WR00000wiNo8YAE,IMT Chandler,,"235 E Ray Rd, Chandler, AZ, USA",Property_Street_Number__c,,235
006WR00000wiNo8YAE,IMT Chandler,,"235 E Ray Rd, Chandler, AZ, USA",Property_Street__c,,E Ray Rd
006WR00000wiNo9YAE,Eastridge Apartments,,"1522 East Southern Avenue, Tempe, AZ, USA",Property_Street_Number__c,,1522
006WR00000wiNo9YAE,Eastridge Apartments,,"1522 East Southern Avenue, Tempe, AZ, USA",Property_Street__c,,East Southern Avenue
006WR00000wiNoAYAU,Tanque Verde,,"7671 E Tanque Verde Rd, Tucson, AZ, USA",Property_Street_Number__c,,7671
006WR00000wiNoAYAU,Tanque Verde,,"7671 E Tanque Verde Rd, Tucson, AZ, USA",Property_Street__c,,E Tanque Verde Rd
006WR00000wiNoBYAU,Villas Los Duranzos,,"3535 N 1st Ave, Tucson, AZ, USA",Property_Street_Number__c,,3535
006WR00000wiNoBYAU,Villas Los Duranzos,,"3535 N 1st Ave, Tucson, AZ, USA",Property_Street__c,,N 1st Ave
006WR00000wiNoCYAU,Promontory Apartment Homes,,"60 West Stone Loop, Tucson, AZ, USA",Property_Street_Number__c,,60
006WR00000wiNoCYAU,Promontory Apartment Homes,,"60 West Stone Loop, Tucson, AZ, USA",Property_Street__c,,West Stone Loop
006WR00000wiNoDYAU,Coronado Villas,,"9225 East Tanque Verde Road, Tucson, AZ, USA",Property_Street_Number__c,,9225
006WR00000wiNoDYAU,Coronado Villas,,"9225 East Tanque Verde Road, Tucson, AZ, USA",Property_Street__c,,East Tanque Verde Road
006WR00000wiNoEYAU,Trails West MHP,,"8401 S Kolb Rd, Tucson, AZ, USA",Property_Street_Number__c,,8401
006WR00000wiNoEYAU,Trails West MHP,,"8401 S Kolb Rd, Tucson, AZ, USA",Property_Street__c,,S Kolb Rd
006WR00000wiNoFYAU,Riverstone,,"6161 E Grant Rd, Tucson, AZ, USA",Property_Street_Number__c,,6161
006WR00000wiNoFYAU,Riverstone,,"6161 E Grant Rd, Tucson, AZ, USA",Property_Street__c,,E Grant Rd
006WR00000wiNoGYAU,Avana River Ranch,,"6152 West Oakland Street, Chandler, AZ, USA",Property_Street_Number__c,,6152
006WR00000wiNoGYAU,Avana River Ranch,,"6152 West Oakland Street, Chandler, AZ, USA",Property_Street__c,,West Oakland Street
006WR00000wiNoHYAU,Tides at Parkview,,"1235 W Baseline Rd, Tempe, AZ, USA",Property_Street_Number__c,,1235
006WR00000wiNoHYAU,Tides at Parkview,,"1235 W Baseline Rd, Tempe, AZ, USA",Property_Street__c,,W Baseline Rd
006WR00000wiNoIYAU,Canyon Oaks,,"600 South Pantano Road, Tucson, AZ, USA",Property_Street_Number__c,,600
006WR00000wiNoIYAU,Canyon Oaks,,"600 South Pantano Road, Tucson, AZ, USA",Property_Street__c,,South Pantano Road
006WR00000wiNoJYAU,Rincon Valley MHP,,"3411 South Camino Seco, Tucson, AZ, USA",Property_Street_Number__c,,3411
006WR00000wiNoJYAU,Rincon Valley MHP,,"3411 South Camino Seco, Tucson, AZ, USA",Property_Street__c,,South Camino Seco
006WR00000wiNoKYAU,Ascension at Ironwood,,"2550 West Ironwood Hill Drive, Tucson, AZ, USA",Property_Street_Number__c,,2550
006WR00000wiNoKYAU,Ascension at Ironwood,,"2550 West Ironwood Hill Drive, Tucson, AZ, USA",Property_Street__c,,West Ironwood Hill Drive
006WR00000wiNoLYAU,Fellowship Square - Tucson,,"8111 E Broadway Rd, Mesa, AZ, USA",Property_Street_Number__c,,8111
006WR00000wiNoLYAU,Fellowship Square - Tucson,,"8111 E Broadway Rd, Mesa, AZ, USA",Property_Street__c,,E Broadway Rd
006WR00000wiNoMYAU,Sycamore Creek Apartments,,"1701 N Wilmot Rd, Tucson, AZ, USA",Property_Street_Number__c,,1701
006WR00000wiNoMYAU,Sycamore Creek Apartments,,"1701 N Wilmot Rd, Tucson, AZ, USA",Property_Street__c,,N Wilmot Rd
006WR00000wiNoNYAU,Sorensen Heights,Omaha_MDU_Sorensen Heights,"5425 Mary Street, Omaha, NE, USA",Property_Street_Number__c,,5425
006WR00000wiNoNYAU,Sorensen Heights,Omaha_MDU_Sorensen Heights,"5425 Mary Street, Omaha, NE, USA",Property_Street__c,,Mary Street
006WR00000wiNoNYAU,Sorensen Heights,Omaha_MDU_Sorensen Heights,"5425 Mary Street, Omaha, NE, USA",Property_County__c,,Douglas
006WR00000wiNoOYAU,Plaza Del Sol MHP,,"1655 West Ajo Way, Tucson, AZ, USA",Property_Street_Number__c,,1655
006WR00000wiNoOYAU,Plaza Del Sol MHP,,"1655 West Ajo Way, Tucson, AZ, USA",Property_Street__c,,West Ajo Way
006WR00000wiNoPYAU,Lake Pointe Apartments,,"6111 N Beach St , Fort Worth, TX, USA",Property_Street_Number__c,,6111
006WR00000wiNoPYAU,Lake Pointe Apartments,,"6111 N Beach St , Fort Worth, TX, USA",Property_Street__c,,N Beach St
006WR00000wiNoQYAU,Villa Pacific Apartments - Oceanside,,"700 Carey Rd, Oceanside, CA, USA",Property_Street_Number__c,,700
006WR00000wiNoQYAU,Villa Pacific Apartments - Oceanside,,"700 Carey Rd, Oceanside, CA, USA",Property_Street__c,,Carey Rd
006WR00000wiNoRYAU,Sonoran Vista,,"9340 E Redfield Rd, Scottsdale, AZ, USA",Property_Street_Number__c,,9340
006WR00000wiNoRYAU,Sonoran Vista,,"9340 E Redfield Rd, Scottsdale, AZ, USA",Property_Street__c,,E Redfield Rd
006WR00000wiNoSYAU,Haciendas de la Playa,Encinitas_MDU_Haciendas de la Playa,306 PLAYA BLANCA ENCINITAS CA 92024,Property_Street_Number__c,,306
006WR00000wiNoSYAU,Haciendas de la Playa,Encinitas_MDU_Haciendas de la Playa,306 PLAYA BLANCA ENCINITAS CA 92024,Property_Street__c,,PLAYA BLANCA
006WR00000wiNoTYAU,Charleston Gardens,,"4880 E Charleston Blvd, Las Vegas, NV, USA",Property_Street_Number__c,,4880
006WR00000wiNoTYAU,Charleston Gardens,,"4880 E Charleston Blvd, Las Vegas, NV, USA",Property_Street__c,,E Charleston Blvd
006WR00000wiNoUYAU,Finn Apartments,,"221 Stanton Dr, Des Moines IA 50321",Property_Street_Number__c,,221
006WR00000wiNoUYAU,Finn Apartments,,"221 Stanton Dr, Des Moines IA 50321",Property_Street__c,,Stanton Dr
006WR00000wiNoVYAU,Haven at Lone Mountain Apartments,,"5400 W CHEYENNE AVE Las Vegas, NV 89108",Property_Street_Number__c,,5400
006WR00000wiNoVYAU,Haven at Lone Mountain Apartments,,"5400 W CHEYENNE AVE Las Vegas, NV 89108",Property_Street__c,,W CHEYENNE AVE Las Vegas
006WR00000wiNoWYAU,Lumina on 19th Apartments,,"1905 West Las Palmaritas Drive, Phoenix, AZ, USA",Property_Street_Number__c,,1905
006WR00000wiNoWYAU,Lumina on 19th Apartments,,"1905 West Las Palmaritas Drive, Phoenix, AZ, USA",Property_Street__c,,West Las Palmaritas Drive
006WR00000wiNoXYAU,Olive Queen Creek,,"20450 East Ocotillo Road, Queen Creek, AZ, USA",Property_Street_Number__c,,20450
006WR00000wiNoXYAU,Olive Queen Creek,,"20450 East Ocotillo Road, Queen Creek, AZ, USA",Property_Street__c,,East Ocotillo Road
006WR00000wiNoYYAU,Casa Santa Fe,,"11105 North 115th Street, Scottsdale, AZ, USA",Property_Street_Number__c,,11105
006WR00000wiNoYYAU,Casa Santa Fe,,"11105 North 115th Street, Scottsdale, AZ, USA",Property_Street__c,,North 115th Street
006WR00000wiNoZYAU,Kaia Pointe,,"104 Bettie Mae Way, Georgetown, TX, USA",Property_Street_Number__c,,104
006WR00000wiNoZYAU,Kaia Pointe,,"104 Bettie Mae Way, Georgetown, TX, USA",Property_Street__c,,Bettie Mae Way
006WR00000wiNoaYAE,Southgate Glen,Weatherford_MDU_Southgate Glen Apartments,"1712 Martin Dr, Weatherford, TX, USA",Property_Street_Number__c,,1712
006WR00000wiNoaYAE,Southgate Glen,Weatherford_MDU_Southgate Glen Apartments,"1712 Martin Dr, Weatherford, TX, USA",Property_Street__c,,Martin Dr
006WR00000wiNobYAE,Gardens of Weatherford,,"300 Garden Ln, Weatherford, TX, USA",Property_Street_Number__c,,300
006WR00000wiNobYAE,Gardens of Weatherford,,"300 Garden Ln, Weatherford, TX, USA",Property_Street__c,,Garden Ln
006WR00000wiNocYAE,Jones13,,"1301 Jones Street, Omaha, NE, USA",Property_Street_Number__c,,1301
006WR00000wiNocYAE,Jones13,,"1301 Jones Street, Omaha, NE, USA",Property_Street__c,,Jones Street
006WR00000wiNodYAE,Paisley & Pointe at Centennial Hills,,"5850 Sky Pointe Dr, Las Vegas, NV 89130, USA",Property_Street_Number__c,,5850
006WR00000wiNodYAE,Paisley & Pointe at Centennial Hills,,"5850 Sky Pointe Dr, Las Vegas, NV 89130, USA",Property_Street__c,,Sky Pointe Dr
006WR00000wiNoeYAE,Country Oaks Apartments,,"1550 S 1000 E, Clearfield UT 84015",Property_Street_Number__c,,1550
006WR00000wiNoeYAE,Country Oaks Apartments,,"1550 S 1000 E, Clearfield UT 84015",Property_Street__c,,S 1000 E
006WR00000wiNofYAE,Woodridge Villas,,"1591 Chartered Circle  Las Vegas, NV 89101",Property_Street_Number__c,,1591
006WR00000wiNofYAE,Woodridge Villas,,"1591 Chartered Circle  Las Vegas, NV 89101",Property_Street__c,,Chartered Circle  Las Vegas
006WR00000wiNogYAE,Senator Richard Bryon Senior Apartments,,"2651 SEARLES AVE Las Vegas, NV 89101",Property_Street_Number__c,,2651
006WR00000wiNogYAE,Senator Richard Bryon Senior Apartments,,"2651 SEARLES AVE Las Vegas, NV 89101",Property_Street__c,,SEARLES AVE Las Vegas
006WR00000wiNohYAE,Noel Crest Condos HOA,,"4841 Woodland Ave, West Des Moines, IA 50266, USA",Property_Street_Number__c,,4841
006WR00000wiNohYAE,Noel Crest Condos HOA,,"4841 Woodland Ave, West Des Moines, IA 50266, USA",Property_Street__c,,Woodland Ave
006WR00000wiNoiYAE,Lattitude,,"8411 SE Causey Ave, Happy Valley, OR 97086, USA",Property_Street_Number__c,,8411
006WR00000wiNoiYAE,Lattitude,,"8411 SE Causey Ave, Happy Valley, OR 97086, USA",Property_Street__c,,SE Causey Ave
006WR00000wiNojYAE,Elysian at Post,,"9280 W Post Rd, Las Vegas, NV, USA",Property_Street_Number__c,,9280
006WR00000wiNojYAE,Elysian at Post,,"9280 W Post Rd, Las Vegas, NV, USA",Property_Street__c,,W Post Rd
006WR00000wiNokYAE,Foster Greens Apartments,,"13865 Interurban Ave S, Tukwila, WA, USA",Property_Street_Number__c,,13865
006WR00000wiNokYAE,Foster Greens Apartments,,"13865 Interurban Ave S, Tukwila, WA, USA",Property_Street__c,,Interurban Ave S
006WR00000wiNolYAE,Talisman Condos,,"750 1st St, Lake Oswego, OR 97034",Property_Street_Number__c,,750
006WR00000wiNolYAE,Talisman Condos,,"750 1st St, Lake Oswego, OR 97034",Property_Street__c,,1st St
006WR00000wiNomYAE,Fiesta Condos,,"8501 W UNIVERSITY AVE Las Vegas, NV 89147",Property_Street_Number__c,,8501
006WR00000wiNomYAE,Fiesta Condos,,"8501 W UNIVERSITY AVE Las Vegas, NV 89147",Property_Street__c,,W UNIVERSITY AVE Las Vegas
006WR00000wiNonYAE,Wyndham Villas - Broadmoor,Omaha_MDU_Wyndham Villas by Broadmoor,"9307 Western Ave, Omaha, NE",Property_Street_Number__c,,9307
006WR00000wiNonYAE,Wyndham Villas - Broadmoor,Omaha_MDU_Wyndham Villas by Broadmoor,"9307 Western Ave, Omaha, NE",Property_Street__c,,Western Ave
006WR00000wiNonYAE,Wyndham Villas - Broadmoor,Omaha_MDU_Wyndham Villas by Broadmoor,"9307 Western Ave, Omaha, NE",Property_County__c,,Douglas
006WR00000wiNooYAE,The Ridge & Shores Apartments,,"31912 3rd Pl SW, Federal Way, WA, USA",Property_Street_Number__c,,31912
006WR00000wiNooYAE,The Ridge & Shores Apartments,,"31912 3rd Pl SW, Federal Way, WA, USA",Property_Street__c,,3rd Pl SW
006WR00000wiNopYAE,Western Sun Apartments,,"615 South Williams, Mesa, AZ 85204, USA",Property_Street_Number__c,,615
006WR00000wiNopYAE,Western Sun Apartments,,"615 South Williams, Mesa, AZ 85204, USA",Property_Street__c,,South Williams
006WR00000wiNoqYAE,Viewpoint Apartment Homes,,"21428 Pacific Hwy S, Seattle, WA, USA",Property_Street_Number__c,,21428
006WR00000wiNoqYAE,Viewpoint Apartment Homes,,"21428 Pacific Hwy S, Seattle, WA, USA",Property_Street__c,,Pacific Hwy S
006WR00000wiNorYAE,Jerome Apartments,,"6451 W Bell Rd, Glendale, AZ, USA",Property_Street_Number__c,,6451
006WR00000wiNorYAE,Jerome Apartments,,"6451 W Bell Rd, Glendale, AZ, USA",Property_Street__c,,W Bell Rd
006WR00000wiNosYAE,Sandstone Apartments,Mesa_MDU_Sandstone Apartments,"1727 West Emelita Avenue, Mesa, AZ, USA",Property_Street_Number__c,,1727
006WR00000wiNosYAE,Sandstone Apartments,Mesa_MDU_Sandstone Apartments,"1727 West Emelita Avenue, Mesa, AZ, USA",Property_Street__c,,West Emelita Avenue
006WR00000wiNotYAE,Lyn Terrace Apartments _Lumen Fl_Marvin,,"1651 N County Rd 19A, Eustis, FL, USA",Property_Street_Number__c,,1651
006WR00000wiNotYAE,Lyn Terrace Apartments _Lumen Fl_Marvin,,"1651 N County Rd 19A, Eustis, FL, USA",Property_Street__c,,N County Rd 19A
006WR00000wiNouYAE,Lakeside Heights,,"1375 Pullen Rd, Tallahassee, FL 32303, USA",Property_Street_Number__c,,1375
006WR00000wiNouYAE,Lakeside Heights,,"1375 Pullen Rd, Tallahassee, FL 32303, USA",Property_Street__c,,Pullen Rd
006WR00000wiNovYAE,Clarendon,,"105 Warren Avenue North, Seattle, WA, USA",Property_Street_Number__c,,105
006WR00000wiNovYAE,Clarendon,,"105 Warren Avenue North, Seattle, WA, USA",Property_Street__c,,Warren Avenue North
006WR00000wiNowYAE,Cinnabar Apts.,,"4141 W Glendale Ave, Glendale, AZ, USA",Property_Street_Number__c,,4141
006WR00000wiNowYAE,Cinnabar Apts.,,"4141 W Glendale Ave, Glendale, AZ, USA",Property_Street__c,,W Glendale Ave
006WR00000wiNoxYAE,Jasper,,"8606 35th Avenue Southwest, Seattle, WA, USA",Property_Street_Number__c,,8606
006WR00000wiNoxYAE,Jasper,,"8606 35th Avenue Southwest, Seattle, WA, USA",Property_Street__c,,35th Avenue Southwest
006WR00000wiNoyYAE,University Gardens Apartment,,"1333 North Tyndall Avenue, Tucson, AZ, USA",Property_Street_Number__c,,1333
006WR00000wiNoyYAE,University Gardens Apartment,,"1333 North Tyndall Avenue, Tucson, AZ, USA",Property_Street__c,,North Tyndall Avenue
006WR00000wiNozYAE,Cliffs at North Mountain,,"1720 E Thunderbird Rd, Phoenix, AZ, USA",Property_Street_Number__c,,1720
006WR00000wiNozYAE,Cliffs at North Mountain,,"1720 E Thunderbird Rd, Phoenix, AZ, USA",Property_Street__c,,E Thunderbird Rd
006WR00000wiNp0YAE,Palm Aire Apts.,,"6241 North 27th Avenue, Phoenix, AZ, USA",Property_Street_Number__c,,6241
006WR00000wiNp0YAE,Palm Aire Apts.,,"6241 North 27th Avenue, Phoenix, AZ, USA",Property_Street__c,,North 27th Avenue
006WR00000wiNp1YAE,Landes - Thrive Communities,,"901 8th Avenue, Seattle, WA, USA",Property_Street_Number__c,,901
006WR00000wiNp1YAE,Landes - Thrive Communities,,"901 8th Avenue, Seattle, WA, USA",Property_Street__c,,8th Avenue
006WR00000wiNp2YAE,Big Trout Lodge,,"22809 E Country Vista Dr, Liberty Lake, WA, USA",Property_Street_Number__c,,22809
006WR00000wiNp2YAE,Big Trout Lodge,,"22809 E Country Vista Dr, Liberty Lake, WA, USA",Property_Street__c,,E Country Vista Dr
006WR00000wiNp3YAE,Cimarron Apartments LV,,"8301 W. Flamingo Rd. Las Vegas, NV",Property_Street_Number__c,,8301
006WR00000wiNp3YAE,Cimarron Apartments LV,,"8301 W. Flamingo Rd. Las Vegas, NV",Property_Street__c,,W. Flamingo Rd. Las Vegas
006WR00000wiNp4YAE,Lyons Glen Apartments,,"6901 North Wiscomb Street, Spokane, WA, USA",Property_Street_Number__c,,6901
006WR00000wiNp4YAE,Lyons Glen Apartments,,"6901 North Wiscomb Street, Spokane, WA, USA",Property_Street__c,,North Wiscomb Street
006WR00000wiNp5YAE,Regency Woods Apartments,,"1650 Eagle Ridge Dr S, Renton, WA, USA",Property_Street_Number__c,,1650
006WR00000wiNp5YAE,Regency Woods Apartments,,"1650 Eagle Ridge Dr S, Renton, WA, USA",Property_Street__c,,Eagle Ridge Dr S
006WR00000wiNp6YAE,Soundview Apartment Homes,,"28425 18th Ave S, Federal Way, WA, USA",Property_Street_Number__c,,28425
006WR00000wiNp6YAE,Soundview Apartment Homes,,"28425 18th Ave S, Federal Way, WA, USA",Property_Street__c,,18th Ave S
006WR00000wj8JOYAY,The Link,,"1457 W University Dr, Mesa, AZ 85201, USA",Property_Street_Number__c,,1457
006WR00000wj8JOYAY,The Link,,"1457 W University Dr, Mesa, AZ 85201, USA",Property_Street__c,,W University Dr
006WR00000wj8JPYAY,The Flats at SanTan,,"2550 South Santan Village Parkway, Gilbert, AZ, USA",Property_Street_Number__c,,2550
006WR00000wj8JPYAY,The Flats at SanTan,,"2550 South Santan Village Parkway, Gilbert, AZ, USA",Property_Street__c,,South Santan Village Parkway
006WR00000wj8JQYAY,Oasis in Mesa,,"420 N 64th Pl, Mesa, AZ 85205, USA",Property_Street_Number__c,,420
006WR00000wj8JQYAY,Oasis in Mesa,,"420 N 64th Pl, Mesa, AZ 85205, USA",Property_Street__c,,N 64th Pl
006WR00000wj8JRYAY,The Madison,,"520 N Mesa Dr, Mesa, AZ 85201, USA",Property_Street_Number__c,,520
006WR00000wj8JRYAY,The Madison,,"520 N Mesa Dr, Mesa, AZ 85201, USA",Property_Street__c,,N Mesa Dr
006WR00000wj8JSYAY,The Wyatt,,"1233 S Gilbert Rd, Gilbert, AZ 85296, USA",Property_Street_Number__c,,1233
006WR00000wj8JSYAY,The Wyatt,,"1233 S Gilbert Rd, Gilbert, AZ 85296, USA",Property_Street__c,,S Gilbert Rd
006WR00000wj8JTYAY,Acero Val Vista,Gilbert_MDU_Acero Val Vista,1500 E Melrose St 85297,Property_Street_Number__c,,1500
006WR00000wj8JTYAY,Acero Val Vista,Gilbert_MDU_Acero Val Vista,1500 E Melrose St 85297,Property_Street__c,,E Melrose St
006WR00000wj8JUYAY,Mesa Village,,"2701 East Allred Avenue, Mesa, AZ, USA",Property_Street_Number__c,,2701
006WR00000wj8JUYAY,Mesa Village,,"2701 East Allred Avenue, Mesa, AZ, USA",Property_Street__c,,East Allred Avenue
006WR00000wj8JVYAY,Avana Gilbert,,"3225 E Baseline Rd, Gilbert, AZ 85234, USA",Property_Street_Number__c,,3225
006WR00000wj8JVYAY,Avana Gilbert,,"3225 E Baseline Rd, Gilbert, AZ 85234, USA",Property_Street__c,,E Baseline Rd
006WR00000wj8JWYAY,Fiesta Village Furnished Apartments,,"960 West Southern Avenue, Mesa, AZ, USA",Property_Street_Number__c,,960
006WR00000wj8JWYAY,Fiesta Village Furnished Apartments,,"960 West Southern Avenue, Mesa, AZ, USA",Property_Street__c,,West Southern Avenue
006WR00000wj8JXYAY,Town Germann,,Town Germann 85297,Property_Street__c,,Town Germann
006WR00000wj8JYYAY,Marigold Ranch at San Tan Village,Gilbert_MDU_Marigold Ranch at San Tan Village,2120 E Ray Rd,Property_Street_Number__c,,2120
006WR00000wj8JYYAY,Marigold Ranch at San Tan Village,Gilbert_MDU_Marigold Ranch at San Tan Village,2120 E Ray Rd,Property_Street__c,,E Ray Rd
006WR00000wj8JZYAY,College Park Woods,Chandler_MDU_College Park Woods,"2201 N Comanche Dr, Chandler, AZ 85224, USA",Property_Street_Number__c,,2201
006WR00000wj8JZYAY,College Park Woods,Chandler_MDU_College Park Woods,"2201 N Comanche Dr, Chandler, AZ 85224, USA",Property_Street__c,,N Comanche Dr
006WR00000wj8JaYAI,SunVilla Apartments,,"650 S 80th St, Mesa, AZ 85208, USA",Property_Street_Number__c,,650
006WR00000wj8JaYAI,SunVilla Apartments,,"650 S 80th St, Mesa, AZ 85208, USA",Property_Street__c,,S 80th St
006WR00000wj8JbYAI,El Mirage Mobile Home Park ( Saguaro Sun ),,"305 S Val Vista Dr, Mesa, AZ 85204, USA",Property_Street_Number__c,,305
006WR00000wj8JbYAI,El Mirage Mobile Home Park ( Saguaro Sun ),,"305 S Val Vista Dr, Mesa, AZ 85204, USA",Property_Street__c,,S Val Vista Dr
006WR00000wj8JcYAI,Royal Palms Village (MHP),,"345 S 58th St, Mesa, AZ 85206, USA",Property_Street_Number__c,,345
006WR00000wj8JcYAI,Royal Palms Village (MHP),,"345 S 58th St, Mesa, AZ 85206, USA",Property_Street__c,,S 58th St
006WR00000wj8JdYAI,Sunset Resort-520 Spaces (MHP),,"8615 E Main St, Mesa, AZ 85207, USA",Property_Street_Number__c,,8615
006WR00000wj8JdYAI,Sunset Resort-520 Spaces (MHP),,"8615 E Main St, Mesa, AZ 85207, USA",Property_Street__c,,E Main St
006WR00000wj8JeYAI,Avia 266,,2354 W UNIVERSITY DR MESA 85201,Property_Street_Number__c,,2354
006WR00000wj8JeYAI,Avia 266,,2354 W UNIVERSITY DR MESA 85201,Property_Street__c,,W UNIVERSITY DR
006WR00000wj8JfYAI,Cadia Crossing,,"230 E Civic Center Dr, Gilbert, AZ 85296, USA",Property_Street_Number__c,,230
006WR00000wj8JfYAI,Cadia Crossing,,"230 E Civic Center Dr, Gilbert, AZ 85296, USA",Property_Street__c,,E Civic Center Dr
006WR00000wj8JgYAI,Apache Wells Trailer Rv Resort (MHP),,"2656 N 56th St, Mesa, AZ 85215, USA",Property_Street_Number__c,,2656
006WR00000wj8JgYAI,Apache Wells Trailer Rv Resort (MHP),,"2656 N 56th St, Mesa, AZ 85215, USA",Property_Street__c,,N 56th St
006WR00000wj8JhYAI,Agave Apartments,,"1718 S Jentilly Ln, Tempe, AZ 85281, USA",Property_Street_Number__c,,1718
006WR00000wj8JhYAI,Agave Apartments,,"1718 S Jentilly Ln, Tempe, AZ 85281, USA",Property_Street__c,,S Jentilly Ln
006WR00000wj8JiYAI,Ascend at Red Mountain,,"2217 N Power Rd, Mesa, AZ 85215, USA",Property_Street_Number__c,,2217
006WR00000wj8JiYAI,Ascend at Red Mountain,,"2217 N Power Rd, Mesa, AZ 85215, USA",Property_Street__c,,N Power Rd
006WR00000wj8JjYAI,Ascend at Longbow Highpoint,,"5957 E Longbow Pkwy, Mesa, AZ 85215, USA",Property_Street_Number__c,,5957
006WR00000wj8JjYAI,Ascend at Longbow Highpoint,,"5957 E Longbow Pkwy, Mesa, AZ 85215, USA",Property_Street__c,,E Longbow Pkwy
006WR00000wj8JkYAI,Album Mountain Vista,,"1153 S Signal Butte Rd, Mesa, AZ 85208, USA",Property_Street_Number__c,,1153
006WR00000wj8JkYAI,Album Mountain Vista,,"1153 S Signal Butte Rd, Mesa, AZ 85208, USA",Property_Street__c,,S Signal Butte Rd
006WR00000wj8JlYAI,Candela Park,,"57 N Alma School Rd, Mesa, AZ 85201, USA",Property_Street_Number__c,,57
006WR00000wj8JlYAI,Candela Park,,"57 N Alma School Rd, Mesa, AZ 85201, USA",Property_Street__c,,N Alma School Rd
006WR00000wj8JmYAI,Dartmouth Trace,,"602 North May, Mesa, AZ 85201, USA",Property_Street_Number__c,,602
006WR00000wj8JmYAI,Dartmouth Trace,,"602 North May, Mesa, AZ 85201, USA",Property_Street__c,,North May
006WR00000wj8JnYAI,Aspenwood Mobile Home Park (MHP),,"245 S 56th St, Mesa, AZ 85206, USA",Property_Street_Number__c,,245
006WR00000wj8JnYAI,Aspenwood Mobile Home Park (MHP),,"245 S 56th St, Mesa, AZ 85206, USA",Property_Street__c,,S 56th St
006WR00000wj8JoYAI,Brookview Apartments,,"1940 W University Dr, Mesa, AZ 85201, USA",Property_Street_Number__c,,1940
006WR00000wj8JoYAI,Brookview Apartments,,"1940 W University Dr, Mesa, AZ 85201, USA",Property_Street__c,,W University Dr
006WR00000wj8JpYAI,Alta Uptown (Chandler AZ),,"1961 N Hartford St, Chandler, AZ 85225, USA",Property_Street_Number__c,,1961
006WR00000wj8JpYAI,Alta Uptown (Chandler AZ),,"1961 N Hartford St, Chandler, AZ 85225, USA",Property_Street__c,,N Hartford St
006WR00000wj8JqYAI,Calusa Trace,,"6518 E Main St, Mesa, AZ 85205, USA",Property_Street_Number__c,,6518
006WR00000wj8JqYAI,Calusa Trace,,"6518 E Main St, Mesa, AZ 85205, USA",Property_Street__c,,E Main St
006WR00000wj8JrYAI,Broadway Estates,,"345 S 58th St, Mesa, AZ 85206, USA",Property_Street_Number__c,,345
006WR00000wj8JrYAI,Broadway Estates,,"345 S 58th St, Mesa, AZ 85206, USA",Property_Street__c,,S 58th St
006WR00000wj8JsYAI,BB Living at Val Vista,,3936 S Decatur Dr  85297,Property_Street_Number__c,,3936
006WR00000wj8JsYAI,BB Living at Val Vista,,3936 S Decatur Dr  85297,Property_Street__c,,S Decatur Dr
006WR00000wj8JtYAI,Camden Tempe,,"800 East Curry Road, Tempe, AZ, USA",Property_Street_Number__c,,800
006WR00000wj8JtYAI,Camden Tempe,,"800 East Curry Road, Tempe, AZ, USA",Property_Street__c,,East Curry Road
006WR00000wj8JuYAI,Agave Village,,"7807 E Main St, Mesa, AZ 85207, USA",Property_Street_Number__c,,7807
006WR00000wj8JuYAI,Agave Village,,"7807 E Main St, Mesa, AZ 85207, USA",Property_Street__c,,E Main St
006WR00000wj8JvYAI,Crismon Gateway Rentals,,9652 E Hampton Ave Mesa Az 85209,Property_Street_Number__c,,9652
006WR00000wj8JvYAI,Crismon Gateway Rentals,,9652 E Hampton Ave Mesa Az 85209,Property_Street__c,,E Hampton Ave
006WR00000wj8JwYAI,Cactus Wren (MHP),,"235 N Ellsworth Rd, Mesa, AZ 85207, USA",Property_Street_Number__c,,235
006WR00000wj8JwYAI,Cactus Wren (MHP),,"235 N Ellsworth Rd, Mesa, AZ 85207, USA",Property_Street__c,,N Ellsworth Rd
006WR00000wj8JxYAI,Tuscan Isle,,"8650 Weir Drive, Naples, FL, USA",Property_Street_Number__c,,8650
006WR00000wj8JxYAI,Tuscan Isle,,"8650 Weir Drive, Naples, FL, USA",Property_Street__c,,Weir Drive
006WR00000wj8JyYAI,Beverly Mobile Home Park,,"26 South Beverly, Mesa, AZ 85210, USA",Property_Street_Number__c,,26
006WR00000wj8JyYAI,Beverly Mobile Home Park,,"26 South Beverly, Mesa, AZ 85210, USA",Property_Street__c,,South Beverly
006WR00000wj8JzYAI,Centennial Village,,222 W BROWN RD MESA 85201,Property_Street_Number__c,,222
006WR00000wj8JzYAI,Centennial Village,,222 W BROWN RD MESA 85201,Property_Street__c,,W BROWN RD
006WR00000wj8K0YAI,Castillo Nuevo,,"3300 E Broadway Rd, Mesa, AZ 85204, USA",Property_Street_Number__c,,3300
006WR00000wj8K0YAI,Castillo Nuevo,,"3300 E Broadway Rd, Mesa, AZ 85204, USA",Property_Street__c,,E Broadway Rd
006WR00000wj8K1YAI,Westchase Apartments,,"3810 Metro Parkway, Fort Myers, FL, USA",Property_Street_Number__c,,3810
006WR00000wj8K1YAI,Westchase Apartments,,"3810 Metro Parkway, Fort Myers, FL, USA",Property_Street__c,,Metro Parkway
006WR00000wj8K2YAI,Copper Point,,"1111 E Brown Rd, Mesa, AZ 85203, USA",Property_Street_Number__c,,1111
006WR00000wj8K2YAI,Copper Point,,"1111 E Brown Rd, Mesa, AZ 85203, USA",Property_Street__c,,E Brown Rd
006WR00000wj8K3YAI,Casa Serena (MHP),,"661 S Hawes Rd, Mesa, AZ 85208, USA",Property_Street_Number__c,,661
006WR00000wj8K3YAI,Casa Serena (MHP),,"661 S Hawes Rd, Mesa, AZ 85208, USA",Property_Street__c,,S Hawes Rd
006WR00000wj8K4YAI,Arizona Acres Resort,,"9421 E Apache Trail, Mesa, AZ 85207, USA",Property_Street_Number__c,,9421
006WR00000wj8K4YAI,Arizona Acres Resort,,"9421 E Apache Trail, Mesa, AZ 85207, USA",Property_Street__c,,E Apache Trail
006WR00000wj8K5YAI,1758 S Val Vista Dr,,"1440 S Val Vista Dr, Mesa, AZ 85204, USA",Property_Street_Number__c,,1440
006WR00000wj8K5YAI,1758 S Val Vista Dr,,"1440 S Val Vista Dr, Mesa, AZ 85204, USA",Property_Street__c,,S Val Vista Dr
006WR00000wj8K6YAI,Annex at Cadence,,"9411 East Cadence Parkway, Mesa, AZ 85212, USA",Property_Street_Number__c,,9411
006WR00000wj8K6YAI,Annex at Cadence,,"9411 East Cadence Parkway, Mesa, AZ 85212, USA",Property_Street__c,,East Cadence Parkway
006WR00000wj8K7YAI,Alta Vista Apartments,,1444 N Recker Rd,Property_Street_Number__c,,1444
006WR00000wj8K7YAI,Alta Vista Apartments,,1444 N Recker Rd,Property_Street__c,,N Recker Rd
006WR00000wj8K8YAI,9736 E Main St (MHP),,"9736 E Main St, Mesa, AZ 85207, USA",Property_Street_Number__c,,9736
006WR00000wj8K8YAI,9736 E Main St (MHP),,"9736 E Main St, Mesa, AZ 85207, USA",Property_Street__c,,E Main St
006WR00000wj8K9YAI,315-321 N Higley Rd,,"315-321 N Higley Rd, Mesa, AZ 85205, USA",Property_Street_Number__c,,315-321
006WR00000wj8K9YAI,315-321 N Higley Rd,,"315-321 N Higley Rd, Mesa, AZ 85205, USA",Property_Street__c,,N Higley Rd
006WR00000wj8KAYAY,Buenas on Broadway,,"660 E Broadway Rd, Mesa, AZ 85204, USA",Property_Street_Number__c,,660
006WR00000wj8KAYAY,Buenas on Broadway,,"660 E Broadway Rd, Mesa, AZ 85204, USA",Property_Street__c,,E Broadway Rd
006WR00000wj8KBYAY,Centennial Village Corp,,130 W BROWN RD MESA AZ USA 85201,Property_Street_Number__c,,130
006WR00000wj8KBYAY,Centennial Village Corp,,130 W BROWN RD MESA AZ USA 85201,Property_Street__c,,W BROWN RD
006WR00000wj8KCYAY,1151 W Dragoon Cir,,"1151 W Dragoon Cir, Mesa, AZ 85210, USA",Property_Street_Number__c,,1151
006WR00000wj8KCYAY,1151 W Dragoon Cir,,"1151 W Dragoon Cir, Mesa, AZ 85210, USA",Property_Street__c,,W Dragoon Cir
006WR00000wj8KDYAY,Brighthaven Estates,,"8421 E Main St, Mesa, AZ 85207, USA",Property_Street_Number__c,,8421
006WR00000wj8KDYAY,Brighthaven Estates,,"8421 E Main St, Mesa, AZ 85207, USA",Property_Street__c,,E Main St
006WR00000wj8KEYAY,Encore on First West,Mesa_MDU_Encore on First West,"47 W 1st Ave, Mesa, AZ 85210, USA",Property_Street_Number__c,,47
006WR00000wj8KEYAY,Encore on First West,Mesa_MDU_Encore on First West,"47 W 1st Ave, Mesa, AZ 85210, USA",Property_Street__c,,W 1st Ave
006WR00000wj8KFYAY,Mesa Artspace Lofts,Mesa_MDU_Mesa Artspace Lofts,"155 South Hibbert, Mesa, AZ 85210, USA",Property_Street_Number__c,,155
006WR00000wj8KFYAY,Mesa Artspace Lofts,Mesa_MDU_Mesa Artspace Lofts,"155 South Hibbert, Mesa, AZ 85210, USA",Property_Street__c,,South Hibbert
006WR00000wj8KGYAY,4455 Greenwood Avenue,,"4456 South Greenwood Avenue, Chicago, IL, USA",Property_Street_Number__c,,4456
006WR00000wj8KGYAY,4455 Greenwood Avenue,,"4456 South Greenwood Avenue, Chicago, IL, USA",Property_Street__c,,South Greenwood Avenue
006WR00000wj8KHYAY,Kings Gate Senior Apartments,Omaha_MDU_Kings Gate Apartments,"7055 Crown Point Avenue, Omaha, NE, USA",Property_Street_Number__c,,7055
006WR00000wj8KHYAY,Kings Gate Senior Apartments,Omaha_MDU_Kings Gate Apartments,"7055 Crown Point Avenue, Omaha, NE, USA",Property_Street__c,,Crown Point Avenue
006WR00000wj8KHYAY,Kings Gate Senior Apartments,Omaha_MDU_Kings Gate Apartments,"7055 Crown Point Avenue, Omaha, NE, USA",Property_County__c,,Douglas
006WR00000wj8KIYAY,Prairie Spring Apartments,Omaha_MDU_Prairie Spring Apartments,"5850 Bauman Plaza, Omaha, NE, USA",Property_Street_Number__c,,5850
006WR00000wj8KIYAY,Prairie Spring Apartments,Omaha_MDU_Prairie Spring Apartments,"5850 Bauman Plaza, Omaha, NE, USA",Property_Street__c,,Bauman Plaza
006WR00000wj8KIYAY,Prairie Spring Apartments,Omaha_MDU_Prairie Spring Apartments,"5850 Bauman Plaza, Omaha, NE, USA",Property_County__c,,Douglas
006WR00000wj8KJYAY,5301-5307 S. Maryland Avenue,,"5301 South Maryland Avenue, Chicago, IL, USA",Property_Street_Number__c,,5301
006WR00000wj8KJYAY,5301-5307 S. Maryland Avenue,,"5301 South Maryland Avenue, Chicago, IL, USA",Property_Street__c,,South Maryland Avenue
006WR00000wj8KKYAY,Mesa Station,,"111 N Gilbert Rd, Mesa, AZ, USA",Property_Street_Number__c,,111
006WR00000wj8KKYAY,Mesa Station,,"111 N Gilbert Rd, Mesa, AZ, USA",Property_Street__c,,N Gilbert Rd
006WR00000wj8KLYAY,Juniper Gardens,Omaha_MDU_Florentine Apartments,"2303 Benson Gardens Blvd, Omaha, NE, USA",Property_Street_Number__c,,2303
006WR00000wj8KLYAY,Juniper Gardens,Omaha_MDU_Florentine Apartments,"2303 Benson Gardens Blvd, Omaha, NE, USA",Property_Street__c,,Benson Gardens Blvd
006WR00000wj8KLYAY,Juniper Gardens,Omaha_MDU_Florentine Apartments,"2303 Benson Gardens Blvd, Omaha, NE, USA",Property_County__c,,Douglas
006WR00000wj8KMYAY,5049 S. Drexel Boulevard,,"5050 South Drexel Boulevard, Chicago, IL, USA",Property_Street_Number__c,,5050
006WR00000wj8KMYAY,5049 S. Drexel Boulevard,,"5050 South Drexel Boulevard, Chicago, IL, USA",Property_Street__c,,South Drexel Boulevard
006WR00000wj8KNYAY,Avondale Apartments Envolve (copy),,"3275 W 14th Ave, Denver, CO, USA",Property_Street_Number__c,,3275
006WR00000wj8KNYAY,Avondale Apartments Envolve (copy),,"3275 W 14th Ave, Denver, CO, USA",Property_Street__c,,W 14th Ave
006WR00000wj8KOYAY,Ocean Crest Apartments,Solana Beach_MDU_Ocean Crest Apartments,"873 Stevens Avenue, Solana Beach, CA, USA",Property_Street_Number__c,,873
006WR00000wj8KOYAY,Ocean Crest Apartments,Solana Beach_MDU_Ocean Crest Apartments,"873 Stevens Avenue, Solana Beach, CA, USA",Property_Street__c,,Stevens Avenue
006WR00000wj8KPYAY,Albany Apartments,,"5801 E Albany St, Mesa, AZ 85205, USA",Property_Street_Number__c,,5801
006WR00000wj8KPYAY,Albany Apartments,,"5801 E Albany St, Mesa, AZ 85205, USA",Property_Street__c,,E Albany St
006WR00000wj8KQYAY,Arboretum Village,Omaha_MDU_Arboretum Village,"8141 Farnam Drive, Omaha, NE, USA",Property_Street_Number__c,,8141
006WR00000wj8KQYAY,Arboretum Village,Omaha_MDU_Arboretum Village,"8141 Farnam Drive, Omaha, NE, USA",Property_Street__c,,Farnam Drive
006WR00000wj8KQYAY,Arboretum Village,Omaha_MDU_Arboretum Village,"8141 Farnam Drive, Omaha, NE, USA",Property_County__c,,Douglas
006WR00000wj8KRYAY,5053 S. Ellis Avenue,,"5054 South Ellis Avenue, Chicago, IL, USA",Property_Street_Number__c,,5054
006WR00000wj8KRYAY,5053 S. Ellis Avenue,,"5054 South Ellis Avenue, Chicago, IL, USA",Property_Street__c,,South Ellis Avenue
006WR00000wj8KSYAY,Biltmore Terrace Condominiums,,"3055 E Colter St, Phoenix, AZ 85016",Property_Street_Number__c,,3055
006WR00000wj8KSYAY,Biltmore Terrace Condominiums,,"3055 E Colter St, Phoenix, AZ 85016",Property_Street__c,,E Colter St
006WR00000wj8KTYAY,Embassy Park Apartments,Omaha_MDU_Embassy Park Apartments,"9045 Burt Street, Omaha, NE, USA",Property_Street_Number__c,,9045
006WR00000wj8KTYAY,Embassy Park Apartments,Omaha_MDU_Embassy Park Apartments,"9045 Burt Street, Omaha, NE, USA",Property_Street__c,,Burt Street
006WR00000wj8KTYAY,Embassy Park Apartments,Omaha_MDU_Embassy Park Apartments,"9045 Burt Street, Omaha, NE, USA",Property_County__c,,Douglas
006WR00000wj8KUYAY,Alta Rise,,"80 N McQueen Rd, Gilbert, AZ 85233, USA",Property_Street_Number__c,,80
006WR00000wj8KUYAY,Alta Rise,,"80 N McQueen Rd, Gilbert, AZ 85233, USA",Property_Street__c,,N McQueen Rd
006WR00000wj8KVYAY,Greentree Place Apartments,,"250 South Elizabeth Way, Chandler, AZ, USA",Property_Street_Number__c,,250
006WR00000wj8KVYAY,Greentree Place Apartments,,"250 South Elizabeth Way, Chandler, AZ, USA",Property_Street__c,,South Elizabeth Way
006WR00000wj8KWYAY,102 West 9th Place Apartments,,102-128 W 9th Pl  Mesa az 85201,Property_Street_Number__c,,102-128
006WR00000wj8KWYAY,102 West 9th Place Apartments,,102-128 W 9th Pl  Mesa az 85201,Property_Street__c,,W 9th Pl
006WR00000wj8KXYAY,Residences at Sorensen Square,Omaha_MDU_Sorensen Square Apartments,"6605 North 64th Plaza, Omaha, NE, USA",Property_Street_Number__c,,6605
006WR00000wj8KXYAY,Residences at Sorensen Square,Omaha_MDU_Sorensen Square Apartments,"6605 North 64th Plaza, Omaha, NE, USA",Property_Street__c,,North 64th Plaza
006WR00000wj8KXYAY,Residences at Sorensen Square,Omaha_MDU_Sorensen Square Apartments,"6605 North 64th Plaza, Omaha, NE, USA",Property_County__c,,Douglas
006WR00000wj8KYYAY,5100-5120 S. Ellis Avenue,,"5100-5120 South Ellis Avenue, Chicago, IL, USA",Property_Street_Number__c,,5100-5120
006WR00000wj8KYYAY,5100-5120 S. Ellis Avenue,,"5100-5120 South Ellis Avenue, Chicago, IL, USA",Property_Street__c,,South Ellis Avenue
006WR00000wj8KZYAY,4721-29 S. Ellis St,,"534 East 33rd Place, Chicago, IL, USA",Property_Street_Number__c,,534
006WR00000wj8KZYAY,4721-29 S. Ellis St,,"534 East 33rd Place, Chicago, IL, USA",Property_Street__c,,East 33rd Place
006WR00000wj8KaYAI,The Village at Grant Square,Omaha_MDU_The Village at Grant Square Apartments,"7349 Grant Street, Omaha, NE, USA",Property_Street_Number__c,,7349
006WR00000wj8KaYAI,The Village at Grant Square,Omaha_MDU_The Village at Grant Square Apartments,"7349 Grant Street, Omaha, NE, USA",Property_Street__c,,Grant Street
006WR00000wj8KaYAI,The Village at Grant Square,Omaha_MDU_The Village at Grant Square Apartments,"7349 Grant Street, Omaha, NE, USA",Property_County__c,,Douglas
006WR00000wj8KbYAI,5111 S. Kimbark Avenue,,"5112 South Kimbark Avenue, Chicago, IL, USA",Property_Street_Number__c,,5112
006WR00000wj8KbYAI,5111 S. Kimbark Avenue,,"5112 South Kimbark Avenue, Chicago, IL, USA",Property_Street__c,,South Kimbark Avenue
006WR00000wj8KcYAI,Camelot Village,Omaha_MDU_Camelot Village,"2020 N 92nd Ave, Omaha, NE, USA",Property_Street_Number__c,,2020
006WR00000wj8KcYAI,Camelot Village,Omaha_MDU_Camelot Village,"2020 N 92nd Ave, Omaha, NE, USA",Property_Street__c,,N 92nd Ave
006WR00000wj8KcYAI,Camelot Village,Omaha_MDU_Camelot Village,"2020 N 92nd Ave, Omaha, NE, USA",Property_County__c,,Douglas
006WR00000wj8KdYAI,5350-5358 S. Maryland,,5350-5358 S. Maryland,Property_Street_Number__c,,5350-5358
006WR00000wj8KdYAI,5350-5358 S. Maryland,,5350-5358 S. Maryland,Property_Street__c,,S. Maryland
006WR00000wj8KeYAI,Peony Village,Omaha_MDU_Peony Village Apartments,"8215 Burt Plaza, Omaha, NE, USA",Property_Street_Number__c,,8215
006WR00000wj8KeYAI,Peony Village,Omaha_MDU_Peony Village Apartments,"8215 Burt Plaza, Omaha, NE, USA",Property_Street__c,,Burt Plaza
006WR00000wj8KeYAI,Peony Village,Omaha_MDU_Peony Village Apartments,"8215 Burt Plaza, Omaha, NE, USA",Property_County__c,,Douglas
006WR00000wj8KfYAI,Sunrise on the Rail,,"111 N Mesa Dr, Mesa, AZ 85201, USA",Property_Street_Number__c,,111
006WR00000wj8KfYAI,Sunrise on the Rail,,"111 N Mesa Dr, Mesa, AZ 85201, USA",Property_Street__c,,N Mesa Dr
006WR00000wj8KgYAI,5118-5120 S. Greenwood Avenue,,"5118 South Greenwood Avenue, Chicago, IL, USA",Property_Street_Number__c,,5118
006WR00000wj8KgYAI,5118-5120 S. Greenwood Avenue,,"5118 South Greenwood Avenue, Chicago, IL, USA",Property_Street__c,,South Greenwood Avenue
006WR00000wj8KhYAI,5120 S. Hyde Park Boulevard,,"5121 South Hyde Park Boulevard, Chicago, IL, USA",Property_Street_Number__c,,5121
006WR00000wj8KhYAI,5120 S. Hyde Park Boulevard,,"5121 South Hyde Park Boulevard, Chicago, IL, USA",Property_Street__c,,South Hyde Park Boulevard
006WR00000wj8KiYAI,Discovery at Daybreak HOA,,"3491 North Arizona Avenue, Chandler, AZ, USA",Property_Street_Number__c,,3491
006WR00000wj8KiYAI,Discovery at Daybreak HOA,,"3491 North Arizona Avenue, Chandler, AZ, USA",Property_Street__c,,North Arizona Avenue
006WR00000wj8KjYAI,5400-5406 S. Maryland,,5400-5406 S. Maryland,Property_Street_Number__c,,5400-5406
006WR00000wj8KjYAI,5400-5406 S. Maryland,,5400-5406 S. Maryland,Property_Street__c,,S. Maryland
006WR00000wj8KkYAI,5128-5132 S. Cornell Avenue,,"5128 South Cornell Avenue, Chicago, IL, USA",Property_Street_Number__c,,5128
006WR00000wj8KkYAI,5128-5132 S. Cornell Avenue,,"5128 South Cornell Avenue, Chicago, IL, USA",Property_Street__c,,South Cornell Avenue
006WR00000wj8KlYAI,5202-5210 S. Cornell Avenue,,"5202 South Cornell Avenue, Chicago, IL, USA",Property_Street_Number__c,,5202
006WR00000wj8KlYAI,5202-5210 S. Cornell Avenue,,"5202 South Cornell Avenue, Chicago, IL, USA",Property_Street__c,,South Cornell Avenue
006WR00000wj8KmYAI,Shadow Pointe HOA,,"2155 N Grace Blvd, Chandler, AZ, USA",Property_Street_Number__c,,2155
006WR00000wj8KmYAI,Shadow Pointe HOA,,"2155 N Grace Blvd, Chandler, AZ, USA",Property_Street__c,,N Grace Blvd
006WR00000wj8KnYAI,5218-5220 S. Kimbark Avenue,,"5218 South Kimbark Avenue, Chicago, IL, USA",Property_Street_Number__c,,5218
006WR00000wj8KnYAI,5218-5220 S. Kimbark Avenue,,"5218 South Kimbark Avenue, Chicago, IL, USA",Property_Street__c,,South Kimbark Avenue
006WR00000wj8KoYAI,Siena Apartments,,"5230 Bryant Irvin Rd, Fort Worth, TX, USA",Property_Street_Number__c,,5230
006WR00000wj8KoYAI,Siena Apartments,,"5230 Bryant Irvin Rd, Fort Worth, TX, USA",Property_Street__c,,Bryant Irvin Rd
006WR00000wj8KpYAI,4859 S. Champlain Avenue,,"4860 South Champlain Avenue, Chicago, IL, USA",Property_Street_Number__c,,4860
006WR00000wj8KpYAI,4859 S. Champlain Avenue,,"4860 South Champlain Avenue, Chicago, IL, USA",Property_Street__c,,South Champlain Avenue
006WR00000wj8KqYAI,Parkview (AKA Elevate Apartments),Georgetown_MDU_Parkview,"2111 North Austin Avenue, Georgetown, TX, USA",Property_Street_Number__c,,2111
006WR00000wj8KqYAI,Parkview (AKA Elevate Apartments),Georgetown_MDU_Parkview,"2111 North Austin Avenue, Georgetown, TX, USA",Property_Street__c,,North Austin Avenue
006WR00000wj8KqYAI,Parkview (AKA Elevate Apartments),Georgetown_MDU_Parkview,"2111 North Austin Avenue, Georgetown, TX, USA",Property_County__c,,Williamson
006WR00000wj8KrYAI,5222-38 S Drexel Ave.,,"5222-38 S. Drexel Avenue Apartments, South Drexel Avenue, Chicago, IL, USA",Property_Street_Number__c,,5222-38
006WR00000wj8KrYAI,5222-38 S Drexel Ave.,,"5222-38 S. Drexel Avenue Apartments, South Drexel Avenue, Chicago, IL, USA",Property_Street__c,,S. Drexel Avenue Apartments
006WR00000wj8KsYAI,Pine Tree Apartments,Omaha_MDU_Pine Tree Apartments,"10351 Hamilton Plz, Omaha, NE, USA",Property_Street_Number__c,,10351
006WR00000wj8KsYAI,Pine Tree Apartments,Omaha_MDU_Pine Tree Apartments,"10351 Hamilton Plz, Omaha, NE, USA",Property_Street__c,,Hamilton Plz
006WR00000wj8KsYAI,Pine Tree Apartments,Omaha_MDU_Pine Tree Apartments,"10351 Hamilton Plz, Omaha, NE, USA",Property_County__c,,Douglas
006WR00000wj8KtYAI,5229 S. Drexel Avenue,,"5230 South Drexel Avenue, Chicago, IL, USA",Property_Street_Number__c,,5230
006WR00000wj8KtYAI,5229 S. Drexel Avenue,,"5230 South Drexel Avenue, Chicago, IL, USA",Property_Street__c,,South Drexel Avenue
006WR00000wj8KuYAI,5232 S. Hyde Park,,"5233 South Hyde Park Boulevard, Chicago, IL, USA",Property_Street_Number__c,,5233
006WR00000wj8KuYAI,5232 S. Hyde Park,,"5233 South Hyde Park Boulevard, Chicago, IL, USA",Property_Street__c,,South Hyde Park Boulevard
006WR00000wj8KvYAI,5234-5244 S. Ingleside Avenue,,"5234-5244 S. Ingleside Avenue, Chicago, IL, USA",Property_Street_Number__c,,5234-5244
006WR00000wj8KvYAI,5234-5244 S. Ingleside Avenue,,"5234-5244 S. Ingleside Avenue, Chicago, IL, USA",Property_Street__c,,S. Ingleside Avenue
006WR00000wj8KwYAI,Willow Ridge Townhomes,,"1050 W Ash Ln, Euless, TX, USA",Property_Street_Number__c,,1050
006WR00000wj8KwYAI,Willow Ridge Townhomes,,"1050 W Ash Ln, Euless, TX, USA",Property_Street__c,,W Ash Ln
006WR00000wj8KyYAI,5237-5245 S. Kenwood Avenue,,"5237 South Kenwood Avenue, Chicago, IL, USA",Property_Street_Number__c,,5237
006WR00000wj8KyYAI,5237-5245 S. Kenwood Avenue,,"5237 South Kenwood Avenue, Chicago, IL, USA",Property_Street__c,,South Kenwood Avenue
006WR00000wjKFlYAM,Chapel Hill Apartments,,"401 Westinghouse Road, Georgetown, TX, USA",Property_Street_Number__c,,401
006WR00000wjKFlYAM,Chapel Hill Apartments,,"401 Westinghouse Road, Georgetown, TX, USA",Property_Street__c,,Westinghouse Road
006WR00000wjKFmYAM,Ascend at Westinghouse,,"500 Westinghouse Road, Georgetown, TX, USA",Property_Street_Number__c,,500
006WR00000wjKFmYAM,Ascend at Westinghouse,,"500 Westinghouse Road, Georgetown, TX, USA",Property_Street__c,,Westinghouse Road
006WR00000wjKFnYAM,Alta Berry Creek,,"2201 TX-195, Georgetown, TX, USA",Property_Street_Number__c,,2201
006WR00000wjKFnYAM,Alta Berry Creek,,"2201 TX-195, Georgetown, TX, USA",Property_Street__c,,TX-195
006WR00000wjKFoYAM,Versante Apartment Homes,Avondale_MDU_Versante,"11120 W Van Buren St, Avondale, AZ, USA",Property_Street_Number__c,,11120
006WR00000wjKFoYAM,Versante Apartment Homes,Avondale_MDU_Versante,"11120 W Van Buren St, Avondale, AZ, USA",Property_Street__c,,W Van Buren St
006WR00000wjKFpYAM,Cinnabar Apartments,,"4131 W Glendale Ave, Phoenix, AZ, USA",Property_Street_Number__c,,4131
006WR00000wjKFpYAM,Cinnabar Apartments,,"4131 W Glendale Ave, Phoenix, AZ, USA",Property_Street__c,,W Glendale Ave
006WR00000wjKFqYAM,Palm Aire Apartments,,"6241 N 27th Ave, Phoenix, AZ 85017, USA",Property_Street_Number__c,,6241
006WR00000wjKFqYAM,Palm Aire Apartments,,"6241 N 27th Ave, Phoenix, AZ 85017, USA",Property_Street__c,,N 27th Ave
006WR00000wjKFrYAM,Strada Apartments,,"7250 S Kyrene Rd, Tempe, AZ, USA",Property_Street_Number__c,,7250
006WR00000wjKFrYAM,Strada Apartments,,"7250 S Kyrene Rd, Tempe, AZ, USA",Property_Street__c,,S Kyrene Rd
006WR00000wjKFsYAM,Evergreen At Keller,Keller_MDU_Evergreen At Keller,"501 Bourland Road, Keller, TX, USA",Property_Street_Number__c,,501
006WR00000wjKFsYAM,Evergreen At Keller,Keller_MDU_Evergreen At Keller,"501 Bourland Road, Keller, TX, USA",Property_Street__c,,Bourland Road
006WR00000wjKFtYAM,Whitley Place,,"800 Whitley Road, Keller, TX, USA",Property_Street_Number__c,,800
006WR00000wjKFtYAM,Whitley Place,,"800 Whitley Road, Keller, TX, USA",Property_Street__c,,Whitley Road
006WR00000wjKFuYAM,Adley at Gleannloch,,"9123 Crescent Clover Drive, Spring, TX, USA",Property_Street_Number__c,,9123
006WR00000wjKFuYAM,Adley at Gleannloch,,"9123 Crescent Clover Drive, Spring, TX, USA",Property_Street__c,,Crescent Clover Drive
006WR00000wjKFvYAM,Alleia Long Meadow Farms,,"5600 Berkeley Knoll Cir, Richmond, TX, USA",Property_Street_Number__c,,5600
006WR00000wjKFvYAM,Alleia Long Meadow Farms,,"5600 Berkeley Knoll Cir, Richmond, TX, USA",Property_Street__c,,Berkeley Knoll Cir
006WR00000wjKFwYAM,Ariza Plum Creek,,"4700 Cromwell Drive, Kyle, TX, USA",Property_Street_Number__c,,4700
006WR00000wjKFwYAM,Ariza Plum Creek,,"4700 Cromwell Drive, Kyle, TX, USA",Property_Street__c,,Cromwell Drive
006WR00000wjKFxYAM,Auberry at Twin Creeks,,"705 Bray Central Drive, Allen, TX, USA",Property_Street_Number__c,,705
006WR00000wjKFxYAM,Auberry at Twin Creeks,,"705 Bray Central Drive, Allen, TX, USA",Property_Street__c,,Bray Central Drive
006WR00000wjKFyYAM,Aura 36Hundred,,"3600 North A.W. Grimes Boulevard, Round Rock, TX, USA",Property_Street_Number__c,,3600
006WR00000wjKFyYAM,Aura 36Hundred,,"3600 North A.W. Grimes Boulevard, Round Rock, TX, USA",Property_Street__c,,North A.W. Grimes Boulevard
006WR00000wjKFzYAM,Aura Benbrook,,"301 Mercedes Street, Benbrook, TX, USA",Property_Street_Number__c,,301
006WR00000wjKFzYAM,Aura Benbrook,,"301 Mercedes Street, Benbrook, TX, USA",Property_Street__c,,Mercedes Street
006WR00000wjKG0YAM,Bluff Creek,,"5757 West Hefner Road, Oklahoma City, OK, USA",Property_Street_Number__c,,5757
006WR00000wjKG0YAM,Bluff Creek,,"5757 West Hefner Road, Oklahoma City, OK, USA",Property_Street__c,,West Hefner Road
006WR00000wjKG1YAM,Brandon Place,,"6700 West Memorial Road, Oklahoma City, OK, USA",Property_Street_Number__c,,6700
006WR00000wjKG1YAM,Brandon Place,,"6700 West Memorial Road, Oklahoma City, OK, USA",Property_Street__c,,West Memorial Road
006WR00000wjKG2YAM,Bridgeport,,"5440 North Jim Miller Road, Dallas, TX, USA",Property_Street_Number__c,,5440
006WR00000wjKG2YAM,Bridgeport,,"5440 North Jim Miller Road, Dallas, TX, USA",Property_Street__c,,North Jim Miller Road
006WR00000wjKG3YAM,Satori Frisco,,"11900 Research Road, Frisco, TX, USA",Property_Street_Number__c,,11900
006WR00000wjKG3YAM,Satori Frisco,,"11900 Research Road, Frisco, TX, USA",Property_Street__c,,Research Road
006WR00000wjKG4YAM,Hangar 19,,"14251 FAA Boulevard, Fort Worth, TX, USA",Property_Street_Number__c,,14251
006WR00000wjKG4YAM,Hangar 19,,"14251 FAA Boulevard, Fort Worth, TX, USA",Property_Street__c,,FAA Boulevard
006WR00000wjKG5YAM,Lakes at Westview I,,"1900 Westview Boulevard, Conroe, TX, USA",Property_Street_Number__c,,1900
006WR00000wjKG5YAM,Lakes at Westview I,,"1900 Westview Boulevard, Conroe, TX, USA",Property_Street__c,,Westview Boulevard
006WR00000wjKG6YAM,Lakes at Westview II,,"1900 Westview Boulevard, Conroe, TX, USA",Property_Street_Number__c,,1900
006WR00000wjKG6YAM,Lakes at Westview II,,"1900 Westview Boulevard, Conroe, TX, USA",Property_Street__c,,Westview Boulevard
006WR00000wjKG7YAM,Markham Oaks,,"8118 West Markham Street, Little Rock, AR, USA",Property_Street_Number__c,,8118
006WR00000wjKG7YAM,Markham Oaks,,"8118 West Markham Street, Little Rock, AR, USA",Property_Street__c,,West Markham Street
006WR00000wjKG8YAM,Riverhill,,"2775 N State Hwy 360 Service Rd E, Grand Prairie, TX, USA",Property_Street_Number__c,,2775
006WR00000wjKG8YAM,Riverhill,,"2775 N State Hwy 360 Service Rd E, Grand Prairie, TX, USA",Property_Street__c,,N State Hwy 360 Service Rd E
006WR00000wjKG9YAM,Satori at Long Meadow,,"5830 Meadow Ranch Parkway, Richmond, TX, USA",Property_Street_Number__c,,5830
006WR00000wjKG9YAM,Satori at Long Meadow,,"5830 Meadow Ranch Parkway, Richmond, TX, USA",Property_Street__c,,Meadow Ranch Parkway
006WR00000wjKGAYA2,Vale Frisco,,"12050 Research Road, Frisco, TX, USA",Property_Street_Number__c,,12050
006WR00000wjKGAYA2,Vale Frisco,,"12050 Research Road, Frisco, TX, USA",Property_Street__c,,Research Road
006WR00000wjKGBYA2,Vale Luxury,,"4209 Spring Stuebner Road, Spring, TX, USA",Property_Street_Number__c,,4209
006WR00000wjKGBYA2,Vale Luxury,,"4209 Spring Stuebner Road, Spring, TX, USA",Property_Street__c,,Spring Stuebner Road
006WR00000wjKGCYA2,Volterra at Westlake,,"2219 Greenhouse Road, Houston, TX, USA",Property_Street_Number__c,,2219
006WR00000wjKGCYA2,Volterra at Westlake,,"2219 Greenhouse Road, Houston, TX, USA",Property_Street__c,,Greenhouse Road
006WR00000wjKGDYA2,Westwood Park,,"1836 West Robinson Street, Norman, OK, USA",Property_Street_Number__c,,1836
006WR00000wjKGDYA2,Westwood Park,,"1836 West Robinson Street, Norman, OK, USA",Property_Street__c,,West Robinson Street
006WR00000wjKGEYA2,Wimbledon Green,,"1 Wimbledon Green Circle, Little Rock, AR, USA",Property_Street_Number__c,,1
006WR00000wjKGEYA2,Wimbledon Green,,"1 Wimbledon Green Circle, Little Rock, AR, USA",Property_Street__c,,Wimbledon Green Circle
006WR00000wjKGFYA2,Wimbledon Green II,,"13600 Wimbledon Loop, Little Rock, AR, USA",Property_Street_Number__c,,13600
006WR00000wjKGFYA2,Wimbledon Green II,,"13600 Wimbledon Loop, Little Rock, AR, USA",Property_Street__c,,Wimbledon Loop
006WR00000wjKGGYA2,Woodrun Village,,"11501 Lochwood Drive, Yukon, OK, USA",Property_Street_Number__c,,11501
006WR00000wjKGGYA2,Woodrun Village,,"11501 Lochwood Drive, Yukon, OK, USA",Property_Street__c,,Lochwood Drive
006WR00000wjKGHYA2,Springpointe Condominiums,,"3790 Shirebrook Dr, Las Vegas, NV 89115, USA",Property_Street_Number__c,,3790
006WR00000wjKGHYA2,Springpointe Condominiums,,"3790 Shirebrook Dr, Las Vegas, NV 89115, USA",Property_Street__c,,Shirebrook Dr
006WR00000wjKGIYA2,Manor at Aliante,,"3813 Robin Knot Ct North Las Vegas, NV  89084",Property_Street_Number__c,,3813
006WR00000wjKGIYA2,Manor at Aliante,,"3813 Robin Knot Ct North Las Vegas, NV  89084",Property_Street__c,,Robin Knot Ct North Las Vegas
006WR00000wjKGJYA2,Sterling Court,,"5986 Ambleshire Ave Las Vegas, NV  89139",Property_Street_Number__c,,5986
006WR00000wjKGJYA2,Sterling Court,,"5986 Ambleshire Ave Las Vegas, NV  89139",Property_Street__c,,Ambleshire Ave Las Vegas
006WR00000wjKGKYA2,High Noon at Arlington Ranch,,"8639 Horizon Wind Ave, Las Vegas, NV, USA",Property_Street_Number__c,,8639
006WR00000wjKGKYA2,High Noon at Arlington Ranch,,"8639 Horizon Wind Ave, Las Vegas, NV, USA",Property_Street__c,,Horizon Wind Ave
006WR00000wjKGLYA2,Regency Village,,"300 Sir Richard East Dr Las Vegas, NV  89110",Property_Street_Number__c,,300
006WR00000wjKGLYA2,Regency Village,,"300 Sir Richard East Dr Las Vegas, NV  89110",Property_Street__c,,Sir Richard East Dr Las Vegas
006WR00000wjKGMYA2,Travata and Montage at Summerlin Centre,,"1773 Cape Cod Landing Dr, Las Vegas, NV 89135, USA",Property_Street_Number__c,,1773
006WR00000wjKGMYA2,Travata and Montage at Summerlin Centre,,"1773 Cape Cod Landing Dr, Las Vegas, NV 89135, USA",Property_Street__c,,Cape Cod Landing Dr
006WR00000wjKGNYA2,Western Oaks Apartments,Killeen_MDU_Western Oaks Apartments,"1310 Bundrant Drive, Killeen, TX, USA",Property_Street_Number__c,,1310
006WR00000wjKGNYA2,Western Oaks Apartments,Killeen_MDU_Western Oaks Apartments,"1310 Bundrant Drive, Killeen, TX, USA",Property_Street__c,,Bundrant Drive
006WR00000wjKGNYA2,Western Oaks Apartments,Killeen_MDU_Western Oaks Apartments,"1310 Bundrant Drive, Killeen, TX, USA",Property_County__c,,Bell
006WR00000wjKGOYA2,Mitchell Farm,,"Clear Creek Road, Killeen, TX, USA",Property_Street__c,,Clear Creek Road
006WR00000wjKGPYA2,Reynolds Crossing,,"1317 Prairie Clover Road, Killeen, TX, USA",Property_Street_Number__c,,1317
006WR00000wjKGPYA2,Reynolds Crossing,,"1317 Prairie Clover Road, Killeen, TX, USA",Property_Street__c,,Prairie Clover Road
006WR00000wjKGQYA2,Anthem Country Club,,"2708 W Anthem Club Dr, Anthem, AZ 85086, USA",Property_Street_Number__c,,2708
006WR00000wjKGQYA2,Anthem Country Club,,"2708 W Anthem Club Dr, Anthem, AZ 85086, USA",Property_Street__c,,W Anthem Club Dr
006WR00000wjKGRYA2,Falls At Borough Park,,"25455 Borough Park Drive, Spring, TX, USA",Property_Street_Number__c,,25455
006WR00000wjKGRYA2,Falls At Borough Park,,"25455 Borough Park Drive, Spring, TX, USA",Property_Street__c,,Borough Park Drive
006WR00000wjKGSYA2,Frisco Satori,,"11900 Research Road, Frisco, TX, USA",Property_Street_Number__c,,11900
006WR00000wjKGSYA2,Frisco Satori,,"11900 Research Road, Frisco, TX, USA",Property_Street__c,,Research Road
006WR00000wjKGTYA2,Cienega Springs,,"31806 Cienega Springs Rd, Parker, AZ 85344, USA",Property_Street_Number__c,,31806
006WR00000wjKGTYA2,Cienega Springs,,"31806 Cienega Springs Rd, Parker, AZ 85344, USA",Property_Street__c,,Cienega Springs Rd
006WR00000wjKGUYA2,Forest Manor,,"625 South Forest Street, Glendale, CO, USA",Property_Street_Number__c,,625
006WR00000wjKGUYA2,Forest Manor,,"625 South Forest Street, Glendale, CO, USA",Property_Street__c,,South Forest Street
006WR00000wjKGVYA2,Fox Street,,"5368 South Fox Street, Littleton, CO, USA",Property_Street_Number__c,,5368
006WR00000wjKGVYA2,Fox Street,,"5368 South Fox Street, Littleton, CO, USA",Property_Street__c,,South Fox Street
006WR00000wjKGWYA2,Capri-Riverstone,,"4211 West Roosevelt Street, Phoenix, AZ, USA",Property_Street_Number__c,,4211
006WR00000wjKGWYA2,Capri-Riverstone,,"4211 West Roosevelt Street, Phoenix, AZ, USA",Property_Street__c,,West Roosevelt Street
006WR00000wjKGXYA2,Madison Hill,,"5711 W 92nd Ave, Westminster, CO, USA",Property_Street_Number__c,,5711
006WR00000wjKGXYA2,Madison Hill,,"5711 W 92nd Ave, Westminster, CO, USA",Property_Street__c,,W 92nd Ave
006WR00000wjKGYYA2,Riviera,,"2038 Palm Street, Las Vegas, NV, USA",Property_Street_Number__c,,2038
006WR00000wjKGYYA2,Riviera,,"2038 Palm Street, Las Vegas, NV, USA",Property_Street__c,,Palm Street
006WR00000wjKGZYA2,Mountain Valley MHC,,"171 Colorado 133, Carbondale, CO, USA",Property_Street_Number__c,,171
006WR00000wjKGZYA2,Mountain Valley MHC,,"171 Colorado 133, Carbondale, CO, USA",Property_Street__c,,Colorado 133
006WR00000wjKGaYAM,Vallejo Terrace Apts,,"3054 Vallejo Street, Denver, CO, USA",Property_Street_Number__c,,3054
006WR00000wjKGaYAM,Vallejo Terrace Apts,,"3054 Vallejo Street, Denver, CO, USA",Property_Street__c,,Vallejo Street
006WR00000wjKGbYAM,Prentice Place,,"8300 East Prentice Avenue, Greenwood Village, CO, USA",Property_Street_Number__c,,8300
006WR00000wjKGbYAM,Prentice Place,,"8300 East Prentice Avenue, Greenwood Village, CO, USA",Property_Street__c,,East Prentice Avenue
006WR00000wjKGcYAM,Bransons Resort,,"7804 Riverside Dr, Parker, AZ, USA",Property_Street_Number__c,,7804
006WR00000wjKGcYAM,Bransons Resort,,"7804 Riverside Dr, Parker, AZ, USA",Property_Street__c,,Riverside Dr
006WR00000wjKGdYAM,Aspen Basalt MHC,,"1900 Willits Lane, Basalt, CO, USA",Property_Street_Number__c,,1900
006WR00000wjKGdYAM,Aspen Basalt MHC,,"1900 Willits Lane, Basalt, CO, USA",Property_Street__c,,Willits Lane
006WR00000wjKGeYAM,Min Ari,,"1030 North Delaware Drive, Apache Junction, AZ, USA",Property_Street_Number__c,,1030
006WR00000wjKGeYAM,Min Ari,,"1030 North Delaware Drive, Apache Junction, AZ, USA",Property_Street__c,,North Delaware Drive
006WR00000wjKGfYAM,Miracle Mile,,"3642 Boulder Highway, Las Vegas, NV, USA",Property_Street_Number__c,,3642
006WR00000wjKGfYAM,Miracle Mile,,"3642 Boulder Highway, Las Vegas, NV, USA",Property_Street__c,,Boulder Highway
006WR00000wjKGgYAM,Crisman Apartments,,"2330 Main Street, Longmont, CO, USA",Property_Street_Number__c,,2330
006WR00000wjKGgYAM,Crisman Apartments,,"2330 Main Street, Longmont, CO, USA",Property_Street__c,,Main Street
006WR00000wjKGhYAM,Chesney Kleinjohn Apts,,"1005 Washington Street, Denver, CO, USA",Property_Street_Number__c,,1005
006WR00000wjKGhYAM,Chesney Kleinjohn Apts,,"1005 Washington Street, Denver, CO, USA",Property_Street__c,,Washington Street
006WR00000wjKGiYAM,Quail Ridge Estates,,"15301 N Oracle Rd, Tucson, AZ, USA",Property_Street_Number__c,,15301
006WR00000wjKGiYAM,Quail Ridge Estates,,"15301 N Oracle Rd, Tucson, AZ, USA",Property_Street__c,,N Oracle Rd
006WR00000wjKGjYAM,"Castle Park MHC, LLC",,"2 Darren Street, Castle Rock, CO, USA",Property_Street_Number__c,,2
006WR00000wjKGjYAM,"Castle Park MHC, LLC",,"2 Darren Street, Castle Rock, CO, USA",Property_Street__c,,Darren Street
006WR00000wjKGkYAM,LincolnPointe Lofts I,,"9783 Pyramid Court, Englewood, CO, USA",Property_Street_Number__c,,9783
006WR00000wjKGkYAM,LincolnPointe Lofts I,,"9783 Pyramid Court, Englewood, CO, USA",Property_Street__c,,Pyramid Court
006WR00000wjKGlYAM,Alma Meadows,,"535 South Alma School Road, Mesa, AZ, USA",Property_Street_Number__c,,535
006WR00000wjKGlYAM,Alma Meadows,,"535 South Alma School Road, Mesa, AZ, USA",Property_Street__c,,South Alma School Road
006WR00000wjKGmYAM,Wildcreek Garden,,"3900 Clear Acre Lane, Reno, NV, USA",Property_Street_Number__c,,3900
006WR00000wjKGmYAM,Wildcreek Garden,,"3900 Clear Acre Lane, Reno, NV, USA",Property_Street__c,,Clear Acre Lane
006WR00000wjKGnYAM,Juan Diego Apts,,"2447 West Dunkeld Place, Denver, CO, USA",Property_Street_Number__c,,2447
006WR00000wjKGnYAM,Juan Diego Apts,,"2447 West Dunkeld Place, Denver, CO, USA",Property_Street__c,,West Dunkeld Place
006WR00000wjKGoYAM,Canada Hills,,"1045 W Dream Chaser Ct, Tucson, AZ, USA",Property_Street_Number__c,,1045
006WR00000wjKGoYAM,Canada Hills,,"1045 W Dream Chaser Ct, Tucson, AZ, USA",Property_Street__c,,W Dream Chaser Ct
006WR00000wjKGpYAM,Lumien at Fitzsimons,,"1305 Peoria Street, Aurora, CO, USA",Property_Street_Number__c,,1305
006WR00000wjKGpYAM,Lumien at Fitzsimons,,"1305 Peoria Street, Aurora, CO, USA",Property_Street__c,,Peoria Street
006WR00000wjKGqYAM,Mountain View Mobile Home Park,,"900 Mountain View Avenue, Longmont, CO, USA",Property_Street_Number__c,,900
006WR00000wjKGqYAM,Mountain View Mobile Home Park,,"900 Mountain View Avenue, Longmont, CO, USA",Property_Street__c,,Mountain View Avenue
006WR00000wjKGrYAM,Clarkson Park Condos,,"100 S Clarkson St, Denver, CO, USA",Property_Street_Number__c,,100
006WR00000wjKGrYAM,Clarkson Park Condos,,"100 S Clarkson St, Denver, CO, USA",Property_Street__c,,S Clarkson St
006WR00000wjKGsYAM,"Chaparral Homeowners Association, Inc.",,"4106 South Rifle Street, Aurora, CO, USA",Property_Street_Number__c,,4106
006WR00000wjKGsYAM,"Chaparral Homeowners Association, Inc.",,"4106 South Rifle Street, Aurora, CO, USA",Property_Street__c,,South Rifle Street
006WR00000wjKGtYAM,Veterans Apts,,"2635 Federal Boulevard, Denver, CO, USA",Property_Street_Number__c,,2635
006WR00000wjKGtYAM,Veterans Apts,,"2635 Federal Boulevard, Denver, CO, USA",Property_Street__c,,Federal Boulevard
006WR00000wjKGuYAM,Orpheus Condos,,"2835 West 24th Avenue, Denver, CO, USA",Property_Street_Number__c,,2835
006WR00000wjKGuYAM,Orpheus Condos,,"2835 West 24th Avenue, Denver, CO, USA",Property_Street__c,,West 24th Avenue
006WR00000wjKGvYAM,Terrace Park- IPG,,"2200 37th Street lot 120, Evans, CO, USA",Property_Street_Number__c,,2200
006WR00000wjKGvYAM,Terrace Park- IPG,,"2200 37th Street lot 120, Evans, CO, USA",Property_Street__c,,37th Street lot 120
006WR00000wjKGwYAM,The Pines at Pinehurst,,"4725 West Quincy Avenue, Denver, CO, USA",Property_Street_Number__c,,4725
006WR00000wjKGwYAM,The Pines at Pinehurst,,"4725 West Quincy Avenue, Denver, CO, USA",Property_Street__c,,West Quincy Avenue
006WR00000wjKGxYAM,Saxony Apts,,"1275 Corona Street, Denver, CO, USA",Property_Street_Number__c,,1275
006WR00000wjKGxYAM,Saxony Apts,,"1275 Corona Street, Denver, CO, USA",Property_Street__c,,Corona Street
006WR00000wjKGyYAM,Villas Glendale Townhouse,,"30783 N 83rd Ave, Peoria, AZ, USA",Property_Street_Number__c,,30783
006WR00000wjKGyYAM,Villas Glendale Townhouse,,"30783 N 83rd Ave, Peoria, AZ, USA",Property_Street__c,,N 83rd Ave
006WR00000wjKGzYAM,Aspen Meadows New Development,,"202-296 Highland Ranch, Aspen, Colorado, USA",Property_Street_Number__c,,202-296
006WR00000wjKGzYAM,Aspen Meadows New Development,,"202-296 Highland Ranch, Aspen, Colorado, USA",Property_Street__c,,Highland Ranch
006WR00000wjKH0YAM,Carriage Lane / Carriage Court,,"702 West McArthur Avenue, Winnemucca, NV, USA",Property_Street_Number__c,,702
006WR00000wjKH0YAM,Carriage Lane / Carriage Court,,"702 West McArthur Avenue, Winnemucca, NV, USA",Property_Street__c,,West McArthur Avenue
006WR00000wjKH1YAM,"Alpine Vista MHC, LLC",,"6069 Golden Willow Court, Loveland, CO, USA",Property_Street_Number__c,,6069
006WR00000wjKH1YAM,"Alpine Vista MHC, LLC",,"6069 Golden Willow Court, Loveland, CO, USA",Property_Street__c,,Golden Willow Court
006WR00000wjKH2YAM,Tallmadge Boyer Block,,"2926 Zuni Street, Denver, CO, USA",Property_Street_Number__c,,2926
006WR00000wjKH2YAM,Tallmadge Boyer Block,,"2926 Zuni Street, Denver, CO, USA",Property_Street__c,,Zuni Street
006WR00000wjKH3YAM,Country Club of LaCholla,,"8700 N La Cholla Blvd, Tucson, AZ, USA",Property_Street_Number__c,,8700
006WR00000wjKH3YAM,Country Club of LaCholla,,"8700 N La Cholla Blvd, Tucson, AZ, USA",Property_Street__c,,N La Cholla Blvd
006WR00000wjKH4YAM,"Patriot Mobile Home Park NV, LLC",,"815 Sky Road, Indian Springs, NV, USA",Property_Street_Number__c,,815
006WR00000wjKH4YAM,"Patriot Mobile Home Park NV, LLC",,"815 Sky Road, Indian Springs, NV, USA",Property_Street__c,,Sky Road
006WR00000wjKH5YAM,Freedom Springs,,"734 Western Drive, Colorado Springs, CO, USA",Property_Street_Number__c,,734
006WR00000wjKH5YAM,Freedom Springs,,"734 Western Drive, Colorado Springs, CO, USA",Property_Street__c,,Western Drive
006WR00000wjKH6YAM,Evoke Capitol LLC,,"1947 South Maple Avenue, Yuma, AZ, USA",Property_Street_Number__c,,1947
006WR00000wjKH6YAM,Evoke Capitol LLC,,"1947 South Maple Avenue, Yuma, AZ, USA",Property_Street__c,,South Maple Avenue
006WR00000wjKH7YAM,Lafayette Gardens,,"11700 East South Boulder Road, Lafayette, CO, USA",Property_Street_Number__c,,11700
006WR00000wjKH7YAM,Lafayette Gardens,,"11700 East South Boulder Road, Lafayette, CO, USA",Property_Street__c,,East South Boulder Road
006WR00000wjKH8YAM,1135 Logan St. Apts,,"1135 Logan Street, Denver, CO, USA",Property_Street_Number__c,,1135
006WR00000wjKH8YAM,1135 Logan St. Apts,,"1135 Logan Street, Denver, CO, USA",Property_Street__c,,Logan Street
006WR00000wjKH9YAM,Sandstone at Eldorado Homeowners Association,,"1421 Evans Canyon Court, North Las Vegas, NV, USA",Property_Street_Number__c,,1421
006WR00000wjKH9YAM,Sandstone at Eldorado Homeowners Association,,"1421 Evans Canyon Court, North Las Vegas, NV, USA",Property_Street__c,,Evans Canyon Court
006WR00000wjKHAYA2,Barcelona Manor,,"6360 North Barcelona Lane, Tucson, AZ, USA",Property_Street_Number__c,,6360
006WR00000wjKHAYA2,Barcelona Manor,,"6360 North Barcelona Lane, Tucson, AZ, USA",Property_Street__c,,North Barcelona Lane
006WR00000wjKHBYA2,Normandy Gardens,,"400 East College Road #51, Lamar, CO, USA",Property_Street_Number__c,,400
006WR00000wjKHBYA2,Normandy Gardens,,"400 East College Road #51, Lamar, CO, USA",Property_Street__c,,East College Road
006WR00000wjKHCYA2,Jasmine Falls Homeowners Association,,"7705 Lots Hills Drive, Las Vegas, NV, USA",Property_Street_Number__c,,7705
006WR00000wjKHCYA2,Jasmine Falls Homeowners Association,,"7705 Lots Hills Drive, Las Vegas, NV, USA",Property_Street__c,,Lots Hills Drive
006WR00000wjKHDYA2,San Pedro Resort,,"1110 Arizona 80, Benson, AZ, USA",Property_Street_Number__c,,1110
006WR00000wjKHDYA2,San Pedro Resort,,"1110 Arizona 80, Benson, AZ, USA",Property_Street__c,,Arizona 80
006WR00000wjKHEYA2,Presidential Arms,,"3595 South Washington Street, Englewood, CO, USA",Property_Street_Number__c,,3595
006WR00000wjKHEYA2,Presidential Arms,,"3595 South Washington Street, Englewood, CO, USA",Property_Street__c,,South Washington Street
006WR00000wjKHFYA2,The Regent at Town Centre Homeowners Association,,"6955 North Durango Drive, Las Vegas, NV, USA",Property_Street_Number__c,,6955
006WR00000wjKHFYA2,The Regent at Town Centre Homeowners Association,,"6955 North Durango Drive, Las Vegas, NV, USA",Property_Street__c,,North Durango Drive
006WR00000wjKHGYA2,Trail Creek Ranch,,"4875 South Balsam Way, Littleton, CO, USA",Property_Street_Number__c,,4875
006WR00000wjKHGYA2,Trail Creek Ranch,,"4875 South Balsam Way, Littleton, CO, USA",Property_Street__c,,South Balsam Way
006WR00000wjKHHYA2,Wheat Ridge Town Center North,,"7340 West 44th Avenue, Wheat Ridge, CO, USA",Property_Street_Number__c,,7340
006WR00000wjKHHYA2,Wheat Ridge Town Center North,,"7340 West 44th Avenue, Wheat Ridge, CO, USA",Property_Street__c,,West 44th Avenue
006WR00000wjKHIYA2,The Groves,,"2990 South Power Road, Mesa, AZ, USA",Property_Street_Number__c,,2990
006WR00000wjKHIYA2,The Groves,,"2990 South Power Road, Mesa, AZ, USA",Property_Street__c,,South Power Road
006WR00000wjdjoYAA,Metropolitan Towers,,"2324 East Old Shakopee Road, Bloomington, MN 55425, USA",Property_Street_Number__c,,2324
006WR00000wjdjoYAA,Metropolitan Towers,,"2324 East Old Shakopee Road, Bloomington, MN 55425, USA",Property_Street__c,,East Old Shakopee Road
006WR00000wjdjpYAA,Hunt Club Apartments,,"3726 S 180th St, SeaTac, WA 98188, USA",Property_Street_Number__c,,3726
006WR00000wjdjpYAA,Hunt Club Apartments,,"3726 S 180th St, SeaTac, WA 98188, USA",Property_Street__c,,S 180th St
006WR00000wjdjqYAA,Civic Plaza,,"190 E Front St unit 112, Boise, ID 83702, USA",Property_Street_Number__c,,190
006WR00000wjdjqYAA,Civic Plaza,,"190 E Front St unit 112, Boise, ID 83702, USA",Property_Street__c,,E Front St
006WR00000wjdjrYAA,Vincent Marie,,"3320 35th Ave S Fargo, ND",Property_Street_Number__c,,3320
006WR00000wjdjrYAA,Vincent Marie,,"3320 35th Ave S Fargo, ND",Property_Street__c,,35th Ave S Fargo
006WR00000wjdjsYAA,Granite Village Condominiums,,"412 North 1080 West, Orem, UT, USA",Property_Street_Number__c,,412
006WR00000wjdjsYAA,Granite Village Condominiums,,"412 North 1080 West, Orem, UT, USA",Property_Street__c,,North 1080 West
006WR00000wjdjtYAA,Eagan Gables,,"863 Wescott Square, Eagan, MN 55123, USA",Property_Street_Number__c,,863
006WR00000wjdjtYAA,Eagan Gables,,"863 Wescott Square, Eagan, MN 55123, USA",Property_Street__c,,Wescott Square
006WR00000wjdjuYAA,Chambers Creek Estates,,"6124 70th Ave Ct W, University Place, WA 98467, USA",Property_Street_Number__c,,6124
006WR00000wjdjuYAA,Chambers Creek Estates,,"6124 70th Ave Ct W, University Place, WA 98467, USA",Property_Street__c,,70th Ave Ct W
006WR00000wjdjvYAA,Valley Place,,"7201 36th Ave N, Crystal, MN 55427, USA",Property_Street_Number__c,,7201
006WR00000wjdjvYAA,Valley Place,,"7201 36th Ave N, Crystal, MN 55427, USA",Property_Street__c,,36th Ave N
006WR00000wjdjwYAA,Ridgepoint Apartments,,3330 42nd St S Fargo ND 58104,Property_Street_Number__c,,3330
006WR00000wjdjwYAA,Ridgepoint Apartments,,3330 42nd St S Fargo ND 58104,Property_Street__c,,42nd St S
006WR00000wjdjxYAA,The Sedges,,"8623 Palatine Avenue North, Seattle, WA 98103, USA",Property_Street_Number__c,,8623
006WR00000wjdjxYAA,The Sedges,,"8623 Palatine Avenue North, Seattle, WA 98103, USA",Property_Street__c,,Palatine Avenue North
006WR00000wjdjyYAA,University Village Apartments,,"1270 Sandhill Rd, Orem, UT 84058, USA",Property_Street_Number__c,,1270
006WR00000wjdjyYAA,University Village Apartments,,"1270 Sandhill Rd, Orem, UT 84058, USA",Property_Street__c,,Sandhill Rd
006WR00000wjdjzYAA,Boulevard 100,,"3000 MN-100, St. Louis Park, MN 55416, USA",Property_Street_Number__c,,3000
006WR00000wjdjzYAA,Boulevard 100,,"3000 MN-100, St. Louis Park, MN 55416, USA",Property_Street__c,,MN-100
006WR00000wjdk0YAA,Neo at Four Corners,,"16803 Sarahs Pl, Clermont, FL 34714, USA",Property_Street_Number__c,,16803
006WR00000wjdk0YAA,Neo at Four Corners,,"16803 Sarahs Pl, Clermont, FL 34714, USA",Property_Street__c,,Sarahs Pl
006WR00000wjdk1YAA,Park Ridgeway,,"4301 Oregon Ave N, New Hope, MN 55428, USA",Property_Street_Number__c,,4301
006WR00000wjdk1YAA,Park Ridgeway,,"4301 Oregon Ave N, New Hope, MN 55428, USA",Property_Street__c,,Oregon Ave N
006WR00000wjdk2YAA,University Gardens,,"1333 N Tyndall Ave, Tucson, AZ 85719, USA",Property_Street_Number__c,,1333
006WR00000wjdk2YAA,University Gardens,,"1333 N Tyndall Ave, Tucson, AZ 85719, USA",Property_Street__c,,N Tyndall Ave
006WR00000wjdk3YAA,Bass Lake Crossing,,"5601 Quebec Ave N #107a, New Hope, MN 55428, USA",Property_Street_Number__c,,5601
006WR00000wjdk3YAA,Bass Lake Crossing,,"5601 Quebec Ave N #107a, New Hope, MN 55428, USA",Property_Street__c,,Quebec Ave N
006WR00000wjdk4YAA,Allegro Winter Park,,"2701 Howell Branch Rd, Winter Park, FL 32792, USA",Property_Street_Number__c,,2701
006WR00000wjdk4YAA,Allegro Winter Park,,"2701 Howell Branch Rd, Winter Park, FL 32792, USA",Property_Street__c,,Howell Branch Rd
006WR00000wjdk5YAA,University Park Apts,,"1010 E Mabel St, Tucson, AZ 85719, USA",Property_Street_Number__c,,1010
006WR00000wjdk5YAA,University Park Apts,,"1010 E Mabel St, Tucson, AZ 85719, USA",Property_Street__c,,E Mabel St
006WR00000wjdk6YAA,Palm Aire,,"6241 N 27th Ave, Phoenix, AZ 85017, USA",Property_Street_Number__c,,6241
006WR00000wjdk6YAA,Palm Aire,,"6241 N 27th Ave, Phoenix, AZ 85017, USA",Property_Street__c,,N 27th Ave
006WR00000wjdk7YAA,Urban Park,,"3601 Phillips Pkwy, St. Louis Park, MN 55426, USA",Property_Street_Number__c,,3601
006WR00000wjdk7YAA,Urban Park,,"3601 Phillips Pkwy, St. Louis Park, MN 55426, USA",Property_Street__c,,Phillips Pkwy
006WR00000wjdk8YAA,Eagan Place,,"3575 Lexington Ave S, Eagan, MN 55123, USA",Property_Street_Number__c,,3575
006WR00000wjdk8YAA,Eagan Place,,"3575 Lexington Ave S, Eagan, MN 55123, USA",Property_Street__c,,Lexington Ave S
006WR00000wjdk9YAA,The Junction at Iron Horse,,"504 E 9th St, Tucson, AZ 85705, USA",Property_Street_Number__c,,504
006WR00000wjdk9YAA,The Junction at Iron Horse,,"504 E 9th St, Tucson, AZ 85705, USA",Property_Street__c,,E 9th St
006WR00000wjdkAYAQ,Pinewood Park Apartments,,"2351 Pine Brook Dr, Kissimmee, FL 34741, USA",Property_Street_Number__c,,2351
006WR00000wjdkAYAQ,Pinewood Park Apartments,,"2351 Pine Brook Dr, Kissimmee, FL 34741, USA",Property_Street__c,,Pine Brook Dr
006WR00000wjdkBYAQ,Groves,,"6802 63rd Ave N, Brooklyn Park, MN 55428, USA",Property_Street_Number__c,,6802
006WR00000wjdkBYAQ,Groves,,"6802 63rd Ave N, Brooklyn Park, MN 55428, USA",Property_Street__c,,63rd Ave N
006WR00000wjdkCYAQ,Maple Ridge,,"3525 N 167th Cir, Omaha, NE 68116, USA",Property_Street_Number__c,,3525
006WR00000wjdkCYAQ,Maple Ridge,,"3525 N 167th Cir, Omaha, NE 68116, USA",Property_Street__c,,N 167th Cir
006WR00000wjdkDYAQ,The Residences at Emerson Park,,"1601 Alston Bay Blvd, Apopka, FL 32703, USA",Property_Street_Number__c,,1601
006WR00000wjdkDYAQ,The Residences at Emerson Park,,"1601 Alston Bay Blvd, Apopka, FL 32703, USA",Property_Street__c,,Alston Bay Blvd
006WR00000wjdkEYAQ,Pantano Crossings,,"445 N Pantano Rd, Tucson, AZ 85710, USA",Property_Street_Number__c,,445
006WR00000wjdkEYAQ,Pantano Crossings,,"445 N Pantano Rd, Tucson, AZ 85710, USA",Property_Street__c,,N Pantano Rd
006WR00000wjdkFYAQ,Meadowview,,"650 Garfield St E, Anoka, MN 55303, USA",Property_Street_Number__c,,650
006WR00000wjdkFYAQ,Meadowview,,"650 Garfield St E, Anoka, MN 55303, USA",Property_Street__c,,Garfield St E
006WR00000wjdkGYAQ,Arroyo Villas,,"4701 Irving Blvd NW, Albuquerque, NM 87114, USA",Property_Street_Number__c,,4701
006WR00000wjdkGYAQ,Arroyo Villas,,"4701 Irving Blvd NW, Albuquerque, NM 87114, USA",Property_Street__c,,Irving Blvd NW
006WR00000wjdkHYAQ,The Neo Apartments,,"1450 E Vine St, Kissimmee, FL 34744, USA",Property_Street_Number__c,,1450
006WR00000wjdkHYAQ,The Neo Apartments,,"1450 E Vine St, Kissimmee, FL 34744, USA",Property_Street__c,,E Vine St
006WR00000wjdkIYAQ,Bristol Village,,"7301 Bristol Village Dr, Bloomington, MN, USA",Property_Street_Number__c,,7301
006WR00000wjdkIYAQ,Bristol Village,,"7301 Bristol Village Dr, Bloomington, MN, USA",Property_Street__c,,Bristol Village Dr
006WR00000wjdkJYAQ,Benmark Apartments,,"7225 W Colonial St, Boise, ID 83709, USA",Property_Street_Number__c,,7225
006WR00000wjdkJYAQ,Benmark Apartments,,"7225 W Colonial St, Boise, ID 83709, USA",Property_Street__c,,W Colonial St
006WR00000wjdkKYAQ,Chateau,,"6101 Osuna Rd NE, Albuquerque, NM 87109, USA",Property_Street_Number__c,,6101
006WR00000wjdkKYAQ,Chateau,,"6101 Osuna Rd NE, Albuquerque, NM 87109, USA",Property_Street__c,,Osuna Rd NE
006WR00000wjdkLYAQ,Westridge Apartments,,"3097 N Five Mile Rd, Boise, ID 83713, USA",Property_Street_Number__c,,3097
006WR00000wjdkLYAQ,Westridge Apartments,,"3097 N Five Mile Rd, Boise, ID 83713, USA",Property_Street__c,,N Five Mile Rd
006WR00000wjdkMYAQ,Palmetto Apartments,,"1561 Blountstown St, Tallahassee, FL 32304, USA",Property_Street_Number__c,,1561
006WR00000wjdkMYAQ,Palmetto Apartments,,"1561 Blountstown St, Tallahassee, FL 32304, USA",Property_Street__c,,Blountstown St
006WR00000wjdkNYAQ,SIerra Meadows,,"4224 Eubank Boulevard Northeast, Albuquerque, NM, USA",Property_Street_Number__c,,4224
006WR00000wjdkNYAQ,SIerra Meadows,,"4224 Eubank Boulevard Northeast, Albuquerque, NM, USA",Property_Street__c,,Eubank Boulevard Northeast
006WR00000wjdkOYAQ,Briarwood Manor Phase 1,,"4495 Shelfer Rd, Tallahassee, FL 32305, USA",Property_Street_Number__c,,4495
006WR00000wjdkOYAQ,Briarwood Manor Phase 1,,"4495 Shelfer Rd, Tallahassee, FL 32305, USA",Property_Street__c,,Shelfer Rd
006WR00000wjdkPYAQ,Woodland Park,,"2614 Cutters Grove Ave, Anoka, MN 55303, USA",Property_Street_Number__c,,2614
006WR00000wjdkPYAQ,Woodland Park,,"2614 Cutters Grove Ave, Anoka, MN 55303, USA",Property_Street__c,,Cutters Grove Ave
006WR00000wjdkQYAQ,Encino Gardens,,"412 Alvarado Dr SE, Albuquerque, NM 87108, USA",Property_Street_Number__c,,412
006WR00000wjdkQYAQ,Encino Gardens,,"412 Alvarado Dr SE, Albuquerque, NM 87108, USA",Property_Street__c,,Alvarado Dr SE
006WR00000wjdkRYAQ,Rembrandt Park Apartments,,"1436 N Cormorant Pl, Boise, ID 83713, USA",Property_Street_Number__c,,1436
006WR00000wjdkRYAQ,Rembrandt Park Apartments,,"1436 N Cormorant Pl, Boise, ID 83713, USA",Property_Street__c,,N Cormorant Pl
006WR00000wjdkSYAQ,Briarwood Manor Phase 2,,"4495 Shelfer Rd, Tallahassee, FL 32305, USA",Property_Street_Number__c,,4495
006WR00000wjdkSYAQ,Briarwood Manor Phase 2,,"4495 Shelfer Rd, Tallahassee, FL 32305, USA",Property_Street__c,,Shelfer Rd
006WR00000wjdkTYAQ,Highland Park (Fridley),,"630 Osborne Rd NE #207, Fridley, MN 55432, USA",Property_Street_Number__c,,630
006WR00000wjdkTYAQ,Highland Park (Fridley),,"630 Osborne Rd NE #207, Fridley, MN 55432, USA",Property_Street__c,,Osborne Rd NE
006WR00000wjdkUYAQ,Aspens,,"9677 Eagle Ranch Rd NW, Albuquerque, NM 87114, USA",Property_Street_Number__c,,9677
006WR00000wjdkUYAQ,Aspens,,"9677 Eagle Ranch Rd NW, Albuquerque, NM 87114, USA",Property_Street__c,,Eagle Ranch Rd NW
006WR00000wjdkVYAQ,Royal American,,"4495 Shelfer Road, Tallahassee, FL 32305, USA",Property_Street_Number__c,,4495
006WR00000wjdkVYAQ,Royal American,,"4495 Shelfer Road, Tallahassee, FL 32305, USA",Property_Street__c,,Shelfer Road
006WR00000wjdkWYAQ,Oakdale Apartments,,"226 North 1st Street, DeFuniak Springs, FL, USA",Property_Street_Number__c,,226
006WR00000wjdkWYAQ,Oakdale Apartments,,"226 North 1st Street, DeFuniak Springs, FL, USA",Property_Street__c,,North 1st Street
006WR00000wjdkXYAQ,River Quarry,,"1618 S Loggers Pond Pl, Boise, ID 83706, USA",Property_Street_Number__c,,1618
006WR00000wjdkXYAQ,River Quarry,,"1618 S Loggers Pond Pl, Boise, ID 83706, USA",Property_Street__c,,S Loggers Pond Pl
006WR00000wjdkYYAQ,Cedar gate,,"8300 Old Cedar Ave S, Bloomington, MN 55425, USA",Property_Street_Number__c,,8300
006WR00000wjdkYYAQ,Cedar gate,,"8300 Old Cedar Ave S, Bloomington, MN 55425, USA",Property_Street__c,,Old Cedar Ave S
006WR00000wjdkZYAQ,Ash Street Courtyard,,"12026 SE Ash St, Portland, OR 97216, USA",Property_Street_Number__c,,12026
006WR00000wjdkZYAQ,Ash Street Courtyard,,"12026 SE Ash St, Portland, OR 97216, USA",Property_Street__c,,SE Ash St
006WR00000wjdkaYAA,Park at Murano,,"4757 Barkley Cir, Fort Myers, FL 33907, USA",Property_Street_Number__c,,4757
006WR00000wjdkaYAA,Park at Murano,,"4757 Barkley Cir, Fort Myers, FL 33907, USA",Property_Street__c,,Barkley Cir
006WR00000wjdkbYAA,Woodbridge Apartments,,"1368 N Hartman St, Boise, ID 83704, USA",Property_Street_Number__c,,1368
006WR00000wjdkbYAA,Woodbridge Apartments,,"1368 N Hartman St, Boise, ID 83704, USA",Property_Street__c,,N Hartman St
006WR00000wjdkcYAA,Hampshire Hill,,"10660 Hampshire Avenue South, Bloomington, MN 55438, USA",Property_Street_Number__c,,10660
006WR00000wjdkcYAA,Hampshire Hill,,"10660 Hampshire Avenue South, Bloomington, MN 55438, USA",Property_Street__c,,Hampshire Avenue South
006WR00000wjdkdYAA,Harbour Court / 910 North,,"910 N Harbour Dr, Portland, OR 97217, USA",Property_Street_Number__c,,910
006WR00000wjdkdYAA,Harbour Court / 910 North,,"910 N Harbour Dr, Portland, OR 97217, USA",Property_Street__c,,N Harbour Dr
006WR00000wjdkeYAA,Park at Veneto,,"3891 Solomon Blvd, Fort Myers, FL 33901, USA",Property_Street_Number__c,,3891
006WR00000wjdkeYAA,Park at Veneto,,"3891 Solomon Blvd, Fort Myers, FL 33901, USA",Property_Street__c,,Solomon Blvd
006WR00000wjdkfYAA,Layton Pointe,,"355 Knowlton Street, Layton, UT 84041, USA",Property_Street_Number__c,,355
006WR00000wjdkfYAA,Layton Pointe,,"355 Knowlton Street, Layton, UT 84041, USA",Property_Street__c,,Knowlton Street
006WR00000wjdkgYAA,Park at Pasitano,,"2719 Colonial Blvd, Fort Myers, FL 33901, USA",Property_Street_Number__c,,2719
006WR00000wjdkgYAA,Park at Pasitano,,"2719 Colonial Blvd, Fort Myers, FL 33901, USA",Property_Street__c,,Colonial Blvd
006WR00000wjdkhYAA,Soll,,"2301 Ingersoll Ave, Des Moines, IA 50312, USA",Property_Street_Number__c,,2301
006WR00000wjdkhYAA,Soll,,"2301 Ingersoll Ave, Des Moines, IA 50312, USA",Property_Street__c,,Ingersoll Ave
006WR00000wjdkiYAA,Colonial Court,,"2155 Grant Ave, Ogden, UT 84401, USA",Property_Street_Number__c,,2155
006WR00000wjdkiYAA,Colonial Court,,"2155 Grant Ave, Ogden, UT 84401, USA",Property_Street__c,,Grant Ave
006WR00000wjdkjYAA,Winhall at Williams Point,,"1205 SE University Ave, Waukee, IA 50263, USA",Property_Street_Number__c,,1205
006WR00000wjdkjYAA,Winhall at Williams Point,,"1205 SE University Ave, Waukee, IA 50263, USA",Property_Street__c,,SE University Ave
006WR00000wjdkkYAA,The Seville,,"2030 Virginia Ave, Fort Myers, FL 33901, USA",Property_Street_Number__c,,2030
006WR00000wjdkkYAA,The Seville,,"2030 Virginia Ave, Fort Myers, FL 33901, USA",Property_Street__c,,Virginia Ave
006WR00000wjdklYAA,Lost Creek,,"4950 State St, Murray, UT 84107, USA",Property_Street_Number__c,,4950
006WR00000wjdklYAA,Lost Creek,,"4950 State St, Murray, UT 84107, USA",Property_Street__c,,State St
006WR00000wjdkmYAA,Greenfield Mobile Home Estates,,"400 Greenfield Drive, El Cajon, CA 92021",Property_Street_Number__c,,400
006WR00000wjdkmYAA,Greenfield Mobile Home Estates,,"400 Greenfield Drive, El Cajon, CA 92021",Property_Street__c,,Greenfield Drive
006WR00000wjdknYAA,Rancho La Vista Mobile Estates,,"13490 Highway 8 Business, Lakeside, CA 92040",Property_Street_Number__c,,13490
006WR00000wjdknYAA,Rancho La Vista Mobile Estates,,"13490 Highway 8 Business, Lakeside, CA 92040",Property_Street__c,,Highway 8 Business
006WR00000wjdkoYAA,Starlight Mobile Home Park,,"351 E. Bradley Avenue, El Cajon, CA 92021",Property_Street_Number__c,,351
006WR00000wjdkoYAA,Starlight Mobile Home Park,,"351 E. Bradley Avenue, El Cajon, CA 92021",Property_Street__c,,E. Bradley Avenue
006WR00000wjdkpYAA,Laurel Canyon,,"9051 Laurel Canyon Blvd, Sun Valley, CA, USA",Property_Street_Number__c,,9051
006WR00000wjdkpYAA,Laurel Canyon,,"9051 Laurel Canyon Blvd, Sun Valley, CA, USA",Property_Street__c,,Laurel Canyon Blvd
006WR00000wjdkqYAA,Mendota Garden,,"202 I St #137, Mendota, CA 93640, USA",Property_Street_Number__c,,202
006WR00000wjdkqYAA,Mendota Garden,,"202 I St #137, Mendota, CA 93640, USA",Property_Street__c,,I St
006WR00000wjdkrYAA,Skandia Mobile Country Club,,"16444 Bolsa Chica Street, Huntington Beach, CA, USA",Property_Street_Number__c,,16444
006WR00000wjdkrYAA,Skandia Mobile Country Club,,"16444 Bolsa Chica Street, Huntington Beach, CA, USA",Property_Street__c,,Bolsa Chica Street
006WR00000wjdksYAA,Oak Hill Apartments,,"15800 Northwest West Union Road, Portland, OR, USA",Property_Street_Number__c,,15800
006WR00000wjdksYAA,Oak Hill Apartments,,"15800 Northwest West Union Road, Portland, OR, USA",Property_Street__c,,Northwest West Union Road
006WR00000wjdktYAA,Parkside Apartments,,"2831 Southeast Palmquist Road, Gresham, OR, USA",Property_Street_Number__c,,2831
006WR00000wjdktYAA,Parkside Apartments,,"2831 Southeast Palmquist Road, Gresham, OR, USA",Property_Street__c,,Southeast Palmquist Road
006WR00000wjdkuYAA,Regatta Apartments,,"1145 South 216th Street, Des Moines, WA, USA",Property_Street_Number__c,,1145
006WR00000wjdkuYAA,Regatta Apartments,,"1145 South 216th Street, Des Moines, WA, USA",Property_Street__c,,South 216th Street
006WR00000wjdkvYAA,Spinnaker Landing,,"21620 14th Avenue South, Des Moines, WA, USA",Property_Street_Number__c,,21620
006WR00000wjdkvYAA,Spinnaker Landing,,"21620 14th Avenue South, Des Moines, WA, USA",Property_Street__c,,14th Avenue South
006WR00000wjdkwYAA,Pleasant View Estates,,"6020 Fort Jenkins Lane, Bloomsburg, PA, USA",Property_Street_Number__c,,6020
006WR00000wjdkwYAA,Pleasant View Estates,,"6020 Fort Jenkins Lane, Bloomsburg, PA, USA",Property_Street__c,,Fort Jenkins Lane
006WR00000wjdkxYAA,The Meadows,,"11 Cardinal St, Nappanee, IN 46550, USA",Property_Street_Number__c,,11
006WR00000wjdkxYAA,The Meadows,,"11 Cardinal St, Nappanee, IN 46550, USA",Property_Street__c,,Cardinal St
006WR00000wjdkyYAA,Valley View Ephrata II,,"1 Sunflower Dr, Ephrata, PA 17522, USA",Property_Street_Number__c,,1
006WR00000wjdkyYAA,Valley View Ephrata II,,"1 Sunflower Dr, Ephrata, PA 17522, USA",Property_Street__c,,Sunflower Dr
006WR00000wjdkzYAA,Valley View Ephrata I,,"1 Sunflower Dr, Ephrata, PA 17522, USA",Property_Street_Number__c,,1
006WR00000wjdkzYAA,Valley View Ephrata I,,"1 Sunflower Dr, Ephrata, PA 17522, USA",Property_Street__c,,Sunflower Dr
006WR00000wjdl0YAA,Crescent Valley,,"23500 The Old Rd, Newhall, CA 91321, USA",Property_Street_Number__c,,23500
006WR00000wjdl0YAA,Crescent Valley,,"23500 The Old Rd, Newhall, CA 91321, USA",Property_Street__c,,The Old Rd
006WR00000wjdl1YAA,Fairway Estates MHC,,"5011 Hillsdale Blvd, North Highlands, CA 95660, USA",Property_Street_Number__c,,5011
006WR00000wjdl1YAA,Fairway Estates MHC,,"5011 Hillsdale Blvd, North Highlands, CA 95660, USA",Property_Street__c,,Hillsdale Blvd
006WR00000wjdl2YAA,Lamplighter Camarillo,,"3905 Via Rosal, Camarillo, CA 93012, USA",Property_Street_Number__c,,3905
006WR00000wjdl2YAA,Lamplighter Camarillo,,"3905 Via Rosal, Camarillo, CA 93012, USA",Property_Street__c,,Via Rosal
006WR00000wjdl3YAA,Royal Garden Estates,,"10200 Bolsa Ave, Westminster, CA 92683, USA",Property_Street_Number__c,,10200
006WR00000wjdl3YAA,Royal Garden Estates,,"10200 Bolsa Ave, Westminster, CA 92683, USA",Property_Street__c,,Bolsa Ave
006WR00000wjdl4YAA,Sunset Estates,,"1130 White Rock Rd, El Dorado Hills, CA 95762, USA",Property_Street_Number__c,,1130
006WR00000wjdl4YAA,Sunset Estates,,"1130 White Rock Rd, El Dorado Hills, CA 95762, USA",Property_Street__c,,White Rock Rd
006WR00000wjdl5YAA,Aspen Basalt Mobile Home Park,,"1900 Willits Ln #8a, Basalt, CO 81621, USA",Property_Street_Number__c,,1900
006WR00000wjdl5YAA,Aspen Basalt Mobile Home Park,,"1900 Willits Ln #8a, Basalt, CO 81621, USA",Property_Street__c,,Willits Ln
006WR00000wjdl6YAA,Country Estates Mobile Home Park,,"3500 35th Ave, Greeley, CO 80634, USA",Property_Street_Number__c,,3500
006WR00000wjdl6YAA,Country Estates Mobile Home Park,,"3500 35th Ave, Greeley, CO 80634, USA",Property_Street__c,,35th Ave
006WR00000wjdl7YAA,IPG Capital Mountain View,,"900 Mountain View Ave, Longmont, CO 80501, USA",Property_Street_Number__c,,900
006WR00000wjdl7YAA,IPG Capital Mountain View,,"900 Mountain View Ave, Longmont, CO 80501, USA",Property_Street__c,,Mountain View Ave
006WR00000wjdl8YAA,Glenbrier Park,,"7000 Bunch Ct, Boise, ID 83714",Property_Street_Number__c,,7000
006WR00000wjdl8YAA,Glenbrier Park,,"7000 Bunch Ct, Boise, ID 83714",Property_Street__c,,Bunch Ct
006WR00000wjdl9YAA,Granger Senior Estates,,"10030 N Dewitt Ln, Boise, ID 83704",Property_Street_Number__c,,10030
006WR00000wjdl9YAA,Granger Senior Estates,,"10030 N Dewitt Ln, Boise, ID 83704",Property_Street__c,,N Dewitt Ln
006WR00000wjdlAYAQ,Rustic Acres MHC,,"501 Greenleaf St, Boise, ID 83713, USA",Property_Street_Number__c,,501
006WR00000wjdlAYAQ,Rustic Acres MHC,,"501 Greenleaf St, Boise, ID 83713, USA",Property_Street__c,,Greenleaf St
006WR00000wjdlBYAQ,Windemere Meadows -Aumsville,,"608 Windemere Street, Aumsville, OR, USA",Property_Street_Number__c,,608
006WR00000wjdlBYAQ,Windemere Meadows -Aumsville,,"608 Windemere Street, Aumsville, OR, USA",Property_Street__c,,Windemere Street
006WR00000wjdlCYAQ,Big Valley Woods,,"32700 Southeast Leewood Lane, Boring, OR, USA",Property_Street_Number__c,,32700
006WR00000wjdlCYAQ,Big Valley Woods,,"32700 Southeast Leewood Lane, Boring, OR, USA",Property_Street__c,,Southeast Leewood Lane
006WR00000wjdlDYAQ,Camelot Mobile Estates,,"5307 State Highway 303 Northeast, Bremerton, WA, USA",Property_Street_Number__c,,5307
006WR00000wjdlDYAQ,Camelot Mobile Estates,,"5307 State Highway 303 Northeast, Bremerton, WA, USA",Property_Street__c,,State Highway 303 Northeast
006WR00000wjdlEYAQ,Concord Terrace,,"3500 SE Concord Rd #20, Milwaukie, OR 97267, USA",Property_Street_Number__c,,3500
006WR00000wjdlEYAQ,Concord Terrace,,"3500 SE Concord Rd #20, Milwaukie, OR 97267, USA",Property_Street__c,,SE Concord Rd
006WR00000wjdlFYAQ,Excalibur Village,,"23470 Oregon 213, Oregon City, OR, USA",Property_Street_Number__c,,23470
006WR00000wjdlFYAQ,Excalibur Village,,"23470 Oregon 213, Oregon City, OR, USA",Property_Street__c,,Oregon 213
006WR00000wjdlGYAQ,Golden Oaks,,"1125 58th St, Springfield, OR 97478, USA",Property_Street_Number__c,,1125
006WR00000wjdlGYAQ,Golden Oaks,,"1125 58th St, Springfield, OR 97478, USA",Property_Street__c,,58th St
006WR00000wjdlHYAQ,Mill Creek Estates,,"112 Carmel Dr SE, Aumsville, OR 97325, USA",Property_Street_Number__c,,112
006WR00000wjdlHYAQ,Mill Creek Estates,,"112 Carmel Dr SE, Aumsville, OR 97325, USA",Property_Street__c,,Carmel Dr SE
006WR00000wjdlIYAQ,Remington Arms,,"1515 NW Fir Ave, Redmond, OR 97756, USA",Property_Street_Number__c,,1515
006WR00000wjdlIYAQ,Remington Arms,,"1515 NW Fir Ave, Redmond, OR 97756, USA",Property_Street__c,,NW Fir Ave
006WR00000wjdlJYAQ,The Pines (aka Windstone),,"61000 Brosterhous Road, Bend, OR 97702, USA",Property_Street_Number__c,,61000
006WR00000wjdlJYAQ,The Pines (aka Windstone),,"61000 Brosterhous Road, Bend, OR 97702, USA",Property_Street__c,,Brosterhous Road
006WR00000wjdlKYAQ,Viking Estates,,"61000 Brosterhous Road, Bend, OR, USA",Property_Street_Number__c,,61000
006WR00000wjdlKYAQ,Viking Estates,,"61000 Brosterhous Road, Bend, OR, USA",Property_Street__c,,Brosterhous Road
006WR00000wjdlLYAQ,Wildwood Mobile Villa,,"1655 S Elm St, Canby, OR, USA",Property_Street_Number__c,,1655
006WR00000wjdlLYAQ,Wildwood Mobile Villa,,"1655 S Elm St, Canby, OR, USA",Property_Street__c,,S Elm St
006WR00000wjdlMYAQ,Willow Pines,,"5510 Windsor Island Rd N, Salem, OR, USA",Property_Street_Number__c,,5510
006WR00000wjdlMYAQ,Willow Pines,,"5510 Windsor Island Rd N, Salem, OR, USA",Property_Street__c,,Windsor Island Rd N
006WR00000wjnOAYAY,Higley Apartments,,"5214 E Baseline Rd, Gilbert, AZ 85234, USA",Property_Street_Number__c,,5214
006WR00000wjnOAYAY,Higley Apartments,,"5214 E Baseline Rd, Gilbert, AZ 85234, USA",Property_Street__c,,E Baseline Rd
006WR00000wjnOBYAY,Rivulon,,"3415 S 142nd St, Gilbert, AZ 85297, USA",Property_Street_Number__c,,3415
006WR00000wjnOBYAY,Rivulon,,"3415 S 142nd St, Gilbert, AZ 85297, USA",Property_Street__c,,S 142nd St
006WR00000wjnOCYAY,Murietta at ASU,,"1717 S Dorsey Ln, Tempe, AZ 85281, USA",Property_Street_Number__c,,1717
006WR00000wjnOCYAY,Murietta at ASU,,"1717 S Dorsey Ln, Tempe, AZ 85281, USA",Property_Street__c,,S Dorsey Ln
006WR00000wjnODYAY,Sonoma Landing Luxury Apartments,,"4776 E Guadalupe Rd, Gilbert, AZ 85234, USA",Property_Street_Number__c,,4776
006WR00000wjnODYAY,Sonoma Landing Luxury Apartments,,"4776 E Guadalupe Rd, Gilbert, AZ 85234, USA",Property_Street__c,,E Guadalupe Rd
006WR00000wjnOEYAY,Lotus Point,,"139 N Dobson Rd, Mesa, AZ, USA",Property_Street_Number__c,,139
006WR00000wjnOEYAY,Lotus Point,,"139 N Dobson Rd, Mesa, AZ, USA",Property_Street__c,,N Dobson Rd
006WR00000wjnOFYAY,Karmella Mobile Home Park,,"730 S Country Club Dr, Mesa, AZ 85210, USA",Property_Street_Number__c,,730
006WR00000wjnOFYAY,Karmella Mobile Home Park,,"730 S Country Club Dr, Mesa, AZ 85210, USA",Property_Street__c,,S Country Club Dr
006WR00000wjnOGYAY,Mera Greenfield,,"4755 E Southern Ave, Mesa, AZ 85206, USA",Property_Street_Number__c,,4755
006WR00000wjnOGYAY,Mera Greenfield,,"4755 E Southern Ave, Mesa, AZ 85206, USA",Property_Street__c,,E Southern Ave
006WR00000wjnOHYAY,Encore On MacDonald,,"107 South Macdonald, Mesa, AZ 85210, USA",Property_Street_Number__c,,107
006WR00000wjnOHYAY,Encore On MacDonald,,"107 South Macdonald, Mesa, AZ 85210, USA",Property_Street__c,,South Macdonald
006WR00000wjnOIYAY,Juanita Mobile Home Park,,"156 N Hawes Rd, Mesa, AZ 85207, USA",Property_Street_Number__c,,156
006WR00000wjnOIYAY,Juanita Mobile Home Park,,"156 N Hawes Rd, Mesa, AZ 85207, USA",Property_Street__c,,N Hawes Rd
006WR00000wjnOJYAY,Stillwater Superstition Apartments,,"1445 S Power Rd, Mesa, AZ 85206, USA",Property_Street_Number__c,,1445
006WR00000wjnOJYAY,Stillwater Superstition Apartments,,"1445 S Power Rd, Mesa, AZ 85206, USA",Property_Street__c,,S Power Rd
006WR00000wjnOKYAY,Villas On Hampton Avenue,,"5120 E Hampton Ave, Mesa, AZ 85206, USA",Property_Street_Number__c,,5120
006WR00000wjnOKYAY,Villas On Hampton Avenue,,"5120 E Hampton Ave, Mesa, AZ 85206, USA",Property_Street__c,,E Hampton Ave
006WR00000wjnOLYAY,The Palms on Scottsdale,,"1535 N Scottsdale Rd, Tempe, AZ, USA",Property_Street_Number__c,,1535
006WR00000wjnOLYAY,The Palms on Scottsdale,,"1535 N Scottsdale Rd, Tempe, AZ, USA",Property_Street__c,,N Scottsdale Rd
006WR00000wjnOMYAY,Peralta Vista (Apt. homes rent),,"526 N Ellsworth Rd, Mesa, AZ 85207, USA",Property_Street_Number__c,,526
006WR00000wjnOMYAY,Peralta Vista (Apt. homes rent),,"526 N Ellsworth Rd, Mesa, AZ 85207, USA",Property_Street__c,,N Ellsworth Rd
006WR00000wjnONYAY,Smith + Rio,,"1979 East Rio Salado Parkway, Tempe, AZ, USA",Property_Street_Number__c,,1979
006WR00000wjnONYAY,Smith + Rio,,"1979 East Rio Salado Parkway, Tempe, AZ, USA",Property_Street__c,,East Rio Salado Parkway
006WR00000wjnOOYAY,Imperial Broadmoor,,"2600 East Allred Avenue, Mesa, AZ 85204, USA",Property_Street_Number__c,,2600
006WR00000wjnOOYAY,Imperial Broadmoor,,"2600 East Allred Avenue, Mesa, AZ 85204, USA",Property_Street__c,,East Allred Avenue
006WR00000wjnOPYAY,Keller at Town Square,,"150 E Warner Rd, Gilbert, AZ 85296, USA",Property_Street_Number__c,,150
006WR00000wjnOPYAY,Keller at Town Square,,"150 E Warner Rd, Gilbert, AZ 85296, USA",Property_Street__c,,E Warner Rd
006WR00000wjnOQYAY,Golf View Apartments,,"245 N 56th St, Mesa, AZ 85205, USA",Property_Street_Number__c,,245
006WR00000wjnOQYAY,Golf View Apartments,,"245 N 56th St, Mesa, AZ 85205, USA",Property_Street__c,,N 56th St
006WR00000wjnORYAY,Sunridge Manor Apts - NOW - The Manhattan,,"1107 E University Dr, Mesa, AZ 85203, USA",Property_Street_Number__c,,1107
006WR00000wjnORYAY,Sunridge Manor Apts - NOW - The Manhattan,,"1107 E University Dr, Mesa, AZ 85203, USA",Property_Street__c,,E University Dr
006WR00000wjnOSYAY,The Grid,,"34 South Pomeroy, Mesa, AZ 85210, USA",Property_Street_Number__c,,34
006WR00000wjnOSYAY,The Grid,,"34 South Pomeroy, Mesa, AZ 85210, USA",Property_Street__c,,South Pomeroy
006WR00000wjnOTYAY,Pueblo Mesa (MHP),,"8832 E Pueblo Ave, Mesa, AZ 85208, USA",Property_Street_Number__c,,8832
006WR00000wjnOTYAY,Pueblo Mesa (MHP),,"8832 E Pueblo Ave, Mesa, AZ 85208, USA",Property_Street__c,,E Pueblo Ave
006WR00000wjnOUYAY,The Resort (MHP),,1101 S Ellsworth Rd,Property_Street_Number__c,,1101
006WR00000wjnOUYAY,The Resort (MHP),,1101 S Ellsworth Rd,Property_Street__c,,S Ellsworth Rd
006WR00000wjnOVYAY,The Aster at Mountain Vista,,1103 S Crimson Rd  85209 Mesa Az,Property_Street_Number__c,,1103
006WR00000wjnOVYAY,The Aster at Mountain Vista,,1103 S Crimson Rd  85209 Mesa Az,Property_Street__c,,S Crimson Rd  85209
006WR00000wjnOWYAY,The Havenly Gilbert,,"4343 E Warner Rd, Gilbert, AZ 85296, USA",Property_Street_Number__c,,4343
006WR00000wjnOWYAY,The Havenly Gilbert,,"4343 E Warner Rd, Gilbert, AZ 85296, USA",Property_Street__c,,E Warner Rd
006WR00000wjnOXYAY,Garden Spot Mobile Home Park,,"32 South Barkley, Mesa, AZ, 85204 USA",Property_Street_Number__c,,32
006WR00000wjnOXYAY,Garden Spot Mobile Home Park,,"32 South Barkley, Mesa, AZ, 85204 USA",Property_Street__c,,South Barkley
006WR00000wjnOYYAY,Medina Station- Phase 2,,1153 S Signal Butte Rd 85208,Property_Street_Number__c,,1153
006WR00000wjnOYYAY,Medina Station- Phase 2,,1153 S Signal Butte Rd 85208,Property_Street__c,,S Signal Butte Rd
006WR00000wjnOZYAY,Golden West Apartments,,"6239 E Greenway Cir, Mesa, AZ 85205, USA",Property_Street_Number__c,,6239
006WR00000wjnOZYAY,Golden West Apartments,,"6239 E Greenway Cir, Mesa, AZ 85205, USA",Property_Street__c,,E Greenway Cir
006WR00000wjnOaYAI,Modera Rio Salado,,835 W. Rio Sala Pky 85281,Property_Street_Number__c,,835
006WR00000wjnOaYAI,Modera Rio Salado,,835 W. Rio Sala Pky 85281,Property_Street__c,,W. Rio Sala Pky
006WR00000wjnObYAI,Hilo Tempe,,"701 S Mill Ave, Tempe, AZ 85281, USA",Property_Street_Number__c,,701
006WR00000wjnObYAI,Hilo Tempe,,"701 S Mill Ave, Tempe, AZ 85281, USA",Property_Street__c,,S Mill Ave
006WR00000wjnOcYAI,Gallery Park,,"5110 S Power Rd, Mesa, AZ, USA",Property_Street_Number__c,,5110
006WR00000wjnOcYAI,Gallery Park,,"5110 S Power Rd, Mesa, AZ, USA",Property_Street__c,,S Power Rd
006WR00000wjnOdYAI,Melrose Place,,"501 N 64th Pl, Mesa, AZ 85205, USA",Property_Street_Number__c,,501
006WR00000wjnOdYAI,Melrose Place,,"501 N 64th Pl, Mesa, AZ 85205, USA",Property_Street__c,,N 64th Pl
006WR00000wjnOeYAI,Ramblewood Condos,,"30 E Brown Rd #1018, Mesa, AZ 85201, USA",Property_Street_Number__c,,30
006WR00000wjnOeYAI,Ramblewood Condos,,"30 E Brown Rd #1018, Mesa, AZ 85201, USA",Property_Street__c,,E Brown Rd
006WR00000wjnOfYAI,Painted Trails Apartments,,"4255 E Pecos Rd, Gilbert, AZ 85295, USA",Property_Street_Number__c,,4255
006WR00000wjnOfYAI,Painted Trails Apartments,,"4255 E Pecos Rd, Gilbert, AZ 85295, USA",Property_Street__c,,E Pecos Rd
006WR00000wjnOgYAI,Park Place at Gallery Park,,"5135 S Power Rd, Mesa, AZ, USA",Property_Street_Number__c,,5135
006WR00000wjnOgYAI,Park Place at Gallery Park,,"5135 S Power Rd, Mesa, AZ, USA",Property_Street__c,,S Power Rd
006WR00000wjnOhYAI,Trailing R Mobile Ranch-64 Spaces,,"8730 E Main St, Mesa, AZ 85207, USA",Property_Street_Number__c,,8730
006WR00000wjnOhYAI,Trailing R Mobile Ranch-64 Spaces,,"8730 E Main St, Mesa, AZ 85207, USA",Property_Street__c,,E Main St
006WR00000wjnOiYAI,Silveridge Resort (MHP),,8265 E Southern Ave 85209,Property_Street_Number__c,,8265
006WR00000wjnOiYAI,Silveridge Resort (MHP),,8265 E Southern Ave 85209,Property_Street__c,,E Southern Ave
006WR00000wjnOjYAI,Springs at Red Mountain,,"2639 N Power Rd, Mesa, AZ 85207, USA",Property_Street_Number__c,,2639
006WR00000wjnOjYAI,Springs at Red Mountain,,"2639 N Power Rd, Mesa, AZ 85207, USA",Property_Street__c,,N Power Rd
006WR00000wjnOkYAI,Medina Station Phase 1,,"1113 W Southern Ave, Mesa, AZ 85208, USA",Property_Street_Number__c,,1113
006WR00000wjnOkYAI,Medina Station Phase 1,,"1113 W Southern Ave, Mesa, AZ 85208, USA",Property_Street__c,,W Southern Ave
006WR00000wjnOlYAI,Sunny Crest (MHP),,"9427 E University Dr, Mesa, AZ 85207, USA",Property_Street_Number__c,,9427
006WR00000wjnOlYAI,Sunny Crest (MHP),,"9427 E University Dr, Mesa, AZ 85207, USA",Property_Street__c,,E University Dr
006WR00000wjnOmYAI,Silver Spur Village,,"9333 East University Drive, Mesa, AZ 85207, USA",Property_Street_Number__c,,9333
006WR00000wjnOmYAI,Silver Spur Village,,"9333 East University Drive, Mesa, AZ 85207, USA",Property_Street__c,,East University Drive
006WR00000wjnOnYAI,The ONE at Mountain Vista,,1410 S Signal Butte Rd 85209,Property_Street_Number__c,,1410
006WR00000wjnOnYAI,The ONE at Mountain Vista,,1410 S Signal Butte Rd 85209,Property_Street__c,,S Signal Butte Rd
006WR00000wjnOoYAI,Shadow Run Condos,Chandler_MDU_Shadow Run Condos,"1800 W Elliot Rd, Chandler, AZ 85224, USA",Property_Street_Number__c,,1800
006WR00000wjnOoYAI,Shadow Run Condos,Chandler_MDU_Shadow Run Condos,"1800 W Elliot Rd, Chandler, AZ 85224, USA",Property_Street__c,,W Elliot Rd
006WR00000wjnOpYAI,The Groves Apartments,,"2030 E Broadway Rd, Mesa, AZ 85204, USA",Property_Street_Number__c,,2030
006WR00000wjnOpYAI,The Groves Apartments,,"2030 E Broadway Rd, Mesa, AZ 85204, USA",Property_Street__c,,E Broadway Rd
006WR00000wjnOqYAI,Southbank - Lot 6,,"Vista Del Lago Dr, Tempe, AZ, USA",Property_Street__c,,Vista Del Lago Dr
006WR00000wjnOrYAI,First & Farmer,,"206 S Farmer Ave, Tempe, AZ 85281, USA",Property_Street_Number__c,,206
006WR00000wjnOrYAI,First & Farmer,,"206 S Farmer Ave, Tempe, AZ 85281, USA",Property_Street__c,,S Farmer Ave
006WR00000wjnOsYAI,Garden View Apts/Deckz Townhomes,,"524 S Stapley Dr, Mesa, AZ 85204, USA",Property_Street_Number__c,,524
006WR00000wjnOsYAI,Garden View Apts/Deckz Townhomes,,"524 S Stapley Dr, Mesa, AZ 85204, USA",Property_Street__c,,S Stapley Dr
006WR00000wjnOtYAI,Suncourt Villas Apartments,Mesa_MDU_Suncourt Villas Apartments,"5825 E University Dr, Mesa, AZ 85205, USA",Property_Street_Number__c,,5825
006WR00000wjnOtYAI,Suncourt Villas Apartments,Mesa_MDU_Suncourt Villas Apartments,"5825 E University Dr, Mesa, AZ 85205, USA",Property_Street__c,,E University Dr
006WR00000wjnOuYAI,Village Crossing at Broadway,,"3165 E Broadway Rd, Mesa, AZ 85204, USA",Property_Street_Number__c,,3165
006WR00000wjnOuYAI,Village Crossing at Broadway,,"3165 E Broadway Rd, Mesa, AZ 85204, USA",Property_Street__c,,E Broadway Rd
006WR00000wjnOvYAI,Mountain View Condo Rentals,Mesa_MDU_Mountain View Condos,"Mountain View Condo Rentals, 425 E Brown Rd, Mesa, AZ, USA",Property_Street__c,,Mountain View Condo Rentals
006WR00000wjnOwYAI,Horne Apartments,,"544 North Horne, Mesa, AZ 85203, USA",Property_Street_Number__c,,544
006WR00000wjnOwYAI,Horne Apartments,,"544 North Horne, Mesa, AZ 85203, USA",Property_Street__c,,North Horne
006WR00000wjnOxYAI,The Davenport,,"633 W 1st Ave, Mesa, AZ 85210, USA",Property_Street_Number__c,,633
006WR00000wjnOxYAI,The Davenport,,"633 W 1st Ave, Mesa, AZ 85210, USA",Property_Street__c,,W 1st Ave
006WR00000wjnOyYAI,Sundial,,"2121 North Center Street, Mesa, AZ 85201, USA",Property_Street_Number__c,,2121
006WR00000wjnOyYAI,Sundial,,"2121 North Center Street, Mesa, AZ 85201, USA",Property_Street__c,,North Center Street
006WR00000wjnOzYAI,Sunflower/Rio Salada Place Apartments,,830 N ALMA SCHOOL RD MESA 85201,Property_Street_Number__c,,830
006WR00000wjnOzYAI,Sunflower/Rio Salada Place Apartments,,830 N ALMA SCHOOL RD MESA 85201,Property_Street__c,,N ALMA SCHOOL RD
006WR00000wjnP0YAI,Villa Del Prado Apts,,"434 South Mesa Drive, Mesa, AZ, USA",Property_Street_Number__c,,434
006WR00000wjnP0YAI,Villa Del Prado Apts,,"434 South Mesa Drive, Mesa, AZ, USA",Property_Street__c,,South Mesa Drive
006WR00000wjnP1YAI,Silver Spur Ranch (MHP),,"9310 E Apache Trail, Mesa, AZ 85207, USA",Property_Street_Number__c,,9310
006WR00000wjnP1YAI,Silver Spur Ranch (MHP),,"9310 E Apache Trail, Mesa, AZ 85207, USA",Property_Street__c,,E Apache Trail
006WR00000wjnP2YAI,Mesa Sunset (MHP),,"9252 E Broadway Rd, Mesa, AZ 85208, USA",Property_Street_Number__c,,9252
006WR00000wjnP2YAI,Mesa Sunset (MHP),,"9252 E Broadway Rd, Mesa, AZ 85208, USA",Property_Street__c,,E Broadway Rd
006WR00000wjnP3YAI,Mountain View (MHP),,"8600 E Broadway Rd, Mesa, AZ 85208, USA",Property_Street_Number__c,,8600
006WR00000wjnP3YAI,Mountain View (MHP),,"8600 E Broadway Rd, Mesa, AZ 85208, USA",Property_Street__c,,E Broadway Rd
006WR00000wjnP4YAI,Los Racimos Condos,,"540 North May, Mesa, AZ 85201, USA",Property_Street_Number__c,,540
006WR00000wjnP4YAI,Los Racimos Condos,,"540 North May, Mesa, AZ 85201, USA",Property_Street__c,,North May
006WR00000wjnP5YAI,The Residences at Mesa & Main,,"424 West Main Street, Mesa, AZ, USA",Property_Street_Number__c,,424
006WR00000wjnP5YAI,The Residences at Mesa & Main,,"424 West Main Street, Mesa, AZ, USA",Property_Street__c,,West Main Street
006WR00000wjnP6YAI,Saratoga Apartments,,2340 W UNIVERSITY DR MESA 85201,Property_Street_Number__c,,2340
006WR00000wjnP6YAI,Saratoga Apartments,,2340 W UNIVERSITY DR MESA 85201,Property_Street__c,,W UNIVERSITY DR
006WR00000wjnP7YAI,Elliot Place,,"1126 W Elliot Rd, Chandler, AZ 85224, USA",Property_Street_Number__c,,1126
006WR00000wjnP7YAI,Elliot Place,,"1126 W Elliot Rd, Chandler, AZ 85224, USA",Property_Street__c,,W Elliot Rd
006WR00000wjnP8YAI,Lincoln South Bank,,"Vista Del Lago Drive, Tempe, AZ, USA",Property_Street__c,,Vista Del Lago Drive
006WR00000wjnP9YAI,Lakeside Villas,,"1111 W Summit Pl, Chandler, AZ 85224, USA",Property_Street_Number__c,,1111
006WR00000wjnP9YAI,Lakeside Villas,,"1111 W Summit Pl, Chandler, AZ 85224, USA",Property_Street__c,,W Summit Pl
006WR00000wjnPAYAY,District at Cooley Station,,4070 E Williams Field Rd 85295,Property_Street_Number__c,,4070
006WR00000wjnPAYAY,District at Cooley Station,,4070 E Williams Field Rd 85295,Property_Street__c,,E Williams Field Rd
006WR00000wjnPBYAY,Gilbert Commons,,"1121 E Baseline Rd, Gilbert, AZ 85233, USA",Property_Street_Number__c,,1121
006WR00000wjnPBYAY,Gilbert Commons,,"1121 E Baseline Rd, Gilbert, AZ 85233, USA",Property_Street__c,,E Baseline Rd
006WR00000wjnPCYAY,Norte Town Lake,,"909 East Playa Del Norte Drive, Tempe, AZ, USA",Property_Street_Number__c,,909
006WR00000wjnPCYAY,Norte Town Lake,,"909 East Playa Del Norte Drive, Tempe, AZ, USA",Property_Street__c,,East Playa Del Norte Drive
006WR00000wjnPDYAY,Northbend,,"906 North Miller Road, Tempe, AZ, USA",Property_Street_Number__c,,906
006WR00000wjnPDYAY,Northbend,,"906 North Miller Road, Tempe, AZ, USA",Property_Street__c,,North Miller Road
006WR00000wjnPEYAY,Marquis at Chandler,,"2222 West Frye Road, Chandler, AZ, USA",Property_Street_Number__c,,2222
006WR00000wjnPEYAY,Marquis at Chandler,,"2222 West Frye Road, Chandler, AZ, USA",Property_Street__c,,West Frye Road
006WR00000wjnPFYAY,Skye Tempe,,780 S Myrtle Dr Tempe AZ,Property_Street_Number__c,,780
006WR00000wjnPFYAY,Skye Tempe,,780 S Myrtle Dr Tempe AZ,Property_Street__c,,S Myrtle Dr
006WR00000wjnPGYAY,South Pier at Tempe Town Lake,,"1130 West Rio Salado Parkway, Tempe, AZ 85281, USA",Property_Street_Number__c,,1130
006WR00000wjnPGYAY,South Pier at Tempe Town Lake,,"1130 West Rio Salado Parkway, Tempe, AZ 85281, USA",Property_Street__c,,West Rio Salado Parkway
006WR00000wjnPHYAY,The Curry Road Apartments,,"1035 E Curry Rd, Tempe, AZ, USA",Property_Street_Number__c,,1035
006WR00000wjnPHYAY,The Curry Road Apartments,,"1035 E Curry Rd, Tempe, AZ, USA",Property_Street__c,,E Curry Rd
006WR00000wjnPIYAY,Tempe Cascade (MHP),,"2340 E University Dr, Tempe, AZ 85281, USA",Property_Street_Number__c,,2340
006WR00000wjnPIYAY,Tempe Cascade (MHP),,"2340 E University Dr, Tempe, AZ 85281, USA",Property_Street__c,,E University Dr
006WR00000wjnPJYAY,St. James Manor Apartments,,"3106 North 60th Street, Omaha, NE, USA",Property_Street_Number__c,,3106
006WR00000wjnPJYAY,St. James Manor Apartments,,"3106 North 60th Street, Omaha, NE, USA",Property_Street__c,,North 60th Street
006WR00000wjnPKYAY,Whelan Ranch Condominiums,,"4276 Humboldt Bay Way, Oceanside, CA, USA",Property_Street_Number__c,,4276
006WR00000wjnPKYAY,Whelan Ranch Condominiums,,"4276 Humboldt Bay Way, Oceanside, CA, USA",Property_Street__c,,Humboldt Bay Way
006WR00000wjnPLYAY,The Normandy,,"9315 Western Avenue, Omaha, NE, USA",Property_Street_Number__c,,9315
006WR00000wjnPLYAY,The Normandy,,"9315 Western Avenue, Omaha, NE, USA",Property_Street__c,,Western Avenue
006WR00000wjnPMYAY,The Mill,Omaha_MDU_The Mill Apartments,"6152 Military Avenue, Omaha, NE, USA",Property_Street_Number__c,,6152
006WR00000wjnPMYAY,The Mill,Omaha_MDU_The Mill Apartments,"6152 Military Avenue, Omaha, NE, USA",Property_Street__c,,Military Avenue
006WR00000wjnPNYAY,Cypress Pointe II Senior Housing,,"6025 Hartman Ave, Omaha, NE ",Property_Street_Number__c,,6025
006WR00000wjnPNYAY,Cypress Pointe II Senior Housing,,"6025 Hartman Ave, Omaha, NE ",Property_Street__c,,Hartman Ave
006WR00000wjnPOYAY,Riviera Court,,"2020 Read Street, Omaha, NE, USA",Property_Street_Number__c,,2020
006WR00000wjnPOYAY,Riviera Court,,"2020 Read Street, Omaha, NE, USA",Property_Street__c,,Read Street
006WR00000wjnPPYAY,Hamburg MHP,,"5455 Southwestern Blvd, Hamburg, NY, USA",Property_Street_Number__c,,5455
006WR00000wjnPPYAY,Hamburg MHP,,"5455 Southwestern Blvd, Hamburg, NY, USA",Property_Street__c,,Southwestern Blvd
006WR00000wjnPQYAY,Chaucer Estates,,"5358 Chaucer Circle, Gibsonia, PA, USA",Property_Street_Number__c,,5358
006WR00000wjnPQYAY,Chaucer Estates,,"5358 Chaucer Circle, Gibsonia, PA, USA",Property_Street__c,,Chaucer Circle
006WR00000wjnPRYAY,Cedar Creek,,"5851 U.S. 31, Peru, IN, USA",Property_Street_Number__c,,5851
006WR00000wjnPRYAY,Cedar Creek,,"5851 U.S. 31, Peru, IN, USA",Property_Street__c,,U.S. 31
006WR00000wjnPSYAY,Hillside CP LLC,,"2681 State Route 21, Wayland, NY, USA",Property_Street_Number__c,,2681
006WR00000wjnPSYAY,Hillside CP LLC,,"2681 State Route 21, Wayland, NY, USA",Property_Street__c,,State Route 21
006WR00000wjnPTYAY,North Bay Estates,,"7959 Margaretta Road, Sodus Point, NY, USA",Property_Street_Number__c,,7959
006WR00000wjnPTYAY,North Bay Estates,,"7959 Margaretta Road, Sodus Point, NY, USA",Property_Street__c,,Margaretta Road
006WR00000wjnPUYAY,Fredonia Estates CP LLC,,"277 West Main Street, Fredonia, NY, USA",Property_Street_Number__c,,277
006WR00000wjnPUYAY,Fredonia Estates CP LLC,,"277 West Main Street, Fredonia, NY, USA",Property_Street__c,,West Main Street
006WR00000wjnPVYAY,"Forest MHP, LLC",,3767 Fairville Maple Ridge Road,Property_Street_Number__c,,3767
006WR00000wjnPVYAY,"Forest MHP, LLC",,3767 Fairville Maple Ridge Road,Property_Street__c,,Fairville Maple Ridge Road
006WR00000wjnPWYAY,Lynchburg (fka Suburban Trailer Town),,"2521 Suburban Road, Lynchburg, VA, USA",Property_Street_Number__c,,2521
006WR00000wjnPWYAY,Lynchburg (fka Suburban Trailer Town),,"2521 Suburban Road, Lynchburg, VA, USA",Property_Street__c,,Suburban Road
006WR00000wjnPXYAY,Lake Side MHC (Part of Buckeye Lake MHP above),,"4711 Walnut Rd, Buckeye Lake, OH, USA",Property_Street_Number__c,,4711
006WR00000wjnPXYAY,Lake Side MHC (Part of Buckeye Lake MHP above),,"4711 Walnut Rd, Buckeye Lake, OH, USA",Property_Street__c,,Walnut Rd
006WR00000wjnPYYAY,Morgantown Hills (Jarret Brothers),,"3549 Morgantown Rd, Smithfield, PA, USA",Property_Street_Number__c,,3549
006WR00000wjnPYYAY,Morgantown Hills (Jarret Brothers),,"3549 Morgantown Rd, Smithfield, PA, USA",Property_Street__c,,Morgantown Rd
006WR00000wjnPZYAY,Fairplay MHP,,"21980 US Hwy 285, Fairplay, CO 80440, USA",Property_Street_Number__c,,21980
006WR00000wjnPZYAY,Fairplay MHP,,"21980 US Hwy 285, Fairplay, CO 80440, USA",Property_Street__c,,US Hwy 285
006WR00000wjnPaYAI,Gold Pan MHP,,"125 12th Steet, Fairplay, CO 80440",Property_Street_Number__c,,125
006WR00000wjnPaYAI,Gold Pan MHP,,"125 12th Steet, Fairplay, CO 80440",Property_Street__c,,12th
006WR00000wjnPbYAI,Dotsero MHP,,"4675 US Hwy 6, Gypsum, CO 81637",Property_Street_Number__c,,4675
006WR00000wjnPbYAI,Dotsero MHP,,"4675 US Hwy 6, Gypsum, CO 81637",Property_Street__c,,US Hwy 6
006WR00000wjnPcYAI,Greeley RV Park,,"501 E 27th Street, Greeley, CO 80631",Property_Street_Number__c,,501
006WR00000wjnPcYAI,Greeley RV Park,,"501 E 27th Street, Greeley, CO 80631",Property_Street__c,,E 27th Street
006WR00000wjnPdYAI,Walnut Manor,,"2 Rose Garden Road, Smithfield, PA, USA",Property_Street_Number__c,,2
006WR00000wjnPdYAI,Walnut Manor,,"2 Rose Garden Road, Smithfield, PA, USA",Property_Street__c,,Rose Garden Road
006WR00000wjnPeYAI,Oxford Woods,,102 Maplewood Dr  Dunbar OH 15431,Property_Street_Number__c,,102
006WR00000wjnPeYAI,Oxford Woods,,102 Maplewood Dr  Dunbar OH 15431,Property_Street__c,,Maplewood Dr
006WR00000wjnPfYAI,Stanton Hills MHP,,2439-2443 Racetrack Road new stant,Property_Street_Number__c,,2439-2443
006WR00000wjnPfYAI,Stanton Hills MHP,,2439-2443 Racetrack Road new stant,Property_Street__c,,Racetrack Road new stant
006WR00000wjnPgYAI,Sandy Hills Estates,,"230 Sandy Hill Road, Valencia, PA, USA",Property_Street_Number__c,,230
006WR00000wjnPgYAI,Sandy Hills Estates,,"230 Sandy Hill Road, Valencia, PA, USA",Property_Street__c,,Sandy Hill Road
006WR00000wjnPhYAI,Riverbend Estates (Oakridge),,"2950 West 1100 North, Decatur, IN, USA",Property_Street_Number__c,,2950
006WR00000wjnPhYAI,Riverbend Estates (Oakridge),,"2950 West 1100 North, Decatur, IN, USA",Property_Street__c,,West 1100 North
006WR00000wjnPiYAI,RV Retreat,,"3618 SE Frontage Road, Johnstown, CO 80534",Property_Street_Number__c,,3618
006WR00000wjnPiYAI,RV Retreat,,"3618 SE Frontage Road, Johnstown, CO 80534",Property_Street__c,,SE Frontage Road
006WR00000wjnPjYAI,Beaver Dam,,"3272 Kings Branch Dr, Greenville, NC, USA",Property_Street_Number__c,,3272
006WR00000wjnPjYAI,Beaver Dam,,"3272 Kings Branch Dr, Greenville, NC, USA",Property_Street__c,,Kings Branch Dr
006WR00000wjnPkYAI,City Gate,,"2890 Brighton Blvd., Denver, CO 80216",Property_Street_Number__c,,2890
006WR00000wjnPkYAI,City Gate,,"2890 Brighton Blvd., Denver, CO 80216",Property_Street__c,,Brighton Blvd.
006WR00000wjnkrYAA,Landmark on Lovers,,"5201 Amesbury Drive, Dallas, TX, USA",Property_Street_Number__c,,5201
006WR00000wjnkrYAA,Landmark on Lovers,,"5201 Amesbury Drive, Dallas, TX, USA",Property_Street__c,,Amesbury Drive
006WR00000wjnksYAA,Berkshire Auburn,,"5515 Arapaho Road, Dallas, TX, USA",Property_Street_Number__c,,5515
006WR00000wjnksYAA,Berkshire Auburn,,"5515 Arapaho Road, Dallas, TX, USA",Property_Street__c,,Arapaho Road
006WR00000wjnktYAA,Andulusian Gate,,"3653 Briargrove Lane, Dallas, TX, USA",Property_Street_Number__c,,3653
006WR00000wjnktYAA,Andulusian Gate,,"3653 Briargrove Lane, Dallas, TX, USA",Property_Street__c,,Briargrove Lane
006WR00000wjnkuYAA,South Side Flats,,"1210 Botham Jean Boulevard, Dallas, TX, USA",Property_Street_Number__c,,1210
006WR00000wjnkuYAA,South Side Flats,,"1210 Botham Jean Boulevard, Dallas, TX, USA",Property_Street__c,,Botham Jean Boulevard
006WR00000wjnkvYAA,Berkshire Amber,,"5519 Arapaho Road, Dallas, TX, USA",Property_Street_Number__c,,5519
006WR00000wjnkvYAA,Berkshire Amber,,"5519 Arapaho Road, Dallas, TX, USA",Property_Street__c,,Arapaho Road
006WR00000wjnkwYAA,Stonegate Apts,,825 S ALMA SCHOOL RD MESA 85210,Property_Street_Number__c,,825
006WR00000wjnkwYAA,Stonegate Apts,,825 S ALMA SCHOOL RD MESA 85210,Property_Street__c,,S ALMA SCHOOL RD
006WR00000wjnkxYAA,Fiesta Park Village Condos,,818 S WESTWOOD  MESA 85210,Property_Street_Number__c,,818
006WR00000wjnkxYAA,Fiesta Park Village Condos,,818 S WESTWOOD  MESA 85210,Property_Street__c,,S WESTWOOD
006WR00000wjnkyYAA,Fiesta Village Furnished Apts,,960 W SOUTHERN AVE MESA 85210,Property_Street_Number__c,,960
006WR00000wjnkyYAA,Fiesta Village Furnished Apts,,960 W SOUTHERN AVE MESA 85210,Property_Street__c,,W SOUTHERN AVE
006WR00000wjnkzYAA,Shorebird,,"1362 South Vineyard, Mesa, AZ 85210, USA",Property_Street_Number__c,,1362
006WR00000wjnkzYAA,Shorebird,,"1362 South Vineyard, Mesa, AZ 85210, USA",Property_Street__c,,South Vineyard
006WR00000wjnl0YAA,Country Cousins Mobile Home & RV Park,,"61 W Southern Ave, Mesa, AZ 85210, USA",Property_Street_Number__c,,61
006WR00000wjnl0YAA,Country Cousins Mobile Home & RV Park,,"61 W Southern Ave, Mesa, AZ 85210, USA",Property_Street__c,,W Southern Ave
006WR00000wjnl1YAA,Skyline Trinity,,"1900 North Beckley Avenue, Dallas, TX, USA",Property_Street_Number__c,,1900
006WR00000wjnl1YAA,Skyline Trinity,,"1900 North Beckley Avenue, Dallas, TX, USA",Property_Street__c,,North Beckley Avenue
006WR00000wjnl2YAA,Broadstone 51/51,,"5151 Bent Tree Forest Drive, Dallas, TX, USA",Property_Street_Number__c,,5151
006WR00000wjnl2YAA,Broadstone 51/51,,"5151 Bent Tree Forest Drive, Dallas, TX, USA",Property_Street__c,,Bent Tree Forest Drive
006WR00000wjnl3YAA,Larq Henderson,,"1945 Bennet Avenue, Dallas, TX, USA",Property_Street_Number__c,,1945
006WR00000wjnl3YAA,Larq Henderson,,"1945 Bennet Avenue, Dallas, TX, USA",Property_Street__c,,Bennet Avenue
006WR00000wjnl4YAA,Camden Belmont,,"2500 Bennet Avenue, Dallas, TX, USA",Property_Street_Number__c,,2500
006WR00000wjnl4YAA,Camden Belmont,,"2500 Bennet Avenue, Dallas, TX, USA",Property_Street__c,,Bennet Avenue
006WR00000wjnl5YAA,Buckeye Trails Commons,,"6714 Bexar Street, Dallas, TX, USA",Property_Street_Number__c,,6714
006WR00000wjnl5YAA,Buckeye Trails Commons,,"6714 Bexar Street, Dallas, TX, USA",Property_Street__c,,Bexar Street
006WR00000wjnl6YAA,Melody Villa Condominiums,Mesa_MDU_Melody Villa Condominiums,"1310 South Pima, Mesa, AZ 85210, USA",Property_Street_Number__c,,1310
006WR00000wjnl6YAA,Melody Villa Condominiums,Mesa_MDU_Melody Villa Condominiums,"1310 South Pima, Mesa, AZ 85210, USA",Property_Street__c,,South Pima
006WR00000wjnl7YAA,Ponderosa Pine Apartments (Pine Gardens),Mesa_MDU_Ponderosa Pine Apartments,206 W SOUTHERN AVE MESA 85210,Property_Street_Number__c,,206
006WR00000wjnl7YAA,Ponderosa Pine Apartments (Pine Gardens),Mesa_MDU_Ponderosa Pine Apartments,206 W SOUTHERN AVE MESA 85210,Property_Street__c,,W SOUTHERN AVE
006WR00000wjnl8YAA,Alexan Lower Greenville,,"5619 Belmont Avenue, Dallas, TX, USA",Property_Street_Number__c,,5619
006WR00000wjnl8YAA,Alexan Lower Greenville,,"5619 Belmont Avenue, Dallas, TX, USA",Property_Street__c,,Belmont Avenue
006WR00000wjnl9YAA,New Village at Lakewest,,"2629 Bickers Street, Dallas, TX, USA",Property_Street_Number__c,,2629
006WR00000wjnl9YAA,New Village at Lakewest,,"2629 Bickers Street, Dallas, TX, USA",Property_Street__c,,Bickers Street
006WR00000wjnlAYAQ,Alara Uptown,,"2990 Blackburn Street, Dallas, TX, USA",Property_Street_Number__c,,2990
006WR00000wjnlAYAQ,Alara Uptown,,"2990 Blackburn Street, Dallas, TX, USA",Property_Street__c,,Blackburn Street
006WR00000wjnlBYAQ,Bishop North,,"200 North Bishop Avenue, Dallas, TX, USA",Property_Street_Number__c,,200
006WR00000wjnlBYAQ,Bishop North,,"200 North Bishop Avenue, Dallas, TX, USA",Property_Street__c,,North Bishop Avenue
006WR00000wjnlCYAQ,Thirty377,,"3377 Blackburn Street, Dallas, TX, USA",Property_Street_Number__c,,3377
006WR00000wjnlCYAQ,Thirty377,,"3377 Blackburn Street, Dallas, TX, USA",Property_Street__c,,Blackburn Street
006WR00000wjnlDYAQ,Stella,,"2112 Boll Street, Dallas, TX, USA",Property_Street_Number__c,,2112
006WR00000wjnlDYAQ,Stella,,"2112 Boll Street, Dallas, TX, USA",Property_Street__c,,Boll Street
006WR00000wjnlEYAQ,The Monterey,Mesa_MDU_The Monterey,241 E 1ST AVE MESA 85210,Property_Street_Number__c,,241
006WR00000wjnlEYAQ,The Monterey,Mesa_MDU_The Monterey,241 E 1ST AVE MESA 85210,Property_Street__c,,E 1ST AVE
006WR00000wjnlFYAQ,Temple View Condos,Mesa_MDU_Temple View Condos,"501 E 2nd Ave, Mesa, AZ 85204, USA",Property_Street_Number__c,,501
006WR00000wjnlFYAQ,Temple View Condos,Mesa_MDU_Temple View Condos,"501 E 2nd Ave, Mesa, AZ 85204, USA",Property_Street__c,,E 2nd Ave
006WR00000wjnlGYAQ,Tamarron Village,,455 S MESA DR MESA 85210,Property_Street_Number__c,,455
006WR00000wjnlGYAQ,Tamarron Village,,455 S MESA DR MESA 85210,Property_Street__c,,S MESA DR
006WR00000wjnlHYAQ,Four Mile Village Condominium Association,,"540 South Forest Street, Denver, CO, USA",Property_Street_Number__c,,540
006WR00000wjnlHYAQ,Four Mile Village Condominium Association,,"540 South Forest Street, Denver, CO, USA",Property_Street__c,,South Forest Street
006WR00000wjnlIYAQ,Pearl Studios,,"71430 Northwest Pettygrove Street, Portland, OR, USA",Property_Street_Number__c,,71430
006WR00000wjnlIYAQ,Pearl Studios,,"71430 Northwest Pettygrove Street, Portland, OR, USA",Property_Street__c,,Northwest Pettygrove Street
006WR00000wjnlJYAQ,Portola East Mesa,,"3030 East Broadway Road, Mesa, AZ 85204, USA",Property_Street_Number__c,,3030
006WR00000wjnlJYAQ,Portola East Mesa,,"3030 East Broadway Road, Mesa, AZ 85204, USA",Property_Street__c,,East Broadway Road
006WR00000wjnlKYAQ,Tremont Sr Apartment Homes,,"1700 Bacon Ranch Road, Killeen, TX, USA",Property_Street_Number__c,,1700
006WR00000wjnlKYAQ,Tremont Sr Apartment Homes,,"1700 Bacon Ranch Road, Killeen, TX, USA",Property_Street__c,,Bacon Ranch Road
006WR00000wjnlLYAQ,Ridge Point,,"1900 Bacon Ranch Road, Killeen, TX, USA",Property_Street_Number__c,,1900
006WR00000wjnlLYAQ,Ridge Point,,"1900 Bacon Ranch Road, Killeen, TX, USA",Property_Street__c,,Bacon Ranch Road
006WR00000wjnlMYAQ,Riverside Apartments,,"8828 North Riverside Drive, Fort Worth, TX, USA",Property_Street_Number__c,,8828
006WR00000wjnlMYAQ,Riverside Apartments,,"8828 North Riverside Drive, Fort Worth, TX, USA",Property_Street__c,,North Riverside Drive
006WR00000wjnlNYAQ,Riverside Mobile Estates,,"7275 Texas 29, Georgetown, TX, USA",Property_Street_Number__c,,7275
006WR00000wjnlNYAQ,Riverside Mobile Estates,,"7275 Texas 29, Georgetown, TX, USA",Property_Street__c,,Texas 29
006WR00000wjnlOYAQ,Chaska Place Apartments,,"325 Engler Boulevard, Chaska, MN 55318",Property_Street_Number__c,,325
006WR00000wjnlOYAQ,Chaska Place Apartments,,"325 Engler Boulevard, Chaska, MN 55318",Property_Street__c,,Engler Boulevard
006WR00000wjnlPYAQ,Seven Palms,,"1200 Slash Pine Circle Punta Gorda, FL 33950",Property_Street_Number__c,,1200
006WR00000wjnlPYAQ,Seven Palms,,"1200 Slash Pine Circle Punta Gorda, FL 33950",Property_Street__c,,Slash Pine Circle Punta Gorda
006WR00000wjnlQYAQ,Marina South at Cape Harbor,,"5781 Cape Harbour Drive, Cape Coral, Florida, USA",Property_Street_Number__c,,5781
006WR00000wjnlQYAQ,Marina South at Cape Harbor,,"5781 Cape Harbour Drive, Cape Coral, Florida, USA",Property_Street__c,,Cape Harbour Drive
006WR00000wjnlRYAQ,Lodges at Deer Valley,,2900 Deer Valley Drive City UT 84060,Property_Street_Number__c,,2900
006WR00000wjnlRYAQ,Lodges at Deer Valley,,2900 Deer Valley Drive City UT 84060,Property_Street__c,,Deer Valley Drive City
006WR00000wjnlSYAQ,Dolce Vita,,"3301 S Goldfield Rd, Apache Junction, AZ, USA",Property_Street_Number__c,,3301
006WR00000wjnlSYAQ,Dolce Vita,,"3301 S Goldfield Rd, Apache Junction, AZ, USA",Property_Street__c,,S Goldfield Rd
006WR00000wjnlTYAQ,Heather Brook Apartments,Mesa_MDU_Heather Brook Apartments,"4230 E University Dr, Mesa, AZ 85205, USA",Property_Street_Number__c,,4230
006WR00000wjnlTYAQ,Heather Brook Apartments,Mesa_MDU_Heather Brook Apartments,"4230 E University Dr, Mesa, AZ 85205, USA",Property_Street__c,,E University Dr
006WR00000wjnlUYAQ,The Upland,,"2638 S Bedford Ln, Boise, ID",Property_Street_Number__c,,2638
006WR00000wjnlUYAQ,The Upland,,"2638 S Bedford Ln, Boise, ID",Property_Street__c,,S Bedford Ln
006WR00000wjnlVYAQ,MAA Copper Ridge,Roanoke_MDU_MAA Copper Ridge,"2001 Holley Parkway, Roanoke, TX, USA",Property_Street_Number__c,,2001
006WR00000wjnlVYAQ,MAA Copper Ridge,Roanoke_MDU_MAA Copper Ridge,"2001 Holley Parkway, Roanoke, TX, USA",Property_Street__c,,Holley Parkway
006WR00000wjnlVYAQ,MAA Copper Ridge,Roanoke_MDU_MAA Copper Ridge,"2001 Holley Parkway, Roanoke, TX, USA",Property_County__c,,Denton
006WR00000wjnlWYAQ,MAA Watermark,Roanoke_MDU_MAA Watermark,"150 Parish Lane, Roanoke, TX, USA",Property_Street_Number__c,,150
006WR00000wjnlWYAQ,MAA Watermark,Roanoke_MDU_MAA Watermark,"150 Parish Lane, Roanoke, TX, USA",Property_Street__c,,Parish Lane
006WR00000wjnlWYAQ,MAA Watermark,Roanoke_MDU_MAA Watermark,"150 Parish Lane, Roanoke, TX, USA",Property_County__c,,Denton
006WR00000wjnlXYAQ,MAA Boulder Ridge,Roanoke_MDU_MAA Boulder Ridge,"1515 Cannon Pkwy, Roanoke, TX, USA",Property_Street_Number__c,,1515
006WR00000wjnlXYAQ,MAA Boulder Ridge,Roanoke_MDU_MAA Boulder Ridge,"1515 Cannon Pkwy, Roanoke, TX, USA",Property_Street__c,,Cannon Pkwy
006WR00000wjnlXYAQ,MAA Boulder Ridge,Roanoke_MDU_MAA Boulder Ridge,"1515 Cannon Pkwy, Roanoke, TX, USA",Property_County__c,,Denton
006WR00000wjnlYYAQ,Wintercove Park,,"549 E McKellips Rd, Mesa, AZ 85203, USA",Property_Street_Number__c,,549
006WR00000wjnlYYAQ,Wintercove Park,,"549 E McKellips Rd, Mesa, AZ 85203, USA",Property_Street__c,,E McKellips Rd
006WR00000wjnlZYAQ,Bentley By Broadmoor,Omaha_MDU_Bentley by Broadmoor,"822 North 94th Court, Omaha, NE, USA",Property_Street_Number__c,,822
006WR00000wjnlZYAQ,Bentley By Broadmoor,Omaha_MDU_Bentley by Broadmoor,"822 North 94th Court, Omaha, NE, USA",Property_Street__c,,North 94th Court
006WR00000wjnlZYAQ,Bentley By Broadmoor,Omaha_MDU_Bentley by Broadmoor,"822 North 94th Court, Omaha, NE, USA",Property_County__c,,Douglas
006WR00000wjnlaYAA,The Colonial Apartments Broadmoor,Omaha_MDU_The Colonial,"3022 N 97th St, Omaha, NE, USA",Property_Street_Number__c,,3022
006WR00000wjnlaYAA,The Colonial Apartments Broadmoor,Omaha_MDU_The Colonial,"3022 N 97th St, Omaha, NE, USA",Property_Street__c,,N 97th St
006WR00000wjnlaYAA,The Colonial Apartments Broadmoor,Omaha_MDU_The Colonial,"3022 N 97th St, Omaha, NE, USA",Property_County__c,,Douglas
006WR00000wjnlbYAA,Bellrock Crystal Springs Apartments,,"5332 Trinity River Trl, Fort Worth, TX, USA",Property_Street_Number__c,,5332
006WR00000wjnlbYAA,Bellrock Crystal Springs Apartments,,"5332 Trinity River Trl, Fort Worth, TX, USA",Property_Street__c,,Trinity River Trl
006WR00000wjnlcYAA,Dayton Commons,,"Dayton, TX, USA",Property_Street__c,,Dayton
006WR00000wjnldYAA,Town and Country Apartments,,"300 Pearl St, Keller, TX 76248",Property_Street_Number__c,,300
006WR00000wjnldYAA,Town and Country Apartments,,"300 Pearl St, Keller, TX 76248",Property_Street__c,,Pearl St
006WR00000wjnleYAA,Salem Village at Miami Heights,,"3502 Lake Street, Omaha, NE, USA",Property_Street_Number__c,,3502
006WR00000wjnleYAA,Salem Village at Miami Heights,,"3502 Lake Street, Omaha, NE, USA",Property_Street__c,,Lake Street
006WR00000wjnlfYAA,"Cardinal Farms Subdivision, Phase 1",,"County Road 305, Jarrell, TX, USA",Property_Street__c,,County Road 305
006WR00000wjnlgYAA,Catalina Ridge,,"7400 East Golf Links Road, Tucson, AZ, USA",Property_Street_Number__c,,7400
006WR00000wjnlgYAA,Catalina Ridge,,"7400 East Golf Links Road, Tucson, AZ, USA",Property_Street__c,,East Golf Links Road
006WR00000wjnlhYAA,Island Palms,,"5315 E Broadway Rd, Mesa, AZ 85206, USA",Property_Street_Number__c,,5315
006WR00000wjnlhYAA,Island Palms,,"5315 E Broadway Rd, Mesa, AZ 85206, USA",Property_Street__c,,E Broadway Rd
006WR00000wjnliYAA,The Highlands at Brentwood,,"120 North Val Vista Drive, Mesa, AZ, USA",Property_Street_Number__c,,120
006WR00000wjnliYAA,The Highlands at Brentwood,,"120 North Val Vista Drive, Mesa, AZ, USA",Property_Street__c,,North Val Vista Drive
006WR00000wjnljYAA,Courtyard Towers,,"22 North Robson, Mesa, AZ, USA",Property_Street_Number__c,,22
006WR00000wjnljYAA,Courtyard Towers,,"22 North Robson, Mesa, AZ, USA",Property_Street__c,,North Robson
006WR00000wjnlkYAA,Seventeen 805,,"17805 North 40th Street, Phoenix, AZ, USA",Property_Street_Number__c,,17805
006WR00000wjnlkYAA,Seventeen 805,,"17805 North 40th Street, Phoenix, AZ, USA",Property_Street__c,,North 40th Street
006WR00000wjnllYAA,Country Club Commons,,"1812 N Country Club Dr, Mesa, AZ, USA",Property_Street_Number__c,,1812
006WR00000wjnllYAA,Country Club Commons,,"1812 N Country Club Dr, Mesa, AZ, USA",Property_Street__c,,N Country Club Dr
006WR00000wjnlmYAA,Gold Run Condos,,"2859 Shadow Creek Dr, Boulder, CO 80303, USA",Property_Street_Number__c,,2859
006WR00000wjnlmYAA,Gold Run Condos,,"2859 Shadow Creek Dr, Boulder, CO 80303, USA",Property_Street__c,,Shadow Creek Dr
006WR00000wjnlnYAA,Country View Garden Homes,,"750 Pondella Rd North Fort Myers, FL",Property_Street_Number__c,,750
006WR00000wjnlnYAA,Country View Garden Homes,,"750 Pondella Rd North Fort Myers, FL",Property_Street__c,,Pondella Rd North Fort Myers
006WR00000wjnloYAA,Outrigger Village,,"1701 West Mabbette Street, Kissimmee, Florida 34741",Property_Street_Number__c,,1701
006WR00000wjnloYAA,Outrigger Village,,"1701 West Mabbette Street, Kissimmee, Florida 34741",Property_Street__c,,West Mabbette Street
006WR00000wjnlpYAA,Bella Vista LOST,,"400 E Riverside Dr, St. George, UT 84790",Property_Street_Number__c,,400
006WR00000wjnlpYAA,Bella Vista LOST,,"400 E Riverside Dr, St. George, UT 84790",Property_Street__c,,E Riverside Dr
006WR00000wjnlqYAA,Cedar Park Apartments [WA],,"2615 Neals Ln, Vancouver, WA, USA",Property_Street_Number__c,,2615
006WR00000wjnlqYAA,Cedar Park Apartments [WA],,"2615 Neals Ln, Vancouver, WA, USA",Property_Street__c,,Neals Ln
006WR00000wjnlrYAA,Oak Haven RV,,"2405 E State Hwy 21, Bryan, TX, USA",Property_Street_Number__c,,2405
006WR00000wjnlrYAA,Oak Haven RV,,"2405 E State Hwy 21, Bryan, TX, USA",Property_Street__c,,E State Hwy 21
006WR00000wjnlsYAA,The Residences of Holland Lake,Weatherford_MDU_The Residences of Holland Lake,"1650 Holland Lake Dr, Weatherford, TX, USA",Property_Street_Number__c,,1650
006WR00000wjnlsYAA,The Residences of Holland Lake,Weatherford_MDU_The Residences of Holland Lake,"1650 Holland Lake Dr, Weatherford, TX, USA",Property_Street__c,,Holland Lake Dr
006WR00000wjnltYAA,Residences at Holly Oaks,Weatherford_MDU_Residences at Holly Oaks,"2129 Holly Oaks Ln, Weatherford, TX, USA",Property_Street_Number__c,,2129
006WR00000wjnltYAA,Residences at Holly Oaks,Weatherford_MDU_Residences at Holly Oaks,"2129 Holly Oaks Ln, Weatherford, TX, USA",Property_Street__c,,Holly Oaks Ln
006WR00000wjnluYAA,Parkside Townhomes,,"704 Mallard Ln, Taylor, TX, USA",Property_Street_Number__c,,704
006WR00000wjnluYAA,Parkside Townhomes,,"704 Mallard Ln, Taylor, TX, USA",Property_Street__c,,Mallard Ln
006WR00000wjnlvYAA,Triple Crown Estates,Solana Beach_MDU_Triple Crown Estates,"5130 Triple Crown Row, San Diego, California, USA",Property_Street_Number__c,,5130
006WR00000wjnlvYAA,Triple Crown Estates,Solana Beach_MDU_Triple Crown Estates,"5130 Triple Crown Row, San Diego, California, USA",Property_Street__c,,Triple Crown Row
006WR00000wjnlwYAA,The Ridge Apartments,,"7611 Union Park Ave, Midvale, UT 84047",Property_Street_Number__c,,7611
006WR00000wjnlwYAA,The Ridge Apartments,,"7611 Union Park Ave, Midvale, UT 84047",Property_Street__c,,Union Park Ave
006WR00000wjnlxYAA,Montana Condos,,"555 E Silverado Ranch Blvd, Las Vegas, NV, USA",Property_Street_Number__c,,555
006WR00000wjnlxYAA,Montana Condos,,"555 E Silverado Ranch Blvd, Las Vegas, NV, USA",Property_Street__c,,E Silverado Ranch Blvd
006WR00000wjnlyYAA,Vintage Hill Coop of Prairie Trail,,"1370 SW Magazine Road, Ankeny, Iowa 50023",Property_Street_Number__c,,1370
006WR00000wjnlyYAA,Vintage Hill Coop of Prairie Trail,,"1370 SW Magazine Road, Ankeny, Iowa 50023",Property_Street__c,,SW Magazine Road
006WR00000wjnlzYAA,Perrine Court Apartments,,"11921 E Mansfield Ave Spokane Valley, WA 99206",Property_Street_Number__c,,11921
006WR00000wjnlzYAA,Perrine Court Apartments,,"11921 E Mansfield Ave Spokane Valley, WA 99206",Property_Street__c,,E Mansfield Ave Spokane Valley
006WR00000wjnm0YAA,O'Malley Apartments,,"707 East Mission Avenue, Spokane, WA, USA",Property_Street_Number__c,,707
006WR00000wjnm0YAA,O'Malley Apartments,,"707 East Mission Avenue, Spokane, WA, USA",Property_Street__c,,East Mission Avenue
006WR00000wjnm1YAA,Graymayre Crossing [LOST],,"636 E MAGNESIUM RD SPOKANE, WA 99208",Property_Street_Number__c,,636
006WR00000wjnm1YAA,Graymayre Crossing [LOST],,"636 E MAGNESIUM RD SPOKANE, WA 99208",Property_Street__c,,E MAGNESIUM RD SPOKANE
006WR00000wjnm2YAA,Park Capitol Apartments,,"215 N Main St, Salt Lake City, UT 84103, USA",Property_Street_Number__c,,215
006WR00000wjnm2YAA,Park Capitol Apartments,,"215 N Main St, Salt Lake City, UT 84103, USA",Property_Street__c,,N Main St
006WR00000wjnm3YAA,Winchester Court,,"4101 North Cook Street, Spokane, WA, USA",Property_Street_Number__c,,4101
006WR00000wjnm3YAA,Winchester Court,,"4101 North Cook Street, Spokane, WA, USA",Property_Street__c,,North Cook Street
006WR00000wjnm4YAA,Loggerhead Cay,,"979 E Gulf Drive, Sanibel, Florida 33957",Property_Street_Number__c,,979
006WR00000wjnm4YAA,Loggerhead Cay,,"979 E Gulf Drive, Sanibel, Florida 33957",Property_Street__c,,E Gulf Drive
006WR00000wjnm5YAA,Lincoln Village,,"210 East Lincoln Road, Spokane, WA",Property_Street_Number__c,,210
006WR00000wjnm5YAA,Lincoln Village,,"210 East Lincoln Road, Spokane, WA",Property_Street__c,,East Lincoln Road
006WR00000wjnm6YAA,Mission View Manor West,,"141 Douglas Drive, Oceanside, CA, USA",Property_Street_Number__c,,141
006WR00000wjnm6YAA,Mission View Manor West,,"141 Douglas Drive, Oceanside, CA, USA",Property_Street__c,,Douglas Drive
006WR00000wjnm7YAA,Westerly,,"411 West Commerce Street, Dallas, TX, USA",Property_Street_Number__c,,411
006WR00000wjnm7YAA,Westerly,,"411 West Commerce Street, Dallas, TX, USA",Property_Street__c,,West Commerce Street
006WR00000wjnm8YAA,Destinations Alexander,,"3949 W Alexander Rd, North Las Vegas, NV, USA",Property_Street_Number__c,,3949
006WR00000wjnm8YAA,Destinations Alexander,,"3949 W Alexander Rd, North Las Vegas, NV, USA",Property_Street__c,,W Alexander Rd
006WR00000wjnm9YAA,Rosewood Club,,"401 E Magnesium Rd, Spokane, WA, USA",Property_Street_Number__c,,401
006WR00000wjnm9YAA,Rosewood Club,,"401 E Magnesium Rd, Spokane, WA, USA",Property_Street__c,,E Magnesium Rd
006WR00000wjnmAYAQ,The Cornelius,,"306 Blanchard Street, Seattle, WA 98121, USA",Property_Street_Number__c,,306
006WR00000wjnmAYAQ,The Cornelius,,"306 Blanchard Street, Seattle, WA 98121, USA",Property_Street__c,,Blanchard Street
006WR00000wjnmBYAQ,Habitat Apartments [LOST],,"5739 SW Oleson Rd, Portland, OR, USA",Property_Street_Number__c,,5739
006WR00000wjnmBYAQ,Habitat Apartments [LOST],,"5739 SW Oleson Rd, Portland, OR, USA",Property_Street__c,,SW Oleson Rd
006WR00000wjnmCYAQ,Summit Townomes,,"9768 Western Plaza, Omaha, NE, USA",Property_Street_Number__c,,9768
006WR00000wjnmCYAQ,Summit Townomes,,"9768 Western Plaza, Omaha, NE, USA",Property_Street__c,,Western Plaza
006WR00000wjnmDYAQ,Spring Haven RV resort,Mesa_MDU_SpringhavenMHC,"4220 E Main St, Mesa, AZ 85205, USA",Property_Street_Number__c,,4220
006WR00000wjnmDYAQ,Spring Haven RV resort,Mesa_MDU_SpringhavenMHC,"4220 E Main St, Mesa, AZ 85205, USA",Property_Street__c,,E Main St
006WR00000wjnmEYAQ,Horizon Senior Apartments,,"990 Equestrian Dr, Henderson, NV 89002",Property_Street_Number__c,,990
006WR00000wjnmEYAQ,Horizon Senior Apartments,,"990 Equestrian Dr, Henderson, NV 89002",Property_Street__c,,Equestrian Dr
006WR00000wjnmFYAQ,Crescent Ridge Apartments,,"375 Conestoga Way, Henderson, NV 89002, USA",Property_Street_Number__c,,375
006WR00000wjnmFYAQ,Crescent Ridge Apartments,,"375 Conestoga Way, Henderson, NV 89002, USA",Property_Street__c,,Conestoga Way
006WR00000wjnmGYAQ,Colonial Square,,"1616 156th Ave NE, Bellevue, WA, USA",Property_Street_Number__c,,1616
006WR00000wjnmGYAQ,Colonial Square,,"1616 156th Ave NE, Bellevue, WA, USA",Property_Street__c,,156th Ave NE
006WR00000wjnmHYAQ,Mesa Grande MHP-110 Spaces,,"2912 E McKellips Rd, Mesa, AZ, USA",Property_Street_Number__c,,2912
006WR00000wjnmHYAQ,Mesa Grande MHP-110 Spaces,,"2912 E McKellips Rd, Mesa, AZ, USA",Property_Street__c,,E McKellips Rd
006WR00000wjnmIYAQ,The Port Apartments,,"14205 SE 4th St, Bellevue, WA 98007, USA",Property_Street_Number__c,,14205
006WR00000wjnmIYAQ,The Port Apartments,,"14205 SE 4th St, Bellevue, WA 98007, USA",Property_Street__c,,SE 4th St
006WR00000wjnmJYAQ,Moda Shoreline,,"882 Foxboro Dr, North Salt Lake, UT 84054, USA",Property_Street_Number__c,,882
006WR00000wjnmJYAQ,Moda Shoreline,,"882 Foxboro Dr, North Salt Lake, UT 84054, USA",Property_Street__c,,Foxboro Dr
006WR00000wjnmKYAQ,University Apartments,Spokane Valley_MDU_University Apartments,"10817 East 3rd Avenue, Spokane Valley, WA, USA",Property_Street_Number__c,,10817
006WR00000wjnmKYAQ,University Apartments,Spokane Valley_MDU_University Apartments,"10817 East 3rd Avenue, Spokane Valley, WA, USA",Property_Street__c,,East 3rd Avenue
006WR00000wjqCNYAY,Frankford Flats,,"1652 W Frankford Rd, Carrollton, TX",Property_Street_Number__c,,1652
006WR00000wjqCNYAY,Frankford Flats,,"1652 W Frankford Rd, Carrollton, TX",Property_Street__c,,W Frankford Rd
006WR00000wjqCOYAY,Summit Park Apartments,,"1050 Park Ave, Carrollton, TX, USA",Property_Street_Number__c,,1050
006WR00000wjqCOYAY,Summit Park Apartments,,"1050 Park Ave, Carrollton, TX, USA",Property_Street__c,,Park Ave
006WR00000wjqCPYAY,Villas of Josey Ranch,,"2050 Keller Springs Rd, Carrollton, TX, USA",Property_Street_Number__c,,2050
006WR00000wjqCPYAY,Villas of Josey Ranch,,"2050 Keller Springs Rd, Carrollton, TX, USA",Property_Street__c,,Keller Springs Rd
006WR00000wjqCQYAY,Greenbriar Park,,"2405 South 13th Street, Temple, TX, USA",Property_Street_Number__c,,2405
006WR00000wjqCQYAY,Greenbriar Park,,"2405 South 13th Street, Temple, TX, USA",Property_Street__c,,South 13th Street
006WR00000wjqCRYAY,The Timbers Apartment Homes,,"3565 Timberglen Road, Dallas, TX, USA",Property_Street_Number__c,,3565
006WR00000wjqCRYAY,The Timbers Apartment Homes,,"3565 Timberglen Road, Dallas, TX, USA",Property_Street__c,,Timberglen Road
006WR00000wjqCSYAY,Walnut Creek Apartments,,"1600 Walnut Avenue, Carrollton Heights, Carrollton, TX, USA",Property_Street_Number__c,,1600
006WR00000wjqCSYAY,Walnut Creek Apartments,,"1600 Walnut Avenue, Carrollton Heights, Carrollton, TX, USA",Property_Street__c,,Walnut Avenue
006WR00000wjqCTYAY,Winsted at White Rock Lake Apartments,,"2208 Winsted Drive, Dallas, TX, USA",Property_Street_Number__c,,2208
006WR00000wjqCTYAY,Winsted at White Rock Lake Apartments,,"2208 Winsted Drive, Dallas, TX, USA",Property_Street__c,,Winsted Drive
006WR00000wjqCUYAY,Skye at Love,,"3535 Webb Chapel Ext, Dallas, TX",Property_Street_Number__c,,3535
006WR00000wjqCUYAY,Skye at Love,,"3535 Webb Chapel Ext, Dallas, TX",Property_Street__c,,Webb Chapel Ext
006WR00000wjqCVYAY,Overlook at Bear Creek,,"800 E Ash Ln, Euless, TX, USA",Property_Street_Number__c,,800
006WR00000wjqCVYAY,Overlook at Bear Creek,,"800 E Ash Ln, Euless, TX, USA",Property_Street__c,,E Ash Ln
006WR00000wjqCWYAY,Pike West Commerce,,"444 West Commerce Street, Dallas, TX, USA",Property_Street_Number__c,,444
006WR00000wjqCWYAY,Pike West Commerce,,"444 West Commerce Street, Dallas, TX, USA",Property_Street__c,,West Commerce Street
006WR00000wjqCXYAY,Northaven Terrace,,"2805 Jerridee Cir, Dallas, TX 75229, USA",Property_Street_Number__c,,2805
006WR00000wjqCXYAY,Northaven Terrace,,"2805 Jerridee Cir, Dallas, TX 75229, USA",Property_Street__c,,Jerridee Cir
006WR00000wjqCYYAY,Josey Place Apartments,,"1845 North Josey Lane, Carrollton, TX, USA",Property_Street_Number__c,,1845
006WR00000wjqCYYAY,Josey Place Apartments,,"1845 North Josey Lane, Carrollton, TX, USA",Property_Street__c,,North Josey Lane
006WR00000wjqCZYAY,Monarch Pass,,"4500 Campus Dr, Fort Worth, TX, USA",Property_Street_Number__c,,4500
006WR00000wjqCZYAY,Monarch Pass,,"4500 Campus Dr, Fort Worth, TX, USA",Property_Street__c,,Campus Dr
006WR00000wjqCaYAI,Horizons at Sunridge,,"9001 Meadowbrook Blvd, Fort Worth, TX, USA",Property_Street_Number__c,,9001
006WR00000wjqCaYAI,Horizons at Sunridge,,"9001 Meadowbrook Blvd, Fort Worth, TX, USA",Property_Street__c,,Meadowbrook Blvd
006WR00000wjqCbYAI,The Carling on Frankford,,"1811 E Frankford Rd, Carrollton, TX, USA",Property_Street_Number__c,,1811
006WR00000wjqCbYAI,The Carling on Frankford,,"1811 E Frankford Rd, Carrollton, TX, USA",Property_Street__c,,E Frankford Rd
006WR00000wjqCcYAI,Peters Colony apartments,,"1810 East Peters Colony Road, Carrollton, TX, USA",Property_Street_Number__c,,1810
006WR00000wjqCcYAI,Peters Colony apartments,,"1810 East Peters Colony Road, Carrollton, TX, USA",Property_Street__c,,East Peters Colony Road
006WR00000wjqCdYAI,Switchyard,,"1199 North Broadway Street, Carrollton, TX, USA",Property_Street_Number__c,,1199
006WR00000wjqCdYAI,Switchyard,,"1199 North Broadway Street, Carrollton, TX, USA",Property_Street__c,,North Broadway Street
006WR00000wjqCeYAI,The Isaac,,"6226 Frisco Square Blvd, Frisco, TX, USA",Property_Street_Number__c,,6226
006WR00000wjqCeYAI,The Isaac,,"6226 Frisco Square Blvd, Frisco, TX, USA",Property_Street__c,,Frisco Square Blvd
006WR00000wjqCfYAI,Park View Terrace,Weatherford_MDU_Park View Terrace Apartments,"1301 Holland Lake Dr, Weatherford, TX, USA",Property_Street_Number__c,,1301
006WR00000wjqCfYAI,Park View Terrace,Weatherford_MDU_Park View Terrace Apartments,"1301 Holland Lake Dr, Weatherford, TX, USA",Property_Street__c,,Holland Lake Dr
006WR00000wjqCgYAI,Parks on the Green,,"3007 Antelope Trail, Temple, TX, USA",Property_Street_Number__c,,3007
006WR00000wjqCgYAI,Parks on the Green,,"3007 Antelope Trail, Temple, TX, USA",Property_Street__c,,Antelope Trail
006WR00000wjqChYAI,Gates de Provence,,"3613 Frankford Rd, Dallas, TX, USA",Property_Street_Number__c,,3613
006WR00000wjqChYAI,Gates de Provence,,"3613 Frankford Rd, Dallas, TX, USA",Property_Street__c,,Frankford Rd
006WR00000wjqCiYAI,Modera Walsh,,"13250 Highland Hills Drive, Aledo, TX, USA",Property_Street_Number__c,,13250
006WR00000wjqCiYAI,Modera Walsh,,"13250 Highland Hills Drive, Aledo, TX, USA",Property_Street__c,,Highland Hills Drive
006WR00000wjqCjYAI,Edentree Apatments,,"1721 East Frankford Road, Carrollton, TX, USA",Property_Street_Number__c,,1721
006WR00000wjqCjYAI,Edentree Apatments,,"1721 East Frankford Road, Carrollton, TX, USA",Property_Street__c,,East Frankford Road
006WR00000wjqCkYAI,Monaco on the Trail,,"3003 Carlisle St, Dallas, TX, USA",Property_Street_Number__c,,3003
006WR00000wjqCkYAI,Monaco on the Trail,,"3003 Carlisle St, Dallas, TX, USA",Property_Street__c,,Carlisle St
006WR00000wjqClYAI,The Stream at High Pointe,,"5400 Haltom Rd, Haltom City, Texas, USA",Property_Street_Number__c,,5400
006WR00000wjqClYAI,The Stream at High Pointe,,"5400 Haltom Rd, Haltom City, Texas, USA",Property_Street__c,,Haltom Rd
006WR00000wjqCmYAI,Treymore North,,"4144 Office Parkway, Dallas, TX, USA",Property_Street_Number__c,,4144
006WR00000wjqCmYAI,Treymore North,,"4144 Office Parkway, Dallas, TX, USA",Property_Street__c,,Office Parkway
006WR00000wjqCnYAI,The Burgundy Condos and Apartments,,"11911 Marsh Ln, Dallas, TX",Property_Street_Number__c,,11911
006WR00000wjqCnYAI,The Burgundy Condos and Apartments,,"11911 Marsh Ln, Dallas, TX",Property_Street__c,,Marsh Ln
006WR00000wjqCoYAI,Galleria Townhomes,,"1737 E Frankford Rd, Carrollton, TX, USA",Property_Street_Number__c,,1737
006WR00000wjqCoYAI,Galleria Townhomes,,"1737 E Frankford Rd, Carrollton, TX, USA",Property_Street__c,,E Frankford Rd
006WR00000wjqCpYAI,Lynn Villa APartments,,"1310 School Rd, Carrollton, TX, USA",Property_Street_Number__c,,1310
006WR00000wjqCpYAI,Lynn Villa APartments,,"1310 School Rd, Carrollton, TX, USA",Property_Street__c,,School Rd
006WR00000wjqCqYAI,Preston Village,,"18909 Lloyd Circle, Dallas, TX, USA",Property_Street_Number__c,,18909
006WR00000wjqCqYAI,Preston Village,,"18909 Lloyd Circle, Dallas, TX, USA",Property_Street__c,,Lloyd Circle
006WR00000wjqCrYAI,Midtown,,"3000 West Adams Avenue, Temple, TX, USA",Property_Street_Number__c,,3000
006WR00000wjqCrYAI,Midtown,,"3000 West Adams Avenue, Temple, TX, USA",Property_Street__c,,West Adams Avenue
006WR00000wjqCsYAI,Trinity Mills Apartments,,"2750 E Trinity Mls Rd, Carrollton, TX, USA",Property_Street_Number__c,,2750
006WR00000wjqCsYAI,Trinity Mills Apartments,,"2750 E Trinity Mls Rd, Carrollton, TX, USA",Property_Street__c,,E Trinity Mls Rd
006WR00000wjqCtYAI,IMT Prestonwood,,"15480 Dallas Parkway, Dallas, TX, USA",Property_Street_Number__c,,15480
006WR00000wjqCtYAI,IMT Prestonwood,,"15480 Dallas Parkway, Dallas, TX, USA",Property_Street__c,,Dallas Parkway
006WR00000wjqCuYAI,River Junction,Leander_MDU_River Junction,"117 Talon Grasp Trail, Leander, TX, USA",Property_Street_Number__c,,117
006WR00000wjqCuYAI,River Junction,Leander_MDU_River Junction,"117 Talon Grasp Trail, Leander, TX, USA",Property_Street__c,,Talon Grasp Trail
006WR00000wjqCvYAI,The Edge at Glade Parks,,"2801 Brazos Blvd, Euless, TX, USA",Property_Street_Number__c,,2801
006WR00000wjqCvYAI,The Edge at Glade Parks,,"2801 Brazos Blvd, Euless, TX, USA",Property_Street__c,,Brazos Blvd
006WR00000wjqCwYAI,Enclave at Bear Creek,,"855 E Ash Ln, Euless, TX, USA",Property_Street_Number__c,,855
006WR00000wjqCwYAI,Enclave at Bear Creek,,"855 E Ash Ln, Euless, TX, USA",Property_Street__c,,E Ash Ln
006WR00000wjqCxYAI,Lux on Main,,"1011 S Main St, Carrollton, TX, USA",Property_Street_Number__c,,1011
006WR00000wjqCxYAI,Lux on Main,,"1011 S Main St, Carrollton, TX, USA",Property_Street__c,,S Main St
006WR00000wjqCyYAI,The Georgian,,"18880 Marsh Ln, Dallas, TX, USA",Property_Street_Number__c,,18880
006WR00000wjqCyYAI,The Georgian,,"18880 Marsh Ln, Dallas, TX, USA",Property_Street__c,,Marsh Ln
006WR00000wjqCzYAI,Northhaven Apartments,,"11457 Dennis Rd, Dallas, TX, USA",Property_Street_Number__c,,11457
006WR00000wjqCzYAI,Northhaven Apartments,,"11457 Dennis Rd, Dallas, TX, USA",Property_Street__c,,Dennis Rd
006WR00000wjqD0YAI,Wildwood Villas,,"5227 West Adams Avenue, Temple, TX, USA",Property_Street_Number__c,,5227
006WR00000wjqD0YAI,Wildwood Villas,,"5227 West Adams Avenue, Temple, TX, USA",Property_Street__c,,West Adams Avenue
006WR00000wjqD1YAI,LaSalle,,"18725 Dallas Parkway, Dallas, TX, USA",Property_Street_Number__c,,18725
006WR00000wjqD1YAI,LaSalle,,"18725 Dallas Parkway, Dallas, TX, USA",Property_Street__c,,Dallas Parkway
006WR00000wjqD2YAI,Greyson's Gate,,"3621 Frankford Rd, Dallas, TX, USA",Property_Street_Number__c,,3621
006WR00000wjqD2YAI,Greyson's Gate,,"3621 Frankford Rd, Dallas, TX, USA",Property_Street__c,,Frankford Rd
006WR00000wjqD3YAI,Midway Urban Village,,"4050 McEwen Road, Farmers Branch, TX, USA",Property_Street_Number__c,,4050
006WR00000wjqD3YAI,Midway Urban Village,,"4050 McEwen Road, Farmers Branch, TX, USA",Property_Street__c,,McEwen Road
006WR00000wjqD4YAI,Windsor Westbridge,,"2300 Marsh Lane, Carrollton, TX, USA",Property_Street_Number__c,,2300
006WR00000wjqD4YAI,Windsor Westbridge,,"2300 Marsh Lane, Carrollton, TX, USA",Property_Street__c,,Marsh Lane
006WR00000wjqD5YAI,Villas del Zocalo,,"3130 Webb Chapel Rd, Dallas, TX",Property_Street_Number__c,,3130
006WR00000wjqD5YAI,Villas del Zocalo,,"3130 Webb Chapel Rd, Dallas, TX",Property_Street__c,,Webb Chapel Rd
006WR00000wjqD6YAI,Vista Arbor Apartments,,"10301 Sandpiper Drive, Houston, TX, USA",Property_Street_Number__c,,10301
006WR00000wjqD6YAI,Vista Arbor Apartments,,"10301 Sandpiper Drive, Houston, TX, USA",Property_Street__c,,Sandpiper Drive
006WR00000wjqD7YAI,Spanish Villas,,"3109 Chapel Creek Dr, Dallas, TX",Property_Street_Number__c,,3109
006WR00000wjqD7YAI,Spanish Villas,,"3109 Chapel Creek Dr, Dallas, TX",Property_Street__c,,Chapel Creek Dr
006WR00000wjqD8YAI,Tides on Larga,,"3330 Webb Chapel Ext, Dallas, TX, USA",Property_Street_Number__c,,3330
006WR00000wjqD8YAI,Tides on Larga,,"3330 Webb Chapel Ext, Dallas, TX, USA",Property_Street__c,,Webb Chapel Ext
006WR00000wjqD9YAI,Summit Ridge,,"5433 205 Loop, Temple, TX, USA",Property_Street_Number__c,,5433
006WR00000wjqD9YAI,Summit Ridge,,"5433 205 Loop, Temple, TX, USA",Property_Street__c,,205 Loop
006WR00000wjqDAYAY,Trinity Square,,"4350 Trinity Mills Rd, Dallas, TX, USA",Property_Street_Number__c,,4350
006WR00000wjqDAYAY,Trinity Square,,"4350 Trinity Mills Rd, Dallas, TX, USA",Property_Street__c,,Trinity Mills Rd
006WR00000wjqDBYAY,LYV Broadway,,"1415 South Broadway Street, Carrollton, TX, USA",Property_Street_Number__c,,1415
006WR00000wjqDBYAY,LYV Broadway,,"1415 South Broadway Street, Carrollton, TX, USA",Property_Street__c,,South Broadway Street
006WR00000wjqDCYAY,The Gardens Of Josey Lane,,"1937 North Josey Lane, Carrollton, TX, USA",Property_Street_Number__c,,1937
006WR00000wjqDCYAY,The Gardens Of Josey Lane,,"1937 North Josey Lane, Carrollton, TX, USA",Property_Street__c,,North Josey Lane
006WR00000wjqDDYAY,The Drake on Summit,,"1424 Summit Ave, Fort Worth, TX, USA",Property_Street_Number__c,,1424
006WR00000wjqDDYAY,The Drake on Summit,,"1424 Summit Ave, Fort Worth, TX, USA",Property_Street__c,,Summit Ave
006WR00000wjqDEYAY,Ridgeline Townhomes,,"2240 Tarpley Rd, Carrollton, TX, USA",Property_Street_Number__c,,2240
006WR00000wjqDEYAY,Ridgeline Townhomes,,"2240 Tarpley Rd, Carrollton, TX, USA",Property_Street__c,,Tarpley Rd
006WR00000wjqDFYAY,The Continental,,"1810 Continental Avenue, Dallas, TX, USA",Property_Street_Number__c,,1810
006WR00000wjqDFYAY,The Continental,,"1810 Continental Avenue, Dallas, TX, USA",Property_Street__c,,Continental Avenue
006WR00000wjqDGYAY,Treymore at Cityplace,,"2101 North Haskell Avenue, Dallas, TX, USA",Property_Street_Number__c,,2101
006WR00000wjqDGYAY,Treymore at Cityplace,,"2101 North Haskell Avenue, Dallas, TX, USA",Property_Street__c,,North Haskell Avenue
006WR00000wjqDHYAY,Sevilla Condos,,"1455 Perry Road, Carrollton, TX, USA",Property_Street_Number__c,,1455
006WR00000wjqDHYAY,Sevilla Condos,,"1455 Perry Road, Carrollton, TX, USA",Property_Street__c,,Perry Road
006WR00000wjqDIYAY,The Village Dakota,,"6550 Shady Brook Lane, Dallas, TX, USA",Property_Street_Number__c,,6550
006WR00000wjqDIYAY,The Village Dakota,,"6550 Shady Brook Lane, Dallas, TX, USA",Property_Street__c,,Shady Brook Lane
006WR00000wjqDJYAY,Villa Siena Apartments,,"3022 North Josey Lane, Carrollton, TX, USA",Property_Street_Number__c,,3022
006WR00000wjqDJYAY,Villa Siena Apartments,,"3022 North Josey Lane, Carrollton, TX, USA",Property_Street__c,,North Josey Lane
006WR00000wjqDKYAY,Heritage at Brentwood,,"900 Heritage Way, Brentwood, TN, USA",Property_Street_Number__c,,900
006WR00000wjqDKYAY,Heritage at Brentwood,,"900 Heritage Way, Brentwood, TN, USA",Property_Street__c,,Heritage Way
006WR00000wjqDLYAY,Keller Oaks,,"2121 Marsh Ln, Carrollton, TX 75006, USA",Property_Street_Number__c,,2121
006WR00000wjqDLYAY,Keller Oaks,,"2121 Marsh Ln, Carrollton, TX 75006, USA",Property_Street__c,,Marsh Ln
006WR00000wjqDMYAY,Frankford Station,,"1700 W Frankford Rd, Carrollton, TX, USA",Property_Street_Number__c,,1700
006WR00000wjqDMYAY,Frankford Station,,"1700 W Frankford Rd, Carrollton, TX, USA",Property_Street__c,,W Frankford Rd
006WR00000wjqDNYAY,The Brooke Apartments,,"2402 South 61st Street, Temple, TX, USA",Property_Street_Number__c,,2402
006WR00000wjqDNYAY,The Brooke Apartments,,"2402 South 61st Street, Temple, TX, USA",Property_Street__c,,South 61st Street
006WR00000wjqDOYAY,The Katy,,"4719 Cole Avenue, Dallas, TX, USA",Property_Street_Number__c,,4719
006WR00000wjqDOYAY,The Katy,,"4719 Cole Avenue, Dallas, TX, USA",Property_Street__c,,Cole Avenue
006WR00000wjqDPYAY,Hazel by the Galleria,,"13270 Noel Rd, Dallas, TX, USA",Property_Street_Number__c,,13270
006WR00000wjqDPYAY,Hazel by the Galleria,,"13270 Noel Rd, Dallas, TX, USA",Property_Street__c,,Noel Rd
006WR00000wjqDQYAY,Yorktown Luxary Apartments,,"660 Yorktown Street, Dallas, TX, USA",Property_Street_Number__c,,660
006WR00000wjqDQYAY,Yorktown Luxary Apartments,,"660 Yorktown Street, Dallas, TX, USA",Property_Street__c,,Yorktown Street
006WR00000wjqDRYAY,Vance at Bishop Union,,"101-111 West Davis Street, Dallas, TX, USA",Property_Street_Number__c,,101-111
006WR00000wjqDRYAY,Vance at Bishop Union,,"101-111 West Davis Street, Dallas, TX, USA",Property_Street__c,,West Davis Street
006WR00000wjqDSYAY,The Lockley,,"3560 Country Square Dr, Carrollton, TX 75006, USA",Property_Street_Number__c,,3560
006WR00000wjqDSYAY,The Lockley,,"3560 Country Square Dr, Carrollton, TX 75006, USA",Property_Street__c,,Country Square Dr
006WR00000wjqDTYAY,Rise 120,,"120 Boselli Way, Georgetown, TX, USA",Property_Street_Number__c,,120
006WR00000wjqDTYAY,Rise 120,,"120 Boselli Way, Georgetown, TX, USA",Property_Street__c,,Boselli Way
006WR00000wjqDUYAY,Embry,,"2210 Marsh Lane, Carrollton, TX, USA",Property_Street_Number__c,,2210
006WR00000wjqDUYAY,Embry,,"2210 Marsh Lane, Carrollton, TX, USA",Property_Street__c,,Marsh Lane
006WR00000wjqDVYAY,Lone Star Gas Lofts,,"300 South Saint Paul Street, Dallas, TX, USA",Property_Street_Number__c,,300
006WR00000wjqDVYAY,Lone Star Gas Lofts,,"300 South Saint Paul Street, Dallas, TX, USA",Property_Street__c,,South Saint Paul Street
006WR00000wjqDWYAY,LTD West Commerce,,"305 West Commerce Street, Dallas, TX, USA",Property_Street_Number__c,,305
006WR00000wjqDWYAY,LTD West Commerce,,"305 West Commerce Street, Dallas, TX, USA",Property_Street__c,,West Commerce Street
006WR00000wjqDXYAY,Newsome Homes,,"1450 Amscott Street, McKinney, TX, USA",Property_Street_Number__c,,1450
006WR00000wjqDXYAY,Newsome Homes,,"1450 Amscott Street, McKinney, TX, USA",Property_Street__c,,Amscott Street
006WR00000wjqDYYAY,Rocklyn Apartments,,"761 Samuels Avenue, Fort Worth, TX, USA",Property_Street_Number__c,,761
006WR00000wjqDYYAY,Rocklyn Apartments,,"761 Samuels Avenue, Fort Worth, TX, USA",Property_Street__c,,Samuels Avenue
006WR00000wjqDZYAY,Heatherstone Apartments,,"18950 Marsh Ln, Dallas, TX, USA",Property_Street_Number__c,,18950
006WR00000wjqDZYAY,Heatherstone Apartments,,"18950 Marsh Ln, Dallas, TX, USA",Property_Street__c,,Marsh Ln
006WR00000wjqDaYAI,Vail Quarters,,"3900 Briargrove Ln, Dallas, TX, USA",Property_Street_Number__c,,3900
006WR00000wjqDaYAI,Vail Quarters,,"3900 Briargrove Ln, Dallas, TX, USA",Property_Street__c,,Briargrove Ln
006WR00000wjqDbYAI,Sterlingshire Apartments,,"9415 Bruton Rd, Dallas, TX, USA",Property_Street_Number__c,,9415
006WR00000wjqDbYAI,Sterlingshire Apartments,,"9415 Bruton Rd, Dallas, TX, USA",Property_Street__c,,Bruton Rd
006WR00000wjqDcYAI,Vail Village Club Apartments,,"3839 Briargrove Ln, Dallas, TX, USA",Property_Street_Number__c,,3839
006WR00000wjqDcYAI,Vail Village Club Apartments,,"3839 Briargrove Ln, Dallas, TX, USA",Property_Street__c,,Briargrove Ln
006WR00000wjqDdYAI,The Brisco,,"12639 Coit Rd, Dallas, TX, USA",Property_Street_Number__c,,12639
006WR00000wjqDdYAI,The Brisco,,"12639 Coit Rd, Dallas, TX, USA",Property_Street__c,,Coit Rd
006WR00000wjqDeYAI,Windsor Turtle Creek,,"3663 Cedar Springs Rd, Dallas, TX, USA",Property_Street_Number__c,,3663
006WR00000wjqDeYAI,Windsor Turtle Creek,,"3663 Cedar Springs Rd, Dallas, TX, USA",Property_Street__c,,Cedar Springs Rd
006WR00000wjqDfYAI,Modera Georgetown,,"29600 Ronald Reagan Blvd, Georgetown, TX, USA",Property_Street_Number__c,,29600
006WR00000wjqDfYAI,Modera Georgetown,,"29600 Ronald Reagan Blvd, Georgetown, TX, USA",Property_Street__c,,Ronald Reagan Blvd
006WR00000wjqDgYAI,Victor Prosper,,"195 West Davis Street, Dallas, TX, USA",Property_Street_Number__c,,195
006WR00000wjqDgYAI,Victor Prosper,,"195 West Davis Street, Dallas, TX, USA",Property_Street__c,,West Davis Street
006WR00000wjqDhYAI,Wildwood,,"4101 West Adams Avenue, Temple, TX, USA",Property_Street_Number__c,,4101
006WR00000wjqDhYAI,Wildwood,,"4101 West Adams Avenue, Temple, TX, USA",Property_Street__c,,West Adams Avenue
006WR00000wjqDiYAI,Palencia,,"17817 Coit Road, Dallas, TX, USA",Property_Street_Number__c,,17817
006WR00000wjqDiYAI,Palencia,,"17817 Coit Road, Dallas, TX, USA",Property_Street__c,,Coit Road
006WR00000wjqDjYAI,Vinewood Apartments,,"1411 North Cockrell Hill Road, Dallas, TX, USA",Property_Street_Number__c,,1411
006WR00000wjqDjYAI,Vinewood Apartments,,"1411 North Cockrell Hill Road, Dallas, TX, USA",Property_Street__c,,North Cockrell Hill Road
006WR00000wjqDkYAI,Oaks at Creekside,,"2602 South 39th Street, Temple, TX, USA",Property_Street_Number__c,,2602
006WR00000wjqDkYAI,Oaks at Creekside,,"2602 South 39th Street, Temple, TX, USA",Property_Street__c,,South 39th Street
006WR00000wjqDlYAI,The Woods of Five Mile Creek,,"6010 S Westmoreland Rd, Dallas, TX, USA",Property_Street_Number__c,,6010
006WR00000wjqDlYAI,The Woods of Five Mile Creek,,"6010 S Westmoreland Rd, Dallas, TX, USA",Property_Street__c,,S Westmoreland Rd
006WR00000wjqDmYAI,Pinnacle Ridge,,"1310 North Cockrell Hill Road, Dallas, TX, USA",Property_Street_Number__c,,1310
006WR00000wjqDmYAI,Pinnacle Ridge,,"1310 North Cockrell Hill Road, Dallas, TX, USA",Property_Street__c,,North Cockrell Hill Road
006WR00000wjqDnYAI,Park Hill Apartments,,"1210 North Cockrell Hill Road, Dallas, TX, USA",Property_Street_Number__c,,1210
006WR00000wjqDnYAI,Park Hill Apartments,,"1210 North Cockrell Hill Road, Dallas, TX, USA",Property_Street__c,,North Cockrell Hill Road
006WR00000wjqDoYAI,Ridge Parc,,"6969 Clarkridge Drive, Dallas, TX, USA",Property_Street_Number__c,,6969
006WR00000wjqDoYAI,Ridge Parc,,"6969 Clarkridge Drive, Dallas, TX, USA",Property_Street__c,,Clarkridge Drive
006WR00000wjqDpYAI,Villas on the Hill,,"2510 South 31st Street, Temple, TX, USA",Property_Street_Number__c,,2510
006WR00000wjqDpYAI,Villas on the Hill,,"2510 South 31st Street, Temple, TX, USA",Property_Street__c,,South 31st Street
006WR00000wjqDqYAI,The Mark at Midtown Park,,"10550 N Central Expy, Dallas, TX, USA",Property_Street_Number__c,,10550
006WR00000wjqDqYAI,The Mark at Midtown Park,,"10550 N Central Expy, Dallas, TX, USA",Property_Street__c,,N Central Expy
006WR00000wjqDrYAI,The Tallows Apartments,,"1602 E Frankford Rd, Carrollton, TX, USA",Property_Street_Number__c,,1602
006WR00000wjqDrYAI,The Tallows Apartments,,"1602 E Frankford Rd, Carrollton, TX, USA",Property_Street__c,,E Frankford Rd
006WR00000wjqDsYAI,Pleasant Run Apartments,,"2525 W Pleasant Run Rd, Lancaster, TX, USA",Property_Street_Number__c,,2525
006WR00000wjqDsYAI,Pleasant Run Apartments,,"2525 W Pleasant Run Rd, Lancaster, TX, USA",Property_Street__c,,W Pleasant Run Rd
006WR00000wjqDtYAI,Windsor West Lemon,,"3650 Cedarplaza Lane, Dallas, TX, USA",Property_Street_Number__c,,3650
006WR00000wjqDtYAI,Windsor West Lemon,,"3650 Cedarplaza Lane, Dallas, TX, USA",Property_Street__c,,Cedarplaza Lane
006WR00000wjqDuYAI,Gallery at Turtle Creek,,"3427 Cedar Springs Road, Dallas, TX, USA",Property_Street_Number__c,,3427
006WR00000wjqDuYAI,Gallery at Turtle Creek,,"3427 Cedar Springs Road, Dallas, TX, USA",Property_Street__c,,Cedar Springs Road
006WR00000wjqDvYAI,Gables Villa Rosa,,"2650 Cedar Springs Road, Dallas, TX, USA",Property_Street_Number__c,,2650
006WR00000wjqDvYAI,Gables Villa Rosa,,"2650 Cedar Springs Road, Dallas, TX, USA",Property_Street__c,,Cedar Springs Road
006WR00000wjqDwYAI,Eleven10 at Farmers Market Apartments,,"1110 Cesar Chavez Blvd, Dallas, TX, USA",Property_Street_Number__c,,1110
006WR00000wjqDwYAI,Eleven10 at Farmers Market Apartments,,"1110 Cesar Chavez Blvd, Dallas, TX, USA",Property_Street__c,,Cesar Chavez Blvd
006WR00000wk1EEYAY,Henderson Terrace Apartments,Bridgeport_MDU_Henderson Terrace,"1205 Henderson Street, Bridgeport, TX, USA",Property_Street_Number__c,,1205
006WR00000wk1EEYAY,Henderson Terrace Apartments,Bridgeport_MDU_Henderson Terrace,"1205 Henderson Street, Bridgeport, TX, USA",Property_Street__c,,Henderson Street
006WR00000wk1EFYAY,Affordable Storage,Hutto_MDU_Affordable Storage,3333 CR119 Hutto Texas 78634,Property_Street_Number__c,,3333
006WR00000wk1EFYAY,Affordable Storage,Hutto_MDU_Affordable Storage,3333 CR119 Hutto Texas 78634,Property_Street__c,,CR119
006WR00000wk1EGYAY,Monaghan Apartments,Killeen_MDU_Monaghan Apartments,"1702 North 2nd Street, Killeen, TX, USA",Property_Street_Number__c,,1702
006WR00000wk1EGYAY,Monaghan Apartments,Killeen_MDU_Monaghan Apartments,"1702 North 2nd Street, Killeen, TX, USA",Property_Street__c,,North 2nd Street
006WR00000wk1EHYAY,Boyd South Apartments,Boyd_MDU_Boyd Apartments,"400 S Allen St, Boyd, TX 76023",Property_Street_Number__c,,400
006WR00000wk1EHYAY,Boyd South Apartments,Boyd_MDU_Boyd Apartments,"400 S Allen St, Boyd, TX 76023",Property_Street__c,,S Allen St
006WR00000wk1EIYAY,Eagle Ridge Terrace Apartments,Decatur_MDU_Eagle Ridge Terrace,"1500 South State Street, Decatur, TX, USA",Property_Street_Number__c,,1500
006WR00000wk1EIYAY,Eagle Ridge Terrace Apartments,Decatur_MDU_Eagle Ridge Terrace,"1500 South State Street, Decatur, TX, USA",Property_Street__c,,South State Street
006WR00000wk1EJYAY,Aspen Ridge,Mesa_MDU_Aspen Ridge,"820 East Brown Road, Mesa, AZ, USA",Property_Street_Number__c,,820
006WR00000wk1EJYAY,Aspen Ridge,Mesa_MDU_Aspen Ridge,"820 East Brown Road, Mesa, AZ, USA",Property_Street__c,,East Brown Road
006WR00000wk1EKYAY,Overlook 380,Cedar Rapids_MDU_Overlook 380,"2040 Glass Rd NE, Cedar Rapids, IA, USA",Property_Street_Number__c,,2040
006WR00000wk1EKYAY,Overlook 380,Cedar Rapids_MDU_Overlook 380,"2040 Glass Rd NE, Cedar Rapids, IA, USA",Property_Street__c,,Glass Rd NE
006WR00000wk1ELYAY,Arcos De Mesa,Mesa_MDU_Arcos De Mesa,"1010 North Stapley Drive, Mesa, AZ, USA",Property_Street_Number__c,,1010
006WR00000wk1ELYAY,Arcos De Mesa,Mesa_MDU_Arcos De Mesa,"1010 North Stapley Drive, Mesa, AZ, USA",Property_Street__c,,North Stapley Drive
006WR00000wk1EMYAY,Hunters Pointe (Mesa),Mesa_MDU_Hunters Pointe,"3716 E University Dr, Mesa, AZ,85205 USA",Property_Street_Number__c,,3716
006WR00000wk1EMYAY,Hunters Pointe (Mesa),Mesa_MDU_Hunters Pointe,"3716 E University Dr, Mesa, AZ,85205 USA",Property_Street__c,,E University Dr
006WR00000wk1ENYAY,Valencia Apartments,Idaho Falls_MDU_Valencia Apartments,"3300 Valencia Dr, Idaho Falls, ID, USA",Property_Street_Number__c,,3300
006WR00000wk1ENYAY,Valencia Apartments,Idaho Falls_MDU_Valencia Apartments,"3300 Valencia Dr, Idaho Falls, ID, USA",Property_Street__c,,Valencia Dr
006WR00000wk1EOYAY,Midwest Patio Home Apartments,Idaho Falls_MDU_Midwest Patio Home Apartments,"400 Ripon Road, Idaho Falls, ID, USA",Property_Street_Number__c,,400
006WR00000wk1EOYAY,Midwest Patio Home Apartments,Idaho Falls_MDU_Midwest Patio Home Apartments,"400 Ripon Road, Idaho Falls, ID, USA",Property_Street__c,,Ripon Road
006WR00000wk1EPYAY,Big Sky Patio Home Apartments,Idaho Falls_MDU_Big Sky Patio Home Apartments,"1500 Big Sky Way, Idaho Falls, ID, USA",Property_Street_Number__c,,1500
006WR00000wk1EPYAY,Big Sky Patio Home Apartments,Idaho Falls_MDU_Big Sky Patio Home Apartments,"1500 Big Sky Way, Idaho Falls, ID, USA",Property_Street__c,,Big Sky Way
006WR00000wk1EQYAY,Hitt Road Patio Home Apartments,Ammon_MDU_Hitt Road Patio Home Apartments,"2576 Rebel Rd, Ammon, Idaho 83406, USA",Property_Street_Number__c,,2576
006WR00000wk1EQYAY,Hitt Road Patio Home Apartments,Ammon_MDU_Hitt Road Patio Home Apartments,"2576 Rebel Rd, Ammon, Idaho 83406, USA",Property_Street__c,,Rebel Rd
006WR00000wk1ERYAY,Indian Hills Terrace,Omaha_MDU_Indian Hills Terrace,"102 S 87th St Omaha, NE 68114",Property_Street_Number__c,,102
006WR00000wk1ERYAY,Indian Hills Terrace,Omaha_MDU_Indian Hills Terrace,"102 S 87th St Omaha, NE 68114",Property_Street__c,,S 87th St Omaha
006WR00000wk1ESYAY,Willow Creek,Vancouver_MDU_Willow Creek,"8500 Northeast Hazel Dell Avenue, Vancouver, WA, USA",Property_Street_Number__c,,8500
006WR00000wk1ESYAY,Willow Creek,Vancouver_MDU_Willow Creek,"8500 Northeast Hazel Dell Avenue, Vancouver, WA, USA",Property_Street__c,,Northeast Hazel Dell Avenue
006WR00000wk1ETYAY,Centennial Patio Home Apartments,Rexburg_MDU_Centennial Patio Home Apartments,"290 Hope St, Rexburg, ID, USA",Property_Street_Number__c,,290
006WR00000wk1ETYAY,Centennial Patio Home Apartments,Rexburg_MDU_Centennial Patio Home Apartments,"290 Hope St, Rexburg, ID, USA",Property_Street__c,,Hope St
006WR00000wk1EUYAY,Parkway Plaza,Culver City_MDU_Parkway Plaza,"6220 Bristol Pkwy, Culver City, California, USA",Property_Street_Number__c,,6220
006WR00000wk1EUYAY,Parkway Plaza,Culver City_MDU_Parkway Plaza,"6220 Bristol Pkwy, Culver City, California, USA",Property_Street__c,,Bristol Pkwy
006WR00000wk1EVYAY,The Reserve,Woodland Hills_MDU_The Reserve,"22100 Erwin Street, Woodland Hills, CA, USA",Property_Street_Number__c,,22100
006WR00000wk1EVYAY,The Reserve,Woodland Hills_MDU_The Reserve,"22100 Erwin Street, Woodland Hills, CA, USA",Property_Street__c,,Erwin Street
006WR00000wk1EWYAY,Ladera Townhouse,Los Angeles_MDU_Ladera Townhouse,"6233 South La Brea Avenue, Los Angeles, CA, USA",Property_Street_Number__c,,6233
006WR00000wk1EWYAY,Ladera Townhouse,Los Angeles_MDU_Ladera Townhouse,"6233 South La Brea Avenue, Los Angeles, CA, USA",Property_Street__c,,South La Brea Avenue
006WR00000wk1EXYAY,Crestview Place Apartments,Decatur_MDU_Crestview Place Apartments,"950 West Thompson Street, Decatur, TX, USA",Property_Street_Number__c,,950
006WR00000wk1EXYAY,Crestview Place Apartments,Decatur_MDU_Crestview Place Apartments,"950 West Thompson Street, Decatur, TX, USA",Property_Street__c,,West Thompson Street
006WR00000wk1EYYAY,Cielo Apartments,Panorama City_MDU_Cielo,"8525 Tobias Avenue, Panorama City, CA, USA",Property_Street_Number__c,,8525
006WR00000wk1EYYAY,Cielo Apartments,Panorama City_MDU_Cielo,"8525 Tobias Avenue, Panorama City, CA, USA",Property_Street__c,,Tobias Avenue
006WR00000wk1EZYAY,The Overlook at Thornton,Thornton_MDU_The Overlook at Thornton,"647 West 91st Avenue, Thornton, CO, USA",Property_Street_Number__c,,647
006WR00000wk1EZYAY,The Overlook at Thornton,Thornton_MDU_The Overlook at Thornton,"647 West 91st Avenue, Thornton, CO, USA",Property_Street__c,,West 91st Avenue
006WR00000wk1EaYAI,Southgate Apartments,Sandy_MDU_Southgate Apartments,"7860 Citori Drive, Sandy, UT, USA",Property_Street_Number__c,,7860
006WR00000wk1EaYAI,Southgate Apartments,Sandy_MDU_Southgate Apartments,"7860 Citori Drive, Sandy, UT, USA",Property_Street__c,,Citori Drive
006WR00000wk1EbYAI,Valley View Estates,Council Bluff_MDU_Valley View Estates,"720 Valley View Drive, Council Bluffs, IA, USA",Property_Street_Number__c,,720
006WR00000wk1EbYAI,Valley View Estates,Council Bluff_MDU_Valley View Estates,"720 Valley View Drive, Council Bluffs, IA, USA",Property_Street__c,,Valley View Drive
006WR00000wk1EcYAI,Terrace Heights Apartments,Killeen_MDU_Terrace Heights Apartments,"1701 Terrace Drive, Killeen, TX, USA",Property_Street_Number__c,,1701
006WR00000wk1EcYAI,Terrace Heights Apartments,Killeen_MDU_Terrace Heights Apartments,"1701 Terrace Drive, Killeen, TX, USA",Property_Street__c,,Terrace Drive
006WR00000wk1EdYAI,Cougar Creek Apartments,Vancouver_MDU_Cougar Creek Apartments,"8415 Northeast Hazel Dell Avenue, Vancouver, WA, USA",Property_Street_Number__c,,8415
006WR00000wk1EdYAI,Cougar Creek Apartments,Vancouver_MDU_Cougar Creek Apartments,"8415 Northeast Hazel Dell Avenue, Vancouver, WA, USA",Property_Street__c,,Northeast Hazel Dell Avenue
006WR00000wk1EeYAI,The Sterling Apartments,Gilbert_MDU_The Sterling Apartments,"1303 W Juniper Ave, Gilbert, AZ 85233",Property_Street_Number__c,,1303
006WR00000wk1EeYAI,The Sterling Apartments,Gilbert_MDU_The Sterling Apartments,"1303 W Juniper Ave, Gilbert, AZ 85233",Property_Street__c,,W Juniper Ave
006WR00000wk1EfYAI,Navajo Hills,Tucson_MDU_Navajo Hills Apartments,"300-306 E Navajo Rd, Tucson, AZ, USA",Property_Street_Number__c,,300-306
006WR00000wk1EfYAI,Navajo Hills,Tucson_MDU_Navajo Hills Apartments,"300-306 E Navajo Rd, Tucson, AZ, USA",Property_Street__c,,E Navajo Rd
006WR00000wk1EgYAI,Sun Valley Ranch Apartments,Mesa_MDU_Sun Valley Ranch Apartments,"7353 E University Dr, Mesa, AZ 85207, USA",Property_Street_Number__c,,7353
006WR00000wk1EgYAI,Sun Valley Ranch Apartments,Mesa_MDU_Sun Valley Ranch Apartments,"7353 E University Dr, Mesa, AZ 85207, USA",Property_Street__c,,E University Dr
006WR00000wk1EhYAI,Tallgrass Village,Fort Worth_MDU_Tallgrass Village,"3350 Amador Dr, Fort Worth, TX 76177",Property_Street_Number__c,,3350
006WR00000wk1EhYAI,Tallgrass Village,Fort Worth_MDU_Tallgrass Village,"3350 Amador Dr, Fort Worth, TX 76177",Property_Street__c,,Amador Dr
006WR00000wk1EiYAI,Yavapai Hills Apartments,Tucson_MDU_Yavapai Hills Apartments,"320-332 E Yavapai Rd, Tucson, AZ, USA",Property_Street_Number__c,,320-332
006WR00000wk1EiYAI,Yavapai Hills Apartments,Tucson_MDU_Yavapai Hills Apartments,"320-332 E Yavapai Rd, Tucson, AZ, USA",Property_Street__c,,E Yavapai Rd
006WR00000wk1EjYAI,The Renaissance at Stoney Creek,Killeen_MDU_The Renaissance at Stoney Creek,"111 South 28th Street, Killeen, TX, USA",Property_Street_Number__c,,111
006WR00000wk1EjYAI,The Renaissance at Stoney Creek,Killeen_MDU_The Renaissance at Stoney Creek,"111 South 28th Street, Killeen, TX, USA",Property_Street__c,,South 28th Street
006WR00000wk1EkYAI,Cielo on 5th (f/k/a Equinox on 5th),Tucson_MDU_Equinox on 5th,"3727 East 5th Street, Tucson, AZ, USA",Property_Street_Number__c,,3727
006WR00000wk1EkYAI,Cielo on 5th (f/k/a Equinox on 5th),Tucson_MDU_Equinox on 5th,"3727 East 5th Street, Tucson, AZ, USA",Property_Street__c,,East 5th Street
006WR00000wk1ElYAI,The Bluffs of Brookside,Killeen_MDU_The Bluffs of Brookside,"2900 Zephyr Road, Killeen, TX, USA",Property_Street_Number__c,,2900
006WR00000wk1ElYAI,The Bluffs of Brookside,Killeen_MDU_The Bluffs of Brookside,"2900 Zephyr Road, Killeen, TX, USA",Property_Street__c,,Zephyr Road
006WR00000wk1EmYAI,Bay Colony Apartments,Killeen_MDU_Bay Colony Apartments,"4301 East Rancier Avenue, Killeen, TX, USA",Property_Street_Number__c,,4301
006WR00000wk1EmYAI,Bay Colony Apartments,Killeen_MDU_Bay Colony Apartments,"4301 East Rancier Avenue, Killeen, TX, USA",Property_Street__c,,East Rancier Avenue
006WR00000wk1EnYAI,Hallcraft Villas Mesa 1,Mesa_MDU_Hallcraft Villas Mesa,"600 S Dobson Rd, Mesa, AZ 85202, USA",Property_Street_Number__c,,600
006WR00000wk1EnYAI,Hallcraft Villas Mesa 1,Mesa_MDU_Hallcraft Villas Mesa,"600 S Dobson Rd, Mesa, AZ 85202, USA",Property_Street__c,,S Dobson Rd
006WR00000wk1EoYAI,Villa Pacifica Apartments - Tucson,Tucson_MDU_Villa Pacifica Apartments,"4650 East 29th Street, Tucson, AZ, USA",Property_Street_Number__c,,4650
006WR00000wk1EoYAI,Villa Pacifica Apartments - Tucson,Tucson_MDU_Villa Pacifica Apartments,"4650 East 29th Street, Tucson, AZ, USA",Property_Street__c,,East 29th Street
006WR00000wk1EpYAI,Linea Stillwater,Georgetown_MDU_Linea Stillwater,"901 Big Rocky Bend, Georgetown, TX, USA",Property_Street_Number__c,,901
006WR00000wk1EpYAI,Linea Stillwater,Georgetown_MDU_Linea Stillwater,"901 Big Rocky Bend, Georgetown, TX, USA",Property_Street__c,,Big Rocky Bend
006WR00000wk1EqYAI,Villages of Georgetown,,"1400 Westinghouse Road, Georgetown, TX, USA",Property_Street_Number__c,,1400
006WR00000wk1EqYAI,Villages of Georgetown,,"1400 Westinghouse Road, Georgetown, TX, USA",Property_Street__c,,Westinghouse Road
006WR00000wk1ErYAI,Reveal 54,,"5401 North Mays Street, Georgetown, TX, USA",Property_Street_Number__c,,5401
006WR00000wk1ErYAI,Reveal 54,,"5401 North Mays Street, Georgetown, TX, USA",Property_Street__c,,North Mays Street
006WR00000wk1EsYAI,Arco and Pilare,Georgetown_MDU_Arco and Pilare,"2510 Bell Gin Road, Georgetown, TX, USA",Property_Street_Number__c,,2510
006WR00000wk1EsYAI,Arco and Pilare,Georgetown_MDU_Arco and Pilare,"2510 Bell Gin Road, Georgetown, TX, USA",Property_Street__c,,Bell Gin Road
006WR00000wk1EsYAI,Arco and Pilare,Georgetown_MDU_Arco and Pilare,"2510 Bell Gin Road, Georgetown, TX, USA",Property_County__c,,Williamson
006WR00000wk1EtYAI,Shores At McIntosh Lake,,"2450 Airport Road, Longmont, CO, USA",Property_Street_Number__c,,2450
006WR00000wk1EtYAI,Shores At McIntosh Lake,,"2450 Airport Road, Longmont, CO, USA",Property_Street__c,,Airport Road
006WR00000wk1EuYAI,Mission Cove Apartments X,,"3247 Anchor Way, Oceanside, CA 92054",Property_Street_Number__c,,3247
006WR00000wk1EuYAI,Mission Cove Apartments X,,"3247 Anchor Way, Oceanside, CA 92054",Property_Street__c,,Anchor Way
006WR00000wk1EvYAI,Montecito Village,,4302  Cassanna Way Oceanside CA 92057,Property_Street_Number__c,,4302
006WR00000wk1EvYAI,Montecito Village,,4302  Cassanna Way Oceanside CA 92057,Property_Street__c,,Cassanna Way
006WR00000wk1EwYAI,Island Club Apartments X,,2300  Catalina Cir Oceanside CA 92056,Property_Street_Number__c,,2300
006WR00000wk1EwYAI,Island Club Apartments X,,2300  Catalina Cir Oceanside CA 92056,Property_Street__c,,Catalina Cir
006WR00000wk1ExYAI,Alta Oceanside X,,1015 N Coast Hwy Oceanside CA 92054,Property_Street_Number__c,,1015
006WR00000wk1ExYAI,Alta Oceanside X,,1015 N Coast Hwy Oceanside CA 92054,Property_Street__c,,N Coast Hwy
006WR00000wk1EyYAI,Creekwood Villas X,,3020  Oceanside Blvd Oceanside CA 92054,Property_Street_Number__c,,3020
006WR00000wk1EyYAI,Creekwood Villas X,,3020  Oceanside Blvd Oceanside CA 92054,Property_Street__c,,Oceanside Blvd
006WR00000wk1EzYAI,The Lofts at Carlsbad Village X,,"1040  Carlsbad Village Dr, Carlsbad, CA",Property_Street_Number__c,,1040
006WR00000wk1EzYAI,The Lofts at Carlsbad Village X,,"1040  Carlsbad Village Dr, Carlsbad, CA",Property_Street__c,,Carlsbad Village Dr
006WR00000wk1F0YAI,The Avenue at Carlsbad X,,"2262 Avenida Magnifica, Carlsbad, CA 92008, USA",Property_Street_Number__c,,2262
006WR00000wk1F0YAI,The Avenue at Carlsbad X,,"2262 Avenida Magnifica, Carlsbad, CA 92008, USA",Property_Street__c,,Avenida Magnifica
006WR00000wk1F1YAI,"Vitruvian West I, II and III",,"3725 Vitruvian Way, Addison, TX, USA",Property_Street_Number__c,,3725
006WR00000wk1F1YAI,"Vitruvian West I, II and III",,"3725 Vitruvian Way, Addison, TX, USA",Property_Street__c,,Vitruvian Way
006WR00000wk1F2YAI,Monecito Apartments,,"2522 W Ranch St, Carlsbad, CA 92010, USA",Property_Street_Number__c,,2522
006WR00000wk1F2YAI,Monecito Apartments,,"2522 W Ranch St, Carlsbad, CA 92010, USA",Property_Street__c,,W Ranch St
006WR00000wk1F3YAI,Aventerra at Dobson Ranch Apts,Mesa_MDU_Aventerra at Dobson Ranch Apts,"1960 W Keating Ave, Mesa, AZ 85202, USA",Property_Street_Number__c,,1960
006WR00000wk1F3YAI,Aventerra at Dobson Ranch Apts,Mesa_MDU_Aventerra at Dobson Ranch Apts,"1960 W Keating Ave, Mesa, AZ 85202, USA",Property_Street__c,,W Keating Ave
006WR00000wk1F4YAI,Landings at Dobson Ranch,Mesa_MDU_Landings at Dobson Ranch,"2208 W Lindner Ave, Mesa, AZ 85202, USA",Property_Street_Number__c,,2208
006WR00000wk1F4YAI,Landings at Dobson Ranch,Mesa_MDU_Landings at Dobson Ranch,"2208 W Lindner Ave, Mesa, AZ 85202, USA",Property_Street__c,,W Lindner Ave
006WR00000wk1F5YAI,Reflect at Dobson Ranch,Mesa_MDU_Reflect at Dobson Ranch,"1666 S Dobson Rd, Mesa, AZ 85202, USA",Property_Street_Number__c,,1666
006WR00000wk1F5YAI,Reflect at Dobson Ranch,Mesa_MDU_Reflect at Dobson Ranch,"1666 S Dobson Rd, Mesa, AZ 85202, USA",Property_Street__c,,S Dobson Rd
006WR00000wk1F6YAI,San Posada Apts,Mesa_MDU_San Posada Apts,"2318 S Country Club Dr, Mesa, AZ 85210, USA",Property_Street_Number__c,,2318
006WR00000wk1F6YAI,San Posada Apts,Mesa_MDU_San Posada Apts,"2318 S Country Club Dr, Mesa, AZ 85210, USA",Property_Street__c,,S Country Club Dr
006WR00000wk1F7YAI,The Landing at Fiesta Village,Mesa_MDU_The Landing at Fiesta Village,"1110 South Alma School Road, Mesa, AZ, USA",Property_Street_Number__c,,1110
006WR00000wk1F7YAI,The Landing at Fiesta Village,Mesa_MDU_The Landing at Fiesta Village,"1110 South Alma School Road, Mesa, AZ, USA",Property_Street__c,,South Alma School Road
006WR00000wk1F8YAI,Circle Tree Condominiums,,"461 W Holmes Ave, Mesa, AZ 85210, USA",Property_Street_Number__c,,461
006WR00000wk1F8YAI,Circle Tree Condominiums,,"461 W Holmes Ave, Mesa, AZ 85210, USA",Property_Street__c,,W Holmes Ave
006WR00000wk1F9YAI,Southern Avenue Villas,,855 W SOUTHERN AVE MESA 85210,Property_Street_Number__c,,855
006WR00000wk1F9YAI,Southern Avenue Villas,,855 W SOUTHERN AVE MESA 85210,Property_Street__c,,W SOUTHERN AVE
006WR00000wk1FAYAY,The Palms at Mesa,Mesa_MDU_The Palms at Mesa,"1367 South Country Club Drive, Mesa, AZ 85210, USA",Property_Street_Number__c,,1367
006WR00000wk1FAYAY,The Palms at Mesa,Mesa_MDU_The Palms at Mesa,"1367 South Country Club Drive, Mesa, AZ 85210, USA",Property_Street__c,,South Country Club Drive
006WR00000wk1FBYAY,Now Called (The Clifford) Tides on Country Club,Mesa_MDU_Tides on Country Club,901 S COUNTRY CLUB DR MESA 85210,Property_Street_Number__c,,901
006WR00000wk1FBYAY,Now Called (The Clifford) Tides on Country Club,Mesa_MDU_Tides on Country Club,901 S COUNTRY CLUB DR MESA 85210,Property_Street__c,,S COUNTRY CLUB DR
006WR00000wk1FCYAY,Residences on First,Mesa_MDU_Residences on First,"63 W 1st Ave, Mesa, AZ 85210, USA",Property_Street_Number__c,,63
006WR00000wk1FCYAY,Residences on First,Mesa_MDU_Residences on First,"63 W 1st Ave, Mesa, AZ 85210, USA",Property_Street__c,,W 1st Ave
006WR00000wk1FEYAY,Folio Apartments,,"11915 Stonehollow Drive, Austin, TX, USA",Property_Street_Number__c,,11915
006WR00000wk1FEYAY,Folio Apartments,,"11915 Stonehollow Drive, Austin, TX, USA",Property_Street__c,,Stonehollow Drive
006WR00000wk1FFYAY,Shadowridge Heights X,,"1510 South Melrose Drive, Vista, CA, USA",Property_Street_Number__c,,1510
006WR00000wk1FFYAY,Shadowridge Heights X,,"1510 South Melrose Drive, Vista, CA, USA",Property_Street__c,,South Melrose Drive
006WR00000wk1FGYAY,Shadowridge Village East X,,"885 Brooktree Lane, Vista, CA, USA",Property_Street_Number__c,,885
006WR00000wk1FGYAY,Shadowridge Village East X,,"885 Brooktree Lane, Vista, CA, USA",Property_Street__c,,Brooktree Lane
006WR00000wk1FHYAY,Skye Apartments X,,"501 West Bobier Drive, Vista, CA, USA",Property_Street_Number__c,,501
006WR00000wk1FHYAY,Skye Apartments X,,"501 West Bobier Drive, Vista, CA, USA",Property_Street__c,,West Bobier Drive
006WR00000wk1FIYAY,Artisan Luxury Apartments [JEFFERSON CENTER I],,"8701 West Parmer Lane, Austin, TX, USA",Property_Street_Number__c,,8701
006WR00000wk1FIYAY,Artisan Luxury Apartments [JEFFERSON CENTER I],,"8701 West Parmer Lane, Austin, TX, USA",Property_Street__c,,West Parmer Lane
006WR00000wk1FJYAY,Cortland Southpark Terraces [ESTATES AT SOUTHPARK MEADOWS]\,,"10101 South 1st Street, Austin, TX, USA",Property_Street_Number__c,,10101
006WR00000wk1FJYAY,Cortland Southpark Terraces [ESTATES AT SOUTHPARK MEADOWS]\,,"10101 South 1st Street, Austin, TX, USA",Property_Street__c,,South 1st Street
006WR00000wk1FKYAY,Preserve at Melrose X,,"1401 North Melrose Drive, Vista, CA, USA",Property_Street_Number__c,,1401
006WR00000wk1FKYAY,Preserve at Melrose X,,"1401 North Melrose Drive, Vista, CA, USA",Property_Street__c,,North Melrose Drive
006WR00000wk1FLYAY,Alcove Apartments,,"650 Centre City Parkway, Escondido, California, USA",Property_Street_Number__c,,650
006WR00000wk1FLYAY,Alcove Apartments,,"650 Centre City Parkway, Escondido, California, USA",Property_Street__c,,Centre City Parkway
006WR00000wk1FMYAY,Santee Villas X,,"10445 Mast Blvd, Santee, CA, USA",Property_Street_Number__c,,10445
006WR00000wk1FMYAY,Santee Villas X,,"10445 Mast Blvd, Santee, CA, USA",Property_Street__c,,Mast Blvd
006WR00000wk1FNYAY,Shadowridge Country Club Villas X,,"1617 Live Oak Road, Vista, CA, USA",Property_Street_Number__c,,1617
006WR00000wk1FNYAY,Shadowridge Country Club Villas X,,"1617 Live Oak Road, Vista, CA, USA",Property_Street__c,,Live Oak Road
006WR00000wk1FOYAY,The Aspect,,"4900 East Oltorf Street, Austin, TX, USA",Property_Street_Number__c,,4900
006WR00000wk1FOYAY,The Aspect,,"4900 East Oltorf Street, Austin, TX, USA",Property_Street__c,,East Oltorf Street
006WR00000wk1FPYAY,Autumn Terrace X,,"281 Autumn Drive, San Marcos, CA, USA",Property_Street_Number__c,,281
006WR00000wk1FPYAY,Autumn Terrace X,,"281 Autumn Drive, San Marcos, CA, USA",Property_Street__c,,Autumn Drive
006WR00000wk1FQYAY,Vela Santee Apartments X,,"7847 Mission Gorge Rd, Santee, CA, USA",Property_Street_Number__c,,7847
006WR00000wk1FQYAY,Vela Santee Apartments X,,"7847 Mission Gorge Rd, Santee, CA, USA",Property_Street__c,,Mission Gorge Rd
006WR00000wk1FRYAY,The Grove at Austin,,"3707 Menchaca Rd, Austin, TX, USA",Property_Street_Number__c,,3707
006WR00000wk1FRYAY,The Grove at Austin,,"3707 Menchaca Rd, Austin, TX, USA",Property_Street__c,,Menchaca Rd
006WR00000wk1FSYAY,Terrace Cove Apartments,,"6201 Sneed Cove, Austin, TX, USA",Property_Street_Number__c,,6201
006WR00000wk1FSYAY,Terrace Cove Apartments,,"6201 Sneed Cove, Austin, TX, USA",Property_Street__c,,Sneed Cove
006WR00000wk1FTYAY,Promenade at Creekside X,,"660 Grand Ave, San Marcos, CA, USA",Property_Street_Number__c,,660
006WR00000wk1FTYAY,Promenade at Creekside X,,"660 Grand Ave, San Marcos, CA, USA",Property_Street__c,,Grand Ave
006WR00000wk1FUYAY,Anden X,,"152 North Twin Oaks Valley Road, San Marcos, CA, USA",Property_Street_Number__c,,152
006WR00000wk1FUYAY,Anden X,,"152 North Twin Oaks Valley Road, San Marcos, CA, USA",Property_Street__c,,North Twin Oaks Valley Road
006WR00000wk1FVYAY,Tramor at the Quest,,"4017 Victory Drive, Austin, TX, USA",Property_Street_Number__c,,4017
006WR00000wk1FVYAY,Tramor at the Quest,,"4017 Victory Drive, Austin, TX, USA",Property_Street__c,,Victory Drive
006WR00000wk1FWYAY,Crest [Solace] on Peachtree,,"710 Peachtree Street Northeast, Atlanta, GA, USA",Property_Street_Number__c,,710
006WR00000wk1FWYAY,Crest [Solace] on Peachtree,,"710 Peachtree Street Northeast, Atlanta, GA, USA",Property_Street__c,,Peachtree Street Northeast
006WR00000wk1FXYAY,The Lola,,"1221 South Congress Avenue, Austin, TX, USA",Property_Street_Number__c,,1221
006WR00000wk1FXYAY,The Lola,,"1221 South Congress Avenue, Austin, TX, USA",Property_Street__c,,South Congress Avenue
006WR00000wk1FYYAY,30 Metro,,"5319 n 30th st, omaha, ne",Property_Street_Number__c,,5319
006WR00000wk1FYYAY,30 Metro,,"5319 n 30th st, omaha, ne",Property_Street__c,,n 30th st
006WR00000wk1FZYAY,Summit at Hyde Park,,"5200 North Lamar Boulevard, Austin, TX, USA",Property_Street_Number__c,,5200
006WR00000wk1FZYAY,Summit at Hyde Park,,"5200 North Lamar Boulevard, Austin, TX, USA",Property_Street__c,,North Lamar Boulevard
006WR00000wk1FaYAI,latitude33,,"515 Meander Glen, Escondido, CA, USA",Property_Street_Number__c,,515
006WR00000wk1FaYAI,latitude33,,"515 Meander Glen, Escondido, CA, USA",Property_Street__c,,Meander Glen
006WR00000wk1FbYAI,The Rylan X,,"100 Main Street, Vista, CA, USA",Property_Street_Number__c,,100
006WR00000wk1FbYAI,The Rylan X,,"100 Main Street, Vista, CA, USA",Property_Street__c,,Main Street
006WR00000wk1FcYAI,Southwind Point X,,"881 Soft Wind Rd  Vista CA,  92081",Property_Street_Number__c,,881
006WR00000wk1FcYAI,Southwind Point X,,"881 Soft Wind Rd  Vista CA,  92081",Property_Street__c,,Soft Wind Rd  Vista CA
006WR00000wk1FdYAI,Sunset Springs Apartments X,,"320 Pomelo Dr  Vista CA,  92081-6459",Property_Street_Number__c,,320
006WR00000wk1FdYAI,Sunset Springs Apartments X,,"320 Pomelo Dr  Vista CA,  92081-6459",Property_Street__c,,Pomelo Dr  Vista CA
006WR00000wk1FeYAI,Bella Terra X,,"365 Pomelo Dr, Vista, CA 92081, USA",Property_Street_Number__c,,365
006WR00000wk1FeYAI,Bella Terra X,,"365 Pomelo Dr, Vista, CA 92081, USA",Property_Street__c,,Pomelo Dr
006WR00000wk1FfYAI,Nobility Pointe,,"3031 Blondo St, Omaha, NE",Property_Street_Number__c,,3031
006WR00000wk1FfYAI,Nobility Pointe,,"3031 Blondo St, Omaha, NE",Property_Street__c,,Blondo St
006WR00000wk1FgYAI,Shadow Ridge Woodbend X,,"1500 Shadowridge Dr  Vista CA,  92081",Property_Street_Number__c,,1500
006WR00000wk1FgYAI,Shadow Ridge Woodbend X,,"1500 Shadowridge Dr  Vista CA,  92081",Property_Street__c,,Shadowridge Dr  Vista CA
006WR00000wk1FhYAI,Summer Wind X,,"1580 Shadowridge Dr  Vista CA,  92081-9033",Property_Street_Number__c,,1580
006WR00000wk1FhYAI,Summer Wind X,,"1580 Shadowridge Dr  Vista CA,  92081-9033",Property_Street__c,,Shadowridge Dr  Vista CA
006WR00000wk1FiYAI,Persea X,,"1333 North Santa Fe Avenue, Vista, CA, USA",Property_Street_Number__c,,1333
006WR00000wk1FiYAI,Persea X,,"1333 North Santa Fe Avenue, Vista, CA, USA",Property_Street__c,,North Santa Fe Avenue
006WR00000wk1FjYAI,Passage Buena Vista X,,"740 Paseo Buena Vista, Vista, CA, USA",Property_Street_Number__c,,740
006WR00000wk1FjYAI,Passage Buena Vista X,,"740 Paseo Buena Vista, Vista, CA, USA",Property_Street__c,,Paseo Buena Vista
006WR00000wk1FkYAI,Parc One X,,"320 Town Center Pkwy, Santee, CA, USA",Property_Street_Number__c,,320
006WR00000wk1FkYAI,Parc One X,,"320 Town Center Pkwy, Santee, CA, USA",Property_Street__c,,Town Center Pkwy
006WR00000wk1FlYAI,Benson Lights,,"3030 North 60th Street, Omaha, NE, USA",Property_Street_Number__c,,3030
006WR00000wk1FlYAI,Benson Lights,,"3030 North 60th Street, Omaha, NE, USA",Property_Street__c,,North 60th Street
006WR00000wk1FmYAI,MAA Lyon's Gate,,"3301 E Ray Rd, Gilbert, AZ 85296, USA",Property_Street_Number__c,,3301
006WR00000wk1FmYAI,MAA Lyon's Gate,,"3301 E Ray Rd, Gilbert, AZ 85296, USA",Property_Street__c,,E Ray Rd
006WR00000wk1FnYAI,MAA Sky View,,"4632 E Germann Rd, Gilbert, AZ 85297, USA",Property_Street_Number__c,,4632
006WR00000wk1FnYAI,MAA Sky View,,"4632 E Germann Rd, Gilbert, AZ 85297, USA",Property_Street__c,,E Germann Rd
006WR00000wk1FoYAI,The Premiere at Dana Park,,"1439 S Val Vista Dr, Mesa, AZ 85204, USA",Property_Street_Number__c,,1439
006WR00000wk1FoYAI,The Premiere at Dana Park,,"1439 S Val Vista Dr, Mesa, AZ 85204, USA",Property_Street__c,,S Val Vista Dr
006WR00000wk3O6YAI,Estates at East Riverside,,"1300 Crossing Place, Austin, TX, USA",Property_Street_Number__c,,1300
006WR00000wk3O6YAI,Estates at East Riverside,,"1300 Crossing Place, Austin, TX, USA",Property_Street__c,,Crossing Place
006WR00000wk3O7YAI,Stone Vista,,"4401 East Rancier Avenue, Killeen, TX, USA",Property_Street_Number__c,,4401
006WR00000wk3O7YAI,Stone Vista,,"4401 East Rancier Avenue, Killeen, TX, USA",Property_Street__c,,East Rancier Avenue
006WR00000wk3O8YAI,Elm Grove Estates,TX_KILLEEN_SA03_FB01_PA01,"1704 Martin Luther King Jr Blvd, Killeen, TX, USA",Property_Street_Number__c,,1704
006WR00000wk3O8YAI,Elm Grove Estates,TX_KILLEEN_SA03_FB01_PA01,"1704 Martin Luther King Jr Blvd, Killeen, TX, USA",Property_Street__c,,Martin Luther King Jr Blvd
006WR00000wk3O9YAI,Icon Apartments,,"5002 Thayer Drive, Killeen, TX, USA",Property_Street_Number__c,,5002
006WR00000wk3O9YAI,Icon Apartments,,"5002 Thayer Drive, Killeen, TX, USA",Property_Street__c,,Thayer Drive
006WR00000wk3OAYAY,El Camino 76 Mobile Estates,OCEANSIDE_MDU_220 El Camino 76 MHP,"220 North El Camino Real, Oceanside, CA, USA",Property_Street_Number__c,,220
006WR00000wk3OAYAY,El Camino 76 Mobile Estates,OCEANSIDE_MDU_220 El Camino 76 MHP,"220 North El Camino Real, Oceanside, CA, USA",Property_Street__c,,North El Camino Real
006WR00000wk3OBYAY,Village Park Apartments,,"174 Willowspring Dr S, Encinitas, CA 92024, USA",Property_Street_Number__c,,174
006WR00000wk3OBYAY,Village Park Apartments,,"174 Willowspring Dr S, Encinitas, CA 92024, USA",Property_Street__c,,Willowspring Dr S
006WR00000wk3OCYAY,The Hamptons,,"2055 E Hampton Ave, Mesa, AZ 85204, USA",Property_Street_Number__c,,2055
006WR00000wk3OCYAY,The Hamptons,,"2055 E Hampton Ave, Mesa, AZ 85204, USA",Property_Street__c,,E Hampton Ave
006WR00000wk3ODYAY,Terra Vida Apts,,"150 S Roosevelt Rd, Mesa, AZ 85202, USA",Property_Street_Number__c,,150
006WR00000wk3ODYAY,Terra Vida Apts,,"150 S Roosevelt Rd, Mesa, AZ 85202, USA",Property_Street__c,,S Roosevelt Rd
006WR00000wk3OEYAY,The Palms at Augusta Ranch,,"9335 E Baseline Rd, Mesa, AZ 85209, USA",Property_Street_Number__c,,9335
006WR00000wk3OEYAY,The Palms at Augusta Ranch,,"9335 E Baseline Rd, Mesa, AZ 85209, USA",Property_Street__c,,E Baseline Rd
006WR00000wk3OFYAY,Pala Mesa Apartments,,"2433 W Main St, Mesa, AZ 85201, USA",Property_Street_Number__c,,2433
006WR00000wk3OFYAY,Pala Mesa Apartments,,"2433 W Main St, Mesa, AZ 85201, USA",Property_Street__c,,W Main St
006WR00000wk3OGYAY,The Enclave at Gilbert Senior Living,,"4929 S Val Vista Dr, Gilbert, AZ 85298, USA",Property_Street_Number__c,,4929
006WR00000wk3OGYAY,The Enclave at Gilbert Senior Living,,"4929 S Val Vista Dr, Gilbert, AZ 85298, USA",Property_Street__c,,S Val Vista Dr
006WR00000wk3OHYAY,Riggs Circle,,"510 North Horne, Mesa, AZ 85203, USA",Property_Street_Number__c,,510
006WR00000wk3OHYAY,Riggs Circle,,"510 North Horne, Mesa, AZ 85203, USA",Property_Street__c,,North Horne
006WR00000wk3OIYAY,The Springs at Alta Mesa,,"1865 N Higley Rd, Mesa, AZ 85205, USA",Property_Street_Number__c,,1865
006WR00000wk3OIYAY,The Springs at Alta Mesa,,"1865 N Higley Rd, Mesa, AZ 85205, USA",Property_Street__c,,N Higley Rd
006WR00000wk3OJYAY,The Bronte East,,"325 W 5th St, Mesa, AZ, USA",Property_Street_Number__c,,325
006WR00000wk3OJYAY,The Bronte East,,"325 W 5th St, Mesa, AZ, USA",Property_Street__c,,W 5th St
006WR00000wk3OKYAY,The Heritage,,36-150 E Vaughn Ave85234,Property_Street_Number__c,,36-150
006WR00000wk3OKYAY,The Heritage,,36-150 E Vaughn Ave85234,Property_Street__c,,E Vaughn Ave85234
006WR00000wk3OLYAY,Skyline at Cooley Station,,"4377 East Haskell Street, Gilbert, AZ, USA",Property_Street_Number__c,,4377
006WR00000wk3OLYAY,Skyline at Cooley Station,,"4377 East Haskell Street, Gilbert, AZ, USA",Property_Street__c,,East Haskell Street
006WR00000wk3OMYAY,University Palms Apartments,,"1207 E 8th St, Tempe, AZ 85281, USA",Property_Street_Number__c,,1207
006WR00000wk3OMYAY,University Palms Apartments,,"1207 E 8th St, Tempe, AZ 85281, USA",Property_Street__c,,E 8th St
006WR00000wk3ONYAY,Southwest Villas,,"309 South Shouse, Mesa, AZ 85204, USA",Property_Street_Number__c,,309
006WR00000wk3ONYAY,Southwest Villas,,"309 South Shouse, Mesa, AZ 85204, USA",Property_Street__c,,South Shouse
006WR00000wk3OOYAY,The Mark at 87,,708 N Country Club Dr 85201,Property_Street_Number__c,,708
006WR00000wk3OOYAY,The Mark at 87,,708 N Country Club Dr 85201,Property_Street__c,,N Country Club Dr
006WR00000wk3OPYAY,The Pacifica,,"210 N Alma School Rd, Mesa, AZ 85201, USA",Property_Street_Number__c,,210
006WR00000wk3OPYAY,The Pacifica,,"210 N Alma School Rd, Mesa, AZ 85201, USA",Property_Street__c,,N Alma School Rd
006WR00000wk3OQYAY,Williams Gateway,,"5850 S Power Rd, Gilbert, AZ 85295, USA",Property_Street_Number__c,,5850
006WR00000wk3OQYAY,Williams Gateway,,"5850 S Power Rd, Gilbert, AZ 85295, USA",Property_Street__c,,S Power Rd
006WR00000wk3ORYAY,Tides at Mesa,,"450 South Acacia, Mesa, AZ, USA",Property_Street_Number__c,,450
006WR00000wk3ORYAY,Tides at Mesa,,"450 South Acacia, Mesa, AZ, USA",Property_Street__c,,South Acacia
006WR00000wk3OSYAY,Serrano Gardens,,1915 E Broadway Rd 85204,Property_Street_Number__c,,1915
006WR00000wk3OSYAY,Serrano Gardens,,1915 E Broadway Rd 85204,Property_Street__c,,E Broadway Rd
006WR00000wk3OTYAY,Trails at Harris,,"1653 S Harris Dr, Mesa, AZ 85204, USA",Property_Street_Number__c,,1653
006WR00000wk3OTYAY,Trails at Harris,,"1653 S Harris Dr, Mesa, AZ 85204, USA",Property_Street__c,,S Harris Dr
006WR00000wk3OUYAY,Tides on Gilbert West,,"214 N Gilbert Rd, Mesa, AZ 85203, USA",Property_Street_Number__c,,214
006WR00000wk3OUYAY,Tides on Gilbert West,,"214 N Gilbert Rd, Mesa, AZ 85203, USA",Property_Street__c,,N Gilbert Rd
006WR00000wk3OVYAY,Wintercove Apartments,Mesa_MDU_Winter Cove Apts,"2010 N Lazona Dr, Mesa, AZ 85203, USA",Property_Street_Number__c,,2010
006WR00000wk3OVYAY,Wintercove Apartments,Mesa_MDU_Winter Cove Apts,"2010 N Lazona Dr, Mesa, AZ 85203, USA",Property_Street__c,,N Lazona Dr
006WR00000wk3OWYAY,Paradise Palms-100 Spaces,,"1608 E Main St, Mesa, AZ 85203, USA",Property_Street_Number__c,,1608
006WR00000wk3OWYAY,Paradise Palms-100 Spaces,,"1608 E Main St, Mesa, AZ 85203, USA",Property_Street__c,,E Main St
006WR00000wk3OXYAY,Tides on Southern,,"2151 E Southern Ave, Mesa, AZ 85204, USA",Property_Street_Number__c,,2151
006WR00000wk3OXYAY,Tides on Southern,,"2151 E Southern Ave, Mesa, AZ 85204, USA",Property_Street__c,,E Southern Ave
006WR00000wk3OYYAY,The Village at Lindsay Park Apartments,,"1441 S Lindsay Rd, Mesa, AZ 85204, USA",Property_Street_Number__c,,1441
006WR00000wk3OYYAY,The Village at Lindsay Park Apartments,,"1441 S Lindsay Rd, Mesa, AZ 85204, USA",Property_Street__c,,S Lindsay Rd
006WR00000wk3OZYAY,Superstition Canyon Luxury Apartments,,"1247 S 96th St, Mesa, AZ 85209, USA",Property_Street_Number__c,,1247
006WR00000wk3OZYAY,Superstition Canyon Luxury Apartments,,"1247 S 96th St, Mesa, AZ 85209, USA",Property_Street__c,,S 96th St
006WR00000wk3OaYAI,The Courtyards,,"1111 South San Jose, Mesa, AZ 85202, USA",Property_Street_Number__c,,1111
006WR00000wk3OaYAI,The Courtyards,,"1111 South San Jose, Mesa, AZ 85202, USA",Property_Street__c,,South San Jose
006WR00000wk3ObYAI,Valor on Eighth,,1001 E 8th St 85281,Property_Street_Number__c,,1001
006WR00000wk3ObYAI,Valor on Eighth,,1001 E 8th St 85281,Property_Street__c,,E 8th St
006WR00000wk3OcYAI,Village at Royal Palms,Mesa_MDU_Village at Royal Palms,"1335 E June St, Mesa, AZ 85203, USA",Property_Street_Number__c,,1335
006WR00000wk3OcYAI,Village at Royal Palms,Mesa_MDU_Village at Royal Palms,"1335 E June St, Mesa, AZ 85203, USA",Property_Street__c,,E June St
006WR00000wk3OdYAI,Sands Apartments,,"2305 E Main St, Mesa, AZ 85213, USA",Property_Street_Number__c,,2305
006WR00000wk3OdYAI,Sands Apartments,,"2305 E Main St, Mesa, AZ 85213, USA",Property_Street__c,,E Main St
006WR00000wk3OeYAI,Palm Shadows Apartments,,"407-409 North Williams, Mesa, AZ 85203, USA",Property_Street_Number__c,,407-409
006WR00000wk3OeYAI,Palm Shadows Apartments,,"407-409 North Williams, Mesa, AZ 85203, USA",Property_Street__c,,North Williams
006WR00000wk3OfYAI,Page Commons,,"170 North Oak Street, Gilbert, AZ, USA",Property_Street_Number__c,,170
006WR00000wk3OfYAI,Page Commons,,"170 North Oak Street, Gilbert, AZ, USA",Property_Street__c,,North Oak Street
006WR00000wk3OgYAI,Summit Lake,,"3400 N Alma School Rd, Chandler, AZ, USA",Property_Street_Number__c,,3400
006WR00000wk3OgYAI,Summit Lake,,"3400 N Alma School Rd, Chandler, AZ, USA",Property_Street__c,,N Alma School Rd
006WR00000wk3OhYAI,Westwood Townhomes,Georgetown_MDU_Westwood_Apts,"200 Riverbend Drive, Georgetown, TX, USA",Property_Street_Number__c,,200
006WR00000wk3OhYAI,Westwood Townhomes,Georgetown_MDU_Westwood_Apts,"200 Riverbend Drive, Georgetown, TX, USA",Property_Street__c,,Riverbend Drive
006WR00000wk3OiYAI,Skyline Park,,"5290 South Park Avenue, Tucson, AZ, USA",Property_Street_Number__c,,5290
006WR00000wk3OiYAI,Skyline Park,,"5290 South Park Avenue, Tucson, AZ, USA",Property_Street__c,,South Park Avenue
006WR00000wk3OjYAI,Villas Valencia Townhouses,,"2059 East Brown Road, Mesa, AZ, USA",Property_Street_Number__c,,2059
006WR00000wk3OjYAI,Villas Valencia Townhouses,,"2059 East Brown Road, Mesa, AZ, USA",Property_Street__c,,East Brown Road
006WR00000wk3OkYAI,Genoa Lakes,,"3320 East University Drive, Mesa, AZ, USA",Property_Street_Number__c,,3320
006WR00000wk3OkYAI,Genoa Lakes,,"3320 East University Drive, Mesa, AZ, USA",Property_Street__c,,East University Drive
006WR00000wk3OlYAI,Ventana Estates,,"9422 E Broadway Rd, Mesa, AZ 85208, USA",Property_Street_Number__c,,9422
006WR00000wk3OlYAI,Ventana Estates,,"9422 E Broadway Rd, Mesa, AZ 85208, USA",Property_Street__c,,E Broadway Rd
006WR00000wk3OmYAI,Stone Canyon Apartments,,"5210 East Hampton Avenue, Mesa, AZ 85206, USA",Property_Street_Number__c,,5210
006WR00000wk3OmYAI,Stone Canyon Apartments,,"5210 East Hampton Avenue, Mesa, AZ 85206, USA",Property_Street__c,,East Hampton Avenue
006WR00000wk3OnYAI,Indigo Lofts,,"737 East Brown Road, Mesa, AZ, USA",Property_Street_Number__c,,737
006WR00000wk3OnYAI,Indigo Lofts,,"737 East Brown Road, Mesa, AZ, USA",Property_Street__c,,East Brown Road
006WR00000wk3OoYAI,Wasatch Club,,"6960 S State St, Midvale, UT 84047",Property_Street_Number__c,,6960
006WR00000wk3OoYAI,Wasatch Club,,"6960 S State St, Midvale, UT 84047",Property_Street__c,,S State St
006WR00000wk3OpYAI,Chandler Ridge,,"102 West Palomino Drive, Chandler, AZ, USA",Property_Street_Number__c,,102
006WR00000wk3OpYAI,Chandler Ridge,,"102 West Palomino Drive, Chandler, AZ, USA",Property_Street__c,,West Palomino Drive
006WR00000wk3OqYAI,Deserama Mobile Home Community,,"2434 East Main Street, Mesa, AZ, USA",Property_Street_Number__c,,2434
006WR00000wk3OqYAI,Deserama Mobile Home Community,,"2434 East Main Street, Mesa, AZ, USA",Property_Street__c,,East Main Street
006WR00000wk3OrYAI,Orangewood Shadows RV Resort,,"3165 E University Dr, Mesa, AZ, USA",Property_Street_Number__c,,3165
006WR00000wk3OrYAI,Orangewood Shadows RV Resort,,"3165 E University Dr, Mesa, AZ, USA",Property_Street__c,,E University Dr
006WR00000wk3OsYAI,Seyenna Vistas,,"625 W McKellips Rd, Mesa, AZ, USA",Property_Street_Number__c,,625
006WR00000wk3OsYAI,Seyenna Vistas,,"625 W McKellips Rd, Mesa, AZ, USA",Property_Street__c,,W McKellips Rd
006WR00000wk3OtYAI,Windhaven III,,"1143 West Wagner Drive, Gilbert, AZ, USA",Property_Street_Number__c,,1143
006WR00000wk3OtYAI,Windhaven III,,"1143 West Wagner Drive, Gilbert, AZ, USA",Property_Street__c,,West Wagner Drive
006WR00000wk3OuYAI,Palm Harbor Estates,,"320 E McKellips Rd, Mesa, AZ 85201, USA",Property_Street_Number__c,,320
006WR00000wk3OuYAI,Palm Harbor Estates,,"320 E McKellips Rd, Mesa, AZ 85201, USA",Property_Street__c,,E McKellips Rd
006WR00000wk3OvYAI,Tides at Chandler,,"2101 North Evergreen Street, Chandler, AZ, USA",Property_Street_Number__c,,2101
006WR00000wk3OvYAI,Tides at Chandler,,"2101 North Evergreen Street, Chandler, AZ, USA",Property_Street__c,,North Evergreen Street
006WR00000wk3OwYAI,Azure Wexford Apartments,,"600 Bentley Drive, Marion, IA, USA",Property_Street_Number__c,,600
006WR00000wk3OwYAI,Azure Wexford Apartments,,"600 Bentley Drive, Marion, IA, USA",Property_Street__c,,Bentley Drive
006WR00000wk3OxYAI,Biltmore Palms Condominium,,"4343 North 21st Street, Phoenix, AZ, USA",Property_Street_Number__c,,4343
006WR00000wk3OxYAI,Biltmore Palms Condominium,,"4343 North 21st Street, Phoenix, AZ, USA",Property_Street__c,,North 21st Street
006WR00000wk3OyYAI,Campus View,,"2030 Dmacc Boulevard, Ankeny, IA, USA",Property_Street_Number__c,,2030
006WR00000wk3OyYAI,Campus View,,"2030 Dmacc Boulevard, Ankeny, IA, USA",Property_Street__c,,Dmacc Boulevard
006WR00000wk3OzYAI,Bridgemoor Apartments,,"2710 Cunningham Road, Killeen, TX, USA",Property_Street_Number__c,,2710
006WR00000wk3OzYAI,Bridgemoor Apartments,,"2710 Cunningham Road, Killeen, TX, USA",Property_Street__c,,Cunningham Road
006WR00000wk3P0YAI,Fountain Springs Apartments,,"4325 Fountain Springs Grove, Colorado Springs, CO, USA",Property_Street_Number__c,,4325
006WR00000wk3P0YAI,Fountain Springs Apartments,,"4325 Fountain Springs Grove, Colorado Springs, CO, USA",Property_Street__c,,Fountain Springs Grove
006WR00000wk3P1YAI,Tela Verde,,"5020 West Thunderbird Road, Glendale, AZ, USA",Property_Street_Number__c,,5020
006WR00000wk3P1YAI,Tela Verde,,"5020 West Thunderbird Road, Glendale, AZ, USA",Property_Street__c,,West Thunderbird Road
006WR00000wk3P2YAI,Westdale Court Apartments,,"2155 Westdale Drive Southwest, Cedar Rapids, IA, USA",Property_Street_Number__c,,2155
006WR00000wk3P2YAI,Westdale Court Apartments,,"2155 Westdale Drive Southwest, Cedar Rapids, IA, USA",Property_Street__c,,Westdale Drive Southwest
006WR00000wk3P3YAI,Whitewater II,,"111 S 27th St, Boise, ID, USA",Property_Street_Number__c,,111
006WR00000wk3P3YAI,Whitewater II,,"111 S 27th St, Boise, ID, USA",Property_Street__c,,S 27th St
006WR00000wk3P4YAI,River House at the Trailhead,,"16621 East Indiana Avenue, Spokane Valley, WA, USA",Property_Street_Number__c,,16621
006WR00000wk3P4YAI,River House at the Trailhead,,"16621 East Indiana Avenue, Spokane Valley, WA, USA",Property_Street__c,,East Indiana Avenue
006WR00000wk3P5YAI,Sapphire on the Talbot,,"4827 Talbot Rd S, Renton, WA, USA",Property_Street_Number__c,,4827
006WR00000wk3P5YAI,Sapphire on the Talbot,,"4827 Talbot Rd S, Renton, WA, USA",Property_Street__c,,Talbot Rd S
006WR00000wk3P6YAI,Shady Oaks,Georgetown_MDU_Shady Oaks,"501 East Janis Drive, Georgetown, TX, USA",Property_Street_Number__c,,501
006WR00000wk3P6YAI,Shady Oaks,Georgetown_MDU_Shady Oaks,"501 East Janis Drive, Georgetown, TX, USA",Property_Street__c,,East Janis Drive
006WR00000wk3P7YAI,Live Oak Apartment Homes,Georgetown_MDU_Live_Oak_Apts,"4121 Williams Drive, Georgetown, TX, USA",Property_Street_Number__c,,4121
006WR00000wk3P7YAI,Live Oak Apartment Homes,Georgetown_MDU_Live_Oak_Apts,"4121 Williams Drive, Georgetown, TX, USA",Property_Street__c,,Williams Drive
006WR00000wk3P8YAI,Gateway Northwest Apartments,Georgetown_MDU_Gateway Northwest Apartments,"1617 Northwest Boulevard, Georgetown, TX, USA",Property_Street_Number__c,,1617
006WR00000wk3P8YAI,Gateway Northwest Apartments,Georgetown_MDU_Gateway Northwest Apartments,"1617 Northwest Boulevard, Georgetown, TX, USA",Property_Street__c,,Northwest Boulevard
006WR00000wk3P9YAI,The Hudson at Killeen,,"3701 Rosewood Drive, Killeen, TX, USA",Property_Street_Number__c,,3701
006WR00000wk3P9YAI,The Hudson at Killeen,,"3701 Rosewood Drive, Killeen, TX, USA",Property_Street__c,,Rosewood Drive
006WR00000wk3PAYAY,The Stella,,"8222 Calmont Avenue, Fort Worth, TX, USA",Property_Street_Number__c,,8222
006WR00000wk3PAYAY,The Stella,,"8222 Calmont Avenue, Fort Worth, TX, USA",Property_Street__c,,Calmont Avenue
006WR00000wk3PBYAY,Independence Place,Killeen_MDU_Independence Place,"5016 Watercrest Road, Killeen, TX, USA",Property_Street_Number__c,,5016
006WR00000wk3PBYAY,Independence Place,Killeen_MDU_Independence Place,"5016 Watercrest Road, Killeen, TX, USA",Property_Street__c,,Watercrest Road
006WR00000wk3PCYAY,Silverway Apartments,,"2215 Silverway Drive, Killeen, TX, USA",Property_Street_Number__c,,2215
006WR00000wk3PCYAY,Silverway Apartments,,"2215 Silverway Drive, Killeen, TX, USA",Property_Street__c,,Silverway Drive
006WR00000wk3PDYAY,The Arbors of Taylor,,"201 Highland Drive, Taylor, TX, USA",Property_Street_Number__c,,201
006WR00000wk3PDYAY,The Arbors of Taylor,,"201 Highland Drive, Taylor, TX, USA",Property_Street__c,,Highland Drive
006WR00000wk3PEYAY,El Dorado Apartments,,"2205 Silverway Drive, Killeen, TX, USA",Property_Street_Number__c,,2205
006WR00000wk3PEYAY,El Dorado Apartments,,"2205 Silverway Drive, Killeen, TX, USA",Property_Street__c,,Silverway Drive
006WR00000wk3PFYAY,Liberty Manor,Liberty Hill_MDU_Liberty Manor,"122 Bailey Lane, Liberty Hill, TX, USA",Property_Street_Number__c,,122
006WR00000wk3PFYAY,Liberty Manor,Liberty Hill_MDU_Liberty Manor,"122 Bailey Lane, Liberty Hill, TX, USA",Property_Street__c,,Bailey Lane
006WR00000wk3PGYAY,Village Creek Townhomes,,"2800 Briery Street, Fort Worth, TX, USA",Property_Street_Number__c,,2800
006WR00000wk3PGYAY,Village Creek Townhomes,,"2800 Briery Street, Fort Worth, TX, USA",Property_Street__c,,Briery Street
006WR00000wk3PHYAY,Rio Apartments,,"3500 South Riverside Drive, Fort Worth, TX, USA",Property_Street_Number__c,,3500
006WR00000wk3PHYAY,Rio Apartments,,"3500 South Riverside Drive, Fort Worth, TX, USA",Property_Street__c,,South Riverside Drive
006WR00000wk3PIYAY,The Foundry Apartments,,"4900 Bryant Irvin Road, Fort Worth, TX, USA",Property_Street_Number__c,,4900
006WR00000wk3PIYAY,The Foundry Apartments,,"4900 Bryant Irvin Road, Fort Worth, TX, USA",Property_Street__c,,Bryant Irvin Road
006WR00000wk3PJYAY,Pecan Branch,,"1555 Mink Loop, Georgetown, TX 78626, USA",Property_Street_Number__c,,1555
006WR00000wk3PJYAY,Pecan Branch,,"1555 Mink Loop, Georgetown, TX 78626, USA",Property_Street__c,,Mink Loop
006WR00000wk3PKYAY,Be Mesa,,"510 S Ext Rd, Mesa, AZ 85210, USA",Property_Street_Number__c,,510
006WR00000wk3PKYAY,Be Mesa,,"510 S Ext Rd, Mesa, AZ 85210, USA",Property_Street__c,,S Ext Rd
006WR00000wk3PLYAY,Clay Gardens Apartments,,"5258 East Clay Avenue, Fresno, CA, USA",Property_Street_Number__c,,5258
006WR00000wk3PLYAY,Clay Gardens Apartments,,"5258 East Clay Avenue, Fresno, CA, USA",Property_Street__c,,East Clay Avenue
006WR00000wk3PMYAY,Laguna Knolls Apartments,,"594 South Madera Avenue, Madera, CA, USA",Property_Street_Number__c,,594
006WR00000wk3PMYAY,Laguna Knolls Apartments,,"594 South Madera Avenue, Madera, CA, USA",Property_Street__c,,South Madera Avenue
006WR00000wk3PNYAY,Park West Townhouses,,"268 Douglas Street, Petaluma, CA, USA",Property_Street_Number__c,,268
006WR00000wk3PNYAY,Park West Townhouses,,"268 Douglas Street, Petaluma, CA, USA",Property_Street__c,,Douglas Street
006WR00000wk3POYAY,Lachen Tara Apartments,,"240 Ocean Oaks Drive, Avila Beach, CA, USA",Property_Street_Number__c,,240
006WR00000wk3POYAY,Lachen Tara Apartments,,"240 Ocean Oaks Drive, Avila Beach, CA, USA",Property_Street__c,,Ocean Oaks Drive
006WR00000wk3PPYAY,Villas at Higuera,,"3071 S Higuera St, San Luis Obispo, CA, USA",Property_Street_Number__c,,3071
006WR00000wk3PPYAY,Villas at Higuera,,"3071 S Higuera St, San Luis Obispo, CA, USA",Property_Street__c,,S Higuera St
006WR00000wk3PQYAY,Quail Ridge Apartments,,"2675 La Crescenta Drive, Cameron Park, CA, USA",Property_Street_Number__c,,2675
006WR00000wk3PQYAY,Quail Ridge Apartments,,"2675 La Crescenta Drive, Cameron Park, CA, USA",Property_Street__c,,La Crescenta Drive
006WR00000wk3PRYAY,Birchwood,,"624 Nord Ave, Chico, CA, USA",Property_Street_Number__c,,624
006WR00000wk3PRYAY,Birchwood,,"624 Nord Ave, Chico, CA, USA",Property_Street__c,,Nord Ave
006WR00000wk3PSYAY,Hidden Oaks,,"650 Hickory Street, Chico, CA, USA",Property_Street_Number__c,,650
006WR00000wk3PSYAY,Hidden Oaks,,"650 Hickory Street, Chico, CA, USA",Property_Street__c,,Hickory Street
006WR00000wk3PTYAY,Cloverdale Garden,,"18 Clark Avenue, Cloverdale, CA, USA",Property_Street_Number__c,,18
006WR00000wk3PTYAY,Cloverdale Garden,,"18 Clark Avenue, Cloverdale, CA, USA",Property_Street__c,,Clark Avenue
006WR00000wk3PUYAY,Corning Apts,,"674 Toomes Avenue, Corning, CA, USA",Property_Street_Number__c,,674
006WR00000wk3PUYAY,Corning Apts,,"674 Toomes Avenue, Corning, CA, USA",Property_Street__c,,Toomes Avenue
006WR00000wk3PVYAY,Maywood Apartments,,"2151 Fig Lane, Corning, CA, USA",Property_Street_Number__c,,2151
006WR00000wk3PVYAY,Maywood Apartments,,"2151 Fig Lane, Corning, CA, USA",Property_Street__c,,Fig Lane
006WR00000wk3PWYAY,Bardsley Garden,,"1150 South Laspina Street, Tulare, CA, USA",Property_Street_Number__c,,1150
006WR00000wk3PWYAY,Bardsley Garden,,"1150 South Laspina Street, Tulare, CA, USA",Property_Street__c,,South Laspina Street
006WR00000wk3PXYAY,Willows Apartments,,"175 North Villa Avenue, Willows, CA, USA",Property_Street_Number__c,,175
006WR00000wk3PXYAY,Willows Apartments,,"175 North Villa Avenue, Willows, CA, USA",Property_Street__c,,North Villa Avenue
006WR00000wk3PYYAY,Marisol Apartments,,"1119 South Tremont Street, Oceanside, CA, USA",Property_Street_Number__c,,1119
006WR00000wk3PYYAY,Marisol Apartments,,"1119 South Tremont Street, Oceanside, CA, USA",Property_Street__c,,South Tremont Street
006WR00000wk3PZYAY,Shoreline Apartments,,"1901 Shoreline Dr, Alameda, CA, USA",Property_Street_Number__c,,1901
006WR00000wk3PZYAY,Shoreline Apartments,,"1901 Shoreline Dr, Alameda, CA, USA",Property_Street__c,,Shoreline Dr
006WR00000wk3PaYAI,Three Crown Apartments,,"2020 Santa Clara Avenue, Alameda, CA, USA",Property_Street_Number__c,,2020
006WR00000wk3PaYAI,Three Crown Apartments,,"2020 Santa Clara Avenue, Alameda, CA, USA",Property_Street__c,,Santa Clara Avenue
006WR00000wk3PbYAI,Pinecrest Apartments,,"2710 Cooper Court, Napa, CA, USA",Property_Street_Number__c,,2710
006WR00000wk3PbYAI,Pinecrest Apartments,,"2710 Cooper Court, Napa, CA, USA",Property_Street__c,,Cooper Court
006WR00000wk3PcYAI,D Street Apartments,,"515 D Street, San Rafael, CA, USA",Property_Street_Number__c,,515
006WR00000wk3PcYAI,D Street Apartments,,"515 D Street, San Rafael, CA, USA",Property_Street__c,,D Street
006WR00000wk3PdYAI,Redwood Highway Apartments,,"10 San Pablo Avenue, San Rafael, CA, USA",Property_Street_Number__c,,10
006WR00000wk3PdYAI,Redwood Highway Apartments,,"10 San Pablo Avenue, San Rafael, CA, USA",Property_Street__c,,San Pablo Avenue
006WR00000wk3PeYAI,La Brea Apartments,,"15 Labrea Way, San Rafael, CA, USA",Property_Street_Number__c,,15
006WR00000wk3PeYAI,La Brea Apartments,,"15 Labrea Way, San Rafael, CA, USA",Property_Street__c,,Labrea Way
006WR00000wk3PfYAI,College Park,,"648 North G Street, Lompoc, CA, USA",Property_Street_Number__c,,648
006WR00000wk3PfYAI,College Park,,"648 North G Street, Lompoc, CA, USA",Property_Street__c,,North G Street
006WR00000wk3PgYAI,The Ridge,,"788 Mikkelsen Drive, Auburn, CA, USA",Property_Street_Number__c,,788
006WR00000wk3PgYAI,The Ridge,,"788 Mikkelsen Drive, Auburn, CA, USA",Property_Street__c,,Mikkelsen Drive
006WR00000wk9RtYAI,117 and 121 W Avenue A Apartments,Killeen_MDU_117 & 121 W Avenue A,"117 E Avenue A, Killeen, TX, USA",Property_Street_Number__c,,117
006WR00000wk9RtYAI,117 and 121 W Avenue A Apartments,Killeen_MDU_117 & 121 W Avenue A,"117 E Avenue A, Killeen, TX, USA",Property_Street__c,,E Avenue A
006WR00000wk9RuYAI,Town East,Killeen_MDU_Town East Apartments,"4308 Zephyr Road, Killeen, TX, USA",Property_Street_Number__c,,4308
006WR00000wk9RuYAI,Town East,Killeen_MDU_Town East Apartments,"4308 Zephyr Road, Killeen, TX, USA",Property_Street__c,,Zephyr Road
006WR00000wk9RvYAI,120 Sunset Dr,,"120 Sunset Drive, Encinitas, CA, USA",Property_Street_Number__c,,120
006WR00000wk9RvYAI,120 Sunset Dr,,"120 Sunset Drive, Encinitas, CA, USA",Property_Street__c,,Sunset Drive
006WR00000wk9RwYAI,424 Avenida Granada,,"424 Avenida Granada, San Clemente, CA, USA",Property_Street_Number__c,,424
006WR00000wk9RwYAI,424 Avenida Granada,,"424 Avenida Granada, San Clemente, CA, USA",Property_Street__c,,Avenida Granada
006WR00000wk9RxYAI,Hazel Park,HARKER HEIGHTS_MDU_Hazel Park,"3307 Stillhouse Lake Road, Harker Heights, TX, USA",Property_Street_Number__c,,3307
006WR00000wk9RxYAI,Hazel Park,HARKER HEIGHTS_MDU_Hazel Park,"3307 Stillhouse Lake Road, Harker Heights, TX, USA",Property_Street__c,,Stillhouse Lake Road
006WR00000wk9RxYAI,Hazel Park,HARKER HEIGHTS_MDU_Hazel Park,"3307 Stillhouse Lake Road, Harker Heights, TX, USA",Property_County__c,,Bell
006WR00000wk9RyYAI,Rivers Edge,,"115 Stone Mountain Road, Georgetown, TX, USA",Property_Street_Number__c,,115
006WR00000wk9RyYAI,Rivers Edge,,"115 Stone Mountain Road, Georgetown, TX, USA",Property_Street__c,,Stone Mountain Road
006WR00000wk9RzYAI,Chateau Apartments,,"18008 15th Ave NE, Shoreline, WA 98155, USA",Property_Street_Number__c,,18008
006WR00000wk9RzYAI,Chateau Apartments,,"18008 15th Ave NE, Shoreline, WA 98155, USA",Property_Street__c,,15th Ave NE
006WR00000wk9S0YAI,Kirshenbaum Apartments,,"5013 California Street, Omaha, NE, USA",Property_Street_Number__c,,5013
006WR00000wk9S0YAI,Kirshenbaum Apartments,,"5013 California Street, Omaha, NE, USA",Property_Street__c,,California Street
006WR00000wk9S1YAI,Sunterra Apartments,Oceanside_MDU_Sunterra Apartments,3851 Sherbourne Dr Oceanside CA 92056,Property_Street_Number__c,,3851
006WR00000wk9S1YAI,Sunterra Apartments,Oceanside_MDU_Sunterra Apartments,3851 Sherbourne Dr Oceanside CA 92056,Property_Street__c,,Sherbourne Dr
006WR00000wk9S2YAI,The Veranda at Twin Creek Apartments,Killeen_MDU_The Veranda Apartments,"1101 North Twin Creek Drive, Killeen, TX, USA",Property_Street_Number__c,,1101
006WR00000wk9S2YAI,The Veranda at Twin Creek Apartments,Killeen_MDU_The Veranda Apartments,"1101 North Twin Creek Drive, Killeen, TX, USA",Property_Street__c,,North Twin Creek Drive
006WR00000wk9S2YAI,The Veranda at Twin Creek Apartments,Killeen_MDU_The Veranda Apartments,"1101 North Twin Creek Drive, Killeen, TX, USA",Property_County__c,,Bell
006WR00000wk9S3YAI,Woodglen Square l,Mesa_MDU_Woodglen Square Condominium,"623 W Guadalupe Rd, Mesa, AZ 85210, USA",Property_Street_Number__c,,623
006WR00000wk9S3YAI,Woodglen Square l,Mesa_MDU_Woodglen Square Condominium,"623 W Guadalupe Rd, Mesa, AZ 85210, USA",Property_Street__c,,W Guadalupe Rd
006WR00000wk9S4YAI,Skyview Townhomes,Mesa_MDU_Skyview Townhomes,"830 S Dobson Rd, Mesa, AZ 85202, USA",Property_Street_Number__c,,830
006WR00000wk9S4YAI,Skyview Townhomes,Mesa_MDU_Skyview Townhomes,"830 S Dobson Rd, Mesa, AZ 85202, USA",Property_Street__c,,S Dobson Rd
006WR00000wk9S5YAI,Temple Square Apts,Mesa_MDU_Temple Square Apts,"324 South Horne, Mesa, AZ 85204, USA",Property_Street_Number__c,,324
006WR00000wk9S5YAI,Temple Square Apts,Mesa_MDU_Temple Square Apts,"324 South Horne, Mesa, AZ 85204, USA",Property_Street__c,,South Horne
006WR00000wk9S6YAI,Hidden Valley Apartments,,4421 West 137th Street Savage MN 55378,Property_Street_Number__c,,4421
006WR00000wk9S6YAI,Hidden Valley Apartments,,4421 West 137th Street Savage MN 55378,Property_Street__c,,West 137th Street
006WR00000wk9S7YAI,Park Village West,,"5530 Everett Street, Arvada, CO, USA",Property_Street_Number__c,,5530
006WR00000wk9S7YAI,Park Village West,,"5530 Everett Street, Arvada, CO, USA",Property_Street__c,,Everett Street
006WR00000wk9S8YAI,Capitol Ave Apartments,,"4920 Capitol Avenue, Omaha, NE, USA",Property_Street_Number__c,,4920
006WR00000wk9S8YAI,Capitol Ave Apartments,,"4920 Capitol Avenue, Omaha, NE, USA",Property_Street__c,,Capitol Avenue
006WR00000wk9S9YAI,Davenport Apartments,,"5004 Davenport Street, Omaha, NE, USA",Property_Street_Number__c,,5004
006WR00000wk9S9YAI,Davenport Apartments,,"5004 Davenport Street, Omaha, NE, USA",Property_Street__c,,Davenport Street
006WR00000wk9SAYAY,Artistry on 10th,,"95 South 10th Street, Minneapolis, MN, USA",Property_Street_Number__c,,95
006WR00000wk9SAYAY,Artistry on 10th,,"95 South 10th Street, Minneapolis, MN, USA",Property_Street__c,,South 10th Street
006WR00000wk9SBYAY,Enclave Villas Condominiums,,"1225 North 36th Street, Phoenix, AZ, USA",Property_Street_Number__c,,1225
006WR00000wk9SBYAY,Enclave Villas Condominiums,,"1225 North 36th Street, Phoenix, AZ, USA",Property_Street__c,,North 36th Street
006WR00000wk9SCYAY,Cabrillo Apartments,,"11620 East Sahuaro Drive, Scottsdale, AZ, USA",Property_Street_Number__c,,11620
006WR00000wk9SCYAY,Cabrillo Apartments,,"11620 East Sahuaro Drive, Scottsdale, AZ, USA",Property_Street__c,,East Sahuaro Drive
006WR00000wk9SDYAY,Meadow Glen Mobile Home Park,,"11644 Old Denton Rd, Fort Worth, TX, USA",Property_Street_Number__c,,11644
006WR00000wk9SDYAY,Meadow Glen Mobile Home Park,,"11644 Old Denton Rd, Fort Worth, TX, USA",Property_Street__c,,Old Denton Rd
006WR00000wk9SEYAY,La Mesa Village Apartments,Mesa_MDU_La Mesa Village Apartments,"655 S Mesa Dr, Mesa, AZ 85210, USA",Property_Street_Number__c,,655
006WR00000wk9SEYAY,La Mesa Village Apartments,Mesa_MDU_La Mesa Village Apartments,"655 S Mesa Dr, Mesa, AZ 85210, USA",Property_Street__c,,S Mesa Dr
006WR00000wk9SFYAY,Sun View,,"435 E 2nd St, Mesa, AZ, USA",Property_Street_Number__c,,435
006WR00000wk9SFYAY,Sun View,,"435 E 2nd St, Mesa, AZ, USA",Property_Street__c,,E 2nd St
006WR00000wk9SGYAY,Taschner Apartments,Mesa_MDU_Taschner Apartments,"410 E 9th Ave, Mesa, AZ 85204, USA",Property_Street_Number__c,,410
006WR00000wk9SGYAY,Taschner Apartments,Mesa_MDU_Taschner Apartments,"410 E 9th Ave, Mesa, AZ 85204, USA",Property_Street__c,,E 9th Ave
006WR00000wk9SHYAY,Atria Villa Apartments,,"1251 Taylor Ave N, Seattle, WA 98109, USA",Property_Street_Number__c,,1251
006WR00000wk9SHYAY,Atria Villa Apartments,,"1251 Taylor Ave N, Seattle, WA 98109, USA",Property_Street__c,,Taylor Ave N
006WR00000wk9SIYAY,Park Winds Apartments,,"3608 East Douglas Avenue, Des Moines, IA, USA",Property_Street_Number__c,,3608
006WR00000wk9SIYAY,Park Winds Apartments,,"3608 East Douglas Avenue, Des Moines, IA, USA",Property_Street__c,,East Douglas Avenue
006WR00000wk9SJYAY,Prairie Winds Apartments,,"2207 East Park Avenue, Des Moines, IA, USA",Property_Street_Number__c,,2207
006WR00000wk9SJYAY,Prairie Winds Apartments,,"2207 East Park Avenue, Des Moines, IA, USA",Property_Street__c,,East Park Avenue
006WR00000wk9SKYAY,Bayshore at Agua Hedionda,,"4747 Beachwood Court, Carlsbad CA 92008",Property_Street_Number__c,,4747
006WR00000wk9SKYAY,Bayshore at Agua Hedionda,,"4747 Beachwood Court, Carlsbad CA 92008",Property_Street__c,,Beachwood Court
006WR00000wk9SLYAY,Sierra G Ranch,,"220 Sierra G Rnch Blvd, Jarrell, TX, USA",Property_Street_Number__c,,220
006WR00000wk9SLYAY,Sierra G Ranch,,"220 Sierra G Rnch Blvd, Jarrell, TX, USA",Property_Street__c,,Sierra G Rnch Blvd
006WR00000wk9SMYAY,Wolf Lodge Condos,,"3615 North Wolf Lodge Drive, Eden, UT, USA",Property_Street_Number__c,,3615
006WR00000wk9SMYAY,Wolf Lodge Condos,,"3615 North Wolf Lodge Drive, Eden, UT, USA",Property_Street__c,,North Wolf Lodge Drive
006WR00000wk9SNYAY,Equinox on Columbus,,"3003 N Columbus Blvd, Tucson, AZ, USA",Property_Street_Number__c,,3003
006WR00000wk9SNYAY,Equinox on Columbus,,"3003 N Columbus Blvd, Tucson, AZ, USA",Property_Street__c,,N Columbus Blvd
006WR00000wk9SOYAY,Plumwood Terrace HOA,,"4805 86th Street, Urbandale, Iowa 50322",Property_Street_Number__c,,4805
006WR00000wk9SOYAY,Plumwood Terrace HOA,,"4805 86th Street, Urbandale, Iowa 50322",Property_Street__c,,86th Street
006WR00000wk9SPYAY,Timberland at Crestbruck Park 1_Lumen IA_Bryce,,"918 Northeast Crestmoor Place, Ankeny, IA, USA",Property_Street_Number__c,,918
006WR00000wk9SPYAY,Timberland at Crestbruck Park 1_Lumen IA_Bryce,,"918 Northeast Crestmoor Place, Ankeny, IA, USA",Property_Street__c,,Northeast Crestmoor Place
006WR00000wk9SQYAY,Timberland at Crestbruck Park 2_Lumen IA_Bryce,,"301 Northeast 12th Street Place, Ankeny, IA, USA",Property_Street_Number__c,,301
006WR00000wk9SQYAY,Timberland at Crestbruck Park 2_Lumen IA_Bryce,,"301 Northeast 12th Street Place, Ankeny, IA, USA",Property_Street__c,,Northeast 12th Street Place
006WR00000wk9SRYAY,Ashley Square _Lumen IA_Bryce,,"5501 Aurora Ave., Des Moines, IA, USA",Property_Street_Number__c,,5501
006WR00000wk9SRYAY,Ashley Square _Lumen IA_Bryce,,"5501 Aurora Ave., Des Moines, IA, USA",Property_Street__c,,Aurora Ave.
006WR00000wk9SSYAY,Waters Haven Apartments,Killeen_MDU_Santa Rosa Apartments,"702 Santa Rosa Drive, Killeen, TX, USA",Property_Street_Number__c,,702
006WR00000wk9SSYAY,Waters Haven Apartments,Killeen_MDU_Santa Rosa Apartments,"702 Santa Rosa Drive, Killeen, TX, USA",Property_Street__c,,Santa Rosa Drive
006WR00000wk9SSYAY,Waters Haven Apartments,Killeen_MDU_Santa Rosa Apartments,"702 Santa Rosa Drive, Killeen, TX, USA",Property_County__c,,Bell
006WR00000wk9STYAY,Stone Ranch,Killeen_MDU_Stone Ranch,"4401 East Rancier Avenue, Killeen, TX, USA",Property_Street_Number__c,,4401
006WR00000wk9STYAY,Stone Ranch,Killeen_MDU_Stone Ranch,"4401 East Rancier Avenue, Killeen, TX, USA",Property_Street__c,,East Rancier Avenue
006WR00000wk9STYAY,Stone Ranch,Killeen_MDU_Stone Ranch,"4401 East Rancier Avenue, Killeen, TX, USA",Property_County__c,,Bell
006WR00000wk9SUYAY,Kachina Apartments,,1400 N Alma School Rd,Property_Street_Number__c,,1400
006WR00000wk9SUYAY,Kachina Apartments,,1400 N Alma School Rd,Property_Street__c,,N Alma School Rd
006WR00000wk9SVYAY,Cottonwood Crossings,,"1565 N Wildflower Dr, Casa Grande AZ",Property_Street_Number__c,,1565
006WR00000wk9SVYAY,Cottonwood Crossings,,"1565 N Wildflower Dr, Casa Grande AZ",Property_Street__c,,N Wildflower Dr
006WR00000wk9SWYAY,Sterling Point,,"•	3802 E Baseline Rd, Phoenix, AZ 85042",Property_Street_Number__c,,3802
006WR00000wk9SWYAY,Sterling Point,,"•	3802 E Baseline Rd, Phoenix, AZ 85042",Property_Street__c,,E Baseline Rd
006WR00000wk9SXYAY,Prospector's Point,,"8625 Clay St, Westminster, CO 80031, USA",Property_Street_Number__c,,8625
006WR00000wk9SXYAY,Prospector's Point,,"8625 Clay St, Westminster, CO 80031, USA",Property_Street__c,,Clay St
006WR00000wk9SYYAY,Garden Place Apartments,Mesa_MDU_Garden Place Apartments,"1360 West Isabella Avenue, Mesa, AZ, USA",Property_Street_Number__c,,1360
006WR00000wk9SYYAY,Garden Place Apartments,Mesa_MDU_Garden Place Apartments,"1360 West Isabella Avenue, Mesa, AZ, USA",Property_Street__c,,West Isabella Avenue
006WR00000wk9SZYAY,Falcon Glen Apartments,Mesa_MDU_Falcon Glen Apartments,"4225 E University Dr, Mesa, AZ 85205, USA",Property_Street_Number__c,,4225
006WR00000wk9SZYAY,Falcon Glen Apartments,Mesa_MDU_Falcon Glen Apartments,"4225 E University Dr, Mesa, AZ 85205, USA",Property_Street__c,,E University Dr
006WR00000wk9SaYAI,Dundee Court,,"4728 Chicago Street, Omaha, NE, USA",Property_Street_Number__c,,4728
006WR00000wk9SaYAI,Dundee Court,,"4728 Chicago Street, Omaha, NE, USA",Property_Street__c,,Chicago Street
006WR00000wk9SbYAI,Benson Gardens Blvd,,"2017 Benson Gardens Blvd, Omaha, NE, USA",Property_Street_Number__c,,2017
006WR00000wk9SbYAI,Benson Gardens Blvd,,"2017 Benson Gardens Blvd, Omaha, NE, USA",Property_Street__c,,Benson Gardens Blvd
006WR00000wk9ScYAI,Cass Street Apartments,,"4706 Cass St, Omaha, NE, USA",Property_Street_Number__c,,4706
006WR00000wk9ScYAI,Cass Street Apartments,,"4706 Cass St, Omaha, NE, USA",Property_Street__c,,Cass St
006WR00000wk9SdYAI,The Laredo Apartments,Decatur_MDU_The Laredo Apartments,1555 W US 380 UNIT 110 DECATUR TX 76234,Property_Street_Number__c,,1555
006WR00000wk9SdYAI,The Laredo Apartments,Decatur_MDU_The Laredo Apartments,1555 W US 380 UNIT 110 DECATUR TX 76234,Property_Street__c,,W US 380
006WR00000wk9SdYAI,The Laredo Apartments,Decatur_MDU_The Laredo Apartments,1555 W US 380 UNIT 110 DECATUR TX 76234,Property_County__c,,Wise
006WR00000wk9SeYAI,Ave at Johnston Commons,,"6200 Clark Ln, Johnston, IA, USA",Property_Street_Number__c,,6200
006WR00000wk9SeYAI,Ave at Johnston Commons,,"6200 Clark Ln, Johnston, IA, USA",Property_Street__c,,Clark Ln
006WR00000wk9SfYAI,Georgetown Square Apartments,Georgetown_MDU_Georgetown Square Apts,"214 Royal Drive, Georgetown, TX, USA",Property_Street_Number__c,,214
006WR00000wk9SfYAI,Georgetown Square Apartments,Georgetown_MDU_Georgetown Square Apts,"214 Royal Drive, Georgetown, TX, USA",Property_Street__c,,Royal Drive
006WR00000wk9SfYAI,Georgetown Square Apartments,Georgetown_MDU_Georgetown Square Apts,"214 Royal Drive, Georgetown, TX, USA",Property_County__c,,Williamson
006WR00000wk9SgYAI,Fisher's Mill,,"1000 Southeast 160th Avenue, Vancouver, WA",Property_Street_Number__c,,1000
006WR00000wk9SgYAI,Fisher's Mill,,"1000 Southeast 160th Avenue, Vancouver, WA",Property_Street__c,,Southeast 160th Avenue
006WR00000wk9ShYAI,Centennial Apartments,,"506 W Centennial Blvd, Springfield, OR, USA",Property_Street_Number__c,,506
006WR00000wk9ShYAI,Centennial Apartments,,"506 W Centennial Blvd, Springfield, OR, USA",Property_Street__c,,W Centennial Blvd
006WR00000wk9SiYAI,Millennium Park Apartments,,"621 Southeast 168th Avenue, Vancouver, WA 98684, USA",Property_Street_Number__c,,621
006WR00000wk9SiYAI,Millennium Park Apartments,,"621 Southeast 168th Avenue, Vancouver, WA 98684, USA",Property_Street__c,,Southeast 168th Avenue
006WR00000wk9SjYAI,Chalet Apartments,,"4858 Izard Street, Omaha, Nebraska 68132, USA",Property_Street_Number__c,,4858
006WR00000wk9SjYAI,Chalet Apartments,,"4858 Izard Street, Omaha, Nebraska 68132, USA",Property_Street__c,,Izard Street
006WR00000wk9SkYAI,Chalet Apartments,,"2555 Gateway St, Springfield, OR, USA",Property_Street_Number__c,,2555
006WR00000wk9SkYAI,Chalet Apartments,,"2555 Gateway St, Springfield, OR, USA",Property_Street__c,,Gateway St
006WR00000wk9SlYAI,Mariposa Apartment Homes at River Bend,,"121 Riverbend Drive, Georgetown, TX, USA",Property_Street_Number__c,,121
006WR00000wk9SlYAI,Mariposa Apartment Homes at River Bend,,"121 Riverbend Drive, Georgetown, TX, USA",Property_Street__c,,Riverbend Drive
006WR00000wk9SmYAI,Golden Vista RV Resort,,"3710 South Goldfield Road, Apache Junction, AZ, USA",Property_Street_Number__c,,3710
006WR00000wk9SmYAI,Golden Vista RV Resort,,"3710 South Goldfield Road, Apache Junction, AZ, USA",Property_Street__c,,South Goldfield Road
006WR00000wk9SnYAI,Seascape Sur,Solana Beach_MDU_Seascape Sur,503 S SIERRA AVE UNIT 153 SOLANA BEACH CA 92075,Property_Street_Number__c,,503
006WR00000wk9SnYAI,Seascape Sur,Solana Beach_MDU_Seascape Sur,503 S SIERRA AVE UNIT 153 SOLANA BEACH CA 92075,Property_Street__c,,S SIERRA AVE
006WR00000wk9SoYAI,Stone Hill,Killeen_MDU_Stonehill,"501 West Central Texas Expressway, Killeen, TX, USA",Property_Street_Number__c,,501
006WR00000wk9SoYAI,Stone Hill,Killeen_MDU_Stonehill,"501 West Central Texas Expressway, Killeen, TX, USA",Property_Street__c,,West Central Texas Expressway
006WR00000wk9SoYAI,Stone Hill,Killeen_MDU_Stonehill,"501 West Central Texas Expressway, Killeen, TX, USA",Property_County__c,,Bell
006WR00000wk9SpYAI,Carmel Creekside,Fort Worth_MDU_Carmel Creekside,"3400 Western Center Blvd, Fort Worth, TX, USA",Property_Street_Number__c,,3400
006WR00000wk9SpYAI,Carmel Creekside,Fort Worth_MDU_Carmel Creekside,"3400 Western Center Blvd, Fort Worth, TX, USA",Property_Street__c,,Western Center Blvd
006WR00000wk9SpYAI,Carmel Creekside,Fort Worth_MDU_Carmel Creekside,"3400 Western Center Blvd, Fort Worth, TX, USA",Property_County__c,,Tarrant
006WR00000wk9SqYAI,Hunter's Glen Apartments,,"1201 Bacon Ranch Road, Killeen, TX, USA",Property_Street_Number__c,,1201
006WR00000wk9SqYAI,Hunter's Glen Apartments,,"1201 Bacon Ranch Road, Killeen, TX, USA",Property_Street__c,,Bacon Ranch Road
006WR00000wk9SrYAI,Cottonwood Apartments East,Omaha_MDU_Cottonwood Apartments West,"1115 North 48th Avenue, Omaha, NE, USA",Property_Street_Number__c,,1115
006WR00000wk9SrYAI,Cottonwood Apartments East,Omaha_MDU_Cottonwood Apartments West,"1115 North 48th Avenue, Omaha, NE, USA",Property_Street__c,,North 48th Avenue
006WR00000wk9SrYAI,Cottonwood Apartments East,Omaha_MDU_Cottonwood Apartments West,"1115 North 48th Avenue, Omaha, NE, USA",Property_County__c,,Douglas
006WR00000wk9SsYAI,Sandpiper Pointe,Encinitas_MDU_Sandpiper Point,"393 West I Street, Encinitas, CA, USA",Property_Street_Number__c,,393
006WR00000wk9SsYAI,Sandpiper Pointe,Encinitas_MDU_Sandpiper Point,"393 West I Street, Encinitas, CA, USA",Property_Street__c,,West I Street
006WR00000wk9StYAI,Summer Park _ FF Freddy,,"1701 North College Street, Killeen, TX, USA",Property_Street_Number__c,,1701
006WR00000wk9StYAI,Summer Park _ FF Freddy,,"1701 North College Street, Killeen, TX, USA",Property_Street__c,,North College Street
006WR00000wk9SuYAI,Riverside Villas,Keller_MDU_Riverside Villas,"8828 North Riverside Drive, Fort Worth, TX, USA",Property_Street_Number__c,,8828
006WR00000wk9SuYAI,Riverside Villas,Keller_MDU_Riverside Villas,"8828 North Riverside Drive, Fort Worth, TX, USA",Property_Street__c,,North Riverside Drive
006WR00000wk9SuYAI,Riverside Villas,Keller_MDU_Riverside Villas,"8828 North Riverside Drive, Fort Worth, TX, USA",Property_County__c,,Tarrant
006WR00000wk9SvYAI,Park_Place,Killeen_MDU_Park Place,"4100 Lake Rd, Killeen, TX, USA",Property_Street_Number__c,,4100
006WR00000wk9SvYAI,Park_Place,Killeen_MDU_Park Place,"4100 Lake Rd, Killeen, TX, USA",Property_Street__c,,Lake Rd
006WR00000wk9SvYAI,Park_Place,Killeen_MDU_Park Place,"4100 Lake Rd, Killeen, TX, USA",Property_County__c,,Bell
006WR00000wk9SwYAI,Spindrift Del Mar HOA,Del Mar_MDU_Spindrift Condominiums,"801 America Way, Del Mar, CA 92014",Property_Street_Number__c,,801
006WR00000wk9SwYAI,Spindrift Del Mar HOA,Del Mar_MDU_Spindrift Condominiums,"801 America Way, Del Mar, CA 92014",Property_Street__c,,America Way
006WR00000wk9SxYAI,Cottonwood Apartments West,,"1106 N 48th Ave, Omaha, NE, USA",Property_Street_Number__c,,1106
006WR00000wk9SxYAI,Cottonwood Apartments West,,"1106 N 48th Ave, Omaha, NE, USA",Property_Street__c,,N 48th Ave
006WR00000wk9SyYAI,Redwood Linden Oaks One,,"437 Elgin Ln NW, Altoona, IA 50009, USA",Property_Street_Number__c,,437
006WR00000wk9SyYAI,Redwood Linden Oaks One,,"437 Elgin Ln NW, Altoona, IA 50009, USA",Property_Street__c,,Elgin Ln NW
006WR00000wk9SzYAI,Redwood Linden Oaks Two,,"437 Elgin Ln NW, Altoona, IA 50009, USA",Property_Street_Number__c,,437
006WR00000wk9SzYAI,Redwood Linden Oaks Two,,"437 Elgin Ln NW, Altoona, IA 50009, USA",Property_Street__c,,Elgin Ln NW
006WR00000wk9T0YAI,Redwood Havenwood One,,"1370 SW Radcliffe Ln, Ankeny, IA 50023, USA",Property_Street_Number__c,,1370
006WR00000wk9T0YAI,Redwood Havenwood One,,"1370 SW Radcliffe Ln, Ankeny, IA 50023, USA",Property_Street__c,,SW Radcliffe Ln
006WR00000wk9T1YAI,Redwood Havenwood Two,,"1370 SW Radcliffe Ln, Ankeny, IA 50023, USA",Property_Street_Number__c,,1370
006WR00000wk9T1YAI,Redwood Havenwood Two,,"1370 SW Radcliffe Ln, Ankeny, IA 50023, USA",Property_Street__c,,SW Radcliffe Ln
006WR00000wk9T2YAI,Cicada Springs RV Park,KILLEEN_MDU_Cicada Springs RV Park,300 MAPLE ST KILLEEN TX 76543,Property_Street_Number__c,,300
006WR00000wk9T2YAI,Cicada Springs RV Park,KILLEEN_MDU_Cicada Springs RV Park,300 MAPLE ST KILLEEN TX 76543,Property_Street__c,,MAPLE ST
006WR00000wk9T2YAI,Cicada Springs RV Park,KILLEEN_MDU_Cicada Springs RV Park,300 MAPLE ST KILLEEN TX 76543,Property_County__c,,Bell
006WR00000wk9T3YAI,Mcqueen Landing HOA,Gilbert_MDU_MCQUEEN LANDING HOA,644 N BAY DR GILBERT AZ 85233,Property_Street_Number__c,,644
006WR00000wk9T3YAI,Mcqueen Landing HOA,Gilbert_MDU_MCQUEEN LANDING HOA,644 N BAY DR GILBERT AZ 85233,Property_Street__c,,N BAY DR
006WR00000wk9T4YAI,La Costa Hills HOA,CARLSBAD_MDU_La Costa Hills,"3475 Caminito Sierra, Carlsbad, CA 92009",Property_Street_Number__c,,3475
006WR00000wk9T4YAI,La Costa Hills HOA,CARLSBAD_MDU_La Costa Hills,"3475 Caminito Sierra, Carlsbad, CA 92009",Property_Street__c,,Caminito Sierra
006WR00000wk9T5YAI,Park Place Village Condominium,Gilbert_MDU_PARK PLACE VILLAGE CONDOMINIUM,722 N LAGUNA DR GILBERT AZ 85233,Property_Street_Number__c,,722
006WR00000wk9T5YAI,Park Place Village Condominium,Gilbert_MDU_PARK PLACE VILLAGE CONDOMINIUM,722 N LAGUNA DR GILBERT AZ 85233,Property_Street__c,,N LAGUNA DR
006WR00000wk9T6YAI,Terrace Villa_Morris RE,Killeen_MDU_Terence Villa,1012 WELLS ST UNIT 1 KILLEEN TX 76541,Property_Street_Number__c,,1012
006WR00000wk9T6YAI,Terrace Villa_Morris RE,Killeen_MDU_Terence Villa,1012 WELLS ST UNIT 1 KILLEEN TX 76541,Property_Street__c,,WELLS ST
006WR00000wk9T6YAI,Terrace Villa_Morris RE,Killeen_MDU_Terence Villa,1012 WELLS ST UNIT 1 KILLEEN TX 76541,Property_County__c,,Bell
006WR00000wk9T7YAI,Village West Apartments_Morris RE,Killeen_MDU_Village West Apartments,420 N GILMER ST UNIT 1 KILLEEN TX 76541,Property_Street_Number__c,,420
006WR00000wk9T7YAI,Village West Apartments_Morris RE,Killeen_MDU_Village West Apartments,420 N GILMER ST UNIT 1 KILLEEN TX 76541,Property_Street__c,,N GILMER ST
006WR00000wk9T7YAI,Village West Apartments_Morris RE,Killeen_MDU_Village West Apartments,420 N GILMER ST UNIT 1 KILLEEN TX 76541,Property_County__c,,Bell
006WR00000wk9T8YAI,Quail Hollow Apts_Morris RE,Killeen_MDU_Quail Hollow Apts,2203 JENNIFER DR UNIT 1 KILLEEN TX 76542,Property_Street_Number__c,,2203
006WR00000wk9T8YAI,Quail Hollow Apts_Morris RE,Killeen_MDU_Quail Hollow Apts,2203 JENNIFER DR UNIT 1 KILLEEN TX 76542,Property_Street__c,,JENNIFER DR
006WR00000wk9T8YAI,Quail Hollow Apts_Morris RE,Killeen_MDU_Quail Hollow Apts,2203 JENNIFER DR UNIT 1 KILLEEN TX 76542,Property_County__c,,Bell
006WR00000wk9T9YAI,Killeen_MDU_512 W Green Ave_Morris RE,Killeen_MDU_512 W Green Ave,512 W GREEN AVE KILLEEN TX 76541,Property_Street_Number__c,,512
006WR00000wk9T9YAI,Killeen_MDU_512 W Green Ave_Morris RE,Killeen_MDU_512 W Green Ave,512 W GREEN AVE KILLEEN TX 76541,Property_Street__c,,W GREEN AVE
006WR00000wk9T9YAI,Killeen_MDU_512 W Green Ave_Morris RE,Killeen_MDU_512 W Green Ave,512 W GREEN AVE KILLEEN TX 76541,Property_County__c,,Bell
006WR00000wk9TAYAY,Arcadia Lofts,,"1818 North 40th Street, Phoenix, AZ, USA",Property_Street_Number__c,,1818
006WR00000wk9TAYAY,Arcadia Lofts,,"1818 North 40th Street, Phoenix, AZ, USA",Property_Street__c,,North 40th Street
006WR00000wk9TBYAY,San Clemente,Gilbert_MDU_San Clemente,"7640 South Power Road, Gilbert, AZ, USA",Property_Street_Number__c,,7640
006WR00000wk9TBYAY,San Clemente,Gilbert_MDU_San Clemente,"7640 South Power Road, Gilbert, AZ, USA",Property_Street__c,,South Power Road
006WR00000wk9TCYAY,San Angelin,Mesa_MDU_San Angelin,"1935 South Sunnyvale Avenue, Mesa, AZ, USA",Property_Street_Number__c,,1935
006WR00000wk9TCYAY,San Angelin,Mesa_MDU_San Angelin,"1935 South Sunnyvale Avenue, Mesa, AZ, USA",Property_Street__c,,South Sunnyvale Avenue
006WR00000wk9TDYAY,Waters Edge Apartment Homes,,"25 Waters Edge Circle, Georgetown, TX, USA",Property_Street_Number__c,,25
006WR00000wk9TDYAY,Waters Edge Apartment Homes,,"25 Waters Edge Circle, Georgetown, TX, USA",Property_Street__c,,Waters Edge Circle
006WR00000wk9TEYAY,The Summit Lofts,,"201 Wolf Ranch Parkway, Georgetown, TX, USA",Property_Street_Number__c,,201
006WR00000wk9TEYAY,The Summit Lofts,,"201 Wolf Ranch Parkway, Georgetown, TX, USA",Property_Street__c,,Wolf Ranch Parkway
006WR00000wk9TFYAY,Creekwood Apartments,,"710 North 46th Street, Killeen, TX, USA",Property_Street_Number__c,,710
006WR00000wk9TFYAY,Creekwood Apartments,,"710 North 46th Street, Killeen, TX, USA",Property_Street__c,,North 46th Street
006WR00000wk9TGYAY,San Miguel Apartments,Mesa_MDU_San Miguel Apartments,"8915 E Guadalupe Rd, Mesa, AZ 85212, USA",Property_Street_Number__c,,8915
006WR00000wk9TGYAY,San Miguel Apartments,Mesa_MDU_San Miguel Apartments,"8915 E Guadalupe Rd, Mesa, AZ 85212, USA",Property_Street__c,,E Guadalupe Rd
006WR00000wk9THYAY,Canyon Club Apartments,,"420 Activity Way, Oceanside, CA, USA",Property_Street_Number__c,,420
006WR00000wk9THYAY,Canyon Club Apartments,,"420 Activity Way, Oceanside, CA, USA",Property_Street__c,,Activity Way
006WR00000wk9TIYAY,Stoney Brook Apartments,,1990 Apple St Oceanside CA 92054-4440,Property_Street_Number__c,,1990
006WR00000wk9TIYAY,Stoney Brook Apartments,,1990 Apple St Oceanside CA 92054-4440,Property_Street__c,,Apple St
006WR00000wk9TJYAY,Carlsbad View Apartments,,3675 Barnard Dr Oceanside CA 92056-4010,Property_Street_Number__c,,3675
006WR00000wk9TJYAY,Carlsbad View Apartments,,3675 Barnard Dr Oceanside CA 92056-4010,Property_Street__c,,Barnard Dr
006WR00000wk9TKYAY,Ocean Hills Senior Living Apartments,,4550  CAnnon Rd Rd Oceanside CA 92056-4976,Property_Street_Number__c,,4550
006WR00000wk9TKYAY,Ocean Hills Senior Living Apartments,,4550  CAnnon Rd Rd Oceanside CA 92056-4976,Property_Street__c,,CAnnon Rd Rd
006WR00000wk9TLYAY,Oceana Apartment Homes,,180  Canyon Dr Oceanside CA 92054,Property_Street_Number__c,,180
006WR00000wk9TLYAY,Oceana Apartment Homes,,180  Canyon Dr Oceanside CA 92054,Property_Street__c,,Canyon Dr
006WR00000wk9TMYAY,Mira Mar Mobile Home Community,,900 Cleveland St Oceanside CA 92054,Property_Street_Number__c,,900
006WR00000wk9TMYAY,Mira Mar Mobile Home Community,,900 Cleveland St Oceanside CA 92054,Property_Street__c,,Cleveland St
006WR00000wk9TNYAY,Pierside South,,115 N Cleveland St Oceanside CA 92054-2619,Property_Street_Number__c,,115
006WR00000wk9TNYAY,Pierside South,,115 N Cleveland St Oceanside CA 92054-2619,Property_Street__c,,N Cleveland St
006WR00000wk9TOYAY,Boulevard Apartments,,1904 College Blvd Oceanside CA 92056-5939,Property_Street_Number__c,,1904
006WR00000wk9TOYAY,Boulevard Apartments,,1904 College Blvd Oceanside CA 92056-5939,Property_Street__c,,College Blvd
006WR00000wk9TPYAY,Elan Milano,,3634 College Blvd Oceanside CA 92056-4632,Property_Street_Number__c,,3634
006WR00000wk9TPYAY,Elan Milano,,3634 College Blvd Oceanside CA 92056-4632,Property_Street__c,,College Blvd
006WR00000wk9TQYAY,Edson,,310 Ellis Blvd Oceanside CA 92058-7877,Property_Street_Number__c,,310
006WR00000wk9TQYAY,Edson,,310 Ellis Blvd Oceanside CA 92058-7877,Property_Street__c,,Ellis Blvd
006WR00000wk9TRYAY,Elan Oceano at Rancho Del Oro,,4795 Frazee Rd Oceanside CA92057-6822,Property_Street_Number__c,,4795
006WR00000wk9TRYAY,Elan Oceano at Rancho Del Oro,,4795 Frazee Rd Oceanside CA92057-6822,Property_Street__c,,Frazee Rd Oceanside CA92057-6822
006WR00000wk9TSYAY,Canyon Creek,,322 Garrison St Oceanside CA 92054-4753,Property_Street_Number__c,,322
006WR00000wk9TSYAY,Canyon Creek,,322 Garrison St Oceanside CA 92054-4753,Property_Street__c,,Garrison St
006WR00000wk9TTYAY,Ocean Vista Apartments,,3760 North Way Oceanside CA 92056,Property_Street_Number__c,,3760
006WR00000wk9TTYAY,Ocean Vista Apartments,,3760 North Way Oceanside CA 92056,Property_Street__c,,North Way
006WR00000wk9TUYAY,Cavalier Mobile Estates,,1225  Oceanside Blvd Oceanside CA 92054,Property_Street_Number__c,,1225
006WR00000wk9TUYAY,Cavalier Mobile Estates,,1225  Oceanside Blvd Oceanside CA 92054,Property_Street__c,,Oceanside Blvd
006WR00000wk9TVYAY,Westwood Village,,2502  Oceanside Blvd Oceanside CA 92054,Property_Street_Number__c,,2502
006WR00000wk9TVYAY,Westwood Village,,2502  Oceanside Blvd Oceanside CA 92054,Property_Street__c,,Oceanside Blvd
006WR00000wk9TWYAY,Piazza D'Oro Townhomes,,3402 Piazza de Oro Way Oceanside CA 92056-3785,Property_Street_Number__c,,3402
006WR00000wk9TWYAY,Piazza D'Oro Townhomes,,3402 Piazza de Oro Way Oceanside CA 92056-3785,Property_Street__c,,Piazza de Oro Way
006WR00000wk9TXYAY,River Oaks,,3880 San Ramon Dr Oceanside CA 92057-7257,Property_Street_Number__c,,3880
006WR00000wk9TXYAY,River Oaks,,3880 San Ramon Dr Oceanside CA 92057-7257,Property_Street__c,,San Ramon Dr
006WR00000wk9TYYAY,Pacific View,,139 Santa Rosa Dr Oceanside CA 92058-6880,Property_Street_Number__c,,139
006WR00000wk9TYYAY,Pacific View,,139 Santa Rosa Dr Oceanside CA 92058-6880,Property_Street__c,,Santa Rosa Dr
006WR00000wk9TZYAY,Sunset View,,2500 Sea Cliff Way Oceanside CA 92056,Property_Street_Number__c,,2500
006WR00000wk9TZYAY,Sunset View,,2500 Sea Cliff Way Oceanside CA 92056,Property_Street__c,,Sea Cliff Way
006WR00000wk9TaYAI,Parkside Villa Apartments,,2001-2297 Via Esmarca CA Oceanside CA 92054-7301,Property_Street_Number__c,,2001-2297
006WR00000wk9TaYAI,Parkside Villa Apartments,,2001-2297 Via Esmarca CA Oceanside CA 92054-7301,Property_Street__c,,Via Esmarca CA
006WR00000wk9TbYAI,Sofi Ocean Hills,,3500 Windrift Way Oceanside CA 92056,Property_Street_Number__c,,3500
006WR00000wk9TbYAI,Sofi Ocean Hills,,3500 Windrift Way Oceanside CA 92056,Property_Street__c,,Windrift Way
006WR00000wk9TcYAI,Shadow Way Apartments,,4707 Yuma Ave Oceanside CA 92057-5841,Property_Street_Number__c,,4707
006WR00000wk9TcYAI,Shadow Way Apartments,,4707 Yuma Ave Oceanside CA 92057-5841,Property_Street__c,,Yuma Ave
006WR00000wk9TdYAI,DeLuz Family Housing,,108 Marine Dr Oceanside CA 92058-8234,Property_Street_Number__c,,108
006WR00000wk9TdYAI,DeLuz Family Housing,,108 Marine Dr Oceanside CA 92058-8234,Property_Street__c,,Marine Dr
006WR00000wk9TeYAI,Aviara Apartments,,"1205 Aviara Pkwy, Carlsbad, CA, USA",Property_Street_Number__c,,1205
006WR00000wk9TeYAI,Aviara Apartments,,"1205 Aviara Pkwy, Carlsbad, CA, USA",Property_Street__c,,Aviara Pkwy
006WR00000wk9TfYAI,Santa Fe Ranch,Carlsbad_MDU_Santa Fe Ranch,"3402 Calle Odessa, Carlsbad, CA, USA",Property_Street_Number__c,,3402
006WR00000wk9TfYAI,Santa Fe Ranch,Carlsbad_MDU_Santa Fe Ranch,"3402 Calle Odessa, Carlsbad, CA, USA",Property_Street__c,,Calle Odessa
006WR00000wk9TgYAI,Hunters Pointe,Carlsbad_MDU_Hunters Pointe,"7270 Calle Plata, Carlsbad, CA, USA",Property_Street_Number__c,,7270
006WR00000wk9TgYAI,Hunters Pointe,Carlsbad_MDU_Hunters Pointe,"7270 Calle Plata, Carlsbad, CA, USA",Property_Street__c,,Calle Plata
006WR00000wk9ThYAI,The Tradition,,"1901 Cassia Rd, Carlsbad, CA, USA",Property_Street_Number__c,,1901
006WR00000wk9ThYAI,The Tradition,,"1901 Cassia Rd, Carlsbad, CA, USA",Property_Street__c,,Cassia Rd
006WR00000wk9TiYAI,Portola Senior Housing,,"2600 Gage Drive, Carlsbad, CA, USA",Property_Street_Number__c,,2600
006WR00000wk9TiYAI,Portola Senior Housing,,"2600 Gage Drive, Carlsbad, CA, USA",Property_Street__c,,Gage Drive
006WR00000wk9TjYAI,Villas at Carlsbad,,"2600 Kremeyer Circle, Carlsbad, CA, USA",Property_Street_Number__c,,2600
006WR00000wk9TjYAI,Villas at Carlsbad,,"2600 Kremeyer Circle, Carlsbad, CA, USA",Property_Street__c,,Kremeyer Circle
006WR00000wk9TkYAI,Laurel Tree Apartments,,"1300 Laurel Tree Ln, Carlsbad, CA, USA",Property_Street_Number__c,,1300
006WR00000wk9TkYAI,Laurel Tree Apartments,,"1300 Laurel Tree Ln, Carlsbad, CA, USA",Property_Street__c,,Laurel Tree Ln
006WR00000wk9TlYAI,Lanikai Lane,,"6550 Ponto Dr, Carlsbad, CA, USA",Property_Street_Number__c,,6550
006WR00000wk9TlYAI,Lanikai Lane,,"6550 Ponto Dr, Carlsbad, CA, USA",Property_Street__c,,Ponto Dr
006WR00000wk9TmYAI,Mariposa Apartments,,"4651 Red Bluff Place, Carlsbad, CA, USA",Property_Street_Number__c,,4651
006WR00000wk9TmYAI,Mariposa Apartments,,"4651 Red Bluff Place, Carlsbad, CA, USA",Property_Street__c,,Red Bluff Place
006WR00000wk9TnYAI,Rising Glen,,"2300 Rising Glen Way, Carlsbad, CA, USA",Property_Street_Number__c,,2300
006WR00000wk9TnYAI,Rising Glen,,"2300 Rising Glen Way, Carlsbad, CA, USA",Property_Street__c,,Rising Glen Way
006WR00000wk9ToYAI,Villa Loma Apartments,,"6421 Tobria Terrace, Carlsbad, CA, USA",Property_Street_Number__c,,6421
006WR00000wk9ToYAI,Villa Loma Apartments,,"6421 Tobria Terrace, Carlsbad, CA, USA",Property_Street__c,,Tobria Terrace
006WR00000wk9TpYAI,Ocean View Terrace,,"440 South Canyon Dr, Oceanside, CA 92054",Property_Street_Number__c,,440
006WR00000wk9TpYAI,Ocean View Terrace,,"440 South Canyon Dr, Oceanside, CA 92054",Property_Street__c,,South Canyon Dr
006WR00000wk9TqYAI,Legante Paseo,,2322 S Rogers 85202,Property_Street_Number__c,,2322
006WR00000wk9TqYAI,Legante Paseo,,2322 S Rogers 85202,Property_Street__c,,S Rogers
006WR00000wk9TrYAI,The Rail at Georgetown,,"708 West 15th Street, Georgetown, TX, USA",Property_Street_Number__c,,708
006WR00000wk9TrYAI,The Rail at Georgetown,,"708 West 15th Street, Georgetown, TX, USA",Property_Street__c,,West 15th Street
006WR00000wk9TsYAI,Oaks At Georgetown,,"550 West 22nd Street, Georgetown, TX, USA",Property_Street_Number__c,,550
006WR00000wk9TsYAI,Oaks At Georgetown,,"550 West 22nd Street, Georgetown, TX, USA",Property_Street__c,,West 22nd Street
006WR00000wk9TtYAI,Radius Wolf Ranch,,"1845 West University Avenue, Georgetown, TX, USA",Property_Street_Number__c,,1845
006WR00000wk9TtYAI,Radius Wolf Ranch,,"1845 West University Avenue, Georgetown, TX, USA",Property_Street__c,,West University Avenue
006WR00000wk9TuYAI,302 North,Georgetown_MDU_302 North,"302 Apple Creek Drive, Georgetown, TX, USA",Property_Street_Number__c,,302
006WR00000wk9TuYAI,302 North,Georgetown_MDU_302 North,"302 Apple Creek Drive, Georgetown, TX, USA",Property_Street__c,,Apple Creek Drive
006WR00000wk9TuYAI,302 North,Georgetown_MDU_302 North,"302 Apple Creek Drive, Georgetown, TX, USA",Property_County__c,,Williamson
006WR00000wk9TvYAI,Dobson Glen,Mesa_MDU_Dobson Glen,"1743-1601 W Dobson Glen, Mesa, AZ 85202",Property_Street_Number__c,,1743-1601
006WR00000wk9TvYAI,Dobson Glen,Mesa_MDU_Dobson Glen,"1743-1601 W Dobson Glen, Mesa, AZ 85202",Property_Street__c,,W Dobson Glen
006WR00000wk9TwYAI,Dobson Villas,Mesa_MDU_Dobson Villas,"2146 W Isabella Ave, Mesa, AZ 85202, USA",Property_Street_Number__c,,2146
006WR00000wk9TwYAI,Dobson Villas,Mesa_MDU_Dobson Villas,"2146 W Isabella Ave, Mesa, AZ 85202, USA",Property_Street__c,,W Isabella Ave
006WR00000wk9TxYAI,La Jolla Cove Condos,Mesa_MDU_La Jolla Cove Condos,"2855 South Extension Road, Mesa, AZ 85210, USA",Property_Street_Number__c,,2855
006WR00000wk9TxYAI,La Jolla Cove Condos,Mesa_MDU_La Jolla Cove Condos,"2855 South Extension Road, Mesa, AZ 85210, USA",Property_Street__c,,South Extension Road
006WR00000wk9TyYAI,Brookside AMD Condos,Mesa_MDU_Brookside AMD Condos,"653 W Guadalupe Rd, Mesa, AZ 85210, USA",Property_Street_Number__c,,653
006WR00000wk9TyYAI,Brookside AMD Condos,Mesa_MDU_Brookside AMD Condos,"653 W Guadalupe Rd, Mesa, AZ 85210, USA",Property_Street__c,,W Guadalupe Rd
006WR00000wk9TzYAI,"Skyview Mesa Unit Two Homeowners Association, Mesa AZ","Mesa_MDU_Skyview Mesa Unit Two Homeowners Association, Mesa AZ","720 S Dobson Rd, Mesa, AZ 85202, USA",Property_Street_Number__c,,720
006WR00000wk9TzYAI,"Skyview Mesa Unit Two Homeowners Association, Mesa AZ","Mesa_MDU_Skyview Mesa Unit Two Homeowners Association, Mesa AZ","720 S Dobson Rd, Mesa, AZ 85202, USA",Property_Street__c,,S Dobson Rd
006WR00000wk9U0YAI,Emelita Place,Mesa_MDU_Emelita Place,"1730 W Emelita Ave, Mesa, AZ 85202, USA",Property_Street_Number__c,,1730
006WR00000wk9U0YAI,Emelita Place,Mesa_MDU_Emelita Place,"1730 W Emelita Ave, Mesa, AZ 85202, USA",Property_Street__c,,W Emelita Ave
006WR00000wk9U1YAI,CottonWood Villas Condominiums,,"747 South Extension Road, Mesa, AZ 85210, USA",Property_Street_Number__c,,747
006WR00000wk9U1YAI,CottonWood Villas Condominiums,,"747 South Extension Road, Mesa, AZ 85210, USA",Property_Street__c,,South Extension Road
006WR00000wk9U3YAI,Mesa Ridge Apartments,,"650 S Country Club Dr, Mesa, AZ 85210, USA",Property_Street_Number__c,,650
006WR00000wk9U3YAI,Mesa Ridge Apartments,,"650 S Country Club Dr, Mesa, AZ 85210, USA",Property_Street__c,,S Country Club Dr
006WR00000wk9U4YAI,Beacon at 601/Crestwood Apartments,,"601 S Alma School Rd, Mesa, AZ 85210, USA",Property_Street_Number__c,,601
006WR00000wk9U4YAI,Beacon at 601/Crestwood Apartments,,"601 S Alma School Rd, Mesa, AZ 85210, USA",Property_Street__c,,S Alma School Rd
006WR00000wk9U5YAI,Madera Point Apartments,,"445 S Dobson Rd, Mesa, AZ 85202, USA",Property_Street_Number__c,,445
006WR00000wk9U5YAI,Madera Point Apartments,,"445 S Dobson Rd, Mesa, AZ 85202, USA",Property_Street__c,,S Dobson Rd
006WR00000wk9U6YAI,Central on Broadway Apartments,,"2145 W Broadway Rd, Mesa, AZ 85202, USA",Property_Street_Number__c,,2145
006WR00000wk9U6YAI,Central on Broadway Apartments,,"2145 W Broadway Rd, Mesa, AZ 85202, USA",Property_Street__c,,W Broadway Rd
006WR00000wk9U7YAI,Broadway Vista Apartments,,"2107 W Broadway Rd, Mesa, AZ 85202, USA",Property_Street_Number__c,,2107
006WR00000wk9U7YAI,Broadway Vista Apartments,,"2107 W Broadway Rd, Mesa, AZ 85202, USA",Property_Street__c,,W Broadway Rd
006WR00000wk9U8YAI,Mesa Coronado II,,"1406 W Emerald Ave, Mesa, AZ 85202",Property_Street_Number__c,,1406
006WR00000wk9U8YAI,Mesa Coronado II,,"1406 W Emerald Ave, Mesa, AZ 85202",Property_Street__c,,W Emerald Ave
006WR00000wk9U9YAI,San Jose Manor Apts,,1112 S SAN JOSE MESA 85202,Property_Street_Number__c,,1112
006WR00000wk9U9YAI,San Jose Manor Apts,,1112 S SAN JOSE MESA 85202,Property_Street__c,,S SAN JOSE
006WR00000wk9UAYAY,The Flats Apts,,"1045 South San Jose, Mesa, AZ 85202, USA",Property_Street_Number__c,,1045
006WR00000wk9UAYAY,The Flats Apts,,"1045 South San Jose, Mesa, AZ 85202, USA",Property_Street__c,,South San Jose
006WR00000wk9UBYAY,Continental Townhomes,Mesa_MDU_Continental Townhomes,"1051 S Dobson Rd, Mesa, AZ 85202, USA",Property_Street_Number__c,,1051
006WR00000wk9UBYAY,Continental Townhomes,Mesa_MDU_Continental Townhomes,"1051 S Dobson Rd, Mesa, AZ 85202, USA",Property_Street__c,,S Dobson Rd
006WR00000wk9UCYAY,Sycamore Square,Mesa_MDU_Sycamore Square Apts,"1120 South Sycamore, Mesa, AZ 85202, USA",Property_Street_Number__c,,1120
006WR00000wk9UCYAY,Sycamore Square,Mesa_MDU_Sycamore Square Apts,"1120 South Sycamore, Mesa, AZ 85202, USA",Property_Street__c,,South Sycamore
006WR00000wk9UDYAY,Mesa Coronado Condos,Mesa_MDU_Mesa Coronado Condos,"1432 W Emerald Ave #706, Mesa, AZ 85202, USA",Property_Street_Number__c,,1432
006WR00000wk9UDYAY,Mesa Coronado Condos,Mesa_MDU_Mesa Coronado Condos,"1432 W Emerald Ave #706, Mesa, AZ 85202, USA",Property_Street__c,,W Emerald Ave
006WR00000wk9UEYAY,Fiesta Villas Condos,Mesa_MDU_Fiesta Villas Apts,925 S LONGMORE MESA 85202,Property_Street_Number__c,,925
006WR00000wk9UEYAY,Fiesta Villas Condos,Mesa_MDU_Fiesta Villas Apts,925 S LONGMORE MESA 85202,Property_Street__c,,S LONGMORE
006WR00000wk9UFYAY,Villa Fiesta Apts,,1515 S EXTENSION RD MESA 85210,Property_Street_Number__c,,1515
006WR00000wk9UFYAY,Villa Fiesta Apts,,1515 S EXTENSION RD MESA 85210,Property_Street__c,,S EXTENSION RD
006WR00000wk9UGYAY,Paragon Place,Mesa_MDU_Paragon Place,1050 S STAPLEY DR MESA 85204,Property_Street_Number__c,,1050
006WR00000wk9UGYAY,Paragon Place,Mesa_MDU_Paragon Place,1050 S STAPLEY DR MESA 85204,Property_Street__c,,S STAPLEY DR
006WR00000wk9UHYAY,Pebble Creek Apartments,Mesa_MDU_Pebble Creek Apartments,"950 E Southern Ave, Mesa, AZ 85204, USA",Property_Street_Number__c,,950
006WR00000wk9UHYAY,Pebble Creek Apartments,Mesa_MDU_Pebble Creek Apartments,"950 E Southern Ave, Mesa, AZ 85204, USA",Property_Street__c,,E Southern Ave
006WR00000wk9UIYAY,Spanish Arcos Apartments,Mesa_MDU_Spanish Arcos Apartments,"250 W 10th Ave, Mesa, AZ 85210, USA",Property_Street_Number__c,,250
006WR00000wk9UIYAY,Spanish Arcos Apartments,Mesa_MDU_Spanish Arcos Apartments,"250 W 10th Ave, Mesa, AZ 85210, USA",Property_Street__c,,W 10th Ave
006WR00000wk9UJYAY,Ovation at Tempe,,"4505 S Hardy Dr, Tempe, AZ 85282, USA",Property_Street_Number__c,,4505
006WR00000wk9UJYAY,Ovation at Tempe,,"4505 S Hardy Dr, Tempe, AZ 85282, USA",Property_Street__c,,S Hardy Dr
006WR00000wk9UKYAY,Hacienda de Valencia,,"201 S Greenfield Rd, Mesa, AZ, USA",Property_Street_Number__c,,201
006WR00000wk9UKYAY,Hacienda de Valencia,,"201 S Greenfield Rd, Mesa, AZ, USA",Property_Street__c,,S Greenfield Rd
006WR00000wk9ULYAY,Cottages of Edina,Hornig_MDU_Cottages of Edina,"5180 Lincoln Drive, Edina, MN 55436, USA",Property_Street_Number__c,,5180
006WR00000wk9ULYAY,Cottages of Edina,Hornig_MDU_Cottages of Edina,"5180 Lincoln Drive, Edina, MN 55436, USA",Property_Street__c,,Lincoln Drive
006WR00000wk9UMYAY,Boardwalk Caper,,"18056 San Carlos Blvd, Fort Myers Beach, Fl 33931",Property_Street_Number__c,,18056
006WR00000wk9UMYAY,Boardwalk Caper,,"18056 San Carlos Blvd, Fort Myers Beach, Fl 33931",Property_Street__c,,San Carlos Blvd
006WR00000wk9UNYAY,Enclave at Arrowhead Apartments,,"8092 West Paradise Lane, Peoria, AZ, USA",Property_Street_Number__c,,8092
006WR00000wk9UNYAY,Enclave at Arrowhead Apartments,,"8092 West Paradise Lane, Peoria, AZ, USA",Property_Street__c,,West Paradise Lane
006WR00000wk9UOYAY,The Orchard on Gilbert,,"950 N Gilbert Rd, Gilbert, AZ 85234, USA",Property_Street_Number__c,,950
006WR00000wk9UOYAY,The Orchard on Gilbert,,"950 N Gilbert Rd, Gilbert, AZ 85234, USA",Property_Street__c,,N Gilbert Rd
006WR00000wk9UPYAY,Marabrisa Condominiums,,"234 N 75th St, Mesa, AZ 85207, USA",Property_Street_Number__c,,234
006WR00000wk9UPYAY,Marabrisa Condominiums,,"234 N 75th St, Mesa, AZ 85207, USA",Property_Street__c,,N 75th St
006WR00000wk9UQYAY,Hunters Woods Apartments,,"4924 S Murray Blvd, Murray, UT, USA",Property_Street_Number__c,,4924
006WR00000wk9UQYAY,Hunters Woods Apartments,,"4924 S Murray Blvd, Murray, UT, USA",Property_Street__c,,S Murray Blvd
006WR00000wk9URYAY,Irving Schoolhouse,,"1155 E 2100 S, Salt Lake City, UT 84106",Property_Street_Number__c,,1155
006WR00000wk9URYAY,Irving Schoolhouse,,"1155 E 2100 S, Salt Lake City, UT 84106",Property_Street__c,,E 2100 S
006WR00000wk9USYAY,Ponderosa Apartments,,"9322 East Montgomery Avenue, Spokane Valley, WA, USA",Property_Street_Number__c,,9322
006WR00000wk9USYAY,Ponderosa Apartments,,"9322 East Montgomery Avenue, Spokane Valley, WA, USA",Property_Street__c,,East Montgomery Avenue
006WR00000wk9UTYAY,Stonebridge at Paradise Valley,,"4315 East Thunderbird Road, Phoenix, AZ, USA",Property_Street_Number__c,,4315
006WR00000wk9UTYAY,Stonebridge at Paradise Valley,,"4315 East Thunderbird Road, Phoenix, AZ, USA",Property_Street__c,,East Thunderbird Road
006WR00000wk9UUYAY,Park Village Apartments,,"226 North Hobson, Mesa, AZ, USA",Property_Street_Number__c,,226
006WR00000wk9UUYAY,Park Village Apartments,,"226 North Hobson, Mesa, AZ, USA",Property_Street__c,,North Hobson
006WR00000wk9UVYAY,Sky at P83,,"14300 North 83rd Avenue, Peoria, AZ, USA",Property_Street_Number__c,,14300
006WR00000wk9UVYAY,Sky at P83,,"14300 North 83rd Avenue, Peoria, AZ, USA",Property_Street__c,,North 83rd Avenue
006WR00000wk9UWYAY,The Enclave at Paradise Valley,,"4502 East Paradise Village Parkway South, Phoenix, AZ, USA",Property_Street_Number__c,,4502
006WR00000wk9UWYAY,The Enclave at Paradise Valley,,"4502 East Paradise Village Parkway South, Phoenix, AZ, USA",Property_Street__c,,East Paradise Village Parkway South
006WR00000wk9UXYAY,Scott Mountain By the Brook Apartments,,"7828 Southeast Aspen Summit Drive, Portland, OR, USA",Property_Street_Number__c,,7828
006WR00000wk9UXYAY,Scott Mountain By the Brook Apartments,,"7828 Southeast Aspen Summit Drive, Portland, OR, USA",Property_Street__c,,Southeast Aspen Summit Drive
006WR00000wk9UYYAY,Jarrell RV Park,,"2001 County Road 311, Jarrell, TX, USA",Property_Street_Number__c,,2001
006WR00000wk9UYYAY,Jarrell RV Park,,"2001 County Road 311, Jarrell, TX, USA",Property_Street__c,,County Road 311
006WR00000wk9UZYAY,Bethlehem's Pioneer Place,,"1197 West Broad Street, Mansfield, TX, USA",Property_Street_Number__c,,1197
006WR00000wk9UZYAY,Bethlehem's Pioneer Place,,"1197 West Broad Street, Mansfield, TX, USA",Property_Street__c,,West Broad Street
006WR00000wk9UaYAI,Harris Gardens,,"550 8th Ave, Fort Worth, TX 76104, USA",Property_Street_Number__c,,550
006WR00000wk9UaYAI,Harris Gardens,,"550 8th Ave, Fort Worth, TX 76104, USA",Property_Street__c,,8th Ave
006WR00000wk9UbYAI,The Meadows MHP,,"2401 West Southern Avenue, Tempe, AZ, USA",Property_Street_Number__c,,2401
006WR00000wk9UbYAI,The Meadows MHP,,"2401 West Southern Avenue, Tempe, AZ, USA",Property_Street__c,,West Southern Avenue
006WR00000wk9UcYAI,Legacy Trails Apartments,,"540 S Royle Rd, Ridgefield, WA 98642, USA",Property_Street_Number__c,,540
006WR00000wk9UcYAI,Legacy Trails Apartments,,"540 S Royle Rd, Ridgefield, WA 98642, USA",Property_Street__c,,S Royle Rd
006WR00000wk9UdYAI,The Palms at South Mountain,,"4424 E Baseline Rd, Phoenix, AZ, USA",Property_Street_Number__c,,4424
006WR00000wk9UdYAI,The Palms at South Mountain,,"4424 E Baseline Rd, Phoenix, AZ, USA",Property_Street__c,,E Baseline Rd
006WR00000wk9UeYAI,Ritz colony,Encinitas_MDU_Ritz Colony,"123 Via Cantebria, Encinitas, CA 92024",Property_Street_Number__c,,123
006WR00000wk9UeYAI,Ritz colony,Encinitas_MDU_Ritz Colony,"123 Via Cantebria, Encinitas, CA 92024",Property_Street__c,,Via Cantebria
006WR00000wk9UfYAI,Sea Point Tennis Club at La Costa,Carlsbad_MDU_Sea Point Tennis Club at La Costa,"7321 Calle De Fuentes, Carlsbad, CA 92009, USA",Property_Street_Number__c,,7321
006WR00000wk9UfYAI,Sea Point Tennis Club at La Costa,Carlsbad_MDU_Sea Point Tennis Club at La Costa,"7321 Calle De Fuentes, Carlsbad, CA 92009, USA",Property_Street__c,,Calle De Fuentes
006WR00000wk9UgYAI,Firenze Apartments,,"5880 Boulder Falls St, Henderson, NV 89011, USA",Property_Street_Number__c,,5880
006WR00000wk9UgYAI,Firenze Apartments,,"5880 Boulder Falls St, Henderson, NV 89011, USA",Property_Street__c,,Boulder Falls St
006WR00000wk9UhYAI,Villas of La Costa,,"7083 Estrella De Mar Rd, Carlsbad, CA, USA",Property_Street_Number__c,,7083
006WR00000wk9UhYAI,Villas of La Costa,,"7083 Estrella De Mar Rd, Carlsbad, CA, USA",Property_Street__c,,Estrella De Mar Rd
006WR00000wk9UiYAI,The Enclave,,"3255 S Dorsey Ln, Tempe, AZ, USA",Property_Street_Number__c,,3255
006WR00000wk9UiYAI,The Enclave,,"3255 S Dorsey Ln, Tempe, AZ, USA",Property_Street__c,,S Dorsey Ln
006WR00000wk9UjYAI,Casitas La Costa,,"Estrella De Mar Court, Carlsbad, California, USA",Property_Street__c,,Estrella De Mar Court
006WR00000wk9UkYAI,Monarch Villas,Carlsbad_MDU_Monarch Villas,7727 CAMINITO MONARCA UNIT 100 CARLSBAD CA 92009,Property_Street_Number__c,,7727
006WR00000wk9UkYAI,Monarch Villas,Carlsbad_MDU_Monarch Villas,7727 CAMINITO MONARCA UNIT 100 CARLSBAD CA 92009,Property_Street__c,,CAMINITO MONARCA
006WR00000wk9UlYAI,Tooele Gateway,,"232 fenwick ln, tooele, ut",Property_Street_Number__c,,232
006WR00000wk9UlYAI,Tooele Gateway,,"232 fenwick ln, tooele, ut",Property_Street__c,,fenwick ln
006WR00000wk9UmYAI,Essex Heights Apartments,Encinitas_MDU_Essex Heights Apartments,"404 Encinitas Blvd, Encinitas, CA 92024, USA",Property_Street_Number__c,,404
006WR00000wk9UmYAI,Essex Heights Apartments,Encinitas_MDU_Essex Heights Apartments,"404 Encinitas Blvd, Encinitas, CA 92024, USA",Property_Street__c,,Encinitas Blvd
006WR00000wk9UnYAI,Encinitas Terrace Senior Apts,Encinitas_MDU_Encinitas Terrace Senior Apartments,"454 Requeza St, Encinitas, CA, USA",Property_Street_Number__c,,454
006WR00000wk9UnYAI,Encinitas Terrace Senior Apts,Encinitas_MDU_Encinitas Terrace Senior Apartments,"454 Requeza St, Encinitas, CA, USA",Property_Street__c,,Requeza St
006WR00000wk9UoYAI,Village Park Apartments,Encinitas_MDU_Village Park Apartments,2045 VILLAGE PARK WAY UNIT OFC ENCINITAS CA 92024,Property_Street_Number__c,,2045
006WR00000wk9UoYAI,Village Park Apartments,Encinitas_MDU_Village Park Apartments,2045 VILLAGE PARK WAY UNIT OFC ENCINITAS CA 92024,Property_Street__c,,VILLAGE PARK WAY
006WR00000wk9UpYAI,Elan Pacifico,Encinitas_MDU_Elan Pacifico Encinitas,"1100 Garden View Road, Encinitas, CA, USA",Property_Street_Number__c,,1100
006WR00000wk9UpYAI,Elan Pacifico,Encinitas_MDU_Elan Pacifico Encinitas,"1100 Garden View Road, Encinitas, CA, USA",Property_Street__c,,Garden View Road
006WR00000wk9UqYAI,Elan Cardiff By the Sea Apartments,Encinitas_MDU_Elan Cardiff By the Sea Apartments,"2170 Carol View Drive, Cardiff, CA, USA",Property_Street_Number__c,,2170
006WR00000wk9UqYAI,Elan Cardiff By the Sea Apartments,Encinitas_MDU_Elan Cardiff By the Sea Apartments,"2170 Carol View Drive, Cardiff, CA, USA",Property_Street__c,,Carol View Drive
006WR00000wk9UrYAI,West Hampton Cove,Encinitas_MDU_West Hampton Cove,"157 Mangano Circle, Encinitas, CA 92024, USA",Property_Street_Number__c,,157
006WR00000wk9UrYAI,West Hampton Cove,Encinitas_MDU_West Hampton Cove,"157 Mangano Circle, Encinitas, CA 92024, USA",Property_Street__c,,Mangano Circle
006WR00000wk9UsYAI,Pacific Pines,Encinitas_MDU_Pacific Pines,1650 S EL CAMINO REAL UNIT 101 ENCINITAS CA 92024,Property_Street_Number__c,,1650
006WR00000wk9UsYAI,Pacific Pines,Encinitas_MDU_Pacific Pines,1650 S EL CAMINO REAL UNIT 101 ENCINITAS CA 92024,Property_Street__c,,S EL CAMINO REAL
006WR00000wk9UtYAI,Regal View HOA,Encinitas_MDU_Regal View Condos,"810 Regal Rd, Encinitas, CA 92024, USA",Property_Street_Number__c,,810
006WR00000wk9UtYAI,Regal View HOA,Encinitas_MDU_Regal View Condos,"810 Regal Rd, Encinitas, CA 92024, USA",Property_Street__c,,Regal Rd
006WR00000wk9UuYAI,Fox Point Farms,Encinitas_MDU_Fox Point Farms,1000 Palmaria Ct,Property_Street_Number__c,,1000
006WR00000wk9UuYAI,Fox Point Farms,Encinitas_MDU_Fox Point Farms,1000 Palmaria Ct,Property_Street__c,,Palmaria Ct
006WR00000wk9UvYAI,The Resort at Encinitas,Encinitas_MDU_The Resort at Encinitas Luxury Apartment Homes,"1320 Via Terrassa, Encinitas, CA",Property_Street_Number__c,,1320
006WR00000wk9UvYAI,The Resort at Encinitas,Encinitas_MDU_The Resort at Encinitas Luxury Apartment Homes,"1320 Via Terrassa, Encinitas, CA",Property_Street__c,,Via Terrassa
006WR00000wk9UwYAI,The Maddox,,"2020 E Inverness Ave, Mesa, AZ 85204, USA",Property_Street_Number__c,,2020
006WR00000wk9UwYAI,The Maddox,,"2020 E Inverness Ave, Mesa, AZ 85204, USA",Property_Street__c,,E Inverness Ave
006WR00000wk9UxYAI,La Mirage Apartments (Tempe),,"610 East Gilbert Drive, Tempe, AZ, USA",Property_Street_Number__c,,610
006WR00000wk9UxYAI,La Mirage Apartments (Tempe),,"610 East Gilbert Drive, Tempe, AZ, USA",Property_Street__c,,East Gilbert Drive
006WR00000wk9UyYAI,Nines at Lakeside,,"999 E Baseline Rd, Tempe, AZ, USA",Property_Street_Number__c,,999
006WR00000wk9UyYAI,Nines at Lakeside,,"999 E Baseline Rd, Tempe, AZ, USA",Property_Street__c,,E Baseline Rd
006WR00000wk9UzYAI,Mira Santi,,"800 W Queen Creek Rd, Chandler, AZ, USA",Property_Street_Number__c,,800
006WR00000wk9UzYAI,Mira Santi,,"800 W Queen Creek Rd, Chandler, AZ, USA",Property_Street__c,,W Queen Creek Rd
006WR00000wk9V0YAI,Carino Villas Condominiums,,"250 W Queen Creek Rd, Chandler, AZ, USA",Property_Street_Number__c,,250
006WR00000wk9V0YAI,Carino Villas Condominiums,,"250 W Queen Creek Rd, Chandler, AZ, USA",Property_Street__c,,W Queen Creek Rd
006WR00000wk9V1YAI,Villagio Apartment Homes,,"1133 W Baseline Rd, Tempe, AZ, USA",Property_Street_Number__c,,1133
006WR00000wk9V1YAI,Villagio Apartment Homes,,"1133 W Baseline Rd, Tempe, AZ, USA",Property_Street__c,,W Baseline Rd
006WR00000wk9V2YAI,505 West Apartment Homes,,"505 W Baseline Rd, Tempe, AZ, USA",Property_Street_Number__c,,505
006WR00000wk9V2YAI,505 West Apartment Homes,,"505 W Baseline Rd, Tempe, AZ, USA",Property_Street__c,,W Baseline Rd
006WR00000wk9V3YAI,Sentry Tempe,,"3730 South Mill Avenue, Tempe, AZ, USA",Property_Street_Number__c,,3730
006WR00000wk9V3YAI,Sentry Tempe,,"3730 South Mill Avenue, Tempe, AZ, USA",Property_Street__c,,South Mill Avenue
006WR00000wk9V4YAI,Rise at the Retreat,,1025 E Orange St,Property_Street_Number__c,,1025
006WR00000wk9V4YAI,Rise at the Retreat,,1025 E Orange St,Property_Street__c,,E Orange St
006WR00000wk9V5YAI,Lakeview at the Bay,,"995 E Baseline Rd, Tempe, AZ, USA",Property_Street_Number__c,,995
006WR00000wk9V5YAI,Lakeview at the Bay,,"995 E Baseline Rd, Tempe, AZ, USA",Property_Street__c,,E Baseline Rd
006WR00000wk9V6YAI,Sono Tempe (Prev Tides at S Tempe),,"4130 South Mill Avenue, Tempe, AZ, USA",Property_Street_Number__c,,4130
006WR00000wk9V6YAI,Sono Tempe (Prev Tides at S Tempe),,"4130 South Mill Avenue, Tempe, AZ, USA",Property_Street__c,,South Mill Avenue
006WR00000wk9YLYAY,Watercrest Apartments,,"14812 Bothell Way Northeast, Lake Forest Park, WA, USA",Property_Street_Number__c,,14812
006WR00000wk9YLYAY,Watercrest Apartments,,"14812 Bothell Way Northeast, Lake Forest Park, WA, USA",Property_Street__c,,Bothell Way Northeast
006WR00000wk9YMYAY,The Cove,,"33131 1st Ave SW, Federal Way, WA, USA",Property_Street_Number__c,,33131
006WR00000wk9YMYAY,The Cove,,"33131 1st Ave SW, Federal Way, WA, USA",Property_Street__c,,1st Ave SW
006WR00000wk9YNYAY,Solana Highlands,Solana Beach_MDU_Solana Highlands Apartments,"701 South Nardo Avenue, Solana Beach, CA, USA",Property_Street_Number__c,,701
006WR00000wk9YNYAY,Solana Highlands,Solana Beach_MDU_Solana Highlands Apartments,"701 South Nardo Avenue, Solana Beach, CA, USA",Property_Street__c,,South Nardo Avenue
006WR00000wk9YOYAY,Oregon 42,,"4502 42nd Ave SW, Seattle, WA, USA",Property_Street_Number__c,,4502
006WR00000wk9YOYAY,Oregon 42,,"4502 42nd Ave SW, Seattle, WA, USA",Property_Street__c,,42nd Ave SW
006WR00000wk9YPYAY,Cassi And Lyra,,"1650 Northeast Killingsworth Street, Portland, OR, USA",Property_Street_Number__c,,1650
006WR00000wk9YPYAY,Cassi And Lyra,,"1650 Northeast Killingsworth Street, Portland, OR, USA",Property_Street__c,,Northeast Killingsworth Street
006WR00000wk9YQYAY,St James Tower Apartments,,"920 North 34th Street, Seattle, WA, USA",Property_Street_Number__c,,920
006WR00000wk9YQYAY,St James Tower Apartments,,"920 North 34th Street, Seattle, WA, USA",Property_Street__c,,North 34th Street
006WR00000wk9YRYAY,Images Springcreek,,"2406 Southeast Harrison Street, Milwaukie, OR, USA",Property_Street_Number__c,,2406
006WR00000wk9YRYAY,Images Springcreek,,"2406 Southeast Harrison Street, Milwaukie, OR, USA",Property_Street__c,,Southeast Harrison Street
006WR00000wk9YSYAY,Lake Crest,,"8106 SE Lake Rd, Milwaukie, OR, USA",Property_Street_Number__c,,8106
006WR00000wk9YSYAY,Lake Crest,,"8106 SE Lake Rd, Milwaukie, OR, USA",Property_Street__c,,SE Lake Rd
006WR00000wk9YTYAY,Solana Beach and Tennis Club,Solana Beach_MDU_Solana Beach & Tennis Club,347 S SIERRA AVE UNIT 189 SOLANA BEACH CA 92075,Property_Street_Number__c,,347
006WR00000wk9YTYAY,Solana Beach and Tennis Club,Solana Beach_MDU_Solana Beach & Tennis Club,347 S SIERRA AVE UNIT 189 SOLANA BEACH CA 92075,Property_Street__c,,S SIERRA AVE
006WR00000wk9YUYAY,Pioneer Ridge,,"13826 Meyers Rd, Oregon City, OR, USA",Property_Street_Number__c,,13826
006WR00000wk9YUYAY,Pioneer Ridge,,"13826 Meyers Rd, Oregon City, OR, USA",Property_Street__c,,Meyers Rd
006WR00000wk9YVYAY,Lomas Santa Fe Country Club Villas,Solana Beach_MDU_Country Club Villas,101 COZUMEL CT SOLANA BEACH CA 92075,Property_Street_Number__c,,101
006WR00000wk9YVYAY,Lomas Santa Fe Country Club Villas,Solana Beach_MDU_Country Club Villas,101 COZUMEL CT SOLANA BEACH CA 92075,Property_Street__c,,COZUMEL CT
006WR00000wk9YWYAY,The Reserve At Metolius,,"3570 Southwest Metolius Avenue, Redmond, OR, USA",Property_Street_Number__c,,3570
006WR00000wk9YWYAY,The Reserve At Metolius,,"3570 Southwest Metolius Avenue, Redmond, OR, USA",Property_Street__c,,Southwest Metolius Avenue
006WR00000wk9YXYAY,The Springs Apartments In Sisters,,"1100 W Williamson Ave, Sisters, OR, USA",Property_Street_Number__c,,1100
006WR00000wk9YXYAY,The Springs Apartments In Sisters,,"1100 W Williamson Ave, Sisters, OR, USA",Property_Street__c,,W Williamson Ave
006WR00000wk9YYYAY,Park Winds,,"3608 East Douglas Avenue, Des Moines, IA, USA",Property_Street_Number__c,,3608
006WR00000wk9YYYAY,Park Winds,,"3608 East Douglas Avenue, Des Moines, IA, USA",Property_Street__c,,East Douglas Avenue
006WR00000wk9YZYAY,Prairie Winds,,"2207 East Park Avenue, Des Moines, IA, USA",Property_Street_Number__c,,2207
006WR00000wk9YZYAY,Prairie Winds,,"2207 East Park Avenue, Des Moines, IA, USA",Property_Street__c,,East Park Avenue
006WR00000wk9YaYAI,PrairieGrass at Jordan Creek,,"8655 Bridgewood Blvd, West Des Moines, IA, USA",Property_Street_Number__c,,8655
006WR00000wk9YaYAI,PrairieGrass at Jordan Creek,,"8655 Bridgewood Blvd, West Des Moines, IA, USA",Property_Street__c,,Bridgewood Blvd
006WR00000wk9YbYAI,Mesa Senior Meadows,,"333 E 6th St, Mesa, AZ 85201, USA",Property_Street_Number__c,,333
006WR00000wk9YbYAI,Mesa Senior Meadows,,"333 E 6th St, Mesa, AZ 85201, USA",Property_Street__c,,E 6th St
006WR00000wk9YcYAI,PrairieGrass at Waukee,,"500 Northeast Horizon Drive, Waukee, IA, USA",Property_Street_Number__c,,500
006WR00000wk9YcYAI,PrairieGrass at Waukee,,"500 Northeast Horizon Drive, Waukee, IA, USA",Property_Street__c,,Northeast Horizon Drive
006WR00000wk9YdYAI,Redwood Altoona Linden Oaks One,,"437 Elgin Ln NW, Altoona, IA, USA",Property_Street_Number__c,,437
006WR00000wk9YdYAI,Redwood Altoona Linden Oaks One,,"437 Elgin Ln NW, Altoona, IA, USA",Property_Street__c,,Elgin Ln NW
006WR00000wk9YeYAI,Redwood Altoona Linden Oaks Two,,"438 Elgin Ln NW, Altoona, IA, USA",Property_Street_Number__c,,438
006WR00000wk9YeYAI,Redwood Altoona Linden Oaks Two,,"438 Elgin Ln NW, Altoona, IA, USA",Property_Street__c,,Elgin Ln NW
006WR00000wk9YfYAI,Redwood Ankeny Havenwood One,,"1370 SW Radcliffe Ln, Ankeny, IA, USA",Property_Street_Number__c,,1370
006WR00000wk9YfYAI,Redwood Ankeny Havenwood One,,"1370 SW Radcliffe Ln, Ankeny, IA, USA",Property_Street__c,,SW Radcliffe Ln
006WR00000wk9YgYAI,The Village at Hampton Court,,1555 S Val Vista Dr 85296,Property_Street_Number__c,,1555
006WR00000wk9YgYAI,The Village at Hampton Court,,1555 S Val Vista Dr 85296,Property_Street__c,,S Val Vista Dr
006WR00000wk9YhYAI,Redwood Ankeny Havenwood Two,,"1371 SW Radcliffe Ln, Ankeny, IA, USA",Property_Street_Number__c,,1371
006WR00000wk9YhYAI,Redwood Ankeny Havenwood Two,,"1371 SW Radcliffe Ln, Ankeny, IA, USA",Property_Street__c,,SW Radcliffe Ln
006WR00000wk9YiYAI,417 4TH AVE (Portfolio),,"417 4th Ave, Coralville, IA, USA",Property_Street_Number__c,,417
006WR00000wk9YiYAI,417 4TH AVE (Portfolio),,"417 4th Ave, Coralville, IA, USA",Property_Street__c,,4th Ave
006WR00000wk9YjYAI,Redwood Grimes,,"820 SW Prescott Ln, Grimes, IA, USA",Property_Street_Number__c,,820
006WR00000wk9YjYAI,Redwood Grimes,,"820 SW Prescott Ln, Grimes, IA, USA",Property_Street__c,,SW Prescott Ln
006WR00000wk9YkYAI,Redwood Waukee Somerset Oaks One,,"835 NE Redwood Blvd, Waukee, IA, USA",Property_Street_Number__c,,835
006WR00000wk9YkYAI,Redwood Waukee Somerset Oaks One,,"835 NE Redwood Blvd, Waukee, IA, USA",Property_Street__c,,NE Redwood Blvd
006WR00000wk9YlYAI,Redwood Waukee Somerset Oaks Two,,"836 NE Redwood Blvd, Waukee, IA, USA",Property_Street_Number__c,,836
006WR00000wk9YlYAI,Redwood Waukee Somerset Oaks Two,,"836 NE Redwood Blvd, Waukee, IA, USA",Property_Street__c,,NE Redwood Blvd
006WR00000wk9YmYAI,Westbrook Gardens,,"1910 North 81st Street, Omaha, NE, USA",Property_Street_Number__c,,1910
006WR00000wk9YmYAI,Westbrook Gardens,,"1910 North 81st Street, Omaha, NE, USA",Property_Street__c,,North 81st Street
006WR00000wk9YnYAI,Summerplace Apartments,,"27 N 28th St, Las Vegas, NV, USA",Property_Street_Number__c,,27
006WR00000wk9YnYAI,Summerplace Apartments,,"27 N 28th St, Las Vegas, NV, USA",Property_Street__c,,N 28th St
006WR00000wk9YoYAI,Sunridge Apartments,,"277 South 1000 East, St. George, UT, USA",Property_Street_Number__c,,277
006WR00000wk9YoYAI,Sunridge Apartments,,"277 South 1000 East, St. George, UT, USA",Property_Street__c,,South 1000 East
006WR00000wk9YpYAI,Deer Creek Village,,"358 North Gateway Drive, Providence, UT, USA",Property_Street_Number__c,,358
006WR00000wk9YpYAI,Deer Creek Village,,"358 North Gateway Drive, Providence, UT, USA",Property_Street__c,,North Gateway Drive
006WR00000wk9YqYAI,Desert Rose Apartments,,"29 North 28th Street, Las Vegas, NV, USA",Property_Street_Number__c,,29
006WR00000wk9YqYAI,Desert Rose Apartments,,"29 North 28th Street, Las Vegas, NV, USA",Property_Street__c,,North 28th Street
006WR00000wk9YrYAI,Slate Canyon Apartments,,"1125 East 1080 South, Provo, UT, USA",Property_Street_Number__c,,1125
006WR00000wk9YrYAI,Slate Canyon Apartments,,"1125 East 1080 South, Provo, UT, USA",Property_Street__c,,East 1080 South
006WR00000wk9YsYAI,Fox Meadow,,"3644 S Timberline Rd, Fort Collins, CO, USA",Property_Street_Number__c,,3644
006WR00000wk9YsYAI,Fox Meadow,,"3644 S Timberline Rd, Fort Collins, CO, USA",Property_Street__c,,S Timberline Rd
006WR00000wk9YtYAI,The Lodge at Maple Grove,,"985 North Maple Grove Road, Boise, ID, USA",Property_Street_Number__c,,985
006WR00000wk9YtYAI,The Lodge at Maple Grove,,"985 North Maple Grove Road, Boise, ID, USA",Property_Street__c,,North Maple Grove Road
006WR00000wk9YuYAI,Westpointe,,"2510 Canterbury Rd, Parkville, MD, USA",Property_Street_Number__c,,2510
006WR00000wk9YuYAI,Westpointe,,"2510 Canterbury Rd, Parkville, MD, USA",Property_Street__c,,Canterbury Rd
006WR00000wk9YvYAI,The Oaks Gracious Retirement Living,,"3720 Williams Drive, Georgetown, TX, USA",Property_Street_Number__c,,3720
006WR00000wk9YvYAI,The Oaks Gracious Retirement Living,,"3720 Williams Drive, Georgetown, TX, USA",Property_Street__c,,Williams Drive
006WR00000wk9YwYAI,San Gabriel Senior Village Apartments,,"2101 Railroad St, Georgetown, TX, USA",Property_Street_Number__c,,2101
006WR00000wk9YwYAI,San Gabriel Senior Village Apartments,,"2101 Railroad St, Georgetown, TX, USA",Property_Street__c,,Railroad St
006WR00000wk9YxYAI,Fort Hood Family Housing,,"18010 T.J. Mills Boulevard, Fort Cavazos, TX, USA",Property_Street_Number__c,,18010
006WR00000wk9YxYAI,Fort Hood Family Housing,,"18010 T.J. Mills Boulevard, Fort Cavazos, TX, USA",Property_Street__c,,T.J. Mills Boulevard
006WR00000wk9YyYAI,Oak Creek & Cedar Knob Mobile Home Park,,"5198 Chaparral Road, Killeen, TX, USA",Property_Street_Number__c,,5198
006WR00000wk9YyYAI,Oak Creek & Cedar Knob Mobile Home Park,,"5198 Chaparral Road, Killeen, TX, USA",Property_Street__c,,Chaparral Road
006WR00000wk9YzYAI,Northcliffe Duplexes,,"800 North 46th Street, Killeen, TX, USA",Property_Street_Number__c,,800
006WR00000wk9YzYAI,Northcliffe Duplexes,,"800 North 46th Street, Killeen, TX, USA",Property_Street__c,,North 46th Street
006WR00000wk9Z0YAI,Westwind of Killeen Apartments,,"4611 Trimmier Road, Killeen, TX, USA",Property_Street_Number__c,,4611
006WR00000wk9Z0YAI,Westwind of Killeen Apartments,,"4611 Trimmier Road, Killeen, TX, USA",Property_Street__c,,Trimmier Road
006WR00000wk9Z1YAI,Hyde Estates,,"4600 Cunningham Road, Killeen, TX, USA",Property_Street_Number__c,,4600
006WR00000wk9Z1YAI,Hyde Estates,,"4600 Cunningham Road, Killeen, TX, USA",Property_Street__c,,Cunningham Road
006WR00000wk9Z2YAI,The Brownstone at The Summit,,"1308 Highknoll Lane, Georgetown, TX, USA",Property_Street_Number__c,,1308
006WR00000wk9Z2YAI,The Brownstone at The Summit,,"1308 Highknoll Lane, Georgetown, TX, USA",Property_Street__c,,Highknoll Lane
006WR00000wk9Z3YAI,Georgetown heights,,"512 Northwood Dr, Georgetown, TX, USA",Property_Street_Number__c,,512
006WR00000wk9Z3YAI,Georgetown heights,,"512 Northwood Dr, Georgetown, TX, USA",Property_Street__c,,Northwood Dr
006WR00000wk9Z4YAI,Taylor Square Apartments,Taylor_MDU_Taylor_Square,"1005 Cottonbowl Drive, Taylor, TX, USA",Property_Street_Number__c,,1005
006WR00000wk9Z4YAI,Taylor Square Apartments,Taylor_MDU_Taylor_Square,"1005 Cottonbowl Drive, Taylor, TX, USA",Property_Street__c,,Cottonbowl Drive
006WR00000wk9Z5YAI,The Summit Brownstones,,"1091 Reeves St, Georgetown, TX 78628, USA",Property_Street_Number__c,,1091
006WR00000wk9Z5YAI,The Summit Brownstones,,"1091 Reeves St, Georgetown, TX 78628, USA",Property_Street__c,,Reeves St
006WR00000wk9Z6YAI,Stillhouse Flats,Harker Heights_MDU_Stillhouse Flats,"2926 Cedar Knob Road, Harker Heights, TX, USA",Property_Street_Number__c,,2926
006WR00000wk9Z6YAI,Stillhouse Flats,Harker Heights_MDU_Stillhouse Flats,"2926 Cedar Knob Road, Harker Heights, TX, USA",Property_Street__c,,Cedar Knob Road
006WR00000wk9Z6YAI,Stillhouse Flats,Harker Heights_MDU_Stillhouse Flats,"2926 Cedar Knob Road, Harker Heights, TX, USA",Property_County__c,,Bell
006WR00000wk9Z7YAI,Hillcrest Apartments,Killeen_MDU_Hillcrest Apts,"1104 Ronstan Drive, Killeen, TX, USA",Property_Street_Number__c,,1104
006WR00000wk9Z7YAI,Hillcrest Apartments,Killeen_MDU_Hillcrest Apts,"1104 Ronstan Drive, Killeen, TX, USA",Property_Street__c,,Ronstan Drive
006WR00000wk9Z7YAI,Hillcrest Apartments,Killeen_MDU_Hillcrest Apts,"1104 Ronstan Drive, Killeen, TX, USA",Property_County__c,,Bell
006WR00000wk9Z8YAI,Stonehaven,,"210 West 18th Street, Georgetown, TX, USA",Property_Street_Number__c,,210
006WR00000wk9Z8YAI,Stonehaven,,"210 West 18th Street, Georgetown, TX, USA",Property_Street__c,,West 18th Street
006WR00000wk9Z9YAI,Residences of Stillwater,Georgetown_MDU_Residences In Stillwater,"1401 Northeast Inner Loop, Georgetown, TX, USA",Property_Street_Number__c,,1401
006WR00000wk9Z9YAI,Residences of Stillwater,Georgetown_MDU_Residences In Stillwater,"1401 Northeast Inner Loop, Georgetown, TX, USA",Property_Street__c,,Northeast Inner Loop
006WR00000wk9Z9YAI,Residences of Stillwater,Georgetown_MDU_Residences In Stillwater,"1401 Northeast Inner Loop, Georgetown, TX, USA",Property_County__c,,Williamson
006WR00000wk9ZAYAY,Allegro Apartment Homes,,"17126 Southeast 269th Place, Covington, WA, USA",Property_Street_Number__c,,17126
006WR00000wk9ZAYAY,Allegro Apartment Homes,,"17126 Southeast 269th Place, Covington, WA, USA",Property_Street__c,,Southeast 269th Place
006WR00000wk9ZBYAY,Altamont Summit,,"9701 Se Johnson Creek Blvd, Portland, OR",Property_Street_Number__c,,9701
006WR00000wk9ZBYAY,Altamont Summit,,"9701 Se Johnson Creek Blvd, Portland, OR",Property_Street__c,,Se Johnson Creek Blvd
006WR00000wk9ZCYAY,Alturas at Bell Tower,,"1110 Bell Tower Heights, Colorado Springs, CO, USA",Property_Street_Number__c,,1110
006WR00000wk9ZCYAY,Alturas at Bell Tower,,"1110 Bell Tower Heights, Colorado Springs, CO, USA",Property_Street__c,,Bell Tower Heights
006WR00000wk9ZDYAY,Avalon Meydenbauer,,"10410 Northeast 2nd Street, Bellevue, WA, USA",Property_Street_Number__c,,10410
006WR00000wk9ZDYAY,Avalon Meydenbauer,,"10410 Northeast 2nd Street, Bellevue, WA, USA",Property_Street__c,,Northeast 2nd Street
006WR00000wk9ZEYAY,Avalon Towers,,"10349 NE 10th Street, Bellevue, WA",Property_Street_Number__c,,10349
006WR00000wk9ZEYAY,Avalon Towers,,"10349 NE 10th Street, Bellevue, WA",Property_Street__c,,NE 10th Street
006WR00000wk9ZFYAY,Avondale Housing Development,,"910 S Dysart Rd, Avondale, AZ, USA",Property_Street_Number__c,,910
006WR00000wk9ZFYAY,Avondale Housing Development,,"910 S Dysart Rd, Avondale, AZ, USA",Property_Street__c,,S Dysart Rd
006WR00000wk9ZGYAY,Azure Creek,,"29862 North Tatum Boulevard, Cave Creek, AZ, USA",Property_Street_Number__c,,29862
006WR00000wk9ZGYAY,Azure Creek,,"29862 North Tatum Boulevard, Cave Creek, AZ, USA",Property_Street__c,,North Tatum Boulevard
006WR00000wk9ZHYAY,Ballard on the Park,,"2233 NW 58th St, Seattle, WA, USA",Property_Street_Number__c,,2233
006WR00000wk9ZHYAY,Ballard on the Park,,"2233 NW 58th St, Seattle, WA, USA",Property_Street__c,,NW 58th St
006WR00000wk9ZIYAY,Beau Rivage,,"4909 East Upriver Drive, Spokane, WA, USA",Property_Street_Number__c,,4909
006WR00000wk9ZIYAY,Beau Rivage,,"4909 East Upriver Drive, Spokane, WA, USA",Property_Street__c,,East Upriver Drive
006WR00000wk9ZJYAY,Bellaire Ranch,,"4104 Sanders View Drive, Colorado Springs, CO",Property_Street_Number__c,,4104
006WR00000wk9ZJYAY,Bellaire Ranch,,"4104 Sanders View Drive, Colorado Springs, CO",Property_Street__c,,Sanders View Drive
006WR00000wk9ZKYAY,Villa Storia,,"4250 Corte Sol, Oceanside, CA, USA",Property_Street_Number__c,,4250
006WR00000wk9ZKYAY,Villa Storia,,"4250 Corte Sol, Oceanside, CA, USA",Property_Street__c,,Corte Sol
006WR00000wk9ZLYAY,Old Grove,,"235 Via Pelicano, Oceanside, CA, USA",Property_Street_Number__c,,235
006WR00000wk9ZLYAY,Old Grove,,"235 Via Pelicano, Oceanside, CA, USA",Property_Street__c,,Via Pelicano
006WR00000wk9ZMYAY,Centre Ridge,,"2940 Paddock Plaza, Omaha, NE, USA",Property_Street_Number__c,,2940
006WR00000wk9ZMYAY,Centre Ridge,,"2940 Paddock Plaza, Omaha, NE, USA",Property_Street__c,,Paddock Plaza
006WR00000wk9ZNYAY,Applewood Pointe Apartments,,"9510 Park Dr, Omaha, NE, USA",Property_Street_Number__c,,9510
006WR00000wk9ZNYAY,Applewood Pointe Apartments,,"9510 Park Dr, Omaha, NE, USA",Property_Street__c,,Park Dr
006WR00000wk9ZOYAY,Capitol Place,,"909 Capitol Avenue, Omaha, NE, USA",Property_Street_Number__c,,909
006WR00000wk9ZOYAY,Capitol Place,,"909 Capitol Avenue, Omaha, NE, USA",Property_Street__c,,Capitol Avenue
006WR00000wk9ZPYAY,Crossroads Village Apartments,,"7400 Dodge Street, Omaha, NE, USA",Property_Street_Number__c,,7400
006WR00000wk9ZPYAY,Crossroads Village Apartments,,"7400 Dodge Street, Omaha, NE, USA",Property_Street__c,,Dodge Street
006WR00000wk9ZQYAY,Cambridge Villas,,"301 North 167th Plaza, Omaha, NE, USA",Property_Street_Number__c,,301
006WR00000wk9ZQYAY,Cambridge Villas,,"301 North 167th Plaza, Omaha, NE, USA",Property_Street__c,,North 167th Plaza
006WR00000wk9ZRYAY,Bluffs at Cherry Hills,,"6510 North 107th Plaza, Omaha, NE, USA",Property_Street_Number__c,,6510
006WR00000wk9ZRYAY,Bluffs at Cherry Hills,,"6510 North 107th Plaza, Omaha, NE, USA",Property_Street__c,,North 107th Plaza
006WR00000wk9ZSYAY,Castle Creek,,"15358 Norwick Drive, Omaha, NE, USA",Property_Street_Number__c,,15358
006WR00000wk9ZSYAY,Castle Creek,,"15358 Norwick Drive, Omaha, NE, USA",Property_Street__c,,Norwick Drive
006WR00000wk9ZTYAY,Georgetowne,,"2222 S 142nd Ct, Omaha, NE, USA",Property_Street_Number__c,,2222
006WR00000wk9ZTYAY,Georgetowne,,"2222 S 142nd Ct, Omaha, NE, USA",Property_Street__c,,S 142nd Ct
006WR00000wk9ZUYAY,West Haven,,"288 N 116th Ct, Omaha, NE, USA",Property_Street_Number__c,,288
006WR00000wk9ZUYAY,West Haven,,"288 N 116th Ct, Omaha, NE, USA",Property_Street__c,,N 116th Ct
006WR00000wk9ZVYAY,Pacific Winds,,"1215 Fawn Parkway Plaza, Omaha, NE, USA",Property_Street_Number__c,,1215
006WR00000wk9ZVYAY,Pacific Winds,,"1215 Fawn Parkway Plaza, Omaha, NE, USA",Property_Street__c,,Fawn Parkway Plaza
006WR00000wk9ZWYAY,Park on Center,,"2859 South 93rd Plaza, Omaha, NE, USA",Property_Street_Number__c,,2859
006WR00000wk9ZWYAY,Park on Center,,"2859 South 93rd Plaza, Omaha, NE, USA",Property_Street__c,,South 93rd Plaza
006WR00000wk9ZXYAY,Elan Playa Mar Apartment Homes,Encinitas_MDU_Elan Playamar Encinitas Apartments,"116 Quail Gardens Drive, Encinitas, CA, USA",Property_Street_Number__c,,116
006WR00000wk9ZXYAY,Elan Playa Mar Apartment Homes,Encinitas_MDU_Elan Playamar Encinitas Apartments,"116 Quail Gardens Drive, Encinitas, CA, USA",Property_Street__c,,Quail Gardens Drive
006WR00000wk9ZYYAY,La Mision Village,,"3220 Mission Avenue, Oceanside, CA, USA",Property_Street_Number__c,,3220
006WR00000wk9ZYYAY,La Mision Village,,"3220 Mission Avenue, Oceanside, CA, USA",Property_Street__c,,Mission Avenue
006WR00000wk9ZZYAY,Rosebay Falls,Encinitas_MDU_Rosebay Falls,"155 Rosebay Dr, Encinitas, CA 92024, USA",Property_Street_Number__c,,155
006WR00000wk9ZZYAY,Rosebay Falls,Encinitas_MDU_Rosebay Falls,"155 Rosebay Dr, Encinitas, CA 92024, USA",Property_Street__c,,Rosebay Dr
006WR00000wk9ZaYAI,Garden Valley Court,,"5702 North 16th Street, Omaha, NE, USA",Property_Street_Number__c,,5702
006WR00000wk9ZaYAI,Garden Valley Court,,"5702 North 16th Street, Omaha, NE, USA",Property_Street__c,,North 16th Street
006WR00000wk9ZbYAI,Spencer Apartments,,"3259 N 29th St, Omaha, NE, USA",Property_Street_Number__c,,3259
006WR00000wk9ZbYAI,Spencer Apartments,,"3259 N 29th St, Omaha, NE, USA",Property_Street__c,,N 29th St
006WR00000wk9ZcYAI,Park Place Bluffs,,1053 Woodlake Dr,Property_Street_Number__c,,1053
006WR00000wk9ZcYAI,Park Place Bluffs,,1053 Woodlake Dr,Property_Street__c,,Woodlake Dr
006WR00000wk9ZdYAI,Westbrook Gardens Apartments,,"1911 Robertson Drive, Omaha, NE, USA",Property_Street_Number__c,,1911
006WR00000wk9ZdYAI,Westbrook Gardens Apartments,,"1911 Robertson Drive, Omaha, NE, USA",Property_Street__c,,Robertson Drive
006WR00000wk9ZeYAI,Glenwood Manor,,"802 N 44th St, Omaha, NE 68131",Property_Street_Number__c,,802
006WR00000wk9ZeYAI,Glenwood Manor,,"802 N 44th St, Omaha, NE 68131",Property_Street__c,,N 44th St
006WR00000wk9ZfYAI,Highlander Overlook and Burdette + Wade,,"2120 North 29th Street, Omaha, NE, USA",Property_Street_Number__c,,2120
006WR00000wk9ZfYAI,Highlander Overlook and Burdette + Wade,,"2120 North 29th Street, Omaha, NE, USA",Property_Street__c,,North 29th Street
006WR00000wk9ZgYAI,Hello Apartments,,"1200 North 12th Street, Omaha, NE, USA",Property_Street_Number__c,,1200
006WR00000wk9ZgYAI,Hello Apartments,,"1200 North 12th Street, Omaha, NE, USA",Property_Street__c,,North 12th Street
006WR00000wk9ZhYAI,Whispering Ridge,,"17551 Pinkney Plaza, Omaha, NE, USA",Property_Street_Number__c,,17551
006WR00000wk9ZhYAI,Whispering Ridge,,"17551 Pinkney Plaza, Omaha, NE, USA",Property_Street__c,,Pinkney Plaza
006WR00000wk9ZiYAI,Midtown Crossing Contemporary Apartments,,"233 South 33rd Street, Omaha, NE, USA",Property_Street_Number__c,,233
006WR00000wk9ZiYAI,Midtown Crossing Contemporary Apartments,,"233 South 33rd Street, Omaha, NE, USA",Property_Street__c,,South 33rd Street
006WR00000wk9ZjYAI,Highpoint,,"10535 Ellison Plaza, Omaha, NE, USA",Property_Street_Number__c,,10535
006WR00000wk9ZjYAI,Highpoint,,"10535 Ellison Plaza, Omaha, NE, USA",Property_Street__c,,Ellison Plaza
006WR00000wk9ZkYAI,Elk Hills Apartments,,"2120 N Main St, Omaha, Elkhorn, NE, USA",Property_Street_Number__c,,2120
006WR00000wk9ZkYAI,Elk Hills Apartments,,"2120 N Main St, Omaha, Elkhorn, NE, USA",Property_Street__c,,N Main St
006WR00000wk9ZlYAI,Springhill Ridge in Omaha,,"15735 Rosewood Street, Omaha, NE, USA",Property_Street_Number__c,,15735
006WR00000wk9ZlYAI,Springhill Ridge in Omaha,,"15735 Rosewood Street, Omaha, NE, USA",Property_Street__c,,Rosewood Street
006WR00000wk9ZmYAI,Torello on Maple,,"13915 Manderson Plaza, Omaha, NE, USA",Property_Street_Number__c,,13915
006WR00000wk9ZmYAI,Torello on Maple,,"13915 Manderson Plaza, Omaha, NE, USA",Property_Street__c,,Manderson Plaza
006WR00000wk9ZnYAI,Orchard Mesa,Mesa_MDU_Orchard Mesa,"108 North Greenfield Road, Mesa, AZ 85205, USA",Property_Street_Number__c,,108
006WR00000wk9ZnYAI,Orchard Mesa,Mesa_MDU_Orchard Mesa,"108 North Greenfield Road, Mesa, AZ 85205, USA",Property_Street__c,,North Greenfield Road
006WR00000wk9ZoYAI,The Marvely,,"13100 Fort Street, Omaha, NE, USA",Property_Street_Number__c,,13100
006WR00000wk9ZoYAI,The Marvely,,"13100 Fort Street, Omaha, NE, USA",Property_Street__c,,Fort Street
006WR00000wk9ZpYAI,Rolling Hills Ranch Senior Living,,"4324 North 132nd Street, Omaha, NE, USA",Property_Street_Number__c,,4324
006WR00000wk9ZpYAI,Rolling Hills Ranch Senior Living,,"4324 North 132nd Street, Omaha, NE, USA",Property_Street__c,,North 132nd Street
006WR00000wk9ZqYAI,The Slate,,"119 South 19th Street, Omaha, NE, USA",Property_Street_Number__c,,119
006WR00000wk9ZqYAI,The Slate,,"119 South 19th Street, Omaha, NE, USA",Property_Street__c,,South 19th Street
006WR00000wk9ZrYAI,Pacific Gardens Apartments,,"7616 Pierce Street, Omaha, NE, USA",Property_Street_Number__c,,7616
006WR00000wk9ZrYAI,Pacific Gardens Apartments,,"7616 Pierce Street, Omaha, NE, USA",Property_Street__c,,Pierce Street
006WR00000wk9ZsYAI,Maplewood Estates,,"12801 Spaulding Plaza, Omaha, NE, USA",Property_Street_Number__c,,12801
006WR00000wk9ZsYAI,Maplewood Estates,,"12801 Spaulding Plaza, Omaha, NE, USA",Property_Street__c,,Spaulding Plaza
006WR00000wk9ZtYAI,Wellington Park,,"2606 N 115th Ct, Omaha, NE, USA",Property_Street_Number__c,,2606
006WR00000wk9ZtYAI,Wellington Park,,"2606 N 115th Ct, Omaha, NE, USA",Property_Street__c,,N 115th Ct
006WR00000wk9ZuYAI,Stonegate Park,,"12102 Stonegate Drive, Omaha, NE, USA",Property_Street_Number__c,,12102
006WR00000wk9ZuYAI,Stonegate Park,,"12102 Stonegate Drive, Omaha, NE, USA",Property_Street__c,,Stonegate Drive
006WR00000wk9ZvYAI,The Reserve at The Knolls,,"3816 109th Plaza, Omaha, NE, USA",Property_Street_Number__c,,3816
006WR00000wk9ZvYAI,The Reserve at The Knolls,,"3816 109th Plaza, Omaha, NE, USA",Property_Street__c,,109th Plaza
006WR00000wk9ZwYAI,Tranquility Pointe,,"4345 N 126th Ct, Omaha, NE, USA",Property_Street_Number__c,,4345
006WR00000wk9ZwYAI,Tranquility Pointe,,"4345 N 126th Ct, Omaha, NE, USA",Property_Street__c,,N 126th Ct
006WR00000wk9ZxYAI,Southside Terrace Phase 2,,"5529 South 30th Street, Omaha, NE, USA",Property_Street_Number__c,,5529
006WR00000wk9ZxYAI,Southside Terrace Phase 2,,"5529 South 30th Street, Omaha, NE, USA",Property_Street__c,,South 30th Street
006WR00000wk9ZyYAI,Camelot VI,,"9415 Cady Avenue, Omaha, NE, USA",Property_Street_Number__c,,9415
006WR00000wk9ZyYAI,Camelot VI,,"9415 Cady Avenue, Omaha, NE, USA",Property_Street__c,,Cady Avenue
006WR00000wk9ZzYAI,4651 Dodge St,,"4651 Dodge Street, Omaha, NE, USA",Property_Street_Number__c,,4651
006WR00000wk9ZzYAI,4651 Dodge St,,"4651 Dodge Street, Omaha, NE, USA",Property_Street__c,,Dodge Street
006WR00000wkA6DYAU,46 Dodge Apartments,,"N 46th & Dodge St, Omaha, NE",Property_Street__c,,N 46th & Dodge St
006WR00000wkA6EYAU,Chateau at Hillsborough,,"4804 North 133rd Plaza, Omaha, NE, USA",Property_Street_Number__c,,4804
006WR00000wkA6EYAU,Chateau at Hillsborough,,"4804 North 133rd Plaza, Omaha, NE, USA",Property_Street__c,,North 133rd Plaza
006WR00000wkA6FYAU,Avidor Omaha,,"13110 Sterling Ridge Drive, Omaha, NE, USA",Property_Street_Number__c,,13110
006WR00000wkA6FYAU,Avidor Omaha,,"13110 Sterling Ridge Drive, Omaha, NE, USA",Property_Street__c,,Sterling Ridge Drive
006WR00000wkA6GYAU,Bel Court Apartments,,"2306 Village Ct, Omaha, NE, USA",Property_Street_Number__c,,2306
006WR00000wkA6GYAU,Bel Court Apartments,,"2306 Village Ct, Omaha, NE, USA",Property_Street__c,,Village Ct
006WR00000wkA6HYAU,148th Place,,"3820 South 148th Street, Omaha, NE, USA",Property_Street_Number__c,,3820
006WR00000wkA6HYAU,148th Place,,"3820 South 148th Street, Omaha, NE, USA",Property_Street__c,,South 148th Street
006WR00000wkA6IYAU,Piraeus Point,,"Piraeus Street & Plato Place, Encinitas, CA, USA",Property_Street__c,,Piraeus Street & Plato Place
006WR00000wkA6JYAU,Oak Leaf Apartments,Oceanside_MDU_Oak Leaf Apartments,"266 North El Camino Real, Oceanside, CA, USA",Property_Street_Number__c,,266
006WR00000wkA6JYAU,Oak Leaf Apartments,Oceanside_MDU_Oak Leaf Apartments,"266 North El Camino Real, Oceanside, CA, USA",Property_Street__c,,North El Camino Real
006WR00000wkA6KYAU,Bella Vista Senior Living Community,Mesa_MDU_Bella Vista Senior Living,"1825 W Emelita Ave, Mesa, AZ 85202, USA",Property_Street_Number__c,,1825
006WR00000wkA6KYAU,Bella Vista Senior Living Community,Mesa_MDU_Bella Vista Senior Living,"1825 W Emelita Ave, Mesa, AZ 85202, USA",Property_Street__c,,W Emelita Ave
006WR00000wkA6LYAU,Mission Flats,,"3907 Mission Avenue, Oceanside, CA, USA",Property_Street_Number__c,,3907
006WR00000wkA6LYAU,Mission Flats,,"3907 Mission Avenue, Oceanside, CA, USA",Property_Street__c,,Mission Avenue
006WR00000wkA6MYAU,Trico Mobile Estates,OCEANSIDE_MDU_Trico_Mobile_Park,"221 North El Camino Real, Oceanside, CA, USA",Property_Street_Number__c,,221
006WR00000wkA6MYAU,Trico Mobile Estates,OCEANSIDE_MDU_Trico_Mobile_Park,"221 North El Camino Real, Oceanside, CA, USA",Property_Street__c,,North El Camino Real
006WR00000wkA6NYAU,View House,,"1111 N 27th St, Omaha, NE, USA",Property_Street_Number__c,,1111
006WR00000wkA6NYAU,View House,,"1111 N 27th St, Omaha, NE, USA",Property_Street__c,,N 27th St
006WR00000wkA6OYAU,Sea Bluff,,"800 Sea Cliff Way, Oceanside, CA, USA",Property_Street_Number__c,,800
006WR00000wkA6OYAU,Sea Bluff,,"800 Sea Cliff Way, Oceanside, CA, USA",Property_Street__c,,Sea Cliff Way
006WR00000wkA6PYAU,Nobility Point,,"3031 Blondo Street, Omaha, NE, USA",Property_Street_Number__c,,3031
006WR00000wkA6PYAU,Nobility Point,,"3031 Blondo Street, Omaha, NE, USA",Property_Street__c,,Blondo Street
006WR00000wkA6QYAU,Oak Brook Park Apartments,,"6601 S 108th Ct, Omaha, NE, USA",Property_Street_Number__c,,6601
006WR00000wkA6QYAU,Oak Brook Park Apartments,,"6601 S 108th Ct, Omaha, NE, USA",Property_Street__c,,S 108th Ct
006WR00000wkA6RYAU,Langston Loge,,"7122 Jones Circle, Omaha, NE, USA",Property_Street_Number__c,,7122
006WR00000wkA6RYAU,Langston Loge,,"7122 Jones Circle, Omaha, NE, USA",Property_Street__c,,Jones Circle
006WR00000wkA6SYAU,Old Mill Apartments,,"10923 N Mill Ct, Omaha, NE, USA",Property_Street_Number__c,,10923
006WR00000wkA6SYAU,Old Mill Apartments,,"10923 N Mill Ct, Omaha, NE, USA",Property_Street__c,,N Mill Ct
006WR00000wkA6TYAU,Mission View Manor,,"140 Douglas Drive, Oceanside, CA, USA",Property_Street_Number__c,,140
006WR00000wkA6TYAU,Mission View Manor,,"140 Douglas Drive, Oceanside, CA, USA",Property_Street__c,,Douglas Drive
006WR00000wkA6UYAU,Whispering Hills,,"2510 North 109th Plaza, Omaha, NE, USA",Property_Street_Number__c,,2510
006WR00000wkA6UYAU,Whispering Hills,,"2510 North 109th Plaza, Omaha, NE, USA",Property_Street__c,,North 109th Plaza
006WR00000wkA6VYAU,Dundee View,Omaha_MDU_Dundee View Apartments,"110 South 49th Street, Omaha, NE, USA",Property_Street_Number__c,,110
006WR00000wkA6VYAU,Dundee View,Omaha_MDU_Dundee View Apartments,"110 South 49th Street, Omaha, NE, USA",Property_Street__c,,South 49th Street
006WR00000wkA6VYAU,Dundee View,Omaha_MDU_Dundee View Apartments,"110 South 49th Street, Omaha, NE, USA",Property_County__c,,Douglas
006WR00000wkA6WYAU,Dundee Flats,OMAHA_MDU_Dundee Flats,"4835 Dodge Street, Omaha, NE, USA",Property_Street_Number__c,,4835
006WR00000wkA6WYAU,Dundee Flats,OMAHA_MDU_Dundee Flats,"4835 Dodge Street, Omaha, NE, USA",Property_Street__c,,Dodge Street
006WR00000wkA6WYAU,Dundee Flats,OMAHA_MDU_Dundee Flats,"4835 Dodge Street, Omaha, NE, USA",Property_County__c,,Douglas
006WR00000wkA6XYAU,Fox Ridge,,"10834 Cottonwood Ln, Omaha, NE, USA",Property_Street_Number__c,,10834
006WR00000wkA6XYAU,Fox Ridge,,"10834 Cottonwood Ln, Omaha, NE, USA",Property_Street__c,,Cottonwood Ln
006WR00000wkA6YYAU,The Club at Highland Park Apartments,,"11402 Evans Street, Omaha, NE, USA",Property_Street_Number__c,,11402
006WR00000wkA6YYAU,The Club at Highland Park Apartments,,"11402 Evans Street, Omaha, NE, USA",Property_Street__c,,Evans Street
006WR00000wkA6ZYAU,Eagle Run Apartments,,"3203 N 121st Plz, Omaha, NE, USA",Property_Street_Number__c,,3203
006WR00000wkA6ZYAU,Eagle Run Apartments,,"3203 N 121st Plz, Omaha, NE, USA",Property_Street__c,,N 121st Plz
006WR00000wkA6aYAE,Park Place Apartments,,"12115 William Plaza, Omaha, NE, USA",Property_Street_Number__c,,12115
006WR00000wkA6aYAE,Park Place Apartments,,"12115 William Plaza, Omaha, NE, USA",Property_Street__c,,William Plaza
006WR00000wkA6bYAE,Woodgate Townhomes,,"504 North 107th Plaza, Omaha, NE, USA",Property_Street_Number__c,,504
006WR00000wkA6bYAE,Woodgate Townhomes,,"504 North 107th Plaza, Omaha, NE, USA",Property_Street__c,,North 107th Plaza
006WR00000wkA6cYAE,Regency Lakeside Apartments,Omaha_MDU_Regency Lakeside Apartments,"10506 Pacific St, Omaha, NE, USA",Property_Street_Number__c,,10506
006WR00000wkA6cYAE,Regency Lakeside Apartments,Omaha_MDU_Regency Lakeside Apartments,"10506 Pacific St, Omaha, NE, USA",Property_Street__c,,Pacific St
006WR00000wkA6dYAE,Howard Street,Omaha_MDU_Howard Street Apartments,"7520 Howard Street, Omaha, NE, USA",Property_Street_Number__c,,7520
006WR00000wkA6dYAE,Howard Street,Omaha_MDU_Howard Street Apartments,"7520 Howard Street, Omaha, NE, USA",Property_Street__c,,Howard Street
006WR00000wkA6dYAE,Howard Street,Omaha_MDU_Howard Street Apartments,"7520 Howard Street, Omaha, NE, USA",Property_County__c,,Douglas
006WR00000wkA6eYAE,Ovation Heartwood Preserve-Independent Living,,"741 Maxwell Plaza, Boys Town, NE, USA",Property_Street_Number__c,,741
006WR00000wkA6eYAE,Ovation Heartwood Preserve-Independent Living,,"741 Maxwell Plaza, Boys Town, NE, USA",Property_Street__c,,Maxwell Plaza
006WR00000wkA6fYAE,Bedford Square [fmr Maplewood Court],,"4512 Bedford Ave, Omaha, NE 68104, USA",Property_Street_Number__c,,4512
006WR00000wkA6fYAE,Bedford Square [fmr Maplewood Court],,"4512 Bedford Ave, Omaha, NE 68104, USA",Property_Street__c,,Bedford Ave
006WR00000wkA6gYAE,Atlas Apartments,,"2929 California Plaza, Omaha, NE, USA",Property_Street_Number__c,,2929
006WR00000wkA6gYAE,Atlas Apartments,,"2929 California Plaza, Omaha, NE, USA",Property_Street__c,,California Plaza
006WR00000wkA6hYAE,Citadel Apartments,,"8500 Ohern Street, Omaha, NE, USA",Property_Street_Number__c,,8500
006WR00000wkA6hYAE,Citadel Apartments,,"8500 Ohern Street, Omaha, NE, USA",Property_Street__c,,Ohern Street
006WR00000wkA6iYAE,Green Valley Mobile Estates Encinitas,,350 N El Camino Real,Property_Street_Number__c,,350
006WR00000wkA6iYAE,Green Valley Mobile Estates Encinitas,,350 N El Camino Real,Property_Street__c,,N El Camino Real
006WR00000wkA6jYAE,JC Wade Senior Villas,,"3464 Ohio St, Omaha, NE",Property_Street_Number__c,,3464
006WR00000wkA6jYAE,JC Wade Senior Villas,,"3464 Ohio St, Omaha, NE",Property_Street__c,,Ohio St
006WR00000wkA6kYAE,Preserve at Evans Place [Tudor Heights],,"10505 Evans Plaza, Omaha, NE, USA",Property_Street_Number__c,,10505
006WR00000wkA6kYAE,Preserve at Evans Place [Tudor Heights],,"10505 Evans Plaza, Omaha, NE, USA",Property_Street__c,,Evans Plaza
006WR00000wkA6lYAE,Park 125,,"12500 W Dodge Rd, Omaha, NE, USA",Property_Street_Number__c,,12500
006WR00000wkA6lYAE,Park 125,,"12500 W Dodge Rd, Omaha, NE, USA",Property_Street__c,,W Dodge Rd
006WR00000wkA6mYAE,The Biltmore Apartments,,"11525 Decatur Plaza, Omaha, NE, USA",Property_Street_Number__c,,11525
006WR00000wkA6mYAE,The Biltmore Apartments,,"11525 Decatur Plaza, Omaha, NE, USA",Property_Street__c,,Decatur Plaza
006WR00000wkA6nYAE,Raintree Apartments,,"12021 Decatur Plaza, Omaha, NE, USA",Property_Street_Number__c,,12021
006WR00000wkA6nYAE,Raintree Apartments,,"12021 Decatur Plaza, Omaha, NE, USA",Property_Street__c,,Decatur Plaza
006WR00000wkA6oYAE,The Vanderbilt Apartments,,"11233 Decatur Plaza, Omaha, NE, USA",Property_Street_Number__c,,11233
006WR00000wkA6oYAE,The Vanderbilt Apartments,,"11233 Decatur Plaza, Omaha, NE, USA",Property_Street__c,,Decatur Plaza
006WR00000wkA6pYAE,Vivo Living Omaha,,"11515 Miracle Hills Drive, Omaha, NE, USA",Property_Street_Number__c,,11515
006WR00000wkA6pYAE,Vivo Living Omaha,,"11515 Miracle Hills Drive, Omaha, NE, USA",Property_Street__c,,Miracle Hills Drive
006WR00000wkA6qYAE,Woodland Meadows,,102 Double Road,Property_Street_Number__c,,102
006WR00000wkA6qYAE,Woodland Meadows,,102 Double Road,Property_Street__c,,Double Road
006WR00000wkA6rYAE,Tides on University,,"2240 W University Dr, Mesa, AZ 85201, USA",Property_Street_Number__c,,2240
006WR00000wkA6rYAE,Tides on University,,"2240 W University Dr, Mesa, AZ 85201, USA",Property_Street__c,,W University Dr
006WR00000wkA6sYAE,Quintana at Cooley Station,,"2515 S Verde Dr, Gilbert, AZ 85295, USA",Property_Street_Number__c,,2515
006WR00000wkA6sYAE,Quintana at Cooley Station,,"2515 S Verde Dr, Gilbert, AZ 85295, USA",Property_Street__c,,S Verde Dr
006WR00000wkA6tYAE,Mahoney Village,,845 E Mahoney Ave,Property_Street_Number__c,,845
006WR00000wkA6tYAE,Mahoney Village,,845 E Mahoney Ave,Property_Street__c,,E Mahoney Ave
006WR00000wkA6uYAE,Cielo on Gilbert,,"1710 S Gilbert Rd, Mesa, AZ 85204, USA",Property_Street_Number__c,,1710
006WR00000wkA6uYAE,Cielo on Gilbert,,"1710 S Gilbert Rd, Mesa, AZ 85204, USA",Property_Street__c,,S Gilbert Rd
006WR00000wkA6vYAE,Georgetown Park Apartment Homes,,"209 Luther Drive, Georgetown, TX, USA",Property_Street_Number__c,,209
006WR00000wkA6vYAE,Georgetown Park Apartment Homes,,"209 Luther Drive, Georgetown, TX, USA",Property_Street__c,,Luther Drive
006WR00000wkA6wYAE,San Gabriel Apartments,,"1100 Leander Road, Georgetown, TX, USA",Property_Street_Number__c,,1100
006WR00000wkA6wYAE,San Gabriel Apartments,,"1100 Leander Road, Georgetown, TX, USA",Property_Street__c,,Leander Road
006WR00000wkA6xYAE,Kensington Apartments,,"426 E Nichols Canyon Rd, Cedar City, UT, USA",Property_Street_Number__c,,426
006WR00000wkA6xYAE,Kensington Apartments,,"426 E Nichols Canyon Rd, Cedar City, UT, USA",Property_Street__c,,E Nichols Canyon Rd
006WR00000wkA6yYAE,Irvington Heights,,"6704 North 90th Plaza, Omaha, NE, USA",Property_Street_Number__c,,6704
006WR00000wkA6yYAE,Irvington Heights,,"6704 North 90th Plaza, Omaha, NE, USA",Property_Street__c,,North 90th Plaza
006WR00000wkA6zYAE,Promontory Point,,"1175 View Point Drive, Sandy, UT, USA",Property_Street_Number__c,,1175
006WR00000wkA6zYAE,Promontory Point,,"1175 View Point Drive, Sandy, UT, USA",Property_Street__c,,View Point Drive
006WR00000wkA70YAE,Shamrock Arrowride Apartments,,"5150 16th Ave SW, Cedar Rapids, IA, USA",Property_Street_Number__c,,5150
006WR00000wkA70YAE,Shamrock Arrowride Apartments,,"5150 16th Ave SW, Cedar Rapids, IA, USA",Property_Street__c,,16th Ave SW
006WR00000wkA71YAE,Campus Town,,"1210 Southwest 28th Street, Ankeny, IA, USA",Property_Street_Number__c,,1210
006WR00000wkA71YAE,Campus Town,,"1210 Southwest 28th Street, Ankeny, IA, USA",Property_Street__c,,Southwest 28th Street
006WR00000wkA72YAE,Trails at Carmel Creek,,"300 Carl Stern Drive, Hutto, TX, USA",Property_Street_Number__c,,300
006WR00000wkA72YAE,Trails at Carmel Creek,,"300 Carl Stern Drive, Hutto, TX, USA",Property_Street__c,,Carl Stern Drive
006WR00000wkA73YAE,Heritage District,,"275 W Juniper Ave, Gilbert, AZ 85233, USA",Property_Street_Number__c,,275
006WR00000wkA73YAE,Heritage District,,"275 W Juniper Ave, Gilbert, AZ 85233, USA",Property_Street__c,,W Juniper Ave
006WR00000wkA74YAE,Goldfinch Meadows,,"6138 Dean Rd SW, Cedar Rapids, IA, USA",Property_Street_Number__c,,6138
006WR00000wkA74YAE,Goldfinch Meadows,,"6138 Dean Rd SW, Cedar Rapids, IA, USA",Property_Street__c,,Dean Rd SW
006WR00000wkA75YAE,Grand View Apartments,,"1241 Grand Avenue, Marion, IA, USA",Property_Street_Number__c,,1241
006WR00000wkA75YAE,Grand View Apartments,,"1241 Grand Avenue, Marion, IA, USA",Property_Street__c,,Grand Avenue
006WR00000wkA76YAE,One East Tucson,,"1 E Broadway Blvd suite 101, Tucson, AZ, USA",Property_Street_Number__c,,1
006WR00000wkA76YAE,One East Tucson,,"1 E Broadway Blvd suite 101, Tucson, AZ, USA",Property_Street__c,,E Broadway Blvd
006WR00000wkA77YAE,Carver Ridge Townhomes,,"340 Crosstown Blvd, Chaska, MN, USA",Property_Street_Number__c,,340
006WR00000wkA77YAE,Carver Ridge Townhomes,,"340 Crosstown Blvd, Chaska, MN, USA",Property_Street__c,,Crosstown Blvd
006WR00000wkA78YAE,The Place at Canyon Ridge,,"2656 W Broadway Blvd, Tucson, AZ 85745, USA",Property_Street_Number__c,,2656
006WR00000wkA78YAE,The Place at Canyon Ridge,,"2656 W Broadway Blvd, Tucson, AZ 85745, USA",Property_Street__c,,W Broadway Blvd
006WR00000wkA79YAE,The Quin,,"1318 South Vineyard, Mesa, AZ, USA",Property_Street_Number__c,,1318
006WR00000wkA79YAE,The Quin,,"1318 South Vineyard, Mesa, AZ, USA",Property_Street__c,,South Vineyard
006WR00000wkA7AYAU,Lincoln Apartments _ FF Freddy,,"1610 North 8th Street, Killeen, TX, USA",Property_Street_Number__c,,1610
006WR00000wkA7AYAU,Lincoln Apartments _ FF Freddy,,"1610 North 8th Street, Killeen, TX, USA",Property_Street__c,,North 8th Street
006WR00000wkA7BYAU,Town & Country Mobile Homes,,"3701 McKinley St, Omaha, NE",Property_Street_Number__c,,3701
006WR00000wkA7BYAU,Town & Country Mobile Homes,,"3701 McKinley St, Omaha, NE",Property_Street__c,,McKinley St
006WR00000wkA7CYAU,Aurora Meadows Apartments (Lumen CO),,"777 Dillon Way, Aurora, CO 80011",Property_Street_Number__c,,777
006WR00000wkA7CYAU,Aurora Meadows Apartments (Lumen CO),,"777 Dillon Way, Aurora, CO 80011",Property_Street__c,,Dillon Way
006WR00000wkA7DYAU,Coral Point Apartments,,"2343 W Main St, Mesa, AZ 85201, USA",Property_Street_Number__c,,2343
006WR00000wkA7DYAU,Coral Point Apartments,,"2343 W Main St, Mesa, AZ 85201, USA",Property_Street__c,,W Main St
006WR00000wkA7EYAU,Ivy Crossing Apartment Homes (Lumen CO),,"2470 S Quebec St, Denver, CO 80231",Property_Street_Number__c,,2470
006WR00000wkA7EYAU,Ivy Crossing Apartment Homes (Lumen CO),,"2470 S Quebec St, Denver, CO 80231",Property_Street__c,,S Quebec St
006WR00000wkA7FYAU,Gilbert Square Apts,,"1821 E Covina St, Mesa, AZ 85203, USA",Property_Street_Number__c,,1821
006WR00000wkA7FYAU,Gilbert Square Apts,,"1821 E Covina St, Mesa, AZ 85203, USA",Property_Street__c,,E Covina St
006WR00000wkA7GYAU,Landry on 56,,"130 South 56th Street, Mesa, AZ 85205, USA",Property_Street_Number__c,,130
006WR00000wkA7GYAU,Landry on 56,,"130 South 56th Street, Mesa, AZ 85205, USA",Property_Street__c,,South 56th Street
006WR00000wkA7HYAU,Envision Apartments,,"1361 South Greenfield Road, Mesa, AZ, USA",Property_Street_Number__c,,1361
006WR00000wkA7HYAU,Envision Apartments,,"1361 South Greenfield Road, Mesa, AZ, USA",Property_Street__c,,South Greenfield Road
006WR00000wkA7IYAU,Sawgrass Links Townhomes_Lumen IA_Bryce,,"2005 Southwest 35th Street, Ankeny, IA, USA",Property_Street_Number__c,,2005
006WR00000wkA7IYAU,Sawgrass Links Townhomes_Lumen IA_Bryce,,"2005 Southwest 35th Street, Ankeny, IA, USA",Property_Street__c,,Southwest 35th Street
006WR00000wkA7JYAU,Noahs Landing (Lumen FL_Starwood),,"10555 Noah's Circle, Naples, FL, USA",Property_Street_Number__c,,10555
006WR00000wkA7JYAU,Noahs Landing (Lumen FL_Starwood),,"10555 Noah's Circle, Naples, FL, USA",Property_Street__c,,Noah's Circle
006WR00000wkA7KYAU,Whistler's Cove Apartments (Lumen FL_Starwood),,"11400 Whistlers Cove Boulevard, Naples, FL, USA",Property_Street_Number__c,,11400
006WR00000wkA7KYAU,Whistler's Cove Apartments (Lumen FL_Starwood),,"11400 Whistlers Cove Boulevard, Naples, FL, USA",Property_Street__c,,Whistlers Cove Boulevard
006WR00000wkA7LYAU,La Petite Chateau Apartments,,"1254 E Broadway Rd, Mesa, AZ 85204, USA",Property_Street_Number__c,,1254
006WR00000wkA7LYAU,La Petite Chateau Apartments,,"1254 E Broadway Rd, Mesa, AZ 85204, USA",Property_Street__c,,E Broadway Rd
006WR00000wkA7MYAU,Discovery Point,,"6210 E Arbor Ave, Mesa, AZ 85206, USA",Property_Street_Number__c,,6210
006WR00000wkA7MYAU,Discovery Point,,"6210 E Arbor Ave, Mesa, AZ 85206, USA",Property_Street__c,,E Arbor Ave
006WR00000wkA7NYAU,Buena Vista Point Apartments (Lumen FL_Starwood),,"11856 Reedy Creek Drive, Orlando, FL, USA",Property_Street_Number__c,,11856
006WR00000wkA7NYAU,Buena Vista Point Apartments (Lumen FL_Starwood),,"11856 Reedy Creek Drive, Orlando, FL, USA",Property_Street__c,,Reedy Creek Drive
006WR00000wkA7OYAU,Emparrado Apartments,,"132 E Brown Rd, Mesa, AZ 85201, USA",Property_Street_Number__c,,132
006WR00000wkA7OYAU,Emparrado Apartments,,"132 E Brown Rd, Mesa, AZ 85201, USA",Property_Street__c,,E Brown Rd
006WR00000wkA7PYAU,Ocean Hills Country Club HOA,,"4600 Leisure Village Way Oceanside, CA 92056",Property_Street_Number__c,,4600
006WR00000wkA7PYAU,Ocean Hills Country Club HOA,,"4600 Leisure Village Way Oceanside, CA 92056",Property_Street__c,,Leisure Village Way Oceanside
006WR00000wkA7QYAU,Fountain East (MHP),,"303 S Recker Rd, Mesa, AZ 85206, USA",Property_Street_Number__c,,303
006WR00000wkA7QYAU,Fountain East (MHP),,"303 S Recker Rd, Mesa, AZ 85206, USA",Property_Street__c,,S Recker Rd
006WR00000wkA7RYAU,Alante at the Islands,,2222 N McQueen Rd,Property_Street_Number__c,,2222
006WR00000wkA7RYAU,Alante at the Islands,,2222 N McQueen Rd,Property_Street__c,,N McQueen Rd
006WR00000wkA7SYAU,Vineyards at Trophy Club,Trophy Club_MDU_Vineyards at Trophy Club,1500 PLANTATION OAKS DR TROPHY CLUB TX 76262,Property_Street_Number__c,,1500
006WR00000wkA7SYAU,Vineyards at Trophy Club,Trophy Club_MDU_Vineyards at Trophy Club,1500 PLANTATION OAKS DR TROPHY CLUB TX 76262,Property_Street__c,,PLANTATION OAKS DR
006WR00000wkA7SYAU,Vineyards at Trophy Club,Trophy Club_MDU_Vineyards at Trophy Club,1500 PLANTATION OAKS DR TROPHY CLUB TX 76262,Property_County__c,,Tarrant
006WR00000wkA7TYAU,Level 550,,"550 E McKellips Rd, Mesa, AZ, USA",Property_Street_Number__c,,550
006WR00000wkA7TYAU,Level 550,,"550 E McKellips Rd, Mesa, AZ, USA",Property_Street__c,,E McKellips Rd
006WR00000wkA7UYAU,Coronado Mobile Home Park,,"9736 E Main St, Mesa, AZ 85207, USA",Property_Street_Number__c,,9736
006WR00000wkA7UYAU,Coronado Mobile Home Park,,"9736 E Main St, Mesa, AZ 85207, USA",Property_Street__c,,E Main St
006WR00000wkA7VYAU,Seacrest Village,,"211 Saxony Road Encinitas, CA 92024",Property_Street_Number__c,,211
006WR00000wkA7VYAU,Seacrest Village,,"211 Saxony Road Encinitas, CA 92024",Property_Street__c,,Saxony Road Encinitas
006WR00000wkA7WYAU,Chandler Meadows Unfurnished Apartments,,"3175 N Price Rd, Chandler, AZ 85224, USA",Property_Street_Number__c,,3175
006WR00000wkA7WYAU,Chandler Meadows Unfurnished Apartments,,"3175 N Price Rd, Chandler, AZ 85224, USA",Property_Street__c,,N Price Rd
006WR00000wkA7XYAU,Lucera Apartments,,"2940 E Broadway Rd, Mesa, AZ 85204, USA",Property_Street_Number__c,,2940
006WR00000wkA7XYAU,Lucera Apartments,,"2940 E Broadway Rd, Mesa, AZ 85204, USA",Property_Street__c,,E Broadway Rd
006WR00000wkA7YYAU,Desert Jewel Apartments,,2800 N Arizona Ave,Property_Street_Number__c,,2800
006WR00000wkA7YYAU,Desert Jewel Apartments,,2800 N Arizona Ave,Property_Street__c,,N Arizona Ave
006WR00000wkA7ZYAU,Revere Ridge Apartments,,"1723 N UNION RD, spokane Valley, WA 99206",Property_Street_Number__c,,1723
006WR00000wkA7ZYAU,Revere Ridge Apartments,,"1723 N UNION RD, spokane Valley, WA 99206",Property_Street__c,,N UNION RD
006WR00000wkA7aYAE,Amberwood Manor,Mesa_MDU_Amberwood Manor,260 W 8TH AVE MESA 85210,Property_Street_Number__c,,260
006WR00000wkA7aYAE,Amberwood Manor,Mesa_MDU_Amberwood Manor,260 W 8TH AVE MESA 85210,Property_Street__c,,W 8TH AVE
006WR00000wkA7bYAE,Delano Apartments,,"1800 East Covina Street, Mesa, AZ, USA",Property_Street_Number__c,,1800
006WR00000wkA7bYAE,Delano Apartments,,"1800 East Covina Street, Mesa, AZ, USA",Property_Street__c,,East Covina Street
006WR00000wkA7cYAE,Desert Valley Oasis (MHP),,"9421 E Main St, Mesa, AZ 85207, USA",Property_Street_Number__c,,9421
006WR00000wkA7cYAE,Desert Valley Oasis (MHP),,"9421 E Main St, Mesa, AZ 85207, USA",Property_Street__c,,E Main St
006WR00000wkA7dYAE,Crescent Run (MHP),,"8500 E Southern Ave, Mesa, AZ 85209, USA",Property_Street_Number__c,,8500
006WR00000wkA7dYAE,Crescent Run (MHP),,"8500 E Southern Ave, Mesa, AZ 85209, USA",Property_Street__c,,E Southern Ave
006WR00000wkA7eYAE,Luxe 1930,,"1930 N Country Club Dr, Mesa, AZ 85201, USA",Property_Street_Number__c,,1930
006WR00000wkA7eYAE,Luxe 1930,,"1930 N Country Club Dr, Mesa, AZ 85201, USA",Property_Street__c,,N Country Club Dr
006WR00000wkA7fYAE,Christian Care Manor,,"118 S 70th St, Mesa, AZ 85208, USA",Property_Street_Number__c,,118
006WR00000wkA7fYAE,Christian Care Manor,,"118 S 70th St, Mesa, AZ 85208, USA",Property_Street__c,,S 70th St
006WR00000wkA7gYAE,Las Palmas Grand (MHP),,2550 S Ellsworth Rd Mesa Az 85209,Property_Street_Number__c,,2550
006WR00000wkA7gYAE,Las Palmas Grand (MHP),,2550 S Ellsworth Rd Mesa Az 85209,Property_Street__c,,S Ellsworth Rd
006WR00000wkA7hYAE,Montero at Dana Park,,"3636 E Inverness Ave, Mesa, AZ 85206, USA",Property_Street_Number__c,,3636
006WR00000wkA7hYAE,Montero at Dana Park,,"3636 E Inverness Ave, Mesa, AZ 85206, USA",Property_Street__c,,E Inverness Ave
006WR00000wkA7iYAE,Lindsay Palms Apartments,,"2855 E Broadway Rd, Mesa, AZ 85204, USA",Property_Street_Number__c,,2855
006WR00000wkA7iYAE,Lindsay Palms Apartments,,"2855 E Broadway Rd, Mesa, AZ 85204, USA",Property_Street__c,,E Broadway Rd
006WR00000wkA7jYAE,Encore on First,Mesa_MDU_Encore on First,"25 W 1st Ave, Mesa, AZ 85210, USA",Property_Street_Number__c,,25
006WR00000wkA7jYAE,Encore on First,Mesa_MDU_Encore on First,"25 W 1st Ave, Mesa, AZ 85210, USA",Property_Street__c,,W 1st Ave
006WR00000wkA7kYAE,Desert Palms Apartments,,"210 E Brown Rd, Mesa, AZ 85201, USA",Property_Street_Number__c,,210
006WR00000wkA7kYAE,Desert Palms Apartments,,"210 E Brown Rd, Mesa, AZ 85201, USA",Property_Street__c,,E Brown Rd
006WR00000wkA7lYAE,Ashland Manor Apartments,Mesa_MDU_Ashland Manor Apartments,"33 South Ashland, Mesa, AZ 85204, USA",Property_Street_Number__c,,33
006WR00000wkA7lYAE,Ashland Manor Apartments,Mesa_MDU_Ashland Manor Apartments,"33 South Ashland, Mesa, AZ 85204, USA",Property_Street__c,,South Ashland
006WR00000wkA7mYAE,Modera Gilbert,,"South Higley Road & East Ray Road, Gilbert, AZ 85295, USA",Property_Street__c,,South Higley Road & East Ray Road
006WR00000wkA7nYAE,German Oaks,,"1295 E German Ln, Conway, AR 72032, USA",Property_Street_Number__c,,1295
006WR00000wkA7nYAE,German Oaks,,"1295 E German Ln, Conway, AR 72032, USA",Property_Street__c,,E German Ln
006WR00000wkA7oYAE,Terrace Garden Apartments,Omaha_MDU_Terrace Garden Townhomes,"10100 Grand Plaza, Omaha, NE, USA",Property_Street_Number__c,,10100
006WR00000wkA7oYAE,Terrace Garden Apartments,Omaha_MDU_Terrace Garden Townhomes,"10100 Grand Plaza, Omaha, NE, USA",Property_Street__c,,Grand Plaza
006WR00000wkA7oYAE,Terrace Garden Apartments,Omaha_MDU_Terrace Garden Townhomes,"10100 Grand Plaza, Omaha, NE, USA",Property_County__c,,Douglas
006WR00000wkA7pYAE,Whispering Pines Townhomes,Omaha_MDU_Whispering Pines Townhomes,559 N 88TH PLZ UNIT 1 OMAHA NE 68114,Property_Street_Number__c,,559
006WR00000wkA7pYAE,Whispering Pines Townhomes,Omaha_MDU_Whispering Pines Townhomes,559 N 88TH PLZ UNIT 1 OMAHA NE 68114,Property_Street__c,,N 88TH PLZ
006WR00000wkA7pYAE,Whispering Pines Townhomes,Omaha_MDU_Whispering Pines Townhomes,559 N 88TH PLZ UNIT 1 OMAHA NE 68114,Property_County__c,,Douglas
006WR00000wkA7qYAE,Cortland Mountain Vista,,"1304 S 105th Pl, Mesa, AZ 85209, USA",Property_Street_Number__c,,1304
006WR00000wkA7qYAE,Cortland Mountain Vista,,"1304 S 105th Pl, Mesa, AZ 85209, USA",Property_Street__c,,S 105th Pl
006WR00000wkA7rYAE,Chateau Gardens Apartments,,"6105 North 59th Avenue, Glendale, AZ, USA",Property_Street_Number__c,,6105
006WR00000wkA7rYAE,Chateau Gardens Apartments,,"6105 North 59th Avenue, Glendale, AZ, USA",Property_Street__c,,North 59th Avenue
006WR00000wkA7sYAE,Fairview Apartments,Omaha_MDU_Fairview Apartments,"4721 North 66th Street, Omaha, NE, USA",Property_Street_Number__c,,4721
006WR00000wkA7sYAE,Fairview Apartments,Omaha_MDU_Fairview Apartments,"4721 North 66th Street, Omaha, NE, USA",Property_Street__c,,North 66th Street
006WR00000wkA7sYAE,Fairview Apartments,Omaha_MDU_Fairview Apartments,"4721 North 66th Street, Omaha, NE, USA",Property_County__c,,Douglas
006WR00000wkA7tYAE,Gentry's Walk,,"1313 South Val Vista Drive, Mesa, AZ 85204, USA",Property_Street_Number__c,,1313
006WR00000wkA7tYAE,Gentry's Walk,,"1313 South Val Vista Drive, Mesa, AZ 85204, USA",Property_Street__c,,South Val Vista Drive
006WR00000wkA7uYAE,Sunrise Village(MHP),,"5402 E McKellips Rd, Mesa, AZ 85215, USA",Property_Street_Number__c,,5402
006WR00000wkA7uYAE,Sunrise Village(MHP),,"5402 E McKellips Rd, Mesa, AZ 85215, USA",Property_Street__c,,E McKellips Rd
006WR00000wkA7vYAE,Country Club Verandas Apartments,,"1415 N Country Club Dr, Mesa, AZ 85201, USA",Property_Street_Number__c,,1415
006WR00000wkA7vYAE,Country Club Verandas Apartments,,"1415 N Country Club Dr, Mesa, AZ 85201, USA",Property_Street__c,,N Country Club Dr
006WR00000wkA7wYAE,Autumn Creek Apartments,,"1320 N McQueen Rd, Chandler, AZ, USA",Property_Street_Number__c,,1320
006WR00000wkA7wYAE,Autumn Creek Apartments,,"1320 N McQueen Rd, Chandler, AZ, USA",Property_Street__c,,N McQueen Rd
006WR00000wkA7xYAE,Missouri Meadows Apartments,,"3501 West Missouri Avenue, Phoenix, AZ, USA",Property_Street_Number__c,,3501
006WR00000wkA7xYAE,Missouri Meadows Apartments,,"3501 West Missouri Avenue, Phoenix, AZ, USA",Property_Street__c,,West Missouri Avenue
006WR00000wkA7yYAE,Habitat Condos,,"33026 17th Pl S, Federal Way, WA 98003, USA",Property_Street_Number__c,,33026
006WR00000wkA7yYAE,Habitat Condos,,"33026 17th Pl S, Federal Way, WA 98003, USA",Property_Street__c,,17th Pl S
006WR00000wkA7zYAE,Wyndham Hill,Omaha_MDU_Wyndham Hill & Villas by Broadmoor,"9226 Burt St. Omaha, NE",Property_Street_Number__c,,9226
006WR00000wkA7zYAE,Wyndham Hill,Omaha_MDU_Wyndham Hill & Villas by Broadmoor,"9226 Burt St. Omaha, NE",Property_Street__c,,Burt St. Omaha
006WR00000wkA7zYAE,Wyndham Hill,Omaha_MDU_Wyndham Hill & Villas by Broadmoor,"9226 Burt St. Omaha, NE",Property_County__c,,Douglas
006WR00000wkA80YAE,Cortina Apartments,,11 E Bell Rd 85022,Property_Street_Number__c,,11
006WR00000wkA80YAE,Cortina Apartments,,11 E Bell Rd 85022,Property_Street__c,,E Bell Rd
006WR00000wkA81YAE,Avana Chandler,,"3800 W Chandler Blvd, Chandler, AZ 85226, USA",Property_Street_Number__c,,3800
006WR00000wkA81YAE,Avana Chandler,,"3800 W Chandler Blvd, Chandler, AZ 85226, USA",Property_Street__c,,W Chandler Blvd
006WR00000wkA82YAE,Benson Gardens Apartments,Omaha_MDU_Benson Gardens Apartments,"2339 Benson Gardens Blvd, Omaha, NE 68134, USA",Property_Street_Number__c,,2339
006WR00000wkA82YAE,Benson Gardens Apartments,Omaha_MDU_Benson Gardens Apartments,"2339 Benson Gardens Blvd, Omaha, NE 68134, USA",Property_Street__c,,Benson Gardens Blvd
006WR00000wkA82YAE,Benson Gardens Apartments,Omaha_MDU_Benson Gardens Apartments,"2339 Benson Gardens Blvd, Omaha, NE 68134, USA",Property_County__c,,Douglas
006WR00000wkA83YAE,Cactus Gardens,,"10657 South Avenue 9 East, Yuma, AZ, USA",Property_Street_Number__c,,10657
006WR00000wkA83YAE,Cactus Gardens,,"10657 South Avenue 9 East, Yuma, AZ, USA",Property_Street__c,,South Avenue 9 East
006WR00000wkA84YAE,Palmas Del Sol,,"6209 E McKellips Rd, Mesa, AZ, USA",Property_Street_Number__c,,6209
006WR00000wkA84YAE,Palmas Del Sol,,"6209 E McKellips Rd, Mesa, AZ, USA",Property_Street__c,,E McKellips Rd
006WR00000wkA85YAE,Cimarron Apartments,,"151 E 1st St, Mesa, AZ 85201, USA",Property_Street_Number__c,,151
006WR00000wkA85YAE,Cimarron Apartments,,"151 E 1st St, Mesa, AZ 85201, USA",Property_Street__c,,E 1st St
006WR00000wkA86YAE,Pueblo Grande (MHP),,"652 S Ellsworth Rd, Mesa, AZ 85208, USA",Property_Street_Number__c,,652
006WR00000wkA86YAE,Pueblo Grande (MHP),,"652 S Ellsworth Rd, Mesa, AZ 85208, USA",Property_Street__c,,S Ellsworth Rd
006WR00000wkA87YAE,Camino del Rey (HOA),,"542 S Higley Rd Unit 123, Mesa, AZ 85206",Property_Street_Number__c,,542
006WR00000wkA87YAE,Camino del Rey (HOA),,"542 S Higley Rd Unit 123, Mesa, AZ 85206",Property_Street__c,,S Higley Rd
006WR00000wkA88YAE,Cottonwood Apartments (Mesa),,320 W Brown Rd 85201,Property_Street_Number__c,,320
006WR00000wkA88YAE,Cottonwood Apartments (Mesa),,320 W Brown Rd 85201,Property_Street__c,,W Brown Rd
006WR00000wkA89YAE,Club 715,,"715 N Country Club Dr, Mesa, AZ 85201, USA",Property_Street_Number__c,,715
006WR00000wkA89YAE,Club 715,,"715 N Country Club Dr, Mesa, AZ 85201, USA",Property_Street__c,,N Country Club Dr
006WR00000wkA8AYAU,The Grove at Hickman,,"2400 Hickman Road, Des Moines, Iowa",Property_Street_Number__c,,2400
006WR00000wkA8AYAU,The Grove at Hickman,,"2400 Hickman Road, Des Moines, Iowa",Property_Street__c,,Hickman Road
006WR00000wkA8BYAU,Pennytree Apartments,,"232 South Macdonald, Mesa, AZ 85210, USA",Property_Street_Number__c,,232
006WR00000wkA8BYAU,Pennytree Apartments,,"232 South Macdonald, Mesa, AZ 85210, USA",Property_Street__c,,South Macdonald
006WR00000wkA8CYAU,Avilla Lehi Crossing,,"3425 E Thomas Rd, Mesa, AZ 85213, USA",Property_Street_Number__c,,3425
006WR00000wkA8CYAU,Avilla Lehi Crossing,,"3425 E Thomas Rd, Mesa, AZ 85213, USA",Property_Street__c,,E Thomas Rd
006WR00000wkA8DYAU,Country Club Greens,,"350 W 13th Pl, Mesa, AZ 85201, USA",Property_Street_Number__c,,350
006WR00000wkA8DYAU,Country Club Greens,,"350 W 13th Pl, Mesa, AZ 85201, USA",Property_Street__c,,W 13th Pl
006WR00000wkA8EYAU,Canal on Baseline,,"6060 E Baseline Rd, Mesa, AZ 85206, USA",Property_Street_Number__c,,6060
006WR00000wkA8EYAU,Canal on Baseline,,"6060 E Baseline Rd, Mesa, AZ 85206, USA",Property_Street__c,,E Baseline Rd
006WR00000wkA8FYAU,Maplewood Court Apartments,Omaha_MDU_Maplewood Court Apartments,"4512 Bedford Ave, Omaha, NE 68104",Property_Street_Number__c,,4512
006WR00000wkA8FYAU,Maplewood Court Apartments,Omaha_MDU_Maplewood Court Apartments,"4512 Bedford Ave, Omaha, NE 68104",Property_Street__c,,Bedford Ave
006WR00000wkA8FYAU,Maplewood Court Apartments,Omaha_MDU_Maplewood Court Apartments,"4512 Bedford Ave, Omaha, NE 68104",Property_County__c,,Douglas
006WR00000wkA8GYAU,Dahcotah View (copy) (copy),,"1601 Cliff Rd E, Burnsville, MN, USA",Property_Street_Number__c,,1601
006WR00000wkA8GYAU,Dahcotah View (copy) (copy),,"1601 Cliff Rd E, Burnsville, MN, USA",Property_Street__c,,Cliff Rd E
006WR00000wkA8HYAU,Rise Country Club,,"1903 N Country Club Dr, Mesa, AZ 85201, USA",Property_Street_Number__c,,1903
006WR00000wkA8HYAU,Rise Country Club,,"1903 N Country Club Dr, Mesa, AZ 85201, USA",Property_Street__c,,N Country Club Dr
006WR00000wkA8IYAU,Keystone Park Apartments,Omaha_MDU_Keystone Park Apts,"7315 Wirt Circle, Omaha, NE, USA",Property_Street_Number__c,,7315
006WR00000wkA8IYAU,Keystone Park Apartments,Omaha_MDU_Keystone Park Apts,"7315 Wirt Circle, Omaha, NE, USA",Property_Street__c,,Wirt Circle
006WR00000wkA8IYAU,Keystone Park Apartments,Omaha_MDU_Keystone Park Apts,"7315 Wirt Circle, Omaha, NE, USA",Property_County__c,,Douglas
006WR00000wkA8JYAU,Dartmoor Apartments,,"310 N Alma School Rd, Mesa, AZ 85201, USA",Property_Street_Number__c,,310
006WR00000wkA8JYAU,Dartmoor Apartments,,"310 N Alma School Rd, Mesa, AZ 85201, USA",Property_Street__c,,N Alma School Rd
006WR00000wkA8KYAU,Desert Village(MHP),,"139 S Crismon Rd, Mesa, AZ 85208, USA",Property_Street_Number__c,,139
006WR00000wkA8KYAU,Desert Village(MHP),,"139 S Crismon Rd, Mesa, AZ 85208, USA",Property_Street__c,,S Crismon Rd
006WR00000wkA8LYAU,Elan Sandpiper,Solana Beach_MDU_Elan Sandpiper Del Mar Apartments,833 S Cedros Ave,Property_Street_Number__c,,833
006WR00000wkA8LYAU,Elan Sandpiper,Solana Beach_MDU_Elan Sandpiper Del Mar Apartments,833 S Cedros Ave,Property_Street__c,,S Cedros Ave
006WR00000wkA8MYAU,Colores Del Sol,,"510 E McKellips Rd, Mesa, AZ 85203, USA",Property_Street_Number__c,,510
006WR00000wkA8MYAU,Colores Del Sol,,"510 E McKellips Rd, Mesa, AZ 85203, USA",Property_Street__c,,E McKellips Rd
006WR00000wkA8NYAU,225 S Highway 101 Apartments,Solana Beach_MDU_225 S Highway 101 Apartments,"225 South Highway 101, Solana Beach, CA, USA",Property_Street_Number__c,,225
006WR00000wkA8NYAU,225 S Highway 101 Apartments,Solana Beach_MDU_225 S Highway 101 Apartments,"225 South Highway 101, Solana Beach, CA, USA",Property_Street__c,,South Highway 101
006WR00000wkA8OYAU,Elan Solana Pointe,Solana Beach_MDU_Elan Solana Pointe Apartments,"766 South Nardo Avenue, Solana Beach, CA, USA",Property_Street_Number__c,,766
006WR00000wkA8OYAU,Elan Solana Pointe,Solana Beach_MDU_Elan Solana Pointe Apartments,"766 South Nardo Avenue, Solana Beach, CA, USA",Property_Street__c,,South Nardo Avenue
006WR00000wkA8PYAU,Connect on University,,"1255 E University Dr, Mesa, AZ 85203, USA",Property_Street_Number__c,,1255
006WR00000wkA8PYAU,Connect on University,,"1255 E University Dr, Mesa, AZ 85203, USA",Property_Street__c,,E University Dr
006WR00000wkA8QYAU,Cornerstone Manor Apartments,Mesa_MDU_Cornerstone Manor Apts,"1955 North Horne, Mesa, AZ 85203, USA",Property_Street_Number__c,,1955
006WR00000wkA8QYAU,Cornerstone Manor Apartments,Mesa_MDU_Cornerstone Manor Apts,"1955 North Horne, Mesa, AZ 85203, USA",Property_Street__c,,North Horne
006WR00000wkA8RYAU,Lakeview at Superstition Springs Amentspart,,"1849 S Power Rd, Mesa, AZ 85206, USA",Property_Street_Number__c,,1849
006WR00000wkA8RYAU,Lakeview at Superstition Springs Amentspart,,"1849 S Power Rd, Mesa, AZ 85206, USA",Property_Street__c,,S Power Rd
006WR00000wkA8SYAU,Horne Patio Homes,,"1535 North Horne Ave, Mesa, Arizona 85203, USA",Property_Street_Number__c,,1535
006WR00000wkA8SYAU,Horne Patio Homes,,"1535 North Horne Ave, Mesa, Arizona 85203, USA",Property_Street__c,,North Horne Ave
006WR00000wkA8TYAU,Saratoga West Condominiums,Solana Beach_MDU_Saratoga West,"371 Longden Lane, Solana Beach, California, USA",Property_Street_Number__c,,371
006WR00000wkA8TYAU,Saratoga West Condominiums,Solana Beach_MDU_Saratoga West,"371 Longden Lane, Solana Beach, California, USA",Property_Street__c,,Longden Lane
006WR00000wkA8UYAU,Gateway Village Apartments,Azle_MDU_Gateway Village Apartments,"313 Gateway St, Azle, TX 76020",Property_Street_Number__c,,313
006WR00000wkA8UYAU,Gateway Village Apartments,Azle_MDU_Gateway Village Apartments,"313 Gateway St, Azle, TX 76020",Property_Street__c,,Gateway St
006WR00000wkA8UYAU,Gateway Village Apartments,Azle_MDU_Gateway Village Apartments,"313 Gateway St, Azle, TX 76020",Property_County__c,,Tarrant
006WR00000wkA8VYAU,Copperstone Apartments,Omaha_MDU_Copperstone Apartments,"8240 Blondo Street, Omaha, NE, USA",Property_Street_Number__c,,8240
006WR00000wkA8VYAU,Copperstone Apartments,Omaha_MDU_Copperstone Apartments,"8240 Blondo Street, Omaha, NE, USA",Property_Street__c,,Blondo Street
006WR00000wkA8VYAU,Copperstone Apartments,Omaha_MDU_Copperstone Apartments,"8240 Blondo Street, Omaha, NE, USA",Property_County__c,,Douglas
006WR00000wkA8WYAU,Olive Tree Vistas,,436 W 8th St 85201,Property_Street_Number__c,,436
006WR00000wkA8WYAU,Olive Tree Vistas,,436 W 8th St 85201,Property_Street__c,,W 8th St
006WR00000wkA8XYAU,Corals Apartments,Encinitas_MDU_Corals Apartments,"1749 N Vulcan Ave unit 1, Encinitas, CA 92024, USA",Property_Street_Number__c,,1749
006WR00000wkA8XYAU,Corals Apartments,Encinitas_MDU_Corals Apartments,"1749 N Vulcan Ave unit 1, Encinitas, CA 92024, USA",Property_Street__c,,N Vulcan Ave
006WR00000wkA8YYAU,Vaseo Apartments,,"16220 N 7th St, Phoenix, AZ 85022, USA",Property_Street_Number__c,,16220
006WR00000wkA8YYAU,Vaseo Apartments,,"16220 N 7th St, Phoenix, AZ 85022, USA",Property_Street__c,,N 7th St
006WR00000wkA8ZYAU,Del Mar Downs Condos,Solana Beach_MDU_Del Mar Downs Condos,"190 Del Mar Shores Terrace, Solana Beach, CA 92075, USA",Property_Street_Number__c,,190
006WR00000wkA8ZYAU,Del Mar Downs Condos,Solana Beach_MDU_Del Mar Downs Condos,"190 Del Mar Shores Terrace, Solana Beach, CA 92075, USA",Property_Street__c,,Del Mar Shores Terrace
006WR00000wkA8aYAE,Beau Manor Townhomes,Omaha_MDU_Beau Manor Townhomes,"6304 North 73rd Plaza, Omaha, NE 68134, USA",Property_Street_Number__c,,6304
006WR00000wkA8aYAE,Beau Manor Townhomes,Omaha_MDU_Beau Manor Townhomes,"6304 North 73rd Plaza, Omaha, NE 68134, USA",Property_Street__c,,North 73rd Plaza
006WR00000wkA8aYAE,Beau Manor Townhomes,Omaha_MDU_Beau Manor Townhomes,"6304 North 73rd Plaza, Omaha, NE 68134, USA",Property_County__c,,Douglas
006WR00000wkA8bYAE,Glen at Mesa,,"1233 N Mesa Dr, Mesa, AZ 85201, USA",Property_Street_Number__c,,1233
006WR00000wkA8bYAE,Glen at Mesa,,"1233 N Mesa Dr, Mesa, AZ 85201, USA",Property_Street__c,,N Mesa Dr
006WR00000wkA8cYAE,Eucalyptus Apartments,Encinitas_MDU_Eucalyptus Apartments,"1201 N Vulcan Ave, Encinitas, CA, USA",Property_Street_Number__c,,1201
006WR00000wkA8cYAE,Eucalyptus Apartments,Encinitas_MDU_Eucalyptus Apartments,"1201 N Vulcan Ave, Encinitas, CA, USA",Property_Street__c,,N Vulcan Ave
006WR00000wkA8dYAE,Glenhaven Estates,,"2345 E Main St, Mesa, AZ 85213, USA",Property_Street_Number__c,,2345
006WR00000wkA8dYAE,Glenhaven Estates,,"2345 E Main St, Mesa, AZ 85213, USA",Property_Street__c,,E Main St
006WR00000wkA8eYAE,Park Crest,Omaha_MDU_Park Crest,"6407 Park Crest Drive Omaha, NE 68127, USA",Property_Street_Number__c,,6407
006WR00000wkA8eYAE,Park Crest,Omaha_MDU_Park Crest,"6407 Park Crest Drive Omaha, NE 68127, USA",Property_Street__c,,Park Crest Drive Omaha
006WR00000wkA8eYAE,Park Crest,Omaha_MDU_Park Crest,"6407 Park Crest Drive Omaha, NE 68127, USA",Property_County__c,,Douglas
006WR00000wkA8fYAE,Bernard Richard Apartments,Omaha_MDU_Bernard Richard Apartments,"4619 N 56th St, Omaha, NE 68104, USA",Property_Street_Number__c,,4619
006WR00000wkA8fYAE,Bernard Richard Apartments,Omaha_MDU_Bernard Richard Apartments,"4619 N 56th St, Omaha, NE 68104, USA",Property_Street__c,,N 56th St
006WR00000wkA8fYAE,Bernard Richard Apartments,Omaha_MDU_Bernard Richard Apartments,"4619 N 56th St, Omaha, NE 68104, USA",Property_County__c,,Douglas
006WR00000wkA8gYAE,Hillside Park Apartments,Omaha_MDU_Hillside Park Apartments,"3108 Davenport St, Omaha, NE 68131, USA",Property_Street_Number__c,,3108
006WR00000wkA8gYAE,Hillside Park Apartments,Omaha_MDU_Hillside Park Apartments,"3108 Davenport St, Omaha, NE 68131, USA",Property_Street__c,,Davenport St
006WR00000wkA8gYAE,Hillside Park Apartments,Omaha_MDU_Hillside Park Apartments,"3108 Davenport St, Omaha, NE 68131, USA",Property_County__c,,Douglas
006WR00000wkA8hYAE,Mesa Royale Apts,,"1825 N Stapley Dr, Mesa, AZ 85203, USA",Property_Street_Number__c,,1825
006WR00000wkA8hYAE,Mesa Royale Apts,,"1825 N Stapley Dr, Mesa, AZ 85203, USA",Property_Street__c,,N Stapley Dr
006WR00000wkA8iYAE,La Cascada,Mesa_MDU_La Cascada Apts,"441 North Lesueur, Mesa, AZ 85203, USA",Property_Street_Number__c,,441
006WR00000wkA8iYAE,La Cascada,Mesa_MDU_La Cascada Apts,"441 North Lesueur, Mesa, AZ 85203, USA",Property_Street__c,,North Lesueur
006WR00000wkA8jYAE,La Casita MHP,,"425 E McKellips Rd, Mesa, AZ 85203, USA",Property_Street_Number__c,,425
006WR00000wkA8jYAE,La Casita MHP,,"425 E McKellips Rd, Mesa, AZ 85203, USA",Property_Street__c,,E McKellips Rd
006WR00000wkA8kYAE,Santa Helena Park Condominiums,Solana Beach_MDU_Santa Helena Park Condominiums,"1047 Santa Helena Park Ct, Solana Beach, CA 92075, USA",Property_Street_Number__c,,1047
006WR00000wkA8kYAE,Santa Helena Park Condominiums,Solana Beach_MDU_Santa Helena Park Condominiums,"1047 Santa Helena Park Ct, Solana Beach, CA 92075, USA",Property_Street__c,,Santa Helena Park Ct
006WR00000wkA8lYAE,La Mer Condos,,"76 Cofair Court, Solana Beach, CA, USA",Property_Street_Number__c,,76
006WR00000wkA8lYAE,La Mer Condos,,"76 Cofair Court, Solana Beach, CA, USA",Property_Street__c,,Cofair Court
006WR00000wkA8mYAE,4813-4823 Boyd St Apartments,Omaha_MDU_4813-4823 Boyd St Apartments,"4823 Boyd St #3, Omaha, NE 68104",Property_Street_Number__c,,4823
006WR00000wkA8mYAE,4813-4823 Boyd St Apartments,Omaha_MDU_4813-4823 Boyd St Apartments,"4823 Boyd St #3, Omaha, NE 68104",Property_Street__c,,Boyd St
006WR00000wkA8mYAE,4813-4823 Boyd St Apartments,Omaha_MDU_4813-4823 Boyd St Apartments,"4823 Boyd St #3, Omaha, NE 68104",Property_County__c,,Douglas
006WR00000wkA8nYAE,Ville de Sante Terrace Apartments (1),Omaha_MDU_Ville de Sante Terrace Apartments,"6025 Ville De Sante Dr, Omaha, NE 68104",Property_Street_Number__c,,6025
006WR00000wkA8nYAE,Ville de Sante Terrace Apartments (1),Omaha_MDU_Ville de Sante Terrace Apartments,"6025 Ville De Sante Dr, Omaha, NE 68104",Property_Street__c,,Ville De Sante Dr
006WR00000wkA8nYAE,Ville de Sante Terrace Apartments (1),Omaha_MDU_Ville de Sante Terrace Apartments,"6025 Ville De Sante Dr, Omaha, NE 68104",Property_County__c,,Douglas
006WR00000wkA8oYAE,Buenas North Harris (Harris Place Apts old name),Mesa_MDU_Buenas North Harris,"43 N Harris Dr, Mesa, AZ 85203, USA",Property_Street_Number__c,,43
006WR00000wkA8oYAE,Buenas North Harris (Harris Place Apts old name),Mesa_MDU_Buenas North Harris,"43 N Harris Dr, Mesa, AZ 85203, USA",Property_Street__c,,N Harris Dr
006WR00000wkA8pYAE,Caravelle Apartments,Omaha_MDU_Caravelle Apartments,"7582 Miami Plaza, Omaha, NE, USA",Property_Street_Number__c,,7582
006WR00000wkA8pYAE,Caravelle Apartments,Omaha_MDU_Caravelle Apartments,"7582 Miami Plaza, Omaha, NE, USA",Property_Street__c,,Miami Plaza
006WR00000wkA8pYAE,Caravelle Apartments,Omaha_MDU_Caravelle Apartments,"7582 Miami Plaza, Omaha, NE, USA",Property_County__c,,Douglas
006WR00000wkA8qYAE,Aspen Condos,Omaha_MDU_Aspen Condos,8941 Miami St Omaha NE,Property_Street_Number__c,,8941
006WR00000wkA8qYAE,Aspen Condos,Omaha_MDU_Aspen Condos,8941 Miami St Omaha NE,Property_Street__c,,Miami St
006WR00000wkA8qYAE,Aspen Condos,Omaha_MDU_Aspen Condos,8941 Miami St Omaha NE,Property_County__c,,Douglas
006WR00000wkA8rYAE,Laurel Hill Apartments,Omaha_MDU_Laurel Hill Apartments,"6003 Laurel Ave, Omaha, NE 68104",Property_Street_Number__c,,6003
006WR00000wkA8rYAE,Laurel Hill Apartments,Omaha_MDU_Laurel Hill Apartments,"6003 Laurel Ave, Omaha, NE 68104",Property_Street__c,,Laurel Ave
006WR00000wkA8rYAE,Laurel Hill Apartments,Omaha_MDU_Laurel Hill Apartments,"6003 Laurel Ave, Omaha, NE 68104",Property_County__c,,Douglas
006WR00000wkA8sYAE,Magana Apartments,,"1628 E Broadway Rd, Mesa, AZ 85204, USA",Property_Street_Number__c,,1628
006WR00000wkA8sYAE,Magana Apartments,,"1628 E Broadway Rd, Mesa, AZ 85204, USA",Property_Street__c,,E Broadway Rd
006WR00000wkA8tYAE,Corby Castle Apts,Omaha_MDU_Corby Castle Apts,"N 102nd St, Omaha, NE 68134",Property_Street__c,,N 102nd St
006WR00000wkA8tYAE,Corby Castle Apts,Omaha_MDU_Corby Castle Apts,"N 102nd St, Omaha, NE 68134",Property_County__c,,Douglas
006WR00000wkA8uYAE,Lepuy Apartments,Omaha_MDU_Lepuy Apartments,"7810 Blondo St, Omaha, NE 68134",Property_Street_Number__c,,7810
006WR00000wkA8uYAE,Lepuy Apartments,Omaha_MDU_Lepuy Apartments,"7810 Blondo St, Omaha, NE 68134",Property_Street__c,,Blondo St
006WR00000wkA8uYAE,Lepuy Apartments,Omaha_MDU_Lepuy Apartments,"7810 Blondo St, Omaha, NE 68134",Property_County__c,,Douglas
006WR00000wkA8vYAE,Coronado Condominiums,Omaha_MDU_Coronado Condominiums,"770 N 93rd St, Omaha, NE 68114",Property_Street_Number__c,,770
006WR00000wkA8vYAE,Coronado Condominiums,Omaha_MDU_Coronado Condominiums,"770 N 93rd St, Omaha, NE 68114",Property_Street__c,,N 93rd St
006WR00000wkA8vYAE,Coronado Condominiums,Omaha_MDU_Coronado Condominiums,"770 N 93rd St, Omaha, NE 68114",Property_County__c,,Douglas
006WR00000wkA8wYAE,Cypress Pointe II Apartment Complex,Omaha_MDU_Cypress Pointe II Apartment Complex,"6025 Hartman Ave, Omaha, NE ",Property_Street_Number__c,,6025
006WR00000wkA8wYAE,Cypress Pointe II Apartment Complex,Omaha_MDU_Cypress Pointe II Apartment Complex,"6025 Hartman Ave, Omaha, NE ",Property_Street__c,,Hartman Ave
006WR00000wkA8wYAE,Cypress Pointe II Apartment Complex,Omaha_MDU_Cypress Pointe II Apartment Complex,"6025 Hartman Ave, Omaha, NE ",Property_County__c,,Douglas
006WR00000wkA8xYAE,IMT Desert Palm Village,,"1215 E Vista Del Cerro Dr, Tempe, AZ 85281, USA",Property_Street_Number__c,,1215
006WR00000wkA8xYAE,IMT Desert Palm Village,,"1215 E Vista Del Cerro Dr, Tempe, AZ 85281, USA",Property_Street__c,,E Vista Del Cerro Dr
006WR00000wkA8yYAE,78th Place Apartments,Omaha_MDU_78th Street Apartments,"343 South 78th Street, Omaha, NE, USA",Property_Street_Number__c,,343
006WR00000wkA8yYAE,78th Place Apartments,Omaha_MDU_78th Street Apartments,"343 South 78th Street, Omaha, NE, USA",Property_Street__c,,South 78th Street
006WR00000wkA8zYAE,6314 Boyd Street,Omaha_MDU_Boyd Street Apartments,"6314 Boyd Street, Omaha, NE, USA",Property_Street_Number__c,,6314
006WR00000wkA8zYAE,6314 Boyd Street,Omaha_MDU_Boyd Street Apartments,"6314 Boyd Street, Omaha, NE, USA",Property_Street__c,,Boyd Street
006WR00000wkA8zYAE,6314 Boyd Street,Omaha_MDU_Boyd Street Apartments,"6314 Boyd Street, Omaha, NE, USA",Property_County__c,,Douglas
006WR00000wkA90YAE,Villa Del Rey _ FF Freddy,Killeen_MDU_Villa Del Rey Apartments,"317 West Dean Avenue, Killeen, TX, USA",Property_Street_Number__c,,317
006WR00000wkA90YAE,Villa Del Rey _ FF Freddy,Killeen_MDU_Villa Del Rey Apartments,"317 West Dean Avenue, Killeen, TX, USA",Property_Street__c,,West Dean Avenue
006WR00000wkA90YAE,Villa Del Rey _ FF Freddy,Killeen_MDU_Villa Del Rey Apartments,"317 West Dean Avenue, Killeen, TX, USA",Property_County__c,,Bell
006WR00000wkA91YAE,Bloomfield Forum,Omaha_MDU_Bloomfield,"9804 Nicholas Street, Omaha, NE",Property_Street_Number__c,,9804
006WR00000wkA91YAE,Bloomfield Forum,Omaha_MDU_Bloomfield,"9804 Nicholas Street, Omaha, NE",Property_Street__c,,Nicholas Street
006WR00000wkA91YAE,Bloomfield Forum,Omaha_MDU_Bloomfield,"9804 Nicholas Street, Omaha, NE",Property_County__c,,Douglas
006WR00000wkA92YAE,The Springs at 1100,Killeen_MDU_The Springs at 1100,"1100 Willow Springs Road, Killeen, TX, USA",Property_Street_Number__c,,1100
006WR00000wkA92YAE,The Springs at 1100,Killeen_MDU_The Springs at 1100,"1100 Willow Springs Road, Killeen, TX, USA",Property_Street__c,,Willow Springs Road
006WR00000wkA92YAE,The Springs at 1100,Killeen_MDU_The Springs at 1100,"1100 Willow Springs Road, Killeen, TX, USA",Property_County__c,,Bell
006WR00000wkA93YAE,Woodstone Townhomes,,"7914 West Dodge Road #329, Omaha, NE, USA",Property_Street_Number__c,,7914
006WR00000wkA93YAE,Woodstone Townhomes,,"7914 West Dodge Road #329, Omaha, NE, USA",Property_Street__c,,West Dodge Road
006WR00000wkA94YAE,Cortland Riverside Apartments,,"6032 Travertine Ln, Fort Worth, TX, USA",Property_Street_Number__c,,6032
006WR00000wkA94YAE,Cortland Riverside Apartments,,"6032 Travertine Ln, Fort Worth, TX, USA",Property_Street__c,,Travertine Ln
006WR00000wkA95YAE,Parkwood Apartments,Mineral Wells_MDU_Parkwood Apartments,"2901 Northeast 2nd Street, Mineral Wells, TX, USA",Property_Street_Number__c,,2901
006WR00000wkA95YAE,Parkwood Apartments,Mineral Wells_MDU_Parkwood Apartments,"2901 Northeast 2nd Street, Mineral Wells, TX, USA",Property_Street__c,,Northeast 2nd Street
006WR00000wkA95YAE,Parkwood Apartments,Mineral Wells_MDU_Parkwood Apartments,"2901 Northeast 2nd Street, Mineral Wells, TX, USA",Property_County__c,,Palo Pinto
006WR00000wkA96YAE,Birchway Quarry Falls Apartments,,"820 Old Decatur Road, Fort Worth, TX, USA",Property_Street_Number__c,,820
006WR00000wkA96YAE,Birchway Quarry Falls Apartments,,"820 Old Decatur Road, Fort Worth, TX, USA",Property_Street__c,,Old Decatur Road
006WR00000wkA97YAE,Arbol Residences of Santa Rosa,,"300 Fountaingrove Pkwy, Santa Rosa, CA, USA",Property_Street_Number__c,,300
006WR00000wkA97YAE,Arbol Residences of Santa Rosa,,"300 Fountaingrove Pkwy, Santa Rosa, CA, USA",Property_Street__c,,Fountaingrove Pkwy
006WR00000wkA98YAE,Churchill at Golden Triangle,Keller_MDU_Churchill at Golden Triangle,"11432 Churchill Park Way, Fort Worth, TX, USA",Property_Street_Number__c,,11432
006WR00000wkA98YAE,Churchill at Golden Triangle,Keller_MDU_Churchill at Golden Triangle,"11432 Churchill Park Way, Fort Worth, TX, USA",Property_Street__c,,Churchill Park Way
006WR00000wkA98YAE,Churchill at Golden Triangle,Keller_MDU_Churchill at Golden Triangle,"11432 Churchill Park Way, Fort Worth, TX, USA",Property_County__c,,Tarrant
006WR00000wkA99YAE,Oasis at Mesa Palms,,"1418 N Country Club Dr, Mesa, AZ 85201, USA",Property_Street_Number__c,,1418
006WR00000wkA99YAE,Oasis at Mesa Palms,,"1418 N Country Club Dr, Mesa, AZ 85201, USA",Property_Street__c,,N Country Club Dr
006WR00000wkA9AYAU,Partridge Place,,513-561 W 9th Pl Mesa AZ 85201,Property_Street_Number__c,,513-561
006WR00000wkA9AYAU,Partridge Place,,513-561 W 9th Pl Mesa AZ 85201,Property_Street__c,,W 9th Pl
006WR00000wkA9BYAU,Cedar Ridge Apartments,Georgetown_MDU_Cedar_Ridge_Apts,"1500 Northwest Boulevard, Georgetown, TX, USA",Property_Street_Number__c,,1500
006WR00000wkA9BYAU,Cedar Ridge Apartments,Georgetown_MDU_Cedar_Ridge_Apts,"1500 Northwest Boulevard, Georgetown, TX, USA",Property_Street__c,,Northwest Boulevard
006WR00000wkA9CYAU,Brookside,,"3604 S W S Young Dr, Killeen, TX, USA",Property_Street_Number__c,,3604
006WR00000wkA9CYAU,Brookside,,"3604 S W S Young Dr, Killeen, TX, USA",Property_Street__c,,S W S Young Dr
006WR00000wkA9DYAU,College Park Apartments,Killeen_MDU_College Park Apartment,"1201 North College Street, Killeen, TX, USA",Property_Street_Number__c,,1201
006WR00000wkA9DYAU,College Park Apartments,Killeen_MDU_College Park Apartment,"1201 North College Street, Killeen, TX, USA",Property_Street__c,,North College Street
006WR00000wkA9DYAU,College Park Apartments,Killeen_MDU_College Park Apartment,"1201 North College Street, Killeen, TX, USA",Property_County__c,,Bell
006WR00000wkA9EYAU,Allora Georgetown,,"3001 Northeast Inner Loop, Georgetown, TX, USA",Property_Street_Number__c,,3001
006WR00000wkA9EYAU,Allora Georgetown,,"3001 Northeast Inner Loop, Georgetown, TX, USA",Property_Street__c,,Northeast Inner Loop
006WR00000wkA9FYAU,Azle Creek Apartments,Azle_MDU_Azle Creek Apartments,"514-527 W Main St, Azle, TX, USA",Property_Street_Number__c,,514-527
006WR00000wkA9FYAU,Azle Creek Apartments,Azle_MDU_Azle Creek Apartments,"514-527 W Main St, Azle, TX, USA",Property_Street__c,,W Main St
006WR00000wkA9FYAU,Azle Creek Apartments,Azle_MDU_Azle Creek Apartments,"514-527 W Main St, Azle, TX, USA",Property_County__c,,Parker
006WR00000wkA9GYAU,College Park,Weatherford_MDU_College Park,"202 College Park Dr, Weatherford, TX, USA",Property_Street_Number__c,,202
006WR00000wkA9GYAU,College Park,Weatherford_MDU_College Park,"202 College Park Dr, Weatherford, TX, USA",Property_Street__c,,College Park Dr
006WR00000wkA9HYAU,Cypress View Villas,Weatherford_MDU_Cypress View Villas Apartments,"200 Atwood Court, Weatherford, TX, USA",Property_Street_Number__c,,200
006WR00000wkA9HYAU,Cypress View Villas,Weatherford_MDU_Cypress View Villas Apartments,"200 Atwood Court, Weatherford, TX, USA",Property_Street__c,,Atwood Court
006WR00000wkA9IYAU,Clear Creek Mobile Home Park,,"7500 South Clear Creek Road, Killeen, TX, USA",Property_Street_Number__c,,7500
006WR00000wkA9IYAU,Clear Creek Mobile Home Park,,"7500 South Clear Creek Road, Killeen, TX, USA",Property_Street__c,,South Clear Creek Road
006WR00000wkA9JYAU,Park Centre Casitas Condos,,"1001 North Pasadena, Mesa, AZ 85201, USA",Property_Street_Number__c,,1001
006WR00000wkA9JYAU,Park Centre Casitas Condos,,"1001 North Pasadena, Mesa, AZ 85201, USA",Property_Street__c,,North Pasadena
006WR00000wkA9KYAU,River Oaks Apartments,Killeen_MDU_River Oaks Apartments,"101 South Twin Creek Drive, Killeen, TX, USA",Property_Street_Number__c,,101
006WR00000wkA9KYAU,River Oaks Apartments,Killeen_MDU_River Oaks Apartments,"101 South Twin Creek Drive, Killeen, TX, USA",Property_Street__c,,South Twin Creek Drive
006WR00000wkA9KYAU,River Oaks Apartments,Killeen_MDU_River Oaks Apartments,"101 South Twin Creek Drive, Killeen, TX, USA",Property_County__c,,Bell
006WR00000wkA9LYAU,Stepping Stone Apartments,Taylor_MDU_Stepping Stone Apartments,"2501 Davis Street, Taylor, TX, USA",Property_Street_Number__c,,2501
006WR00000wkA9LYAU,Stepping Stone Apartments,Taylor_MDU_Stepping Stone Apartments,"2501 Davis Street, Taylor, TX, USA",Property_Street__c,,Davis Street
006WR00000wkA9MYAU,Grace Place Apartments,,"301 Grace Lane, Taylor, TX, USA",Property_Street_Number__c,,301
006WR00000wkA9MYAU,Grace Place Apartments,,"301 Grace Lane, Taylor, TX, USA",Property_Street__c,,Grace Lane
006WR00000wkA9NYAU,Village at East Riverside,,"1301 Crossing Place, Austin, TX, USA",Property_Street_Number__c,,1301
006WR00000wkA9NYAU,Village at East Riverside,,"1301 Crossing Place, Austin, TX, USA",Property_Street__c,,Crossing Place
006WR00000wkAB3YAM,Persimmon Terrace Apartments,,"12100 Persimmon Terrace, Auburn, CA, USA",Property_Street_Number__c,,12100
006WR00000wkAB3YAM,Persimmon Terrace Apartments,,"12100 Persimmon Terrace, Auburn, CA, USA",Property_Street__c,,Persimmon Terrace
006WR00000wkAB4YAM,Vista Torre,,"5959 Van Alstine Ave, Carmichael, CA, USA",Property_Street_Number__c,,5959
006WR00000wkAB4YAM,Vista Torre,,"5959 Van Alstine Ave, Carmichael, CA, USA",Property_Street__c,,Van Alstine Ave
006WR00000wkAB5YAM,Oakwood,,"828 Nord Ave, Chico, CA, USA",Property_Street_Number__c,,828
006WR00000wkAB5YAM,Oakwood,,"828 Nord Ave, Chico, CA, USA",Property_Street__c,,Nord Ave
006WR00000wkAB6YAM,Tuscana Townhomes,,"315 Mt Oso Ave, Tracy, CA, USA",Property_Street_Number__c,,315
006WR00000wkAB6YAM,Tuscana Townhomes,,"315 Mt Oso Ave, Tracy, CA, USA",Property_Street__c,,Mt Oso Ave
006WR00000wkAB7YAM,Moonlight,,"455 West Chestnut Street, Dixon, CA, USA",Property_Street_Number__c,,455
006WR00000wkAB7YAM,Moonlight,,"455 West Chestnut Street, Dixon, CA, USA",Property_Street__c,,West Chestnut Street
006WR00000wkAB8YAM,Porvenir Estates II,,"16901 West Tornado Avenue, Huron, CA, USA",Property_Street_Number__c,,16901
006WR00000wkAB8YAM,Porvenir Estates II,,"16901 West Tornado Avenue, Huron, CA, USA",Property_Street__c,,West Tornado Avenue
006WR00000wkAB9YAM,Porvenir Estates I,,"36850 Lassen Avenue, Huron, CA, USA",Property_Street_Number__c,,36850
006WR00000wkAB9YAM,Porvenir Estates I,,"36850 Lassen Avenue, Huron, CA, USA",Property_Street__c,,Lassen Avenue
006WR00000wkABAYA2,Huron Plaza,,"16525 11th Street, Huron, CA, USA",Property_Street_Number__c,,16525
006WR00000wkABAYA2,Huron Plaza,,"16525 11th Street, Huron, CA, USA",Property_Street__c,,11th Street
006WR00000wkABBYA2,Niland,,"17 West 4th Street, Niland, CA, USA",Property_Street_Number__c,,17
006WR00000wkABBYA2,Niland,,"17 West 4th Street, Niland, CA, USA",Property_Street__c,,West 4th Street
006WR00000wkABCYA2,Placer West,,"6055 Placer West Drive, Rocklin, CA, USA",Property_Street_Number__c,,6055
006WR00000wkABCYA2,Placer West,,"6055 Placer West Drive, Rocklin, CA, USA",Property_Street__c,,Placer West Drive
006WR00000wkABDYA2,The Shadows Garden Apts,,"402 Turre Street, Yreka, CA, USA",Property_Street_Number__c,,402
006WR00000wkABDYA2,The Shadows Garden Apts,,"402 Turre Street, Yreka, CA, USA",Property_Street__c,,Turre Street
006WR00000wkABEYA2,Harvard,,"1928 South Harvard Boulevard, Los Angeles, CA, USA",Property_Street_Number__c,,1928
006WR00000wkABEYA2,Harvard,,"1928 South Harvard Boulevard, Los Angeles, CA, USA",Property_Street__c,,South Harvard Boulevard
006WR00000wkABFYA2,12th & D Apartments,,"1215 D Street, Sacramento, CA, USA",Property_Street_Number__c,,1215
006WR00000wkABFYA2,12th & D Apartments,,"1215 D Street, Sacramento, CA, USA",Property_Street__c,,D Street
006WR00000wkABGYA2,Creekside Colony Apartments,,"7951 Kingswood Drive, Citrus Heights, CA, USA",Property_Street_Number__c,,7951
006WR00000wkABGYA2,Creekside Colony Apartments,,"7951 Kingswood Drive, Citrus Heights, CA, USA",Property_Street__c,,Kingswood Drive
006WR00000wkABHYA2,Park on Riley,,"99 Cable Circle, Folsom, CA, USA",Property_Street_Number__c,,99
006WR00000wkABHYA2,Park on Riley,,"99 Cable Circle, Folsom, CA, USA",Property_Street__c,,Cable Circle
006WR00000wkABIYA2,Sierra Oaks Apartments,,"2701 La Crescenta Drive, Cameron Park, CA, USA",Property_Street_Number__c,,2701
006WR00000wkABIYA2,Sierra Oaks Apartments,,"2701 La Crescenta Drive, Cameron Park, CA, USA",Property_Street__c,,La Crescenta Drive
006WR00000wkABJYA2,Walnut Hill Apartments,,"309 Walnut Hill Drive, Baird, TX 79504",Property_Street_Number__c,,309
006WR00000wkABJYA2,Walnut Hill Apartments,,"309 Walnut Hill Drive, Baird, TX 79504",Property_Street__c,,Walnut Hill Drive
006WR00000wkABKYA2,Katy Creek,,"401 Bicentennial Street, Bonham, TX, USA",Property_Street_Number__c,,401
006WR00000wkABKYA2,Katy Creek,,"401 Bicentennial Street, Bonham, TX, USA",Property_Street__c,,Bicentennial Street
006WR00000wkABLYA2,Breckenridge Apartments,,"137 Shirley Courts, Breckenridge, TX, USA",Property_Street_Number__c,,137
006WR00000wkABLYA2,Breckenridge Apartments,,"137 Shirley Courts, Breckenridge, TX, USA",Property_Street__c,,Shirley Courts
006WR00000wkABMYA2,Crestmoor Park South,,"514 Southeast Gardens Boulevard, Burleson, TX, USA",Property_Street_Number__c,,514
006WR00000wkABMYA2,Crestmoor Park South,,"514 Southeast Gardens Boulevard, Burleson, TX, USA",Property_Street__c,,Southeast Gardens Boulevard
006WR00000wkABNYA2,Crestmoor Park West,,"321 Southwest Thomas Street, Burleson, TX, USA",Property_Street_Number__c,,321
006WR00000wkABNYA2,Crestmoor Park West,,"321 Southwest Thomas Street, Burleson, TX, USA",Property_Street__c,,Southwest Thomas Street
006WR00000wkABOYA2,Comanche Retirement Village,,"4 Huett Circle, Comanche, TX, USA",Property_Street_Number__c,,4
006WR00000wkABOYA2,Comanche Retirement Village,,"4 Huett Circle, Comanche, TX, USA",Property_Street__c,,Huett Circle
006WR00000wkABPYA2,Dekalb Apartments,,"1017 West Grizzly Drive, De Kalb, TX, USA",Property_Street_Number__c,,1017
006WR00000wkABPYA2,Dekalb Apartments,,"1017 West Grizzly Drive, De Kalb, TX, USA",Property_Street__c,,West Grizzly Drive
006WR00000wkABQYA2,Colony Park Apartments,,"500 West Sadosa Street, Eastland, TX, USA",Property_Street_Number__c,,500
006WR00000wkABQYA2,Colony Park Apartments,,"500 West Sadosa Street, Eastland, TX, USA",Property_Street__c,,West Sadosa Street
006WR00000wkABRYA2,Camelot Square Apartments,,"700 South Connellee Avenue, Eastland, TX, USA",Property_Street_Number__c,,700
006WR00000wkABRYA2,Camelot Square Apartments,,"700 South Connellee Avenue, Eastland, TX, USA",Property_Street__c,,South Connellee Avenue
006WR00000wkABSYA2,Somervell Apartments,,"102 Rio Grande Street, Glen Rose, TX, USA",Property_Street_Number__c,,102
006WR00000wkABSYA2,Somervell Apartments,,"102 Rio Grande Street, Glen Rose, TX, USA",Property_Street__c,,Rio Grande Street
006WR00000wkABTYA2,Glen Rose Apartments,,"701 Stadium Drive, Glen Rose, TX, USA",Property_Street_Number__c,,701
006WR00000wkABTYA2,Glen Rose Apartments,,"701 Stadium Drive, Glen Rose, TX, USA",Property_Street__c,,Stadium Drive
006WR00000wkABUYA2,Emerald RV,,"1940 Old Brandon Rd, Hillsboro, TX, USA",Property_Street_Number__c,,1940
006WR00000wkABUYA2,Emerald RV,,"1940 Old Brandon Rd, Hillsboro, TX, USA",Property_Street__c,,Old Brandon Rd
006WR00000wkABVYA2,Allen's Point Apartments,,"1031 Old Bynum Rd, Hillsboro, TX, USA",Property_Street_Number__c,,1031
006WR00000wkABVYA2,Allen's Point Apartments,,"1031 Old Bynum Rd, Hillsboro, TX, USA",Property_Street__c,,Old Bynum Rd
006WR00000wkABWYA2,Hillside Apartments,,"1420 14th Street, Huntsville, TX, USA",Property_Street_Number__c,,1420
006WR00000wkABWYA2,Hillside Apartments,,"1420 14th Street, Huntsville, TX, USA",Property_Street__c,,14th Street
006WR00000wkABXYA2,Kaufman Retirement Village (fka Cedar Ridge),,"100 Janet Circle, Kaufman, TX, USA",Property_Street_Number__c,,100
006WR00000wkABXYA2,Kaufman Retirement Village (fka Cedar Ridge),,"100 Janet Circle, Kaufman, TX, USA",Property_Street__c,,Janet Circle
006WR00000wkABYYA2,Commonwealth I,,"5317 Northway Drive, Nacogdoches, TX, USA",Property_Street_Number__c,,5317
006WR00000wkABYYA2,Commonwealth I,,"5317 Northway Drive, Nacogdoches, TX, USA",Property_Street__c,,Northway Drive
006WR00000wkABZYA2,Regal Apartments,,"330 Erby Campbell Blvd, Royse City, TX, USA",Property_Street_Number__c,,330
006WR00000wkABZYA2,Regal Apartments,,"330 Erby Campbell Blvd, Royse City, TX, USA",Property_Street__c,,Erby Campbell Blvd
006WR00000wkABaYAM,Waterwood Apartments,,"500 East 7th Street, Springtown, TX, USA",Property_Street_Number__c,,500
006WR00000wkABaYAM,Waterwood Apartments,,"500 East 7th Street, Springtown, TX, USA",Property_Street__c,,East 7th Street
006WR00000wkABbYAM,Venus Retirement Village,,"108 E 8th St C, Dallas, Texas, USA",Property_Street_Number__c,,108
006WR00000wkABbYAM,Venus Retirement Village,,"108 E 8th St C, Dallas, Texas, USA",Property_Street__c,,E 8th St C
006WR00000wkABcYAM,Whitney Place Apartments,,"1107 Whitney Place Drive, Whitney, TX, USA",Property_Street_Number__c,,1107
006WR00000wkABcYAM,Whitney Place Apartments,,"1107 Whitney Place Drive, Whitney, TX, USA",Property_Street__c,,Whitney Place Drive
006WR00000wkABdYAM,Whitney Retirement Village,,"39 Circle Drive, Belmont, NC, USA",Property_Street_Number__c,,39
006WR00000wkABdYAM,Whitney Retirement Village,,"39 Circle Drive, Belmont, NC, USA",Property_Street__c,,Circle Drive
006WR00000wkABeYAM,Azlewood,Azle_MDU_Azlewood,"1029 Timberoaks Dr, Azle, Texas, 76020",Property_Street_Number__c,,1029
006WR00000wkABeYAM,Azlewood,Azle_MDU_Azlewood,"1029 Timberoaks Dr, Azle, Texas, 76020",Property_Street__c,,Timberoaks Dr
006WR00000wkABeYAM,Azlewood,Azle_MDU_Azlewood,"1029 Timberoaks Dr, Azle, Texas, 76020",Property_County__c,,Tarrant
006WR00000wkABfYAM,Ingersoll Square Phase I/II,,"1900 High Street, Des Moines, IA, USA",Property_Street_Number__c,,1900
006WR00000wkABfYAM,Ingersoll Square Phase I/II,,"1900 High Street, Des Moines, IA, USA",Property_Street__c,,High Street
006WR00000wkABgYAM,Ingersoll Square Phase III,,"1900 High St, Des Moines IA 50265",Property_Street_Number__c,,1900
006WR00000wkABgYAM,Ingersoll Square Phase III,,"1900 High St, Des Moines IA 50265",Property_Street__c,,High St
006WR00000wkABhYAM,Northpointe Apartments,,"3333 N. Michael Way Las Vegas, NV 89108",Property_Street_Number__c,,3333
006WR00000wkABhYAM,Northpointe Apartments,,"3333 N. Michael Way Las Vegas, NV 89108",Property_Street__c,,N. Michael Way Las Vegas
006WR00000wkABiYAM,Bexley Apartments,,"7800 Iltis Dr, Urbandale, IA 50322, USA",Property_Street_Number__c,,7800
006WR00000wkABiYAM,Bexley Apartments,,"7800 Iltis Dr, Urbandale, IA 50322, USA",Property_Street__c,,Iltis Dr
006WR00000wkABjYAM,Country Oaks Apartments,,"1480 South 1000 East, Clearfield, UT 84015, USA",Property_Street_Number__c,,1480
006WR00000wkABjYAM,Country Oaks Apartments,,"1480 South 1000 East, Clearfield, UT 84015, USA",Property_Street__c,,South 1000 East
006WR00000wkABkYAM,Black Rock Ridge Townhomes,,"1101 W Wintercress Trl, Heber City, UT 84032",Property_Street_Number__c,,1101
006WR00000wkABkYAM,Black Rock Ridge Townhomes,,"1101 W Wintercress Trl, Heber City, UT 84032",Property_Street__c,,W Wintercress Trl
006WR00000wkABlYAM,Canyon Ranch Condos,,"3980 E Canyon Ranch Rd Highlands Ranch, CO 80126",Property_Street_Number__c,,3980
006WR00000wkABlYAM,Canyon Ranch Condos,,"3980 E Canyon Ranch Rd Highlands Ranch, CO 80126",Property_Street__c,,E Canyon Ranch Rd Highlands Ranch
006WR00000wkABmYAM,Kings Court Apartments [M street],,"1890 M St, Springfield, OR, USA",Property_Street_Number__c,,1890
006WR00000wkABmYAM,Kings Court Apartments [M street],,"1890 M St, Springfield, OR, USA",Property_Street__c,,M St
006WR00000wkABnYAM,2121 Belmont,,"2121 SE Belmont St, Portland, OR 97214, USA",Property_Street_Number__c,,2121
006WR00000wkABnYAM,2121 Belmont,,"2121 SE Belmont St, Portland, OR 97214, USA",Property_Street__c,,SE Belmont St
006WR00000wkABoYAM,Beachwalk Condos,ENCINITAS_MDU_121-159W GLAUCUS S,121 W GLAUCUS ST UNIT A ENCINITAS CA 92024,Property_Street_Number__c,,121
006WR00000wkABoYAM,Beachwalk Condos,ENCINITAS_MDU_121-159W GLAUCUS S,121 W GLAUCUS ST UNIT A ENCINITAS CA 92024,Property_Street__c,,W GLAUCUS ST
006WR00000wkABpYAM,Liberty Manor I,Killeen_MDU_Liberty Manor,"301 Liberty St unit 101, Killeen, TX 76543, USA",Property_Street_Number__c,,301
006WR00000wkABpYAM,Liberty Manor I,Killeen_MDU_Liberty Manor,"301 Liberty St unit 101, Killeen, TX 76543, USA",Property_Street__c,,Liberty St
006WR00000wkABpYAM,Liberty Manor I,Killeen_MDU_Liberty Manor,"301 Liberty St unit 101, Killeen, TX 76543, USA",Property_County__c,,Bell
006WR00000wkABqYAM,The Dalton Apartments,Mineral Wells_MDU_The Dalton Apartments,3001 NE 2ND ST MINERAL WELLS TX 76067,Property_Street_Number__c,,3001
006WR00000wkABqYAM,The Dalton Apartments,Mineral Wells_MDU_The Dalton Apartments,3001 NE 2ND ST MINERAL WELLS TX 76067,Property_Street__c,,NE 2ND ST
006WR00000wkABqYAM,The Dalton Apartments,Mineral Wells_MDU_The Dalton Apartments,3001 NE 2ND ST MINERAL WELLS TX 76067,Property_County__c,,Palo Pinto
006WR00000wkABrYAM,Star Estates MHP,HARKER_HEIGHTS_MDU_Star_Estates_Mobile_Park,"10 Lark Dr, Harker Heights, TX 76548, USA",Property_Street_Number__c,,10
006WR00000wkABrYAM,Star Estates MHP,HARKER_HEIGHTS_MDU_Star_Estates_Mobile_Park,"10 Lark Dr, Harker Heights, TX 76548, USA",Property_Street__c,,Lark Dr
006WR00000wkABrYAM,Star Estates MHP,HARKER_HEIGHTS_MDU_Star_Estates_Mobile_Park,"10 Lark Dr, Harker Heights, TX 76548, USA",Property_County__c,,Bell
006WR00000wkABsYAM,Heritage Manor,Mineral Wells_MDU_Heritage Manor,2503 SE MARTIN LUTHER KING JR MINERAL WELLS TX 76067,Property_Street_Number__c,,2503
006WR00000wkABsYAM,Heritage Manor,Mineral Wells_MDU_Heritage Manor,2503 SE MARTIN LUTHER KING JR MINERAL WELLS TX 76067,Property_Street__c,,SE MARTIN LUTHER KING JR
006WR00000wkABsYAM,Heritage Manor,Mineral Wells_MDU_Heritage Manor,2503 SE MARTIN LUTHER KING JR MINERAL WELLS TX 76067,Property_County__c,,Palo Pinto
006WR00000wkABtYAM,Elan Alicante Apartments,Carlsbad_MDU_Elan Alicante Apartments,"2371 Caringa Way, Carlsbad, CA 92009, USA",Property_Street_Number__c,,2371
006WR00000wkABtYAM,Elan Alicante Apartments,Carlsbad_MDU_Elan Alicante Apartments,"2371 Caringa Way, Carlsbad, CA 92009, USA",Property_Street__c,,Caringa Way
006WR00000wkABuYAM,Park Del Mar Condos,Solana Beach_MDU_Park Del Mar Condos,600 E SOLANA CIR SOLANA BEACH CA 92075,Property_Street_Number__c,,600
006WR00000wkABuYAM,Park Del Mar Condos,Solana Beach_MDU_Park Del Mar Condos,600 E SOLANA CIR SOLANA BEACH CA 92075,Property_Street__c,,E SOLANA CIR
006WR00000wkABvYAM,Elan Seacrest Encinitas Apartments,Encinitas_MDU_Elan Seacrest Encinitas Apartments,117 ROSEBAY DR UNIT 1 ENCINITAS CA 92024,Property_Street_Number__c,,117
006WR00000wkABvYAM,Elan Seacrest Encinitas Apartments,Encinitas_MDU_Elan Seacrest Encinitas Apartments,117 ROSEBAY DR UNIT 1 ENCINITAS CA 92024,Property_Street__c,,ROSEBAY DR
006WR00000wkABwYAM,Pleasant View MHP,HARKER_HEIGHTS_MDU_Phesant View MHP,10 PLEASANT VIEW HARKER HEIGHTS TX 76548,Property_Street_Number__c,,10
006WR00000wkABwYAM,Pleasant View MHP,HARKER_HEIGHTS_MDU_Phesant View MHP,10 PLEASANT VIEW HARKER HEIGHTS TX 76548,Property_Street__c,,PLEASANT VIEW
006WR00000wkABwYAM,Pleasant View MHP,HARKER_HEIGHTS_MDU_Phesant View MHP,10 PLEASANT VIEW HARKER HEIGHTS TX 76548,Property_County__c,,Bell
006WR00000wkABxYAM,Liberty Landing AKA Century Park Apartments,Killeen_MDU_Century Park Apartments,105 W DEAN AVE UNIT 208 KILLEEN TX 76541,Property_Street_Number__c,,105
006WR00000wkABxYAM,Liberty Landing AKA Century Park Apartments,Killeen_MDU_Century Park Apartments,105 W DEAN AVE UNIT 208 KILLEEN TX 76541,Property_Street__c,,W DEAN AVE
006WR00000wkABxYAM,Liberty Landing AKA Century Park Apartments,Killeen_MDU_Century Park Apartments,105 W DEAN AVE UNIT 208 KILLEEN TX 76541,Property_County__c,,Bell
006WR00000wkAByYAM,New Life RV Park,Georgetown_MDU_New Life RV Park,"1200 County Road 152, Georgetown, TX 78626, USA",Property_Street_Number__c,,1200
006WR00000wkAByYAM,New Life RV Park,Georgetown_MDU_New Life RV Park,"1200 County Road 152, Georgetown, TX 78626, USA",Property_Street__c,,County Road 152
006WR00000wkAByYAM,New Life RV Park,Georgetown_MDU_New Life RV Park,"1200 County Road 152, Georgetown, TX 78626, USA",Property_County__c,,Williamson
006WR00000wkABzYAM,KILLEEN_MDU_Lowrance HOA,KILLEEN_MDU_Lowrance HOA,1500 BACON RANCH BLDG RD UNIT A-A KILLEEN TX 76542,Property_Street_Number__c,,1500
006WR00000wkABzYAM,KILLEEN_MDU_Lowrance HOA,KILLEEN_MDU_Lowrance HOA,1500 BACON RANCH BLDG RD UNIT A-A KILLEEN TX 76542,Property_Street__c,,BACON RANCH BLDG RD
006WR00000wkABzYAM,KILLEEN_MDU_Lowrance HOA,KILLEEN_MDU_Lowrance HOA,1500 BACON RANCH BLDG RD UNIT A-A KILLEEN TX 76542,Property_County__c,,Bell
006WR00000wkAC0YAM,Bull Run Apts,Taylor_MDU_Bull Run Apts,2800 BULL RUN UNIT 1 TAYLOR TX 76574,Property_Street_Number__c,,2800
006WR00000wkAC0YAM,Bull Run Apts,Taylor_MDU_Bull Run Apts,2800 BULL RUN UNIT 1 TAYLOR TX 76574,Property_Street__c,,BULL RUN
006WR00000wkAC0YAM,Bull Run Apts,Taylor_MDU_Bull Run Apts,2800 BULL RUN UNIT 1 TAYLOR TX 76574,Property_County__c,,Williamson
006WR00000wkAC1YAM,Paul Mark Apts,Killeen_MDU_Paul Mark Apts,2904 LAKE RD UNIT 1 KILLEEN TX 76543,Property_Street_Number__c,,2904
006WR00000wkAC1YAM,Paul Mark Apts,Killeen_MDU_Paul Mark Apts,2904 LAKE RD UNIT 1 KILLEEN TX 76543,Property_Street__c,,LAKE RD
006WR00000wkAC1YAM,Paul Mark Apts,Killeen_MDU_Paul Mark Apts,2904 LAKE RD UNIT 1 KILLEEN TX 76543,Property_County__c,,Bell
006WR00000wkAC2YAM,Palomar Estates East X,,"650 South Rancho Santa Fe Road, San Marcos, CA, USA",Property_Street_Number__c,,650
006WR00000wkAC2YAM,Palomar Estates East X,,"650 South Rancho Santa Fe Road, San Marcos, CA, USA",Property_Street__c,,South Rancho Santa Fe Road
006WR00000wkAC3YAM,Mesa Garden Apartments,,"800 E Bobier Dr  Vista CA,  92084",Property_Street_Number__c,,800
006WR00000wkAC3YAM,Mesa Garden Apartments,,"800 E Bobier Dr  Vista CA,  92084",Property_Street__c,,E Bobier Dr  Vista CA
006WR00000wkAC4YAM,Sycamore Greens,,"1982 Wellington Ln  Vista CA,  92081",Property_Street_Number__c,,1982
006WR00000wkAC4YAM,Sycamore Greens,,"1982 Wellington Ln  Vista CA,  92081",Property_Street__c,,Wellington Ln  Vista CA
006WR00000wkAC5YAM,Sycamore Ridge Apartments,,"820  Sycamore Ave  Vista CA,  92081-7825",Property_Street_Number__c,,820
006WR00000wkAC5YAM,Sycamore Ridge Apartments,,"820  Sycamore Ave  Vista CA,  92081-7825",Property_Street__c,,Sycamore Ave  Vista CA
006WR00000wkAC6YAM,Elan Shadowridge Meadows,,"1515 South Melrose Drive, Vista, CA, USA",Property_Street_Number__c,,1515
006WR00000wkAC6YAM,Elan Shadowridge Meadows,,"1515 South Melrose Drive, Vista, CA, USA",Property_Street__c,,South Melrose Drive
006WR00000wkAC7YAM,Sofi Shadowridge,,"1850 Shadowridge Drive, Vista, CA, USA",Property_Street_Number__c,,1850
006WR00000wkAC7YAM,Sofi Shadowridge,,"1850 Shadowridge Drive, Vista, CA, USA",Property_Street__c,,Shadowridge Drive
006WR00000wkAC8YAM,Shadow Ridge Park Apartments,,"2000 S Melrose Dr  Vista CA,  92081-8781",Property_Street_Number__c,,2000
006WR00000wkAC8YAM,Shadow Ridge Park Apartments,,"2000 S Melrose Dr  Vista CA,  92081-8781",Property_Street__c,,S Melrose Dr  Vista CA
006WR00000wkAC9YAM,Sycamore Hills Village,,"920 Sycamore Ave  Vista CA,  92081-7825",Property_Street_Number__c,,920
006WR00000wkAC9YAM,Sycamore Hills Village,,"920 Sycamore Ave  Vista CA,  92081-7825",Property_Street__c,,Sycamore Ave  Vista CA
006WR00000wkACAYA2,Pepperwood Apartments,,"2144 University Drive, Vista, CA 92083, USA",Property_Street_Number__c,,2144
006WR00000wkACAYA2,Pepperwood Apartments,,"2144 University Drive, Vista, CA 92083, USA",Property_Street__c,,University Drive
006WR00000wkACBYA2,Oak Manor,,"1575 Oak Drive, Vista, CA, USA",Property_Street_Number__c,,1575
006WR00000wkACBYA2,Oak Manor,,"1575 Oak Drive, Vista, CA, USA",Property_Street__c,,Oak Drive
006WR00000wkACCYA2,Foothill Courtyards,,"1360 Foothill Drive, Vista, CA, USA",Property_Street_Number__c,,1360
006WR00000wkACCYA2,Foothill Courtyards,,"1360 Foothill Drive, Vista, CA, USA",Property_Street__c,,Foothill Drive
006WR00000wkACDYA2,Mariposa Apartments [Vista,,"221 Smilax Road, Vista, CA, USA",Property_Street_Number__c,,221
006WR00000wkACDYA2,Mariposa Apartments [Vista,,"221 Smilax Road, Vista, CA, USA",Property_Street__c,,Smilax Road
006WR00000wkACEYA2,Birchwood Apts,,"4806 Dodge St, Omaha, NE 68132",Property_Street_Number__c,,4806
006WR00000wkACEYA2,Birchwood Apts,,"4806 Dodge St, Omaha, NE 68132",Property_Street__c,,Dodge St
006WR00000wkACFYA2,Blondo Plaza Apartments,Omaha_MDU_Blondo Plaza Apartments,"8002 Blondo St, Omaha, NE 68134, USA",Property_Street_Number__c,,8002
006WR00000wkACFYA2,Blondo Plaza Apartments,Omaha_MDU_Blondo Plaza Apartments,"8002 Blondo St, Omaha, NE 68134, USA",Property_Street__c,,Blondo St
006WR00000wkACGYA2,Bella Vita,Scottsdale_MDU_Bella Vita,"5995 North 78th Avenue, Glendale, AZ, USA",Property_Street_Number__c,,5995
006WR00000wkACGYA2,Bella Vita,Scottsdale_MDU_Bella Vita,"5995 North 78th Avenue, Glendale, AZ, USA",Property_Street__c,,North 78th Avenue
006WR00000wkACHYA2,Maryland Lakes,,"6550 North 47th Avenue, Glendale, AZ, USA",Property_Street_Number__c,,6550
006WR00000wkACHYA2,Maryland Lakes,,"6550 North 47th Avenue, Glendale, AZ, USA",Property_Street__c,,North 47th Avenue
006WR00000wkACIYA2,"Sun City, Georgetown, TX",,"Sun City, Georgetown, TX, USA",Property_Street__c,,Sun City
006WR00000wkACJYA2,Aventura,,"9450 East Becker Lane, Scottsdale, AZ, USA",Property_Street_Number__c,,9450
006WR00000wkACJYA2,Aventura,,"9450 East Becker Lane, Scottsdale, AZ, USA",Property_Street__c,,East Becker Lane
006WR00000wkACKYA2,Cactas Flats,,"11640 North 51st Avenue, Glendale, AZ, USA",Property_Street_Number__c,,11640
006WR00000wkACKYA2,Cactas Flats,,"11640 North 51st Avenue, Glendale, AZ, USA",Property_Street__c,,North 51st Avenue
006WR00000wkACLYA2,Camelview Greens,,"6950 North 78th Place, Scottsdale, AZ, USA",Property_Street_Number__c,,6950
006WR00000wkACLYA2,Camelview Greens,,"6950 North 78th Place, Scottsdale, AZ, USA",Property_Street__c,,North 78th Place
006WR00000wkACMYA2,Casa Granada,,"6825 East Osborn Road, Scottsdale, AZ, USA",Property_Street_Number__c,,6825
006WR00000wkACMYA2,Casa Granada,,"6825 East Osborn Road, Scottsdale, AZ, USA",Property_Street__c,,East Osborn Road
006WR00000wkACNYA2,Concorde Condominiums,,"424 West Brown Road, Mesa, AZ, USA",Property_Street_Number__c,,424
006WR00000wkACNYA2,Concorde Condominiums,,"424 West Brown Road, Mesa, AZ, USA",Property_Street__c,,West Brown Road
006WR00000wkACOYA2,Discovery at Tatum II,,"5704 East Aire Libre Avenue, Scottsdale, AZ, USA",Property_Street_Number__c,,5704
006WR00000wkACOYA2,Discovery at Tatum II,,"5704 East Aire Libre Avenue, Scottsdale, AZ, USA",Property_Street__c,,East Aire Libre Avenue
006WR00000wkACPYA2,Dream Creek,,"3212 East Kelton Lane, Phoenix, AZ, USA",Property_Street_Number__c,,3212
006WR00000wkACPYA2,Dream Creek,,"3212 East Kelton Lane, Phoenix, AZ, USA",Property_Street__c,,East Kelton Lane
006WR00000wkACQYA2,Lakeshores at Anderson Springs,,"1825 West Ray Road, Chandler, AZ, USA",Property_Street_Number__c,,1825
006WR00000wkACQYA2,Lakeshores at Anderson Springs,,"1825 West Ray Road, Chandler, AZ, USA",Property_Street__c,,West Ray Road
006WR00000wkACRYA2,Larronata Condominiums,,"6900 East Princess Drive, Phoenix, AZ, USA",Property_Street_Number__c,,6900
006WR00000wkACRYA2,Larronata Condominiums,,"6900 East Princess Drive, Phoenix, AZ, USA",Property_Street__c,,East Princess Drive
006WR00000wkACSYA2,Las Hadas Villas,,"5640 East Bell Road, Scottsdale, AZ, USA",Property_Street_Number__c,,5640
006WR00000wkACSYA2,Las Hadas Villas,,"5640 East Bell Road, Scottsdale, AZ, USA",Property_Street__c,,East Bell Road
006WR00000wkACTYA2,Mira Vista,,"9550 East Thunderbird Road, Scottsdale, AZ, USA",Property_Street_Number__c,,9550
006WR00000wkACTYA2,Mira Vista,,"9550 East Thunderbird Road, Scottsdale, AZ, USA",Property_Street__c,,East Thunderbird Road
006WR00000wkACUYA2,Mistwood Condominium,,"633 West Southern Avenue, Tempe, AZ, USA",Property_Street_Number__c,,633
006WR00000wkACUYA2,Mistwood Condominium,,"633 West Southern Avenue, Tempe, AZ, USA",Property_Street__c,,West Southern Avenue
006WR00000wkACVYA2,Paradise Park II,,"4554 East Paradise Village Parkway North, Phoenix, AZ, USA",Property_Street_Number__c,,4554
006WR00000wkACVYA2,Paradise Park II,,"4554 East Paradise Village Parkway North, Phoenix, AZ, USA",Property_Street__c,,East Paradise Village Parkway North
006WR00000wkACWYA2,Providence on Central,,"9820 North Central Avenue, Phoenix, AZ, USA",Property_Street_Number__c,,9820
006WR00000wkACWYA2,Providence on Central,,"9820 North Central Avenue, Phoenix, AZ, USA",Property_Street__c,,North Central Avenue
006WR00000wkACXYA2,Scottsdale Bay Club,,"10080 East Mountainview Lake Drive, Scottsdale, AZ, USA",Property_Street_Number__c,,10080
006WR00000wkACXYA2,Scottsdale Bay Club,,"10080 East Mountainview Lake Drive, Scottsdale, AZ, USA",Property_Street__c,,East Mountainview Lake Drive
006WR00000wkACYYA2,The Townes at PV Landing Condo (The Vistas),,"4114 East Union Hills Drive, Phoenix, AZ, USA",Property_Street_Number__c,,4114
006WR00000wkACYYA2,The Townes at PV Landing Condo (The Vistas),,"4114 East Union Hills Drive, Phoenix, AZ, USA",Property_Street__c,,East Union Hills Drive
006WR00000wkACZYA2,The Village at Stone Creek Condominiums,,"4850 East Desert Cove Avenue, Scottsdale, AZ, USA",Property_Street_Number__c,,4850
006WR00000wkACZYA2,The Village at Stone Creek Condominiums,,"4850 East Desert Cove Avenue, Scottsdale, AZ, USA",Property_Street__c,,East Desert Cove Avenue
006WR00000wkACaYAM,Village at Gilbert Warner,,"50 East Catclaw Street, Gilbert, AZ, USA",Property_Street_Number__c,,50
006WR00000wkACaYAM,Village at Gilbert Warner,,"50 East Catclaw Street, Gilbert, AZ, USA",Property_Street__c,,East Catclaw Street
006WR00000wkACbYAM,Walden Condo,,"7950 East Starlight Way, Scottsdale, AZ, USA",Property_Street_Number__c,,7950
006WR00000wkACbYAM,Walden Condo,,"7950 East Starlight Way, Scottsdale, AZ, USA",Property_Street__c,,East Starlight Way
006WR00000wkACcYAM,Larkspur Apartments,,"12635 Shadow Creek Pkwy, Pearland, TX 77584, USA",Property_Street_Number__c,,12635
006WR00000wkACcYAM,Larkspur Apartments,,"12635 Shadow Creek Pkwy, Pearland, TX 77584, USA",Property_Street__c,,Shadow Creek Pkwy
006WR00000wkACdYAM,Carroll at Rivery Ranch,,"800 Wolf Ranch Parkway, Georgetown, TX, USA",Property_Street_Number__c,,800
006WR00000wkACdYAM,Carroll at Rivery Ranch,,"800 Wolf Ranch Parkway, Georgetown, TX, USA",Property_Street__c,,Wolf Ranch Parkway
006WR00000wkACeYAM,Caroline at Georgtown,,"5300 North Mays Street, Georgetown, TX, USA",Property_Street_Number__c,,5300
006WR00000wkACeYAM,Caroline at Georgtown,,"5300 North Mays Street, Georgetown, TX, USA",Property_Street__c,,North Mays Street
006WR00000wkACfYAM,Bexley Wolf Ranch,Georgetown_MDU_Bexley Wolf Ranch,"2300 Wolf Ranch Parkway, Georgetown, TX, USA",Property_Street_Number__c,,2300
006WR00000wkACfYAM,Bexley Wolf Ranch,Georgetown_MDU_Bexley Wolf Ranch,"2300 Wolf Ranch Parkway, Georgetown, TX, USA",Property_Street__c,,Wolf Ranch Parkway
006WR00000wkACfYAM,Bexley Wolf Ranch,Georgetown_MDU_Bexley Wolf Ranch,"2300 Wolf Ranch Parkway, Georgetown, TX, USA",Property_County__c,,Williamson
006WR00000wkAUPYA2,Lara Lea,,"5540 South Elati Street, Littleton, CO, USA",Property_Street_Number__c,,5540
006WR00000wkAUPYA2,Lara Lea,,"5540 South Elati Street, Littleton, CO, USA",Property_Street__c,,South Elati Street
006WR00000wkAUQYA2,Blue Heron Estates,,"2401 Blue Heron Way, Lafayette, CO, USA",Property_Street_Number__c,,2401
006WR00000wkAUQYA2,Blue Heron Estates,,"2401 Blue Heron Way, Lafayette, CO, USA",Property_Street__c,,Blue Heron Way
006WR00000wkAURYA2,Chinook Winds,,"6622 West 10th Street, Greeley, CO, USA",Property_Street_Number__c,,6622
006WR00000wkAURYA2,Chinook Winds,,"6622 West 10th Street, Greeley, CO, USA",Property_Street__c,,West 10th Street
006WR00000wkAUSYA2,Rincon Country,,"3411 South Camino Seco, Tucson, AZ, USA",Property_Street_Number__c,,3411
006WR00000wkAUSYA2,Rincon Country,,"3411 South Camino Seco, Tucson, AZ, USA",Property_Street__c,,South Camino Seco
006WR00000wkAUTYA2,Canterbury Apartments,,"3550 South Delaware Street, Englewood, CO, USA",Property_Street_Number__c,,3550
006WR00000wkAUTYA2,Canterbury Apartments,,"3550 South Delaware Street, Englewood, CO, USA",Property_Street__c,,South Delaware Street
006WR00000wkAUUYA2,Arborwood,,"3250 O'Neal Circle, Boulder, CO, USA",Property_Street_Number__c,,3250
006WR00000wkAUUYA2,Arborwood,,"3250 O'Neal Circle, Boulder, CO, USA",Property_Street__c,,O'Neal Circle
006WR00000wkAUVYA2,Slo-Hi Flats,,"2900 Sheridan Boulevard, Denver, CO, USA",Property_Street_Number__c,,2900
006WR00000wkAUVYA2,Slo-Hi Flats,,"2900 Sheridan Boulevard, Denver, CO, USA",Property_Street__c,,Sheridan Boulevard
006WR00000wkAUWYA2,Ridgewood MHP,,"6825 West Mississippi Avenue, Lakewood, CO, USA",Property_Street_Number__c,,6825
006WR00000wkAUWYA2,Ridgewood MHP,,"6825 West Mississippi Avenue, Lakewood, CO, USA",Property_Street__c,,West Mississippi Avenue
006WR00000wkAUXYA2,Lake Powell,,"1 Cameron Road, Page, AZ, USA",Property_Street_Number__c,,1
006WR00000wkAUXYA2,Lake Powell,,"1 Cameron Road, Page, AZ, USA",Property_Street__c,,Cameron Road
006WR00000wkAUYYA2,Westside Mobile,,"21134 U.S. 160, Durango, CO, USA",Property_Street_Number__c,,21134
006WR00000wkAUYYA2,Westside Mobile,,"21134 U.S. 160, Durango, CO, USA",Property_Street__c,,U.S. 160
006WR00000wkAUZYA2,Edge Point Apartments,,"12005 East 13th Avenue, Aurora, CO, USA",Property_Street_Number__c,,12005
006WR00000wkAUZYA2,Edge Point Apartments,,"12005 East 13th Avenue, Aurora, CO, USA",Property_Street__c,,East 13th Avenue
006WR00000wkAUaYAM,Shangri La,,"3526 North Cascade Avenue, Colorado Springs, CO, USA",Property_Street_Number__c,,3526
006WR00000wkAUaYAM,Shangri La,,"3526 North Cascade Avenue, Colorado Springs, CO, USA",Property_Street__c,,North Cascade Avenue
006WR00000wkAUbYAM,Shiloh Townhomes,,"8270 Washington Street, Thornton, Colorado, USA",Property_Street_Number__c,,8270
006WR00000wkAUbYAM,Shiloh Townhomes,,"8270 Washington Street, Thornton, Colorado, USA",Property_Street__c,,Washington Street
006WR00000wkAUcYAM,Oasis at Magic Ranch Homeowners Association,,"4645 E Cotton Gin Loop, Phoenix, AZ 85040",Property_Street_Number__c,,4645
006WR00000wkAUcYAM,Oasis at Magic Ranch Homeowners Association,,"4645 E Cotton Gin Loop, Phoenix, AZ 85040",Property_Street__c,,E Cotton Gin Loop
006WR00000wkAUdYAM,Lumien Apartments,,"3190 East Animas Village Drive, Durango, CO, USA",Property_Street_Number__c,,3190
006WR00000wkAUdYAM,Lumien Apartments,,"3190 East Animas Village Drive, Durango, CO, USA",Property_Street__c,,East Animas Village Drive
006WR00000wkAUeYAM,Greenway Flats,,"31 West Las Vegas Street, Colorado Springs, CO, USA",Property_Street_Number__c,,31
006WR00000wkAUeYAM,Greenway Flats,,"31 West Las Vegas Street, Colorado Springs, CO, USA",Property_Street__c,,West Las Vegas Street
006WR00000wkAUfYAM,Orchard Grove,,"3003 Valmont Road, Boulder, CO, USA",Property_Street_Number__c,,3003
006WR00000wkAUfYAM,Orchard Grove,,"3003 Valmont Road, Boulder, CO, USA",Property_Street__c,,Valmont Road
006WR00000wkAUgYAM,Trilogy at Power Ranch,,"4369 East Village Parkway, Gilbert, AZ, USA",Property_Street_Number__c,,4369
006WR00000wkAUgYAM,Trilogy at Power Ranch,,"4369 East Village Parkway, Gilbert, AZ, USA",Property_Street__c,,East Village Parkway
006WR00000wkAUhYAM,Falls at Legend Trail,,"Lowell Blvd, Broomfield, CO, USA",Property_Street__c,,Lowell Blvd
006WR00000wkAUiYAM,Warren Village,,"1323 Gilpin Street, Denver, Colorado, USA",Property_Street_Number__c,,1323
006WR00000wkAUiYAM,Warren Village,,"1323 Gilpin Street, Denver, Colorado, USA",Property_Street__c,,Gilpin Street
006WR00000wkAUjYAM,The Apartments at University Station,,"1881 Buchtel Boulevard South, Denver, CO, USA",Property_Street_Number__c,,1881
006WR00000wkAUjYAM,The Apartments at University Station,,"1881 Buchtel Boulevard South, Denver, CO, USA",Property_Street__c,,Buchtel Boulevard South
006WR00000wkAUkYAM,North County Village,,"9700 Riverdale Road, Thornton, CO, USA",Property_Street_Number__c,,9700
006WR00000wkAUkYAM,North County Village,,"9700 Riverdale Road, Thornton, CO, USA",Property_Street__c,,Riverdale Road
006WR00000wkAUlYAM,Fronterra Village,,"15612 East 96th Avenue, Commerce City, CO, USA",Property_Street_Number__c,,15612
006WR00000wkAUlYAM,Fronterra Village,,"15612 East 96th Avenue, Commerce City, CO, USA",Property_Street__c,,East 96th Avenue
006WR00000wkAUmYAM,PCP-Mile High MHP,,"5320 East 63rd Place, Commerce City, CO, USA",Property_Street_Number__c,,5320
006WR00000wkAUmYAM,PCP-Mile High MHP,,"5320 East 63rd Place, Commerce City, CO, USA",Property_Street__c,,East 63rd Place
006WR00000wkAUnYAM,Aviana at Tuscany,,"7000 Mae Anne Avenue, Reno, NV, USA",Property_Street_Number__c,,7000
006WR00000wkAUnYAM,Aviana at Tuscany,,"7000 Mae Anne Avenue, Reno, NV, USA",Property_Street__c,,Mae Anne Avenue
006WR00000wkAUoYAM,"Anthem Country Club Community Association, Inc",,"3409 West Anthem Way, Anthem, Phoenix, AZ, USA",Property_Street_Number__c,,3409
006WR00000wkAUoYAM,"Anthem Country Club Community Association, Inc",,"3409 West Anthem Way, Anthem, Phoenix, AZ, USA",Property_Street__c,,West Anthem Way
006WR00000wkAUpYAM,The Apartments at Yale Station,,"5307 East Yale Avenue, Denver, CO, USA",Property_Street_Number__c,,5307
006WR00000wkAUpYAM,The Apartments at Yale Station,,"5307 East Yale Avenue, Denver, CO, USA",Property_Street__c,,East Yale Avenue
006WR00000wkAUqYAM,Clyburn At Stapleton,,"7401 East 26th Avenue, Denver, CO, USA",Property_Street_Number__c,,7401
006WR00000wkAUqYAM,Clyburn At Stapleton,,"7401 East 26th Avenue, Denver, CO, USA",Property_Street__c,,East 26th Avenue
006WR00000wkAUrYAM,Del Norte Accessible Apts,,"3635 Decatur Street, Denver, CO, USA",Property_Street_Number__c,,3635
006WR00000wkAUrYAM,Del Norte Accessible Apts,,"3635 Decatur Street, Denver, CO, USA",Property_Street__c,,Decatur Street
006WR00000wkAUsYAM,Lodge at Black Forest,,"7761 Bear Run Point, Colorado Springs, CO, USA",Property_Street_Number__c,,7761
006WR00000wkAUsYAM,Lodge at Black Forest,,"7761 Bear Run Point, Colorado Springs, CO, USA",Property_Street__c,,Bear Run Point
006WR00000wkAUtYAM,Mercury on Mill ABACUS,,"5101 South Mill Avenue, Tempe, AZ, USA",Property_Street_Number__c,,5101
006WR00000wkAUtYAM,Mercury on Mill ABACUS,,"5101 South Mill Avenue, Tempe, AZ, USA",Property_Street__c,,South Mill Avenue
006WR00000wkAUuYAM,Sun Villa,,"91 Cabernet Parkway, Reno, NV, USA",Property_Street_Number__c,,91
006WR00000wkAUuYAM,Sun Villa,,"91 Cabernet Parkway, Reno, NV, USA",Property_Street__c,,Cabernet Parkway
006WR00000wkAUvYAM,Garden Court at Yale Station,,"5151 East Yale Circle, Denver, CO, USA",Property_Street_Number__c,,5151
006WR00000wkAUvYAM,Garden Court at Yale Station,,"5151 East Yale Circle, Denver, CO, USA",Property_Street__c,,East Yale Circle
006WR00000wkAUwYAM,Ashewood,,"7251 Samuel Drive, Denver, CO, USA",Property_Street_Number__c,,7251
006WR00000wkAUwYAM,Ashewood,,"7251 Samuel Drive, Denver, CO, USA",Property_Street__c,,Samuel Drive
006WR00000wkAUxYAM,Murdock Apts,,"2029 West 36th Avenue, Denver, CO, USA",Property_Street_Number__c,,2029
006WR00000wkAUxYAM,Murdock Apts,,"2029 West 36th Avenue, Denver, CO, USA",Property_Street__c,,West 36th Avenue
006WR00000wkAUyYAM,Mountain Vista,,"3950 South Mountain Vista Street, Las Vegas, NV, USA",Property_Street_Number__c,,3950
006WR00000wkAUyYAM,Mountain Vista,,"3950 South Mountain Vista Street, Las Vegas, NV, USA",Property_Street__c,,South Mountain Vista Street
006WR00000wkAUzYAM,Chaparral 1,,"1674 S Avenue B, Yuma, AZ, USA",Property_Street_Number__c,,1674
006WR00000wkAUzYAM,Chaparral 1,,"1674 S Avenue B, Yuma, AZ, USA",Property_Street__c,,S Avenue B
006WR00000wkAV0YAM,The Foundry,,"501 West Bates Avenue, Englewood, CO, USA",Property_Street_Number__c,,501
006WR00000wkAV0YAM,The Foundry,,"501 West Bates Avenue, Englewood, CO, USA",Property_Street__c,,West Bates Avenue
006WR00000wkAV1YAM,Dakota Station I Condominiums,,"9604 West Chatfield Avenue, Littleton, CO, USA",Property_Street_Number__c,,9604
006WR00000wkAV1YAM,Dakota Station I Condominiums,,"9604 West Chatfield Avenue, Littleton, CO, USA",Property_Street__c,,West Chatfield Avenue
006WR00000wkAV2YAM,Carson Highlands,,"Carson Highlands Mobile Home, 200 James Court, Mound House, NV, USA",Property_Street__c,,Carson Highlands Mobile Home
006WR00000wkAV3YAM,Chaparral Ranch,,"925 N Plaza Dr, Apache Junction, AZ, USA",Property_Street_Number__c,,925
006WR00000wkAV3YAM,Chaparral Ranch,,"925 N Plaza Dr, Apache Junction, AZ, USA",Property_Street__c,,N Plaza Dr
006WR00000wkAV4YAM,Willow Street Residences,,"1351 South Willow Street, Denver, CO, USA",Property_Street_Number__c,,1351
006WR00000wkAV4YAM,Willow Street Residences,,"1351 South Willow Street, Denver, CO, USA",Property_Street__c,,South Willow Street
006WR00000wkAV5YAM,Gun Club Green,,"8101 East Dartmouth Avenue, Denver, CO, USA",Property_Street_Number__c,,8101
006WR00000wkAV5YAM,Gun Club Green,,"8101 East Dartmouth Avenue, Denver, CO, USA",Property_Street__c,,East Dartmouth Avenue
006WR00000wkAV6YAM,Greenspot Village,,"2537 North Las Vegas Boulevard, North Las Vegas, NV, USA",Property_Street_Number__c,,2537
006WR00000wkAV6YAM,Greenspot Village,,"2537 North Las Vegas Boulevard, North Las Vegas, NV, USA",Property_Street__c,,North Las Vegas Boulevard
006WR00000wkAV7YAM,Northfield,,"4900 North Trenton Street, Denver, Colorado, USA",Property_Street_Number__c,,4900
006WR00000wkAV7YAM,Northfield,,"4900 North Trenton Street, Denver, Colorado, USA",Property_Street__c,,North Trenton Street
006WR00000wkAV8YAM,Welby Hill,,"8199 Welby Road, Thornton, CO, USA",Property_Street_Number__c,,8199
006WR00000wkAV8YAM,Welby Hill,,"8199 Welby Road, Thornton, CO, USA",Property_Street__c,,Welby Road
006WR00000wkAV9YAM,Haigan-Canino Terrace,,"1421 West 35th Avenue, Denver, CO, USA",Property_Street_Number__c,,1421
006WR00000wkAV9YAM,Haigan-Canino Terrace,,"1421 West 35th Avenue, Denver, CO, USA",Property_Street__c,,West 35th Avenue
006WR00000wkAVAYA2,Copper Kettle/Paradise Valley Ranch,,"16005 North 32nd Street, Phoenix, AZ, USA",Property_Street_Number__c,,16005
006WR00000wkAVAYA2,Copper Kettle/Paradise Valley Ranch,,"16005 North 32nd Street, Phoenix, AZ, USA",Property_Street__c,,North 32nd Street
006WR00000wkAVBYA2,LincolnPointe Lofts II,,"9781 Pyramid Court, Englewood, CO, USA",Property_Street_Number__c,,9781
006WR00000wkAVBYA2,LincolnPointe Lofts II,,"9781 Pyramid Court, Englewood, CO, USA",Property_Street__c,,Pyramid Court
006WR00000wkAVCYA2,Cypress Gardens,,"4650 East Lake Mead Boulevard, Las Vegas, NV, USA",Property_Street_Number__c,,4650
006WR00000wkAVCYA2,Cypress Gardens,,"4650 East Lake Mead Boulevard, Las Vegas, NV, USA",Property_Street__c,,East Lake Mead Boulevard
006WR00000wkAVDYA2,Grosvenor Arms,,"333 East 16th Avenue, Denver, CO, USA",Property_Street_Number__c,,333
006WR00000wkAVDYA2,Grosvenor Arms,,"333 East 16th Avenue, Denver, CO, USA",Property_Street__c,,East 16th Avenue
006WR00000wkAVEYA2,Villa Carmel,,"16225 North Cave Creek Road, Phoenix, AZ, USA",Property_Street_Number__c,,16225
006WR00000wkAVEYA2,Villa Carmel,,"16225 North Cave Creek Road, Phoenix, AZ, USA",Property_Street__c,,North Cave Creek Road
006WR00000wkAVFYA2,Niblock-Yavovette Terrace,,"1301 West 35th Avenue, Denver, CO, USA",Property_Street_Number__c,,1301
006WR00000wkAVFYA2,Niblock-Yavovette Terrace,,"1301 West 35th Avenue, Denver, CO, USA",Property_Street__c,,West 35th Avenue
006WR00000wkAVGYA2,Ridgeview Eagle Bend,,"22046 East Jamison Place, Aurora, CO, USA",Property_Street_Number__c,,22046
006WR00000wkAVGYA2,Ridgeview Eagle Bend,,"22046 East Jamison Place, Aurora, CO, USA",Property_Street__c,,East Jamison Place
006WR00000wkAVHYA2,Santiago Estates,,"4650 East Carey Avenue, Las Vegas, NV, USA",Property_Street_Number__c,,4650
006WR00000wkAVHYA2,Santiago Estates,,"4650 East Carey Avenue, Las Vegas, NV, USA",Property_Street__c,,East Carey Avenue
006WR00000wkAVIYA2,Aspen Leaf,,"10288 East 6th Avenue, Aurora, CO, USA",Property_Street_Number__c,,10288
006WR00000wkAVIYA2,Aspen Leaf,,"10288 East 6th Avenue, Aurora, CO, USA",Property_Street__c,,East 6th Avenue
006WR00000wkAVJYA2,Castle Pines North,,"7306 Oxford Drive, Castle Pines, CO, USA",Property_Street_Number__c,,7306
006WR00000wkAVJYA2,Castle Pines North,,"7306 Oxford Drive, Castle Pines, CO, USA",Property_Street__c,,Oxford Drive
006WR00000wkAVKYA2,Caraway,,"7401 North Broadway, Denver, CO, USA",Property_Street_Number__c,,7401
006WR00000wkAVKYA2,Caraway,,"7401 North Broadway, Denver, CO, USA",Property_Street__c,,North Broadway
006WR00000wkAVLYA2,Sunrise Gardens,,"6105 East Sahara Avenue, Las Vegas, NV, USA",Property_Street_Number__c,,6105
006WR00000wkAVLYA2,Sunrise Gardens,,"6105 East Sahara Avenue, Las Vegas, NV, USA",Property_Street__c,,East Sahara Avenue
006WR00000wkAVMYA2,Timber Ridge,,"3717 South Taft Hill Road, Fort Collins, CO, USA",Property_Street_Number__c,,3717
006WR00000wkAVMYA2,Timber Ridge,,"3717 South Taft Hill Road, Fort Collins, CO, USA",Property_Street__c,,South Taft Hill Road
006WR00000wkAVNYA2,Wheat Ridge Town Center,,"4340 Vance Street, Wheat Ridge, CO, USA",Property_Street_Number__c,,4340
006WR00000wkAVNYA2,Wheat Ridge Town Center,,"4340 Vance Street, Wheat Ridge, CO, USA",Property_Street__c,,Vance Street
006WR00000wkAVOYA2,Emerson Street Apts,,"1358 Emerson Street, Denver, CO, USA",Property_Street_Number__c,,1358
006WR00000wkAVOYA2,Emerson Street Apts,,"1358 Emerson Street, Denver, CO, USA",Property_Street__c,,Emerson Street
006WR00000wkAVPYA2,Benedict Park Place,Denver_MDU_Benedict Park Place,"305 Park Ave W, Denver, CO, USA",Property_Street_Number__c,,305
006WR00000wkAVPYA2,Benedict Park Place,Denver_MDU_Benedict Park Place,"305 Park Ave W, Denver, CO, USA",Property_Street__c,,Park Ave W
006WR00000wkAVQYA2,Sunrise Estates,,"6223 East Sahara Avenue, Las Vegas, NV, USA",Property_Street_Number__c,,6223
006WR00000wkAVQYA2,Sunrise Estates,,"6223 East Sahara Avenue, Las Vegas, NV, USA",Property_Street__c,,East Sahara Avenue
006WR00000wkAVRYA2,Silva-Markham Partners,,"5291 East Yale Avenue, Denver, CO, USA",Property_Street_Number__c,,5291
006WR00000wkAVRYA2,Silva-Markham Partners,,"5291 East Yale Avenue, Denver, CO, USA",Property_Street__c,,East Yale Avenue
006WR00000wkAVSYA2,Silverado,,"3401 North Walnut Road, Las Vegas, NV, USA",Property_Street_Number__c,,3401
006WR00000wkAVSYA2,Silverado,,"3401 North Walnut Road, Las Vegas, NV, USA",Property_Street__c,,North Walnut Road
006WR00000wkAVTYA2,Gateway at 2534,,"5100 Ronald Reagan Blvd, Johnstown, CO, USA",Property_Street_Number__c,,5100
006WR00000wkAVTYA2,Gateway at 2534,,"5100 Ronald Reagan Blvd, Johnstown, CO, USA",Property_Street__c,,Ronald Reagan Blvd
006WR00000wkAVUYA2,Palm Grove,,"1624 Palm Street, Las Vegas, NV, USA",Property_Street_Number__c,,1624
006WR00000wkAVUYA2,Palm Grove,,"1624 Palm Street, Las Vegas, NV, USA",Property_Street__c,,Palm Street
006WR00000wkAVVYA2,El Adobe Estates,,"825 North Lamb Boulevard, Las Vegas, NV, USA",Property_Street_Number__c,,825
006WR00000wkAVVYA2,El Adobe Estates,,"825 North Lamb Boulevard, Las Vegas, NV, USA",Property_Street__c,,North Lamb Boulevard
006WR00000wkAVWYA2,The Promenade at Lowry,,"84 Spruce Street, Denver, CO, USA",Property_Street_Number__c,,84
006WR00000wkAVWYA2,The Promenade at Lowry,,"84 Spruce Street, Denver, CO, USA",Property_Street__c,,Spruce Street
006WR00000wkAVXYA2,The Boulders,,"Colorado 42, Lafayette, CO, USA",Property_Street__c,,Colorado 42
006WR00000wkAVYYA2,French Quarter,,"1150 South Monaco Parkway, Denver, CO, USA",Property_Street_Number__c,,1150
006WR00000wkAVYYA2,French Quarter,,"1150 South Monaco Parkway, Denver, CO, USA",Property_Street__c,,South Monaco Parkway
006WR00000wkAVZYA2,Atlantis Envolve,,"201 South Cherokee Street, Denver, CO, USA",Property_Street_Number__c,,201
006WR00000wkAVZYA2,Atlantis Envolve,,"201 South Cherokee Street, Denver, CO, USA",Property_Street__c,,South Cherokee Street
006WR00000wkAVaYAM,Trail Ridge at Woodland Park,,"704 Stone Park Lane, Woodland Park, CO, USA",Property_Street_Number__c,,704
006WR00000wkAVaYAM,Trail Ridge at Woodland Park,,"704 Stone Park Lane, Woodland Park, CO, USA",Property_Street__c,,Stone Park Lane
006WR00000wkAVbYAM,Alpenglow Village,,"1400 Pine Grove Road, Steamboat Springs, CO, USA",Property_Street_Number__c,,1400
006WR00000wkAVbYAM,Alpenglow Village,,"1400 Pine Grove Road, Steamboat Springs, CO, USA",Property_Street__c,,Pine Grove Road
006WR00000wkAVcYAM,Moline At Stapleton,,"11650 M.L.K. Jr Blvd, Denver, Colorado, USA",Property_Street_Number__c,,11650
006WR00000wkAVcYAM,Moline At Stapleton,,"11650 M.L.K. Jr Blvd, Denver, Colorado, USA",Property_Street__c,,M.L.K. Jr Blvd
006WR00000wkAVdYAM,Stonehedge Place Apartments,,"600 Martin Street, Longmont, CO, USA",Property_Street_Number__c,,600
006WR00000wkAVdYAM,Stonehedge Place Apartments,,"600 Martin Street, Longmont, CO, USA",Property_Street__c,,Martin Street
006WR00000wkAVeYAM,Bella Vista MHC,,"333 37th Street, Evans, CO, USA",Property_Street_Number__c,,333
006WR00000wkAVeYAM,Bella Vista MHC,,"333 37th Street, Evans, CO, USA",Property_Street__c,,37th Street
006WR00000wkAVfYAM,Regal Apts,,"5531 South Delaware Street, Littleton, CO, USA",Property_Street_Number__c,,5531
006WR00000wkAVfYAM,Regal Apts,,"5531 South Delaware Street, Littleton, CO, USA",Property_Street__c,,South Delaware Street
006WR00000wkAVgYAM,HAWC Apartments,,"2100 West 30th Avenue, Denver, CO, USA",Property_Street_Number__c,,2100
006WR00000wkAVgYAM,HAWC Apartments,,"2100 West 30th Avenue, Denver, CO, USA",Property_Street__c,,West 30th Avenue
006WR00000wkAVhYAM,Dave's Place,,"1375 Josephine Street, Denver, CO, USA",Property_Street_Number__c,,1375
006WR00000wkAVhYAM,Dave's Place,,"1375 Josephine Street, Denver, CO, USA",Property_Street__c,,Josephine Street
006WR00000wkAViYAM,Strada I & II - UP,,"701 W Grove Pkwy, Tempe, AZ 85283, USA",Property_Street_Number__c,,701
006WR00000wkAViYAM,Strada I & II - UP,,"701 W Grove Pkwy, Tempe, AZ 85283, USA",Property_Street__c,,W Grove Pkwy
006WR00000wkAVjYAM,Hillsborough,,"2345 Woodbridge St, Roseville, MN 55113, USA",Property_Street_Number__c,,2345
006WR00000wkAVjYAM,Hillsborough,,"2345 Woodbridge St, Roseville, MN 55113, USA",Property_Street__c,,Woodbridge St
006WR00000wkAVkYAM,Court Avenue Lofts,,"308 Court Ave, Des Moines, IA 50309, USA",Property_Street_Number__c,,308
006WR00000wkAVkYAM,Court Avenue Lofts,,"308 Court Ave, Des Moines, IA 50309, USA",Property_Street__c,,Court Ave
006WR00000wkAVlYAM,Kings Kourt Apartrments,,"2500 South Dakota Avenue, Sioux Falls, SD, USA",Property_Street_Number__c,,2500
006WR00000wkAVlYAM,Kings Kourt Apartrments,,"2500 South Dakota Avenue, Sioux Falls, SD, USA",Property_Street__c,,South Dakota Avenue
006WR00000wkAVmYAM,Pinnacle Apartments,,"7131 Pinnacle Dr, Fort Myers, FL 33907, USA",Property_Street_Number__c,,7131
006WR00000wkAVmYAM,Pinnacle Apartments,,"7131 Pinnacle Dr, Fort Myers, FL 33907, USA",Property_Street__c,,Pinnacle Dr
006WR00000wkAVnYAM,Waterside Cove,,"1199 E Waterside Cv, Midvale, UT 84047, USA",Property_Street_Number__c,,1199
006WR00000wkAVnYAM,Waterside Cove,,"1199 E Waterside Cv, Midvale, UT 84047, USA",Property_Street__c,,E Waterside Cv
006WR00000wkAVoYAM,Tides at East Glendale - UP,,"4141 W Glendale Ave, Phoenix, AZ 85051, USA",Property_Street_Number__c,,4141
006WR00000wkAVoYAM,Tides at East Glendale - UP,,"4141 W Glendale Ave, Phoenix, AZ 85051, USA",Property_Street__c,,W Glendale Ave
006WR00000wkAVpYAM,Willowbrook,,"415 E Creekside Cir, Murray, UT 84107, USA",Property_Street_Number__c,,415
006WR00000wkAVpYAM,Willowbrook,,"415 E Creekside Cir, Murray, UT 84107, USA",Property_Street__c,,E Creekside Cir
006WR00000wkAVqYAM,Melbourne,,"5515 SE 14th St, Des Moines, IA 50320, USA",Property_Street_Number__c,,5515
006WR00000wkAVqYAM,Melbourne,,"5515 SE 14th St, Des Moines, IA 50320, USA",Property_Street__c,,SE 14th St
006WR00000wkAVrYAM,Wyngate Townhomes,,"1752 Village Tr, Maplewood, MN 55109, USA",Property_Street_Number__c,,1752
006WR00000wkAVrYAM,Wyngate Townhomes,,"1752 Village Tr, Maplewood, MN 55109, USA",Property_Street__c,,Village Tr
006WR00000wkAVsYAM,Platinum Point Townhomes,,"3400 Platinum Drive, Fort Mill, SC, USA",Property_Street_Number__c,,3400
006WR00000wkAVsYAM,Platinum Point Townhomes,,"3400 Platinum Drive, Fort Mill, SC, USA",Property_Street__c,,Platinum Drive
006WR00000wkAVtYAM,The Becksted,,"1844 S Jordan Pkwy, South Jordan, UT 84095, USA",Property_Street_Number__c,,1844
006WR00000wkAVtYAM,The Becksted,,"1844 S Jordan Pkwy, South Jordan, UT 84095, USA",Property_Street__c,,S Jordan Pkwy
006WR00000wkAVuYAM,Riverwood Apartments,,"24620 Russell Rd, Kent, WA 98032, USA",Property_Street_Number__c,,24620
006WR00000wkAVuYAM,Riverwood Apartments,,"24620 Russell Rd, Kent, WA 98032, USA",Property_Street__c,,Russell Rd
006WR00000wkAVvYAM,Avondale Trace,,"105 NE 46th Ln, Ankeny, IA 50021, USA",Property_Street_Number__c,,105
006WR00000wkAVvYAM,Avondale Trace,,"105 NE 46th Ln, Ankeny, IA 50021, USA",Property_Street__c,,NE 46th Ln
006WR00000wkAVwYAM,Oakdale of West Saint Paul,,"1926 Oakdale Ave, West St Paul, MN 55118, USA",Property_Street_Number__c,,1926
006WR00000wkAVwYAM,Oakdale of West Saint Paul,,"1926 Oakdale Ave, West St Paul, MN 55118, USA",Property_Street__c,,Oakdale Ave
006WR00000wkAVxYAM,River Tower Apartments,,"111 E 7th St, Sioux Falls, SD 57104",Property_Street_Number__c,,111
006WR00000wkAVxYAM,River Tower Apartments,,"111 E 7th St, Sioux Falls, SD 57104",Property_Street__c,,E 7th St
006WR00000wkAVyYAM,Pembrooke Apartments,,"25907 27th Pl S, Kent, WA 98032, USA",Property_Street_Number__c,,25907
006WR00000wkAVyYAM,Pembrooke Apartments,,"25907 27th Pl S, Kent, WA 98032, USA",Property_Street__c,,27th Pl S
006WR00000wkAVzYAM,Adam Ridge,,"10535 Norfolk Ct #13, Johnston, IA 50131, USA",Property_Street_Number__c,,10535
006WR00000wkAVzYAM,Adam Ridge,,"10535 Norfolk Ct #13, Johnston, IA 50131, USA",Property_Street__c,,Norfolk Ct
006WR00000wkAW0YAM,Joseph's Pointe at Upper Landing,,"200 Wilkin Street, St Paul, MN 55102, USA",Property_Street_Number__c,,200
006WR00000wkAW0YAM,Joseph's Pointe at Upper Landing,,"200 Wilkin Street, St Paul, MN 55102, USA",Property_Street__c,,Wilkin Street
006WR00000wkAW1YAM,Maple Pointe Apartments,,"15421 Des Moines Memorial Drive South, Burien, WA 98148, USA",Property_Street_Number__c,,15421
006WR00000wkAW1YAM,Maple Pointe Apartments,,"15421 Des Moines Memorial Drive South, Burien, WA 98148, USA",Property_Street__c,,Des Moines Memorial Drive South
006WR00000wkAW2YAM,RiverEast,,"3201 Renner Dr, Council Bluffs, IA 51501, USA",Property_Street_Number__c,,3201
006WR00000wkAW2YAM,RiverEast,,"3201 Renner Dr, Council Bluffs, IA 51501, USA",Property_Street__c,,Renner Dr
006WR00000wkAW3YAM,Diamond Fork Apartments,,"368 N Diamond Fork Loop, Spanish Fork, UT 84660",Property_Street_Number__c,,368
006WR00000wkAW3YAM,Diamond Fork Apartments,,"368 N Diamond Fork Loop, Spanish Fork, UT 84660",Property_Street__c,,N Diamond Fork Loop
006WR00000wkAW4YAM,Horizon Place Apartments,,"3520 N 4th Ave, Sioux Falls, SD 57104",Property_Street_Number__c,,3520
006WR00000wkAW4YAM,Horizon Place Apartments,,"3520 N 4th Ave, Sioux Falls, SD 57104",Property_Street__c,,N 4th Ave
006WR00000wkAivYAE,Woodburn Senior Estates Mobile Home Community,,"1999 Jansen Way, Woodburn, OR 97071",Property_Street_Number__c,,1999
006WR00000wkAivYAE,Woodburn Senior Estates Mobile Home Community,,"1999 Jansen Way, Woodburn, OR 97071",Property_Street__c,,Jansen Way
006WR00000wkAiwYAE,Apple Acres,,"975 East 1175 South, Fruit Heights, UT 84037, USA",Property_Street_Number__c,,975
006WR00000wkAiwYAE,Apple Acres,,"975 East 1175 South, Fruit Heights, UT 84037, USA",Property_Street__c,,East 1175 South
006WR00000wkAixYAE,Bonneville Gardens,,"705 S Redwood Rd Unit 117, Salt Lake City, UT 84104",Property_Street_Number__c,,705
006WR00000wkAixYAE,Bonneville Gardens,,"705 S Redwood Rd Unit 117, Salt Lake City, UT 84104",Property_Street__c,,S Redwood Rd
006WR00000wkAiyYAE,Cambridge (Mobile Home Park),,"1350 W 300 N, Clearfield, UT 84015",Property_Street_Number__c,,1350
006WR00000wkAiyYAE,Cambridge (Mobile Home Park),,"1350 W 300 N, Clearfield, UT 84015",Property_Street__c,,W 300 N
006WR00000wkAizYAE,Cinnamon Ridge,,"300 East 2500 North, North Logan, Utah 84341",Property_Street_Number__c,,300
006WR00000wkAizYAE,Cinnamon Ridge,,"300 East 2500 North, North Logan, Utah 84341",Property_Street__c,,East 2500 North
006WR00000wkAj0YAE,Cottonwood Coves MHC,,"300 E Gordon Ln, Murray, UT 84107, USA",Property_Street_Number__c,,300
006WR00000wkAj0YAE,Cottonwood Coves MHC,,"300 E Gordon Ln, Murray, UT 84107, USA",Property_Street__c,,E Gordon Ln
006WR00000wkAj1YAE,IPG Capital Green Acres,,"300 West 400 North Springville, Utah 84663",Property_Street_Number__c,,300
006WR00000wkAj1YAE,IPG Capital Green Acres,,"300 West 400 North Springville, Utah 84663",Property_Street__c,,West 400 North Springville
006WR00000wkAj2YAE,Palatial Living,,"410 West 725 North, Logan, UT, USA",Property_Street_Number__c,,410
006WR00000wkAj2YAE,Palatial Living,,"410 West 725 North, Logan, UT, USA",Property_Street__c,,West 725 North
006WR00000wkAj3YAE,Ridgewood Estates,,"2875 N Hill Field Rd, Layton, UT 84041, USA",Property_Street_Number__c,,2875
006WR00000wkAj3YAE,Ridgewood Estates,,"2875 N Hill Field Rd, Layton, UT 84041, USA",Property_Street__c,,N Hill Field Rd
006WR00000wkAj4YAE,Windemere Meadows,,"680 N Main St, Kaysville, UT 84037, USA",Property_Street_Number__c,,680
006WR00000wkAj4YAE,Windemere Meadows,,"680 N Main St, Kaysville, UT 84037, USA",Property_Street__c,,N Main St
006WR00000wkAj5YAE,Wood Haven,,"680 West 500 South, West Bountiful, UT 84087, USA",Property_Street_Number__c,,680
006WR00000wkAj5YAE,Wood Haven,,"680 West 500 South, West Bountiful, UT 84087, USA",Property_Street__c,,West 500 South
006WR00000wkAj6YAE,Alpine Mobile Estates,,"7300 32nd Ave NE, Olympia, WA 98516, USA",Property_Street_Number__c,,7300
006WR00000wkAj6YAE,Alpine Mobile Estates,,"7300 32nd Ave NE, Olympia, WA 98516, USA",Property_Street__c,,32nd Ave NE
006WR00000wkAj7YAE,Brookhallow RV,,"2506 Allen St, Kelso, WA 98626, USA",Property_Street_Number__c,,2506
006WR00000wkAj7YAE,Brookhallow RV,,"2506 Allen St, Kelso, WA 98626, USA",Property_Street__c,,Allen St
006WR00000wkAj8YAE,Brookhollow MHP,,"2500 Allen Street, Kelso, WA, USA",Property_Street_Number__c,,2500
006WR00000wkAj8YAE,Brookhollow MHP,,"2500 Allen Street, Kelso, WA, USA",Property_Street__c,,Allen Street
006WR00000wkAj9YAE,Country Manor Mobile Village,,"15619 NE Caples Rd #33, Brush Prairie, WA, USA",Property_Street_Number__c,,15619
006WR00000wkAj9YAE,Country Manor Mobile Village,,"15619 NE Caples Rd #33, Brush Prairie, WA, USA",Property_Street__c,,NE Caples Rd
006WR00000wkAjAYAU,Duvall Highlands,,"28000 NE 142nd Pl, Duvall, WA 98019, USA",Property_Street_Number__c,,28000
006WR00000wkAjAYAU,Duvall Highlands,,"28000 NE 142nd Pl, Duvall, WA 98019, USA",Property_Street__c,,NE 142nd Pl
006WR00000wkAjBYAU,Majestic Mobile Manor(64) and RV Park(88),,"6906 52nd St Ct E, Puyallup, WA 98371, USA",Property_Street_Number__c,,6906
006WR00000wkAjBYAU,Majestic Mobile Manor(64) and RV Park(88),,"6906 52nd St Ct E, Puyallup, WA 98371, USA",Property_Street__c,,52nd St Ct E
006WR00000wkAjCYAU,Portage Green,,"20227 80th Ave NE, Arlington, WA, USA",Property_Street_Number__c,,20227
006WR00000wkAjCYAU,Portage Green,,"20227 80th Ave NE, Arlington, WA, USA",Property_Street__c,,80th Ave NE
006WR00000wkAjDYAU,Skylark Village Estates II,,"3105 M St SE, Auburn, WA 98002, USA",Property_Street_Number__c,,3105
006WR00000wkAjDYAU,Skylark Village Estates II,,"3105 M St SE, Auburn, WA 98002, USA",Property_Street__c,,M St SE
006WR00000wkAjEYAU,Edwards Mobile Home Park,,"3113 W Chain of Rocks Rd, Granite City, IL, USA",Property_Street_Number__c,,3113
006WR00000wkAjEYAU,Edwards Mobile Home Park,,"3113 W Chain of Rocks Rd, Granite City, IL, USA",Property_Street__c,,W Chain of Rocks Rd
006WR00000wkAjFYAU,Bel Bo Mobile Home Park,,"Belvidere, IL 61008",Property_Street__c,,Belvidere
006WR00000wkAjGYAU,Hilltop Mobile Home Park,,"1 F Street, Lexington, IL 61753, USA",Property_Street_Number__c,,1
006WR00000wkAjGYAU,Hilltop Mobile Home Park,,"1 F Street, Lexington, IL 61753, USA",Property_Street__c,,F Street
006WR00000wkAjHYAU,Parktown Mobile Home Park,,"1A Parktown Dr, Granite City, IL 62040, USA",Property_Street_Number__c,,1A
006WR00000wkAjHYAU,Parktown Mobile Home Park,,"1A Parktown Dr, Granite City, IL 62040, USA",Property_Street__c,,Parktown Dr
006WR00000wkAjIYAU,Ridge Village Mobile Home Park,,"2800 Ridge Ave, Springfield, IL 62702, USA",Property_Street_Number__c,,2800
006WR00000wkAjIYAU,Ridge Village Mobile Home Park,,"2800 Ridge Ave, Springfield, IL 62702, USA",Property_Street__c,,Ridge Ave
006WR00000wkAjJYAU,Specialville Estates,,"14136 S Wood St, Dixmoor, Illinois, USA",Property_Street_Number__c,,14136
006WR00000wkAjJYAU,Specialville Estates,,"14136 S Wood St, Dixmoor, Illinois, USA",Property_Street__c,,S Wood St
006WR00000wkAjKYAU,Meadowbrook Mobile Home Park,,"1211 E 55th St S, Wichita, KS 67216",Property_Street_Number__c,,1211
006WR00000wkAjKYAU,Meadowbrook Mobile Home Park,,"1211 E 55th St S, Wichita, KS 67216",Property_Street__c,,E 55th St S
006WR00000wkAjLYAU,Apache Manor,,"5101 Bus 50 W apt 13, Jefferson City, MO 65109, USA",Property_Street_Number__c,,5101
006WR00000wkAjLYAU,Apache Manor,,"5101 Bus 50 W apt 13, Jefferson City, MO 65109, USA",Property_Street__c,,Bus 50 W
006WR00000wkAjMYAU,Blueridge,,"1100 Blue Ridge Road, Columbia, MO, USA",Property_Street_Number__c,,1100
006WR00000wkAjMYAU,Blueridge,,"1100 Blue Ridge Road, Columbia, MO, USA",Property_Street__c,,Blue Ridge Road
006WR00000wkAjNYAU,Colonial Village,,"2904 Rangeline Street, Columbia, MO, USA",Property_Street_Number__c,,2904
006WR00000wkAjNYAU,Colonial Village,,"2904 Rangeline Street, Columbia, MO, USA",Property_Street__c,,Rangeline Street
006WR00000wkAjOYAU,Haden Park Mobile Homes,,"3203 Northland Drive, Columbia, MO, USA",Property_Street_Number__c,,3203
006WR00000wkAjOYAU,Haden Park Mobile Homes,,"3203 Northland Drive, Columbia, MO, USA",Property_Street__c,,Northland Drive
006WR00000wkAjPYAU,J&L Mobile Home Park,,"320 N Summit Dr, Holts Summit, MO 65043, USA",Property_Street_Number__c,,320
006WR00000wkAjPYAU,J&L Mobile Home Park,,"320 N Summit Dr, Holts Summit, MO 65043, USA",Property_Street__c,,N Summit Dr
006WR00000wkAjQYAU,Northridge,,"200 Fox Trail St, Hallsville, MO 65255, USA",Property_Street_Number__c,,200
006WR00000wkAjQYAU,Northridge,,"200 Fox Trail St, Hallsville, MO 65255, USA",Property_Street__c,,Fox Trail St
006WR00000wkAjRYAU,Oakridge Mobile Home Park,,"9803 North Route B, Hallsville, MO, USA",Property_Street_Number__c,,9803
006WR00000wkAjRYAU,Oakridge Mobile Home Park,,"9803 North Route B, Hallsville, MO, USA",Property_Street__c,,North Route B
006WR00000wkAjSYAU,Rustic Meadows,,"3406 Rangeline Street, Columbia, MO, USA",Property_Street_Number__c,,3406
006WR00000wkAjSYAU,Rustic Meadows,,"3406 Rangeline Street, Columbia, MO, USA",Property_Street__c,,Rangeline Street
006WR00000wkAjTYAU,Whitton Heights,,"2307 Schott Rd, Jefferson City, MO 65101, USA",Property_Street_Number__c,,2307
006WR00000wkAjTYAU,Whitton Heights,,"2307 Schott Rd, Jefferson City, MO 65101, USA",Property_Street__c,,Schott Rd
006WR00000wkAjUYAU,98 Mobile Home Park,,"925 Ponce De Leon Boulevard, Brooksville, FL 34601, USA",Property_Street_Number__c,,925
006WR00000wkAjUYAU,98 Mobile Home Park,,"925 Ponce De Leon Boulevard, Brooksville, FL 34601, USA",Property_Street__c,,Ponce De Leon Boulevard
006WR00000wkAjVYAU,Aurora Acres,,"11240 N Northwood Dr, Inglis, FL 34449, USA",Property_Street_Number__c,,11240
006WR00000wkAjVYAU,Aurora Acres,,"11240 N Northwood Dr, Inglis, FL 34449, USA",Property_Street__c,,N Northwood Dr
006WR00000wkAjWYAU,Avon Park Village,,"102 N Florida Ave, Avon Park, FL 33825, USA",Property_Street_Number__c,,102
006WR00000wkAjWYAU,Avon Park Village,,"102 N Florida Ave, Avon Park, FL 33825, USA",Property_Street__c,,N Florida Ave
006WR00000wkAjXYAU,Big Oaks River Resort,,"14035 W River Rd, Inglis, FL 34449, USA",Property_Street_Number__c,,14035
006WR00000wkAjXYAU,Big Oaks River Resort,,"14035 W River Rd, Inglis, FL 34449, USA",Property_Street__c,,W River Rd
006WR00000wkAjYYAU,Cedar Circle,,"1910 Enterprise Ave, New Smyrna Beach, FL 32168, USA",Property_Street_Number__c,,1910
006WR00000wkAjYYAU,Cedar Circle,,"1910 Enterprise Ave, New Smyrna Beach, FL 32168, USA",Property_Street__c,,Enterprise Ave
006WR00000wkAjZYAU,Coach Light Villa,,"1900 S Lake Reedy Blvd, Frostproof, FL 33843, USA",Property_Street_Number__c,,1900
006WR00000wkAjZYAU,Coach Light Villa,,"1900 S Lake Reedy Blvd, Frostproof, FL 33843, USA",Property_Street__c,,S Lake Reedy Blvd
006WR00000wkAjaYAE,Fontana Cove Mobile Home Park,,"1515 Peachtree St, Cocoa, FL 32922, USA",Property_Street_Number__c,,1515
006WR00000wkAjaYAE,Fontana Cove Mobile Home Park,,"1515 Peachtree St, Cocoa, FL 32922, USA",Property_Street__c,,Peachtree St
006WR00000wkAjbYAE,Friendly Mobile Home Park,,"5553 Our Ln, Zephyrhills, FL 33542, USA",Property_Street_Number__c,,5553
006WR00000wkAjbYAE,Friendly Mobile Home Park,,"5553 Our Ln, Zephyrhills, FL 33542, USA",Property_Street__c,,Our Ln
006WR00000wkAjcYAE,Holiday Haven Mobile Home Park,,"8301 New York Ave, Hudson, FL 34667, USA",Property_Street_Number__c,,8301
006WR00000wkAjcYAE,Holiday Haven Mobile Home Park,,"8301 New York Ave, Hudson, FL 34667, USA",Property_Street__c,,New York Ave
006WR00000wkAjdYAE,Lake Bonnet Estates,,"2143 E Camp N Comfort Ln, Avon Park, FL, USA",Property_Street_Number__c,,2143
006WR00000wkAjdYAE,Lake Bonnet Estates,,"2143 E Camp N Comfort Ln, Avon Park, FL, USA",Property_Street__c,,E Camp N Comfort Ln
006WR00000wkAjeYAE,Shadow Ridge Apartments,,3699 Barnard Dr Oceanside CA 92056-4027,Property_Street_Number__c,,3699
006WR00000wkAjeYAE,Shadow Ridge Apartments,,3699 Barnard Dr Oceanside CA 92056-4027,Property_Street__c,,Barnard Dr
006WR00000wkAjfYAE,Summit By The Lake,,4750  Calle Las Positas Oceanside CA 2057-5906,Property_Street_Number__c,,4750
006WR00000wkAjfYAE,Summit By The Lake,,4750  Calle Las Positas Oceanside CA 2057-5906,Property_Street__c,,Calle Las Positas Oceanside CA 2057-5906
006WR00000wkAjgYAE,Lakeside Gardens,,"83 Lakeside Garden Circle, Lake Wales, FL 33859, USA",Property_Street_Number__c,,83
006WR00000wkAjgYAE,Lakeside Gardens,,"83 Lakeside Garden Circle, Lake Wales, FL 33859, USA",Property_Street__c,,Lakeside Garden Circle
006WR00000wkAjhYAE,Lloyd's Mobile Home Park,,"1419 26th Avenue West, Bradenton, FL 34205, USA",Property_Street_Number__c,,1419
006WR00000wkAjhYAE,Lloyd's Mobile Home Park,,"1419 26th Avenue West, Bradenton, FL 34205, USA",Property_Street__c,,26th Avenue West
006WR00000wkAjiYAE,Marietta Mobile Court,,"1911 Citrus Blvd, Leesburg, FL 34748, USA",Property_Street_Number__c,,1911
006WR00000wkAjiYAE,Marietta Mobile Court,,"1911 Citrus Blvd, Leesburg, FL 34748, USA",Property_Street__c,,Citrus Blvd
006WR00000wkAjjYAE,Oak Shores,,"7915 Elliott Road, Sebring, FL 33876, USA",Property_Street_Number__c,,7915
006WR00000wkAjjYAE,Oak Shores,,"7915 Elliott Road, Sebring, FL 33876, USA",Property_Street__c,,Elliott Road
006WR00000wkAjkYAE,Sunshine RV Resort MH / RV (3),,"303 FL-70, Lake Placid, FL 33852, USA",Property_Street_Number__c,,303
006WR00000wkAjkYAE,Sunshine RV Resort MH / RV (3),,"303 FL-70, Lake Placid, FL 33852, USA",Property_Street__c,,FL-70
006WR00000wkAjlYAE,Titusville Estates Mobile Home Community,,"671 N Dixie Ave, Titusville, FL 32796, USA",Property_Street_Number__c,,671
006WR00000wkAjlYAE,Titusville Estates Mobile Home Community,,"671 N Dixie Ave, Titusville, FL 32796, USA",Property_Street__c,,N Dixie Ave
006WR00000wkAjmYAE,Countryview Jonesboro,,"1305 N Floyd St, Jonesboro, AR 72401, USA",Property_Street_Number__c,,1305
006WR00000wkAjmYAE,Countryview Jonesboro,,"1305 N Floyd St, Jonesboro, AR 72401, USA",Property_Street__c,,N Floyd St
006WR00000wkAjnYAE,First Point,,"1978 S Lucille St, Traverse City, Michigan 49684, USA",Property_Street_Number__c,,1978
006WR00000wkAjnYAE,First Point,,"1978 S Lucille St, Traverse City, Michigan 49684, USA",Property_Street__c,,S Lucille St
006WR00000wkAjoYAE,Cape Woods Resorts,,"47649 Buxton Back Rd, Buxton, NC 27920, USA",Property_Street_Number__c,,47649
006WR00000wkAjoYAE,Cape Woods Resorts,,"47649 Buxton Back Rd, Buxton, NC 27920, USA",Property_Street__c,,Buxton Back Rd
006WR00000wkAjpYAE,Ernie's Mobile Home Park,,"7971 County Rd 107, Proctorville, OH 45669, USA",Property_Street_Number__c,,7971
006WR00000wkAjpYAE,Ernie's Mobile Home Park,,"7971 County Rd 107, Proctorville, OH 45669, USA",Property_Street__c,,County Rd 107
006WR00000wkAjqYAE,Riverside Mobile Estates,,"901 Regan Rd #101, Rock Falls, IL 61071, USA",Property_Street_Number__c,,901
006WR00000wkAjqYAE,Riverside Mobile Estates,,"901 Regan Rd #101, Rock Falls, IL 61071, USA",Property_Street__c,,Regan Rd
006WR00000wkAjrYAE,Green Acres Mobile Home Park,,"519 IL-2, Dixon, IL 61021, USA",Property_Street_Number__c,,519
006WR00000wkAjrYAE,Green Acres Mobile Home Park,,"519 IL-2, Dixon, IL 61021, USA",Property_Street__c,,IL-2
006WR00000wkAjsYAE,Pleasant Acres Mobile Home Park,,"101 S Running Deer Cir, Dudley, NC 28333, USA",Property_Street_Number__c,,101
006WR00000wkAjsYAE,Pleasant Acres Mobile Home Park,,"101 S Running Deer Cir, Dudley, NC 28333, USA",Property_Street__c,,S Running Deer Cir
006WR00000wkAjtYAE,Camino Colony,Oceanside_MDU_Camino Colony,1207 S El  CAmino Real Oceanside CA 92054-4785,Property_Street_Number__c,,1207
006WR00000wkAjtYAE,Camino Colony,Oceanside_MDU_Camino Colony,1207 S El  CAmino Real Oceanside CA 92054-4785,Property_Street__c,,S El  CAmino Real
006WR00000wkAjuYAE,Country Villas,Oceanside_MDU_Country Villas,283 Douglas Dr Oceanside CA 92058,Property_Street_Number__c,,283
006WR00000wkAjuYAE,Country Villas,Oceanside_MDU_Country Villas,283 Douglas Dr Oceanside CA 92058,Property_Street__c,,Douglas Dr
006WR00000wkAjvYAE,The Villages of Monterey,,3901 Mesa Dr Oceanside CA 92056,Property_Street_Number__c,,3901
006WR00000wkAjvYAE,The Villages of Monterey,,3901 Mesa Dr Oceanside CA 92056,Property_Street__c,,Mesa Dr
006WR00000wkAjwYAE,Presidio at Rancho Del Oro,,4401 Mission Ave Oceanside CA 92057,Property_Street_Number__c,,4401
006WR00000wkAjwYAE,Presidio at Rancho Del Oro,,4401 Mission Ave Oceanside CA 92057,Property_Street__c,,Mission Ave
006WR00000wkAjxYAE,Mission Hills,,210-320 Rancho Del Oro Dr Oceanside CA 92057-7302,Property_Street_Number__c,,210-320
006WR00000wkAjxYAE,Mission Hills,,210-320 Rancho Del Oro Dr Oceanside CA 92057-7302,Property_Street__c,,Rancho Del Oro Dr
006WR00000wkAjyYAE,Valley View,,377-479 Vandegrift Blvd Oceanside CA 92057,Property_Street_Number__c,,377-479
006WR00000wkAjyYAE,Valley View,,377-479 Vandegrift Blvd Oceanside CA 92057,Property_Street__c,,Vandegrift Blvd
006WR00000wkAjzYAE,Ocean Breeze Senior Village,,960 Vine St Oceanside CA 92054,Property_Street_Number__c,,960
006WR00000wkAjzYAE,Ocean Breeze Senior Village,,960 Vine St Oceanside CA 92054,Property_Street__c,,Vine St
006WR00000wkAk0YAE,Windsor Aviara,,"6610 Ambrosia Ln, Carlsbad, CA",Property_Street_Number__c,,6610
006WR00000wkAk0YAE,Windsor Aviara,,"6610 Ambrosia Ln, Carlsbad, CA",Property_Street__c,,Ambrosia Ln
006WR00000wkAk1YAE,The Bluffs at Carlsbad,,"2701-2707 Avenida de Anita, Carlsbad, CA",Property_Street_Number__c,,2701-2707
006WR00000wkAk1YAE,The Bluffs at Carlsbad,,"2701-2707 Avenida de Anita, Carlsbad, CA",Property_Street__c,,Avenida de Anita
006WR00000wkAk2YAE,Carlsbad Station,,"2775 State Street, Carlsbad, CA, USA",Property_Street_Number__c,,2775
006WR00000wkAk2YAE,Carlsbad Station,,"2775 State Street, Carlsbad, CA, USA",Property_Street__c,,State Street
006WR00000wkAk3YAE,Inwood Station,,"2727 Sadler Cir, Dallas, TX 75235, USA",Property_Street_Number__c,,2727
006WR00000wkAk3YAE,Inwood Station,,"2727 Sadler Cir, Dallas, TX 75235, USA",Property_Street__c,,Sadler Cir
006WR00000wkAk4YAE,Maple at Med Center,,"5522 Maple Avenue, Dallas, TX, USA",Property_Street_Number__c,,5522
006WR00000wkAk4YAE,Maple at Med Center,,"5522 Maple Avenue, Dallas, TX, USA",Property_Street__c,,Maple Avenue
006WR00000wkAk5YAE,Flower Fields,,"2666 Flower Fields Way, Carlsbad, CA, USA",Property_Street_Number__c,,2666
006WR00000wkAk5YAE,Flower Fields,,"2666 Flower Fields Way, Carlsbad, CA, USA",Property_Street__c,,Flower Fields Way
006WR00000wkAk6YAE,Seagate Condominium Rentals,,"6555 Sea Gate Road, Carlsbad, CA, USA",Property_Street_Number__c,,6555
006WR00000wkAk6YAE,Seagate Condominium Rentals,,"6555 Sea Gate Road, Carlsbad, CA, USA",Property_Street__c,,Sea Gate Road
006WR00000wkAk7YAE,Fiori on Vitruvian Park,,"3990 Vitruvian Way, Addison, TX, USA",Property_Street_Number__c,,3990
006WR00000wkAk7YAE,Fiori on Vitruvian Park,,"3990 Vitruvian Way, Addison, TX, USA",Property_Street__c,,Vitruvian Way
006WR00000wkAk8YAE,Camp Pendleton,,"98 San Jacinto Road, Oceanside, CA, USA",Property_Street_Number__c,,98
006WR00000wkAk8YAE,Camp Pendleton,,"98 San Jacinto Road, Oceanside, CA, USA",Property_Street__c,,San Jacinto Road
006WR00000wkAk9YAE,Four Seasons Condominiums of Winter Park,Winter Park_MDU_Four Seasons Condominiums of Winter Park,"200 St Andrews Blvd, Winter Park, FL, USA",Property_Street_Number__c,,200
006WR00000wkAk9YAE,Four Seasons Condominiums of Winter Park,Winter Park_MDU_Four Seasons Condominiums of Winter Park,"200 St Andrews Blvd, Winter Park, FL, USA",Property_Street__c,,St Andrews Blvd
006WR00000wkAkAYAU,Estates at Park Central,,"5145 City Street, Orlando, FL, USA",Property_Street_Number__c,,5145
006WR00000wkAkAYAU,Estates at Park Central,,"5145 City Street, Orlando, FL, USA",Property_Street__c,,City Street
006WR00000wkAkBYAU,River Oaks Condos,,"4850 Cedar Springs Rd, Dallas, TX, USA",Property_Street_Number__c,,4850
006WR00000wkAkBYAU,River Oaks Condos,,"4850 Cedar Springs Rd, Dallas, TX, USA",Property_Street__c,,Cedar Springs Rd
006WR00000wkAkCYAU,Arbors of Central Park,,"2701 Parkview Ln, Bedford, TX 76022, USA",Property_Street_Number__c,,2701
006WR00000wkAkCYAU,Arbors of Central Park,,"2701 Parkview Ln, Bedford, TX 76022, USA",Property_Street__c,,Parkview Ln
006WR00000wkAkDYAU,South Side on Lamar,,"1409 Botham Jean Blvd, Dallas, TX, USA",Property_Street_Number__c,,1409
006WR00000wkAkDYAU,South Side on Lamar,,"1409 Botham Jean Blvd, Dallas, TX, USA",Property_Street__c,,Botham Jean Blvd
006WR00000wkAkEYAU,Butler Brothers Building,,"500 South Ervay Street, Dallas, TX, USA",Property_Street_Number__c,,500
006WR00000wkAkEYAU,Butler Brothers Building,,"500 South Ervay Street, Dallas, TX, USA",Property_Street__c,,South Ervay Street
006WR00000wkAkFYAU,Townhomes of Bent Tree,,"17671 Addison Rd, Dallas, TX, USA",Property_Street_Number__c,,17671
006WR00000wkAkFYAU,Townhomes of Bent Tree,,"17671 Addison Rd, Dallas, TX, USA",Property_Street__c,,Addison Rd
006WR00000wkAkGYAU,Old West Manor II Homeowners Association Inc,Mesa_MDU_Old West Manor II Homeowners Association,"3030 S Alma School Rd, Mesa, AZ 85210, USA",Property_Street_Number__c,,3030
006WR00000wkAkGYAU,Old West Manor II Homeowners Association Inc,Mesa_MDU_Old West Manor II Homeowners Association,"3030 S Alma School Rd, Mesa, AZ 85210, USA",Property_Street__c,,S Alma School Rd
006WR00000wkAkHYAU,Adiamo Palm Valley,Goodyear_MDU_Adiamo Pine Valley,"2100 North 145th Avenue, Goodyear, AZ, USA",Property_Street_Number__c,,2100
006WR00000wkAkHYAU,Adiamo Palm Valley,Goodyear_MDU_Adiamo Pine Valley,"2100 North 145th Avenue, Goodyear, AZ, USA",Property_Street__c,,North 145th Avenue
006WR00000wkAkIYAU,The Mayflower Dallas,,"411 North Akard Dallas, TX",Property_Street_Number__c,,411
006WR00000wkAkIYAU,The Mayflower Dallas,,"411 North Akard Dallas, TX",Property_Street__c,,North Akard Dallas
006WR00000wkAkJYAU,State Thomas Ravello,,"2610 Allen Street, Dallas, TX USA",Property_Street_Number__c,,2610
006WR00000wkAkJYAU,State Thomas Ravello,,"2610 Allen Street, Dallas, TX USA",Property_Street__c,,Allen Street
006WR00000wkAkKYAU,MAA McKinney Avenue,,"2815 Allen Street, Dallas, TX, USA",Property_Street_Number__c,,2815
006WR00000wkAkKYAU,MAA McKinney Avenue,,"2815 Allen Street, Dallas, TX, USA",Property_Street__c,,Allen Street
006WR00000wkAkLYAU,Village on the Green,,"5301 Alpha Rd., Dallas, TX, USA",Property_Street_Number__c,,5301
006WR00000wkAkLYAU,Village on the Green,,"5301 Alpha Rd., Dallas, TX, USA",Property_Street__c,,Alpha Rd.
006WR00000wkAkMYAU,Teak at the Branch,,"4601 Amesbury Dr,  Dallas, TX, USA",Property_Street_Number__c,,4601
006WR00000wkAkMYAU,Teak at the Branch,,"4601 Amesbury Dr,  Dallas, TX, USA",Property_Street__c,,Amesbury Dr
006WR00000wkAkNYAU,Cedar at the Branch,,"4606 Amesbury Drive, Dallas, TX, USA",Property_Street_Number__c,,4606
006WR00000wkAkNYAU,Cedar at the Branch,,"4606 Amesbury Drive, Dallas, TX, USA",Property_Street__c,,Amesbury Drive
006WR00000wkAkOYAU,The Ash at the Branch,,"4646 Amesbury Drive, Dallas, TX, USA",Property_Street_Number__c,,4646
006WR00000wkAkOYAU,The Ash at the Branch,,"4646 Amesbury Drive, Dallas, TX, USA",Property_Street__c,,Amesbury Drive
006WR00000wkAkPYAU,Camden Greenville,,"5065 Amesbury Drive, Dallas, TX, USA",Property_Street_Number__c,,5065
006WR00000wkAkPYAU,Camden Greenville,,"5065 Amesbury Drive, Dallas, TX, USA",Property_Street__c,,Amesbury Drive
006WR00000wkAkQYAU,Villeta Apartments,Mesa_MDU_Villeta Apartments,"1840 W Emelita Ave, Mesa, AZ 85202, USA",Property_Street_Number__c,,1840
006WR00000wkAkQYAU,Villeta Apartments,Mesa_MDU_Villeta Apartments,"1840 W Emelita Ave, Mesa, AZ 85202, USA",Property_Street__c,,W Emelita Ave
006WR00000wkAkRYAU,2 Vista Vallley Apartments/LONGMORE ESTATES CONDOS NORTH & SOUTH,,"850 South Longmore #141, Mesa, AZ 85202, USA",Property_Street_Number__c,,850
006WR00000wkAkRYAU,2 Vista Vallley Apartments/LONGMORE ESTATES CONDOS NORTH & SOUTH,,"850 South Longmore #141, Mesa, AZ 85202, USA",Property_Street__c,,South Longmore
006WR00000wkAkSYAU,Santa Fe Villas,,"715 South Extension Road, Mesa, AZ 85210, USA",Property_Street_Number__c,,715
006WR00000wkAkSYAU,Santa Fe Villas,,"715 South Extension Road, Mesa, AZ 85210, USA",Property_Street__c,,South Extension Road
006WR00000wkAkTYAU,Fiesta Pointe,,"625 South Westwood, Mesa, AZ 85210, USA",Property_Street_Number__c,,625
006WR00000wkAkTYAU,Fiesta Pointe,,"625 South Westwood, Mesa, AZ 85210, USA",Property_Street__c,,South Westwood
006WR00000wkAkUYAU,The Cove Apartments,,"542 South Extension Road, Mesa, AZ 85210, USA",Property_Street_Number__c,,542
006WR00000wkAkUYAU,The Cove Apartments,,"542 South Extension Road, Mesa, AZ 85210, USA",Property_Street__c,,South Extension Road
006WR00000wkAkVYAU,Monterey Point Condominiums,,"510 South Extension Road #2032, Mesa, AZ 85210, USA",Property_Street_Number__c,,510
006WR00000wkAkVYAU,Monterey Point Condominiums,,"510 South Extension Road #2032, Mesa, AZ 85210, USA",Property_Street__c,,South Extension Road
006WR00000wkAkWYAU,Rise Broadway (old name - Broadway Gardens Condominiums),Mesa_MDU_Rice Broadway,"945 W Broadway Rd #1025, Mesa, AZ 85210, USA",Property_Street_Number__c,,945
006WR00000wkAkWYAU,Rise Broadway (old name - Broadway Gardens Condominiums),Mesa_MDU_Rice Broadway,"945 W Broadway Rd #1025, Mesa, AZ 85210, USA",Property_Street__c,,W Broadway Rd
006WR00000wkAkXYAU,Alma Meadows MHC,,"535 S Alma School Rd, Mesa, AZ 85210, USA",Property_Street_Number__c,,535
006WR00000wkAkXYAU,Alma Meadows MHC,,"535 S Alma School Rd, Mesa, AZ 85210, USA",Property_Street__c,,S Alma School Rd
006WR00000wkAkYYAU,Alma Park Apartments,,"718 S Alma School Rd, Mesa, AZ 85210, USA",Property_Street_Number__c,,718
006WR00000wkAkYYAU,Alma Park Apartments,,"718 S Alma School Rd, Mesa, AZ 85210, USA",Property_Street__c,,S Alma School Rd
006WR00000wkAkZYAU,Villas Mesa 3,,"948 S Alma School Rd, Mesa, AZ 85210, USA",Property_Street_Number__c,,948
006WR00000wkAkZYAU,Villas Mesa 3,,"948 S Alma School Rd, Mesa, AZ 85210, USA",Property_Street__c,,S Alma School Rd
006WR00000wkAqzYAE,Primrose Estates,,"2551 E McKellips Rd, Mesa, AZ, USA",Property_Street_Number__c,,2551
006WR00000wkAqzYAE,Primrose Estates,,"2551 E McKellips Rd, Mesa, AZ, USA",Property_Street__c,,E McKellips Rd
006WR00000wkAr0YAE,Village Green,,"460 Mississippi Street Northeast, Fridley, MN 55432, USA",Property_Street_Number__c,,460
006WR00000wkAr0YAE,Village Green,,"460 Mississippi Street Northeast, Fridley, MN 55432, USA",Property_Street__c,,Mississippi Street Northeast
006WR00000wkAr1YAE,Rockcliffe Apartments,,"2389 S SE Blvd, Spokane Valley, WA, USA",Property_Street_Number__c,,2389
006WR00000wkAr1YAE,Rockcliffe Apartments,,"2389 S SE Blvd, Spokane Valley, WA, USA",Property_Street__c,,S SE Blvd
006WR00000wkAr2YAE,Midland Heights,,"1602 S Grandview Ave, Papillion, NE 68046",Property_Street_Number__c,,1602
006WR00000wkAr2YAE,Midland Heights,,"1602 S Grandview Ave, Papillion, NE 68046",Property_Street__c,,S Grandview Ave
006WR00000wkAr3YAE,Salt,,"260 Rio Salado Parkway, Tempe, AZ 85281, USA",Property_Street_Number__c,,260
006WR00000wkAr3YAE,Salt,,"260 Rio Salado Parkway, Tempe, AZ 85281, USA",Property_Street__c,,Rio Salado Parkway
006WR00000wkAr4YAE,Parkwood Terrace,Omaha_MDU_Parkwood Terrace Apts,"9205 Western Avenue, Omaha, NE, USA",Property_Street_Number__c,,9205
006WR00000wkAr4YAE,Parkwood Terrace,Omaha_MDU_Parkwood Terrace Apts,"9205 Western Avenue, Omaha, NE, USA",Property_Street__c,,Western Avenue
006WR00000wkAr4YAE,Parkwood Terrace,Omaha_MDU_Parkwood Terrace Apts,"9205 Western Avenue, Omaha, NE, USA",Property_County__c,,Douglas
006WR00000wkAr5YAE,Pinewood Estates,,"1401 Pennsylvania St NE, Albuquerque, NM, USA",Property_Street_Number__c,,1401
006WR00000wkAr5YAE,Pinewood Estates,,"1401 Pennsylvania St NE, Albuquerque, NM, USA",Property_Street__c,,Pennsylvania St NE
006WR00000wkAr6YAE,Mountain Run Apartments,,"1219 South 580 West, Orem, UT, USA",Property_Street_Number__c,,1219
006WR00000wkAr6YAE,Mountain Run Apartments,,"1219 South 580 West, Orem, UT, USA",Property_Street__c,,South 580 West
006WR00000wkAr7YAE,Windsong Apartments,,"600 Front St S, Issaquah, WA, USA",Property_Street_Number__c,,600
006WR00000wkAr7YAE,Windsong Apartments,,"600 Front St S, Issaquah, WA, USA",Property_Street__c,,Front St S
006WR00000wkAr8YAE,Ascent Apartments,,"1151 East 6720 South, Cottonwood Heights, UT, USA",Property_Street_Number__c,,1151
006WR00000wkAr8YAE,Ascent Apartments,,"1151 East 6720 South, Cottonwood Heights, UT, USA",Property_Street__c,,East 6720 South
006WR00000wkAr9YAE,Stone Oaks Apartments,,"2450 W Pecos Rd, Chandler, AZ 85224, USA",Property_Street_Number__c,,2450
006WR00000wkAr9YAE,Stone Oaks Apartments,,"2450 W Pecos Rd, Chandler, AZ 85224, USA",Property_Street__c,,W Pecos Rd
006WR00000wkArAYAU,Milo at Mountain Park,,"2 Jefferson Pkwy, Lake Oswego, OR 97035, USA",Property_Street_Number__c,,2
006WR00000wkArAYAU,Milo at Mountain Park,,"2 Jefferson Pkwy, Lake Oswego, OR 97035, USA",Property_Street__c,,Jefferson Pkwy
006WR00000wkArCYAU,Maddox Apartments,,"905 North Marine Drive, Portland, OR, 97217",Property_Street_Number__c,,905
006WR00000wkArCYAU,Maddox Apartments,,"905 North Marine Drive, Portland, OR, 97217",Property_Street__c,,North Marine Drive
006WR00000wkArDYAU,Harbor Steps [LOST],,"1200 Western Avenue, Seattle, WA, USA",Property_Street_Number__c,,1200
006WR00000wkArDYAU,Harbor Steps [LOST],,"1200 Western Avenue, Seattle, WA, USA",Property_Street__c,,Western Avenue
006WR00000wkArEYAU,River Walk Apartments,,"1689 Shoreline Drive, Boise, ID, 83702",Property_Street_Number__c,,1689
006WR00000wkArEYAU,River Walk Apartments,,"1689 Shoreline Drive, Boise, ID, 83702",Property_Street__c,,Shoreline Drive
006WR00000wkArFYAU,River10 Apartments,,"2515 Fairoak Avenue, Anoka, MN 55303",Property_Street_Number__c,,2515
006WR00000wkArFYAU,River10 Apartments,,"2515 Fairoak Avenue, Anoka, MN 55303",Property_Street__c,,Fairoak Avenue
006WR00000wkArGYAU,Eden West,Omaha_MDU_Eden West Apartments,"9405 Western Plaza, Omaha, NE, USA",Property_Street_Number__c,,9405
006WR00000wkArGYAU,Eden West,Omaha_MDU_Eden West Apartments,"9405 Western Plaza, Omaha, NE, USA",Property_Street__c,,Western Plaza
006WR00000wkArGYAU,Eden West,Omaha_MDU_Eden West Apartments,"9405 Western Plaza, Omaha, NE, USA",Property_County__c,,Douglas
006WR00000wkArHYAU,Rya Suites,,"2535 Knollwood Drive, Grand Junction, CO, USA",Property_Street_Number__c,,2535
006WR00000wkArHYAU,Rya Suites,,"2535 Knollwood Drive, Grand Junction, CO, USA",Property_Street__c,,Knollwood Drive
006WR00000wkArIYAU,Westchester Square,,"5528 Meredith Dr, Des Moines, IA, USA",Property_Street_Number__c,,5528
006WR00000wkArIYAU,Westchester Square,,"5528 Meredith Dr, Des Moines, IA, USA",Property_Street__c,,Meredith Dr
006WR00000wkArJYAU,Riverview Highlands,,"1834 Mississippi River Boulevard, Saint Paul, MN",Property_Street_Number__c,,1834
006WR00000wkArJYAU,Riverview Highlands,,"1834 Mississippi River Boulevard, Saint Paul, MN",Property_Street__c,,Mississippi River Boulevard
006WR00000wkArKYAU,Lawrence Lofts,Seattle_MDU_Lawrence Lofts,"1818 E Madison St, Seattle, WA, USA",Property_Street_Number__c,,1818
006WR00000wkArKYAU,Lawrence Lofts,Seattle_MDU_Lawrence Lofts,"1818 E Madison St, Seattle, WA, USA",Property_Street__c,,E Madison St
006WR00000wkArLYAU,Vivace at Gateway Place,,4500 E Ray Rd 85296,Property_Street_Number__c,,4500
006WR00000wkArLYAU,Vivace at Gateway Place,,4500 E Ray Rd 85296,Property_Street__c,,E Ray Rd
006WR00000wkArMYAU,Madison Crossing,Seattle_MDU_Madison Crossing,"1610 16th Avenue, Seattle, WA, USA",Property_Street_Number__c,,1610
006WR00000wkArMYAU,Madison Crossing,Seattle_MDU_Madison Crossing,"1610 16th Avenue, Seattle, WA, USA",Property_Street__c,,16th Avenue
006WR00000wkArNYAU,The Vue at Spring Creek,,"1836 Ralphs Ridge, Colorado Springs, CO, USA",Property_Street_Number__c,,1836
006WR00000wkArNYAU,The Vue at Spring Creek,,"1836 Ralphs Ridge, Colorado Springs, CO, USA",Property_Street__c,,Ralphs Ridge
006WR00000wkArOYAU,Shannon South AVE5,,"5877 West Kootenai Street, Boise, ID 83705",Property_Street_Number__c,,5877
006WR00000wkArOYAU,Shannon South AVE5,,"5877 West Kootenai Street, Boise, ID 83705",Property_Street__c,,West Kootenai Street
006WR00000wkArPYAU,Phillipi Plaza,,"5481 West Franklin Street, Boise, ID, USA",Property_Street_Number__c,,5481
006WR00000wkArPYAU,Phillipi Plaza,,"5481 West Franklin Street, Boise, ID, USA",Property_Street__c,,West Franklin Street
006WR00000wkArQYAU,Burnsville Parkway Apartments,,"1701 West Burnsville Parkway, Burnsville, MN 55337",Property_Street_Number__c,,1701
006WR00000wkArQYAU,Burnsville Parkway Apartments,,"1701 West Burnsville Parkway, Burnsville, MN 55337",Property_Street__c,,West Burnsville Parkway
006WR00000wkArRYAU,Hamline Pointe [LOST],,"1125 Hamline Ave N, St Paul, MN 55108",Property_Street_Number__c,,1125
006WR00000wkArRYAU,Hamline Pointe [LOST],,"1125 Hamline Ave N, St Paul, MN 55108",Property_Street__c,,Hamline Ave N
006WR00000wkArSYAU,Peppermill Lofts,,"491 28 1/4 Rd, Grand Junction, CO, USA",Property_Street_Number__c,,491
006WR00000wkArSYAU,Peppermill Lofts,,"491 28 1/4 Rd, Grand Junction, CO, USA",Property_Street__c,,28 1/4 Rd
006WR00000wkArTYAU,Reserve at Metolius [LOST],,"3570 Southwest Metolius Avenue, Redmond, OR, USA",Property_Street_Number__c,,3570
006WR00000wkArTYAU,Reserve at Metolius [LOST],,"3570 Southwest Metolius Avenue, Redmond, OR, USA",Property_Street__c,,Southwest Metolius Avenue
006WR00000wkArUYAU,Maple Park,,"2601 North Maple Lane, Sioux Falls, SD, USA",Property_Street_Number__c,,2601
006WR00000wkArUYAU,Maple Park,,"2601 North Maple Lane, Sioux Falls, SD, USA",Property_Street__c,,North Maple Lane
006WR00000wkArVYAU,Skywater at Town Lake,,"601 Rio Salado Parkway, Tempe, AZ 85281, USA",Property_Street_Number__c,,601
006WR00000wkArVYAU,Skywater at Town Lake,,"601 Rio Salado Parkway, Tempe, AZ 85281, USA",Property_Street__c,,Rio Salado Parkway
006WR00000wkArWYAU,Woodland West,,"4403 Woodland Avenue, West Des Moines, IA, USA",Property_Street_Number__c,,4403
006WR00000wkArWYAU,Woodland West,,"4403 Woodland Avenue, West Des Moines, IA, USA",Property_Street__c,,Woodland Avenue
006WR00000wkArXYAU,Cascade Apartments,,"1100 Center Street, Henderson, NV 89015, USA",Property_Street_Number__c,,1100
006WR00000wkArXYAU,Cascade Apartments,,"1100 Center Street, Henderson, NV 89015, USA",Property_Street__c,,Center Street
006WR00000wkArYYAU,Colonial Village,,"1340 42nd Street, West Des Moines, IA, USA",Property_Street_Number__c,,1340
006WR00000wkArYYAU,Colonial Village,,"1340 42nd Street, West Des Moines, IA, USA",Property_Street__c,,42nd Street
006WR00000wkArZYAU,Brookside Condos,,"6630 Cody Dr, West Des Moines, IA 50266, USA",Property_Street_Number__c,,6630
006WR00000wkArZYAU,Brookside Condos,,"6630 Cody Dr, West Des Moines, IA 50266, USA",Property_Street__c,,Cody Dr
006WR00000wkAraYAE,Jefferson West,,"2815 W Madison Ave, Boise, ID, USA",Property_Street_Number__c,,2815
006WR00000wkAraYAE,Jefferson West,,"2815 W Madison Ave, Boise, ID, USA",Property_Street__c,,W Madison Ave
006WR00000wkArbYAE,Greenhouse Apartments,,"900 Farnam Street, Omaha, NE, USA",Property_Street_Number__c,,900
006WR00000wkArbYAE,Greenhouse Apartments,,"900 Farnam Street, Omaha, NE, USA",Property_Street__c,,Farnam Street
006WR00000wkArcYAE,Audenn Apartments,,"10660 Hampshire Avenue South, Bloomington, MN, USA",Property_Street_Number__c,,10660
006WR00000wkArcYAE,Audenn Apartments,,"10660 Hampshire Avenue South, Bloomington, MN, USA",Property_Street__c,,Hampshire Avenue South
006WR00000wkArdYAE,Shoreview Grand Apartments,,"577 Harriet Ave, Shoreview, MN 55126",Property_Street_Number__c,,577
006WR00000wkArdYAE,Shoreview Grand Apartments,,"577 Harriet Ave, Shoreview, MN 55126",Property_Street__c,,Harriet Ave
006WR00000wkAreYAE,Saddlebrook Apartments,,"8301 Colby Parkway, Urbandale, Iowa 50322, USA",Property_Street_Number__c,,8301
006WR00000wkAreYAE,Saddlebrook Apartments,,"8301 Colby Parkway, Urbandale, Iowa 50322, USA",Property_Street__c,,Colby Parkway
006WR00000wkArfYAE,Jasper Apartments,,"8606 35th Ave NE, Seattle, WA 98115, USA",Property_Street_Number__c,,8606
006WR00000wkArfYAE,Jasper Apartments,,"8606 35th Ave NE, Seattle, WA 98115, USA",Property_Street__c,,35th Ave NE
006WR00000wkArgYAE,Arioso Apartments,,"7303 Montgomery Blvd NE, Albuquerque, NM, USA",Property_Street_Number__c,,7303
006WR00000wkArgYAE,Arioso Apartments,,"7303 Montgomery Blvd NE, Albuquerque, NM, USA",Property_Street__c,,Montgomery Blvd NE
006WR00000wkArhYAE,Perry & Rio Salado,,"1891 East Rio Salado Parkway, Tempe, AZ, USA",Property_Street_Number__c,,1891
006WR00000wkArhYAE,Perry & Rio Salado,,"1891 East Rio Salado Parkway, Tempe, AZ, USA",Property_Street__c,,East Rio Salado Parkway
006WR00000wkAriYAE,High Pointe,,"8650 Crescent Chase, Johnston, IA, USA",Property_Street_Number__c,,8650
006WR00000wkAriYAE,High Pointe,,"8650 Crescent Chase, Johnston, IA, USA",Property_Street__c,,Crescent Chase
006WR00000wkArjYAE,Symphony,,"2225 West Frye Road, Chandler, AZ, USA",Property_Street_Number__c,,2225
006WR00000wkArjYAE,Symphony,,"2225 West Frye Road, Chandler, AZ, USA",Property_Street__c,,West Frye Road
006WR00000wkArkYAE,Pines at Marston Lake,,"4801 S Wadsworth Blvd, Denver, CO, 80123",Property_Street_Number__c,,4801
006WR00000wkArkYAE,Pines at Marston Lake,,"4801 S Wadsworth Blvd, Denver, CO, 80123",Property_Street__c,,S Wadsworth Blvd
006WR00000wkArlYAE,Ingersoll Towers,,"3662 Ingersoll Avenue, Des Moines, IA, USA",Property_Street_Number__c,,3662
006WR00000wkArlYAE,Ingersoll Towers,,"3662 Ingersoll Avenue, Des Moines, IA, USA",Property_Street__c,,Ingersoll Avenue
006WR00000wkArmYAE,Plaza Manor,,"3815 66th Street, Urbandale, IA, USA",Property_Street_Number__c,,3815
006WR00000wkArmYAE,Plaza Manor,,"3815 66th Street, Urbandale, IA, USA",Property_Street__c,,66th Street
006WR00000wkArnYAE,Mansions at Jordan Creek,,"355 88th Street, West Des Moines, IA, USA",Property_Street_Number__c,,355
006WR00000wkArnYAE,Mansions at Jordan Creek,,"355 88th Street, West Des Moines, IA, USA",Property_Street__c,,88th Street
006WR00000wkAroYAE,Crescent Chase,,"8650 Crescent Chase, Johnston, IA, USA",Property_Street_Number__c,,8650
006WR00000wkAroYAE,Crescent Chase,,"8650 Crescent Chase, Johnston, IA, USA",Property_Street__c,,Crescent Chase
006WR00000wkArpYAE,Sugar Pine,,"2901 Robert Ln, Boise, ID 83705",Property_Street_Number__c,,2901
006WR00000wkArpYAE,Sugar Pine,,"2901 Robert Ln, Boise, ID 83705",Property_Street__c,,Robert Ln
006WR00000wkArqYAE,Alterra Apartments,,"801 S Prudence Rd, Tucson, AZ, USA",Property_Street_Number__c,,801
006WR00000wkArqYAE,Alterra Apartments,,"801 S Prudence Rd, Tucson, AZ, USA",Property_Street__c,,S Prudence Rd
006WR00000wkArrYAE,Astoria Senior Living,Omaha_MDU_Astoria Senior Living,"9220 Western Ave, Omaha, NE, USA",Property_Street_Number__c,,9220
006WR00000wkArrYAE,Astoria Senior Living,Omaha_MDU_Astoria Senior Living,"9220 Western Ave, Omaha, NE, USA",Property_Street__c,,Western Ave
006WR00000wkArrYAE,Astoria Senior Living,Omaha_MDU_Astoria Senior Living,"9220 Western Ave, Omaha, NE, USA",Property_County__c,,Douglas
006WR00000wkArsYAE,Castlebrook Condos,,"1439 Arthur Dr, Provo, UT, USA",Property_Street_Number__c,,1439
006WR00000wkArsYAE,Castlebrook Condos,,"1439 Arthur Dr, Provo, UT, USA",Property_Street__c,,Arthur Dr
006WR00000wkArtYAE,Bridlewood Apartments,,"108 5th Ave NW, Altoona, IA 50009",Property_Street_Number__c,,108
006WR00000wkArtYAE,Bridlewood Apartments,,"108 5th Ave NW, Altoona, IA 50009",Property_Street__c,,5th Ave NW
006WR00000wkAruYAE,The Village at Westchester,,"5413 Aurora Avenue, Des Moines, IA, USA",Property_Street_Number__c,,5413
006WR00000wkAruYAE,The Village at Westchester,,"5413 Aurora Avenue, Des Moines, IA, USA",Property_Street__c,,Aurora Avenue
006WR00000wkArvYAE,Sherwood Glen,,"8825 Hickman Rd, Urbandale, IA, USA",Property_Street_Number__c,,8825
006WR00000wkArvYAE,Sherwood Glen,,"8825 Hickman Rd, Urbandale, IA, USA",Property_Street__c,,Hickman Rd
006WR00000wkArwYAE,Palm Terrace,,"555 East Ray Road, Chandler, AZ 85225, USA",Property_Street_Number__c,,555
006WR00000wkArwYAE,Palm Terrace,,"555 East Ray Road, Chandler, AZ 85225, USA",Property_Street__c,,East Ray Road
006WR00000wkArxYAE,The Towers Apartments,,"5404 Montgomery Blvd NE, Albuquerque, NM, USA",Property_Street_Number__c,,5404
006WR00000wkArxYAE,The Towers Apartments,,"5404 Montgomery Blvd NE, Albuquerque, NM, USA",Property_Street__c,,Montgomery Blvd NE
006WR00000wkAryYAE,Verve,,"2720 4th Avenue, Seattle, WA 98121, USA",Property_Street_Number__c,,2720
006WR00000wkAryYAE,Verve,,"2720 4th Avenue, Seattle, WA 98121, USA",Property_Street__c,,4th Avenue
006WR00000wkArzYAE,Wellington Apartments,,"4700 EP True Parkway, West Des Moines, IA 50265, USA",Property_Street_Number__c,,4700
006WR00000wkArzYAE,Wellington Apartments,,"4700 EP True Parkway, West Des Moines, IA 50265, USA",Property_Street__c,,EP True Parkway
006WR00000wkAs0YAE,Deer Creek,,"974 N Allumbaugh St, Boise, ID, USA",Property_Street_Number__c,,974
006WR00000wkAs0YAE,Deer Creek,,"974 N Allumbaugh St, Boise, ID, USA",Property_Street__c,,N Allumbaugh St
006WR00000wkAs1YAE,Selway Apartments,,"2552 West Selway Rapids Lane, Meridian, ID, USA",Property_Street_Number__c,,2552
006WR00000wkAs1YAE,Selway Apartments,,"2552 West Selway Rapids Lane, Meridian, ID, USA",Property_Street__c,,West Selway Rapids Lane
006WR00000wkAs2YAE,Washington Manor,,"3901 Woodland Avenue, West Des Moines, IA, USA",Property_Street_Number__c,,3901
006WR00000wkAs2YAE,Washington Manor,,"3901 Woodland Avenue, West Des Moines, IA, USA",Property_Street__c,,Woodland Avenue
006WR00000wkAs3YAE,Tropicana Villas,,"3544 Villa Knolls North Drive, Las Vegas, NV, USA",Property_Street_Number__c,,3544
006WR00000wkAs3YAE,Tropicana Villas,,"3544 Villa Knolls North Drive, Las Vegas, NV, USA",Property_Street__c,,Villa Knolls North Drive
006WR00000wkAs4YAE,San Palmas,,"1111 N Mission Park Blvd, Chandler, AZ 85224, USA",Property_Street_Number__c,,1111
006WR00000wkAs4YAE,San Palmas,,"1111 N Mission Park Blvd, Chandler, AZ 85224, USA",Property_Street__c,,N Mission Park Blvd
006WR00000wkAs5YAE,Seattle Heights,Seattle_MDU_Seattle Heights Condo Association,"2600 2nd Ave, Seattle, WA 98121, USA",Property_Street_Number__c,,2600
006WR00000wkAs5YAE,Seattle Heights,Seattle_MDU_Seattle Heights Condo Association,"2600 2nd Ave, Seattle, WA 98121, USA",Property_Street__c,,2nd Ave
006WR00000wkAs6YAE,The Cassidy at Western Hills,,"8950 North Normandale Street, Fort Worth, TX, USA",Property_Street_Number__c,,8950
006WR00000wkAs6YAE,The Cassidy at Western Hills,,"8950 North Normandale Street, Fort Worth, TX, USA",Property_Street__c,,North Normandale Street
006WR00000wkAs7YAE,Canterbury at Riverwalk,,"2751 Riverwalk Circle, Littleton, CO 80132",Property_Street_Number__c,,2751
006WR00000wkAs7YAE,Canterbury at Riverwalk,,"2751 Riverwalk Circle, Littleton, CO 80132",Property_Street__c,,Riverwalk Circle
006WR00000wkAs8YAE,CW Moore Apartments,,"450 W Grove St, Boise, ID 83702, USA",Property_Street_Number__c,,450
006WR00000wkAs8YAE,CW Moore Apartments,,"450 W Grove St, Boise, ID 83702, USA",Property_Street__c,,W Grove St
006WR00000wkAs9YAE,Westerley,,"411 West Commerce Street, Dallas, TX, USA",Property_Street_Number__c,,411
006WR00000wkAs9YAE,Westerley,,"411 West Commerce Street, Dallas, TX, USA",Property_Street__c,,West Commerce Street
006WR00000wkAsAYAU,Bellaire Ranch Apartments,,"4104 Sanders View, Colorado Springs, CO 80916, USA",Property_Street_Number__c,,4104
006WR00000wkAsAYAU,Bellaire Ranch Apartments,,"4104 Sanders View, Colorado Springs, CO 80916, USA",Property_Street__c,,Sanders View
006WR00000wkAsBYAU,Trails at San Tan,,"2505 E Williams Field Rd, Gilbert, AZ 85295, USA",Property_Street_Number__c,,2505
006WR00000wkAsBYAU,Trails at San Tan,,"2505 E Williams Field Rd, Gilbert, AZ 85295, USA",Property_Street__c,,E Williams Field Rd
006WR00000wkAsCYAU,Alcove at the Islands,Gilbert_MDU_Alcove at the Islands,"1300 W Warner Rd, Tempe, AZ, USA",Property_Street_Number__c,,1300
006WR00000wkAsCYAU,Alcove at the Islands,Gilbert_MDU_Alcove at the Islands,"1300 W Warner Rd, Tempe, AZ, USA",Property_Street__c,,W Warner Rd
006WR00000wkAsDYAU,Stillwater Rivulon,,"635 E Pecos Rd, Gilbert, AZ 85295, USA",Property_Street_Number__c,,635
006WR00000wkAsDYAU,Stillwater Rivulon,,"635 E Pecos Rd, Gilbert, AZ 85295, USA",Property_Street__c,,E Pecos Rd
006WR00000wkAsEYAU,West Sixth Tempe,,"West 6th, West 6th Street, Tempe, AZ 85281, USA",Property_Street__c,,West 6th
006WR00000wkAsFYAU,Novus 3G,,"757 E 6th St, Tempe, AZ 85281, USA",Property_Street_Number__c,,757
006WR00000wkAsFYAU,Novus 3G,,"757 E 6th St, Tempe, AZ 85281, USA",Property_Street__c,,E 6th St
006WR00000wkAsGYAU,Studio 710,,"710 S Hardy Dr, Tempe, AZ 85281, USA",Property_Street_Number__c,,710
006WR00000wkAsGYAU,Studio 710,,"710 S Hardy Dr, Tempe, AZ 85281, USA",Property_Street__c,,S Hardy Dr
006WR00000wkAsHYAU,Town Chandler,,"2375 West Frye Road, Chandler, AZ, USA",Property_Street_Number__c,,2375
006WR00000wkAsHYAU,Town Chandler,,"2375 West Frye Road, Chandler, AZ, USA",Property_Street__c,,West Frye Road
006WR00000wkAsIYAU,The Reserve at Gilbert Towne Center,,"351 E Civic Center Dr, Gilbert, AZ 85296, USA",Property_Street_Number__c,,351
006WR00000wkAsIYAU,The Reserve at Gilbert Towne Center,,"351 E Civic Center Dr, Gilbert, AZ 85296, USA",Property_Street__c,,E Civic Center Dr
006WR00000wkAsJYAU,Espiral Apartments,,"125 E Guadalupe Rd, Gilbert, AZ 85234, USA",Property_Street_Number__c,,125
006WR00000wkAsJYAU,Espiral Apartments,,"125 E Guadalupe Rd, Gilbert, AZ 85234, USA",Property_Street__c,,E Guadalupe Rd
006WR00000wkAsKYAU,The Gilmore,,"1500 E Melrose St, Gilbert, AZ 85297, USA",Property_Street_Number__c,,1500
006WR00000wkAsKYAU,The Gilmore,,"1500 E Melrose St, Gilbert, AZ 85297, USA",Property_Street__c,,E Melrose St
006WR00000wkAsLYAU,Tempe Station,,"2323 E Apache Blvd, Tempe, AZ, USA",Property_Street_Number__c,,2323
006WR00000wkAsLYAU,Tempe Station,,"2323 E Apache Blvd, Tempe, AZ, USA",Property_Street__c,,E Apache Blvd
006WR00000wkAsMYAU,Verena at Gilbert,,"1505 E Willis Rd, Gilbert, AZ 85297, USA",Property_Street_Number__c,,1505
006WR00000wkAsMYAU,Verena at Gilbert,,"1505 E Willis Rd, Gilbert, AZ 85297, USA",Property_Street__c,,E Willis Rd
006WR00000wkAsNYAU,Dobson Towne Centre Apartments,,"1817 N Dobson Rd, Chandler, AZ, USA",Property_Street_Number__c,,1817
006WR00000wkAsNYAU,Dobson Towne Centre Apartments,,"1817 N Dobson Rd, Chandler, AZ, USA",Property_Street__c,,N Dobson Rd
006WR00000wkAsOYAU,Tuscany at Gabriella Pointe,,"E Warner Rd, Gilbert, AZ 85296, USA",Property_Street__c,,E Warner Rd
006WR00000wkAsPYAU,Skyview,,"855 South Rural Road, Tempe, AZ, USA",Property_Street_Number__c,,855
006WR00000wkAsPYAU,Skyview,,"855 South Rural Road, Tempe, AZ, USA",Property_Street__c,,South Rural Road
006WR00000wkAsQYAU,The Alyssa,,"98 South River Drive, Tempe, AZ, USA",Property_Street_Number__c,,98
006WR00000wkAsQYAU,The Alyssa,,"98 South River Drive, Tempe, AZ, USA",Property_Street__c,,South River Drive
006WR00000wkAsRYAU,Trevi,,"635 South Ellis Street, Chandler, AZ, USA",Property_Street_Number__c,,635
006WR00000wkAsRYAU,Trevi,,"635 South Ellis Street, Chandler, AZ, USA",Property_Street__c,,South Ellis Street
006WR00000wkAsSYAU,La Vida Del Mar [Assisted Living],Solana Beach_MDU_La Vida Del Mar,"850 Del Mar Downs Rd, Solana Beach, CA 92075, USA",Property_Street_Number__c,,850
006WR00000wkAsSYAU,La Vida Del Mar [Assisted Living],Solana Beach_MDU_La Vida Del Mar,"850 Del Mar Downs Rd, Solana Beach, CA 92075, USA",Property_Street__c,,Del Mar Downs Rd
006WR00000wkAsTYAU,Vue Nineteen 01,,"1901 E Apache Blvd, Tempe, AZ 85281, USA",Property_Street_Number__c,,1901
006WR00000wkAsTYAU,Vue Nineteen 01,,"1901 E Apache Blvd, Tempe, AZ 85281, USA",Property_Street__c,,E Apache Blvd
006WR00000wkAsUYAU,Nollie,,"2125 E Apache Blvd, Tempe, AZ 85281, USA",Property_Street_Number__c,,2125
006WR00000wkAsUYAU,Nollie,,"2125 E Apache Blvd, Tempe, AZ 85281, USA",Property_Street__c,,E Apache Blvd
006WR00000wkAsVYAU,The Local,,"750 S Ash Ave, Tempe, AZ 85281, USA",Property_Street_Number__c,,750
006WR00000wkAsVYAU,The Local,,"750 S Ash Ave, Tempe, AZ 85281, USA",Property_Street__c,,S Ash Ave
006WR00000wkAsWYAU,Paseo on University,,"1255 E University Dr, Tempe, AZ 85281, USA",Property_Street_Number__c,,1255
006WR00000wkAsWYAU,Paseo on University,,"1255 E University Dr, Tempe, AZ 85281, USA",Property_Street__c,,E University Dr
006WR00000wkAsXYAU,Trovita Rio,,"701 Rio Salado Parkway, Tempe, AZ 85281, USA",Property_Street_Number__c,,701
006WR00000wkAsXYAU,Trovita Rio,,"701 Rio Salado Parkway, Tempe, AZ 85281, USA",Property_Street__c,,Rio Salado Parkway
006WR00000wkAsYYAU,Nexa Apartments,,"1221 E Apache Blvd, Tempe, AZ 85281",Property_Street_Number__c,,1221
006WR00000wkAsYYAU,Nexa Apartments,,"1221 E Apache Blvd, Tempe, AZ 85281",Property_Street__c,,E Apache Blvd
006WR00000wkAsZYAU,Skye at McClintock Station,,"1831 E Apache Blvd, Tempe, AZ 85281, USA",Property_Street_Number__c,,1831
006WR00000wkAsZYAU,Skye at McClintock Station,,"1831 E Apache Blvd, Tempe, AZ 85281, USA",Property_Street__c,,E Apache Blvd
006WR00000wkAsaYAE,San Cervantes,,"400 N Coronado St, Chandler, AZ, USA",Property_Street_Number__c,,400
006WR00000wkAsaYAE,San Cervantes,,"400 N Coronado St, Chandler, AZ, USA",Property_Street__c,,N Coronado St
006WR00000wkAsbYAE,The Cameron,,"2062 E Cameron Way, Tempe, AZ, USA",Property_Street_Number__c,,2062
006WR00000wkAsbYAE,The Cameron,,"2062 E Cameron Way, Tempe, AZ, USA",Property_Street__c,,E Cameron Way
006WR00000wkAscYAE,The Curve at Gilbert,,"445 E Germann Rd, Gilbert, AZ 85297, USA",Property_Street_Number__c,,445
006WR00000wkAscYAE,The Curve at Gilbert,,"445 E Germann Rd, Gilbert, AZ 85297, USA",Property_Street__c,,E Germann Rd
006WR00000wkAsdYAE,Pier 202,,"1190 Vista Del Lago Drive, Tempe, AZ, USA",Property_Street_Number__c,,1190
006WR00000wkAsdYAE,Pier 202,,"1190 Vista Del Lago Drive, Tempe, AZ, USA",Property_Street__c,,Vista Del Lago Drive
006WR00000wkAseYAE,The Hyve,,"1260 E University Dr, Tempe, AZ 85281, USA",Property_Street_Number__c,,1260
006WR00000wkAseYAE,The Hyve,,"1260 E University Dr, Tempe, AZ 85281, USA",Property_Street__c,,E University Dr
006WR00000wkAsfYAE,Vista Way Village,,"3522 Vista Way, Oceanside Ca",Property_Street_Number__c,,3522
006WR00000wkAsfYAE,Vista Way Village,,"3522 Vista Way, Oceanside Ca",Property_Street__c,,Vista Way
006WR00000wkAsgYAE,The Aubrey,,"1003 W Washington St, Tempe, AZ, USA",Property_Street_Number__c,,1003
006WR00000wkAsgYAE,The Aubrey,,"1003 W Washington St, Tempe, AZ, USA",Property_Street__c,,W Washington St
006WR00000wkAshYAE,Soltra at SanTan Village,,"1690 S Santan Village Pkwy, Gilbert, AZ 85295, USA",Property_Street_Number__c,,1690
006WR00000wkAshYAE,Soltra at SanTan Village,,"1690 S Santan Village Pkwy, Gilbert, AZ 85295, USA",Property_Street__c,,S Santan Village Pkwy
006WR00000wkAsiYAE,The Higley,,NEC East Baseline Road & North Higley Road  85296,Property_Street__c,,NEC East Baseline Road & North Higley Road
006WR00000wkBFBYA2,Connect at First Creek,,"17900 E 56th Ave, Denver, CO 80249, USA",Property_Street_Number__c,,17900
006WR00000wkBFBYA2,Connect at First Creek,,"17900 E 56th Ave, Denver, CO 80249, USA",Property_Street__c,,E 56th Ave
006WR00000wkBFCYA2,Delphi Falls,,2238 Oran Delphi Road Delphi Falls NY 13051,Property_Street_Number__c,,2238
006WR00000wkBFCYA2,Delphi Falls,,2238 Oran Delphi Road Delphi Falls NY 13051,Property_Street__c,,Oran Delphi Road Delphi Falls
006WR00000wkBFDYA2,Bay Country MHP,,"2931 Ocean Gateway, Cambridge, MD, USA",Property_Street_Number__c,,2931
006WR00000wkBFDYA2,Bay Country MHP,,"2931 Ocean Gateway, Cambridge, MD, USA",Property_Street__c,,Ocean Gateway
006WR00000wkBFEYA2,Grove City MHP,,"4285 Broadway, Grove City, OH, USA",Property_Street_Number__c,,4285
006WR00000wkBFEYA2,Grove City MHP,,"4285 Broadway, Grove City, OH, USA",Property_Street__c,,Broadway
006WR00000wkBFFYA2,Luxor MHP,,"449 Bovard Luxor Road, Greensburg, PA, USA",Property_Street_Number__c,,449
006WR00000wkBFFYA2,Luxor MHP,,"449 Bovard Luxor Road, Greensburg, PA, USA",Property_Street__c,,Bovard Luxor Road
006WR00000wkBFGYA2,Hannibal Estates,,"19 Landis Avenue, Cranberry Township, PA, USA",Property_Street_Number__c,,19
006WR00000wkBFGYA2,Hannibal Estates,,"19 Landis Avenue, Cranberry Township, PA, USA",Property_Street__c,,Landis Avenue
006WR00000wkBFHYA2,Dover Bridge Park,,"21269 Dover Bridge Rd, Preston, MD, USA",Property_Street_Number__c,,21269
006WR00000wkBFHYA2,Dover Bridge Park,,"21269 Dover Bridge Rd, Preston, MD, USA",Property_Street__c,,Dover Bridge Rd
006WR00000wkBFIYA2,Echo Ridge at North Hills,,"11450 Melody Drive, Northglenn, CO 80234",Property_Street_Number__c,,11450
006WR00000wkBFIYA2,Echo Ridge at North Hills,,"11450 Melody Drive, Northglenn, CO 80234",Property_Street__c,,Melody Drive
006WR00000wkBFJYA2,Sunny Creek Estates,,"834 State Street, Mumford, NY, USA",Property_Street_Number__c,,834
006WR00000wkBFJYA2,Sunny Creek Estates,,"834 State Street, Mumford, NY, USA",Property_Street__c,,State Street
006WR00000wkBFKYA2,White Pines,,"142 W Milton Rd, Ballston Spa, NY, USA",Property_Street_Number__c,,142
006WR00000wkBFKYA2,White Pines,,"142 W Milton Rd, Ballston Spa, NY, USA",Property_Street__c,,W Milton Rd
006WR00000wkBFLYA2,Pine Valley Estates,,"107 Mathew Drive, Harmony, PA, USA",Property_Street_Number__c,,107
006WR00000wkBFLYA2,Pine Valley Estates,,"107 Mathew Drive, Harmony, PA, USA",Property_Street__c,,Mathew Drive
006WR00000wkBFMYA2,Pinehurst Manor,,"372 Red Dog Rd, Butler, PA, USA",Property_Street_Number__c,,372
006WR00000wkBFMYA2,Pinehurst Manor,,"372 Red Dog Rd, Butler, PA, USA",Property_Street__c,,Red Dog Rd
006WR00000wkBFNYA2,Winstead MHP,,"2521 Loretta Lane, Rocky Mount, NC, USA",Property_Street_Number__c,,2521
006WR00000wkBFNYA2,Winstead MHP,,"2521 Loretta Lane, Rocky Mount, NC, USA",Property_Street__c,,Loretta Lane
006WR00000wkBFOYA2,Roberts MHC,,"11875 Twp Rd 406, Thornville, OH, USA",Property_Street_Number__c,,11875
006WR00000wkBFOYA2,Roberts MHC,,"11875 Twp Rd 406, Thornville, OH, USA",Property_Street__c,,Twp Rd 406
006WR00000wkBFPYA2,Suburban Acres,,"3699 North 175 East, Warsaw, IN, USA",Property_Street_Number__c,,3699
006WR00000wkBFPYA2,Suburban Acres,,"3699 North 175 East, Warsaw, IN, USA",Property_Street__c,,North 175 East
006WR00000wkBFQYA2,The Oaks(Asset E),,"2407 Peele Road, Rocky Mount, NC, USA",Property_Street_Number__c,,2407
006WR00000wkBFQYA2,The Oaks(Asset E),,"2407 Peele Road, Rocky Mount, NC, USA",Property_Street__c,,Peele Road
006WR00000wkBFRYA2,Perry MHC,,"2826 N Ridge Rd, Perry, OH, USA",Property_Street_Number__c,,2826
006WR00000wkBFRYA2,Perry MHC,,"2826 N Ridge Rd, Perry, OH, USA",Property_Street__c,,N Ridge Rd
006WR00000wkBFSYA2,Oak Hills,,"5965 Harrisburg Pike, Grove City, OH, USA",Property_Street_Number__c,,5965
006WR00000wkBFSYA2,Oak Hills,,"5965 Harrisburg Pike, Grove City, OH, USA",Property_Street__c,,Harrisburg Pike
006WR00000wkBFTYA2,The Station Apartments,,"2100 West Berry Avenue Littleton, CO 80120",Property_Street_Number__c,,2100
006WR00000wkBFTYA2,The Station Apartments,,"2100 West Berry Avenue Littleton, CO 80120",Property_Street__c,,West Berry Avenue Littleton
006WR00000wkBFUYA2,Osito Ridge,,"5855 W Hampden Ave, Denver, CO 80227",Property_Street_Number__c,,5855
006WR00000wkBFUYA2,Osito Ridge,,"5855 W Hampden Ave, Denver, CO 80227",Property_Street__c,,W Hampden Ave
006WR00000wkBFVYA2,Western Estates,,"2319 22nd Avenue South, Brookings, SD, USA",Property_Street_Number__c,,2319
006WR00000wkBFVYA2,Western Estates,,"2319 22nd Avenue South, Brookings, SD, USA",Property_Street__c,,22nd Avenue South
006WR00000wkBFWYA2,Buckeye Lake MHP,,"44 7th St, Buckeye Lake, OH, USA",Property_Street_Number__c,,44
006WR00000wkBFWYA2,Buckeye Lake MHP,,"44 7th St, Buckeye Lake, OH, USA",Property_Street__c,,7th St
006WR00000wkBFXYA2,Bernie's MHP,,"347 Edgewood Drive, Cabot, PA, USA",Property_Street_Number__c,,347
006WR00000wkBFXYA2,Bernie's MHP,,"347 Edgewood Drive, Cabot, PA, USA",Property_Street__c,,Edgewood Drive
006WR00000wkBFYYA2,Baxters,,"457 Jamisonville Rd, Butler, PA, USA",Property_Street_Number__c,,457
006WR00000wkBFYYA2,Baxters,,"457 Jamisonville Rd, Butler, PA, USA",Property_Street__c,,Jamisonville Rd
006WR00000wkBFZYA2,Deerwood MHC,,"519 Reed Circle, Ruffs Dale, PA, USA",Property_Street_Number__c,,519
006WR00000wkBFZYA2,Deerwood MHC,,"519 Reed Circle, Ruffs Dale, PA, USA",Property_Street__c,,Reed Circle
006WR00000wkBFaYAM,Long Meadow MHP,,"New York 336, Waterloo, NY, USA",Property_Street__c,,New York 336
006WR00000wkBFbYAM,HC - Flanders MHP,,"4 Hurlbut Street, Arkport, NY, USA",Property_Street_Number__c,,4
006WR00000wkBFbYAM,HC - Flanders MHP,,"4 Hurlbut Street, Arkport, NY, USA",Property_Street__c,,Hurlbut Street
006WR00000wkBFcYAM,Easy Living Community,,"2489 Martinsburg Pike, Stephenson, VA, USA",Property_Street_Number__c,,2489
006WR00000wkBFcYAM,Easy Living Community,,"2489 Martinsburg Pike, Stephenson, VA, USA",Property_Street__c,,Martinsburg Pike
006WR00000wkBFdYAM,Jones Estates Greentree OH LLC,,"9120 West Broad Street, Galloway, OH, USA",Property_Street_Number__c,,9120
006WR00000wkBFdYAM,Jones Estates Greentree OH LLC,,"9120 West Broad Street, Galloway, OH, USA",Property_Street__c,,West Broad Street
006WR00000wkBFeYAM,Jones Estates Miamisport IN LLC,,"76 East Washington Avenue, Peru, IN, USA",Property_Street_Number__c,,76
006WR00000wkBFeYAM,Jones Estates Miamisport IN LLC,,"76 East Washington Avenue, Peru, IN, USA",Property_Street__c,,East Washington Avenue
006WR00000wkBFfYAM,Green Hill,,"717 High St, Dunbar, PA, USA",Property_Street_Number__c,,717
006WR00000wkBFfYAM,Green Hill,,"717 High St, Dunbar, PA, USA",Property_Street__c,,High St
006WR00000wkBFgYAM,Mill Road Estates,,"15001 Mill Road, Fort Wayne, IN, USA",Property_Street_Number__c,,15001
006WR00000wkBFgYAM,Mill Road Estates,,"15001 Mill Road, Fort Wayne, IN, USA",Property_Street__c,,Mill Road
006WR00000wkBFhYAM,Lake Shore Court (Part of Buckeye Lake MHP above),,"150 W 1st St, Buckeye Lake, OH, USA",Property_Street_Number__c,,150
006WR00000wkBFhYAM,Lake Shore Court (Part of Buckeye Lake MHP above),,"150 W 1st St, Buckeye Lake, OH, USA",Property_Street__c,,W 1st St
006WR00000wkBFiYAM,Glen Lake MHP,,"1037 Barkeyville Road, Grove City, PA, USA",Property_Street_Number__c,,1037
006WR00000wkBFiYAM,Glen Lake MHP,,"1037 Barkeyville Road, Grove City, PA, USA",Property_Street__c,,Barkeyville Road
006WR00000wkBFjYAM,Franklin Village,,"423 Dogwood Drive, Butler, PA, USA",Property_Street_Number__c,,423
006WR00000wkBFjYAM,Franklin Village,,"423 Dogwood Drive, Butler, PA, USA",Property_Street__c,,Dogwood Drive
006WR00000wkBFkYAM,Mill 8,,"no. 8 State Street, Ludlow, MA 01056, USA",Property_Street__c,,no. 8 State Street
006WR00000wkBFlYAM,Valley View (Asset E),,"4497 West 200 North, Huntington, IN, USA",Property_Street_Number__c,,4497
006WR00000wkBFlYAM,Valley View (Asset E),,"4497 West 200 North, Huntington, IN, USA",Property_Street__c,,West 200 North
006WR00000wkBFmYAM,Skyview Terrace,,"126 Skyview Lane, Lititz, PA, USA",Property_Street_Number__c,,126
006WR00000wkBFmYAM,Skyview Terrace,,"126 Skyview Lane, Lititz, PA, USA",Property_Street__c,,Skyview Lane
006WR00000wkBFnYAM,The Pines,,"2174 Jackson Rd, Hamilton, OH, USA",Property_Street_Number__c,,2174
006WR00000wkBFnYAM,The Pines,,"2174 Jackson Rd, Hamilton, OH, USA",Property_Street__c,,Jackson Rd
006WR00000wkBFoYAM,Princeton Village,,"8873 Princeton Glendale Rd, Hamilton, OH, USA",Property_Street_Number__c,,8873
006WR00000wkBFoYAM,Princeton Village,,"8873 Princeton Glendale Rd, Hamilton, OH, USA",Property_Street__c,,Princeton Glendale Rd
006WR00000wkBFpYAM,Waterside (fka Staton MHP),,"2015 North 5th Avenue, Ironton, Ohio, USA",Property_Street_Number__c,,2015
006WR00000wkBFpYAM,Waterside (fka Staton MHP),,"2015 North 5th Avenue, Ironton, Ohio, USA",Property_Street__c,,North 5th Avenue
006WR00000wkBFqYAM,Tropicana MHP,,"808 Tropicana Village Drive, Moscow Mills, MO, USA",Property_Street_Number__c,,808
006WR00000wkBFqYAM,Tropicana MHP,,"808 Tropicana Village Drive, Moscow Mills, MO, USA",Property_Street__c,,Tropicana Village Drive
006WR00000wkBFrYAM,Salamonie Estates,,"6060 South 800 East, La Fontaine, IN 46940, USA",Property_Street_Number__c,,6060
006WR00000wkBFrYAM,Salamonie Estates,,"6060 South 800 East, La Fontaine, IN 46940, USA",Property_Street__c,,South 800 East
006WR00000wkBFsYAM,Osage,,"201 S 12Th St, Bessemer City, NC 28016",Property_Street_Number__c,,201
006WR00000wkBFsYAM,Osage,,"201 S 12Th St, Bessemer City, NC 28016",Property_Street__c,,S 12Th St
006WR00000wkBFtYAM,58 Space Garden Spot Mobile Home Park,,"32 South Barkley, Mesa, AZ, USA",Property_Street_Number__c,,32
006WR00000wkBFtYAM,58 Space Garden Spot Mobile Home Park,,"32 South Barkley, Mesa, AZ, USA",Property_Street__c,,South Barkley
006WR00000wkBFuYAM,Copper Springs Retirement Community,,"3303 East Gary Way, Gilbert, AZ 85234, USA",Property_Street_Number__c,,3303
006WR00000wkBFuYAM,Copper Springs Retirement Community,,"3303 East Gary Way, Gilbert, AZ 85234, USA",Property_Street__c,,East Gary Way
006WR00000wkBFvYAM,Country Club Heights Condominiums,,"1500 W Rio Salado Pkwy, Mesa, AZ 85201, USA",Property_Street_Number__c,,1500
006WR00000wkBFvYAM,Country Club Heights Condominiums,,"1500 W Rio Salado Pkwy, Mesa, AZ 85201, USA",Property_Street__c,,W Rio Salado Pkwy
006WR00000wkBFwYAM,American Groves,,"941 E Elliot Rd, Gilbert, AZ 85234, USA",Property_Street_Number__c,,941
006WR00000wkBFwYAM,American Groves,,"941 E Elliot Rd, Gilbert, AZ 85234, USA",Property_Street__c,,E Elliot Rd
006WR00000wkBFxYAM,Culdesac Tempe,,"2025 E Apache Blvd, Tempe, AZ 85281, USA",Property_Street_Number__c,,2025
006WR00000wkBFxYAM,Culdesac Tempe,,"2025 E Apache Blvd, Tempe, AZ 85281, USA",Property_Street__c,,E Apache Blvd
006WR00000wkBFyYAM,Holiday Palms Active 55+ Community(MHP),,"9302 E Broadway Rd, Mesa, AZ 85208, USA",Property_Street_Number__c,,9302
006WR00000wkBFyYAM,Holiday Palms Active 55+ Community(MHP),,"9302 E Broadway Rd, Mesa, AZ 85208, USA",Property_Street__c,,E Broadway Rd
006WR00000wkBFzYAM,Legacy on Main II,,"118 N Ext Rd, Mesa, AZ 85201, USA",Property_Street_Number__c,,118
006WR00000wkBFzYAM,Legacy on Main II,,"118 N Ext Rd, Mesa, AZ 85201, USA",Property_Street__c,,N Ext Rd
006WR00000wkBG0YAM,Escobedo at Verde Vista,,"435 North Hibbert, Mesa, AZ 85201, USA",Property_Street_Number__c,,435
006WR00000wkBG0YAM,Escobedo at Verde Vista,,"435 North Hibbert, Mesa, AZ 85201, USA",Property_Street__c,,North Hibbert
006WR00000wkBG1YAM,Parkhaven Estates & RV Resort (MHP),,"306 South Recker Road, Mesa, AZ 85206, USA",Property_Street_Number__c,,306
006WR00000wkBG1YAM,Parkhaven Estates & RV Resort (MHP),,"306 South Recker Road, Mesa, AZ 85206, USA",Property_Street__c,,South Recker Road
006WR00000wkBG2YAM,Vivo Living Mesa,,"250 W Main St, Mesa, AZ 85201, USA",Property_Street_Number__c,,250
006WR00000wkBG2YAM,Vivo Living Mesa,,"250 W Main St, Mesa, AZ 85201, USA",Property_Street__c,,W Main St
006WR00000wkBG3YAM,NOVEL Val Vista,,"1727 E Pecos Rd, Gilbert, AZ 85295, USA",Property_Street_Number__c,,1727
006WR00000wkBG3YAM,NOVEL Val Vista,,"1727 E Pecos Rd, Gilbert, AZ 85295, USA",Property_Street__c,,E Pecos Rd
006WR00000wkBG4YAM,Westmount at Downtown Tempe,,"615 S Hardy Dr, Tempe, AZ 85281, USA",Property_Street_Number__c,,615
006WR00000wkBG4YAM,Westmount at Downtown Tempe,,"615 S Hardy Dr, Tempe, AZ 85281, USA",Property_Street__c,,S Hardy Dr
006WR00000wkBG5YAM,1st Avenue Apartments (Old Name - Southwest Villa),Mesa_MDU_1st Avenue Apartments,"750 E 1st Ave, Mesa, AZ 85204, USA",Property_Street_Number__c,,750
006WR00000wkBG5YAM,1st Avenue Apartments (Old Name - Southwest Villa),Mesa_MDU_1st Avenue Apartments,"750 E 1st Ave, Mesa, AZ 85204, USA",Property_Street__c,,E 1st Ave
006WR00000wkBG6YAM,Villas on Ash,,"1381 N Gilbert Rd, Gilbert, AZ 85234, USA",Property_Street_Number__c,,1381
006WR00000wkBG6YAM,Villas on Ash,,"1381 N Gilbert Rd, Gilbert, AZ 85234, USA",Property_Street__c,,N Gilbert Rd
006WR00000wkBG7YAM,Gilbert Greens,,"1101 N Gilbert Rd, Gilbert, AZ 85234, USA",Property_Street_Number__c,,1101
006WR00000wkBG7YAM,Gilbert Greens,,"1101 N Gilbert Rd, Gilbert, AZ 85234, USA",Property_Street__c,,N Gilbert Rd
006WR00000wkBG8YAM,Atlas Mesa,,"5818 E Baseline Rd, Mesa, AZ 85206, USA",Property_Street_Number__c,,5818
006WR00000wkBG8YAM,Atlas Mesa,,"5818 E Baseline Rd, Mesa, AZ 85206, USA",Property_Street__c,,E Baseline Rd
006WR00000wkBG9YAM,201 S Crismon Rd (MHP),,"201 S Crismon Rd, Mesa, AZ 85208, USA",Property_Street_Number__c,,201
006WR00000wkBG9YAM,201 S Crismon Rd (MHP),,"201 S Crismon Rd, Mesa, AZ 85208, USA",Property_Street__c,,S Crismon Rd
006WR00000wkBGAYA2,Asteria Apartment Homes,,"1975 E University Dr, Tempe, AZ 85281, USA",Property_Street_Number__c,,1975
006WR00000wkBGAYA2,Asteria Apartment Homes,,"1975 E University Dr, Tempe, AZ 85281, USA",Property_Street__c,,E University Dr
006WR00000wkBGBYA2,Aura Watermark,,"420 N Scottsdale Rd, Tempe, AZ, USA",Property_Street_Number__c,,420
006WR00000wkBGBYA2,Aura Watermark,,"420 N Scottsdale Rd, Tempe, AZ, USA",Property_Street__c,,N Scottsdale Rd
006WR00000wkBGCYA2,Avana Coronado,,"700 North Coronado Street, Chandler, AZ, USA",Property_Street_Number__c,,700
006WR00000wkBGCYA2,Avana Coronado,,"700 North Coronado Street, Chandler, AZ, USA",Property_Street__c,,North Coronado Street
006WR00000wkBGDYA2,Arches at Hidden Creek,,"1586 West Maggio Way, Chandler, AZ, USA",Property_Street_Number__c,,1586
006WR00000wkBGDYA2,Arches at Hidden Creek,,"1586 West Maggio Way, Chandler, AZ, USA",Property_Street__c,,West Maggio Way
006WR00000wkBGEYA2,Borrego at Spectrum,,"3004 S Market St, Gilbert, AZ 85295, USA",Property_Street_Number__c,,3004
006WR00000wkBGEYA2,Borrego at Spectrum,,"3004 S Market St, Gilbert, AZ 85295, USA",Property_Street__c,,S Market St
006WR00000wkBGFYA2,BB Living at Higley Park,,"3389 E Liberty Ln, Gilbert, AZ 85296, USA",Property_Street_Number__c,,3389
006WR00000wkBGFYA2,BB Living at Higley Park,,"3389 E Liberty Ln, Gilbert, AZ 85296, USA",Property_Street__c,,E Liberty Ln
006WR00000wkBGGYA2,Avanterra Town Square,,"1265 S Gilbert Rd, Gilbert, AZ 85296, USA",Property_Street_Number__c,,1265
006WR00000wkBGGYA2,Avanterra Town Square,,"1265 S Gilbert Rd, Gilbert, AZ 85296, USA",Property_Street__c,,S Gilbert Rd
006WR00000wkBGHYA2,Metro on Main,,"944 W Main St, Mesa, AZ 85201, USA",Property_Street_Number__c,,944
006WR00000wkBGHYA2,Metro on Main,,"944 W Main St, Mesa, AZ 85201, USA",Property_Street__c,,W Main St
006WR00000wkBGIYA2,IMT Riverview,,"711 N Evergreen Rd, Mesa, AZ 85201, USA",Property_Street_Number__c,,711
006WR00000wkBGIYA2,IMT Riverview,,"711 N Evergreen Rd, Mesa, AZ 85201, USA",Property_Street__c,,N Evergreen Rd
006WR00000wkBGJYA2,MAA City Gate,,"5332 E Baseline Rd, Mesa, AZ 85206, USA",Property_Street_Number__c,,5332
006WR00000wkBGJYA2,MAA City Gate,,"5332 E Baseline Rd, Mesa, AZ 85206, USA",Property_Street__c,,E Baseline Rd
006WR00000wkBGKYA2,Inspira Gateway,,"4533 E Banner Gateway Dr, Mesa, AZ 85206, USA",Property_Street_Number__c,,4533
006WR00000wkBGKYA2,Inspira Gateway,,"4533 E Banner Gateway Dr, Mesa, AZ 85206, USA",Property_Street__c,,E Banner Gateway Dr
006WR00000wkBGLYA2,Moxie,,"1400 N Cooper Rd, Gilbert, AZ 85233, USA",Property_Street_Number__c,,1400
006WR00000wkBGLYA2,Moxie,,"1400 N Cooper Rd, Gilbert, AZ 85233, USA",Property_Street__c,,N Cooper Rd
006WR00000wkBGMYA2,Elevation San Tan,,"2045 E Boston St, Gilbert, AZ 85295",Property_Street_Number__c,,2045
006WR00000wkBGMYA2,Elevation San Tan,,"2045 E Boston St, Gilbert, AZ 85295",Property_Street__c,,E Boston St
006WR00000wkBGNYA2,Lakeside,,"855 N Dobson Rd, Chandler, AZ, USA",Property_Street_Number__c,,855
006WR00000wkBGNYA2,Lakeside,,"855 N Dobson Rd, Chandler, AZ, USA",Property_Street__c,,N Dobson Rd
006WR00000wkBGOYA2,Gateway at Cooley Station,,4210 E Williams Field Rd  85295,Property_Street_Number__c,,4210
006WR00000wkBGOYA2,Gateway at Cooley Station,,4210 E Williams Field Rd  85295,Property_Street__c,,E Williams Field Rd
006WR00000wkBGPYA2,Vantage Point Apartments,,"960 N Gilbert Rd, Gilbert, AZ 85234, USA",Property_Street_Number__c,,960
006WR00000wkBGPYA2,Vantage Point Apartments,,"960 N Gilbert Rd, Gilbert, AZ 85234, USA",Property_Street__c,,N Gilbert Rd
006WR00000wkBGQYA2,Vistara at SanTan Village,,"1725 S Coronado Rd, Gilbert, AZ 85295",Property_Street_Number__c,,1725
006WR00000wkBGQYA2,Vistara at SanTan Village,,"1725 S Coronado Rd, Gilbert, AZ 85295",Property_Street__c,,S Coronado Rd
006WR00000wkBGRYA2,Redstone at SanTan Village,,"1925 S Coronado Rd, Gilbert, AZ 85295, USA",Property_Street_Number__c,,1925
006WR00000wkBGRYA2,Redstone at SanTan Village,,"1925 S Coronado Rd, Gilbert, AZ 85295, USA",Property_Street__c,,S Coronado Rd
006WR00000wkBGSYA2,Sierra Estates (MHP),,"9431 E Coralbell Ave, Mesa, AZ 85208, USA",Property_Street_Number__c,,9431
006WR00000wkBGSYA2,Sierra Estates (MHP),,"9431 E Coralbell Ave, Mesa, AZ 85208, USA",Property_Street__c,,E Coralbell Ave
006WR00000wkBGTYA2,Trax at Cooley Station,,SWC of Williams Field Road and Verde Drive Gilbert AZ,Property_Street__c,,SWC of Williams Field Road and Verde Drive
006WR00000wkBGUYA2,San Villante,,"4760 E Baseline Rd, Mesa, AZ 85206, USA",Property_Street_Number__c,,4760
006WR00000wkBGUYA2,San Villante,,"4760 E Baseline Rd, Mesa, AZ 85206, USA",Property_Street__c,,E Baseline Rd
006WR00000wkBGVYA2,The District Lofts,,"170 W Cullumber Ave, Gilbert, AZ 85233, USA",Property_Street_Number__c,,170
006WR00000wkBGVYA2,The District Lofts,,"170 W Cullumber Ave, Gilbert, AZ 85233, USA",Property_Street__c,,W Cullumber Ave
006WR00000wkBGWYA2,Serena Shores,,"4101 E Baseline Rd, Gilbert, AZ 85234, USA",Property_Street_Number__c,,4101
006WR00000wkBGWYA2,Serena Shores,,"4101 E Baseline Rd, Gilbert, AZ 85234, USA",Property_Street__c,,E Baseline Rd
006WR00000wkBGXYA2,Station21,,"2121 W Main St, Mesa, AZ 85201, USA",Property_Street_Number__c,,2121
006WR00000wkBGXYA2,Station21,,"2121 W Main St, Mesa, AZ 85201, USA",Property_Street__c,,W Main St
006WR00000wkBGYYA2,Olive Apartments,,"South Olive, Mesa, AZ 85204, USA",Property_Street__c,,South Olive
006WR00000wkBGZYA2,The Julia,,"546 S Country Club Dr, Mesa, AZ 85210, USA",Property_Street_Number__c,,546
006WR00000wkBGZYA2,The Julia,,"546 S Country Club Dr, Mesa, AZ 85210, USA",Property_Street__c,,S Country Club Dr
006WR00000wkBGaYAM,Metro at Downtown Mesa,,"123 South Robson, Mesa, AZ 85201, USA",Property_Street_Number__c,,123
006WR00000wkBGaYAM,Metro at Downtown Mesa,,"123 South Robson, Mesa, AZ 85201, USA",Property_Street__c,,South Robson
006WR00000wkBGbYAM,6th St & South Rural Rd,,6th St & South Rural Rd Tempe Az 85281,Property_Street_Number__c,,6th
006WR00000wkBGbYAM,6th St & South Rural Rd,,6th St & South Rural Rd Tempe Az 85281,Property_Street__c,,St & South Rural Rd
006WR00000wkBGcYAM,211 E 7th St,,"211 East 7th Street, Tempe, AZ, USA",Property_Street_Number__c,,211
006WR00000wkBGcYAM,211 E 7th St,,"211 East 7th Street, Tempe, AZ, USA",Property_Street__c,,East 7th Street
006WR00000wkBGdYAM,Aura Apache,,"1820 E Apache Blvd, Tempe, AZ 85281, USA",Property_Street_Number__c,,1820
006WR00000wkBGdYAM,Aura Apache,,"1820 E Apache Blvd, Tempe, AZ 85281, USA",Property_Street__c,,E Apache Blvd
006WR00000wkBGeYAM,Highlands At Spectrum,,"1456 E Pecos Rd, Gilbert, AZ 85295, USA",Property_Street_Number__c,,1456
006WR00000wkBGeYAM,Highlands At Spectrum,,"1456 E Pecos Rd, Gilbert, AZ 85295, USA",Property_Street__c,,E Pecos Rd
006WR00000wkBGfYAM,Icon at Cooley Station,,"2550 S Recker Rd, Gilbert, AZ 85295, USA",Property_Street_Number__c,,2550
006WR00000wkBGfYAM,Icon at Cooley Station,,"2550 S Recker Rd, Gilbert, AZ 85295, USA",Property_Street__c,,S Recker Rd
006WR00000wkBGgYAM,Legacy on Main,,"950 W Main St, Mesa, AZ 85201, USA",Property_Street_Number__c,,950
006WR00000wkBGgYAM,Legacy on Main,,"950 W Main St, Mesa, AZ 85201, USA",Property_Street__c,,W Main St
006WR00000wkBGhYAM,SanTan by Baron,,"2910 S Greenfield Rd, Gilbert, AZ 85295, USA",Property_Street_Number__c,,2910
006WR00000wkBGhYAM,SanTan by Baron,,"2910 S Greenfield Rd, Gilbert, AZ 85295, USA",Property_Street__c,,S Greenfield Rd
006WR00000wkBGiYAM,Town Commons,,"1000 S Gilbert Rd, Gilbert, AZ 85296, USA",Property_Street_Number__c,,1000
006WR00000wkBGiYAM,Town Commons,,"1000 S Gilbert Rd, Gilbert, AZ 85296, USA",Property_Street__c,,S Gilbert Rd
006WR00000wkBGjYAM,Valle Del Oro (MHP),,1452 S Ellsworth Rd  Mesa Az 85209,Property_Street_Number__c,,1452
006WR00000wkBGjYAM,Valle Del Oro (MHP),,1452 S Ellsworth Rd  Mesa Az 85209,Property_Street__c,,S Ellsworth Rd
006WR00000wkBGkYAM,The Tyler,,"3150 E Ray Rd, Gilbert, AZ 85296, USA",Property_Street_Number__c,,3150
006WR00000wkBGkYAM,The Tyler,,"3150 E Ray Rd, Gilbert, AZ 85296, USA",Property_Street__c,,E Ray Rd
006WR00000wkBGlYAM,X-b Trailer Ranch-107 Spaces (MHP),,"5200 E Main St, Mesa, AZ 85205, USA",Property_Street_Number__c,,5200
006WR00000wkBGlYAM,X-b Trailer Ranch-107 Spaces (MHP),,"5200 E Main St, Mesa, AZ 85205, USA",Property_Street__c,,E Main St
006WR00000wkBGmYAM,San Privada,,"1480 E Pecos Rd, Gilbert, AZ 85295, USA",Property_Street_Number__c,,1480
006WR00000wkBGmYAM,San Privada,,"1480 E Pecos Rd, Gilbert, AZ 85295, USA",Property_Street__c,,E Pecos Rd
006WR00000wkBGnYAM,The Villages at Park Center,,"930 N Mesa Dr, Mesa, AZ 85201, USA",Property_Street_Number__c,,930
006WR00000wkBGnYAM,The Villages at Park Center,,"930 N Mesa Dr, Mesa, AZ 85201, USA",Property_Street__c,,N Mesa Dr
006WR00000wkBThYAM,5252 S Cornell Ave,,"5253 S Cornell Ave, Chicago, IL, USA",Property_Street_Number__c,,5253
006WR00000wkBThYAM,5252 S Cornell Ave,,"5253 S Cornell Ave, Chicago, IL, USA",Property_Street__c,,S Cornell Ave
006WR00000wkBTiYAM,Clove Apartments,Omaha_MDU_Clove Apartments,"8004 Farnam Drive, Omaha, NE, USA",Property_Street_Number__c,,8004
006WR00000wkBTiYAM,Clove Apartments,Omaha_MDU_Clove Apartments,"8004 Farnam Drive, Omaha, NE, USA",Property_Street__c,,Farnam Drive
006WR00000wkBTiYAM,Clove Apartments,Omaha_MDU_Clove Apartments,"8004 Farnam Drive, Omaha, NE, USA",Property_County__c,,Douglas
006WR00000wkBTjYAM,5300-5308 S. Greenwood Avenue,,5300-5308 S. Greenwood Avenue,Property_Street_Number__c,,5300-5308
006WR00000wkBTjYAM,5300-5308 S. Greenwood Avenue,,5300-5308 S. Greenwood Avenue,Property_Street__c,,S. Greenwood Avenue
006WR00000wkBTkYAM,Sun Life RV Resort,,"5055 E University Dr, Mesa, AZ 85205, USA",Property_Street_Number__c,,5055
006WR00000wkBTkYAM,Sun Life RV Resort,,"5055 E University Dr, Mesa, AZ 85205, USA",Property_Street__c,,E University Dr
006WR00000wkBTlYAM,5300-5308 S. Hyde Park Boulevard,,"5300 South Hyde Park Boulevard, Chicago, IL, USA",Property_Street_Number__c,,5300
006WR00000wkBTlYAM,5300-5308 S. Hyde Park Boulevard,,"5300 South Hyde Park Boulevard, Chicago, IL, USA",Property_Street__c,,South Hyde Park Boulevard
006WR00000wkBTmYAM,Azle Oaks Apartments,Azle_MDU_Azle Oaks Apartments,"700 Jarvis Ln, Azle, TX 76020",Property_Street_Number__c,,700
006WR00000wkBTmYAM,Azle Oaks Apartments,Azle_MDU_Azle Oaks Apartments,"700 Jarvis Ln, Azle, TX 76020",Property_Street__c,,Jarvis Ln
006WR00000wkBTmYAM,Azle Oaks Apartments,Azle_MDU_Azle Oaks Apartments,"700 Jarvis Ln, Azle, TX 76020",Property_County__c,,Tarrant
006WR00000wkBTnYAM,5300 South Drexel,,"5301 S Drexel Blvd, Chicago, IL, USA",Property_Street_Number__c,,5301
006WR00000wkBTnYAM,5300 South Drexel,,"5301 S Drexel Blvd, Chicago, IL, USA",Property_Street__c,,S Drexel Blvd
006WR00000wkBToYAM,Orchard Park Apartments,Omaha_MDU_Orchard Park Apartments,"7805 Harney Street, Omaha, NE, USA",Property_Street_Number__c,,7805
006WR00000wkBToYAM,Orchard Park Apartments,Omaha_MDU_Orchard Park Apartments,"7805 Harney Street, Omaha, NE, USA",Property_Street__c,,Harney Street
006WR00000wkBTpYAM,5034-5046 S. Woodlawn Avenue,,5034-5046 S. Woodlawn Avenue,Property_Street_Number__c,,5034-5046
006WR00000wkBTpYAM,5034-5046 S. Woodlawn Avenue,,5034-5046 S. Woodlawn Avenue,Property_Street__c,,S. Woodlawn Avenue
006WR00000wkBTqYAM,Woodbridge Senior Living [Connect55+],Omaha_MDU_Woodbridge Senior Living,"7205 North 73rd Plaza Circle, Omaha, NE, USA",Property_Street_Number__c,,7205
006WR00000wkBTqYAM,Woodbridge Senior Living [Connect55+],Omaha_MDU_Woodbridge Senior Living,"7205 North 73rd Plaza Circle, Omaha, NE, USA",Property_Street__c,,North 73rd Plaza Circle
006WR00000wkBTqYAM,Woodbridge Senior Living [Connect55+],Omaha_MDU_Woodbridge Senior Living,"7205 North 73rd Plaza Circle, Omaha, NE, USA",Property_County__c,,Douglas
006WR00000wkBTrYAM,5320-5326.5 S. Drexel Boulevard,,5320-5326.5 S. Drexel Boulevard,Property_Street__c,,5320-5326.5 S. Drexel Boulevard
006WR00000wkBTsYAM,The Cape,Encinitas_MDU_The Cape Apartment Complex,"120 Via Cantebria, Encinitas, CA, USA",Property_Street_Number__c,,120
006WR00000wkBTsYAM,The Cape,Encinitas_MDU_The Cape Apartment Complex,"120 Via Cantebria, Encinitas, CA, USA",Property_Street__c,,Via Cantebria
006WR00000wkBTtYAM,5325 S. Hyde Park Boulevard,,5326 S. Hyde Park Boulevard,Property_Street_Number__c,,5326
006WR00000wkBTtYAM,5325 S. Hyde Park Boulevard,,5326 S. Hyde Park Boulevard,Property_Street__c,,S. Hyde Park Boulevard
006WR00000wkBTuYAM,Indian Hills Village Apartments,Omaha_MDU_Indian Hills Village Apartments,"8515 Indian Hills Dr Omaha, NE 68114",Property_Street_Number__c,,8515
006WR00000wkBTuYAM,Indian Hills Village Apartments,Omaha_MDU_Indian Hills Village Apartments,"8515 Indian Hills Dr Omaha, NE 68114",Property_Street__c,,Indian Hills Dr Omaha
006WR00000wkBTvYAM,5326-5336 S. Greenwood Avenue,,5326-5336 S. Greenwood Avenue,Property_Street_Number__c,,5326-5336
006WR00000wkBTvYAM,5326-5336 S. Greenwood Avenue,,5326-5336 S. Greenwood Avenue,Property_Street__c,,S. Greenwood Avenue
006WR00000wkBTwYAM,5335-5337 S. Woodlawn Avenue,,5335-5337 S. Woodlawn Avenue,Property_Street_Number__c,,5335-5337
006WR00000wkBTwYAM,5335-5337 S. Woodlawn Avenue,,5335-5337 S. Woodlawn Avenue,Property_Street__c,,S. Woodlawn Avenue
006WR00000wkBTxYAM,The Springs,,"3100 Hamilton Ave, Fort Worth, TX, USA",Property_Street_Number__c,,3100
006WR00000wkBTxYAM,The Springs,,"3100 Hamilton Ave, Fort Worth, TX, USA",Property_Street__c,,Hamilton Ave
006WR00000wkBTyYAM,5335-5345 S. Kimbark Avenue,,5335-5345 S. Kimbark Avenue,Property_Street_Number__c,,5335-5345
006WR00000wkBTyYAM,5335-5345 S. Kimbark Avenue,,5335-5345 S. Kimbark Avenue,Property_Street__c,,S. Kimbark Avenue
006WR00000wkBTzYAM,Luma Lane Apartments,Omaha_MDU_Luma Lane Apartments,"4460 Redman Avenue, Omaha, NE, USA",Property_Street_Number__c,,4460
006WR00000wkBTzYAM,Luma Lane Apartments,Omaha_MDU_Luma Lane Apartments,"4460 Redman Avenue, Omaha, NE, USA",Property_Street__c,,Redman Avenue
006WR00000wkBTzYAM,Luma Lane Apartments,Omaha_MDU_Luma Lane Apartments,"4460 Redman Avenue, Omaha, NE, USA",Property_County__c,,Douglas
006WR00000wkBU0YAM,5336-5338 S. Hyde Park Boulevard,,5336-5338 S. Hyde Park Boulevard,Property_Street_Number__c,,5336-5338
006WR00000wkBU0YAM,5336-5338 S. Hyde Park Boulevard,,5336-5338 S. Hyde Park Boulevard,Property_Street__c,,S. Hyde Park Boulevard
006WR00000wkBU1YAM,5337 S. Hyde Park Boulevard,,5338 S. Hyde Park Boulevard,Property_Street_Number__c,,5338
006WR00000wkBU1YAM,5337 S. Hyde Park Boulevard,,5338 S. Hyde Park Boulevard,Property_Street__c,,S. Hyde Park Boulevard
006WR00000wkBU2YAM,Emerson Mill Avenue,,"101 W 5th St, Tempe, AZ 85281, USA",Property_Street_Number__c,,101
006WR00000wkBU2YAM,Emerson Mill Avenue,,"101 W 5th St, Tempe, AZ 85281, USA",Property_Street__c,,W 5th St
006WR00000wkBU3YAM,5339-5345 S. Woodlawn,,"5415 S. Woodlawn Avenue Apartments, South Woodlawn Avenue, South Side, Chicago, IL, USA",Property_Street_Number__c,,5415
006WR00000wkBU3YAM,5339-5345 S. Woodlawn,,"5415 S. Woodlawn Avenue Apartments, South Woodlawn Avenue, South Side, Chicago, IL, USA",Property_Street__c,,S. Woodlawn Avenue Apartments
006WR00000wkBU4YAM,Copper Ridge HOA,,"732 North 129th Street, Omaha, NE, USA",Property_Street_Number__c,,732
006WR00000wkBU4YAM,Copper Ridge HOA,,"732 North 129th Street, Omaha, NE, USA",Property_Street__c,,North 129th Street
006WR00000wkBU5YAM,5355-5361 S. Cottage Grove,,5355-5361 S. Cottage Grove,Property_Street_Number__c,,5355-5361
006WR00000wkBU5YAM,5355-5361 S. Cottage Grove,,5355-5361 S. Cottage Grove,Property_Street__c,,S. Cottage Grove
006WR00000wkBU6YAM,5400-5408 S. Ingleside,,5400-5408 S. Ingleside,Property_Street_Number__c,,5400-5408
006WR00000wkBU6YAM,5400-5408 S. Ingleside,,5400-5408 S. Ingleside,Property_Street__c,,S. Ingleside
006WR00000wkBU7YAM,5401-5403 S. Woodlawn,,5401-5403 S. Woodlawn,Property_Street_Number__c,,5401-5403
006WR00000wkBU7YAM,5401-5403 S. Woodlawn,,5401-5403 S. Woodlawn,Property_Street__c,,S. Woodlawn
006WR00000wkBU8YAM,5401-5405 S. Drexel Boulevard,,5401-5405 S. Drexel Boulevard,Property_Street_Number__c,,5401-5405
006WR00000wkBU8YAM,5401-5405 S. Drexel Boulevard,,5401-5405 S. Drexel Boulevard,Property_Street__c,,S. Drexel Boulevard
006WR00000wkBU9YAM,5401-5409 S. Cottage Grove Avenue,,5401-5409 S. Cottage Grove Avenue,Property_Street_Number__c,,5401-5409
006WR00000wkBU9YAM,5401-5409 S. Cottage Grove Avenue,,5401-5409 S. Cottage Grove Avenue,Property_Street__c,,S. Cottage Grove Avenue
006WR00000wkBUAYA2,5405-5407 S. Woodlawn Avenue,,5405-5407 S. Woodlawn Avenue,Property_Street_Number__c,,5405-5407
006WR00000wkBUAYA2,5405-5407 S. Woodlawn Avenue,,5405-5407 S. Woodlawn Avenue,Property_Street__c,,S. Woodlawn Avenue
006WR00000wkBUBYA2,5409 S. Blackstone,,5410 S. Blackstone,Property_Street_Number__c,,5410
006WR00000wkBUBYA2,5409 S. Blackstone,,5410 S. Blackstone,Property_Street__c,,S. Blackstone
006WR00000wkBUCYA2,5411-5421 S. Ellis Avenue,,5411-5421 S. Ellis Avenue,Property_Street_Number__c,,5411-5421
006WR00000wkBUCYA2,5411-5421 S. Ellis Avenue,,5411-5421 S. Ellis Avenue,Property_Street__c,,S. Ellis Avenue
006WR00000wkBUDYA2,Chisholm Trail Senior Village,,"1003 West Martin Luther King Junior Avenue, Belton, TX, USA",Property_Street_Number__c,,1003
006WR00000wkBUDYA2,Chisholm Trail Senior Village,,"1003 West Martin Luther King Junior Avenue, Belton, TX, USA",Property_Street__c,,West Martin Luther King Junior Avenue
006WR00000wkBUEYA2,5415 S. Woodlawn Avenue,,5415 S. Woodlawn Avenue,Property_Street_Number__c,,5415
006WR00000wkBUEYA2,5415 S. Woodlawn Avenue,,5415 S. Woodlawn Avenue,Property_Street__c,,S. Woodlawn Avenue
006WR00000wkBUFYA2,5416 S. Woodlawn Avenue,,5416 S. Woodlawn Avenue,Property_Street_Number__c,,5416
006WR00000wkBUFYA2,5416 S. Woodlawn Avenue,,5416 S. Woodlawn Avenue,Property_Street__c,,S. Woodlawn Avenue
006WR00000wkBUGYA2,5427 S. Greenwood,,5428 S. Greenwood,Property_Street_Number__c,,5428
006WR00000wkBUGYA2,5427 S. Greenwood,,5428 S. Greenwood,Property_Street__c,,S. Greenwood
006WR00000wkBUHYA2,5429 S. Woodlawn Avenue,,5430 S. Woodlawn Avenue,Property_Street_Number__c,,5430
006WR00000wkBUHYA2,5429 S. Woodlawn Avenue,,5430 S. Woodlawn Avenue,Property_Street__c,,S. Woodlawn Avenue
006WR00000wkBUIYA2,5452-5466 S. Ellis Avenue,,5452-5466 S. Ellis Avenue,Property_Street_Number__c,,5452-5466
006WR00000wkBUIYA2,5452-5466 S. Ellis Avenue,,5452-5466 S. Ellis Avenue,Property_Street__c,,S. Ellis Avenue
006WR00000wkBUJYA2,5457-5459 S. Blackstone Avenue,,5457-5459 S. Blackstone Avenue,Property_Street_Number__c,,5457-5459
006WR00000wkBUJYA2,5457-5459 S. Blackstone Avenue,,5457-5459 S. Blackstone Avenue,Property_Street__c,,S. Blackstone Avenue
006WR00000wkBUKYA2,5468-70 S. Hyde Park Boulevard,,5468-70 S. Hyde Park Boulevard,Property_Street_Number__c,,5468-70
006WR00000wkBUKYA2,5468-70 S. Hyde Park Boulevard,,5468-70 S. Hyde Park Boulevard,Property_Street__c,,S. Hyde Park Boulevard
006WR00000wkBULYA2,Aviator West 7th Apartments,,"2726 Mercedes Ave, Fort Worth, TX, USA",Property_Street_Number__c,,2726
006WR00000wkBULYA2,Aviator West 7th Apartments,,"2726 Mercedes Ave, Fort Worth, TX, USA",Property_Street__c,,Mercedes Ave
006WR00000wkBUMYA2,5474-5480 S. Hyde Park Boulevard,,5474-5480 S. Hyde Park Boulevard,Property_Street_Number__c,,5474-5480
006WR00000wkBUMYA2,5474-5480 S. Hyde Park Boulevard,,5474-5480 S. Hyde Park Boulevard,Property_Street__c,,S. Hyde Park Boulevard
006WR00000wkBUNYA2,5487-5491 S. Hyde Park Boulevard,,5487-5491 S. Hyde Park Boulevard,Property_Street_Number__c,,5487-5491
006WR00000wkBUNYA2,5487-5491 S. Hyde Park Boulevard,,5487-5491 S. Hyde Park Boulevard,Property_Street__c,,S. Hyde Park Boulevard
006WR00000wkBUOYA2,5500 S. Cornell,,5500 S. Cornell,Property_Street_Number__c,,5500
006WR00000wkBUOYA2,5500 S. Cornell,,5500 S. Cornell,Property_Street__c,,S. Cornell
006WR00000wkBUPYA2,520 Samuels Ave - The Franklin At Samuels Ave Apartments,,"520 Samuels Avenue, Fort Worth, TX, USA",Property_Street_Number__c,,520
006WR00000wkBUPYA2,520 Samuels Ave - The Franklin At Samuels Ave Apartments,,"520 Samuels Avenue, Fort Worth, TX, USA",Property_Street__c,,Samuels Avenue
006WR00000wkBUQYA2,5501 S. Cornell,,5501 S. Cornell,Property_Street_Number__c,,5501
006WR00000wkBUQYA2,5501 S. Cornell,,5501 S. Cornell,Property_Street__c,,S. Cornell
006WR00000wkBURYA2,5507-5509 S. Hyde Park Boulevard,,5507-5509 S. Hyde Park Boulevard,Property_Street_Number__c,,5507-5509
006WR00000wkBURYA2,5507-5509 S. Hyde Park Boulevard,,5507-5509 S. Hyde Park Boulevard,Property_Street__c,,S. Hyde Park Boulevard
006WR00000wkBUSYA2,5508 S. Cornell Avenue,,5509 S. Cornell Avenue,Property_Street_Number__c,,5509
006WR00000wkBUSYA2,5508 S. Cornell Avenue,,5509 S. Cornell Avenue,Property_Street__c,,S. Cornell Avenue
006WR00000wkBUTYA2,5512 S. Hyde Park Boulevard,,5513 S. Hyde Park Boulevard,Property_Street_Number__c,,5513
006WR00000wkBUTYA2,5512 S. Hyde Park Boulevard,,5513 S. Hyde Park Boulevard,Property_Street__c,,S. Hyde Park Boulevard
006WR00000wkBUUYA2,5524-5526 S. Everett Avenue,,5524-5526 S. Everett Avenue,Property_Street_Number__c,,5524-5526
006WR00000wkBUUYA2,5524-5526 S. Everett Avenue,,5524-5526 S. Everett Avenue,Property_Street__c,,S. Everett Avenue
006WR00000wkBUVYA2,5528-5532 S. Everett Avenue,,5528-5532 S. Everett Avenue,Property_Street_Number__c,,5528-5532
006WR00000wkBUVYA2,5528-5532 S. Everett Avenue,,5528-5532 S. Everett Avenue,Property_Street__c,,S. Everett Avenue
006WR00000wkBUWYA2,5528 S. Cornell Avenue,,5529 S. Cornell Avenue,Property_Street_Number__c,,5529
006WR00000wkBUWYA2,5528 S. Cornell Avenue,,5529 S. Cornell Avenue,Property_Street__c,,S. Cornell Avenue
006WR00000wkBUXYA2,5532 S. Kimbark Avenue,,5533 S. Kimbark Avenue,Property_Street_Number__c,,5533
006WR00000wkBUXYA2,5532 S. Kimbark Avenue,,5533 S. Kimbark Avenue,Property_Street__c,,S. Kimbark Avenue
006WR00000wkBUYYA2,5533 S. Blackstone,,5534 S. Blackstone,Property_Street_Number__c,,5534
006WR00000wkBUYYA2,5533 S. Blackstone,,5534 S. Blackstone,Property_Street__c,,S. Blackstone
006WR00000wkBUZYA2,5535 S. Kimbark Avenue,,5536 S. Kimbark Avenue,Property_Street_Number__c,,5536
006WR00000wkBUZYA2,5535 S. Kimbark Avenue,,5536 S. Kimbark Avenue,Property_Street__c,,S. Kimbark Avenue
006WR00000wkBUaYAM,5557-59 S. University Avenue,,"5557-59 South University Avenue, Chicago, IL, USA",Property_Street_Number__c,,5557-59
006WR00000wkBUaYAM,5557-59 S. University Avenue,,"5557-59 South University Avenue, Chicago, IL, USA",Property_Street__c,,South University Avenue
006WR00000wkBUbYAM,5623 S. Dorchester,,5624 S. Dorchester,Property_Street_Number__c,,5624
006WR00000wkBUbYAM,5623 S. Dorchester,,5624 S. Dorchester,Property_Street__c,,S. Dorchester
006WR00000wkBUcYAM,Bexley at Left Bank II Apartments,,"599 Harrold St, Fort Worth, TX, USA",Property_Street_Number__c,,599
006WR00000wkBUcYAM,Bexley at Left Bank II Apartments,,"599 Harrold St, Fort Worth, TX, USA",Property_Street__c,,Harrold St
006WR00000wkBUdYAM,5700 S. Blackstone,,5701 S. Blackstone,Property_Street_Number__c,,5701
006WR00000wkBUdYAM,5700 S. Blackstone,,5701 S. Blackstone,Property_Street__c,,S. Blackstone
006WR00000wkBUeYAM,Riviera park Apartments,,"125 S Dobson Rd, Chandler, AZ 85224, USA",Property_Street_Number__c,,125
006WR00000wkBUeYAM,Riviera park Apartments,,"125 S Dobson Rd, Chandler, AZ 85224, USA",Property_Street__c,,S Dobson Rd
006WR00000wkBUfYAM,5706-10 S. Blackstone Ave,,5706-10 S. Blackstone Ave,Property_Street_Number__c,,5706-10
006WR00000wkBUfYAM,5706-10 S. Blackstone Ave,,5706-10 S. Blackstone Ave,Property_Street__c,,S. Blackstone Ave
006WR00000wkBUgYAM,Axis Waterfront Apartments,,"5301 Overton Ridge Blvd, Fort Worth, TX, USA",Property_Street_Number__c,,5301
006WR00000wkBUgYAM,Axis Waterfront Apartments,,"5301 Overton Ridge Blvd, Fort Worth, TX, USA",Property_Street__c,,Overton Ridge Blvd
006WR00000wkBUhYAM,5715-5725 S. Kimbark Avenue,,5715-5725 S. Kimbark Avenue,Property_Street_Number__c,,5715-5725
006WR00000wkBUhYAM,5715-5725 S. Kimbark Avenue,,5715-5725 S. Kimbark Avenue,Property_Street__c,,S. Kimbark Avenue
006WR00000wkBUiYAM,918 E. Hyde Park Boulevard,,919 E. Hyde Park Boulevard,Property_Street_Number__c,,919
006WR00000wkBUiYAM,918 E. Hyde Park Boulevard,,919 E. Hyde Park Boulevard,Property_Street__c,,E. Hyde Park Boulevard
006WR00000wkBUjYAM,925 E. 46th Street Apartments,,926 E. 46th Street,Property_Street_Number__c,,926
006WR00000wkBUjYAM,925 E. 46th Street Apartments,,926 E. 46th Street,Property_Street__c,,E. 46th Street
006WR00000wkBUkYAM,Algonquin Apartments,,606 E Hyde Park Blvd,Property_Street_Number__c,,606
006WR00000wkBUkYAM,Algonquin Apartments,,606 E Hyde Park Blvd,Property_Street__c,,E Hyde Park Blvd
006WR00000wkBUlYAM,City Hyde Park,,5105 S Harper Ave,Property_Street_Number__c,,5105
006WR00000wkBUlYAM,City Hyde Park,,5105 S Harper Ave,Property_Street__c,,S Harper Ave
006WR00000wkBUmYAM,Ascend at Chisholm Trail Apartments,,"9701 Theo Loop, Troy, TX, USA",Property_Street_Number__c,,9701
006WR00000wkBUmYAM,Ascend at Chisholm Trail Apartments,,"9701 Theo Loop, Troy, TX, USA",Property_Street__c,,Theo Loop
006WR00000wkBUnYAM,Cloisters,,5801 S Dorchester Ave,Property_Street_Number__c,,5801
006WR00000wkBUnYAM,Cloisters,,5801 S Dorchester Ave,Property_Street__c,,S Dorchester Ave
006WR00000wkBUoYAM,Cornell Terrace,,5430 S Cornell Ave,Property_Street_Number__c,,5430
006WR00000wkBUoYAM,Cornell Terrace,,5430 S Cornell Ave,Property_Street__c,,S Cornell Ave
006WR00000wkBUpYAM,Marland Place,,"1810 Marlandwood Rd, Temple, TX, USA",Property_Street_Number__c,,1810
006WR00000wkBUpYAM,Marland Place,,"1810 Marlandwood Rd, Temple, TX, USA",Property_Street__c,,Marlandwood Rd
006WR00000wkBUqYAM,Canfield Apartments,,"105 Traver Rd, Wilton, NY, USA",Property_Street_Number__c,,105
006WR00000wkBUqYAM,Canfield Apartments,,"105 Traver Rd, Wilton, NY, USA",Property_Street__c,,Traver Rd
006WR00000wkBUrYAM,3445 S Rhodes Ave,,"3446 South Rhodes Avenue, Chicago, IL, USA",Property_Street_Number__c,,3446
006WR00000wkBUrYAM,3445 S Rhodes Ave,,"3446 South Rhodes Avenue, Chicago, IL, USA",Property_Street__c,,South Rhodes Avenue
006WR00000wkBUsYAM,Adams Park Apartments,,"6A Weis Road, Albany, NY, USA",Property_Street_Number__c,,6A
006WR00000wkBUsYAM,Adams Park Apartments,,"6A Weis Road, Albany, NY, USA",Property_Street__c,,Weis Road
006WR00000wkBUtYAM,Encore Landing Apartment Homes,,"764 Marlandwood Road, Temple, TX, USA",Property_Street_Number__c,,764
006WR00000wkBUtYAM,Encore Landing Apartment Homes,,"764 Marlandwood Road, Temple, TX, USA",Property_Street__c,,Marlandwood Road
006WR00000wkBUuYAM,3440 S Cottage Grove,,"3441 South Cottage Grove Avenue, Chicago, IL, USA",Property_Street_Number__c,,3441
006WR00000wkBUuYAM,3440 S Cottage Grove,,"3441 South Cottage Grove Avenue, Chicago, IL, USA",Property_Street__c,,South Cottage Grove Avenue
006WR00000wkBUvYAM,Canal Station,,"5450 Leary Ave NW, Seattle, WA, USA",Property_Street_Number__c,,5450
006WR00000wkBUvYAM,Canal Station,,"5450 Leary Ave NW, Seattle, WA, USA",Property_Street__c,,Leary Ave NW
006WR00000wkBUwYAM,1018 E. 54th Street,,"1019 East 54th Street, Chicago, IL, USA",Property_Street_Number__c,,1019
006WR00000wkBUwYAM,1018 E. 54th Street,,"1019 East 54th Street, Chicago, IL, USA",Property_Street__c,,East 54th Street
006WR00000wkBUxYAM,Bristol Park at Eagle Mountain,Fort Worth_MDU_Bristol Park at Eagle Mountain,"3141 Dalhart Dr, Fort Worth, Texas 76179, USA",Property_Street_Number__c,,3141
006WR00000wkBUxYAM,Bristol Park at Eagle Mountain,Fort Worth_MDU_Bristol Park at Eagle Mountain,"3141 Dalhart Dr, Fort Worth, Texas 76179, USA",Property_Street__c,,Dalhart Dr
006WR00000wkBUxYAM,Bristol Park at Eagle Mountain,Fort Worth_MDU_Bristol Park at Eagle Mountain,"3141 Dalhart Dr, Fort Worth, Texas 76179, USA",Property_County__c,,Tarrant
006WR00000wkBUyYAM,1101 E. Hyde Park Boulevard,,"1102 East Hyde Park Boulevard, Chicago, IL, USA",Property_Street_Number__c,,1102
006WR00000wkBUyYAM,1101 E. Hyde Park Boulevard,,"1102 East Hyde Park Boulevard, Chicago, IL, USA",Property_Street__c,,East Hyde Park Boulevard
006WR00000wkBUzYAM,1154-56 E. 56th Street,,"1154-56 East 56th Street, Chicago, IL, USA",Property_Street_Number__c,,1154-56
006WR00000wkBUzYAM,1154-56 E. 56th Street,,"1154-56 East 56th Street, Chicago, IL, USA",Property_Street__c,,East 56th Street
006WR00000wkBV0YAM,1321 E. 57th St,,"1321 East 57th Street, Chicago, IL, USA",Property_Street_Number__c,,1321
006WR00000wkBV0YAM,1321 E. 57th St,,"1321 East 57th Street, Chicago, IL, USA",Property_Street__c,,East 57th Street
006WR00000wkBV1YAM,1323 E. 57th St,,"534 East 33rd Place, Chicago, IL, USA",Property_Street_Number__c,,534
006WR00000wkBV1YAM,1323 E. 57th St,,"534 East 33rd Place, Chicago, IL, USA",Property_Street__c,,East 33rd Place
006WR00000wkBV2YAM,1358 E. 58th Street,,"1359 East 58th Street, Chicago, IL, USA",Property_Street_Number__c,,1359
006WR00000wkBV2YAM,1358 E. 58th Street,,"1359 East 58th Street, Chicago, IL, USA",Property_Street__c,,East 58th Street
006WR00000wkBV3YAM,1400 E. 57th Street,,"534 East 33rd Place, Chicago, IL, USA",Property_Street_Number__c,,534
006WR00000wkBV3YAM,1400 E. 57th Street,,"534 East 33rd Place, Chicago, IL, USA",Property_Street__c,,East 33rd Place
006WR00000wkBV4YAM,Amber Court,,"34050 Westchester Terrace, Fremont, CA, USA",Property_Street_Number__c,,34050
006WR00000wkBV4YAM,Amber Court,,"34050 Westchester Terrace, Fremont, CA, USA",Property_Street__c,,Westchester Terrace
006WR00000wkBV5YAM,Bridges of San Ramon,,"309 Springfield Drive, San Ramon, CA, USA",Property_Street_Number__c,,309
006WR00000wkBV5YAM,Bridges of San Ramon,,"309 Springfield Drive, San Ramon, CA, USA",Property_Street__c,,Springfield Drive
006WR00000wkBV6YAM,Carlyle,,"4500 Carlyle Court, Santa Clara, CA, USA",Property_Street_Number__c,,4500
006WR00000wkBV6YAM,Carlyle,,"4500 Carlyle Court, Santa Clara, CA, USA",Property_Street__c,,Carlyle Court
006WR00000wkBV7YAM,Cotton Wood,,"6500 Cottonwood Circle, Dublin, CA, USA",Property_Street_Number__c,,6500
006WR00000wkBV7YAM,Cotton Wood,,"6500 Cottonwood Circle, Dublin, CA, USA",Property_Street__c,,Cottonwood Circle
006WR00000wkBV8YAM,Campbell Run,,"13305 Northeast 171st Street, Woodinville, WA, USA",Property_Street_Number__c,,13305
006WR00000wkBV8YAM,Campbell Run,,"13305 Northeast 171st Street, Woodinville, WA, USA",Property_Street__c,,Northeast 171st Street
006WR00000wkBV9YAM,1413-15 E. 57th St,,"1413-15 East 57th Street, Chicago, IL, USA",Property_Street_Number__c,,1413-15
006WR00000wkBV9YAM,1413-15 E. 57th St,,"1413-15 East 57th Street, Chicago, IL, USA",Property_Street__c,,East 57th Street
006WR00000wkBVAYA2,1440-1450 E. 52nd Street,,"1440 East 52nd Street, Chicago, IL, USA",Property_Street_Number__c,,1440
006WR00000wkBVAYA2,1440-1450 E. 52nd Street,,"1440 East 52nd Street, Chicago, IL, USA",Property_Street__c,,East 52nd Street
006WR00000wkBVBYA2,1515-1521 E. 54th Street,,"534 East 33rd Place, Chicago, IL, USA",Property_Street_Number__c,,534
006WR00000wkBVBYA2,1515-1521 E. 54th Street,,"534 East 33rd Place, Chicago, IL, USA",Property_Street__c,,East 33rd Place
006WR00000wkBVCYA2,Cedar Park Apartments,,"400 East Cypress Creek Road, Cedar Park, TX, USA",Property_Street_Number__c,,400
006WR00000wkBVCYA2,Cedar Park Apartments,,"400 East Cypress Creek Road, Cedar Park, TX, USA",Property_Street__c,,East Cypress Creek Road
006WR00000wkBVDYA2,Asbury Park Apartments,,"700 Industrial Boulevard, Temple, TX, USA",Property_Street_Number__c,,700
006WR00000wkBVDYA2,Asbury Park Apartments,,"700 Industrial Boulevard, Temple, TX, USA",Property_Street__c,,Industrial Boulevard
006WR00000wkBVEYA2,Brazos Park Apartments,,"1800 North Lake Brazos Parkway, Waco, TX, USA",Property_Street_Number__c,,1800
006WR00000wkBVEYA2,Brazos Park Apartments,,"1800 North Lake Brazos Parkway, Waco, TX, USA",Property_Street__c,,North Lake Brazos Parkway
006WR00000wkBVFYA2,Crystal Falls Crossing,,"2702 South Bagdad Road, Leander, TX, USA",Property_Street_Number__c,,2702
006WR00000wkBVFYA2,Crystal Falls Crossing,,"2702 South Bagdad Road, Leander, TX, USA",Property_Street__c,,South Bagdad Road
006WR00000wkBVGYA2,Clear Creek Meadows,,"1202 South FM 116, Kempner, TX, USA",Property_Street_Number__c,,1202
006WR00000wkBVGYA2,Clear Creek Meadows,,"1202 South FM 116, Kempner, TX, USA",Property_Street__c,,South FM 116
006WR00000wkBVHYA2,Belle Oaks Apartments,,"1100 Shady Ln, Belton, TX, USA",Property_Street_Number__c,,1100
006WR00000wkBVHYA2,Belle Oaks Apartments,,"1100 Shady Ln, Belton, TX, USA",Property_Street__c,,Shady Ln
006WR00000wkBVIYA2,Chappell Oaks Apartments,,"200 Lake Rd, Belton, TX, USA",Property_Street_Number__c,,200
006WR00000wkBVIYA2,Chappell Oaks Apartments,,"200 Lake Rd, Belton, TX, USA",Property_Street__c,,Lake Rd
006WR00000wkBVJYA2,Country Square,,"724 East Avenue North, Belton, TX, USA",Property_Street_Number__c,,724
006WR00000wkBVJYA2,Country Square,,"724 East Avenue North, Belton, TX, USA",Property_Street__c,,East Avenue North
006WR00000wkBn3YAE,Cove Village Apartments,Copperas Cove_MDU_Cove Village Apartments,"1102 Golf Course Road, Copperas Cove, TX, USA",Property_Street_Number__c,,1102
006WR00000wkBn3YAE,Cove Village Apartments,Copperas Cove_MDU_Cove Village Apartments,"1102 Golf Course Road, Copperas Cove, TX, USA",Property_Street__c,,Golf Course Road
006WR00000wkBn4YAE,Brookview Village Apartments,,"1000 Brookview Drive, Copperas Cove, TX, USA",Property_Street_Number__c,,1000
006WR00000wkBn4YAE,Brookview Village Apartments,,"1000 Brookview Drive, Copperas Cove, TX, USA",Property_Street__c,,Brookview Drive
006WR00000wkBn5YAE,Autumn Chase Apartments,,"610 Parnell Drive, Temple, TX, USA",Property_Street_Number__c,,610
006WR00000wkBn5YAE,Autumn Chase Apartments,,"610 Parnell Drive, Temple, TX, USA",Property_Street__c,,Parnell Drive
006WR00000wkBn6YAE,Centerpoint Landing,,"14301 Statler Boulevard, Fort Worth, TX, USA",Property_Street_Number__c,,14301
006WR00000wkBn6YAE,Centerpoint Landing,,"14301 Statler Boulevard, Fort Worth, TX, USA",Property_Street__c,,Statler Boulevard
006WR00000wkBn7YAE,Avana River Park Apartments,,"5500 S Hulen St, Fort Worth, TX, USA",Property_Street_Number__c,,5500
006WR00000wkBn7YAE,Avana River Park Apartments,,"5500 S Hulen St, Fort Worth, TX, USA",Property_Street__c,,S Hulen St
006WR00000wkBn8YAE,Fox Meadows Apartments,,"3644 South Timberline Road, Fort Collins, CO, USA",Property_Street_Number__c,,3644
006WR00000wkBn8YAE,Fox Meadows Apartments,,"3644 South Timberline Road, Fort Collins, CO, USA",Property_Street__c,,South Timberline Road
006WR00000wkBn9YAE,500 Flats Apartments,,"500 East Loop 820, Fort Worth, TX, USA",Property_Street_Number__c,,500
006WR00000wkBn9YAE,500 Flats Apartments,,"500 East Loop 820, Fort Worth, TX, USA",Property_Street__c,,East Loop 820
006WR00000wkBnAYAU,Solstice on the Park,,"5454 S Shore Dr, Chicago, IL, USA",Property_Street_Number__c,,5454
006WR00000wkBnAYAU,Solstice on the Park,,"5454 S Shore Dr, Chicago, IL, USA",Property_Street__c,,S Shore Dr
006WR00000wkBnBYAU,Butler Place Apartments,,"1201 Luella Street Fort Worth, Texas",Property_Street_Number__c,,1201
006WR00000wkBnBYAU,Butler Place Apartments,,"1201 Luella Street Fort Worth, Texas",Property_Street__c,,Luella Street Fort Worth
006WR00000wkBnCYAU,Bear Creek at Hardwood,,"1130 Bear Creek Parkway, Euless, TX, USA",Property_Street_Number__c,,1130
006WR00000wkBnCYAU,Bear Creek at Hardwood,,"1130 Bear Creek Parkway, Euless, TX, USA",Property_Street__c,,Bear Creek Parkway
006WR00000wkBnDYAU,Bell City Line,,"1230 CityLine Drive, Richardson, TX, USA",Property_Street_Number__c,,1230
006WR00000wkBnDYAU,Bell City Line,,"1230 CityLine Drive, Richardson, TX, USA",Property_Street__c,,CityLine Drive
006WR00000wkBnEYAU,Belmond,,"4699 Fossil Vista Dr, Haltom City, TX, USA",Property_Street_Number__c,,4699
006WR00000wkBnEYAU,Belmond,,"4699 Fossil Vista Dr, Haltom City, TX, USA",Property_Street__c,,Fossil Vista Dr
006WR00000wkBnFYAU,Bell Tower,,"3506 South 5th Street, Temple, TX, USA",Property_Street_Number__c,,3506
006WR00000wkBnFYAU,Bell Tower,,"3506 South 5th Street, Temple, TX, USA",Property_Street__c,,South 5th Street
006WR00000wkBnGYAU,Cameron Creek,,"5209 Bryant Irvin Road, Fort Worth, TX, USA",Property_Street_Number__c,,5209
006WR00000wkBnGYAU,Cameron Creek,,"5209 Bryant Irvin Road, Fort Worth, TX, USA",Property_Street__c,,Bryant Irvin Road
006WR00000wkBnHYAU,Canopy Homes,,"10449 Orchard Way, Fort Worth, TX, USA",Property_Street_Number__c,,10449
006WR00000wkBnHYAU,Canopy Homes,,"10449 Orchard Way, Fort Worth, TX, USA",Property_Street__c,,Orchard Way
006WR00000wkBnIYAU,Casa Place Apartments,,"3303 Chapel Creek Dr, Dallas, TX",Property_Street_Number__c,,3303
006WR00000wkBnIYAU,Casa Place Apartments,,"3303 Chapel Creek Dr, Dallas, TX",Property_Street__c,,Chapel Creek Dr
006WR00000wkBnJYAU,Ash Lane,,"601 E Ash Ln, Euless, TX, USA",Property_Street_Number__c,,601
006WR00000wkBnJYAU,Ash Lane,,"601 E Ash Ln, Euless, TX, USA",Property_Street__c,,E Ash Ln
006WR00000wkBnKYAU,Community Place Apartments,,"3358 Clydedale Dr, Dallas, TX, USA",Property_Street_Number__c,,3358
006WR00000wkBnKYAU,Community Place Apartments,,"3358 Clydedale Dr, Dallas, TX, USA",Property_Street__c,,Clydedale Dr
006WR00000wkBnLYAU,AAA Properties dba Chateau Apartments,,"108-112 East Josephine Street, Weatherford, TX, USA",Property_Street_Number__c,,108-112
006WR00000wkBnLYAU,AAA Properties dba Chateau Apartments,,"108-112 East Josephine Street, Weatherford, TX, USA",Property_Street__c,,East Josephine Street
006WR00000wkBnMYAU,Center Point Apartments,,"2626 Frankford Rd, Dallas, TX, USA",Property_Street_Number__c,,2626
006WR00000wkBnMYAU,Center Point Apartments,,"2626 Frankford Rd, Dallas, TX, USA",Property_Street__c,,Frankford Rd
006WR00000wkBnNYAU,Bridges at Deer Run,,"3637 East Trinity Mills Road, Dallas, TX, USA",Property_Street_Number__c,,3637
006WR00000wkBnNYAU,Bridges at Deer Run,,"3637 East Trinity Mills Road, Dallas, TX, USA",Property_Street__c,,East Trinity Mills Road
006WR00000wkBnOYAU,Clark Ridge Canyon,,"8200 Clarksprings Drive, Dallas, TX, USA",Property_Street_Number__c,,8200
006WR00000wkBnOYAU,Clark Ridge Canyon,,"8200 Clarksprings Drive, Dallas, TX, USA",Property_Street__c,,Clarksprings Drive
006WR00000wkBnPYAU,Chapel Brook Apartments,,"9765 Webb Chapel Rd, Dallas, TX",Property_Street_Number__c,,9765
006WR00000wkBnPYAU,Chapel Brook Apartments,,"9765 Webb Chapel Rd, Dallas, TX",Property_Street__c,,Webb Chapel Rd
006WR00000wkBnQYAU,Cantera Apartment Homes,,"1910 S Josey Ln, Carrollton, TX, USA",Property_Street_Number__c,,1910
006WR00000wkBnQYAU,Cantera Apartment Homes,,"1910 S Josey Ln, Carrollton, TX, USA",Property_Street__c,,S Josey Ln
006WR00000wkBnRYAU,Copperfield Village AKA Morada Victoria East,,"501 East Larkspur Street, Victoria, TX, USA",Property_Street_Number__c,,501
006WR00000wkBnRYAU,Copperfield Village AKA Morada Victoria East,,"501 East Larkspur Street, Victoria, TX, USA",Property_Street__c,,East Larkspur Street
006WR00000wkBnSYAU,Cornell at Midtown,,"13001 Cornell Drive, Dallas, TX, USA",Property_Street_Number__c,,13001
006WR00000wkBnSYAU,Cornell at Midtown,,"13001 Cornell Drive, Dallas, TX, USA",Property_Street__c,,Cornell Drive
006WR00000wkBnTYAU,Chateau Apartments,,"1505 East Belt Line Road, Carrollton, TX, USA",Property_Street_Number__c,,1505
006WR00000wkBnTYAU,Chateau Apartments,,"1505 East Belt Line Road, Carrollton, TX, USA",Property_Street__c,,East Belt Line Road
006WR00000wkBnUYAU,Chapel Creek Apartments,,"3410 Hidalgo Dr, Dallas, TX",Property_Street_Number__c,,3410
006WR00000wkBnUYAU,Chapel Creek Apartments,,"3410 Hidalgo Dr, Dallas, TX",Property_Street__c,,Hidalgo Dr
006WR00000wkBnVYAU,Bear Grounds,,"1919 South 5th Street, Waco, TX, USA",Property_Street_Number__c,,1919
006WR00000wkBnVYAU,Bear Grounds,,"1919 South 5th Street, Waco, TX, USA",Property_Street__c,,South 5th Street
006WR00000wkBnWYAU,Country Club Apartments,,"1705 Metrocrest Dr, Carrollton, TX, USA",Property_Street_Number__c,,1705
006WR00000wkBnWYAU,Country Club Apartments,,"1705 Metrocrest Dr, Carrollton, TX, USA",Property_Street__c,,Metrocrest Dr
006WR00000wkBnXYAU,Chase Place,,"9825 Webb Chapel Rd, Dallas, TX",Property_Street_Number__c,,9825
006WR00000wkBnXYAU,Chase Place,,"9825 Webb Chapel Rd, Dallas, TX",Property_Street__c,,Webb Chapel Rd
006WR00000wkBnYYAU,Bent Tree Trails Apartments,,"16300 Ledgemont Ln, Addison, TX, USA",Property_Street_Number__c,,16300
006WR00000wkBnYYAU,Bent Tree Trails Apartments,,"16300 Ledgemont Ln, Addison, TX, USA",Property_Street__c,,Ledgemont Ln
006WR00000wkBnZYAU,2929 Wycliff,,"2929 Wycliff Avenue, Dallas, TX, USA",Property_Street_Number__c,,2929
006WR00000wkBnZYAU,2929 Wycliff,,"2929 Wycliff Avenue, Dallas, TX, USA",Property_Street__c,,Wycliff Avenue
006WR00000wkBnaYAE,Bella Vista Apartments,,"1834 East Peters Colony Road, Carrollton, TX, USA",Property_Street_Number__c,,1834
006WR00000wkBnaYAE,Bella Vista Apartments,,"1834 East Peters Colony Road, Carrollton, TX, USA",Property_Street__c,,East Peters Colony Road
006WR00000wkBnbYAE,Crest Oasis,,"4701 American Blvd, Euless, TX, USA",Property_Street_Number__c,,4701
006WR00000wkBnbYAE,Crest Oasis,,"4701 American Blvd, Euless, TX, USA",Property_Street__c,,American Blvd
006WR00000wkBncYAE,Central Square at Frisco Square,,"6235 Main Street, Frisco, TX, USA",Property_Street_Number__c,,6235
006WR00000wkBncYAE,Central Square at Frisco Square,,"6235 Main Street, Frisco, TX, USA",Property_Street__c,,Main Street
006WR00000wkBndYAE,Abbey Glenn,,"700 S 4th St, Waco, TX, USA",Property_Street_Number__c,,700
006WR00000wkBndYAE,Abbey Glenn,,"700 S 4th St, Waco, TX, USA",Property_Street__c,,S 4th St
006WR00000wkBneYAE,Clarendale at Indian Lake,,"195 Indian Lake Boulevard, Hendersonville, TN, USA",Property_Street_Number__c,,195
006WR00000wkBneYAE,Clarendale at Indian Lake,,"195 Indian Lake Boulevard, Hendersonville, TN, USA",Property_Street__c,,Indian Lake Boulevard
006WR00000wkBnfYAE,1809 on Cox Apartments,,"1809 Cox Street, Carrollton, TX, USA",Property_Street_Number__c,,1809
006WR00000wkBnfYAE,1809 on Cox Apartments,,"1809 Cox Street, Carrollton, TX, USA",Property_Street__c,,Cox Street
006WR00000wkBngYAE,The Delaney at Lake Waco,,"2121 West Highway 6, Waco, TX, USA",Property_Street_Number__c,,2121
006WR00000wkBngYAE,The Delaney at Lake Waco,,"2121 West Highway 6, Waco, TX, USA",Property_Street__c,,West Highway 6
006WR00000wkBnhYAE,Drexel Grand,,5220 S Drexel Ave,Property_Street_Number__c,,5220
006WR00000wkBnhYAE,Drexel Grand,,5220 S Drexel Ave,Property_Street__c,,S Drexel Ave
006WR00000wkBniYAE,The Delaney at Parkway Lakes,,"21700 Bellaire Blvd, Richmond, TX, USA",Property_Street_Number__c,,21700
006WR00000wkBniYAE,The Delaney at Parkway Lakes,,"21700 Bellaire Blvd, Richmond, TX, USA",Property_Street__c,,Bellaire Blvd
006WR00000wkBnjYAE,Drexel Terrace,,5043 S. Drexel Ave,Property_Street_Number__c,,5043
006WR00000wkBnjYAE,Drexel Terrace,,5043 S. Drexel Ave,Property_Street__c,,S. Drexel Ave
006WR00000wkBnkYAE,The Delaney at South Shore,,"2605 Marina Bay Dr, League City, TX, USA",Property_Street_Number__c,,2605
006WR00000wkBnkYAE,The Delaney at South Shore,,"2605 Marina Bay Dr, League City, TX, USA",Property_Street__c,,Marina Bay Dr
006WR00000wkBnlYAE,East Park Tower,,5242 S Hyde Park Blvd,Property_Street_Number__c,,5242
006WR00000wkBnlYAE,East Park Tower,,5242 S Hyde Park Blvd,Property_Street__c,,S Hyde Park Blvd
006WR00000wkBnmYAE,Ellis Court,,5301-5309 S Ellis Ave,Property_Street_Number__c,,5301-5309
006WR00000wkBnmYAE,Ellis Court,,5301-5309 S Ellis Ave,Property_Street__c,,S Ellis Ave
006WR00000wkBnnYAE,Greenwood 5201,,5201 S Greenwood Ave,Property_Street_Number__c,,5201
006WR00000wkBnnYAE,Greenwood 5201,,5201 S Greenwood Ave,Property_Street__c,,S Greenwood Ave
006WR00000wkBnoYAE,Harper Court,,5209 S Harper Avenue,Property_Street_Number__c,,5209
006WR00000wkBnoYAE,Harper Court,,5209 S Harper Avenue,Property_Street__c,,S Harper Avenue
006WR00000wkBnpYAE,Adams Bend Apartments,,"3101 West Adams Avenue, Temple, TX, USA",Property_Street_Number__c,,3101
006WR00000wkBnpYAE,Adams Bend Apartments,,"3101 West Adams Avenue, Temple, TX, USA",Property_Street__c,,West Adams Avenue
006WR00000wkBnqYAE,Kenwood Court,,1350 E 53rd St,Property_Street_Number__c,,1350
006WR00000wkBnqYAE,Kenwood Court,,1350 E 53rd St,Property_Street__c,,E 53rd St
006WR00000wkBnrYAE,Branch Creek Apartments,,"2250 Marsh Lane, Carrollton, TX, USA",Property_Street_Number__c,,2250
006WR00000wkBnrYAE,Branch Creek Apartments,,"2250 Marsh Lane, Carrollton, TX, USA",Property_Street__c,,Marsh Lane
006WR00000wkBnsYAE,Carrara at Cole33,,"4649 Cole Avenue, Dallas, TX, USA",Property_Street_Number__c,,4649
006WR00000wkBnsYAE,Carrara at Cole33,,"4649 Cole Avenue, Dallas, TX, USA",Property_Street__c,,Cole Avenue
006WR00000wkBntYAE,Maple Court,,1120-1126 East 47th St,Property_Street_Number__c,,1120-1126
006WR00000wkBntYAE,Maple Court,,1120-1126 East 47th St,Property_Street__c,,East 47th St
006WR00000wkBnuYAE,Paramour,,4850 Drexel Boulevard,Property_Street_Number__c,,4850
006WR00000wkBnuYAE,Paramour,,4850 Drexel Boulevard,Property_Street__c,,Drexel Boulevard
006WR00000wkBnvYAE,Ashford Apartments,,"2116 Marsh Ln, Carrollton, TX 75006, USA",Property_Street_Number__c,,2116
006WR00000wkBnvYAE,Ashford Apartments,,"2116 Marsh Ln, Carrollton, TX 75006, USA",Property_Street__c,,Marsh Ln
006WR00000wkBnwYAE,Shoreland,,"5454 S Shore Dr, Chicago, IL, USA",Property_Street_Number__c,,5454
006WR00000wkBnwYAE,Shoreland,,"5454 S Shore Dr, Chicago, IL, USA",Property_Street__c,,S Shore Dr
006WR00000wkBnxYAE,Carrollton Park of North Dallas,,"18211 Kelly Boulevard, Dallas, TX, USA",Property_Street_Number__c,,18211
006WR00000wkBnxYAE,Carrollton Park of North Dallas,,"18211 Kelly Boulevard, Dallas, TX, USA",Property_Street__c,,Kelly Boulevard
006WR00000wkBnyYAE,The Blackwood,,"5454 S Shore Dr, Chicago, IL, USA",Property_Street_Number__c,,5454
006WR00000wkBnyYAE,The Blackwood,,"5454 S Shore Dr, Chicago, IL, USA",Property_Street__c,,S Shore Dr
006WR00000wkBnzYAE,The Del Prado,,5307 South Hyde Park Boulevard,Property_Street_Number__c,,5307
006WR00000wkBnzYAE,The Del Prado,,5307 South Hyde Park Boulevard,Property_Street__c,,South Hyde Park Boulevard
006WR00000wkBo0YAE,Andalusian Gate,,"3653 Briargrove Ln, Dallas, TX, USA",Property_Street_Number__c,,3653
006WR00000wkBo0YAE,Andalusian Gate,,"3653 Briargrove Ln, Dallas, TX, USA",Property_Street__c,,Briargrove Ln
006WR00000wkBo1YAE,The Pepperland,,1509-1517 E 57th St,Property_Street_Number__c,,1509-1517
006WR00000wkBo1YAE,The Pepperland,,1509-1517 E 57th St,Property_Street__c,,E 57th St
006WR00000wkBo2YAE,Brookhaven,,"14833 Marsh Ln, Farmers Branch, TX, USA",Property_Street_Number__c,,14833
006WR00000wkBo2YAE,Brookhaven,,"14833 Marsh Ln, Farmers Branch, TX, USA",Property_Street__c,,Marsh Ln
006WR00000wkBo3YAE,The Sutherland,,"5454 S Shore Dr, Chicago, IL, USA",Property_Street_Number__c,,5454
006WR00000wkBo3YAE,The Sutherland,,"5454 S Shore Dr, Chicago, IL, USA",Property_Street__c,,S Shore Dr
006WR00000wkBo4YAE,Courtney Place,,"3232 Chapel Creek Dr, Dallas, TX",Property_Street_Number__c,,3232
006WR00000wkBo4YAE,Courtney Place,,"3232 Chapel Creek Dr, Dallas, TX",Property_Street__c,,Chapel Creek Dr
006WR00000wkBo5YAE,Windermere House,,"5454 S Shore Dr, Chicago, IL, USA",Property_Street_Number__c,,5454
006WR00000wkBo5YAE,Windermere House,,"5454 S Shore Dr, Chicago, IL, USA",Property_Street__c,,S Shore Dr
006WR00000wkBo6YAE,Cortland Waters Edge,,"1701 Royal Lane, Dallas, TX, USA",Property_Street_Number__c,,1701
006WR00000wkBo6YAE,Cortland Waters Edge,,"1701 Royal Lane, Dallas, TX, USA",Property_Street__c,,Royal Lane
006WR00000wkBo7YAE,Aberdeen at Bellmar,,"10843 N Central Expwy, Dallas, TX, USA",Property_Street_Number__c,,10843
006WR00000wkBo7YAE,Aberdeen at Bellmar,,"10843 N Central Expwy, Dallas, TX, USA",Property_Street__c,,N Central Expwy
006WR00000wkBo8YAE,Woodlawn Court,,"5454 S Shore Dr, Chicago, IL, USA",Property_Street_Number__c,,5454
006WR00000wkBo8YAE,Woodlawn Court,,"5454 S Shore Dr, Chicago, IL, USA",Property_Street__c,,S Shore Dr
006WR00000wkBo9YAE,Crest at Park Central,,"7921 CHURCHILL WAY, DALLAS, TX, USA",Property_Street_Number__c,,7921
006WR00000wkBo9YAE,Crest at Park Central,,"7921 CHURCHILL WAY, DALLAS, TX, USA",Property_Street__c,,CHURCHILL WAY
006WR00000wkBoAYAU,Woodlawn Terrace,,"4726 South Woodlawn Avenue, Chicago, IL, USA",Property_Street_Number__c,,4726
006WR00000wkBoAYAU,Woodlawn Terrace,,"4726 South Woodlawn Avenue, Chicago, IL, USA",Property_Street__c,,South Woodlawn Avenue
006WR00000wkBoBYAU,Apple Creek,,"4802 South 31st Street, Temple, TX, USA",Property_Street_Number__c,,4802
006WR00000wkBoBYAU,Apple Creek,,"4802 South 31st Street, Temple, TX, USA",Property_Street__c,,South 31st Street
006WR00000wkBoCYAU,Cortland at West Village,,"2901 Cityplace West Boulevard, Dallas, TX, USA",Property_Street_Number__c,,2901
006WR00000wkBoCYAU,Cortland at West Village,,"2901 Cityplace West Boulevard, Dallas, TX, USA",Property_Street__c,,Cityplace West Boulevard
006WR00000wkBoDYAU,Bell Katy Trail,,"3033 Routh Street, Dallas, USA",Property_Street_Number__c,,3033
006WR00000wkBoDYAU,Bell Katy Trail,,"3033 Routh Street, Dallas, USA",Property_Street__c,,Routh Street
006WR00000wkBoEYAU,Cityplace Heights,,"4030 N Central Expy, Dallas, TX, USA",Property_Street_Number__c,,4030
006WR00000wkBoEYAU,Cityplace Heights,,"4030 N Central Expy, Dallas, TX, USA",Property_Street__c,,N Central Expy
006WR00000wkBoFYAU,4123 Cedar Springs,,"4123 Cedar Springs Road, Dallas, TX, USA",Property_Street_Number__c,,4123
006WR00000wkBoFYAU,4123 Cedar Springs,,"4123 Cedar Springs Road, Dallas, TX, USA",Property_Street__c,,Cedar Springs Road
006WR00000wkBoGYAU,Enchanted Hills,,"4501 Safelite Boulevard Northeast, Rio Rancho, NM, USA",Property_Street_Number__c,,4501
006WR00000wkBoGYAU,Enchanted Hills,,"4501 Safelite Boulevard Northeast, Rio Rancho, NM, USA",Property_Street__c,,Safelite Boulevard Northeast
006WR00000wkBoHYAU,Woods Edge Apartments,,"14002 Cove Lane, Rockville, MD, USA",Property_Street_Number__c,,14002
006WR00000wkBoHYAU,Woods Edge Apartments,,"14002 Cove Lane, Rockville, MD, USA",Property_Street__c,,Cove Lane
006WR00000wkBoIYAU,Darby Knox District,,"4444 Cole Avenue, Dallas, TX, USA",Property_Street_Number__c,,4444
006WR00000wkBoIYAU,Darby Knox District,,"4444 Cole Avenue, Dallas, TX, USA",Property_Street__c,,Cole Avenue
006WR00000wkBoJYAU,Mallard Court,,"4511 Colony Court, Alexandria, VA, USA",Property_Street_Number__c,,4511
006WR00000wkBoJYAU,Mallard Court,,"4511 Colony Court, Alexandria, VA, USA",Property_Street__c,,Colony Court
006WR00000wkBoKYAU,7900 at Park Central,,"7900 CHURCHILL WAY, DALLAS, USA",Property_Street_Number__c,,7900
006WR00000wkBoKYAU,7900 at Park Central,,"7900 CHURCHILL WAY, DALLAS, USA",Property_Street__c,,CHURCHILL WAY
006WR00000wkBoLYAU,The Village at Elkridge,,"200 Sanderson Drive, Sterling, VA, USA",Property_Street_Number__c,,200
006WR00000wkBoLYAU,The Village at Elkridge,,"200 Sanderson Drive, Sterling, VA, USA",Property_Street__c,,Sanderson Drive
006WR00000wkBoMYAU,Churchill on the Park,,"7601 Churchill Way, Dallas, TX, USA",Property_Street_Number__c,,7601
006WR00000wkBoMYAU,Churchill on the Park,,"7601 Churchill Way, Dallas, TX, USA",Property_Street__c,,Churchill Way
006WR00000wkBoNYAU,Austin Bluff,,"7070 West Camp Wisdom Road, Dallas, TX, USA",Property_Street_Number__c,,7070
006WR00000wkBoNYAU,Austin Bluff,,"7070 West Camp Wisdom Road, Dallas, TX, USA",Property_Street__c,,West Camp Wisdom Road
006WR00000wkBoOYAU,Potomac Garden,,"1300 Sanderson Drive, Sterling, VA, USA",Property_Street_Number__c,,1300
006WR00000wkBoOYAU,Potomac Garden,,"1300 Sanderson Drive, Sterling, VA, USA",Property_Street__c,,Sanderson Drive
006WR00000wkBoPYAU,Axis at Wycliff,,"4343 Congress Avenue, Dallas, TX, USA",Property_Street_Number__c,,4343
006WR00000wkBoPYAU,Axis at Wycliff,,"4343 Congress Avenue, Dallas, TX, USA",Property_Street__c,,Congress Avenue
006WR00000wkBoQYAU,Van Allen Apartments,,"10 Van Allen Way, Rensselaer, NY, USA",Property_Street_Number__c,,10
006WR00000wkBoQYAU,Van Allen Apartments,,"10 Van Allen Way, Rensselaer, NY, USA",Property_Street__c,,Van Allen Way
006WR00000wkBoRYAU,Sunrise Solar,,"1 Solar Way, Latham, NY, USA",Property_Street_Number__c,,1
006WR00000wkBoRYAU,Sunrise Solar,,"1 Solar Way, Latham, NY, USA",Property_Street__c,,Solar Way
006WR00000wkBoSYAU,Pine Park Terrace,,"Pine Park Terrace, Waterford, NY 12188, USA",Property_Street__c,,Pine Park Terrace
006WR00000wkBoTYAU,Mohawk River Apartments,,"3 Nautical Way North, Cohoes, NY, USA",Property_Street_Number__c,,3
006WR00000wkBoTYAU,Mohawk River Apartments,,"3 Nautical Way North, Cohoes, NY, USA",Property_Street__c,,Nautical Way North
006WR00000wkBoUYAU,Long Pond Village,,"105 Long Pond Drive, Schenectady, NY, USA",Property_Street_Number__c,,105
006WR00000wkBoUYAU,Long Pond Village,,"105 Long Pond Drive, Schenectady, NY, USA",Property_Street__c,,Long Pond Drive
006WR00000wkBoVYAU,Homeroom Lofts,,"2910 NY-43, Averill Park, NY, USA",Property_Street_Number__c,,2910
006WR00000wkBoVYAU,Homeroom Lofts,,"2910 NY-43, Averill Park, NY, USA",Property_Street__c,,NY-43
006WR00000wkBoWYAU,Halfmoon Garden Apartments,,"2901-29 Hayner Heights, Clifton Park, NY, USA",Property_Street_Number__c,,2901-29
006WR00000wkBoWYAU,Halfmoon Garden Apartments,,"2901-29 Hayner Heights, Clifton Park, NY, USA",Property_Street__c,,Hayner Heights
006WR00000wkBoXYAU,Grover Cleveland Apartments,,"6A Weis Road, Albany, NY, USA",Property_Street_Number__c,,6A
006WR00000wkBoXYAU,Grover Cleveland Apartments,,"6A Weis Road, Albany, NY, USA",Property_Street__c,,Weis Road
006WR00000wkBoYYAU,Draper Lofts,,"901 Draper Avenue, Rotterdam, NY, USA",Property_Street_Number__c,,901
006WR00000wkBoYYAU,Draper Lofts,,"901 Draper Avenue, Rotterdam, NY, USA",Property_Street__c,,Draper Avenue
006WR00000wkBoZYAU,Squaw Creek MHP,,"6201 Hennessey Parkway, Marion, IA, USA",Property_Street_Number__c,,6201
006WR00000wkBoZYAU,Squaw Creek MHP,,"6201 Hennessey Parkway, Marion, IA, USA",Property_Street__c,,Hennessey Parkway
006WR00000wkBoaYAE,Kently Pointe,,"4724 South 272nd Street, Kent, WA, USA",Property_Street_Number__c,,4724
006WR00000wkBoaYAE,Kently Pointe,,"4724 South 272nd Street, Kent, WA, USA",Property_Street__c,,South 272nd Street
006WR00000wkBobYAE,Country Estates,,"3930 North 105th Street, Omaha, NE, USA",Property_Street_Number__c,,3930
006WR00000wkBobYAE,Country Estates,,"3930 North 105th Street, Omaha, NE, USA",Property_Street__c,,North 105th Street
006WR00000wkBocYAE,The Summit,,"1735 Dexter Ave N, Seattle, WA, USA",Property_Street_Number__c,,1735
006WR00000wkBocYAE,The Summit,,"1735 Dexter Ave N, Seattle, WA, USA",Property_Street__c,,Dexter Ave N
006WR00000wkBodYAE,Maris Apartments,,"4721 38th Avenue Southwest, Seattle, WA, USA",Property_Street_Number__c,,4721
006WR00000wkBodYAE,Maris Apartments,,"4721 38th Avenue Southwest, Seattle, WA, USA",Property_Street__c,,38th Avenue Southwest
006WR00000wkBoeYAE,Deer Park,,"317 North Ave, Council Bluffs, IA, USA",Property_Street_Number__c,,317
006WR00000wkBoeYAE,Deer Park,,"317 North Ave, Council Bluffs, IA, USA",Property_Street__c,,North Ave
006WR00000wkBofYAE,Keelers Corner,,"4525 164th St SW, Lynnwood, WA, USA",Property_Street_Number__c,,4525
006WR00000wkBofYAE,Keelers Corner,,"4525 164th St SW, Lynnwood, WA, USA",Property_Street__c,,164th St SW
006WR00000wkBogYAE,Main St Flats,,"10595 Main Street, Bellevue, WA, USA",Property_Street_Number__c,,10595
006WR00000wkBogYAE,Main St Flats,,"10595 Main Street, Bellevue, WA, USA",Property_Street__c,,Main Street
006WR00000wkBohYAE,Thornton Place,,"337 Northeast 103rd Street, Seattle, WA, USA",Property_Street_Number__c,,337
006WR00000wkBohYAE,Thornton Place,,"337 Northeast 103rd Street, Seattle, WA, USA",Property_Street__c,,Northeast 103rd Street
006WR00000wkBoiYAE,Washington Park Tower,,"1620 43rd Avenue East, Seattle, WA, USA",Property_Street_Number__c,,1620
006WR00000wkBoiYAE,Washington Park Tower,,"1620 43rd Avenue East, Seattle, WA, USA",Property_Street__c,,43rd Avenue East
006WR00000wkBojYAE,The Outlook at Windhaven,Dallas_MDU_The Outlook at Windhaven,"5555 Windhaven Parkway, The Colony, TX, USA",Property_Street_Number__c,,5555
006WR00000wkBojYAE,The Outlook at Windhaven,Dallas_MDU_The Outlook at Windhaven,"5555 Windhaven Parkway, The Colony, TX, USA",Property_Street__c,,Windhaven Parkway
006WR00000wkBokYAE,Shady Creek Ranch Apartments,,"820 Southeast Pkwy, Azle, TX 76020",Property_Street_Number__c,,820
006WR00000wkBokYAE,Shady Creek Ranch Apartments,,"820 Southeast Pkwy, Azle, TX 76020",Property_Street__c,,Southeast Pkwy
006WR00000wkBolYAE,Apple Creek Apartments,,"14010 Dorcas Plaza, Omaha, NE, USA",Property_Street_Number__c,,14010
006WR00000wkBolYAE,Apple Creek Apartments,,"14010 Dorcas Plaza, Omaha, NE, USA",Property_Street__c,,Dorcas Plaza
006WR00000wkBomYAE,Unnamed,,"2000 Holley Pkwy, Roanoke, TX 76262",Property_Street_Number__c,,2000
006WR00000wkBomYAE,Unnamed,,"2000 Holley Pkwy, Roanoke, TX 76262",Property_Street__c,,Holley Pkwy
006WR00000wkBonYAE,Aspenwood,,"4139 South 4080 West, West Valley City, UT, USA",Property_Street_Number__c,,4139
006WR00000wkBonYAE,Aspenwood,,"4139 South 4080 West, West Valley City, UT, USA",Property_Street__c,,South 4080 West
006WR00000wkBooYAE,Parcwood,,"1700 Vía Pacifica, Corona, CA, USA",Property_Street_Number__c,,1700
006WR00000wkBooYAE,Parcwood,,"1700 Vía Pacifica, Corona, CA, USA",Property_Street__c,,Vía Pacifica
006WR00000wkBopYAE,San Marquis,,"340 Crosstown Blvd, Chaska, MN, USA",Property_Street_Number__c,,340
006WR00000wkBopYAE,San Marquis,,"340 Crosstown Blvd, Chaska, MN, USA",Property_Street__c,,Crosstown Blvd
006WR00000wkBoqYAE,Harbor Cove,,"900 E Hillsdale Blvd, Foster City, CA, USA",Property_Street_Number__c,,900
006WR00000wkBoqYAE,Harbor Cove,,"900 E Hillsdale Blvd, Foster City, CA, USA",Property_Street__c,,E Hillsdale Blvd
006WR00000wkBorYAE,La Vina,,"4601 Gerrilyn Way, Livermore, CA, USA",Property_Street_Number__c,,4601
006WR00000wkBorYAE,La Vina,,"4601 Gerrilyn Way, Livermore, CA, USA",Property_Street__c,,Gerrilyn Way
006WR00000wkBosYAE,Park Hacienda,,"5650 Owens Dr, Pleasanton, CA, USA",Property_Street_Number__c,,5650
006WR00000wkBosYAE,Park Hacienda,,"5650 Owens Dr, Pleasanton, CA, USA",Property_Street__c,,Owens Dr
006WR00000wkBotYAE,Edgewood Park,,"1501 145th Place Southeast, Bellevue, WA, USA",Property_Street_Number__c,,1501
006WR00000wkBotYAE,Edgewood Park,,"1501 145th Place Southeast, Bellevue, WA, USA",Property_Street__c,,145th Place Southeast
006WR00000wkBouYAE,Metropolitan Park,,"601 South Washington Street, Seattle, WA, USA",Property_Street_Number__c,,601
006WR00000wkBouYAE,Metropolitan Park,,"601 South Washington Street, Seattle, WA, USA",Property_Street__c,,South Washington Street
006WR00000wkBovYAE,Nightingale,,"2651 156th Avenue Northeast, Redmond, WA, USA",Property_Street_Number__c,,2651
006WR00000wkBovYAE,Nightingale,,"2651 156th Avenue Northeast, Redmond, WA, USA",Property_Street__c,,156th Avenue Northeast
006WR00000wkBowYAE,Overlook at Lakemont,,"5305 Lakemont Blvd SE, Bellevue, WA, USA",Property_Street_Number__c,,5305
006WR00000wkBowYAE,Overlook at Lakemont,,"5305 Lakemont Blvd SE, Bellevue, WA, USA",Property_Street__c,,Lakemont Blvd SE
006WR00000wkBoxYAE,Redmond Place Apartments,,"8935 160th Ave NE, Redmond, WA, USA",Property_Street_Number__c,,8935
006WR00000wkBoxYAE,Redmond Place Apartments,,"8935 160th Ave NE, Redmond, WA, USA",Property_Street__c,,160th Ave NE
006WR00000wkBoyYAE,Vue Kirkland,,"11733 Northeast 131st Place, Kirkland, WA, USA",Property_Street_Number__c,,11733
006WR00000wkBoyYAE,Vue Kirkland,,"11733 Northeast 131st Place, Kirkland, WA, USA",Property_Street__c,,Northeast 131st Place
006WR00000wkBozYAE,Grand Reserve,,"6214 Rockwell Dr NE, Cedar Rapids, IA, USA",Property_Street_Number__c,,6214
006WR00000wkBozYAE,Grand Reserve,,"6214 Rockwell Dr NE, Cedar Rapids, IA, USA",Property_Street__c,,Rockwell Dr NE
006WR00000wkBp0YAE,Centreport Lake Apartments,,"14301 Centre Station Drive, Fort Worth, TX, USA",Property_Street_Number__c,,14301
006WR00000wkBp0YAE,Centreport Lake Apartments,,"14301 Centre Station Drive, Fort Worth, TX, USA",Property_Street__c,,Centre Station Drive
006WR00000wkBp1YAE,Whispering Pines,,"7913 National Rd SW, Pataskala, OH, USA",Property_Street_Number__c,,7913
006WR00000wkBp1YAE,Whispering Pines,,"7913 National Rd SW, Pataskala, OH, USA",Property_Street__c,,National Rd SW
006WR00000wkBp2YAE,College Park Apartments,,"202 College Park Drive, Weatherford, TX, USA",Property_Street_Number__c,,202
006WR00000wkBp2YAE,College Park Apartments,,"202 College Park Drive, Weatherford, TX, USA",Property_Street__c,,College Park Drive
006WR00000wkBp3YAE,Chase Apartments,,"1901 Eastchase Parkway, Fort Worth, TX, USA",Property_Street_Number__c,,1901
006WR00000wkBp3YAE,Chase Apartments,,"1901 Eastchase Parkway, Fort Worth, TX, USA",Property_Street__c,,Eastchase Parkway
006WR00000wkBp4YAE,Avocado Court,,"221 East El Norte Parkway, Escondido, CA, USA",Property_Street_Number__c,,221
006WR00000wkBp4YAE,Avocado Court,,"221 East El Norte Parkway, Escondido, CA, USA",Property_Street__c,,East El Norte Parkway
006WR00000wkBp5YAE,Cedar Nettleton Apartments,,"245 Cedar Road, Vista, CA, USA",Property_Street_Number__c,,245
006WR00000wkBp5YAE,Cedar Nettleton Apartments,,"245 Cedar Road, Vista, CA, USA",Property_Street__c,,Cedar Road
006WR00000wkBp6YAE,Willow Creek Apartments,Copperas Cove_MDU_Willow Creek Apartments,"307 Judy Ln, Copperas Cove, TX, USA",Property_Street_Number__c,,307
006WR00000wkBp6YAE,Willow Creek Apartments,Copperas Cove_MDU_Willow Creek Apartments,"307 Judy Ln, Copperas Cove, TX, USA",Property_Street__c,,Judy Ln
006WR00000wkBp7YAE,Lakeline Apartments,,"3000 N Lakeline Blvd, Leander, TX, USA",Property_Street_Number__c,,3000
006WR00000wkBp7YAE,Lakeline Apartments,,"3000 N Lakeline Blvd, Leander, TX, USA",Property_Street__c,,N Lakeline Blvd
006WR00000wkBp8YAE,Holly Oaks Apartments,,"3320 Thornton Lane, Temple, TX, USA",Property_Street_Number__c,,3320
006WR00000wkBp8YAE,Holly Oaks Apartments,,"3320 Thornton Lane, Temple, TX, USA",Property_Street__c,,Thornton Lane
006WR00000wkBp9YAE,River Springs at Barge Ranch,,"3300 North Main Street, Belton, TX, USA",Property_Street_Number__c,,3300
006WR00000wkBp9YAE,River Springs at Barge Ranch,,"3300 North Main Street, Belton, TX, USA",Property_Street__c,,North Main Street
006WR00000wkBpAYAU,Oakview Apartments,,"3101 Oakview Drive, Temple, TX, USA",Property_Street_Number__c,,3101
006WR00000wkBpAYAU,Oakview Apartments,,"3101 Oakview Drive, Temple, TX, USA",Property_Street__c,,Oakview Drive
006WR00000wkBpBYAU,Midtown Apartments,,"3000 West Adams Avenue, Temple, TX, USA",Property_Street_Number__c,,3000
006WR00000wkBpBYAU,Midtown Apartments,,"3000 West Adams Avenue, Temple, TX, USA",Property_Street__c,,West Adams Avenue
006WR00000wkBpCYAU,Grove at Nolan Creek,,"300 West 1st Avenue, Belton, TX, USA",Property_Street_Number__c,,300
006WR00000wkBpCYAU,Grove at Nolan Creek,,"300 West 1st Avenue, Belton, TX, USA",Property_Street__c,,West 1st Avenue
006WR00000wkBpDYAU,Heritage Village Apartments,,"620 West Elm Ave, Temple, TX 76501",Property_Street_Number__c,,620
006WR00000wkBpDYAU,Heritage Village Apartments,,"620 West Elm Ave, Temple, TX 76501",Property_Street__c,,West Elm Ave
006WR00000wkBpEYAU,University Club Apartments,,"1725 North Lake Brazos Parkway, Waco, TX, USA",Property_Street_Number__c,,1725
006WR00000wkBpEYAU,University Club Apartments,,"1725 North Lake Brazos Parkway, Waco, TX, USA",Property_Street__c,,North Lake Brazos Parkway
006WR00000wkBpFYAU,Eagle Crest Apartments,,"4120 Corsicana Road, Bellmead, TX 76705, USA",Property_Street_Number__c,,4120
006WR00000wkBpFYAU,Eagle Crest Apartments,,"4120 Corsicana Road, Bellmead, TX 76705, USA",Property_Street__c,,Corsicana Road
006WR00000wkBpGYAU,Woodbridge Crossing,,"202 Woodbridge Boulevard, Temple, TX, USA",Property_Street_Number__c,,202
006WR00000wkBpGYAU,Woodbridge Crossing,,"202 Woodbridge Boulevard, Temple, TX, USA",Property_Street__c,,Woodbridge Boulevard
006WR00000wkBpHYAU,Liberty Trails Apartments,Liberty Hill_MDU_Liberty Trails Apartments,"2225 Ranch Rd 1869, Liberty Hill, TX, USA",Property_Street_Number__c,,2225
006WR00000wkBpHYAU,Liberty Trails Apartments,Liberty Hill_MDU_Liberty Trails Apartments,"2225 Ranch Rd 1869, Liberty Hill, TX, USA",Property_Street__c,,Ranch Rd 1869
006WR00000wkBpIYAU,Oasis Apartments,,"2015 East Business Highway 190, Copperas Cove, TX, USA",Property_Street_Number__c,,2015
006WR00000wkBpIYAU,Oasis Apartments,,"2015 East Business Highway 190, Copperas Cove, TX, USA",Property_Street__c,,East Business Highway 190
006WR00000wkBpJYAU,San Gabriel Crossing,Liberty_Hill_MDU_San Gabriel Crossing Apts,"155 Hillcrest Lane, Liberty Hill, TX, USA",Property_Street_Number__c,,155
006WR00000wkBpJYAU,San Gabriel Crossing,Liberty_Hill_MDU_San Gabriel Crossing Apts,"155 Hillcrest Lane, Liberty Hill, TX, USA",Property_Street__c,,Hillcrest Lane
006WR00000wkBpKYAU,Oak Ridge,,"399 10th St, Nolanville, TX, USA",Property_Street_Number__c,,399
006WR00000wkBpKYAU,Oak Ridge,,"399 10th St, Nolanville, TX, USA",Property_Street__c,,10th St
006WR00000wkBpLYAU,Pecan Pointe Apartments,,"463 Westfield Blvd, Temple, TX, USA",Property_Street_Number__c,,463
006WR00000wkBpLYAU,Pecan Pointe Apartments,,"463 Westfield Blvd, Temple, TX, USA",Property_Street__c,,Westfield Blvd
006WR00000wkBpMYAU,Wildflower VIllas,,"5227 West Adams Avenue, Temple, TX, USA",Property_Street_Number__c,,5227
006WR00000wkBpMYAU,Wildflower VIllas,,"5227 West Adams Avenue, Temple, TX, USA",Property_Street__c,,West Adams Avenue
006WR00000wkBpNYAU,Exchange Sunshine Apartments,,"1103 Leonhard Street, Copperas Cove, TX, USA",Property_Street_Number__c,,1103
006WR00000wkBpNYAU,Exchange Sunshine Apartments,,"1103 Leonhard Street, Copperas Cove, TX, USA",Property_Street__c,,Leonhard Street
006WR00000wkBpOYAU,West Avenue F Apartments,,"305 West Avenue F, Copperas Cove, TX, USA",Property_Street_Number__c,,305
006WR00000wkBpOYAU,West Avenue F Apartments,,"305 West Avenue F, Copperas Cove, TX, USA",Property_Street__c,,West Avenue F
006WR00000wkBpPYAU,The Kyle,,"111 North Main Street, Temple, TX, USA",Property_Street_Number__c,,111
006WR00000wkBpPYAU,The Kyle,,"111 North Main Street, Temple, TX, USA",Property_Street__c,,North Main Street
006WR00000wkBpQYAU,Hunnington Townhomes,,"3701 Robinhood Drive, Temple, TX, USA",Property_Street_Number__c,,3701
006WR00000wkBpQYAU,Hunnington Townhomes,,"3701 Robinhood Drive, Temple, TX, USA",Property_Street__c,,Robinhood Drive
006WR00000wkBpRYAU,Montrose Place Apartments,,"2200 Montrose Place, Belton, TX, USA",Property_Street_Number__c,,2200
006WR00000wkBpRYAU,Montrose Place Apartments,,"2200 Montrose Place, Belton, TX, USA",Property_Street__c,,Montrose Place
006WR00000wkBpSYAU,Stubblefield Park,Liberty_Hill_MDU_Stubblefield Park Apts,"304 Stubblefield Lane, Liberty Hill, TX, USA",Property_Street_Number__c,,304
006WR00000wkBpSYAU,Stubblefield Park,Liberty_Hill_MDU_Stubblefield Park Apts,"304 Stubblefield Lane, Liberty Hill, TX, USA",Property_Street__c,,Stubblefield Lane
006WR00000wkBpTYAU,MAA Willow Creek,,"2801 Airport Freeway, Bedford, TX, USA",Property_Street_Number__c,,2801
006WR00000wkBpTYAU,MAA Willow Creek,,"2801 Airport Freeway, Bedford, TX, USA",Property_Street__c,,Airport Freeway
006WR00000wkBpUYAU,MAA Shoal Creek,,"2500 Central Park Boulevard, Bedford, TX, USA",Property_Street_Number__c,,2500
006WR00000wkBpUYAU,MAA Shoal Creek,,"2500 Central Park Boulevard, Bedford, TX, USA",Property_Street__c,,Central Park Boulevard
006WR00000wkBpVYAU,MAA Windmill Hill,,"1501 Blue Ridge Drive, Georgetown, TX, USA",Property_Street_Number__c,,1501
006WR00000wkBpVYAU,MAA Windmill Hill,,"1501 Blue Ridge Drive, Georgetown, TX, USA",Property_Street__c,,Blue Ridge Drive
006WR00000wkBpWYAU,Station 42,,"801 S W S Young Dr, Killeen, TX 76541, USA",Property_Street_Number__c,,801
006WR00000wkBpWYAU,Station 42,,"801 S W S Young Dr, Killeen, TX 76541, USA",Property_Street__c,,S W S Young Dr
006WR00000wkBpXYAU,The Atlantic at Kessler Park,,"1930 Atlantic St, Dallas, TX, USA",Property_Street_Number__c,,1930
006WR00000wkBpXYAU,The Atlantic at Kessler Park,,"1930 Atlantic St, Dallas, TX, USA",Property_Street__c,,Atlantic St
006WR00000wkBpYYAU,Lakeside Apartments,,"1000 W Spring Valley Rd, Richardson, TX 75080, USA",Property_Street_Number__c,,1000
006WR00000wkBpYYAU,Lakeside Apartments,,"1000 W Spring Valley Rd, Richardson, TX 75080, USA",Property_Street__c,,W Spring Valley Rd
006WR00000wkBpZYAU,The Greens at Hickory Trail,,"8613 Old Hickory Trail, Dallas, TX 75237, USA",Property_Street_Number__c,,8613
006WR00000wkBpZYAU,The Greens at Hickory Trail,,"8613 Old Hickory Trail, Dallas, TX 75237, USA",Property_Street__c,,Old Hickory Trail
006WR00000wkBpaYAE,Gabriella,,"770 Cantegral Street, Dallas, TX, USA",Property_Street_Number__c,,770
006WR00000wkBpaYAE,Gabriella,,"770 Cantegral Street, Dallas, TX, USA",Property_Street__c,,Cantegral Street
006WR00000wkBpbYAE,Harlowe,,"2525 Texas 360, Euless, TX, USA",Property_Street_Number__c,,2525
006WR00000wkBpbYAE,Harlowe,,"2525 Texas 360, Euless, TX, USA",Property_Street__c,,Texas 360
006WR00000wkBpcYAE,Trinity Union Apartments,,"2100 Heritage Avenue, Colleyville, TX, USA",Property_Street_Number__c,,2100
006WR00000wkBpcYAE,Trinity Union Apartments,,"2100 Heritage Avenue, Colleyville, TX, USA",Property_Street__c,,Heritage Avenue
006WR00000wkBpdYAE,Westdale Hills - Doral,,"1215 El Camino Real, Euless, TX, USA",Property_Street_Number__c,,1215
006WR00000wkBpdYAE,Westdale Hills - Doral,,"1215 El Camino Real, Euless, TX, USA",Property_Street__c,,El Camino Real
006WR00000wkBpeYAE,The Retreat at River Ranch Apartments,,"4850 River Ranch Blvd, Fort Worth, TX, USA",Property_Street_Number__c,,4850
006WR00000wkBpeYAE,The Retreat at River Ranch Apartments,,"4850 River Ranch Blvd, Fort Worth, TX, USA",Property_Street__c,,River Ranch Blvd
006WR00000wkBpfYAE,The Barcelona on Chisholm Trail Apartments,,"5101 Overton Ridge Blvd, Fort Worth, TX, USA",Property_Street_Number__c,,5101
006WR00000wkBpfYAE,The Barcelona on Chisholm Trail Apartments,,"5101 Overton Ridge Blvd, Fort Worth, TX, USA",Property_Street__c,,Overton Ridge Blvd
006WR00000wkBpgYAE,Marine Creek Apartments,,"4500 Marine Creek Parkway, Fort Worth, TX, USA",Property_Street_Number__c,,4500
006WR00000wkBpgYAE,Marine Creek Apartments,,"4500 Marine Creek Parkway, Fort Worth, TX, USA",Property_Street__c,,Marine Creek Parkway
006WR00000wkBphYAE,Southern Oaks Apartments,,"5500 S Hulen St, Fort Worth, TX, USA",Property_Street_Number__c,,5500
006WR00000wkBphYAE,Southern Oaks Apartments,,"5500 S Hulen St, Fort Worth, TX, USA",Property_Street__c,,S Hulen St
006WR00000wkBpiYAE,The Creek on Calloway Apartments,,"3830 Booth Calloway Rd,  Fort Worth, TX, USA",Property_Street_Number__c,,3830
006WR00000wkBpiYAE,The Creek on Calloway Apartments,,"3830 Booth Calloway Rd,  Fort Worth, TX, USA",Property_Street__c,,Booth Calloway Rd
006WR00000wkBpjYAE,The Sadie Apartments,,"204 Athenia Dr, Fort Worth, TX, USA",Property_Street_Number__c,,204
006WR00000wkBpjYAE,The Sadie Apartments,,"204 Athenia Dr, Fort Worth, TX, USA",Property_Street__c,,Athenia Dr
006WR00000wkBpkYAE,The Drake on Summit Apartments,,"1424 Summit Ave, Fort Worth, TX, USA",Property_Street_Number__c,,1424
006WR00000wkBpkYAE,The Drake on Summit Apartments,,"1424 Summit Ave, Fort Worth, TX, USA",Property_Street__c,,Summit Ave
006WR00000wkBplYAE,Eastbank at Waterside,,"5828 Arborlawn Drive, Fort Worth, TX, USA",Property_Street_Number__c,,5828
006WR00000wkBplYAE,Eastbank at Waterside,,"5828 Arborlawn Drive, Fort Worth, TX, USA",Property_Street__c,,Arborlawn Drive
006WR00000wkBpmYAE,Oaks Apartments,,"100 Mary Louise St , Hearne, TX, USA",Property_Street_Number__c,,100
006WR00000wkBpmYAE,Oaks Apartments,,"100 Mary Louise St , Hearne, TX, USA",Property_Street__c,,Mary Louise St
006WR00000wkBpnYAE,Tides on Post Oak Apartments,,"3808 Post Oak Blvd, Euless, TX, USA",Property_Street_Number__c,,3808
006WR00000wkBpnYAE,Tides on Post Oak Apartments,,"3808 Post Oak Blvd, Euless, TX, USA",Property_Street__c,,Post Oak Blvd
006WR00000wkBpoYAE,The Chisholm Apartments,,"7354 Harris Pkwy, Fort Worth, TX, USA",Property_Street_Number__c,,7354
006WR00000wkBpoYAE,The Chisholm Apartments,,"7354 Harris Pkwy, Fort Worth, TX, USA",Property_Street__c,,Harris Pkwy
006WR00000wkBppYAE,The Jameson at the Bluffs Apartments,,"701 N Hampton St, Fort Worth, TX, USA",Property_Street_Number__c,,701
006WR00000wkBppYAE,The Jameson at the Bluffs Apartments,,"701 N Hampton St, Fort Worth, TX, USA",Property_Street__c,,N Hampton St
006WR00000wkBpqYAE,The Cooper Apartments,,"1001 W Rosedale St, Fort Worth, TX, USA",Property_Street_Number__c,,1001
006WR00000wkBpqYAE,The Cooper Apartments,,"1001 W Rosedale St, Fort Worth, TX, USA",Property_Street__c,,W Rosedale St
006WR00000wkBprYAE,The Kelton at Clearfork,,"4945 Gage Ave, Fort Worth, TX, USA",Property_Street_Number__c,,4945
006WR00000wkBprYAE,The Kelton at Clearfork,,"4945 Gage Ave, Fort Worth, TX, USA",Property_Street__c,,Gage Ave
006WR00000wkBpsYAE,The Davis Apartments,,"4328 Centreport Dr, Fort Worth, TX, USA",Property_Street_Number__c,,4328
006WR00000wkBpsYAE,The Davis Apartments,,"4328 Centreport Dr, Fort Worth, TX, USA",Property_Street__c,,Centreport Dr
006WR00000wkBptYAE,Oxford at Lake Worth Apartments,,"1501 Westpark View Dr, Fort Worth, TX, USA",Property_Street_Number__c,,1501
006WR00000wkBptYAE,Oxford at Lake Worth Apartments,,"1501 Westpark View Dr, Fort Worth, TX, USA",Property_Street__c,,Westpark View Dr
006WR00000wkBpuYAE,The George,,"4900 Gage Ave, Fort Worth, TX, USA",Property_Street_Number__c,,4900
006WR00000wkBpuYAE,The George,,"4900 Gage Ave, Fort Worth, TX, USA",Property_Street__c,,Gage Ave
006WR00000wkBpvYAE,Park West Apartments,,"7251 Crowley Rd, Fort Worth, TX, USA",Property_Street_Number__c,,7251
006WR00000wkBpvYAE,Park West Apartments,,"7251 Crowley Rd, Fort Worth, TX, USA",Property_Street__c,,Crowley Rd
006WR00000wkBpwYAE,Mission Pointe Club,,"917 Del Paso St, Euless, TX, USA",Property_Street_Number__c,,917
006WR00000wkBpwYAE,Mission Pointe Club,,"917 Del Paso St, Euless, TX, USA",Property_Street__c,,Del Paso St
006WR00000wkBpxYAE,Kendall Villas,,"3040 Park Ln, Dallas, TX, USA",Property_Street_Number__c,,3040
006WR00000wkBpxYAE,Kendall Villas,,"3040 Park Ln, Dallas, TX, USA",Property_Street__c,,Park Ln
006WR00000wkBpyYAE,Station 121 at Town Center,,"1601 Weyland Dr, North Richland Hills, TX, USA",Property_Street_Number__c,,1601
006WR00000wkBpyYAE,Station 121 at Town Center,,"1601 Weyland Dr, North Richland Hills, TX, USA",Property_Street__c,,Weyland Dr
006WR00000wkBpzYAE,Linda Drive Apartments,,"3305 Linda Dr, Dallas, TX",Property_Street_Number__c,,3305
006WR00000wkBpzYAE,Linda Drive Apartments,,"3305 Linda Dr, Dallas, TX",Property_Street__c,,Linda Dr
006WR00000wkBq0YAE,Mercer 1900 Apartments,,"1900 Knightsbridge Rd, Farmers Branch, TX, USA",Property_Street_Number__c,,1900
006WR00000wkBq0YAE,Mercer 1900 Apartments,,"1900 Knightsbridge Rd, Farmers Branch, TX, USA",Property_Street__c,,Knightsbridge Rd
006WR00000wkBq1YAE,The Bluffs Apartments,,"4102 West Adams Avenue, Temple, TX, USA",Property_Street_Number__c,,4102
006WR00000wkBq1YAE,The Bluffs Apartments,,"4102 West Adams Avenue, Temple, TX, USA",Property_Street__c,,West Adams Avenue
006WR00000wkBq2YAE,Montfort Place,,"5445 Preston Oaks Rd, Dallas, TX, USA",Property_Street_Number__c,,5445
006WR00000wkBq2YAE,Montfort Place,,"5445 Preston Oaks Rd, Dallas, TX, USA",Property_Street__c,,Preston Oaks Rd
006WR00000wkBq3YAE,Eden Park at Bear Creek,,"700 E Ash Ln, Euless, TX, USA",Property_Street_Number__c,,700
006WR00000wkBq3YAE,Eden Park at Bear Creek,,"700 E Ash Ln, Euless, TX, USA",Property_Street__c,,E Ash Ln
006WR00000wkBq4YAE,Virtue on Azalea,,"720 Azalea Drive, Temple, TX, USA",Property_Street_Number__c,,720
006WR00000wkBq4YAE,Virtue on Azalea,,"720 Azalea Drive, Temple, TX, USA",Property_Street__c,,Azalea Drive
006WR00000wkBq5YAE,The Canyons Apartments,,"2751 River Park Dr, Fort Worth, TX, USA",Property_Street_Number__c,,2751
006WR00000wkBq5YAE,The Canyons Apartments,,"2751 River Park Dr, Fort Worth, TX, USA",Property_Street__c,,River Park Dr
006WR00000wkBq6YAE,Village on Pepper Creek,,"5801 West Adams Avenue, Temple, TX, USA",Property_Street_Number__c,,5801
006WR00000wkBq6YAE,Village on Pepper Creek,,"5801 West Adams Avenue, Temple, TX, USA",Property_Street__c,,West Adams Avenue
006WR00000wkBq7YAE,Villa Del Mar,,"5234 Villa Del Mar Avenue, Arlington, TX, USA",Property_Street_Number__c,,5234
006WR00000wkBq7YAE,Villa Del Mar,,"5234 Villa Del Mar Avenue, Arlington, TX, USA",Property_Street__c,,Villa Del Mar Avenue
006WR00000wkBq8YAE,The Preserve at Willow Park,,"149 Mary Lou Dr, Willow Park, TX,",Property_Street_Number__c,,149
006WR00000wkBq8YAE,The Preserve at Willow Park,,"149 Mary Lou Dr, Willow Park, TX,",Property_Street__c,,Mary Lou Dr
006WR00000wkBq9YAE,Neuhaus Lake Worth,,"6201 Azle Ave, Lake Worth, TX, USA",Property_Street_Number__c,,6201
006WR00000wkBq9YAE,Neuhaus Lake Worth,,"6201 Azle Ave, Lake Worth, TX, USA",Property_Street__c,,Azle Ave
006WR00000wkBqAYAU,The Bricks on 13th,,"2416 South 13th Street, Temple, TX, USA",Property_Street_Number__c,,2416
006WR00000wkBqAYAU,The Bricks on 13th,,"2416 South 13th Street, Temple, TX, USA",Property_Street__c,,South 13th Street
006WR00000wkBqBYAU,Parks at Addison Apartments,,"14600 Marsh Ln, Addison, TX",Property_Street_Number__c,,14600
006WR00000wkBqBYAU,Parks at Addison Apartments,,"14600 Marsh Ln, Addison, TX",Property_Street__c,,Marsh Ln
006WR00000wkBqCYAU,Woodchase Apartments,,"1000 E Ash Ln, Euless, TX, USA",Property_Street_Number__c,,1000
006WR00000wkBqCYAU,Woodchase Apartments,,"1000 E Ash Ln, Euless, TX, USA",Property_Street__c,,E Ash Ln
006WR00000wkBqDYAU,Merrit McGowan Manor,,"1200 North Tennessee Street, McKinney, TX, USA",Property_Street_Number__c,,1200
006WR00000wkBqDYAU,Merrit McGowan Manor,,"1200 North Tennessee Street, McKinney, TX, USA",Property_Street__c,,North Tennessee Street
006WR00000wkBqEYAU,The Atlantic Highland Park,,"3600 Wheeler Street, Dallas, TX, USA",Property_Street_Number__c,,3600
006WR00000wkBqEYAU,The Atlantic Highland Park,,"3600 Wheeler Street, Dallas, TX, USA",Property_Street__c,,Wheeler Street
006WR00000wkBqFYAU,The Langford,,"200 West Commerce Street, Dallas, TX, USA",Property_Street_Number__c,,200
006WR00000wkBqFYAU,The Langford,,"200 West Commerce Street, Dallas, TX, USA",Property_Street__c,,West Commerce Street
006WR00000wkBqGYAU,Parc Plaza,,"333 E Denton Dr, Euless, TX, USA",Property_Street_Number__c,,333
006WR00000wkBqGYAU,Parc Plaza,,"333 E Denton Dr, Euless, TX, USA",Property_Street__c,,E Denton Dr
006WR00000wkC6PYAU,The Caruth,,"5445 Caruth Haven Lane, Dallas, TX, USA",Property_Street_Number__c,,5445
006WR00000wkC6PYAU,The Caruth,,"5445 Caruth Haven Lane, Dallas, TX, USA",Property_Street__c,,Caruth Haven Lane
006WR00000wkC6QYAU,Jefferson Innova,,"2781 North Carroll Avenue, Dallas, TX, USA",Property_Street_Number__c,,2781
006WR00000wkC6QYAU,Jefferson Innova,,"2781 North Carroll Avenue, Dallas, TX, USA",Property_Street__c,,North Carroll Avenue
006WR00000wkC6RYAU,Gables Uptown Trail,,"2525 Carlisle Street, Dallas, TX, USA",Property_Street_Number__c,,2525
006WR00000wkC6RYAU,Gables Uptown Trail,,"2525 Carlisle Street, Dallas, TX, USA",Property_Street__c,,Carlisle Street
006WR00000wkC6SYAU,Strata,,"5050 Capitol Avenue, Dallas, TX, USA",Property_Street_Number__c,,5050
006WR00000wkC6SYAU,Strata,,"5050 Capitol Avenue, Dallas, TX, USA",Property_Street__c,,Capitol Avenue
006WR00000wkC6TYAU,Indie Deep Ellum,,"2900 Canton Street, Dallas, TX, USA",Property_Street_Number__c,,2900
006WR00000wkC6TYAU,Indie Deep Ellum,,"2900 Canton Street, Dallas, TX, USA",Property_Street__c,,Canton Street
006WR00000wkC6UYAU,Victorian,,"3435 Webb Chapel Ext, Dallas, TX, USA",Property_Street_Number__c,,3435
006WR00000wkC6UYAU,Victorian,,"3435 Webb Chapel Ext, Dallas, TX, USA",Property_Street__c,,Webb Chapel Ext
006WR00000wkC6VYAU,The Falls & Oaks Village,,"9001 S Normandale St, Fort Worth, TX, USA",Property_Street_Number__c,,9001
006WR00000wkC6VYAU,The Falls & Oaks Village,,"9001 S Normandale St, Fort Worth, TX, USA",Property_Street__c,,S Normandale St
006WR00000wkC6WYAU,St. Charles Place,,"1408 Longhorn Trail, Crowley, TX, USA",Property_Street_Number__c,,1408
006WR00000wkC6WYAU,St. Charles Place,,"1408 Longhorn Trail, Crowley, TX, USA",Property_Street__c,,Longhorn Trail
006WR00000wkC6XYAU,Swivel,,"119 North 72nd Street, Omaha, NE, USA",Property_Street_Number__c,,119
006WR00000wkC6XYAU,Swivel,,"119 North 72nd Street, Omaha, NE, USA",Property_Street__c,,North 72nd Street
006WR00000wkC6YYAU,The Centerline Apartments,,"7007 Oak Street, Omaha, NE, USA",Property_Street_Number__c,,7007
006WR00000wkC6YYAU,The Centerline Apartments,,"7007 Oak Street, Omaha, NE, USA",Property_Street__c,,Oak Street
006WR00000wkC6ZYAU,Ocean Hills 55+,,"4500 Cannon Road, Oceanside, CA, USA",Property_Street_Number__c,,4500
006WR00000wkC6ZYAU,Ocean Hills 55+,,"4500 Cannon Road, Oceanside, CA, USA",Property_Street__c,,Cannon Road
006WR00000wkC6aYAE,Immanuel Village,,"Immanuel Village, North 68th Plaza, Omaha, NE, USA",Property_Street__c,,Immanuel Village
006WR00000wkC6bYAE,Willows Apartments,,"5151 W Morris Hill Rd, Boise, ID 83706",Property_Street_Number__c,,5151
006WR00000wkC6bYAE,Willows Apartments,,"5151 W Morris Hill Rd, Boise, ID 83706",Property_Street__c,,W Morris Hill Rd
006WR00000wkC6cYAE,Richland Park Apartments,,"11617 Burt Street, Omaha, NE, USA",Property_Street_Number__c,,11617
006WR00000wkC6cYAE,Richland Park Apartments,,"11617 Burt Street, Omaha, NE, USA",Property_Street__c,,Burt Street
006WR00000wkC6dYAE,Steeplechase On Maple,,"14949 Manderson Plaza, Omaha, NE, USA",Property_Street_Number__c,,14949
006WR00000wkC6dYAE,Steeplechase On Maple,,"14949 Manderson Plaza, Omaha, NE, USA",Property_Street__c,,Manderson Plaza
006WR00000wkC6eYAE,LivDomo 1,,"3745 4th Ave, San Diego, California, USA",Property_Street_Number__c,,3745
006WR00000wkC6eYAE,LivDomo 1,,"3745 4th Ave, San Diego, California, USA",Property_Street__c,,4th Ave
006WR00000wkC6fYAE,LivDomo 2,,"3612 4th Ave, San Diego, California, USA",Property_Street_Number__c,,3612
006WR00000wkC6fYAE,LivDomo 2,,"3612 4th Ave, San Diego, California, USA",Property_Street__c,,4th Ave
006WR00000wkC6gYAE,LivDomo 3,,"5615 Riley Street, San Diego, CA, USA",Property_Street_Number__c,,5615
006WR00000wkC6gYAE,LivDomo 3,,"5615 Riley Street, San Diego, CA, USA",Property_Street__c,,Riley Street
006WR00000wkC6hYAE,LivDomo 4,,"2290 National Avenue, San Diego, CA 92113, USA",Property_Street_Number__c,,2290
006WR00000wkC6hYAE,LivDomo 4,,"2290 National Avenue, San Diego, CA 92113, USA",Property_Street__c,,National Avenue
006WR00000wkC6iYAE,LivDomo 5,,"2002 University Ave, San Diego, CA 92104, USA",Property_Street_Number__c,,2002
006WR00000wkC6iYAE,LivDomo 5,,"2002 University Ave, San Diego, CA 92104, USA",Property_Street__c,,University Ave
006WR00000wkC6jYAE,LivDomo 7,,"820 Fort Stockton Drive, San Diego, CA 92103, USA",Property_Street_Number__c,,820
006WR00000wkC6jYAE,LivDomo 7,,"820 Fort Stockton Drive, San Diego, CA 92103, USA",Property_Street__c,,Fort Stockton Drive
006WR00000wkC6kYAE,Somerset Court,,"2717 North 73rd Street, Omaha, NE, USA",Property_Street_Number__c,,2717
006WR00000wkC6kYAE,Somerset Court,,"2717 North 73rd Street, Omaha, NE, USA",Property_Street__c,,North 73rd Street
006WR00000wkC6lYAE,Robin Hill,,"2000 Westown Pkwy, West Des Moines, IA, USA",Property_Street_Number__c,,2000
006WR00000wkC6lYAE,Robin Hill,,"2000 Westown Pkwy, West Des Moines, IA, USA",Property_Street__c,,Westown Pkwy
006WR00000wkC6mYAE,Park Mesa,,"1547 E Broadway Rd, Mesa, AZ 85204, USA",Property_Street_Number__c,,1547
006WR00000wkC6mYAE,Park Mesa,,"1547 E Broadway Rd, Mesa, AZ 85204, USA",Property_Street__c,,E Broadway Rd
006WR00000wkC6nYAE,The Oaks Apartments,,"526 Rio Salado Pathway, Mesa, AZ 85201, USA",Property_Street_Number__c,,526
006WR00000wkC6nYAE,The Oaks Apartments,,"526 Rio Salado Pathway, Mesa, AZ 85201, USA",Property_Street__c,,Rio Salado Pathway
006WR00000wkC6oYAE,The Piedmont,,"Parking lot, East 6th Street, Tempe, AZ, USA",Property_Street__c,,Parking lot
006WR00000wkC6pYAE,Vero,,"651 E 6th St, Tempe, AZ 85281, USA",Property_Street_Number__c,,651
006WR00000wkC6pYAE,Vero,,"651 E 6th St, Tempe, AZ 85281, USA",Property_Street__c,,E 6th St
006WR00000wkC6qYAE,Ten01 on the Lake,,"1001 East Playa Del Norte Drive, Tempe, AZ, USA",Property_Street_Number__c,,1001
006WR00000wkC6qYAE,Ten01 on the Lake,,"1001 East Playa Del Norte Drive, Tempe, AZ, USA",Property_Street__c,,East Playa Del Norte Drive
006WR00000wkC6rYAE,The Access,,"1811 E Apache Blvd, Tempe, AZ 85281, USA",Property_Street_Number__c,,1811
006WR00000wkC6rYAE,The Access,,"1811 E Apache Blvd, Tempe, AZ 85281, USA",Property_Street__c,,E Apache Blvd
006WR00000wkC6sYAE,Sandshell At Fossil Creek,,"5701 Sandshell Drive, Fort Worth, TX, USA",Property_Street_Number__c,,5701
006WR00000wkC6sYAE,Sandshell At Fossil Creek,,"5701 Sandshell Drive, Fort Worth, TX, USA",Property_Street__c,,Sandshell Drive
006WR00000wkC6tYAE,Madison Apartments,,"520 North Mesa Drive, Mesa, AZ, USA",Property_Street_Number__c,,520
006WR00000wkC6tYAE,Madison Apartments,,"520 North Mesa Drive, Mesa, AZ, USA",Property_Street__c,,North Mesa Drive
006WR00000wkC6uYAE,Oak Knoll Villas,,"4438 Callaghan Road, San Antonio, TX, USA",Property_Street_Number__c,,4438
006WR00000wkC6uYAE,Oak Knoll Villas,,"4438 Callaghan Road, San Antonio, TX, USA",Property_Street__c,,Callaghan Road
006WR00000wkC6vYAE,Park View Terrace,,"1601 Barton Rd, Redlands, CA, USA",Property_Street_Number__c,,1601
006WR00000wkC6vYAE,Park View Terrace,,"1601 Barton Rd, Redlands, CA, USA",Property_Street__c,,Barton Rd
006WR00000wkC6wYAE,The Avenue at Carlsbad,,"2262 Avenida Magnifica, Carlsbad, CA, USA",Property_Street_Number__c,,2262
006WR00000wkC6wYAE,The Avenue at Carlsbad,,"2262 Avenida Magnifica, Carlsbad, CA, USA",Property_Street__c,,Avenida Magnifica
006WR00000wkC6xYAE,Terra Pointe Apartments,,"1950 Burns Avenue, St Paul, MN 55119",Property_Street_Number__c,,1950
006WR00000wkC6xYAE,Terra Pointe Apartments,,"1950 Burns Avenue, St Paul, MN 55119",Property_Street__c,,Burns Avenue
006WR00000wkC6yYAE,Fellowship Square Historic Mesa,,"35 West Brown Road, Mesa, AZ, USA",Property_Street_Number__c,,35
006WR00000wkC6yYAE,Fellowship Square Historic Mesa,,"35 West Brown Road, Mesa, AZ, USA",Property_Street__c,,West Brown Road
006WR00000wkC6zYAE,Indian Creek,,"600 Luther Drive, Georgetown, TX, USA",Property_Street_Number__c,,600
006WR00000wkC6zYAE,Indian Creek,,"600 Luther Drive, Georgetown, TX, USA",Property_Street__c,,Luther Drive
006WR00000wkC70YAE,Mac's Mobile Home Park/ Twin Oaks II,NOLANVILLE_MDU_Twin_Oaks_II_Park,"303 North 5th Street, Nolanville, TX, USA",Property_Street_Number__c,,303
006WR00000wkC70YAE,Mac's Mobile Home Park/ Twin Oaks II,NOLANVILLE_MDU_Twin_Oaks_II_Park,"303 North 5th Street, Nolanville, TX, USA",Property_Street__c,,North 5th Street
006WR00000wkC70YAE,Mac's Mobile Home Park/ Twin Oaks II,NOLANVILLE_MDU_Twin_Oaks_II_Park,"303 North 5th Street, Nolanville, TX, USA",Property_County__c,,Bell
006WR00000wkC71YAE,Horizon House [LOST],,"900 University St, Seattle, WA, USA",Property_Street_Number__c,,900
006WR00000wkC71YAE,Horizon House [LOST],,"900 University St, Seattle, WA, USA",Property_Street__c,,University St
006WR00000wkC72YAE,Riviera Mobile Home & RV Park,ENCINITAS_MDU_Riviera Mobile Home & RV Park,699 N VULCAN AVE UNIT 1 ENCINITAS CA 92024,Property_Street_Number__c,,699
006WR00000wkC72YAE,Riviera Mobile Home & RV Park,ENCINITAS_MDU_Riviera Mobile Home & RV Park,699 N VULCAN AVE UNIT 1 ENCINITAS CA 92024,Property_Street__c,,N VULCAN AVE
006WR00000wkC73YAE,Loveland by Broadmoor,Omaha_MDU_Loveland by Broadmoor,7515 HOWARD ST UNIT 1 OMAHA NE 68114,Property_Street_Number__c,,7515
006WR00000wkC73YAE,Loveland by Broadmoor,Omaha_MDU_Loveland by Broadmoor,7515 HOWARD ST UNIT 1 OMAHA NE 68114,Property_Street__c,,HOWARD ST
006WR00000wkC73YAE,Loveland by Broadmoor,Omaha_MDU_Loveland by Broadmoor,7515 HOWARD ST UNIT 1 OMAHA NE 68114,Property_County__c,,Douglas
006WR00000wkC74YAE,Shamrock Trailer Park,ENCINITAS_MDU_Shamrock_Trailer_Park,152 N COAST HIGHWAY 101 SPC 1 ENCINITAS CA 92024,Property_Street_Number__c,,152
006WR00000wkC74YAE,Shamrock Trailer Park,ENCINITAS_MDU_Shamrock_Trailer_Park,152 N COAST HIGHWAY 101 SPC 1 ENCINITAS CA 92024,Property_Street__c,,N COAST HIGHWAY 101 SPC 1
006WR00000wkC75YAE,Sea Aire Mobile Park,ENCINITAS_MDU_Sea Aire Mobile Park,523 N VULCAN AVE ENCINITAS CA 92024,Property_Street_Number__c,,523
006WR00000wkC75YAE,Sea Aire Mobile Park,ENCINITAS_MDU_Sea Aire Mobile Park,523 N VULCAN AVE ENCINITAS CA 92024,Property_Street__c,,N VULCAN AVE
006WR00000wkC76YAE,West Queen Anne School Condominiums,,"1401 5th Ave W, Seattle, WA, USA",Property_Street_Number__c,,1401
006WR00000wkC76YAE,West Queen Anne School Condominiums,,"1401 5th Ave W, Seattle, WA, USA",Property_Street__c,,5th Ave W
006WR00000wkC77YAE,Tomball Square Apartments,,"611 James St, Tomball, TX, USA",Property_Street_Number__c,,611
006WR00000wkC77YAE,Tomball Square Apartments,,"611 James St, Tomball, TX, USA",Property_Street__c,,James St
006WR00000wkC78YAE,Mezzo Condominiums,,"711 East Denny Way, Seattle, WA, USA",Property_Street_Number__c,,711
006WR00000wkC78YAE,Mezzo Condominiums,,"711 East Denny Way, Seattle, WA, USA",Property_Street__c,,East Denny Way
006WR00000wkC79YAE,Benchmark,,"7225 Colonial Street, Boise, ID, USA",Property_Street_Number__c,,7225
006WR00000wkC79YAE,Benchmark,,"7225 Colonial Street, Boise, ID, USA",Property_Street__c,,Colonial Street
006WR00000wkC7AYAU,Aviva Mesa,,"8340 E Baseline Rd, Mesa, AZ 85209, USA",Property_Street_Number__c,,8340
006WR00000wkC7AYAU,Aviva Mesa,,"8340 E Baseline Rd, Mesa, AZ 85209, USA",Property_Street__c,,E Baseline Rd
006WR00000wkC7BYAU,The Village at Sun Valley,,"7520 E Billings St, Mesa, AZ 85207, USA",Property_Street_Number__c,,7520
006WR00000wkC7BYAU,The Village at Sun Valley,,"7520 E Billings St, Mesa, AZ 85207, USA",Property_Street__c,,E Billings St
006WR00000wkC7CYAU,Highlander,,"3003 Patrick Avenue, Omaha, NE, USA",Property_Street_Number__c,,3003
006WR00000wkC7CYAU,Highlander,,"3003 Patrick Avenue, Omaha, NE, USA",Property_Street__c,,Patrick Avenue
006WR00000wkC7DYAU,Hidden Hills Apartments,,"311 Weston Cir  Vista CA,  92083-1991",Property_Street_Number__c,,311
006WR00000wkC7DYAU,Hidden Hills Apartments,,"311 Weston Cir  Vista CA,  92083-1991",Property_Street__c,,Weston Cir  Vista CA
006WR00000wkC7EYAU,Green Oak Villas,,"1086 Sycamore Avenue, Vista, CA, USA",Property_Street_Number__c,,1086
006WR00000wkC7EYAU,Green Oak Villas,,"1086 Sycamore Avenue, Vista, CA, USA",Property_Street__c,,Sycamore Avenue
006WR00000wkC7FYAU,Green Valley MHP,,"2130 Sunset Drive, Vista, CA, USA",Property_Street_Number__c,,2130
006WR00000wkC7FYAU,Green Valley MHP,,"2130 Sunset Drive, Vista, CA, USA",Property_Street__c,,Sunset Drive
006WR00000wkC7GYAU,Navona,,"10141 E Williams Field Rd, Mesa, AZ 85212, USA",Property_Street_Number__c,,10141
006WR00000wkC7GYAU,Navona,,"10141 E Williams Field Rd, Mesa, AZ 85212, USA",Property_Street__c,,E Williams Field Rd
006WR00000wkC7HYAU,Cheatham Street Flats,,"401 South Guadalupe Street, San Marcos, TX, USA",Property_Street_Number__c,,401
006WR00000wkC7HYAU,Cheatham Street Flats,,"401 South Guadalupe Street, San Marcos, TX, USA",Property_Street__c,,South Guadalupe Street
006WR00000wkC7IYAU,LivDomo 6,,"380 3rd Ave, Chula Vista, CA, USA",Property_Street_Number__c,,380
006WR00000wkC7IYAU,LivDomo 6,,"380 3rd Ave, Chula Vista, CA, USA",Property_Street__c,,3rd Ave
006WR00000wkC7JYAU,Radius at the Domain,,"11900 Hobby Horse Court, Austin, TX, USA",Property_Street_Number__c,,11900
006WR00000wkC7JYAU,Radius at the Domain,,"11900 Hobby Horse Court, Austin, TX, USA",Property_Street__c,,Hobby Horse Court
006WR00000wkC7KYAU,Lindenwood Court Apartments,,"4841 Boyd Street, Omaha, NE, USA",Property_Street_Number__c,,4841
006WR00000wkC7KYAU,Lindenwood Court Apartments,,"4841 Boyd Street, Omaha, NE, USA",Property_Street__c,,Boyd Street
006WR00000wkC7LYAU,Dana Park Apartments,,"1440 S Val Vista Dr, Mesa, AZ 85204, USA",Property_Street_Number__c,,1440
006WR00000wkC7LYAU,Dana Park Apartments,,"1440 S Val Vista Dr, Mesa, AZ 85204, USA",Property_Street__c,,S Val Vista Dr
006WR00000wkC7MYAU,Tramor at the Oaks Apartments,,"5413 Old Manchaca Road, Austin, TX, USA",Property_Street_Number__c,,5413
006WR00000wkC7MYAU,Tramor at the Oaks Apartments,,"5413 Old Manchaca Road, Austin, TX, USA",Property_Street__c,,Old Manchaca Road
006WR00000wkC7NYAU,1245 W Baseline Rd,,"1245 W Baseline Rd, Mesa, AZ, USA",Property_Street_Number__c,,1245
006WR00000wkC7NYAU,1245 W Baseline Rd,,"1245 W Baseline Rd, Mesa, AZ, USA",Property_Street__c,,W Baseline Rd
006WR00000wkC7OYAU,Pacific Villas,Encinitas_MDU_Pacific Villas,925 N VULCAN AVE ENCINITAS CA 92024,Property_Street_Number__c,,925
006WR00000wkC7OYAU,Pacific Villas,Encinitas_MDU_Pacific Villas,925 N VULCAN AVE ENCINITAS CA 92024,Property_Street__c,,N VULCAN AVE
006WR00000wkC7PYAU,Waterworks Condos,Mesa_MDU_Waterworks Condominiums,"1645 W Baseline Rd, Mesa, AZ 85202, USA",Property_Street_Number__c,,1645
006WR00000wkC7PYAU,Waterworks Condos,Mesa_MDU_Waterworks Condominiums,"1645 W Baseline Rd, Mesa, AZ 85202, USA",Property_Street__c,,W Baseline Rd
006WR00000wkC7QYAU,Marlborough Mesa Villas,Mesa_MDU_Marlborough Mesa Villas,"2834 South Extension Road, Mesa, AZ 85210, USA",Property_Street_Number__c,,2834
006WR00000wkC7QYAU,Marlborough Mesa Villas,Mesa_MDU_Marlborough Mesa Villas,"2834 South Extension Road, Mesa, AZ 85210, USA",Property_Street__c,,South Extension Road
006WR00000wkC7RYAU,Graysill Casitas,Mesa_MDU_Graysill Casitas,"805 South Sycamore, Mesa, AZ 85202, USA",Property_Street_Number__c,,805
006WR00000wkC7RYAU,Graysill Casitas,Mesa_MDU_Graysill Casitas,"805 South Sycamore, Mesa, AZ 85202, USA",Property_Street__c,,South Sycamore
006WR00000wkC7SYAU,S Karmella Trailer Park,,"730 S Country Club Dr, Mesa, AZ 85210, USA",Property_Street_Number__c,,730
006WR00000wkC7SYAU,S Karmella Trailer Park,,"730 S Country Club Dr, Mesa, AZ 85210, USA",Property_Street__c,,S Country Club Dr
006WR00000wkC7TYAU,Alma Gardens Mobile Home and RV Park,,"530 S Alma School Rd, Mesa, AZ 85210, USA",Property_Street_Number__c,,530
006WR00000wkC7TYAU,Alma Gardens Mobile Home and RV Park,,"530 S Alma School Rd, Mesa, AZ 85210, USA",Property_Street__c,,S Alma School Rd
006WR00000wkC7UYAU,Mesa Summit Apartments,,505 S ROOSEVELT RD MESA 85202,Property_Street_Number__c,,505
006WR00000wkC7UYAU,Mesa Summit Apartments,,505 S ROOSEVELT RD MESA 85202,Property_Street__c,,S ROOSEVELT RD
006WR00000wkC7VYAU,The PLace at El Prado,Mesa_MDU_The PLace at El Prado,"1050 South Longmore, Mesa, AZ 85202, USA",Property_Street_Number__c,,1050
006WR00000wkC7VYAU,The PLace at El Prado,Mesa_MDU_The PLace at El Prado,"1050 South Longmore, Mesa, AZ 85202, USA",Property_Street__c,,South Longmore
006WR00000wkC7WYAU,Westmount at Urban Trails,Mesa_MDU_Westmount at Urban Trails,"1620 W Southern Ave, Mesa, AZ 85202, USA",Property_Street_Number__c,,1620
006WR00000wkC7WYAU,Westmount at Urban Trails,Mesa_MDU_Westmount at Urban Trails,"1620 W Southern Ave, Mesa, AZ 85202, USA",Property_Street__c,,W Southern Ave
006WR00000wkC7XYAU,Villas Mesa 2,Mesa_MDU_HALLCRAFT VILLAS MESA 2,"1342 W Emerald Ave, Mesa, AZ 85202, USA",Property_Street_Number__c,,1342
006WR00000wkC7XYAU,Villas Mesa 2,Mesa_MDU_HALLCRAFT VILLAS MESA 2,"1342 W Emerald Ave, Mesa, AZ 85202, USA",Property_Street__c,,W Emerald Ave
006WR00000wkC7YYAU,Westmount at The District Apartments,Mesa_MDU_Westmount at The District Apartments,"949 South Longmore, Mesa, AZ 85202, USA",Property_Street_Number__c,,949
006WR00000wkC7YYAU,Westmount at The District Apartments,Mesa_MDU_Westmount at The District Apartments,"949 South Longmore, Mesa, AZ 85202, USA",Property_Street__c,,South Longmore
006WR00000wkC7ZYAU,The Carondelet,,"6770 East Carondelet Drive, Tucson, AZ, USA",Property_Street_Number__c,,6770
006WR00000wkC7ZYAU,The Carondelet,,"6770 East Carondelet Drive, Tucson, AZ, USA",Property_Street__c,,East Carondelet Drive
006WR00000wkC7aYAE,Butler Ridge,,"6767 West Butler Drive, Glendale, AZ, USA",Property_Street_Number__c,,6767
006WR00000wkC7aYAE,Butler Ridge,,"6767 West Butler Drive, Glendale, AZ, USA",Property_Street__c,,West Butler Drive
006WR00000wkC7bYAE,Val Vista Villages RV Park & Resort,Mesa_MDU_Val Vista Villages RV Park & Resort,233 N VAL VISTA DR MESA AZ 85205,Property_Street_Number__c,,233
006WR00000wkC7bYAE,Val Vista Villages RV Park & Resort,Mesa_MDU_Val Vista Villages RV Park & Resort,233 N VAL VISTA DR MESA AZ 85205,Property_Street__c,,N VAL VISTA DR
006WR00000wkC7cYAE,Towerpoint RV Resort,AZ_Mesa_SA20_FB12_TowerpointRVResort,"4860 E Main St, Mesa, AZ, USA",Property_Street_Number__c,,4860
006WR00000wkC7cYAE,Towerpoint RV Resort,AZ_Mesa_SA20_FB12_TowerpointRVResort,"4860 E Main St, Mesa, AZ, USA",Property_Street__c,,E Main St
006WR00000wkC7dYAE,Mesa Regal Rv Resort,Mesa_MDU_Mesa Regal Rv Resort,4700 E Main St 85205,Property_Street_Number__c,,4700
006WR00000wkC7dYAE,Mesa Regal Rv Resort,Mesa_MDU_Mesa Regal Rv Resort,4700 E Main St 85205,Property_Street__c,,E Main St
006WR00000wkC7eYAE,The Citadel,,"444 S Higley Rd, Mesa, AZ, USA",Property_Street_Number__c,,444
006WR00000wkC7eYAE,The Citadel,,"444 S Higley Rd, Mesa, AZ, USA",Property_Street__c,,S Higley Rd
006WR00000wkC7fYAE,Vista Grove,,"1320 S Val Vista Dr, Mesa, AZ 85204, USA",Property_Street_Number__c,,1320
006WR00000wkC7fYAE,Vista Grove,,"1320 S Val Vista Dr, Mesa, AZ 85204, USA",Property_Street__c,,S Val Vista Dr
006WR00000wkC7gYAE,Waylon Desert Haven,,"1505 N Country Club Dr, Mesa, AZ 85201, USA",Property_Street_Number__c,,1505
006WR00000wkC7gYAE,Waylon Desert Haven,,"1505 N Country Club Dr, Mesa, AZ 85201, USA",Property_Street__c,,N Country Club Dr
006WR00000wkC7hYAE,Patio Gardens MHP,,"318 S Crismon Rd, Mesa, AZ 85208, USA",Property_Street_Number__c,,318
006WR00000wkC7hYAE,Patio Gardens MHP,,"318 S Crismon Rd, Mesa, AZ 85208, USA",Property_Street__c,,S Crismon Rd
006WR00000wkC7iYAE,Rambler Mobile Home Park,,"9225 East Street, Mesa, AZ 85207, USA",Property_Street_Number__c,,9225
006WR00000wkC7iYAE,Rambler Mobile Home Park,,"9225 East Street, Mesa, AZ 85207, USA",Property_Street__c,,East Street
006WR00000wkC7jYAE,Talise Apartments,,"265 N Gilbert Rd, Mesa, AZ, USA",Property_Street_Number__c,,265
006WR00000wkC7jYAE,Talise Apartments,,"265 N Gilbert Rd, Mesa, AZ, USA",Property_Street__c,,N Gilbert Rd
006WR00000wkC7kYAE,San Cierra,,"2400 North Arizona Avenue, Chandler, AZ, USA",Property_Street_Number__c,,2400
006WR00000wkC7kYAE,San Cierra,,"2400 North Arizona Avenue, Chandler, AZ, USA",Property_Street__c,,North Arizona Avenue
006WR00000wkC7lYAE,Waterford at Superstition Springs,,"7311 E Southern Ave, Mesa, AZ 85209, USA",Property_Street_Number__c,,7311
006WR00000wkC7lYAE,Waterford at Superstition Springs,,"7311 E Southern Ave, Mesa, AZ 85209, USA",Property_Street__c,,E Southern Ave
006WR00000wkC7mYAE,Cabrillo Pointe,,"522 West 9th Place, Mesa, AZ, USA",Property_Street_Number__c,,522
006WR00000wkC7mYAE,Cabrillo Pointe,,"522 West 9th Place, Mesa, AZ, USA",Property_Street__c,,West 9th Place
006WR00000wkC7nYAE,Biscayne Bay,,"300 E Warner Rd, Chandler, AZ, USA",Property_Street_Number__c,,300
006WR00000wkC7nYAE,Biscayne Bay,,"300 E Warner Rd, Chandler, AZ, USA",Property_Street__c,,E Warner Rd
006WR00000wkC7oYAE,Reflections at Red Mountain,,"1731 West Baseline Road, Mesa, AZ, USA",Property_Street_Number__c,,1731
006WR00000wkC7oYAE,Reflections at Red Mountain,,"1731 West Baseline Road, Mesa, AZ, USA",Property_Street__c,,West Baseline Road
006WR00000wkC7pYAE,Mirada at the Islands,,"833 South Presidio Drive, Gilbert, AZ, USA",Property_Street_Number__c,,833
006WR00000wkC7pYAE,Mirada at the Islands,,"833 South Presidio Drive, Gilbert, AZ, USA",Property_Street__c,,South Presidio Drive
006WR00000wkC7qYAE,Lunar Bear 454 West,,"454 West Brown Road, Mesa, AZ, USA",Property_Street_Number__c,,454
006WR00000wkC7qYAE,Lunar Bear 454 West,,"454 West Brown Road, Mesa, AZ, USA",Property_Street__c,,West Brown Road
006WR00000wkC7rYAE,Mesa Shadows Mobile Home Park,,205 S Higley Rd 85206,Property_Street_Number__c,,205
006WR00000wkC7rYAE,Mesa Shadows Mobile Home Park,,205 S Higley Rd 85206,Property_Street__c,,S Higley Rd
006WR00000wkC7sYAE,Brentwood West,,"3104 E Broadway Rd, Mesa, AZ, USA",Property_Street_Number__c,,3104
006WR00000wkC7sYAE,Brentwood West,,"3104 E Broadway Rd, Mesa, AZ, USA",Property_Street__c,,E Broadway Rd
006WR00000wkC7tYAE,Woodstream Village Apartments,,"1230 N Mesa Dr, Mesa, AZ 85201, USA",Property_Street_Number__c,,1230
006WR00000wkC7tYAE,Woodstream Village Apartments,,"1230 N Mesa Dr, Mesa, AZ 85201, USA",Property_Street__c,,N Mesa Dr
006WR00000wkC7uYAE,Sonoran Palms Apartments,,"900 North Country Club Drive, Mesa, AZ, USA",Property_Street_Number__c,,900
006WR00000wkC7uYAE,Sonoran Palms Apartments,,"900 North Country Club Drive, Mesa, AZ, USA",Property_Street__c,,North Country Club Drive
006WR00000wkC7vYAE,Burnett Place Apartments,Taylor_MDU_Burnett Place Apartments,"405 Sloan Street, Taylor, TX, USA",Property_Street_Number__c,,405
006WR00000wkC7vYAE,Burnett Place Apartments,Taylor_MDU_Burnett Place Apartments,"405 Sloan Street, Taylor, TX, USA",Property_Street__c,,Sloan Street
006WR00000wkC7vYAE,Burnett Place Apartments,Taylor_MDU_Burnett Place Apartments,"405 Sloan Street, Taylor, TX, USA",Property_County__c,,Williamson
006WR00000wkC7wYAE,The Grove Independent Living,,"5848 E University Dr, Mesa, AZ 85205, USA",Property_Street_Number__c,,5848
006WR00000wkC7wYAE,The Grove Independent Living,,"5848 E University Dr, Mesa, AZ 85205, USA",Property_Street__c,,E University Dr
006WR00000wkC7xYAE,Chateau West Apartments,Killeen_MDU_The Chateau West Apartments,"309 Root Avenue, Killeen, TX, USA",Property_Street_Number__c,,309
006WR00000wkC7xYAE,Chateau West Apartments,Killeen_MDU_The Chateau West Apartments,"309 Root Avenue, Killeen, TX, USA",Property_Street__c,,Root Avenue
006WR00000wkC7xYAE,Chateau West Apartments,Killeen_MDU_The Chateau West Apartments,"309 Root Avenue, Killeen, TX, USA",Property_County__c,,Bell
006WR00000wkC7yYAE,Quail Run Apartments,Decatur_MDU_Quail Run Apartments,"1906 South College Avenue, Decatur, TX, USA",Property_Street_Number__c,,1906
006WR00000wkC7yYAE,Quail Run Apartments,Decatur_MDU_Quail Run Apartments,"1906 South College Avenue, Decatur, TX, USA",Property_Street__c,,South College Avenue
006WR00000wkC7yYAE,Quail Run Apartments,Decatur_MDU_Quail Run Apartments,"1906 South College Avenue, Decatur, TX, USA",Property_County__c,,Wise
006WR00000wkC7zYAE,Williamsburg Townhomes and Apartments,Killeen_MDU_Williamsburg Townhouses and Apts,"2313 Jennifer Drive, Killeen, TX, USA",Property_Street_Number__c,,2313
006WR00000wkC7zYAE,Williamsburg Townhomes and Apartments,Killeen_MDU_Williamsburg Townhouses and Apts,"2313 Jennifer Drive, Killeen, TX, USA",Property_Street__c,,Jennifer Drive
006WR00000wkC7zYAE,Williamsburg Townhomes and Apartments,Killeen_MDU_Williamsburg Townhouses and Apts,"2313 Jennifer Drive, Killeen, TX, USA",Property_County__c,,Bell
006WR00000wkC80YAE,StoneGate Estates Mobile Home Community,KILLEEN_MDU_Stonegate Estates,"101 Elms Run Court, Killeen, TX 76542, USA",Property_Street_Number__c,,101
006WR00000wkC80YAE,StoneGate Estates Mobile Home Community,KILLEEN_MDU_Stonegate Estates,"101 Elms Run Court, Killeen, TX 76542, USA",Property_Street__c,,Elms Run Court
006WR00000wkC80YAE,StoneGate Estates Mobile Home Community,KILLEEN_MDU_Stonegate Estates,"101 Elms Run Court, Killeen, TX 76542, USA",Property_County__c,,Bell
006WR00000wkC81YAE,The Village at Fox Creek,Killeen_MDU_The Village at Fox Creek,"2900 Illinois Avenue, Killeen, TX, USA",Property_Street_Number__c,,2900
006WR00000wkC81YAE,The Village at Fox Creek,Killeen_MDU_The Village at Fox Creek,"2900 Illinois Avenue, Killeen, TX, USA",Property_Street__c,,Illinois Avenue
006WR00000wkC81YAE,The Village at Fox Creek,Killeen_MDU_The Village at Fox Creek,"2900 Illinois Avenue, Killeen, TX, USA",Property_County__c,,Bell
006WR00000wkC82YAE,San Fernando Apartments,Mesa_MDU_San Fernando Apartments,"4150 E Main St, Mesa, AZ 85205, USA",Property_Street_Number__c,,4150
006WR00000wkC82YAE,San Fernando Apartments,Mesa_MDU_San Fernando Apartments,"4150 E Main St, Mesa, AZ 85205, USA",Property_Street__c,,E Main St
006WR00000wkCjCYAU,Villas of Omaha at Butler Ridge,,"15702 Fowler Plaza, Omaha, NE",Property_Street_Number__c,,15702
006WR00000wkCjCYAU,Villas of Omaha at Butler Ridge,,"15702 Fowler Plaza, Omaha, NE",Property_Street__c,,Fowler Plaza
006WR00000wkCjDYAU,Villa Vinee Apartments,Omaha_MDU_Villa Vinee Apartments,7722 Howard St  OMAHA NE 68114,Property_Street_Number__c,,7722
006WR00000wkCjDYAU,Villa Vinee Apartments,Omaha_MDU_Villa Vinee Apartments,7722 Howard St  OMAHA NE 68114,Property_Street__c,,Howard St
006WR00000wkCjDYAU,Villa Vinee Apartments,Omaha_MDU_Villa Vinee Apartments,7722 Howard St  OMAHA NE 68114,Property_County__c,,Douglas
006WR00000wkCjEYAU,Sedona Springs,,"373 N Wilmot Rd, Tucson, AZ, USA",Property_Street_Number__c,,373
006WR00000wkCjEYAU,Sedona Springs,,"373 N Wilmot Rd, Tucson, AZ, USA",Property_Street__c,,N Wilmot Rd
006WR00000wkCjFYAU,La Mesa Grande Condominiums,Mesa_MDU_Mesa Grande Condominiums,1927 E Hampton Ave Mesa AZ 85204,Property_Street_Number__c,,1927
006WR00000wkCjFYAU,La Mesa Grande Condominiums,Mesa_MDU_Mesa Grande Condominiums,1927 E Hampton Ave Mesa AZ 85204,Property_Street__c,,E Hampton Ave
006WR00000wkCjGYAU,Country Club Villas ESCONDIDO,,"2000 Montego Ave, Escondido, California, USA",Property_Street_Number__c,,2000
006WR00000wkCjGYAU,Country Club Villas ESCONDIDO,,"2000 Montego Ave, Escondido, California, USA",Property_Street__c,,Montego Ave
006WR00000wkCjHYAU,Rancho San Luis Rey 55+,Oceanside_MDU_Rancho San Luis Rey MHP,"200 North El Camino Real, Oceanside, CA, USA",Property_Street_Number__c,,200
006WR00000wkCjHYAU,Rancho San Luis Rey 55+,Oceanside_MDU_Rancho San Luis Rey MHP,"200 North El Camino Real, Oceanside, CA, USA",Property_Street__c,,North El Camino Real
006WR00000wkCjIYAU,Val Vista Gardens,,"3443 E University Dr, Mesa, AZ, USA",Property_Street_Number__c,,3443
006WR00000wkCjIYAU,Val Vista Gardens,,"3443 E University Dr, Mesa, AZ, USA",Property_Street__c,,E University Dr
006WR00000wkCjJYAU,View at Catalina Apartments,,"8000 E Wrightstown Rd, Tucson, AZ, USA",Property_Street_Number__c,,8000
006WR00000wkCjJYAU,View at Catalina Apartments,,"8000 E Wrightstown Rd, Tucson, AZ, USA",Property_Street__c,,E Wrightstown Rd
006WR00000wkCjKYAU,Argenta Apartments,,"4104 E Broadway Rd, Mesa, AZ 85206, USA",Property_Street_Number__c,,4104
006WR00000wkCjKYAU,Argenta Apartments,,"4104 E Broadway Rd, Mesa, AZ 85206, USA",Property_Street__c,,E Broadway Rd
006WR00000wkCjLYAU,Parker Place (Just off Post) Apartments,Killeen_MDU_Parker Place Apartments,"1015 Hall Avenue, Killeen, TX, USA",Property_Street_Number__c,,1015
006WR00000wkCjLYAU,Parker Place (Just off Post) Apartments,Killeen_MDU_Parker Place Apartments,"1015 Hall Avenue, Killeen, TX, USA",Property_Street__c,,Hall Avenue
006WR00000wkCjLYAU,Parker Place (Just off Post) Apartments,Killeen_MDU_Parker Place Apartments,"1015 Hall Avenue, Killeen, TX, USA",Property_County__c,,Bell
006WR00000wkCjMYAU,Gardens of Taylor,Taylor_MDU_Gardens of Taylor,"319 Sloan Street, Taylor, TX, USA",Property_Street_Number__c,,319
006WR00000wkCjMYAU,Gardens of Taylor,Taylor_MDU_Gardens of Taylor,"319 Sloan Street, Taylor, TX, USA",Property_Street__c,,Sloan Street
006WR00000wkCjMYAU,Gardens of Taylor,Taylor_MDU_Gardens of Taylor,"319 Sloan Street, Taylor, TX, USA",Property_County__c,,Williamson
006WR00000wkCjNYAU,Sonoran Reserve,,"2800 W Broadway Blvd, Tucson, AZ, USA",Property_Street_Number__c,,2800
006WR00000wkCjNYAU,Sonoran Reserve,,"2800 W Broadway Blvd, Tucson, AZ, USA",Property_Street__c,,W Broadway Blvd
006WR00000wkCjOYAU,Northpoint Villas,Fort Worth_MDU_Northpoint Villas,"8100 N Riverside Dr, Fort Worth, TX 76137",Property_Street_Number__c,,8100
006WR00000wkCjOYAU,Northpoint Villas,Fort Worth_MDU_Northpoint Villas,"8100 N Riverside Dr, Fort Worth, TX 76137",Property_Street__c,,N Riverside Dr
006WR00000wkCjOYAU,Northpoint Villas,Fort Worth_MDU_Northpoint Villas,"8100 N Riverside Dr, Fort Worth, TX 76137",Property_County__c,,Tarrant
006WR00000wkCjPYAU,Century Plaza,Killeen_MDU_Century Plaza,3300 E RANCIER AVE UNIT 1 KILLEEN TX 76543,Property_Street_Number__c,,3300
006WR00000wkCjPYAU,Century Plaza,Killeen_MDU_Century Plaza,3300 E RANCIER AVE UNIT 1 KILLEEN TX 76543,Property_Street__c,,E RANCIER AVE
006WR00000wkCjPYAU,Century Plaza,Killeen_MDU_Century Plaza,3300 E RANCIER AVE UNIT 1 KILLEEN TX 76543,Property_County__c,,Bell
006WR00000wkCjQYAU,Southridge Apartments,Mineral Wells_MDU_Southridge Apartments,"103 Southeast 19th Street, Mineral Wells, TX, USA",Property_Street_Number__c,,103
006WR00000wkCjQYAU,Southridge Apartments,Mineral Wells_MDU_Southridge Apartments,"103 Southeast 19th Street, Mineral Wells, TX, USA",Property_Street__c,,Southeast 19th Street
006WR00000wkCjQYAU,Southridge Apartments,Mineral Wells_MDU_Southridge Apartments,"103 Southeast 19th Street, Mineral Wells, TX, USA",Property_County__c,,Palo Pinto
006WR00000wkCjRYAU,Palm Gardens,,"2929 East Main Street, Mesa, AZ, USA",Property_Street_Number__c,,2929
006WR00000wkCjRYAU,Palm Gardens,,"2929 East Main Street, Mesa, AZ, USA",Property_Street__c,,East Main Street
006WR00000wkCjSYAU,Apache East,,"3500 S Tomahawk Rd, Apache Junction, AZ, USA",Property_Street_Number__c,,3500
006WR00000wkCjSYAU,Apache East,,"3500 S Tomahawk Rd, Apache Junction, AZ, USA",Property_Street__c,,S Tomahawk Rd
006WR00000wkCjTYAU,Copper Village,,"5037 E Broadway Rd, Mesa, AZ, USA",Property_Street_Number__c,,5037
006WR00000wkCjTYAU,Copper Village,,"5037 E Broadway Rd, Mesa, AZ, USA",Property_Street__c,,E Broadway Rd
006WR00000wkCjUYAU,Desert Skies,,"19802 North 32nd Street, Phoenix, AZ, USA",Property_Street_Number__c,,19802
006WR00000wkCjUYAU,Desert Skies,,"19802 North 32nd Street, Phoenix, AZ, USA",Property_Street__c,,North 32nd Street
006WR00000wkCjVYAU,215 N Power Rd,,"215 N Power Rd, Mesa, AZ, USA",Property_Street_Number__c,,215
006WR00000wkCjVYAU,215 N Power Rd,,"215 N Power Rd, Mesa, AZ, USA",Property_Street__c,,N Power Rd
006WR00000wkCjWYAU,Paradise Cove at the Islands,,"1446 West Redondo Drive, Gilbert, AZ, USA",Property_Street_Number__c,,1446
006WR00000wkCjWYAU,Paradise Cove at the Islands,,"1446 West Redondo Drive, Gilbert, AZ, USA",Property_Street__c,,West Redondo Drive
006WR00000wkCjXYAU,Windsor Park,,"150 South Windsor, Mesa, AZ, USA",Property_Street_Number__c,,150
006WR00000wkCjXYAU,Windsor Park,,"150 South Windsor, Mesa, AZ, USA",Property_Street__c,,South Windsor
006WR00000wkCjYYAU,Carefree Manor,,"19602 North 32nd Street, Phoenix, AZ, USA",Property_Street_Number__c,,19602
006WR00000wkCjYYAU,Carefree Manor,,"19602 North 32nd Street, Phoenix, AZ, USA",Property_Street__c,,North 32nd Street
006WR00000wkCjZYAU,Sabino Vista II,,"3500 N Sabino Canyon Rd, Tucson, AZ, USA",Property_Street_Number__c,,3500
006WR00000wkCjZYAU,Sabino Vista II,,"3500 N Sabino Canyon Rd, Tucson, AZ, USA",Property_Street__c,,N Sabino Canyon Rd
006WR00000wkCjaYAE,Campbell Ranch on Roger,,"2000 East Roger Road, Tucson, AZ, USA",Property_Street_Number__c,,2000
006WR00000wkCjaYAE,Campbell Ranch on Roger,,"2000 East Roger Road, Tucson, AZ, USA",Property_Street__c,,East Roger Road
006WR00000wkCjbYAE,Sabino Vista I,,"3515 N Sabino Canyon Rd, Tucson, AZ, USA",Property_Street_Number__c,,3515
006WR00000wkCjbYAE,Sabino Vista I,,"3515 N Sabino Canyon Rd, Tucson, AZ, USA",Property_Street__c,,N Sabino Canyon Rd
006WR00000wkCjcYAE,Deerfield Village on Fort Lowell,,"3201 E Fort Lowell Rd, Tucson, AZ, USA",Property_Street_Number__c,,3201
006WR00000wkCjcYAE,Deerfield Village on Fort Lowell,,"3201 E Fort Lowell Rd, Tucson, AZ, USA",Property_Street__c,,E Fort Lowell Rd
006WR00000wkCjdYAE,Arcadia Park Apartments,,"250 North Arcadia Avenue, Tucson, AZ, USA",Property_Street_Number__c,,250
006WR00000wkCjdYAE,Arcadia Park Apartments,,"250 North Arcadia Avenue, Tucson, AZ, USA",Property_Street__c,,North Arcadia Avenue
006WR00000wkCjeYAE,Capistrano Apartments,,"2929 East 6th Street, Tucson, AZ, USA",Property_Street_Number__c,,2929
006WR00000wkCjeYAE,Capistrano Apartments,,"2929 East 6th Street, Tucson, AZ, USA",Property_Street__c,,East 6th Street
006WR00000wkCjfYAE,Stone Hill Apartments,Decatur_MDU_Stone Hill Apartments,1900 S COLLEGE AVE DECATUR TX 76234,Property_Street_Number__c,,1900
006WR00000wkCjfYAE,Stone Hill Apartments,Decatur_MDU_Stone Hill Apartments,1900 S COLLEGE AVE DECATUR TX 76234,Property_Street__c,,S COLLEGE AVE
006WR00000wkCjfYAE,Stone Hill Apartments,Decatur_MDU_Stone Hill Apartments,1900 S COLLEGE AVE DECATUR TX 76234,Property_County__c,,Wise
006WR00000wkCjgYAE,Estates of Bridgeport,Bridgeport_MDU_Bridgeport_Estates,"1481 Senior Pl Rd, Bridgeport, TX 76426, USA",Property_Street_Number__c,,1481
006WR00000wkCjgYAE,Estates of Bridgeport,Bridgeport_MDU_Bridgeport_Estates,"1481 Senior Pl Rd, Bridgeport, TX 76426, USA",Property_Street__c,,Senior Pl Rd
006WR00000wkCjgYAE,Estates of Bridgeport,Bridgeport_MDU_Bridgeport_Estates,"1481 Senior Pl Rd, Bridgeport, TX 76426, USA",Property_County__c,,Wise
006WR00000wkCjhYAE,TAYLOR_MDU_DEBUS_APTS AKA Boxwoods at Taylor Condo Community,TAYLOR_MDU_DEBUS_APTS,230 DEBUS DR UNIT 100 TAYLOR TX 76574,Property_Street_Number__c,,230
006WR00000wkCjhYAE,TAYLOR_MDU_DEBUS_APTS AKA Boxwoods at Taylor Condo Community,TAYLOR_MDU_DEBUS_APTS,230 DEBUS DR UNIT 100 TAYLOR TX 76574,Property_Street__c,,DEBUS DR
006WR00000wkCjhYAE,TAYLOR_MDU_DEBUS_APTS AKA Boxwoods at Taylor Condo Community,TAYLOR_MDU_DEBUS_APTS,230 DEBUS DR UNIT 100 TAYLOR TX 76574,Property_County__c,,Williamson
006WR00000wkCjiYAE,Sandstone Dr Townhomes,JARRELL_MDU_SANDSTONE DR Townhomes,100 SANDSTONE DR JARRELL TX 76537,Property_Street_Number__c,,100
006WR00000wkCjiYAE,Sandstone Dr Townhomes,JARRELL_MDU_SANDSTONE DR Townhomes,100 SANDSTONE DR JARRELL TX 76537,Property_Street__c,,SANDSTONE DR
006WR00000wkCjiYAE,Sandstone Dr Townhomes,JARRELL_MDU_SANDSTONE DR Townhomes,100 SANDSTONE DR JARRELL TX 76537,Property_County__c,,Williamson
006WR00000wkCjjYAE,Irvington Heights,Omaha_MDU_Irvington Heights,6601 N 90TH PLZ OMAHA NE 68122,Property_Street_Number__c,,6601
006WR00000wkCjjYAE,Irvington Heights,Omaha_MDU_Irvington Heights,6601 N 90TH PLZ OMAHA NE 68122,Property_Street__c,,N 90TH PLZ
006WR00000wkCjjYAE,Irvington Heights,Omaha_MDU_Irvington Heights,6601 N 90TH PLZ OMAHA NE 68122,Property_County__c,,Douglas
006WR00000wkCjkYAE,Valley of Dreams MHP,ENCINITAS_MDU_ Valley Of Dreams MHP,123 JASPER ST SPC 1 ENCINITAS CA 92024,Property_Street_Number__c,,123
006WR00000wkCjkYAE,Valley of Dreams MHP,ENCINITAS_MDU_ Valley Of Dreams MHP,123 JASPER ST SPC 1 ENCINITAS CA 92024,Property_Street__c,,JASPER ST SPC 1
006WR00000wkCjlYAE,Cantebria Senior Homes,Encinitas_MDU_Mercy Housing California,645 VIA CANTEBRIA UNIT 101 ENCINITAS CA 92024,Property_Street_Number__c,,645
006WR00000wkCjlYAE,Cantebria Senior Homes,Encinitas_MDU_Mercy Housing California,645 VIA CANTEBRIA UNIT 101 ENCINITAS CA 92024,Property_Street__c,,VIA CANTEBRIA
006WR00000wkCjmYAE,Spyglass Point,Carlsbad_MDU_Spyglass Point,7412 ALTIVA PL CARLSBAD CA 92009,Property_Street_Number__c,,7412
006WR00000wkCjmYAE,Spyglass Point,Carlsbad_MDU_Spyglass Point,7412 ALTIVA PL CARLSBAD CA 92009,Property_Street__c,,ALTIVA PL
006WR00000wkCjnYAE,Sixth Green Townhomes,Solana Beach_MDU_Sixth Green Townhomes,150 LAS BANDERAS DR SOLANA BEACH CA 92075,Property_Street_Number__c,,150
006WR00000wkCjnYAE,Sixth Green Townhomes,Solana Beach_MDU_Sixth Green Townhomes,150 LAS BANDERAS DR SOLANA BEACH CA 92075,Property_Street__c,,LAS BANDERAS DR
006WR00000wkCjoYAE,Woodgate Townhomes,Omaha_MDU_Woodgate Townhomes,7006 N 79TH PLZ OMAHA NE 68122,Property_Street_Number__c,,7006
006WR00000wkCjoYAE,Woodgate Townhomes,Omaha_MDU_Woodgate Townhomes,7006 N 79TH PLZ OMAHA NE 68122,Property_Street__c,,N 79TH PLZ
006WR00000wkCjoYAE,Woodgate Townhomes,Omaha_MDU_Woodgate Townhomes,7006 N 79TH PLZ OMAHA NE 68122,Property_County__c,,Douglas
006WR00000wkCjpYAE,Steven's Manor Townhomes,Solana Beach_MDU_Steven's Manor,811 VALLEY AVE SOLANA BEACH CA 92075,Property_Street_Number__c,,811
006WR00000wkCjpYAE,Steven's Manor Townhomes,Solana Beach_MDU_Steven's Manor,811 VALLEY AVE SOLANA BEACH CA 92075,Property_Street__c,,VALLEY AVE
006WR00000wkCjqYAE,Hillside Rows Apts,Omaha_MDU_Hillside Rows Apts,9291 KANSAS AVE OMAHA NE 68122,Property_Street_Number__c,,9291
006WR00000wkCjqYAE,Hillside Rows Apts,Omaha_MDU_Hillside Rows Apts,9291 KANSAS AVE OMAHA NE 68122,Property_Street__c,,KANSAS AVE
006WR00000wkCjqYAE,Hillside Rows Apts,Omaha_MDU_Hillside Rows Apts,9291 KANSAS AVE OMAHA NE 68122,Property_County__c,,Douglas
006WR00000wkCjrYAE,Su Casa Por Cortez Apartments Community Housing,Encinitas_MDU_Su Casa Community Housing,620 MELBA RD UNIT 1 ENCINITAS CA 92024,Property_Street_Number__c,,620
006WR00000wkCjrYAE,Su Casa Por Cortez Apartments Community Housing,Encinitas_MDU_Su Casa Community Housing,620 MELBA RD UNIT 1 ENCINITAS CA 92024,Property_Street__c,,MELBA RD
006WR00000wkCjsYAE,Vaughan Manor Apartments,Omaha_MDU_Vaughan Manor Apartments,3325 FONTENELLE BLVD OMAHA NE 68104,Property_Street_Number__c,,3325
006WR00000wkCjsYAE,Vaughan Manor Apartments,Omaha_MDU_Vaughan Manor Apartments,3325 FONTENELLE BLVD OMAHA NE 68104,Property_Street__c,,FONTENELLE BLVD
006WR00000wkCjsYAE,Vaughan Manor Apartments,Omaha_MDU_Vaughan Manor Apartments,3325 FONTENELLE BLVD OMAHA NE 68104,Property_County__c,,Douglas
006WR00000wkCjtYAE,The Canyons at Linda Vista Trail,,"9750 N Oracle Rd, Tucson, AZ, USA",Property_Street_Number__c,,9750
006WR00000wkCjtYAE,The Canyons at Linda Vista Trail,,"9750 N Oracle Rd, Tucson, AZ, USA",Property_Street__c,,N Oracle Rd
006WR00000wkCjuYAE,Bradley Arms,Killeen_MDU_Bradley Arms,"1117 North 8th Street, Killeen, TX, USA",Property_Street_Number__c,,1117
006WR00000wkCjuYAE,Bradley Arms,Killeen_MDU_Bradley Arms,"1117 North 8th Street, Killeen, TX, USA",Property_Street__c,,North 8th Street
006WR00000wkCjvYAE,Pima Canyon,,750 W Orange Grove Rd,Property_Street_Number__c,,750
006WR00000wkCjvYAE,Pima Canyon,,750 W Orange Grove Rd,Property_Street__c,,W Orange Grove Rd
006WR00000wkCjwYAE,Villas at San Dorado,,"10730 N Oracle Rd, Tucson, AZ, USA",Property_Street_Number__c,,10730
006WR00000wkCjwYAE,Villas at San Dorado,,"10730 N Oracle Rd, Tucson, AZ, USA",Property_Street__c,,N Oracle Rd
006WR00000wkCjxYAE,La Costa View,Carlsbad_MDU_La Costa View,"2280 Calle Barcelona, Carlsbad, CA, USA",Property_Street_Number__c,,2280
006WR00000wkCjxYAE,La Costa View,Carlsbad_MDU_La Costa View,"2280 Calle Barcelona, Carlsbad, CA, USA",Property_Street__c,,Calle Barcelona
006WR00000wkCjyYAE,Las Palmas Apartments,,"300 W Los Angeles Dr  Vista CA,  92083",Property_Street_Number__c,,300
006WR00000wkCjyYAE,Las Palmas Apartments,,"300 W Los Angeles Dr  Vista CA,  92083",Property_Street__c,,W Los Angeles Dr  Vista CA
006WR00000wkCjzYAE,The Golf Villas at Oro Valley,,"10950 North La Cañada Drive, Oro Valley, AZ, USA",Property_Street_Number__c,,10950
006WR00000wkCjzYAE,The Golf Villas at Oro Valley,,"10950 North La Cañada Drive, Oro Valley, AZ, USA",Property_Street__c,,North La Cañada Drive
006WR00000wkCk0YAE,Oro Vista Apartments,,"1301 W Lambert Ln, Oro Valley, AZ, USA",Property_Street_Number__c,,1301
006WR00000wkCk0YAE,Oro Vista Apartments,,"1301 W Lambert Ln, Oro Valley, AZ, USA",Property_Street__c,,W Lambert Ln
006WR00000wkCk1YAE,Sorelle,,"2399 Parkland Drive Northeast, Atlanta, GA, USA",Property_Street_Number__c,,2399
006WR00000wkCk1YAE,Sorelle,,"2399 Parkland Drive Northeast, Atlanta, GA, USA",Property_Street__c,,Parkland Drive Northeast
006WR00000wkCk2YAE,The Brooke by ARIUM,,"2500 Shallowford Road, Atlanta, GA, USA",Property_Street_Number__c,,2500
006WR00000wkCk2YAE,The Brooke by ARIUM,,"2500 Shallowford Road, Atlanta, GA, USA",Property_Street__c,,Shallowford Road
006WR00000wkCk3YAE,Villas on Sixth,,"2011 East 6th Street, Austin, TX, USA",Property_Street_Number__c,,2011
006WR00000wkCk3YAE,Villas on Sixth,,"2011 East 6th Street, Austin, TX, USA",Property_Street__c,,East 6th Street
006WR00000wkCk4YAE,Callista Hill Country Apts,,"8600 State Highway 71, Austin, TX, USA",Property_Street_Number__c,,8600
006WR00000wkCk4YAE,Callista Hill Country Apts,,"8600 State Highway 71, Austin, TX, USA",Property_Street__c,,State Highway 71
006WR00000wkCk5YAE,Foxfire. BRUSHY CREEK VILLAGE,,"1101 Sam Bass Circle, Round Rock, TX, USA",Property_Street_Number__c,,1101
006WR00000wkCk5YAE,Foxfire. BRUSHY CREEK VILLAGE,,"1101 Sam Bass Circle, Round Rock, TX, USA",Property_Street__c,,Sam Bass Circle
006WR00000wkCk6YAE,Main Street Square,,"1201 East Main Street, Round Rock, TX, USA",Property_Street_Number__c,,1201
006WR00000wkCk6YAE,Main Street Square,,"1201 East Main Street, Round Rock, TX, USA",Property_Street__c,,East Main Street
006WR00000wkCk7YAE,Stone View on Horne,Mesa_MDU_Stone View on Horne,"150 South Horne, Mesa, AZ, 85204 USA",Property_Street_Number__c,,150
006WR00000wkCk7YAE,Stone View on Horne,Mesa_MDU_Stone View on Horne,"150 South Horne, Mesa, AZ, 85204 USA",Property_Street__c,,South Horne
006WR00000wkCk8YAE,Bridgewood Townhomes,Mesa_MDU_Bridgewood Townhomes,"930 S Dobson Rd, Mesa, AZ 85202, USA",Property_Street_Number__c,,930
006WR00000wkCk8YAE,Bridgewood Townhomes,Mesa_MDU_Bridgewood Townhomes,"930 S Dobson Rd, Mesa, AZ 85202, USA",Property_Street__c,,S Dobson Rd
006WR00000wkCk9YAE,Vista Ridge,,"394 FM 972, Georgetown, TX, USA",Property_Street_Number__c,,394
006WR00000wkCk9YAE,Vista Ridge,,"394 FM 972, Georgetown, TX, USA",Property_Street__c,,FM 972
006WR00000wkCkAYAU,Florence Towers,,"5100 Florence Boulevard, Omaha, NE, USA",Property_Street_Number__c,,5100
006WR00000wkCkAYAU,Florence Towers,,"5100 Florence Boulevard, Omaha, NE, USA",Property_Street__c,,Florence Boulevard
006WR00000wkCkBYAU,Evans Tower,,"3600 N 24th St, Omaha, NE",Property_Street_Number__c,,3600
006WR00000wkCkBYAU,Evans Tower,,"3600 N 24th St, Omaha, NE",Property_Street__c,,N 24th St
006WR00000wkCkCYAU,Tre Allagio Condominium,,"2727 N Price Rd, Chandler, AZ, USA",Property_Street_Number__c,,2727
006WR00000wkCkCYAU,Tre Allagio Condominium,,"2727 N Price Rd, Chandler, AZ, USA",Property_Street__c,,N Price Rd
006WR00000wkCkDYAU,North Chandler Place,,"2555 North Price Road, Chandler, AZ, USA",Property_Street_Number__c,,2555
006WR00000wkCkDYAU,North Chandler Place,,"2555 North Price Road, Chandler, AZ, USA",Property_Street__c,,North Price Road
006WR00000wkCkEYAU,Harbor Cove HOA,,"905 S Scallop Dr, Gilbert, AZ, USA",Property_Street_Number__c,,905
006WR00000wkCkEYAU,Harbor Cove HOA,,"905 S Scallop Dr, Gilbert, AZ, USA",Property_Street__c,,S Scallop Dr
006WR00000wkCkFYAU,Villas Las Toronjas II,,"6821 E Broadway Blvd, Tucson, AZ, USA",Property_Street_Number__c,,6821
006WR00000wkCkFYAU,Villas Las Toronjas II,,"6821 E Broadway Blvd, Tucson, AZ, USA",Property_Street__c,,E Broadway Blvd
006WR00000wkCkGYAU,Huntington Park Apartments,,"8550 East Speedway Boulevard, Tucson, AZ, USA",Property_Street_Number__c,,8550
006WR00000wkCkGYAU,Huntington Park Apartments,,"8550 East Speedway Boulevard, Tucson, AZ, USA",Property_Street__c,,East Speedway Boulevard
006WR00000wkCkHYAU,Villas las Naranjas,,"1345 S Kolb Rd, Tucson, AZ, USA",Property_Street_Number__c,,1345
006WR00000wkCkHYAU,Villas las Naranjas,,"1345 S Kolb Rd, Tucson, AZ, USA",Property_Street__c,,S Kolb Rd
006WR00000wkCkIYAU,Ocotillo Apartments,,"4098 E 29th St, Tucson, AZ, USA",Property_Street_Number__c,,4098
006WR00000wkCkIYAU,Ocotillo Apartments,,"4098 E 29th St, Tucson, AZ, USA",Property_Street__c,,E 29th St
006WR00000wkCkJYAU,El Conquistador Apartments,,"1881 E Irvington Rd, Tucson, AZ, USA",Property_Street_Number__c,,1881
006WR00000wkCkJYAU,El Conquistador Apartments,,"1881 E Irvington Rd, Tucson, AZ, USA",Property_Street__c,,E Irvington Rd
006WR00000wkCkKYAU,Villas las Mandarinas,,"4250 East 29th Street, Tucson, AZ, USA",Property_Street_Number__c,,4250
006WR00000wkCkKYAU,Villas las Mandarinas,,"4250 East 29th Street, Tucson, AZ, USA",Property_Street__c,,East 29th Street
006WR00000wkCkLYAU,Villas del Paraiso,,"2475 North Haskell Drive, Tucson, AZ, USA",Property_Street_Number__c,,2475
006WR00000wkCkLYAU,Villas del Paraiso,,"2475 North Haskell Drive, Tucson, AZ, USA",Property_Street__c,,North Haskell Drive
006WR00000wkCkMYAU,The Royal El Con Apartments,,"3660 East 3rd Street, Tucson, AZ, USA",Property_Street_Number__c,,3660
006WR00000wkCkMYAU,The Royal El Con Apartments,,"3660 East 3rd Street, Tucson, AZ, USA",Property_Street__c,,East 3rd Street
006WR00000wkCkNYAU,Presidio Palms,,"475 North Granada Avenue, Tucson, AZ, USA",Property_Street_Number__c,,475
006WR00000wkCkNYAU,Presidio Palms,,"475 North Granada Avenue, Tucson, AZ, USA",Property_Street__c,,North Granada Avenue
006WR00000wkCkOYAU,Council House Apartments,,"2323 East 10th Street, Tucson, AZ, USA",Property_Street_Number__c,,2323
006WR00000wkCkOYAU,Council House Apartments,,"2323 East 10th Street, Tucson, AZ, USA",Property_Street__c,,East 10th Street
006WR00000wkCkPYAU,San Marquis,,"577 E Baseline Rd, Tempe, AZ, USA",Property_Street_Number__c,,577
006WR00000wkCkPYAU,San Marquis,,"577 E Baseline Rd, Tempe, AZ, USA",Property_Street__c,,E Baseline Rd
006WR00000wkCkQYAU,Villas las Toronjas I,,"6639 E Broadway Blvd, Tucson, AZ, USA",Property_Street_Number__c,,6639
006WR00000wkCkQYAU,Villas las Toronjas I,,"6639 E Broadway Blvd, Tucson, AZ, USA",Property_Street__c,,E Broadway Blvd
006WR00000wkCkRYAU,Palm Shadows Apartments - Tucson,,"1815 E Speedway Blvd, Tucson, AZ, USA",Property_Street_Number__c,,1815
006WR00000wkCkRYAU,Palm Shadows Apartments - Tucson,,"1815 E Speedway Blvd, Tucson, AZ, USA",Property_Street__c,,E Speedway Blvd
006WR00000wkCkSYAU,Sahara Apartments,,"919 North Stone Avenue, Tucson, AZ, USA",Property_Street_Number__c,,919
006WR00000wkCkSYAU,Sahara Apartments,,"919 North Stone Avenue, Tucson, AZ, USA",Property_Street__c,,North Stone Avenue
006WR00000wkCkTYAU,Villas de la Montaña,,"4880 East 29th Street, Tucson, AZ, USA",Property_Street_Number__c,,4880
006WR00000wkCkTYAU,Villas de la Montaña,,"4880 East 29th Street, Tucson, AZ, USA",Property_Street__c,,East 29th Street
006WR00000wkCkUYAU,Country Club Apartments - Tucson,,"3033 East 6th Street, Tucson, AZ, USA",Property_Street_Number__c,,3033
006WR00000wkCkUYAU,Country Club Apartments - Tucson,,"3033 East 6th Street, Tucson, AZ, USA",Property_Street__c,,East 6th Street
006WR00000wkCkVYAU,Villas Las Cerezas,,"4415 East Grant Road, Tucson, AZ, USA",Property_Street_Number__c,,4415
006WR00000wkCkVYAU,Villas Las Cerezas,,"4415 East Grant Road, Tucson, AZ, USA",Property_Street__c,,East Grant Road
006WR00000wkCkWYAU,Liberty Landing Apartments,KILLEEN_MDU_Liberty_Landing,"1403 North 2nd Street, Killeen, TX, USA",Property_Street_Number__c,,1403
006WR00000wkCkWYAU,Liberty Landing Apartments,KILLEEN_MDU_Liberty_Landing,"1403 North 2nd Street, Killeen, TX, USA",Property_Street__c,,North 2nd Street
006WR00000wkCkWYAU,Liberty Landing Apartments,KILLEEN_MDU_Liberty_Landing,"1403 North 2nd Street, Killeen, TX, USA",Property_County__c,,Bell
006WR00000wkCkXYAU,Mesa_MDU_FiestaRVR,Mesa_MDU_FiestaRVR,3811 E UNIVERSITY DR MESA AZ 85205,Property_Street_Number__c,,3811
006WR00000wkCkXYAU,Mesa_MDU_FiestaRVR,Mesa_MDU_FiestaRVR,3811 E UNIVERSITY DR MESA AZ 85205,Property_Street__c,,E UNIVERSITY DR
006WR00000wkCkYYAU,Mesa_MDU_Greenfields Assisted Living,Mesa_MDU_Greenfields Assisted Living,723 E 2ND AVE UNIT A-101 MESA AZ 85204,Property_Street_Number__c,,723
006WR00000wkCkYYAU,Mesa_MDU_Greenfields Assisted Living,Mesa_MDU_Greenfields Assisted Living,723 E 2ND AVE UNIT A-101 MESA AZ 85204,Property_Street__c,,E 2ND AVE
006WR00000wkCkZYAU,New Towne West Apts,Omaha_MDU_New Towne West Apts,3316 N 102nd Plz OMAHA NE 68134,Property_Street_Number__c,,3316
006WR00000wkCkZYAU,New Towne West Apts,Omaha_MDU_New Towne West Apts,3316 N 102nd Plz OMAHA NE 68134,Property_Street__c,,N 102nd Plz
006WR00000wkCkZYAU,New Towne West Apts,Omaha_MDU_New Towne West Apts,3316 N 102nd Plz OMAHA NE 68134,Property_County__c,,Douglas
006WR00000wkCkaYAE,Georgetown_MDU_Mariposa_Senior_Living,Georgetown_MDU_Mariposa_Senior_Living,120 RIVER BEND DR UNIT 111 GEORGETOWN TX 78628,Property_Street_Number__c,,120
006WR00000wkCkaYAE,Georgetown_MDU_Mariposa_Senior_Living,Georgetown_MDU_Mariposa_Senior_Living,120 RIVER BEND DR UNIT 111 GEORGETOWN TX 78628,Property_Street__c,,RIVER BEND DR
006WR00000wkCkbYAE,Colina De La Costa HOA,Carlsbad_MDU_Colina De La Costa,7301 ALICANTE RD CARLSBAD CA 92009,Property_Street_Number__c,,7301
006WR00000wkCkbYAE,Colina De La Costa HOA,Carlsbad_MDU_Colina De La Costa,7301 ALICANTE RD CARLSBAD CA 92009,Property_Street__c,,ALICANTE RD
006WR00000wkCkcYAE,Caringa Way Condos,Carlsbad_MDU_2311-2335 Caringa Way Condos,2311 CARINGA WAY CARLSBAD CA 92009,Property_Street_Number__c,,2311
006WR00000wkCkcYAE,Caringa Way Condos,Carlsbad_MDU_2311-2335 Caringa Way Condos,2311 CARINGA WAY CARLSBAD CA 92009,Property_Street__c,,CARINGA WAY
006WR00000wkCkdYAE,La Costa Casa Grande,Carlsbad_MDU_La Costa Case Grande,2340 CARINGA WAY CARLSBAD CA 92009,Property_Street_Number__c,,2340
006WR00000wkCkdYAE,La Costa Casa Grande,Carlsbad_MDU_La Costa Case Grande,2340 CARINGA WAY CARLSBAD CA 92009,Property_Street__c,,CARINGA WAY
006WR00000wkCkeYAE,Swanson Towers Condominiums,Omaha_MDU_Swanson Towers Condominiums,8405 INDIAN HILLS DR UNIT 1 OMAHA NE 68114,Property_Street_Number__c,,8405
006WR00000wkCkeYAE,Swanson Towers Condominiums,Omaha_MDU_Swanson Towers Condominiums,8405 INDIAN HILLS DR UNIT 1 OMAHA NE 68114,Property_Street__c,,INDIAN HILLS DR
006WR00000wkCkeYAE,Swanson Towers Condominiums,Omaha_MDU_Swanson Towers Condominiums,8405 INDIAN HILLS DR UNIT 1 OMAHA NE 68114,Property_County__c,,Douglas
006WR00000wkCkfYAE,Summit & Bloomfield Townhomes,Omaha_MDU_Summit & Bloomfield Townhomes,1204 N 97TH PLZ OMAHA NE 68114,Property_Street_Number__c,,1204
006WR00000wkCkfYAE,Summit & Bloomfield Townhomes,Omaha_MDU_Summit & Bloomfield Townhomes,1204 N 97TH PLZ OMAHA NE 68114,Property_Street__c,,N 97TH PLZ
006WR00000wkCkfYAE,Summit & Bloomfield Townhomes,Omaha_MDU_Summit & Bloomfield Townhomes,1204 N 97TH PLZ OMAHA NE 68114,Property_County__c,,Douglas
006WR00000wkCkgYAE,La Costa Village Townhomes,Carlsbad_MDU_La Costa Village Townhomes,2201 PLAZA DE LA FLORES CARLSBAD CA 92009,Property_Street_Number__c,,2201
006WR00000wkCkgYAE,La Costa Village Townhomes,Carlsbad_MDU_La Costa Village Townhomes,2201 PLAZA DE LA FLORES CARLSBAD CA 92009,Property_Street__c,,PLAZA DE LA FLORES
006WR00000wkCkhYAE,Seascape,Solana Beach_MDU_Seascape,675 S SIERRA AVE SOLANA BEACH CA 92075,Property_Street_Number__c,,675
006WR00000wkCkhYAE,Seascape,Solana Beach_MDU_Seascape,675 S SIERRA AVE SOLANA BEACH CA 92075,Property_Street__c,,S SIERRA AVE
006WR00000wkCkiYAE,Seaturf,Solana Beach_MDU_Seaturf,203 TURF VIEW DR SOLANA BEACH CA 92075,Property_Street_Number__c,,203
006WR00000wkCkiYAE,Seaturf,Solana Beach_MDU_Seaturf,203 TURF VIEW DR SOLANA BEACH CA 92075,Property_Street__c,,TURF VIEW DR
006WR00000wkCkjYAE,Arroyo Villas,Carlsbad_MDU_Arroyo Villas,2400 ALTISMA WAY APT A CARLSBAD CA 92009,Property_Street_Number__c,,2400
006WR00000wkCkjYAE,Arroyo Villas,Carlsbad_MDU_Arroyo Villas,2400 ALTISMA WAY APT A CARLSBAD CA 92009,Property_Street__c,,ALTISMA WAY
006WR00000wkCkkYAE,Coral Way,ENCINITAS_MDU_Coral_Way,1653 TABLETOP WAY ENCINITAS CA 92024,Property_Street_Number__c,,1653
006WR00000wkCkkYAE,Coral Way,ENCINITAS_MDU_Coral_Way,1653 TABLETOP WAY ENCINITAS CA 92024,Property_Street__c,,TABLETOP WAY
006WR00000wkCklYAE,Villa De La Costa,CARLSBAD_MDU_Villa_De_La_costa,3146 LEVANTE ST CARLSBAD CA 92009,Property_Street_Number__c,,3146
006WR00000wkCklYAE,Villa De La Costa,CARLSBAD_MDU_Villa_De_La_costa,3146 LEVANTE ST CARLSBAD CA 92009,Property_Street__c,,LEVANTE ST
006WR00000wkCkmYAE,Cabanas at Coral Cove,Encinitas_MDU_Cabanas at Coral Cove,132 STONESTEPS WAY ENCINITAS CA 92024,Property_Street_Number__c,,132
006WR00000wkCkmYAE,Cabanas at Coral Cove,Encinitas_MDU_Cabanas at Coral Cove,132 STONESTEPS WAY ENCINITAS CA 92024,Property_Street__c,,STONESTEPS WAY
006WR00000wkCkoYAE,Saxony Village Apartments,Encinitas_MDU_Saxony Village Apartments,185 SAXONY RD UNIT 101 ENCINITAS CA 92024,Property_Street_Number__c,,185
006WR00000wkCkoYAE,Saxony Village Apartments,Encinitas_MDU_Saxony Village Apartments,185 SAXONY RD UNIT 101 ENCINITAS CA 92024,Property_Street__c,,SAXONY RD
006WR00000wkCkpYAE,La Mer Condos,Solana Beach_MDU_La Mer Condos,801 COFAIR CT SOLANA BEACH CA 92075,Property_Street_Number__c,,801
006WR00000wkCkpYAE,La Mer Condos,Solana Beach_MDU_La Mer Condos,801 COFAIR CT SOLANA BEACH CA 92075,Property_Street__c,,COFAIR CT
006WR00000wkCkqYAE,Lamplighter Apartments,Omaha_MDU_Lamplighter Apartments,2715 N 93rd  ST OMAHA NE 68134,Property_Street_Number__c,,2715
006WR00000wkCkqYAE,Lamplighter Apartments,Omaha_MDU_Lamplighter Apartments,2715 N 93rd  ST OMAHA NE 68134,Property_Street__c,,N 93rd  ST
006WR00000wkCkqYAE,Lamplighter Apartments,Omaha_MDU_Lamplighter Apartments,2715 N 93rd  ST OMAHA NE 68134,Property_County__c,,Douglas
006WR00000wkCkrYAE,Town And Country RV Park,OMAHA_MDU_Town And Country RV Park,11 TOWN COUNTRY TRAILER PARK RD OMAHA NE 68152,Property_Street_Number__c,,11
006WR00000wkCkrYAE,Town And Country RV Park,OMAHA_MDU_Town And Country RV Park,11 TOWN COUNTRY TRAILER PARK RD OMAHA NE 68152,Property_Street__c,,TOWN COUNTRY TRAILER PARK RD
006WR00000wkCkrYAE,Town And Country RV Park,OMAHA_MDU_Town And Country RV Park,11 TOWN COUNTRY TRAILER PARK RD OMAHA NE 68152,Property_County__c,,Douglas
006WR00000wkCksYAE,Sunset Mesa,MESA_MDU_Sunset Mesa Apartments,"237 South Ashland, Mesa, AZ, USA",Property_Street_Number__c,,237
006WR00000wkCksYAE,Sunset Mesa,MESA_MDU_Sunset Mesa Apartments,"237 South Ashland, Mesa, AZ, USA",Property_Street__c,,South Ashland
006WR00000wkCktYAE,The Premiere at Eastmark,,"9410 East Ray Road, Mesa, AZ, 85212",Property_Street_Number__c,,9410
006WR00000wkCktYAE,The Premiere at Eastmark,,"9410 East Ray Road, Mesa, AZ, 85212",Property_Street__c,,East Ray Road
006WR00000wkCkuYAE,Bella Victoria,,1350 S Ellsworth Rd Mesa Az 85209,Property_Street_Number__c,,1350
006WR00000wkCkuYAE,Bella Victoria,,1350 S Ellsworth Rd Mesa Az 85209,Property_Street__c,,S Ellsworth Rd
006WR00000wkCkvYAE,Western Hills Condos,,"4549 Woodland Ave, West Des Moines, Iowa 50266, USA",Property_Street_Number__c,,4549
006WR00000wkCkvYAE,Western Hills Condos,,"4549 Woodland Ave, West Des Moines, Iowa 50266, USA",Property_Street__c,,Woodland Ave
006WR00000wkCkwYAE,Caravelle Townhomes,Omaha_MDU_Caravelle Townhomes,"7582 Miami Plaza, Omaha, NE 68134",Property_Street_Number__c,,7582
006WR00000wkCkwYAE,Caravelle Townhomes,Omaha_MDU_Caravelle Townhomes,"7582 Miami Plaza, Omaha, NE 68134",Property_Street__c,,Miami Plaza
006WR00000wkCkxYAE,Hamilton Village,Omaha_MDU_Hamilton Village,"4102 Hamilton St, Omaha, NE 68131, USA",Property_Street_Number__c,,4102
006WR00000wkCkxYAE,Hamilton Village,Omaha_MDU_Hamilton Village,"4102 Hamilton St, Omaha, NE 68131, USA",Property_Street__c,,Hamilton St
006WR00000wkCkxYAE,Hamilton Village,Omaha_MDU_Hamilton Village,"4102 Hamilton St, Omaha, NE 68131, USA",Property_County__c,,Douglas
006WR00000wkCkyYAE,Ascot Village,,"633 Ascot Dr  Vista CA,  92083",Property_Street_Number__c,,633
006WR00000wkCkyYAE,Ascot Village,,"633 Ascot Dr  Vista CA,  92083",Property_Street__c,,Ascot Dr  Vista CA
006WR00000wkCkzYAE,Millcreek Apartments,,"2130 S Santa Fe Ave  Vista CA,  92084-7800",Property_Street_Number__c,,2130
006WR00000wkCkzYAE,Millcreek Apartments,,"2130 S Santa Fe Ave  Vista CA,  92084-7800",Property_Street__c,,S Santa Fe Ave  Vista CA
006WR00000wkCl0YAE,Casa Antiqua Apartments,,"1225 Palomar Place, Vista, CA",Property_Street_Number__c,,1225
006WR00000wkCl0YAE,Casa Antiqua Apartments,,"1225 Palomar Place, Vista, CA",Property_Street__c,,Palomar Place
006WR00000wkCl1YAE,The Meadows Apartments,,"1110 Meadow Lake Drive, Vista, CA, USA",Property_Street_Number__c,,1110
006WR00000wkCl1YAE,The Meadows Apartments,,"1110 Meadow Lake Drive, Vista, CA, USA",Property_Street__c,,Meadow Lake Drive
006WR00000wkCl2YAE,Vista Manor,,"200 Olive Avenue, Vista, CA, USA",Property_Street_Number__c,,200
006WR00000wkCl2YAE,Vista Manor,,"200 Olive Avenue, Vista, CA, USA",Property_Street__c,,Olive Avenue
006WR00000wkCl3YAE,Meridian at the Hermitage,,"5610 Old Hickory Blvd, Hermitage, TN, USA",Property_Street_Number__c,,5610
006WR00000wkCl3YAE,Meridian at the Hermitage,,"5610 Old Hickory Blvd, Hermitage, TN, USA",Property_Street__c,,Old Hickory Blvd
006WR00000wkCl4YAE,Woodbine Apartments,,"3753 S Gekeler Ln, Boise, ID, USA",Property_Street_Number__c,,3753
006WR00000wkCl4YAE,Woodbine Apartments,,"3753 S Gekeler Ln, Boise, ID, USA",Property_Street__c,,S Gekeler Ln
006WR00000wkCl5YAE,Landings,,"2208 W Lindner Ave, Mesa, AZ 85202, USA",Property_Street_Number__c,,2208
006WR00000wkCl5YAE,Landings,,"2208 W Lindner Ave, Mesa, AZ 85202, USA",Property_Street__c,,W Lindner Ave
006WR00000wkCl6YAE,The Village of Sun Valley Apartments,,"7520 E Billings St, Mesa, AZ 85207, USA",Property_Street_Number__c,,7520
006WR00000wkCl6YAE,The Village of Sun Valley Apartments,,"7520 E Billings St, Mesa, AZ 85207, USA",Property_Street__c,,E Billings St
006WR00000wkCl7YAE,Metro 101,,"2157 E Apache Blvd, Tempe, AZ 85281, USA",Property_Street_Number__c,,2157
006WR00000wkCl7YAE,Metro 101,,"2157 E Apache Blvd, Tempe, AZ 85281, USA",Property_Street__c,,E Apache Blvd
006WR00000wkCl8YAE,VELA Apartments,,"555 N College Ave, Tempe, AZ 85281, USA",Property_Street_Number__c,,555
006WR00000wkCl8YAE,VELA Apartments,,"555 N College Ave, Tempe, AZ 85281, USA",Property_Street__c,,N College Ave
006WR00000wkCl9YAE,Camden Tempe II,,"600 East Curry Road, Tempe, AZ, USA",Property_Street_Number__c,,600
006WR00000wkCl9YAE,Camden Tempe II,,"600 East Curry Road, Tempe, AZ, USA",Property_Street__c,,East Curry Road
006WR00000wkClAYAU,Madison at Westinghouse,,"600 Westinghouse Road, Georgetown, TX, USA",Property_Street_Number__c,,600
006WR00000wkClAYAU,Madison at Westinghouse,,"600 Westinghouse Road, Georgetown, TX, USA",Property_Street__c,,Westinghouse Road
006WR00000wkClBYAU,Belterra,Fort Worth_MDU_Belterra,"7001 Sandshell Boulevard, Fort Worth, TX, USA",Property_Street_Number__c,,7001
006WR00000wkClBYAU,Belterra,Fort Worth_MDU_Belterra,"7001 Sandshell Boulevard, Fort Worth, TX, USA",Property_Street__c,,Sandshell Boulevard
006WR00000wkClBYAU,Belterra,Fort Worth_MDU_Belterra,"7001 Sandshell Boulevard, Fort Worth, TX, USA",Property_County__c,,Tarrant
006WR00000wkClCYAU,Vintage Pointe Apartments X,,1701 Bush St Oceanside CA 92058-7131,Property_Street_Number__c,,1701
006WR00000wkClCYAU,Vintage Pointe Apartments X,,1701 Bush St Oceanside CA 92058-7131,Property_Street__c,,Bush St
006WR00000wkClDYAU,Vintage Pointe II X,,1923 Bush St Oceanside CA 92058-7142,Property_Street_Number__c,,1923
006WR00000wkClDYAU,Vintage Pointe II X,,1923 Bush St Oceanside CA 92058-7142,Property_Street__c,,Bush St
006WR00000wkClEYAU,Ocean Park Apartments X,,145-149  CAnyon Dr Oceanside CA 92054-3554,Property_Street_Number__c,,145-149
006WR00000wkClEYAU,Ocean Park Apartments X,,145-149  CAnyon Dr Oceanside CA 92054-3554,Property_Street__c,,CAnyon Dr
006WR00000wkClFYAU,Rancho Carillo Apartments X,,"6053 Paseo Acampo, Carlsbad, CA, USA",Property_Street_Number__c,,6053
006WR00000wkClFYAU,Rancho Carillo Apartments X,,"6053 Paseo Acampo, Carlsbad, CA, USA",Property_Street__c,,Paseo Acampo
006WR00000wkClGYAU,The Grove at Killeen,Killeen_MDU_The Grove,"4101 East Rancier Avenue, Killeen, TX, USA",Property_Street_Number__c,,4101
006WR00000wkClGYAU,The Grove at Killeen,Killeen_MDU_The Grove,"4101 East Rancier Avenue, Killeen, TX, USA",Property_Street__c,,East Rancier Avenue
006WR00000wkClGYAU,The Grove at Killeen,Killeen_MDU_The Grove,"4101 East Rancier Avenue, Killeen, TX, USA",Property_County__c,,Bell
006WR00000wkClHYAU,The Remington,Killeen_MDU_The Remington,"1001 North Twin Creek Drive, Killeen, TX, USA",Property_Street_Number__c,,1001
006WR00000wkClHYAU,The Remington,Killeen_MDU_The Remington,"1001 North Twin Creek Drive, Killeen, TX, USA",Property_Street__c,,North Twin Creek Drive
006WR00000wkClHYAU,The Remington,Killeen_MDU_The Remington,"1001 North Twin Creek Drive, Killeen, TX, USA",Property_County__c,,Bell
006WR00000wkClIYAU,544 Southern,Mesa_MDU_544 Southern Apartments,544 E SOUTHERN AVE MESA 85204,Property_Street_Number__c,,544
006WR00000wkClIYAU,544 Southern,Mesa_MDU_544 Southern Apartments,544 E SOUTHERN AVE MESA 85204,Property_Street__c,,E SOUTHERN AVE
006WR00000wkClJYAU,Indigo Springs Apartments,Mesa_MDU_Indigo Springs Apartments,"1464 S Stapley Dr, Mesa, AZ 85204, USA",Property_Street_Number__c,,1464
006WR00000wkClJYAU,Indigo Springs Apartments,Mesa_MDU_Indigo Springs Apartments,"1464 S Stapley Dr, Mesa, AZ 85204, USA",Property_Street__c,,S Stapley Dr
006WR00000wkClKYAU,HUE97,,9736 E Balsam Ave 85208,Property_Street_Number__c,,9736
006WR00000wkClKYAU,HUE97,,9736 E Balsam Ave 85208,Property_Street__c,,E Balsam Ave
006WR00000wkClLYAU,Morgan Manor,Killeen_MDU_Morgan Manor Apts,"1506 Bundrant Drive, Killeen, TX, USA",Property_Street_Number__c,,1506
006WR00000wkClLYAU,Morgan Manor,Killeen_MDU_Morgan Manor Apts,"1506 Bundrant Drive, Killeen, TX, USA",Property_Street__c,,Bundrant Drive
006WR00000wkClLYAU,Morgan Manor,Killeen_MDU_Morgan Manor Apts,"1506 Bundrant Drive, Killeen, TX, USA",Property_County__c,,Bell
006WR00000wkClMYAU,Southcastle Apartments,Killeen_MDU_Southcastle Apts,"614 Stringer Street, Killeen, TX, USA",Property_Street_Number__c,,614
006WR00000wkClMYAU,Southcastle Apartments,Killeen_MDU_Southcastle Apts,"614 Stringer Street, Killeen, TX, USA",Property_Street__c,,Stringer Street
006WR00000wkClMYAU,Southcastle Apartments,Killeen_MDU_Southcastle Apts,"614 Stringer Street, Killeen, TX, USA",Property_County__c,,Bell
006WR00000wkClNYAU,Del Mar Beach Club,Solana Beach_MDU_Del Mar Beach Club,137 S SHORE DR SOLANA BEACH CA 92075,Property_Street_Number__c,,137
006WR00000wkClNYAU,Del Mar Beach Club,Solana Beach_MDU_Del Mar Beach Club,137 S SHORE DR SOLANA BEACH CA 92075,Property_Street__c,,S SHORE DR
006WR00000wkClOYAU,Lakeview Apartments,Killeen_MDU_Lakeview Apts,"2908 Lake Rd, Killeen, TX, USA",Property_Street_Number__c,,2908
006WR00000wkClOYAU,Lakeview Apartments,Killeen_MDU_Lakeview Apts,"2908 Lake Rd, Killeen, TX, USA",Property_Street__c,,Lake Rd
006WR00000wkClOYAU,Lakeview Apartments,Killeen_MDU_Lakeview Apts,"2908 Lake Rd, Killeen, TX, USA",Property_County__c,,Bell
006WR00000wkClPYAU,Crestwood Apartment Homes,Azle_MDU_Crestwood Apartment Homes,"525 Commerce St, Azle, TX 76020",Property_Street_Number__c,,525
006WR00000wkClPYAU,Crestwood Apartment Homes,Azle_MDU_Crestwood Apartment Homes,"525 Commerce St, Azle, TX 76020",Property_Street__c,,Commerce St
006WR00000wkClPYAU,Crestwood Apartment Homes,Azle_MDU_Crestwood Apartment Homes,"525 Commerce St, Azle, TX 76020",Property_County__c,,Tarrant
006WR00000wkClQYAU,Republic Park Vista,Fort Worth_MDU_Republic Park Vista,"8625 Ray White Rd, Fort Worth, TX 76244",Property_Street_Number__c,,8625
006WR00000wkClQYAU,Republic Park Vista,Fort Worth_MDU_Republic Park Vista,"8625 Ray White Rd, Fort Worth, TX 76244",Property_Street__c,,Ray White Rd
006WR00000wkClQYAU,Republic Park Vista,Fort Worth_MDU_Republic Park Vista,"8625 Ray White Rd, Fort Worth, TX 76244",Property_County__c,,Tarrant
006WR00000wkClRYAU,Grandridge,Omaha_MDU_Grandridge Apartments,"5439 North 100th Plaza, Omaha, NE, USA",Property_Street_Number__c,,5439
006WR00000wkClRYAU,Grandridge,Omaha_MDU_Grandridge Apartments,"5439 North 100th Plaza, Omaha, NE, USA",Property_Street__c,,North 100th Plaza
006WR00000wkClRYAU,Grandridge,Omaha_MDU_Grandridge Apartments,"5439 North 100th Plaza, Omaha, NE, USA",Property_County__c,,Douglas
006WR00000wkClSYAU,Brickstone Villas / Tucker Apts,Killeen_MDU_Brickstone Villas,"2610 Lake Rd, Killeen, TX, USA",Property_Street_Number__c,,2610
006WR00000wkClSYAU,Brickstone Villas / Tucker Apts,Killeen_MDU_Brickstone Villas,"2610 Lake Rd, Killeen, TX, USA",Property_Street__c,,Lake Rd
006WR00000wkClSYAU,Brickstone Villas / Tucker Apts,Killeen_MDU_Brickstone Villas,"2610 Lake Rd, Killeen, TX, USA",Property_County__c,,Bell
006WR00000wkClTYAU,The Palo Apartments,Fort Worth_MDU_The Palo Apartments,15621 BOVIS WAY UNIT 101 FORT WORTH TX 76177,Property_Street_Number__c,,15621
006WR00000wkClTYAU,The Palo Apartments,Fort Worth_MDU_The Palo Apartments,15621 BOVIS WAY UNIT 101 FORT WORTH TX 76177,Property_Street__c,,BOVIS WAY
006WR00000wkClTYAU,The Palo Apartments,Fort Worth_MDU_The Palo Apartments,15621 BOVIS WAY UNIT 101 FORT WORTH TX 76177,Property_County__c,,Denton
006WR00000wkClUYAU,Villa Lago,Fort Worth_MDU_Villa Lago,"8201 Boat Club Rd, Fort Worth, TX 76179",Property_Street_Number__c,,8201
006WR00000wkClUYAU,Villa Lago,Fort Worth_MDU_Villa Lago,"8201 Boat Club Rd, Fort Worth, TX 76179",Property_Street__c,,Boat Club Rd
006WR00000wkClUYAU,Villa Lago,Fort Worth_MDU_Villa Lago,"8201 Boat Club Rd, Fort Worth, TX 76179",Property_County__c,,Tarrant
006WR00000wkClVYAU,Bryce Avenue Apartments,Killeen_MDU_Bryce Avenue Apartments,"East Bryce Avenue, Killeen, TX, USA",Property_Street__c,,East Bryce Avenue
006WR00000wkClVYAU,Bryce Avenue Apartments,Killeen_MDU_Bryce Avenue Apartments,"East Bryce Avenue, Killeen, TX, USA",Property_County__c,,Bell
006WR00000wkClWYAU,Ashton Park Apartment Homes,Killeen_MDU_Ashton Park Apts,"1121 Old FM 440 Road, Killeen, TX, USA",Property_Street_Number__c,,1121
006WR00000wkClWYAU,Ashton Park Apartment Homes,Killeen_MDU_Ashton Park Apts,"1121 Old FM 440 Road, Killeen, TX, USA",Property_Street__c,,Old FM 440 Road
006WR00000wkClWYAU,Ashton Park Apartment Homes,Killeen_MDU_Ashton Park Apts,"1121 Old FM 440 Road, Killeen, TX, USA",Property_County__c,,Bell
006WR00000wkClXYAU,Stafford Place,Azle_MDU_Stafford Place,1200 SOUTHEAST PKWY UNIT 1 AZLE TX 76020,Property_Street_Number__c,,1200
006WR00000wkClXYAU,Stafford Place,Azle_MDU_Stafford Place,1200 SOUTHEAST PKWY UNIT 1 AZLE TX 76020,Property_Street__c,,SOUTHEAST PKWY
006WR00000wkClXYAU,Stafford Place,Azle_MDU_Stafford Place,1200 SOUTHEAST PKWY UNIT 1 AZLE TX 76020,Property_County__c,,Tarrant
006WR00000wkClYYAU,Collection Champions Circle,Fort Worth_MDU_Collection Champions Circle,15901 CHAMPIONSHIP PKWY UNIT 1 FORT WORTH TX 76177,Property_Street_Number__c,,15901
006WR00000wkClYYAU,Collection Champions Circle,Fort Worth_MDU_Collection Champions Circle,15901 CHAMPIONSHIP PKWY UNIT 1 FORT WORTH TX 76177,Property_Street__c,,CHAMPIONSHIP PKWY
006WR00000wkClYYAU,Collection Champions Circle,Fort Worth_MDU_Collection Champions Circle,15901 CHAMPIONSHIP PKWY UNIT 1 FORT WORTH TX 76177,Property_County__c,,Denton
006WR00000wkClZYAU,Paloma Village,Fort Worth_MDU_Paloma Village,3405 ALLIANCE TOWN CENTER BLVD UNIT 1 FORT WORTH TX 76177,Property_Street_Number__c,,3405
006WR00000wkClZYAU,Paloma Village,Fort Worth_MDU_Paloma Village,3405 ALLIANCE TOWN CENTER BLVD UNIT 1 FORT WORTH TX 76177,Property_Street__c,,ALLIANCE TOWN CENTER BLVD
006WR00000wkClZYAU,Paloma Village,Fort Worth_MDU_Paloma Village,3405 ALLIANCE TOWN CENTER BLVD UNIT 1 FORT WORTH TX 76177,Property_County__c,,Tarrant
006WR00000wkClaYAE,Highview Apartments,Killeen_MDU_Highview Apts,"731 Wolf Street, Killeen, TX, USA",Property_Street_Number__c,,731
006WR00000wkClaYAE,Highview Apartments,Killeen_MDU_Highview Apts,"731 Wolf Street, Killeen, TX, USA",Property_Street__c,,Wolf Street
006WR00000wkClaYAE,Highview Apartments,Killeen_MDU_Highview Apts,"731 Wolf Street, Killeen, TX, USA",Property_County__c,,Bell
006WR00000wkClbYAE,Solea Keller,Fort Worth_MDU_Solea Keller,11508 ALTA VISTA RD UNIT 1 FORT WORTH TX 76244,Property_Street_Number__c,,11508
006WR00000wkClbYAE,Solea Keller,Fort Worth_MDU_Solea Keller,11508 ALTA VISTA RD UNIT 1 FORT WORTH TX 76244,Property_Street__c,,ALTA VISTA RD
006WR00000wkClbYAE,Solea Keller,Fort Worth_MDU_Solea Keller,11508 ALTA VISTA RD UNIT 1 FORT WORTH TX 76244,Property_County__c,,Tarrant
006WR00000wkClcYAE,The Palo Townhomes,Fort Worth_MDU_The Palo Townhomes,15456 DOUBLE EAGLE BLVD UNIT 1 FORT WORTH TX 76177,Property_Street_Number__c,,15456
006WR00000wkClcYAE,The Palo Townhomes,Fort Worth_MDU_The Palo Townhomes,15456 DOUBLE EAGLE BLVD UNIT 1 FORT WORTH TX 76177,Property_Street__c,,DOUBLE EAGLE BLVD
006WR00000wkClcYAE,The Palo Townhomes,Fort Worth_MDU_The Palo Townhomes,15456 DOUBLE EAGLE BLVD UNIT 1 FORT WORTH TX 76177,Property_County__c,,Denton
006WR00000wkCldYAE,Keystone Apartments,,"2502 Bacon Ranch Road, Killeen, TX, USA",Property_Street_Number__c,,2502
006WR00000wkCldYAE,Keystone Apartments,,"2502 Bacon Ranch Road, Killeen, TX, USA",Property_Street__c,,Bacon Ranch Road
006WR00000wkCleYAE,Tucker Apts AKA Brickstone Villas,Killeen_MDU_Tucker Apts,2802 TUCKER DR UNIT 301 KILLEEN TX 76543,Property_Street_Number__c,,2802
006WR00000wkCleYAE,Tucker Apts AKA Brickstone Villas,Killeen_MDU_Tucker Apts,2802 TUCKER DR UNIT 301 KILLEEN TX 76543,Property_Street__c,,TUCKER DR
006WR00000wkCleYAE,Tucker Apts AKA Brickstone Villas,Killeen_MDU_Tucker Apts,2802 TUCKER DR UNIT 301 KILLEEN TX 76543,Property_County__c,,Bell
006WR00000wkClfYAE,Album Keller Ranch,Keller_MDU_Album Keller Ranch,5640 KELLER RANCH RD UNIT 2 FORT WORTH TX 76244,Property_Street_Number__c,,5640
006WR00000wkClfYAE,Album Keller Ranch,Keller_MDU_Album Keller Ranch,5640 KELLER RANCH RD UNIT 2 FORT WORTH TX 76244,Property_Street__c,,KELLER RANCH RD
006WR00000wkClfYAE,Album Keller Ranch,Keller_MDU_Album Keller Ranch,5640 KELLER RANCH RD UNIT 2 FORT WORTH TX 76244,Property_County__c,,Tarrant
006WR00000wkClgYAE,Country Place,Killeen_MDU_Country Place Apt,3316 E RANCIER AVE UNIT 1 KILLEEN TX 76543,Property_Street_Number__c,,3316
006WR00000wkClgYAE,Country Place,Killeen_MDU_Country Place Apt,3316 E RANCIER AVE UNIT 1 KILLEEN TX 76543,Property_Street__c,,E RANCIER AVE
006WR00000wkClgYAE,Country Place,Killeen_MDU_Country Place Apt,3316 E RANCIER AVE UNIT 1 KILLEEN TX 76543,Property_County__c,,Bell
006WR00000wkClhYAE,Hutto Station Apartments,HUTTO_MDU_Hutto Station Apartments,551 EXCHANGE BLVD UNIT 1 HUTTO TX 78634,Property_Street_Number__c,,551
006WR00000wkClhYAE,Hutto Station Apartments,HUTTO_MDU_Hutto Station Apartments,551 EXCHANGE BLVD UNIT 1 HUTTO TX 78634,Property_Street__c,,EXCHANGE BLVD
006WR00000wkClhYAE,Hutto Station Apartments,HUTTO_MDU_Hutto Station Apartments,551 EXCHANGE BLVD UNIT 1 HUTTO TX 78634,Property_County__c,,Williamson
006WR00000wkCliYAE,Watermere at the Preserve,North Richland Hills_MDU_Watermere at the Preserve,8625 DAVIS BLVD UNIT 1 NORTH RICHLAND HILLS TX 76182,Property_Street_Number__c,,8625
006WR00000wkCliYAE,Watermere at the Preserve,North Richland Hills_MDU_Watermere at the Preserve,8625 DAVIS BLVD UNIT 1 NORTH RICHLAND HILLS TX 76182,Property_Street__c,,DAVIS BLVD
006WR00000wkCliYAE,Watermere at the Preserve,North Richland Hills_MDU_Watermere at the Preserve,8625 DAVIS BLVD UNIT 1 NORTH RICHLAND HILLS TX 76182,Property_County__c,,Tarrant
006WR00000wkCljYAE,Eagle's Point Apartments,Fort Worth_MDU_Eagle's Point Apartments,"8301 Boat Club Rd, Fort Worth, TX 76179",Property_Street_Number__c,,8301
006WR00000wkCljYAE,Eagle's Point Apartments,Fort Worth_MDU_Eagle's Point Apartments,"8301 Boat Club Rd, Fort Worth, TX 76179",Property_Street__c,,Boat Club Rd
006WR00000wkCljYAE,Eagle's Point Apartments,Fort Worth_MDU_Eagle's Point Apartments,"8301 Boat Club Rd, Fort Worth, TX 76179",Property_County__c,,Tarrant
006WR00000wkClkYAE,Las Brisas,Solana Beach_MDU_Las Brisas,"135 South Sierra Avenue, Solana Beach, CA, USA",Property_Street_Number__c,,135
006WR00000wkClkYAE,Las Brisas,Solana Beach_MDU_Las Brisas,"135 South Sierra Avenue, Solana Beach, CA, USA",Property_Street__c,,South Sierra Avenue
006WR00000wkCllYAE,Del Mar Shores Terrace,Solana Beach_MDU_Del Mar Shores Terrace,"190 Del Mar Shores Terrace, Solana Beach, CA, USA",Property_Street_Number__c,,190
006WR00000wkCllYAE,Del Mar Shores Terrace,Solana Beach_MDU_Del Mar Shores Terrace,"190 Del Mar Shores Terrace, Solana Beach, CA, USA",Property_Street__c,,Del Mar Shores Terrace
006WR00000wkClmYAE,The Grandon,Killeen_MDU_The Grandon,"1611 Grandon Drive, Killeen, TX, USA",Property_Street_Number__c,,1611
006WR00000wkClmYAE,The Grandon,Killeen_MDU_The Grandon,"1611 Grandon Drive, Killeen, TX, USA",Property_Street__c,,Grandon Drive
006WR00000wkClmYAE,The Grandon,Killeen_MDU_The Grandon,"1611 Grandon Drive, Killeen, TX, USA",Property_County__c,,Bell
006WR00000wkClnYAE,Resia Hutto Square,Hutto_MDU_Resia Hutto Square,550 EXCHANGE BLVD UNIT 1 HUTTO TX 78634,Property_Street_Number__c,,550
006WR00000wkClnYAE,Resia Hutto Square,Hutto_MDU_Resia Hutto Square,550 EXCHANGE BLVD UNIT 1 HUTTO TX 78634,Property_Street__c,,EXCHANGE BLVD
006WR00000wkClnYAE,Resia Hutto Square,Hutto_MDU_Resia Hutto Square,550 EXCHANGE BLVD UNIT 1 HUTTO TX 78634,Property_County__c,,Williamson
006WR00000wkCloYAE,Elan at Keller Ranch,Keller_MDU_Elan at Keller Ranch,"5701 Bovine Dr, Fort Worth, TX 76244",Property_Street_Number__c,,5701
006WR00000wkCloYAE,Elan at Keller Ranch,Keller_MDU_Elan at Keller Ranch,"5701 Bovine Dr, Fort Worth, TX 76244",Property_Street__c,,Bovine Dr
006WR00000wkCloYAE,Elan at Keller Ranch,Keller_MDU_Elan at Keller Ranch,"5701 Bovine Dr, Fort Worth, TX 76244",Property_County__c,,Tarrant
006WR00000wkClpYAE,Copper Mountain,,"2501 Bacon Ranch Rd, Killeen, TX, USA",Property_Street_Number__c,,2501
006WR00000wkClpYAE,Copper Mountain,,"2501 Bacon Ranch Rd, Killeen, TX, USA",Property_Street__c,,Bacon Ranch Rd
006WR00000wkClqYAE,The Lyric at Keller Center Stage,Keller_MDU_The Lyric at Keller Center Stage,1400 N MAIN ST UNIT 1 KELLER TX 76248,Property_Street_Number__c,,1400
006WR00000wkClqYAE,The Lyric at Keller Center Stage,Keller_MDU_The Lyric at Keller Center Stage,1400 N MAIN ST UNIT 1 KELLER TX 76248,Property_Street__c,,N MAIN ST
006WR00000wkClqYAE,The Lyric at Keller Center Stage,Keller_MDU_The Lyric at Keller Center Stage,1400 N MAIN ST UNIT 1 KELLER TX 76248,Property_County__c,,Tarrant
006WR00000wkClrYAE,Enclave at Killeen,Killeen_MDU_Enclave at Killeen,"1105 North 18th Street, Killeen, TX, USA",Property_Street_Number__c,,1105
006WR00000wkClrYAE,Enclave at Killeen,Killeen_MDU_Enclave at Killeen,"1105 North 18th Street, Killeen, TX, USA",Property_Street__c,,North 18th Street
006WR00000wkClrYAE,Enclave at Killeen,Killeen_MDU_Enclave at Killeen,"1105 North 18th Street, Killeen, TX, USA",Property_County__c,,Bell
006WR00000wkClsYAE,The Kimberly,,"5920 Vermillion Drive, Fort Worth, TX, USA",Property_Street_Number__c,,5920
006WR00000wkClsYAE,The Kimberly,,"5920 Vermillion Drive, Fort Worth, TX, USA",Property_Street__c,,Vermillion Drive
006WR00000wkCltYAE,Twin creek,Killeen_MDU_Twin Creek,"401 South Twin Creek Drive, Killeen, TX, USA",Property_Street_Number__c,,401
006WR00000wkCltYAE,Twin creek,Killeen_MDU_Twin Creek,"401 South Twin Creek Drive, Killeen, TX, USA",Property_Street__c,,South Twin Creek Drive
006WR00000wkCltYAE,Twin creek,Killeen_MDU_Twin Creek,"401 South Twin Creek Drive, Killeen, TX, USA",Property_County__c,,Bell
006WR00000wkCluYAE,SkyView AKA Hoodview Apartments,Killeen_MDU_SkyView,"1320 Wales Drive, Killeen, TX, USA",Property_Street_Number__c,,1320
006WR00000wkCluYAE,SkyView AKA Hoodview Apartments,Killeen_MDU_SkyView,"1320 Wales Drive, Killeen, TX, USA",Property_Street__c,,Wales Drive
006WR00000wkClvYAE,Westminster,,"4100 Jackson Avenue, Austin, TX, USA",Property_Street_Number__c,,4100
006WR00000wkClvYAE,Westminster,,"4100 Jackson Avenue, Austin, TX, USA",Property_Street__c,,Jackson Avenue
006WR00000wkClwYAE,Wind Chase Apartments,Killeen_MDU_Wind Chase Apts,"2205 Botanical Drive, Killeen, TX, USA",Property_Street_Number__c,,2205
006WR00000wkClwYAE,Wind Chase Apartments,Killeen_MDU_Wind Chase Apts,"2205 Botanical Drive, Killeen, TX, USA",Property_Street__c,,Botanical Drive
006WR00000wkClxYAE,NorthStar Georgetown,Georgetown_MDU_NorthStar Georgetown,"2401 Westinghouse Road, Georgetown, TX, USA",Property_Street_Number__c,,2401
006WR00000wkClxYAE,NorthStar Georgetown,Georgetown_MDU_NorthStar Georgetown,"2401 Westinghouse Road, Georgetown, TX, USA",Property_Street__c,,Westinghouse Road
006WR00000wkClxYAE,NorthStar Georgetown,Georgetown_MDU_NorthStar Georgetown,"2401 Westinghouse Road, Georgetown, TX, USA",Property_County__c,,Williamson
006WR00000wkClyYAE,The Wesleyan,Georgetown_MDU_The_Wesleyan_Independant_Living,"139 Estrella Crossing, Georgetown, TX, USA",Property_Street_Number__c,,139
006WR00000wkClyYAE,The Wesleyan,Georgetown_MDU_The_Wesleyan_Independant_Living,"139 Estrella Crossing, Georgetown, TX, USA",Property_Street__c,,Estrella Crossing
006WR00000wkClzYAE,Woodland Pines,Omaha_MDU_Woodland Pines,10052 WIRT PLZ OMAHA NE 68134,Property_Street_Number__c,,10052
006WR00000wkClzYAE,Woodland Pines,Omaha_MDU_Woodland Pines,10052 WIRT PLZ OMAHA NE 68134,Property_Street__c,,WIRT PLZ
006WR00000wkClzYAE,Woodland Pines,Omaha_MDU_Woodland Pines,10052 WIRT PLZ OMAHA NE 68134,Property_County__c,,Douglas
006WR00000wkCm0YAE,Westhouse Apartment Flats,Fort Worth_MDU_Westhouse Apartment Flats,"11325 Park Vista Blvd, Fort Worth, TX 76244",Property_Street_Number__c,,11325
006WR00000wkCm0YAE,Westhouse Apartment Flats,Fort Worth_MDU_Westhouse Apartment Flats,"11325 Park Vista Blvd, Fort Worth, TX 76244",Property_Street__c,,Park Vista Blvd
006WR00000wkCm0YAE,Westhouse Apartment Flats,Fort Worth_MDU_Westhouse Apartment Flats,"11325 Park Vista Blvd, Fort Worth, TX 76244",Property_County__c,,Tarrant
006WR00000wkCm1YAE,Kessler Apartments,Fort Worth_MDU_Kessler Apartments,"3301 Hartnett Way, Fort Worth, TX 76137",Property_Street_Number__c,,3301
006WR00000wkCm1YAE,Kessler Apartments,Fort Worth_MDU_Kessler Apartments,"3301 Hartnett Way, Fort Worth, TX 76137",Property_Street__c,,Hartnett Way
006WR00000wkCm1YAE,Kessler Apartments,Fort Worth_MDU_Kessler Apartments,"3301 Hartnett Way, Fort Worth, TX 76137",Property_County__c,,Tarrant
006WR00000wkCm2YAE,Legacy Oaks of Azle,Azle_MDU_Legacy Oaks of Azle,"1364 Southeast Pkwy, Azle, TX 76020",Property_Street_Number__c,,1364
006WR00000wkCm2YAE,Legacy Oaks of Azle,Azle_MDU_Legacy Oaks of Azle,"1364 Southeast Pkwy, Azle, TX 76020",Property_Street__c,,Southeast Pkwy
006WR00000wkCm2YAE,Legacy Oaks of Azle,Azle_MDU_Legacy Oaks of Azle,"1364 Southeast Pkwy, Azle, TX 76020",Property_County__c,,Tarrant
006WR00000wkCm3YAE,Vida Apartments,Georgetown_MDU_Vida Apartments,"2900 Northeast Inner Loop, Georgetown, TX, USA",Property_Street_Number__c,,2900
006WR00000wkCm3YAE,Vida Apartments,Georgetown_MDU_Vida Apartments,"2900 Northeast Inner Loop, Georgetown, TX, USA",Property_Street__c,,Northeast Inner Loop
006WR00000wkCm3YAE,Vida Apartments,Georgetown_MDU_Vida Apartments,"2900 Northeast Inner Loop, Georgetown, TX, USA",Property_County__c,,Williamson
006WR00000wkCm4YAE,Artisan Village Apartments,Fort Worth_MDU_Artisan Village,"8032 Monterra Blvd, Fort Worth, TX, USA",Property_Street_Number__c,,8032
006WR00000wkCm4YAE,Artisan Village Apartments,Fort Worth_MDU_Artisan Village,"8032 Monterra Blvd, Fort Worth, TX, USA",Property_Street__c,,Monterra Blvd
006WR00000wkCm4YAE,Artisan Village Apartments,Fort Worth_MDU_Artisan Village,"8032 Monterra Blvd, Fort Worth, TX, USA",Property_County__c,,Tarrant
006WR00000wkCm5YAE,Enclave on Golden Triangle Apartments,Fort Worth_MDU_Enclave on Golden Triangle Apartments,"5001 Golden Triangle Boulevard, Fort Worth, TX, USA",Property_Street_Number__c,,5001
006WR00000wkCm5YAE,Enclave on Golden Triangle Apartments,Fort Worth_MDU_Enclave on Golden Triangle Apartments,"5001 Golden Triangle Boulevard, Fort Worth, TX, USA",Property_Street__c,,Golden Triangle Boulevard
006WR00000wkCm5YAE,Enclave on Golden Triangle Apartments,Fort Worth_MDU_Enclave on Golden Triangle Apartments,"5001 Golden Triangle Boulevard, Fort Worth, TX, USA",Property_County__c,,Tarrant
006WR00000wkCm6YAE,Aztec Springs Apartments,,"164 N 74th St, Mesa, AZ 85207, USA",Property_Street_Number__c,,164
006WR00000wkCm6YAE,Aztec Springs Apartments,,"164 N 74th St, Mesa, AZ 85207, USA",Property_Street__c,,N 74th St
006WR00000wkCm7YAE,Century Oaks,Killeen_MDU_Century Oaks,"2305 Botanical Drive, Killeen, TX, USA",Property_Street_Number__c,,2305
006WR00000wkCm7YAE,Century Oaks,Killeen_MDU_Century Oaks,"2305 Botanical Drive, Killeen, TX, USA",Property_Street__c,,Botanical Drive
006WR00000wkCm7YAE,Century Oaks,Killeen_MDU_Century Oaks,"2305 Botanical Drive, Killeen, TX, USA",Property_County__c,,Bell
006WR00000wkCm8YAE,Harris Apartments,Killeen_MDU_Harris Apartments,1302 HARRIS AVE UNIT 90 KILLEEN TX 76541,Property_Street_Number__c,,1302
006WR00000wkCm8YAE,Harris Apartments,Killeen_MDU_Harris Apartments,1302 HARRIS AVE UNIT 90 KILLEEN TX 76541,Property_Street__c,,HARRIS AVE
006WR00000wkCm8YAE,Harris Apartments,Killeen_MDU_Harris Apartments,1302 HARRIS AVE UNIT 90 KILLEEN TX 76541,Property_County__c,,Bell
006WR00000wkCm9YAE,Indian Trail Estates MHP,HARKER HEIGHTS_MDU_Indian Trail Estates MH,"1110 Indian Trail unit 1, Harker Heights, TX 76548, USA",Property_Street_Number__c,,1110
006WR00000wkCm9YAE,Indian Trail Estates MHP,HARKER HEIGHTS_MDU_Indian Trail Estates MH,"1110 Indian Trail unit 1, Harker Heights, TX 76548, USA",Property_Street__c,,Indian Trail
006WR00000wkCm9YAE,Indian Trail Estates MHP,HARKER HEIGHTS_MDU_Indian Trail Estates MH,"1110 Indian Trail unit 1, Harker Heights, TX 76548, USA",Property_County__c,,Bell
006WR00000wkCmAYAU,Elmwood Tower - EXISTING BULK,OMAHA_MDU_Elmwood_Tower,801 S 52ND ST OMAHA NE 68106,Property_Street_Number__c,,801
006WR00000wkCmAYAU,Elmwood Tower - EXISTING BULK,OMAHA_MDU_Elmwood_Tower,801 S 52ND ST OMAHA NE 68106,Property_Street__c,,S 52ND ST
006WR00000wkCmAYAU,Elmwood Tower - EXISTING BULK,OMAHA_MDU_Elmwood_Tower,801 S 52ND ST OMAHA NE 68106,Property_County__c,,Douglas
006WR00000wkCmBYAU,Flats on Foothills,,"519 North Foothills Drive East, Spokane, WA, USA",Property_Street_Number__c,,519
006WR00000wkCmBYAU,Flats on Foothills,,"519 North Foothills Drive East, Spokane, WA, USA",Property_Street__c,,North Foothills Drive East
006WR00000wkCmCYAU,502 North,,"502 West Longspur Boulevard, Austin, TX, USA",Property_Street_Number__c,,502
006WR00000wkCmCYAU,502 North,,"502 West Longspur Boulevard, Austin, TX, USA",Property_Street__c,,West Longspur Boulevard
006WR00000wkCmDYAU,Highland Estates,,"1500 North Lakeline Boulevard, Cedar Park, TX, USA",Property_Street_Number__c,,1500
006WR00000wkCmDYAU,Highland Estates,,"1500 North Lakeline Boulevard, Cedar Park, TX, USA",Property_Street__c,,North Lakeline Boulevard
006WR00000wkCmEYAU,Avalon Vista X,,"701 Breeze Hill Rd  Vista CA,  92081",Property_Street_Number__c,,701
006WR00000wkCmEYAU,Avalon Vista X,,"701 Breeze Hill Rd  Vista CA,  92081",Property_Street__c,,Breeze Hill Rd  Vista CA
006WR00000wkCmFYAU,Bristol Heights,,"12041 Dessau Road, Austin, TX, USA",Property_Street_Number__c,,12041
006WR00000wkCmFYAU,Bristol Heights,,"12041 Dessau Road, Austin, TX, USA",Property_Street__c,,Dessau Road
006WR00000wkCmGYAU,Craft at Gilbert and Baseline,,"1930 South 24th Street, Mesa, AZ, USA",Property_Street_Number__c,,1930
006WR00000wkCmGYAU,Craft at Gilbert and Baseline,,"1930 South 24th Street, Mesa, AZ, USA",Property_Street__c,,South 24th Street
006WR00000wkCmHYAU,Trophy Ridge Apartments,Decatur_MDU_Trophy Ridge Apartments,"1200 South Deer Park Road, Decatur, TX, USA",Property_Street_Number__c,,1200
006WR00000wkCmHYAU,Trophy Ridge Apartments,Decatur_MDU_Trophy Ridge Apartments,"1200 South Deer Park Road, Decatur, TX, USA",Property_Street__c,,South Deer Park Road
006WR00000wkCmHYAU,Trophy Ridge Apartments,Decatur_MDU_Trophy Ridge Apartments,"1200 South Deer Park Road, Decatur, TX, USA",Property_County__c,,Wise
006WR00000wkCmIYAU,Camden Old Creek,San Marcos_MDU_Camden Old Creek,"1953 Northstar Way, San Marcos, CA, USA",Property_Street_Number__c,,1953
006WR00000wkCmIYAU,Camden Old Creek,San Marcos_MDU_Camden Old Creek,"1953 Northstar Way, San Marcos, CA, USA",Property_Street__c,,Northstar Way
006WR00000wkCmJYAU,Park Encinitas,ENCINITAS_MDU_Park_Encinitas,"444 North El Camino Real, Encinitas, CA, USA",Property_Street_Number__c,,444
006WR00000wkCmJYAU,Park Encinitas,ENCINITAS_MDU_Park_Encinitas,"444 North El Camino Real, Encinitas, CA, USA",Property_Street__c,,North El Camino Real
006WR00000wkCmKYAU,Brickstone Villas,,"2812 Lake Rd, Killeen, TX, USA",Property_Street_Number__c,,2812
006WR00000wkCmKYAU,Brickstone Villas,,"2812 Lake Rd, Killeen, TX, USA",Property_Street__c,,Lake Rd
006WR00000wkCmLYAU,The Hillcrest,,"189 1st Ave, Salt Lake City, UT, USA",Property_Street_Number__c,,189
006WR00000wkCmLYAU,The Hillcrest,,"189 1st Ave, Salt Lake City, UT, USA",Property_Street__c,,1st Ave
006WR00000wkCmMYAU,Allora North Georgetown,Georgetown_MDU_Allora North Georgetown,"3001 Northeast Inner Loop, Georgetown, TX, USA",Property_Street_Number__c,,3001
006WR00000wkCmMYAU,Allora North Georgetown,Georgetown_MDU_Allora North Georgetown,"3001 Northeast Inner Loop, Georgetown, TX, USA",Property_Street__c,,Northeast Inner Loop
006WR00000wkCmMYAU,Allora North Georgetown,Georgetown_MDU_Allora North Georgetown,"3001 Northeast Inner Loop, Georgetown, TX, USA",Property_County__c,,Williamson
006WR00000wkCmNYAU,Alta Austin Avenue (AKA Austin Avenue),Georgetown_MDU_Alta Austin Avenue,"2601 North Austin Avenue, Georgetown, TX, USA",Property_Street_Number__c,,2601
006WR00000wkCmNYAU,Alta Austin Avenue (AKA Austin Avenue),Georgetown_MDU_Alta Austin Avenue,"2601 North Austin Avenue, Georgetown, TX, USA",Property_Street__c,,North Austin Avenue
006WR00000wkCmNYAU,Alta Austin Avenue (AKA Austin Avenue),Georgetown_MDU_Alta Austin Avenue,"2601 North Austin Avenue, Georgetown, TX, USA",Property_County__c,,Williamson
006WR00000wkDLrYAM,Parallax @ Georgetown,,"2000 FM1460, Georgetown, TX, USA",Property_Street_Number__c,,2000
006WR00000wkDLrYAM,Parallax @ Georgetown,,"2000 FM1460, Georgetown, TX, USA",Property_Street__c,,FM1460
006WR00000wkDLsYAM,Williamson At The Overlook,Georgetown_MDU_Williamson At The Overlook,"1 Gabriels Bluff Drive, Georgetown, TX, USA",Property_Street_Number__c,,1
006WR00000wkDLsYAM,Williamson At The Overlook,Georgetown_MDU_Williamson At The Overlook,"1 Gabriels Bluff Drive, Georgetown, TX, USA",Property_Street__c,,Gabriels Bluff Drive
006WR00000wkDLsYAM,Williamson At The Overlook,Georgetown_MDU_Williamson At The Overlook,"1 Gabriels Bluff Drive, Georgetown, TX, USA",Property_County__c,,Williamson
006WR00000wkDLtYAM,Olympus Town Center,Keller_MDU_Olympus Town Center,"1300 Keller Parkway, Keller, TX, USA",Property_Street_Number__c,,1300
006WR00000wkDLtYAM,Olympus Town Center,Keller_MDU_Olympus Town Center,"1300 Keller Parkway, Keller, TX, USA",Property_Street__c,,Keller Parkway
006WR00000wkDLtYAM,Olympus Town Center,Keller_MDU_Olympus Town Center,"1300 Keller Parkway, Keller, TX, USA",Property_County__c,,Tarrant
006WR00000wkDLuYAM,Two Rivers Apartments,,"105 North Austin Avenue, Georgetown, TX, USA",Property_Street_Number__c,,105
006WR00000wkDLuYAM,Two Rivers Apartments,,"105 North Austin Avenue, Georgetown, TX, USA",Property_Street__c,,North Austin Avenue
006WR00000wkDLvYAM,Rise at Dobson Ranch,Mesa_MDU_Rise at Dobson Ranch,"1325 W Guadalupe Rd, Mesa, AZ 85202, USA",Property_Street_Number__c,,1325
006WR00000wkDLvYAM,Rise at Dobson Ranch,Mesa_MDU_Rise at Dobson Ranch,"1325 W Guadalupe Rd, Mesa, AZ 85202, USA",Property_Street__c,,W Guadalupe Rd
006WR00000wkDLwYAM,Waterford Place Apartments,Mesa_MDU_Waterford Place Apts,"1055 W Baseline Rd, Mesa, AZ 85210, USA",Property_Street_Number__c,,1055
006WR00000wkDLwYAM,Waterford Place Apartments,Mesa_MDU_Waterford Place Apts,"1055 W Baseline Rd, Mesa, AZ 85210, USA",Property_Street__c,,W Baseline Rd
006WR00000wkDLxYAM,Lemon & Pear Tree Apartments,Mesa_MDU_Lemon & Pear Tree Apartments,"1850 S Alma School Rd, Mesa, AZ 85210, USA",Property_Street_Number__c,,1850
006WR00000wkDLxYAM,Lemon & Pear Tree Apartments,Mesa_MDU_Lemon & Pear Tree Apartments,"1850 S Alma School Rd, Mesa, AZ 85210, USA",Property_Street__c,,S Alma School Rd
006WR00000wkDLyYAM,Verona Park Apts,Mesa_MDU_Verona Park Apts,"1666 South Extension Road, Mesa, AZ 85210, USA",Property_Street_Number__c,,1666
006WR00000wkDLyYAM,Verona Park Apts,Mesa_MDU_Verona Park Apts,"1666 South Extension Road, Mesa, AZ 85210, USA",Property_Street__c,,South Extension Road
006WR00000wkDLzYAM,The Joshua Apts,Mesa_MDU_The Joshua Apts,"1711 South Extension Road, Mesa, AZ 85210, USA",Property_Street_Number__c,,1711
006WR00000wkDLzYAM,The Joshua Apts,Mesa_MDU_The Joshua Apts,"1711 South Extension Road, Mesa, AZ 85210, USA",Property_Street__c,,South Extension Road
006WR00000wkDM0YAM,Vista Valley Apartments,Mesa_MDU_Vista Valley Apartments,922 S LONGMORE MESA 85202,Property_Street_Number__c,,922
006WR00000wkDM0YAM,Vista Valley Apartments,Mesa_MDU_Vista Valley Apartments,922 S LONGMORE MESA 85202,Property_Street__c,,S LONGMORE
006WR00000wkDM1YAM,The District at Fiesta Park Apts,Mesa_MDU_The District at Fiesta Park Apts,"1033 South Longmore, Mesa, AZ 85202, USA",Property_Street_Number__c,,1033
006WR00000wkDM1YAM,The District at Fiesta Park Apts,Mesa_MDU_The District at Fiesta Park Apts,"1033 South Longmore, Mesa, AZ 85202, USA",Property_Street__c,,South Longmore
006WR00000wkDM2YAM,The Forum Apartments FKA Archstone Apartments,Killeen_MDU_Archstone Apartments,"600 W Hallmark Ave, Killeen, TX, USA",Property_Street_Number__c,,600
006WR00000wkDM2YAM,The Forum Apartments FKA Archstone Apartments,Killeen_MDU_Archstone Apartments,"600 W Hallmark Ave, Killeen, TX, USA",Property_Street__c,,W Hallmark Ave
006WR00000wkDM2YAM,The Forum Apartments FKA Archstone Apartments,Killeen_MDU_Archstone Apartments,"600 W Hallmark Ave, Killeen, TX, USA",Property_County__c,,Bell
006WR00000wkDM3YAM,Luxe at Ocotillo,Chandler_MDU_Luxe @ Ocotillo,"825 W Queen Creek Rd, Chandler, AZ, USA",Property_Street_Number__c,,825
006WR00000wkDM3YAM,Luxe at Ocotillo,Chandler_MDU_Luxe @ Ocotillo,"825 W Queen Creek Rd, Chandler, AZ, USA",Property_Street__c,,W Queen Creek Rd
006WR00000wkDM4YAM,Ocotillo Bay,Chandler_MDU_Ocotillo Bay,"1889 W Queen Creek Rd, Chandler, AZ, USA",Property_Street_Number__c,,1889
006WR00000wkDM4YAM,Ocotillo Bay,Chandler_MDU_Ocotillo Bay,"1889 W Queen Creek Rd, Chandler, AZ, USA",Property_Street__c,,W Queen Creek Rd
006WR00000wkDM5YAM,Tierra Antigua Apartments,,"339 N 75th St, Mesa, AZ 85207, USA",Property_Street_Number__c,,339
006WR00000wkDM5YAM,Tierra Antigua Apartments,,"339 N 75th St, Mesa, AZ 85207, USA",Property_Street__c,,N 75th St
006WR00000wkDM6YAM,Sandstone Foothills Apartments,Mineral Wells_MDU_Sandstone Foothills Apartments,"402 Brazos Drive, Mineral Wells, TX, USA",Property_Street_Number__c,,402
006WR00000wkDM6YAM,Sandstone Foothills Apartments,Mineral Wells_MDU_Sandstone Foothills Apartments,"402 Brazos Drive, Mineral Wells, TX, USA",Property_Street__c,,Brazos Drive
006WR00000wkDM6YAM,Sandstone Foothills Apartments,Mineral Wells_MDU_Sandstone Foothills Apartments,"402 Brazos Drive, Mineral Wells, TX, USA",Property_County__c,,Palo Pinto
006WR00000wkDM7YAM,Garden Gate Apartments,Fort Worth_MDU_Garden Gate Apartments,"6901 North Beach Street, Fort Worth, TX, USA",Property_Street_Number__c,,6901
006WR00000wkDM7YAM,Garden Gate Apartments,Fort Worth_MDU_Garden Gate Apartments,"6901 North Beach Street, Fort Worth, TX, USA",Property_Street__c,,North Beach Street
006WR00000wkDM7YAM,Garden Gate Apartments,Fort Worth_MDU_Garden Gate Apartments,"6901 North Beach Street, Fort Worth, TX, USA",Property_County__c,,Tarrant
006WR00000wkDM8YAM,Stone Creek Apartments,Killeen_MDU_Sone Creek Apartments,"2700 Trimmier Road, Killeen, TX, USA",Property_Street_Number__c,,2700
006WR00000wkDM8YAM,Stone Creek Apartments,Killeen_MDU_Sone Creek Apartments,"2700 Trimmier Road, Killeen, TX, USA",Property_Street__c,,Trimmier Road
006WR00000wkDM8YAM,Stone Creek Apartments,Killeen_MDU_Sone Creek Apartments,"2700 Trimmier Road, Killeen, TX, USA",Property_County__c,,Bell
006WR00000wkDM9YAM,Olympus Stone Glen,Keller_MDU_Olympus Stone Glen,"300 Bourland Rd, Keller, TX 76248",Property_Street_Number__c,,300
006WR00000wkDM9YAM,Olympus Stone Glen,Keller_MDU_Olympus Stone Glen,"300 Bourland Rd, Keller, TX 76248",Property_Street__c,,Bourland Rd
006WR00000wkDM9YAM,Olympus Stone Glen,Keller_MDU_Olympus Stone Glen,"300 Bourland Rd, Keller, TX 76248",Property_County__c,,Tarrant
006WR00000wkDMAYA2,The Peaks Townhomes,Mineral Wells_MDU_The Peaks Townhomes,"1515 Southeast 16th Street, Mineral Wells, TX, USA",Property_Street_Number__c,,1515
006WR00000wkDMAYA2,The Peaks Townhomes,Mineral Wells_MDU_The Peaks Townhomes,"1515 Southeast 16th Street, Mineral Wells, TX, USA",Property_Street__c,,Southeast 16th Street
006WR00000wkDMAYA2,The Peaks Townhomes,Mineral Wells_MDU_The Peaks Townhomes,"1515 Southeast 16th Street, Mineral Wells, TX, USA",Property_County__c,,Palo Pinto
006WR00000wkDMBYA2,Rivery Park,,"1400 Rivery Driveway, Georgetown, TX, USA",Property_Street_Number__c,,1400
006WR00000wkDMBYA2,Rivery Park,,"1400 Rivery Driveway, Georgetown, TX, USA",Property_Street__c,,Rivery Driveway
006WR00000wkDMCYA2,Rise at the District,Mesa_MDU_Rise at the District,"1031 South Stewart, Mesa, AZ 85202, USA",Property_Street_Number__c,,1031
006WR00000wkDMCYA2,Rise at the District,Mesa_MDU_Rise at the District,"1031 South Stewart, Mesa, AZ 85202, USA",Property_Street__c,,South
006WR00000wkDMDYA2,Charter Oaks,Omaha_MDU_Charter Oaks Apartments,8919 BURT ST UNIT 1 OMAHA NE 68114,Property_Street_Number__c,,8919
006WR00000wkDMDYA2,Charter Oaks,Omaha_MDU_Charter Oaks Apartments,8919 BURT ST UNIT 1 OMAHA NE 68114,Property_Street__c,,BURT ST
006WR00000wkDMDYA2,Charter Oaks,Omaha_MDU_Charter Oaks Apartments,8919 BURT ST UNIT 1 OMAHA NE 68114,Property_County__c,,Douglas
006WR00000wkDMEYA2,Corby Street Apartments,Omaha_MDU_Corby Street Apartments,"7301 Corby St, Omaha, NE 68134",Property_Street_Number__c,,7301
006WR00000wkDMEYA2,Corby Street Apartments,Omaha_MDU_Corby Street Apartments,"7301 Corby St, Omaha, NE 68134",Property_Street__c,,Corby St
006WR00000wkDMEYA2,Corby Street Apartments,Omaha_MDU_Corby Street Apartments,"7301 Corby St, Omaha, NE 68134",Property_County__c,,Douglas
006WR00000wkDMFYA2,Grand Oaks at Liberty Hill,,"100 grand oaks circle, liberty hill, TX",Property_Street_Number__c,,100
006WR00000wkDMFYA2,Grand Oaks at Liberty Hill,,"100 grand oaks circle, liberty hill, TX",Property_Street__c,,grand oaks circle
006WR00000wkDMGYA2,North Park Landing Apartments,Fort Worth_MDU_North Park Landing Apartments,"9001 N Beach St, Fort Worth, TX 76244",Property_Street_Number__c,,9001
006WR00000wkDMGYA2,North Park Landing Apartments,Fort Worth_MDU_North Park Landing Apartments,"9001 N Beach St, Fort Worth, TX 76244",Property_Street__c,,N Beach St
006WR00000wkDMGYA2,North Park Landing Apartments,Fort Worth_MDU_North Park Landing Apartments,"9001 N Beach St, Fort Worth, TX 76244",Property_County__c,,Tarrant
006WR00000wkDMHYA2,Mesa_MDU_Del Corona Apts Del Coronado,Mesa_MDU_Del Corona Apts,"843 South Longmore, Mesa, AZ, USA",Property_Street_Number__c,,843
006WR00000wkDMHYA2,Mesa_MDU_Del Corona Apts Del Coronado,Mesa_MDU_Del Corona Apts,"843 South Longmore, Mesa, AZ, USA",Property_Street__c,,South Longmore
006WR00000wkDMIYA2,Lakeridge Apartments,,"17264 Northeast 8th Street, Bellevue, WA, USA",Property_Street_Number__c,,17264
006WR00000wkDMIYA2,Lakeridge Apartments,,"17264 Northeast 8th Street, Bellevue, WA, USA",Property_Street__c,,Northeast 8th Street
006WR00000wkDMJYA2,Beacon Hill Apartments,Omaha_MDU_Beacon Hill Apartments,"9315 Maplewood Boulevard, Omaha, NE, USA",Property_Street_Number__c,,9315
006WR00000wkDMJYA2,Beacon Hill Apartments,Omaha_MDU_Beacon Hill Apartments,"9315 Maplewood Boulevard, Omaha, NE, USA",Property_Street__c,,Maplewood Boulevard
006WR00000wkDMJYA2,Beacon Hill Apartments,Omaha_MDU_Beacon Hill Apartments,"9315 Maplewood Boulevard, Omaha, NE, USA",Property_County__c,,Douglas
006WR00000wkDMKYA2,Legacy Riverside Senior Living,Fort Worth_MDU_Legacy Riverside Senior Living,"8050 North Riverside Drive, Fort Worth, TX, USA",Property_Street_Number__c,,8050
006WR00000wkDMKYA2,Legacy Riverside Senior Living,Fort Worth_MDU_Legacy Riverside Senior Living,"8050 North Riverside Drive, Fort Worth, TX, USA",Property_Street__c,,North Riverside Drive
006WR00000wkDMKYA2,Legacy Riverside Senior Living,Fort Worth_MDU_Legacy Riverside Senior Living,"8050 North Riverside Drive, Fort Worth, TX, USA",Property_County__c,,Tarrant
006WR00000wkDMLYA2,Harmon Senior Villas,Fort Worth_MDU_Harmon Senior Villas,"2401 Golden Heights Rd, Fort Worth, TX 76177",Property_Street_Number__c,,2401
006WR00000wkDMLYA2,Harmon Senior Villas,Fort Worth_MDU_Harmon Senior Villas,"2401 Golden Heights Rd, Fort Worth, TX 76177",Property_Street__c,,Golden Heights Rd
006WR00000wkDMLYA2,Harmon Senior Villas,Fort Worth_MDU_Harmon Senior Villas,"2401 Golden Heights Rd, Fort Worth, TX 76177",Property_County__c,,Tarrant
006WR00000wkDMMYA2,Vantage at Hutto,Hutto_MDU_Vantage at Hutto,1051 N FM 1660 UNIT 1 HUTTO TX 78634,Property_Street_Number__c,,1051
006WR00000wkDMMYA2,Vantage at Hutto,Hutto_MDU_Vantage at Hutto,1051 N FM 1660 UNIT 1 HUTTO TX 78634,Property_Street__c,,N FM 1660
006WR00000wkDMMYA2,Vantage at Hutto,Hutto_MDU_Vantage at Hutto,1051 N FM 1660 UNIT 1 HUTTO TX 78634,Property_County__c,,Williamson
006WR00000wkDMNYA2,Heights at 701,Harker Heights_MDU_Height_at_701_ Apartments,"701 East Central Texas Expressway, Harker Heights, TX, USA",Property_Street_Number__c,,701
006WR00000wkDMNYA2,Heights at 701,Harker Heights_MDU_Height_at_701_ Apartments,"701 East Central Texas Expressway, Harker Heights, TX, USA",Property_Street__c,,East Central Texas Expressway
006WR00000wkDMNYA2,Heights at 701,Harker Heights_MDU_Height_at_701_ Apartments,"701 East Central Texas Expressway, Harker Heights, TX, USA",Property_County__c,,Bell
006WR00000wkDMOYA2,Georgetown Place Apartments,Georgetown_MDU_Georgetown Place Apartments,805 QUAIL VALLEY DR GEORGETOWN TX 78626,Property_Street_Number__c,,805
006WR00000wkDMOYA2,Georgetown Place Apartments,Georgetown_MDU_Georgetown Place Apartments,805 QUAIL VALLEY DR GEORGETOWN TX 78626,Property_Street__c,,QUAIL VALLEY DR
006WR00000wkDMOYA2,Georgetown Place Apartments,Georgetown_MDU_Georgetown Place Apartments,805 QUAIL VALLEY DR GEORGETOWN TX 78626,Property_County__c,,Williamson
006WR00000wkDMPYA2,Aspire Fossil Creek,Fort Worth_MDU_Aspire Fossil Creek,"3600 Basswood Blvd, Fort Worth, Texas, 76137",Property_Street_Number__c,,3600
006WR00000wkDMPYA2,Aspire Fossil Creek,Fort Worth_MDU_Aspire Fossil Creek,"3600 Basswood Blvd, Fort Worth, Texas, 76137",Property_Street__c,,Basswood Blvd
006WR00000wkDMPYA2,Aspire Fossil Creek,Fort Worth_MDU_Aspire Fossil Creek,"3600 Basswood Blvd, Fort Worth, Texas, 76137",Property_County__c,,Tarrant
006WR00000wkDMQYA2,The Opal Fort Worth,Fort Worth_MDU_The Opal Fort Worth,3301 WESTPORT PKWY UNIT 1 FORT WORTH TX 76244,Property_Street_Number__c,,3301
006WR00000wkDMQYA2,The Opal Fort Worth,Fort Worth_MDU_The Opal Fort Worth,3301 WESTPORT PKWY UNIT 1 FORT WORTH TX 76244,Property_Street__c,,WESTPORT PKWY UNIT 1 FORT WORTH
006WR00000wkDMQYA2,The Opal Fort Worth,Fort Worth_MDU_The Opal Fort Worth,3301 WESTPORT PKWY UNIT 1 FORT WORTH TX 76244,Property_County__c,,Tarrant
006WR00000wkDMRYA2,Royal Gardens,Mineral Wells_MDU_Royal Gardens,"1500 Southeast Martin Luther King Junior Street, Mineral Wells, TX, USA",Property_Street_Number__c,,1500
006WR00000wkDMRYA2,Royal Gardens,Mineral Wells_MDU_Royal Gardens,"1500 Southeast Martin Luther King Junior Street, Mineral Wells, TX, USA",Property_Street__c,,Southeast Martin Luther King Junior Street
006WR00000wkDMRYA2,Royal Gardens,Mineral Wells_MDU_Royal Gardens,"1500 Southeast Martin Luther King Junior Street, Mineral Wells, TX, USA",Property_County__c,,Palo Pinto
006WR00000wkDMSYA2,Creekside at North Beach,Fort Worth_MDU_Creekside at North Beach,"7000 N Beach St, Fort Worth, TX 76137",Property_Street_Number__c,,7000
006WR00000wkDMSYA2,Creekside at North Beach,Fort Worth_MDU_Creekside at North Beach,"7000 N Beach St, Fort Worth, TX 76137",Property_Street__c,,N Beach St
006WR00000wkDMSYA2,Creekside at North Beach,Fort Worth_MDU_Creekside at North Beach,"7000 N Beach St, Fort Worth, TX 76137",Property_County__c,,Tarrant
006WR00000wkDMTYA2,Martinique Apartments,Omaha_MDU_Martinique and Normandy,"815 North 94th Plaza, Omaha, NE, USA",Property_Street_Number__c,,815
006WR00000wkDMTYA2,Martinique Apartments,Omaha_MDU_Martinique and Normandy,"815 North 94th Plaza, Omaha, NE, USA",Property_Street__c,,North 94th Plaza
006WR00000wkDMTYA2,Martinique Apartments,Omaha_MDU_Martinique and Normandy,"815 North 94th Plaza, Omaha, NE, USA",Property_County__c,,Douglas
006WR00000wkDMUYA2,The Holston,Fort Worth_MDU_The Holston,"3301 Keller Haslet Rd, Fort Worth, TX 76244",Property_Street_Number__c,,3301
006WR00000wkDMUYA2,The Holston,Fort Worth_MDU_The Holston,"3301 Keller Haslet Rd, Fort Worth, TX 76244",Property_Street__c,,Keller Haslet Rd
006WR00000wkDMUYA2,The Holston,Fort Worth_MDU_The Holston,"3301 Keller Haslet Rd, Fort Worth, TX 76244",Property_County__c,,Tarrant
006WR00000wkDMVYA2,The Dorel,Killeen_MDU_The Doral,"2908 Trimmier Road, Killeen, TX, USA",Property_Street_Number__c,,2908
006WR00000wkDMVYA2,The Dorel,Killeen_MDU_The Doral,"2908 Trimmier Road, Killeen, TX, USA",Property_Street__c,,Trimmier Road
006WR00000wkDMVYA2,The Dorel,Killeen_MDU_The Doral,"2908 Trimmier Road, Killeen, TX, USA",Property_County__c,,Bell
006WR00000wkDMWYA2,Oakwood Trail Apartments,,"11724 Norwick Plaza, Omaha, NE, USA",Property_Street_Number__c,,11724
006WR00000wkDMWYA2,Oakwood Trail Apartments,,"11724 Norwick Plaza, Omaha, NE, USA",Property_Street__c,,Norwick Plaza
006WR00000wkDMXYA2,Pioneer Crossing Apartments,Mineral Wells_MDU_Pioneer Crossing Apartments,"2509 East Hubbard Street, Mineral Wells, TX, USA",Property_Street_Number__c,,2509
006WR00000wkDMXYA2,Pioneer Crossing Apartments,Mineral Wells_MDU_Pioneer Crossing Apartments,"2509 East Hubbard Street, Mineral Wells, TX, USA",Property_Street__c,,East Hubbard Street
006WR00000wkDMXYA2,Pioneer Crossing Apartments,Mineral Wells_MDU_Pioneer Crossing Apartments,"2509 East Hubbard Street, Mineral Wells, TX, USA",Property_County__c,,Palo Pinto
006WR00000wkDMYYA2,ZAG Apartments,OMAHA_MDU_5110 Mayberry St - ZAG Apartments,5110 MAYBERRY ST  OMAHA NE 68106,Property_Street_Number__c,,5110
006WR00000wkDMYYA2,ZAG Apartments,OMAHA_MDU_5110 Mayberry St - ZAG Apartments,5110 MAYBERRY ST  OMAHA NE 68106,Property_Street__c,,MAYBERRY ST
006WR00000wkDMYYA2,ZAG Apartments,OMAHA_MDU_5110 Mayberry St - ZAG Apartments,5110 MAYBERRY ST  OMAHA NE 68106,Property_County__c,,Douglas
006WR00000wkDMZYA2,Parkside Crossing Condominiums,Georgetown_MDU_Parkside Crossing Condominiums,400 PARKLINE DR GEORGETOWN TX 78626,Property_Street_Number__c,,400
006WR00000wkDMZYA2,Parkside Crossing Condominiums,Georgetown_MDU_Parkside Crossing Condominiums,400 PARKLINE DR GEORGETOWN TX 78626,Property_Street__c,,PARKLINE DR
006WR00000wkDMZYA2,Parkside Crossing Condominiums,Georgetown_MDU_Parkside Crossing Condominiums,400 PARKLINE DR GEORGETOWN TX 78626,Property_County__c,,Williamson
006WR00000wkDMaYAM,Silver Oak Apartments,,567  Canyon Dr Oceanside CA 92054-3650,Property_Street_Number__c,,567
006WR00000wkDMaYAM,Silver Oak Apartments,,567  Canyon Dr Oceanside CA 92054-3650,Property_Street__c,,Canyon Dr
006WR00000wkDMbYAM,Villa Camino,,2051 Geneva St Oceanside CA 92054-6323,Property_Street_Number__c,,2051
006WR00000wkDMbYAM,Villa Camino,,2051 Geneva St Oceanside CA 92054-6323,Property_Street__c,,Geneva St
006WR00000wkDMcYAM,The Dylan,,550 Los Arbolitos Blvd Oceanside CA 92058-1507,Property_Street_Number__c,,550
006WR00000wkDMcYAM,The Dylan,,550 Los Arbolitos Blvd Oceanside CA 92058-1507,Property_Street__c,,Los Arbolitos Blvd Oceanside CA
006WR00000wkDMdYAM,Vista Blue,,3240 Mission Ave Oceanside CA 92058-1314,Property_Street_Number__c,,3240
006WR00000wkDMdYAM,Vista Blue,,3240 Mission Ave Oceanside CA 92058-1314,Property_Street__c,,Mission Ave
006WR00000wkDMeYAM,Riverview Springs,,4398 Rainier Way Oceanside CA 92058-7934,Property_Street_Number__c,,4398
006WR00000wkDMeYAM,Riverview Springs,,4398 Rainier Way Oceanside CA 92058-7934,Property_Street__c,,Rainier Way
006WR00000wkDMfYAM,Lakeshore Gardens,,"7201 Avenida Encinas, Carlsbad, CA",Property_Street_Number__c,,7201
006WR00000wkDMfYAM,Lakeshore Gardens,,"7201 Avenida Encinas, Carlsbad, CA",Property_Street__c,,Avenida Encinas
006WR00000wkDMgYAM,The Lofts at West 7th,,"929 Norwood St, Fort Worth, TX, USA",Property_Street_Number__c,,929
006WR00000wkDMgYAM,The Lofts at West 7th,,"929 Norwood St, Fort Worth, TX, USA",Property_Street__c,,Norwood St
006WR00000wkDMhYAM,Highland Park Apartments,,"5836 Highland Park Dr, Fort Worth, TX, USA",Property_Street_Number__c,,5836
006WR00000wkDMhYAM,Highland Park Apartments,,"5836 Highland Park Dr, Fort Worth, TX, USA",Property_Street__c,,Highland Park Dr
006WR00000wkDMiYAM,The Berkeley Apartments,,"2001 Park Hill Dr, Fort Worth, TX, USA",Property_Street_Number__c,,2001
006WR00000wkDMiYAM,The Berkeley Apartments,,"2001 Park Hill Dr, Fort Worth, TX, USA",Property_Street__c,,Park Hill Dr
006WR00000wkDMjYAM,Dixon at Stonegate,,"2501 Oak Hill Cir, Fort Worth, TX, USA",Property_Street_Number__c,,2501
006WR00000wkDMjYAM,Dixon at Stonegate,,"2501 Oak Hill Cir, Fort Worth, TX, USA",Property_Street__c,,Oak Hill Cir
006WR00000wkDMkYAM,Trinity Heights Apartments,,"6501 Boca Raton Boulevard, Fort Worth, TX, USA",Property_Street_Number__c,,6501
006WR00000wkDMkYAM,Trinity Heights Apartments,,"6501 Boca Raton Boulevard, Fort Worth, TX, USA",Property_Street__c,,Boca Raton Boulevard
006WR00000wkDMlYAM,Sorrento,,"5800 Sandshell Dr, Fort Worth, TX, USA",Property_Street_Number__c,,5800
006WR00000wkDMlYAM,Sorrento,,"5800 Sandshell Dr, Fort Worth, TX, USA",Property_Street__c,,Sandshell Dr
006WR00000wkDMmYAM,Tides on Overton Ridge,,"5401 Overton Ridge Blvd, Fort Worth, TX, USA",Property_Street_Number__c,,5401
006WR00000wkDMmYAM,Tides on Overton Ridge,,"5401 Overton Ridge Blvd, Fort Worth, TX, USA",Property_Street__c,,Overton Ridge Blvd
006WR00000wkDMnYAM,Forest Hill Mobile Home Park,,"7700 Forest Hill Drive, Fort Worth, TX, USA",Property_Street_Number__c,,7700
006WR00000wkDMnYAM,Forest Hill Mobile Home Park,,"7700 Forest Hill Drive, Fort Worth, TX, USA",Property_Street__c,,Forest Hill Drive
006WR00000wkDMoYAM,Lauren Apartments,Fort Worth_MDU_Lauren Apartments,"7301 Oakmont Blvd, Fort Worth, TX",Property_Street_Number__c,,7301
006WR00000wkDMoYAM,Lauren Apartments,Fort Worth_MDU_Lauren Apartments,"7301 Oakmont Blvd, Fort Worth, TX",Property_Street__c,,Oakmont Blvd
006WR00000wkDMpYAM,Urban House,,1409 N Zang Blvd,Property_Street_Number__c,,1409
006WR00000wkDMpYAM,Urban House,,1409 N Zang Blvd,Property_Street__c,,N Zang Blvd
006WR00000wkDMqYAM,Meadow Ridge,,"3101 W Normandale St, Fort Worth, TX, USA",Property_Street_Number__c,,3101
006WR00000wkDMqYAM,Meadow Ridge,,"3101 W Normandale St, Fort Worth, TX, USA",Property_Street__c,,W Normandale St
006WR00000wkDMrYAM,Pacific Crest Apartments [OOF for Lumen],,"950 N 2nd St, Silverton, OR 97381",Property_Street_Number__c,,950
006WR00000wkDMrYAM,Pacific Crest Apartments [OOF for Lumen],,"950 N 2nd St, Silverton, OR 97381",Property_Street__c,,N 2nd St
006WR00000wkDMsYAM,Casa Grande,,"425-455 E Washington Ave, Escondido, California, USA",Property_Street_Number__c,,425-455
006WR00000wkDMsYAM,Casa Grande,,"425-455 E Washington Ave, Escondido, California, USA",Property_Street__c,,E Washington Ave
006WR00000wkDMtYAM,Cedarwest Apartments,,"825 Northeast Watt Way, Bend, OR, USA",Property_Street_Number__c,,825
006WR00000wkDMtYAM,Cedarwest Apartments,,"825 Northeast Watt Way, Bend, OR, USA",Property_Street__c,,Northeast Watt Way
006WR00000wkDMuYAM,Poway Villas,,"13001 Bowron Road, Poway, CA, USA",Property_Street_Number__c,,13001
006WR00000wkDMuYAM,Poway Villas,,"13001 Bowron Road, Poway, CA, USA",Property_Street__c,,Bowron Road
006WR00000wkDMvYAM,Haley Ranch Estates,,"13455 Poway Creek Rd, Poway, CA, USA",Property_Street_Number__c,,13455
006WR00000wkDMvYAM,Haley Ranch Estates,,"13455 Poway Creek Rd, Poway, CA, USA",Property_Street__c,,Poway Creek Rd
006WR00000wkDMwYAM,Hillside Village Apartments,,"12979 Community Road, Poway, CA, USA",Property_Street_Number__c,,12979
006WR00000wkDMwYAM,Hillside Village Apartments,,"12979 Community Road, Poway, CA, USA",Property_Street__c,,Community Road
006WR00000wkDMxYAM,The Hacienda at Georgetown,,"60 Del Webb Blvd, Georgetown, TX, USA",Property_Street_Number__c,,60
006WR00000wkDMxYAM,The Hacienda at Georgetown,,"60 Del Webb Blvd, Georgetown, TX, USA",Property_Street__c,,Del Webb Blvd
006WR00000wkDMyYAM,Stone Arbor,,"612 Los Arbolitos Blvd, Oceanside, CA, USA",Property_Street_Number__c,,612
006WR00000wkDMyYAM,Stone Arbor,,"612 Los Arbolitos Blvd, Oceanside, CA, USA",Property_Street__c,,Los Arbolitos Blvd
006WR00000wkDMzYAM,Apache Bend Apartments,Sweetwater_MDU_Apache Bend,"515 Newman Street, Sweetwater, TX, USA",Property_Street_Number__c,,515
006WR00000wkDMzYAM,Apache Bend Apartments,Sweetwater_MDU_Apache Bend,"515 Newman Street, Sweetwater, TX, USA",Property_Street__c,,Newman Street
006WR00000wkDN0YAM,Meridian MHP,,"351 N Meridian Dr, Apache Junction, AZ 85120",Property_Street_Number__c,,351
006WR00000wkDN0YAM,Meridian MHP,,"351 N Meridian Dr, Apache Junction, AZ 85120",Property_Street__c,,N Meridian Dr
006WR00000wkDN1YAM,Meadowbrook,,"8301 Mission Gorge Road, Santee, CA, USA",Property_Street_Number__c,,8301
006WR00000wkDN1YAM,Meadowbrook,,"8301 Mission Gorge Road, Santee, CA, USA",Property_Street__c,,Mission Gorge Road
006WR00000wkDN2YAM,Elan River Village,,"1845 North Broadway, Escondido, California, USA",Property_Street_Number__c,,1845
006WR00000wkDN2YAM,Elan River Village,,"1845 North Broadway, Escondido, California, USA",Property_Street__c,,North Broadway
006WR00000wkDN3YAM,Glenbrook Terrace,,"1125 North Broadway, Escondido, California, USA",Property_Street_Number__c,,1125
006WR00000wkDN3YAM,Glenbrook Terrace,,"1125 North Broadway, Escondido, California, USA",Property_Street__c,,North Broadway
006WR00000wkDN4YAM,Quail Creek Apartments,,"1815 North Broadway, Escondido, California, USA",Property_Street_Number__c,,1815
006WR00000wkDN4YAM,Quail Creek Apartments,,"1815 North Broadway, Escondido, California, USA",Property_Street__c,,North Broadway
006WR00000wkDN5YAM,Windsor Gardens,,"1600 W 9th Ave, Escondido, California, USA",Property_Street_Number__c,,1600
006WR00000wkDN5YAM,Windsor Gardens,,"1600 W 9th Ave, Escondido, California, USA",Property_Street__c,,W 9th Ave
006WR00000wkDN6YAM,Overture San Marcos,,"852 Avenida Ricardo, San Marcos, CA, USA",Property_Street_Number__c,,852
006WR00000wkDN6YAM,Overture San Marcos,,"852 Avenida Ricardo, San Marcos, CA, USA",Property_Street__c,,Avenida Ricardo
006WR00000wkDN7YAM,The Avenue at San Marcos,,"506 East Barham Drive, San Marcos, CA, USA",Property_Street_Number__c,,506
006WR00000wkDN7YAM,The Avenue at San Marcos,,"506 East Barham Drive, San Marcos, CA, USA",Property_Street__c,,East Barham Drive
006WR00000wkDN8YAM,Palomar Estates,,"1930 West San Marcos Boulevard, San Marcos, CA, USA",Property_Street_Number__c,,1930
006WR00000wkDN8YAM,Palomar Estates,,"1930 West San Marcos Boulevard, San Marcos, CA, USA",Property_Street__c,,West San Marcos Boulevard
006WR00000wkDN9YAM,Terra Cotta Apartment,,"501 Rush Drive, San Marcos, CA, USA",Property_Street_Number__c,,501
006WR00000wkDN9YAM,Terra Cotta Apartment,,"501 Rush Drive, San Marcos, CA, USA",Property_Street__c,,Rush Drive
006WR00000wkDNAYA2,Crest 850,,"850 Village Drive, San Marcos, CA, USA",Property_Street_Number__c,,850
006WR00000wkDNAYA2,Crest 850,,"850 Village Drive, San Marcos, CA, USA",Property_Street__c,,Village Drive
006WR00000wkDNBYA2,Sunset Trails,,"8655 Graves Avenue, Santee, CA, USA",Property_Street_Number__c,,8655
006WR00000wkDNBYA2,Sunset Trails,,"8655 Graves Avenue, Santee, CA, USA",Property_Street__c,,Graves Avenue
006WR00000wkDNCYA2,La Roca Plaza,,"10032 North Magnolia Avenue, Santee, CA, USA",Property_Street_Number__c,,10032
006WR00000wkDNCYA2,La Roca Plaza,,"10032 North Magnolia Avenue, Santee, CA, USA",Property_Street__c,,North Magnolia Avenue
006WR00000wkDNDYA2,Woodglen Vista Apartments,,"10450 North Magnolia Avenue, Santee, CA, USA",Property_Street_Number__c,,10450
006WR00000wkDNDYA2,Woodglen Vista Apartments,,"10450 North Magnolia Avenue, Santee, CA, USA",Property_Street__c,,North Magnolia Avenue
006WR00000wkDNEYA2,Greystone Ridge Townhomes,,"8777 Graves Avenue, Santee, CA, USA",Property_Street_Number__c,,8777
006WR00000wkDNEYA2,Greystone Ridge Townhomes,,"8777 Graves Avenue, Santee, CA, USA",Property_Street__c,,Graves Avenue
006WR00000wkDNFYA2,Highline Apartment,,"8729 Graves Avenue, Santee, CA, USA",Property_Street_Number__c,,8729
006WR00000wkDNFYA2,Highline Apartment,,"8729 Graves Avenue, Santee, CA, USA",Property_Street__c,,Graves Avenue
006WR00000wkDNGYA2,Santee Corsican Villas,,"10377 Del Coronado Ln, Santee, CA, USA",Property_Street_Number__c,,10377
006WR00000wkDNGYA2,Santee Corsican Villas,,"10377 Del Coronado Ln, Santee, CA, USA",Property_Street__c,,Del Coronado Ln
006WR00000wkDNHYA2,Casa De Amigos,,"1751 Citracado Parkway, Escondido, California, USA",Property_Street_Number__c,,1751
006WR00000wkDNHYA2,Casa De Amigos,,"1751 Citracado Parkway, Escondido, California, USA",Property_Street__c,,Citracado Parkway
006WR00000wkDNIYA2,Carefree Ranch MHP,,"211 N Citrus Ave, Escondido, California, USA",Property_Street_Number__c,,211
006WR00000wkDNIYA2,Carefree Ranch MHP,,"211 N Citrus Ave, Escondido, California, USA",Property_Street__c,,N Citrus Ave
006WR00000wkDNJYA2,Casa Escondida,,"715 North Broadway, Escondido, California, USA",Property_Street_Number__c,,715
006WR00000wkDNJYA2,Casa Escondida,,"715 North Broadway, Escondido, California, USA",Property_Street__c,,North Broadway
006WR00000wkDNKYA2,Friendly Hills Mobile Manor,,"1670 East El Norte Parkway, Escondido, CA, USA",Property_Street_Number__c,,1670
006WR00000wkDNKYA2,Friendly Hills Mobile Manor,,"1670 East El Norte Parkway, Escondido, CA, USA",Property_Street__c,,East El Norte Parkway
006WR00000wkDNLYA2,Hidden Cove Apartments,,"910 Del Dios Road, Escondido, CA, USA",Property_Street_Number__c,,910
006WR00000wkDNLYA2,Hidden Cove Apartments,,"910 Del Dios Road, Escondido, CA, USA",Property_Street__c,,Del Dios Road
006WR00000wkDNMYA2,Valle at Mission,,"832 N Juniper St, Escondido, California, USA",Property_Street_Number__c,,832
006WR00000wkDNMYA2,Valle at Mission,,"832 N Juniper St, Escondido, California, USA",Property_Street__c,,N Juniper St
006WR00000wkDNNYA2,Manzanita Apartments,,"260 N Midway Dr, Escondido, California, USA",Property_Street_Number__c,,260
006WR00000wkDNNYA2,Manzanita Apartments,,"260 N Midway Dr, Escondido, California, USA",Property_Street__c,,N Midway Dr
006WR00000wkDNOYA2,Park,,"776 E Mission Ave, Escondido, California, USA",Property_Street_Number__c,,776
006WR00000wkDNOYA2,Park,,"776 E Mission Ave, Escondido, California, USA",Property_Street__c,,E Mission Ave
006WR00000wkDNPYA2,Hadley Apartments,,"1045 Morning View Dr, Escondido, California, USA",Property_Street_Number__c,,1045
006WR00000wkDNPYA2,Hadley Apartments,,"1045 Morning View Dr, Escondido, California, USA",Property_Street__c,,Morning View Dr
006WR00000wkDNQYA2,Mobile Park West,,"2700 E Valley Pkwy, Escondido, California, USA",Property_Street_Number__c,,2700
006WR00000wkDNQYA2,Mobile Park West,,"2700 E Valley Pkwy, Escondido, California, USA",Property_Street__c,,E Valley Pkwy
006WR00000wkDNRYA2,Ponderosa,,"1575 West Valley Parkway, Escondido, California, USA",Property_Street_Number__c,,1575
006WR00000wkDNRYA2,Ponderosa,,"1575 West Valley Parkway, Escondido, California, USA",Property_Street__c,,West Valley Parkway
006WR00000wkDNSYA2,Elan Felicita Creek,,"301 W Vermont Ave, Escondido, California, USA",Property_Street_Number__c,,301
006WR00000wkDNSYA2,Elan Felicita Creek,,"301 W Vermont Ave, Escondido, California, USA",Property_Street__c,,W Vermont Ave
006WR00000wkDNTYA2,Vida,,"1084 E Washington Ave, Escondido, California, USA",Property_Street_Number__c,,1084
006WR00000wkDNTYA2,Vida,,"1084 E Washington Ave, Escondido, California, USA",Property_Street__c,,E Washington Ave
006WR00000wkDNUYA2,Escondido Village,,"1050 East Washington Avenue, Escondido, CA, 92025",Property_Street_Number__c,,1050
006WR00000wkDNUYA2,Escondido Village,,"1050 East Washington Avenue, Escondido, CA, 92025",Property_Street__c,,East Washington Avenue
006WR00000wkDNVYA2,Alora Apartments,,"604 Richmar Avenue, San Marcos, CA, USA",Property_Street_Number__c,,604
006WR00000wkDNVYA2,Alora Apartments,,"604 Richmar Avenue, San Marcos, CA, USA",Property_Street__c,,Richmar Avenue
006WR00000wkDNWYA2,Barham Villas,,"570 East Barham Drive, San Marcos, CA, USA",Property_Street_Number__c,,570
006WR00000wkDNWYA2,Barham Villas,,"570 East Barham Drive, San Marcos, CA, USA",Property_Street__c,,East Barham Drive
006WR00000wkDNXYA2,Copper Creek Apartment Homes,,"1710 Elfin Forest Road, San Marcos, CA, USA",Property_Street_Number__c,,1710
006WR00000wkDNXYA2,Copper Creek Apartment Homes,,"1710 Elfin Forest Road, San Marcos, CA, USA",Property_Street__c,,Elfin Forest Road
006WR00000wkDNYYA2,Casitas Del Sol,,"1219 East Barham Drive, San Marcos, CA, USA",Property_Street_Number__c,,1219
006WR00000wkDNYYA2,Casitas Del Sol,,"1219 East Barham Drive, San Marcos, CA, USA",Property_Street__c,,East Barham Drive
006WR00000wkDNZYA2,Block C at North City,,"250 North City Drive, San Marcos, CA, USA",Property_Street_Number__c,,250
006WR00000wkDNZYA2,Block C at North City,,"250 North City Drive, San Marcos, CA, USA",Property_Street__c,,North City Drive
006WR00000wkDNaYAM,Westlake Village,,"413 Autumn Drive, San Marcos, CA, USA",Property_Street_Number__c,,413
006WR00000wkDNaYAM,Westlake Village,,"413 Autumn Drive, San Marcos, CA, USA",Property_Street__c,,Autumn Drive
006WR00000wkDNbYAM,Twin Oaks Valley Park,,"500 Rancheros Drive, San Marcos, CA, USA",Property_Street_Number__c,,500
006WR00000wkDNbYAM,Twin Oaks Valley Park,,"500 Rancheros Drive, San Marcos, CA, USA",Property_Street__c,,Rancheros Drive
006WR00000wkDNcYAM,San Marcos View Estates,,"150 South Rancho Santa Fe Road, San Marcos, CA, USA",Property_Street_Number__c,,150
006WR00000wkDNcYAM,San Marcos View Estates,,"150 South Rancho Santa Fe Road, San Marcos, CA, USA",Property_Street__c,,South Rancho Santa Fe Road
006WR00000wkDNdYAM,Viewpoint Luxury Apartments,,"830 South Rancho Santa Fe Road, San Marcos, CA, USA",Property_Street_Number__c,,830
006WR00000wkDNdYAM,Viewpoint Luxury Apartments,,"830 South Rancho Santa Fe Road, San Marcos, CA, USA",Property_Street__c,,South Rancho Santa Fe Road
006WR00000wkDNeYAM,San Marcos Mobile Estates,,"1145 East Barham Drive, San Marcos, CA, USA",Property_Street_Number__c,,1145
006WR00000wkDNeYAM,San Marcos Mobile Estates,,"1145 East Barham Drive, San Marcos, CA, USA",Property_Street__c,,East Barham Drive
006WR00000wkDNfYAM,Madrid Manor,,"1401 El Norte Parkway, San Marcos, CA, USA",Property_Street_Number__c,,1401
006WR00000wkDNfYAM,Madrid Manor,,"1401 El Norte Parkway, San Marcos, CA, USA",Property_Street__c,,El Norte Parkway
006WR00000wkDNgYAM,Sierra Vista,,"435 Autumn Drive, San Marcos, CA, USA",Property_Street_Number__c,,435
006WR00000wkDNgYAM,Sierra Vista,,"435 Autumn Drive, San Marcos, CA, USA",Property_Street__c,,Autumn Drive
006WR00000wkDNhYAM,Meadow Creek Apartments,,"3474 Descanso Avenue, San Marcos, CA, USA",Property_Street_Number__c,,3474
006WR00000wkDNhYAM,Meadow Creek Apartments,,"3474 Descanso Avenue, San Marcos, CA, USA",Property_Street__c,,Descanso Avenue
006WR00000wkDNiYAM,Rancho San Marcos MHP,,"971 borden rd, San Marcos, CA",Property_Street_Number__c,,971
006WR00000wkDNiYAM,Rancho San Marcos MHP,,"971 borden rd, San Marcos, CA",Property_Street__c,,borden rd
006WR00000wkDNjYAM,Corona Del Vista MHP,,"1501 Anza Ave  Vista CA,  92084",Property_Street_Number__c,,1501
006WR00000wkDNjYAM,Corona Del Vista MHP,,"1501 Anza Ave  Vista CA,  92084",Property_Street__c,,Anza Ave  Vista CA
006WR00000wkDNkYAM,Avalon Brea Place,,"185 S State College Blvd, Brea, CA, USA",Property_Street_Number__c,,185
006WR00000wkDNkYAM,Avalon Brea Place,,"185 S State College Blvd, Brea, CA, USA",Property_Street__c,,S State College Blvd
006WR00000wkDNlYAM,Birch Hills Apartments,,"255 S Kraemer Blvd, Brea, CA, USA",Property_Street_Number__c,,255
006WR00000wkDNlYAM,Birch Hills Apartments,,"255 S Kraemer Blvd, Brea, CA, USA",Property_Street__c,,S Kraemer Blvd
006WR00000wkDNmYAM,Country Woods Apartment Homes,,"315 N Associated Rd, Brea, CA, USA",Property_Street_Number__c,,315
006WR00000wkDNmYAM,Country Woods Apartment Homes,,"315 N Associated Rd, Brea, CA, USA",Property_Street__c,,N Associated Rd
006WR00000wkDNnYAM,Birchwood Village Apartment Homes,,"1919 East Birch Street, Brea, CA, USA",Property_Street_Number__c,,1919
006WR00000wkDNnYAM,Birchwood Village Apartment Homes,,"1919 East Birch Street, Brea, CA, USA",Property_Street__c,,East Birch Street
006WR00000wkDNoYAM,Rancho Brea,,1414 W Central Ave,Property_Street_Number__c,,1414
006WR00000wkDNoYAM,Rancho Brea,,1414 W Central Ave,Property_Street__c,,W Central Ave
006WR00000wkDNpYAM,Town and Country,,"800 S Brea Blvd, Brea, CA, USA",Property_Street_Number__c,,800
006WR00000wkDNpYAM,Town and Country,,"800 S Brea Blvd, Brea, CA, USA",Property_Street__c,,S Brea Blvd
006WR00000wkDNqYAM,Vintage Canyon Senior Apartments,,"855 N Brea Blvd, Brea, CA, USA",Property_Street_Number__c,,855
006WR00000wkDNqYAM,Vintage Canyon Senior Apartments,,"855 N Brea Blvd, Brea, CA, USA",Property_Street__c,,N Brea Blvd
006WR00000wkDNrYAM,Raintree Apartment Homes,,"650 Tamarack Avenue, Brea, CA, USA",Property_Street_Number__c,,650
006WR00000wkDNrYAM,Raintree Apartment Homes,,"650 Tamarack Avenue, Brea, CA, USA",Property_Street__c,,Tamarack Avenue
006WR00000wkDNsYAM,Tamarack Woods Apartment Homes,,"825 Tamarack Avenue, Brea, CA, USA",Property_Street_Number__c,,825
006WR00000wkDNsYAM,Tamarack Woods Apartment Homes,,"825 Tamarack Avenue, Brea, CA, USA",Property_Street__c,,Tamarack Avenue
006WR00000wkDNtYAM,Hollydale Mobile Home Estates,,"5700 Carbon Canyon Rd, Brea, CA, USA",Property_Street_Number__c,,5700
006WR00000wkDNtYAM,Hollydale Mobile Home Estates,,"5700 Carbon Canyon Rd, Brea, CA, USA",Property_Street__c,,Carbon Canyon Rd
006WR00000wkDNuYAM,The Oaks,,"9205 Carlton Oaks Dr, Santee, CA",Property_Street_Number__c,,9205
006WR00000wkDNuYAM,The Oaks,,"9205 Carlton Oaks Dr, Santee, CA",Property_Street__c,,Carlton Oaks Dr
006WR00000wkDNvYAM,The Arbors,,"9700 Magnolia Park Dr, Santee, San Diego, CA, USA",Property_Street_Number__c,,9700
006WR00000wkDNvYAM,The Arbors,,"9700 Magnolia Park Dr, Santee, San Diego, CA, USA",Property_Street__c,,Magnolia Park Dr
006WR00000wkDNwYAM,Crosscreek,,"345 West El Norte Parkway, Escondido, CA, USA",Property_Street_Number__c,,345
006WR00000wkDNwYAM,Crosscreek,,"345 West El Norte Parkway, Escondido, CA, USA",Property_Street__c,,West El Norte Parkway
006WR00000wkDNxYAM,Alta Cima Apartment Homes,,"1333 E Grand Ave, Escondido, California, USA",Property_Street_Number__c,,1333
006WR00000wkDNxYAM,Alta Cima Apartment Homes,,"1333 E Grand Ave, Escondido, California, USA",Property_Street__c,,E Grand Ave
006WR00000wkDNyYAM,Alta Vista,Escondido_MDU_Alta Vista Apartments,"1245 Morning View Dr, Escondido, California, USA",Property_Street_Number__c,,1245
006WR00000wkDNyYAM,Alta Vista,Escondido_MDU_Alta Vista Apartments,"1245 Morning View Dr, Escondido, California, USA",Property_Street__c,,Morning View Dr
006WR00000wkDNzYAM,Aspire,,"137-151 Valley Pkwy, Escondido, California, USA",Property_Street_Number__c,,137-151
006WR00000wkDNzYAM,Aspire,,"137-151 Valley Pkwy, Escondido, California, USA",Property_Street__c,,Valley Pkwy
006WR00000wkDO0YAM,Hendrix Apartments,,"439 West El Norte Parkway, Escondido, CA, USA",Property_Street_Number__c,,439
006WR00000wkDO0YAM,Hendrix Apartments,,"439 West El Norte Parkway, Escondido, CA, USA",Property_Street__c,,West El Norte Parkway
006WR00000wkDO1YAM,Rancho Escondido MHP,,"525 W El Norte Pkwy, Escondido, California, USA",Property_Street_Number__c,,525
006WR00000wkDO1YAM,Rancho Escondido MHP,,"525 W El Norte Pkwy, Escondido, California, USA",Property_Street__c,,W El Norte Pkwy
006WR00000wkDO2YAM,Madera Ridge,,"1051 W El Norte Pkwy, Escondido, California, USA",Property_Street_Number__c,,1051
006WR00000wkDO2YAM,Madera Ridge,,"1051 W El Norte Pkwy, Escondido, California, USA",Property_Street__c,,W El Norte Pkwy
006WR00000wkDO3YAM,Valle at Escondido,,"1204 N Escondido Blvd, Escondido, California, USA",Property_Street_Number__c,,1204
006WR00000wkDO3YAM,Valle at Escondido,,"1204 N Escondido Blvd, Escondido, California, USA",Property_Street__c,,N Escondido Blvd
006WR00000wkDO4YAM,Estancia Apartments,,"725 N Fig St, Escondido, California, USA",Property_Street_Number__c,,725
006WR00000wkDO4YAM,Estancia Apartments,,"725 N Fig St, Escondido, California, USA",Property_Street__c,,N Fig St
006WR00000wkDO5YAM,Valle at Park,,"151 Gayland St, Escondido, California, USA",Property_Street_Number__c,,151
006WR00000wkDO5YAM,Valle at Park,,"151 Gayland St, Escondido, California, USA",Property_Street__c,,Gayland St
006WR00000wkDO6YAM,Villa Escondido,,"511 E Grand Ave, Escondido, California, USA",Property_Street_Number__c,,511
006WR00000wkDO6YAM,Villa Escondido,,"511 E Grand Ave, Escondido, California, USA",Property_Street__c,,E Grand Ave
006WR00000wkDO7YAM,Solana at Grand,,"1501 E Grand Ave, Escondido, California, USA",Property_Street_Number__c,,1501
006WR00000wkDO7YAM,Solana at Grand,,"1501 E Grand Ave, Escondido, California, USA",Property_Street__c,,E Grand Ave
006WR00000wkDO8YAM,Summit Apartments,,"444 E 4th Ave, Escondido, California, USA",Property_Street_Number__c,,444
006WR00000wkDO8YAM,Summit Apartments,,"444 E 4th Ave, Escondido, California, USA",Property_Street__c,,E 4th Ave
006WR00000wkDO9YAM,The Terraces at Escondido,,"1301 Morning View Dr, Escondido, California, USA",Property_Street_Number__c,,1301
006WR00000wkDO9YAM,The Terraces at Escondido,,"1301 Morning View Dr, Escondido, California, USA",Property_Street__c,,Morning View Dr
006WR00000wkDOAYA2,Reidy Ceek II,,"1350 Morning View Dr, Escondido, California, USA",Property_Street_Number__c,,1350
006WR00000wkDOAYA2,Reidy Ceek II,,"1350 Morning View Dr, Escondido, California, USA",Property_Street__c,,Morning View Dr
006WR00000wkDOBYA2,Reidy Creek,,"1350 Morning View Dr, Escondido, California, USA",Property_Street_Number__c,,1350
006WR00000wkDOBYA2,Reidy Creek,,"1350 Morning View Dr, Escondido, California, USA",Property_Street__c,,Morning View Dr
006WR00000wkDOCYA2,Oak Hill Apartments,,"1302 Oak Hill Dr, Escondido, California, USA",Property_Street_Number__c,,1302
006WR00000wkDOCYA2,Oak Hill Apartments,,"1302 Oak Hill Dr, Escondido, California, USA",Property_Street__c,,Oak Hill Dr
006WR00000wkDODYA2,Escondido Terrace MHP,,"1380 Oak Hill Dr, Escondido, California, USA",Property_Street_Number__c,,1380
006WR00000wkDODYA2,Escondido Terrace MHP,,"1380 Oak Hill Dr, Escondido, California, USA",Property_Street__c,,Oak Hill Dr
006WR00000wkDOEYA2,Westwinds MHP,,"1415 S Pine St, Escondido, California, USA",Property_Street_Number__c,,1415
006WR00000wkDOEYA2,Westwinds MHP,,"1415 S Pine St, Escondido, California, USA",Property_Street__c,,S Pine St
006WR00000wkDOFYA2,Village Grove Apartments,,"660 N Quince St, Escondido, California, USA",Property_Street_Number__c,,660
006WR00000wkDOFYA2,Village Grove Apartments,,"660 N Quince St, Escondido, California, USA",Property_Street__c,,N Quince St
006WR00000wkDOGYA2,Westmont Town Court,,"500 East Valley Parkway, Escondido, CA, USA",Property_Street_Number__c,,500
006WR00000wkDOGYA2,Westmont Town Court,,"500 East Valley Parkway, Escondido, CA, USA",Property_Street__c,,East Valley Parkway
006WR00000wkDOHYA2,The Springs of Escondido,,"1261 E Washington Ave, Escondido, California, USA",Property_Street_Number__c,,1261
006WR00000wkDOHYA2,The Springs of Escondido,,"1261 E Washington Ave, Escondido, California, USA",Property_Street__c,,E Washington Ave
006WR00000wkDOIYA2,Pacifica Palms Apartments,,"1829 East Washington Avenue, Escondido, CA, USA",Property_Street_Number__c,,1829
006WR00000wkDOIYA2,Pacifica Palms Apartments,,"1829 East Washington Avenue, Escondido, CA, USA",Property_Street__c,,East Washington Avenue
006WR00000wkDOJYA2,Midway Gardens,,"115 South Midway Drive, Escondido, CA, USA",Property_Street_Number__c,,115
006WR00000wkDOJYA2,Midway Gardens,,"115 South Midway Drive, Escondido, CA, USA",Property_Street__c,,South Midway Drive
006WR00000wkDOKYA2,Coral Tree Manor,,"300 Smilax Road, San Marcos, CA, USA",Property_Street_Number__c,,300
006WR00000wkDOKYA2,Coral Tree Manor,,"300 Smilax Road, San Marcos, CA, USA",Property_Street__c,,Smilax Road
006WR00000wkDOLYA2,Benchmark Apartments,,"353 West San Marcos Boulevard, San Marcos, CA, USA",Property_Street_Number__c,,353
006WR00000wkDOLYA2,Benchmark Apartments,,"353 West San Marcos Boulevard, San Marcos, CA, USA",Property_Street__c,,West San Marcos Boulevard
006WR00000wkDOMYA2,Woodland Village,,"975 Woodland Parkway, San Marcos, CA, USA",Property_Street_Number__c,,975
006WR00000wkDOMYA2,Woodland Village,,"975 Woodland Parkway, San Marcos, CA, USA",Property_Street__c,,Woodland Parkway
006WR00000wkDONYA2,Windsor Manor I,,"250 Knoll Rd, San Marcos, CA, USA",Property_Street_Number__c,,250
006WR00000wkDONYA2,Windsor Manor I,,"250 Knoll Rd, San Marcos, CA, USA",Property_Street__c,,Knoll Rd
006WR00000wkDOOYA2,Paseo Del Oro,,"432 West Mission Road, San Marcos, CA, USA",Property_Street_Number__c,,432
006WR00000wkDOOYA2,Paseo Del Oro,,"432 West Mission Road, San Marcos, CA, USA",Property_Street__c,,West Mission Road
006WR00000wkDOPYA2,Grandon Village,,"1603 Grandon Avenue, San Marcos, CA, USA",Property_Street_Number__c,,1603
006WR00000wkDOPYA2,Grandon Village,,"1603 Grandon Avenue, San Marcos, CA, USA",Property_Street__c,,Grandon Avenue
006WR00000wkDOQYA2,Villa Serena Apartments,,"339 Marcos Street, San Marcos, CA, USA",Property_Street_Number__c,,339
006WR00000wkDOQYA2,Villa Serena Apartments,,"339 Marcos Street, San Marcos, CA, USA",Property_Street__c,,Marcos Street
006WR00000wkDORYA2,Royal Oaks Senior Living,,"650 Woodward Street, San Marcos, CA, USA",Property_Street_Number__c,,650
006WR00000wkDORYA2,Royal Oaks Senior Living,,"650 Woodward Street, San Marcos, CA, USA",Property_Street__c,,Woodward Street
006WR00000wkDOSYA2,La Mores Estates,,"1175 La Moree Rd, San Marcos, CA, USA",Property_Street_Number__c,,1175
006WR00000wkDOSYA2,La Mores Estates,,"1175 La Moree Rd, San Marcos, CA, USA",Property_Street__c,,La Moree Rd
006WR00000wkDOTYA2,Prominence Luxury Apartments,,"601 South Twin Oaks Valley Road, San Marcos, CA, USA",Property_Street_Number__c,,601
006WR00000wkDOTYA2,Prominence Luxury Apartments,,"601 South Twin Oaks Valley Road, San Marcos, CA, USA",Property_Street__c,,South Twin Oaks Valley Road
006WR00000wkDOUYA2,Valle Verde Estates,,"1286 Discovery Street, San Marcos, CA, USA",Property_Street_Number__c,,1286
006WR00000wkDOUYA2,Valle Verde Estates,,"1286 Discovery Street, San Marcos, CA, USA",Property_Street__c,,Discovery Street
006WR00000wkDOVYA2,Las Flores Village,,"1201 North Las Flores Drive, San Marcos, CA, USA",Property_Street_Number__c,,1201
006WR00000wkDOVYA2,Las Flores Village,,"1201 North Las Flores Drive, San Marcos, CA, USA",Property_Street__c,,North Las Flores Drive
006WR00000wkDOWYA2,Widsor Manor II,,"245 Knoll Rd, San Marcos, CA, USA",Property_Street_Number__c,,245
006WR00000wkDOWYA2,Widsor Manor II,,"245 Knoll Rd, San Marcos, CA, USA",Property_Street__c,,Knoll Rd
006WR00000wkDOXYA2,Eaves San Marcos,,"823 Nordahl Road, San Marcos, CA, USA",Property_Street_Number__c,,823
006WR00000wkDOXYA2,Eaves San Marcos,,"823 Nordahl Road, San Marcos, CA, USA",Property_Street__c,,Nordahl Road
006WR00000wkDOYYA2,Melrose Villa Apartments,,"1820 Melrose Drive, San Marcos, CA, USA",Property_Street_Number__c,,1820
006WR00000wkDOYYA2,Melrose Villa Apartments,,"1820 Melrose Drive, San Marcos, CA, USA",Property_Street__c,,Melrose Drive
006WR00000wkDOZYA2,Rancho Vallecitos,,"3535 Linda Vista Drive, San Marcos, CA, USA",Property_Street_Number__c,,3535
006WR00000wkDOZYA2,Rancho Vallecitos,,"3535 Linda Vista Drive, San Marcos, CA, USA",Property_Street__c,,Linda Vista Drive
006WR00000wkDOaYAM,Elan Northwoods Apartment Homes,,"420 Smilax Road, San Marcos, CA, USA",Property_Street_Number__c,,420
006WR00000wkDOaYAM,Elan Northwoods Apartment Homes,,"420 Smilax Road, San Marcos, CA, USA",Property_Street__c,,Smilax Road
006WR00000wkDObYAM,Renaissance Villas,,"305 West San Marcos Boulevard, San Marcos, CA, USA",Property_Street_Number__c,,305
006WR00000wkDObYAM,Renaissance Villas,,"305 West San Marcos Boulevard, San Marcos, CA, USA",Property_Street__c,,West San Marcos Boulevard
006WR00000wkDOcYAM,Estrella De Oro,,"220  Camino Corto  Vista CA,  92083",Property_Street_Number__c,,220
006WR00000wkDOcYAM,Estrella De Oro,,"220  Camino Corto  Vista CA,  92083",Property_Street__c,,Camino Corto  Vista CA
006WR00000wkDOdYAM,Waterleaf Apartment Homes,,"333 N Emerald Dr  Vista CA,  92083",Property_Street_Number__c,,333
006WR00000wkDOdYAM,Waterleaf Apartment Homes,,"333 N Emerald Dr  Vista CA,  92083",Property_Street__c,,N Emerald Dr  Vista CA
006WR00000wkDOeYAM,Calligraphy,,"350 West Central Avenue, Brea, CA, USA",Property_Street_Number__c,,350
006WR00000wkDOeYAM,Calligraphy,,"350 West Central Avenue, Brea, CA, USA",Property_Street__c,,West Central Avenue
006WR00000wkDOfYAM,Country Hills Apartment Homes,,"2540 Country Hills Rd, Brea, CA, USA",Property_Street_Number__c,,2540
006WR00000wkDOfYAM,Country Hills Apartment Homes,,"2540 Country Hills Rd, Brea, CA, USA",Property_Street__c,,Country Hills Rd
006WR00000wkDOgYAM,Brea Woods Senior Apartments,,"195 West Central Avenue, Brea, CA, USA",Property_Street_Number__c,,195
006WR00000wkDOgYAM,Brea Woods Senior Apartments,,"195 West Central Avenue, Brea, CA, USA",Property_Street__c,,West Central Avenue
006WR00000wkDOhYAM,Heritage Plaza,,"220 West Central Avenue, Brea, CA, USA",Property_Street_Number__c,,220
006WR00000wkDOhYAM,Heritage Plaza,,"220 West Central Avenue, Brea, CA, USA",Property_Street__c,,West Central Avenue
006WR00000wkDOiYAM,Tamarack Gardens Apartments,,"250 West Central Avenue, Brea, CA, USA",Property_Street_Number__c,,250
006WR00000wkDOiYAM,Tamarack Gardens Apartments,,"250 West Central Avenue, Brea, CA, USA",Property_Street__c,,West Central Avenue
006WR00000wkDOjYAM,Carlton Country Club Villas Apartments,,"9325 Carlton Oaks Drive, Santee, CA, USA",Property_Street_Number__c,,9325
006WR00000wkDOjYAM,Carlton Country Club Villas Apartments,,"9325 Carlton Oaks Drive, Santee, CA, USA",Property_Street__c,,Carlton Oaks Drive
006WR00000wkDOkYAM,Lantern Crest Senior Living,,"400 Lantern Crest Way, Santee, CA, USA",Property_Street_Number__c,,400
006WR00000wkDOkYAM,Lantern Crest Senior Living,,"400 Lantern Crest Way, Santee, CA, USA",Property_Street__c,,Lantern Crest Way
006WR00000wkDOlYAM,Mission Gorge Villa,,"8545 Mission Gorge Rd, Santee, CA, USA",Property_Street_Number__c,,8545
006WR00000wkDOlYAM,Mission Gorge Villa,,"8545 Mission Gorge Rd, Santee, CA, USA",Property_Street__c,,Mission Gorge Rd
006WR00000wkDOmYAM,Town Center Apts,,"10233 Mission Gorge Road, Santee, CA, USA",Property_Street_Number__c,,10233
006WR00000wkDOmYAM,Town Center Apts,,"10233 Mission Gorge Road, Santee, CA, USA",Property_Street__c,,Mission Gorge Road
006WR00000wkDOnYAM,Highlands Mobile Home Park,,"7467 Mission Gorge Rd, Santee, CA, USA",Property_Street_Number__c,,7467
006WR00000wkDOnYAM,Highlands Mobile Home Park,,"7467 Mission Gorge Rd, Santee, CA, USA",Property_Street__c,,Mission Gorge Rd
006WR00000wkDOoYAM,Laurel Park,,"10122 Buena Vista Avenue, Santee, CA, USA",Property_Street_Number__c,,10122
006WR00000wkDOoYAM,Laurel Park,,"10122 Buena Vista Avenue, Santee, CA, USA",Property_Street__c,,Buena Vista Avenue
006WR00000wkDOpYAM,Altair,,"1361 W 9th Ave, Escondido, California, USA",Property_Street_Number__c,,1361
006WR00000wkDOpYAM,Altair,,"1361 W 9th Ave, Escondido, California, USA",Property_Street__c,,W 9th Ave
006WR00000wkDOqYAM,Woodlake Apartments,,"2240 Bear Valley Pkwy, Escondido, California, USA",Property_Street_Number__c,,2240
006WR00000wkDOqYAM,Woodlake Apartments,,"2240 Bear Valley Pkwy, Escondido, California, USA",Property_Street__c,,Bear Valley Pkwy
006WR00000wkDOrYAM,The Willows,,"2460 Bear Valley Parkway, Escondido, California, USA",Property_Street_Number__c,,2460
006WR00000wkDOrYAM,The Willows,,"2460 Bear Valley Parkway, Escondido, California, USA",Property_Street__c,,Bear Valley Parkway
006WR00000wkDOsYAM,Forest Glen Apartments,,"493 Beaumont Glen, Escondido, California, USA",Property_Street_Number__c,,493
006WR00000wkDOsYAM,Forest Glen Apartments,,"493 Beaumont Glen, Escondido, California, USA",Property_Street__c,,Beaumont Glen
006WR00000wkDOtYAM,Lake Bernardo Mobile Estates,,"1202 Borden Rd, Escondido, California, USA",Property_Street_Number__c,,1202
006WR00000wkDOtYAM,Lake Bernardo Mobile Estates,,"1202 Borden Rd, Escondido, California, USA",Property_Street__c,,Borden Rd
006WR00000wkDOuYAM,The Grand Rose Apartments,,"1601 East Grand Avenue, Escondido, CA, USA",Property_Street_Number__c,,1601
006WR00000wkDOuYAM,The Grand Rose Apartments,,"1601 East Grand Avenue, Escondido, CA, USA",Property_Street__c,,East Grand Avenue
006WR00000wkDOvYAM,Rowan Apartments,,"700 W Grand Ave, Escondido, California, USA",Property_Street_Number__c,,700
006WR00000wkDOvYAM,Rowan Apartments,,"700 W Grand Ave, Escondido, California, USA",Property_Street__c,,W Grand Ave
006WR00000wkDOwYAM,Lilac Hills Ranch,,"8850 W Lilac Rd, Escondido, California, USA",Property_Street_Number__c,,8850
006WR00000wkDOwYAM,Lilac Hills Ranch,,"8850 W Lilac Rd, Escondido, California, USA",Property_Street__c,,W Lilac Rd
006WR00000wkDOxYAM,Summer Creek Apartments,,"640 W Lincoln Ave, Escondido, California, USA",Property_Street_Number__c,,640
006WR00000wkDOxYAM,Summer Creek Apartments,,"640 W Lincoln Ave, Escondido, California, USA",Property_Street__c,,W Lincoln Ave
006WR00000wkDOyYAM,Villa Madeira,,"955 Howard Ave, Escondido, California, USA",Property_Street_Number__c,,955
006WR00000wkDOyYAM,Villa Madeira,,"955 Howard Ave, Escondido, California, USA",Property_Street__c,,Howard Ave
006WR00000wkDOzYAM,Palomar Heights,,"555 East Valley Parkway, Escondido, CA, USA",Property_Street_Number__c,,555
006WR00000wkDOzYAM,Palomar Heights,,"555 East Valley Parkway, Escondido, CA, USA",Property_Street__c,,East Valley Parkway
006WR00000wkDP0YAM,Valley Parkway MHP,,"1721 E Valley Pkwy, Escondido, California, USA",Property_Street_Number__c,,1721
006WR00000wkDP0YAM,Valley Parkway MHP,,"1721 E Valley Pkwy, Escondido, California, USA",Property_Street__c,,E Valley Pkwy
006WR00000wkDP1YAM,Imperial Escondido Mobile Estates,,"2300 East Valley Parkway, Escondido, CA, USA",Property_Street_Number__c,,2300
006WR00000wkDP1YAM,Imperial Escondido Mobile Estates,,"2300 East Valley Parkway, Escondido, CA, USA",Property_Street__c,,East Valley Parkway
006WR00000wkDP2YAM,Heritage Park Escondido Senior LIving,,"2549 East Valley Parkway, Escondido, CA, USA",Property_Street_Number__c,,2549
006WR00000wkDP2YAM,Heritage Park Escondido Senior LIving,,"2549 East Valley Parkway, Escondido, CA, USA",Property_Street__c,,East Valley Parkway
006WR00000wkDP3YAM,Eastwood Meadows,,"2550 East Valley Parkway, Escondido, CA, USA",Property_Street_Number__c,,2550
006WR00000wkDP3YAM,Eastwood Meadows,,"2550 East Valley Parkway, Escondido, CA, USA",Property_Street__c,,East Valley Parkway
006WR00000wkDs6YAE,Rancho Santa Fe Village,,"500 South Rancho Santa Fe Road, San Marcos, CA, USA",Property_Street_Number__c,,500
006WR00000wkDs6YAE,Rancho Santa Fe Village,,"500 South Rancho Santa Fe Road, San Marcos, CA, USA",Property_Street__c,,South Rancho Santa Fe Road
006WR00000wkDs7YAE,Tuscany Hills,,"715 Ash Lane, San Marcos, CA, USA",Property_Street_Number__c,,715
006WR00000wkDs7YAE,Tuscany Hills,,"715 Ash Lane, San Marcos, CA, USA",Property_Street__c,,Ash Lane
006WR00000wkDs8YAE,Whittier Affordable,,"1414 East 31st Avenue, Denver, CO, USA",Property_Street_Number__c,,1414
006WR00000wkDs8YAE,Whittier Affordable,,"1414 East 31st Avenue, Denver, CO, USA",Property_Street__c,,East 31st Avenue
006WR00000wkDs9YAE,Sunland Terrace Apartments_Lumen AZ,,"435 East Sunland Avenue, Phoenix, AZ, USA",Property_Street_Number__c,,435
006WR00000wkDs9YAE,Sunland Terrace Apartments_Lumen AZ,,"435 East Sunland Avenue, Phoenix, AZ, USA",Property_Street__c,,East Sunland Avenue
006WR00000wkDsAYAU,Flats on Liberty,,"3001 East Liberty Avenue, Spokane, WA, USA",Property_Street_Number__c,,3001
006WR00000wkDsAYAU,Flats on Liberty,,"3001 East Liberty Avenue, Spokane, WA, USA",Property_Street__c,,East Liberty Avenue
006WR00000wkDsBYAU,Eagle Point Apartments Phase 3,,"1090 W Betz Rd, Cheney, WA, 99004",Property_Street_Number__c,,1090
006WR00000wkDsBYAU,Eagle Point Apartments Phase 3,,"1090 W Betz Rd, Cheney, WA, 99004",Property_Street__c,,W Betz Rd
006WR00000wkDsCYAU,Cedar Hills Apartments [OOF for Lumen],,"11700 SW Butner Rd, Portland, OR 97225, USA",Property_Street_Number__c,,11700
006WR00000wkDsCYAU,Cedar Hills Apartments [OOF for Lumen],,"11700 SW Butner Rd, Portland, OR 97225, USA",Property_Street__c,,SW Butner Rd
006WR00000wkDsDYAU,V at Lake Las Vegas,,"18 Via Vasari, Henderson, NV, USA",Property_Street_Number__c,,18
006WR00000wkDsDYAU,V at Lake Las Vegas,,"18 Via Vasari, Henderson, NV, USA",Property_Street__c,,Via Vasari
006WR00000wkDsEYAU,The Lark Apartments,,"8366 Causey Ave, Portland, OR 97086",Property_Street_Number__c,,8366
006WR00000wkDsEYAU,The Lark Apartments,,"8366 Causey Ave, Portland, OR 97086",Property_Street__c,,Causey Ave
006WR00000wkDsFYAU,Conifer Place Apartments [OOF for Lumen],,"213 Northeast Conifer Boulevard, Corvallis, OR, USA",Property_Street_Number__c,,213
006WR00000wkDsFYAU,Conifer Place Apartments [OOF for Lumen],,"213 Northeast Conifer Boulevard, Corvallis, OR, USA",Property_Street__c,,Northeast Conifer Boulevard
006WR00000wkDsGYAU,Allegro at Corner Canyon,,"292 Galena Park Blvd, Draper UT",Property_Street_Number__c,,292
006WR00000wkDsGYAU,Allegro at Corner Canyon,,"292 Galena Park Blvd, Draper UT",Property_Street__c,,Galena Park Blvd
006WR00000wkDsHYAU,West Hills Village,,"341 Senate St NW, Salem, OR, USA",Property_Street_Number__c,,341
006WR00000wkDsHYAU,West Hills Village,,"341 Senate St NW, Salem, OR, USA",Property_Street__c,,Senate St NW
006WR00000wkDsIYAU,The Landing at Clearwater,,"2312 White Ave, Moscow, ID, USA",Property_Street_Number__c,,2312
006WR00000wkDsIYAU,The Landing at Clearwater,,"2312 White Ave, Moscow, ID, USA",Property_Street__c,,White Ave
006WR00000wkDsJYAU,Courtyard 72,,"1607 North 73rd Street, Omaha, NE, USA",Property_Street_Number__c,,1607
006WR00000wkDsJYAU,Courtyard 72,,"1607 North 73rd Street, Omaha, NE, USA",Property_Street__c,,North 73rd Street
006WR00000wkDsKYAU,Ashton Place Apartments,,"3904 E Ustick Rd Caldwell, ID",Property_Street_Number__c,,3904
006WR00000wkDsKYAU,Ashton Place Apartments,,"3904 E Ustick Rd Caldwell, ID",Property_Street__c,,E Ustick Rd Caldwell
006WR00000wkDsLYAU,Cascade View,,"16801 SE 1st St, Vancouver, WA 98684, USA",Property_Street_Number__c,,16801
006WR00000wkDsLYAU,Cascade View,,"16801 SE 1st St, Vancouver, WA 98684, USA",Property_Street__c,,SE 1st St
006WR00000wkDsMYAU,Sterling Heights Apartments,,"1221 SE Ellsworth Rd, Vancouver, WA, USA",Property_Street_Number__c,,1221
006WR00000wkDsMYAU,Sterling Heights Apartments,,"1221 SE Ellsworth Rd, Vancouver, WA, USA",Property_Street__c,,SE Ellsworth Rd
006WR00000wkDsNYAU,Avalon Park,,"10883 Southeast 10th Street, Vancouver, WA, USA",Property_Street_Number__c,,10883
006WR00000wkDsNYAU,Avalon Park,,"10883 Southeast 10th Street, Vancouver, WA, USA",Property_Street__c,,Southeast 10th Street
006WR00000wkDsOYAU,Wy'East Pointe,,"812 Southeast 136th Avenue, Vancouver, WA, USA",Property_Street_Number__c,,812
006WR00000wkDsOYAU,Wy'East Pointe,,"812 Southeast 136th Avenue, Vancouver, WA, USA",Property_Street__c,,Southeast 136th Avenue
006WR00000wkDsPYAU,Tarnhill,,"5200 West 102nd Street, Bloomington, MN 55437",Property_Street_Number__c,,5200
006WR00000wkDsPYAU,Tarnhill,,"5200 West 102nd Street, Bloomington, MN 55437",Property_Street__c,,West 102nd Street
006WR00000wkDsQYAU,Viviani,,"9625 W Russell Rd, Las Vegas, NV 89148, USA",Property_Street_Number__c,,9625
006WR00000wkDsQYAU,Viviani,,"9625 W Russell Rd, Las Vegas, NV 89148, USA",Property_Street__c,,W Russell Rd
006WR00000wkDsRYAU,Pepper Ridge Apartments,,"1080 S 1500 E, Clearfield, UT 84015",Property_Street_Number__c,,1080
006WR00000wkDsRYAU,Pepper Ridge Apartments,,"1080 S 1500 E, Clearfield, UT 84015",Property_Street__c,,S 1500 E
006WR00000wkDsSYAU,Coronado Springs,,"1400 SW 107th St, Seattle, WA 98146, USA",Property_Street_Number__c,,1400
006WR00000wkDsSYAU,Coronado Springs,,"1400 SW 107th St, Seattle, WA 98146, USA",Property_Street__c,,SW 107th St
006WR00000wkDsTYAU,Tuscany,,"725 South Hualapai Way  Las Vegas, NV 89145",Property_Street_Number__c,,725
006WR00000wkDsTYAU,Tuscany,,"725 South Hualapai Way  Las Vegas, NV 89145",Property_Street__c,,South Hualapai Way  Las Vegas
006WR00000wkDsUYAU,Venicia,,"3644 S Fort Apache Rd, Las Vegas, NV 89147",Property_Street_Number__c,,3644
006WR00000wkDsUYAU,Venicia,,"3644 S Fort Apache Rd, Las Vegas, NV 89147",Property_Street__c,,S Fort Apache Rd
006WR00000wkDsVYAU,Adiamo,,"1350 W Horizon Ridge Pkwy, Henderson, NV, USA",Property_Street_Number__c,,1350
006WR00000wkDsVYAU,Adiamo,,"1350 W Horizon Ridge Pkwy, Henderson, NV, USA",Property_Street__c,,W Horizon Ridge Pkwy
006WR00000wkDsWYAU,Madera,,"2600 S Town Center Dr, Las Vegas, NV, USA",Property_Street_Number__c,,2600
006WR00000wkDsWYAU,Madera,,"2600 S Town Center Dr, Las Vegas, NV, USA",Property_Street__c,,S Town Center Dr
006WR00000wkDsXYAU,Aspire at Tesora,,"9465 W Post Rd, Las Vegas, NV 89148, USA",Property_Street_Number__c,,9465
006WR00000wkDsXYAU,Aspire at Tesora,,"9465 W Post Rd, Las Vegas, NV 89148, USA",Property_Street__c,,W Post Rd
006WR00000wkDsYYAU,Tivoli,,"4650 North Rainbow Boulevard, Las Vegas, NV, USA",Property_Street_Number__c,,4650
006WR00000wkDsYYAU,Tivoli,,"4650 North Rainbow Boulevard, Las Vegas, NV, USA",Property_Street__c,,North Rainbow Boulevard
006WR00000wkDsZYAU,Altessa,,"100 Park Vista Dr, Las Vegas, NV 89138",Property_Street_Number__c,,100
006WR00000wkDsZYAU,Altessa,,"100 Park Vista Dr, Las Vegas, NV 89138",Property_Street__c,,Park Vista Dr
006WR00000wkDsaYAE,Arzano,,"6275 Boulder Hwy, Las Vegas, NV 89122",Property_Street_Number__c,,6275
006WR00000wkDsaYAE,Arzano,,"6275 Boulder Hwy, Las Vegas, NV 89122",Property_Street__c,,Boulder Hwy
006WR00000wkDsbYAE,Positano Apartments,,"10115 Jeffreys St, Las Vegas, NV 89183",Property_Street_Number__c,,10115
006WR00000wkDsbYAE,Positano Apartments,,"10115 Jeffreys St, Las Vegas, NV 89183",Property_Street__c,,Jeffreys St
006WR00000wkDscYAE,Curtis Meadows,,"1713 S Curtis Rd, Boise, ID 83705",Property_Street_Number__c,,1713
006WR00000wkDscYAE,Curtis Meadows,,"1713 S Curtis Rd, Boise, ID 83705",Property_Street__c,,S Curtis Rd
006WR00000wkDsdYAE,Central Pointe,,"1334 North Liberty Street, Boise, ID, USA",Property_Street_Number__c,,1334
006WR00000wkDsdYAE,Central Pointe,,"1334 North Liberty Street, Boise, ID, USA",Property_Street__c,,North Liberty Street
006WR00000wkDseYAE,Venture Out at Mesa (MHP),,"5001 East Main Street, Mesa, Arizona 85205, USA",Property_Street_Number__c,,5001
006WR00000wkDseYAE,Venture Out at Mesa (MHP),,"5001 East Main Street, Mesa, Arizona 85205, USA",Property_Street__c,,East Main Street
006WR00000wkDsfYAE,Aspire Mesa,,"1248 South Vineyard, Mesa, AZ 85210, USA",Property_Street_Number__c,,1248
006WR00000wkDsfYAE,Aspire Mesa,,"1248 South Vineyard, Mesa, AZ 85210, USA",Property_Street__c,,South Vineyard
006WR00000wkDsgYAE,Trillium Apartments,,"12925 East Mansfield Avenue, Spokane Valley, WA, USA",Property_Street_Number__c,,12925
006WR00000wkDsgYAE,Trillium Apartments,,"12925 East Mansfield Avenue, Spokane Valley, WA, USA",Property_Street__c,,East Mansfield Avenue
006WR00000wkDshYAE,Auburn Glenn,,"49 Boulevard Southeast, Atlanta, GA, USA",Property_Street_Number__c,,49
006WR00000wkDshYAE,Auburn Glenn,,"49 Boulevard Southeast, Atlanta, GA, USA",Property_Street__c,,Boulevard Southeast
006WR00000wkDsiYAE,Mesa Spirit RV Resort,,"3020 E Main St, Mesa, AZ, USA",Property_Street_Number__c,,3020
006WR00000wkDsiYAE,Mesa Spirit RV Resort,,"3020 E Main St, Mesa, AZ, USA",Property_Street__c,,E Main St
006WR00000wkDsjYAE,Lakewood-Townhomes,,"4200 E Benson HWY Tucson, AZ 85706",Property_Street_Number__c,,4200
006WR00000wkDsjYAE,Lakewood-Townhomes,,"4200 E Benson HWY Tucson, AZ 85706",Property_Street__c,,E Benson HWY Tucson
006WR00000wkDskYAE,Westwood Apartments,,"238 52nd Street, West Des Moines, Iowa 50265, USA",Property_Street_Number__c,,238
006WR00000wkDskYAE,Westwood Apartments,,"238 52nd Street, West Des Moines, Iowa 50265, USA",Property_Street__c,,52nd Street
006WR00000wkDslYAE,Eastwood on Grand,,"2120 Grand Ave, West Des Moines, IA 50265, USA",Property_Street_Number__c,,2120
006WR00000wkDslYAE,Eastwood on Grand,,"2120 Grand Ave, West Des Moines, IA 50265, USA",Property_Street__c,,Grand Ave
006WR00000wkDsmYAE,Palm Valley Villas,,"4200 North Falcon Drive, Goodyear, AZ, USA",Property_Street_Number__c,,4200
006WR00000wkDsmYAE,Palm Valley Villas,,"4200 North Falcon Drive, Goodyear, AZ, USA",Property_Street__c,,North Falcon Drive
006WR00000wkDsnYAE,Homestead Apartments,,"1013 East Holly Street, Boise, ID, USA",Property_Street_Number__c,,1013
006WR00000wkDsnYAE,Homestead Apartments,,"1013 East Holly Street, Boise, ID, USA",Property_Street__c,,East Holly Street
006WR00000wkDsoYAE,Willamette Estates,,"39000 Santiam Pass Way Northeast, Salem, OR 97305",Property_Street_Number__c,,39000
006WR00000wkDsoYAE,Willamette Estates,,"39000 Santiam Pass Way Northeast, Salem, OR 97305",Property_Street__c,,Santiam Pass Way Northeast
006WR00000wkDspYAE,McCormick Pier Condo,,"600 Northwest Naito Parkway, Portland, OR, USA",Property_Street_Number__c,,600
006WR00000wkDspYAE,McCormick Pier Condo,,"600 Northwest Naito Parkway, Portland, OR, USA",Property_Street__c,,Northwest Naito Parkway
006WR00000wkDsqYAE,Casa Del Sol Envolve,,"1725 Constitution Road, Pueblo, CO, USA",Property_Street_Number__c,,1725
006WR00000wkDsqYAE,Casa Del Sol Envolve,,"1725 Constitution Road, Pueblo, CO, USA",Property_Street__c,,Constitution Road
006WR00000wkDsrYAE,Emerald Apts,Mesa_MDU_Emerald Apts,"1030 S Dobson Rd, Mesa, AZ 85202, USA",Property_Street_Number__c,,1030
006WR00000wkDsrYAE,Emerald Apts,Mesa_MDU_Emerald Apts,"1030 S Dobson Rd, Mesa, AZ 85202, USA",Property_Street__c,,S Dobson Rd
006WR00000wkDssYAE,Fiesta Village MH & RV Resort,Mesa_MDU_Fiesta Village Mobile Home Park,"235 W Southern Ave, Mesa, AZ 85210, USA",Property_Street_Number__c,,235
006WR00000wkDssYAE,Fiesta Village MH & RV Resort,Mesa_MDU_Fiesta Village Mobile Home Park,"235 W Southern Ave, Mesa, AZ 85210, USA",Property_Street__c,,W Southern Ave
006WR00000wkDstYAE,Southern Palms Mobile Home & RV Park,Mesa_MDU_Southern Palms Mobile Home & RV Park,"29 W Southern Ave, Mesa, AZ 85210, USA",Property_Street_Number__c,,29
006WR00000wkDstYAE,Southern Palms Mobile Home & RV Park,Mesa_MDU_Southern Palms Mobile Home & RV Park,"29 W Southern Ave, Mesa, AZ 85210, USA",Property_Street__c,,W Southern Ave
006WR00000wkDsuYAE,Forrest Bluff Senior Apartments,Encinitas_MDU_Forrest Bluff Senior Apartments,"500 Via Cantebria #201, Encinitas, CA 92024, USA",Property_Street_Number__c,,500
006WR00000wkDsuYAE,Forrest Bluff Senior Apartments,Encinitas_MDU_Forrest Bluff Senior Apartments,"500 Via Cantebria #201, Encinitas, CA 92024, USA",Property_Street__c,,Via Cantebria
006WR00000wkDsvYAE,Park_Place (Care Center),Georgetown_MDU_Park_Place,121 FM 971 GEORGETOWN TX 78626,Property_Street_Number__c,,121
006WR00000wkDsvYAE,Park_Place (Care Center),Georgetown_MDU_Park_Place,121 FM 971 GEORGETOWN TX 78626,Property_Street__c,,FM 971
006WR00000wkDsvYAE,Park_Place (Care Center),Georgetown_MDU_Park_Place,121 FM 971 GEORGETOWN TX 78626,Property_County__c,,Williamson
006WR00000wkDswYAE,Crown Tower,Omaha_MDU_Crown Tower Apartment Complex,"5904 Henninger Drive, Omaha, NE, USA",Property_Street_Number__c,,5904
006WR00000wkDswYAE,Crown Tower,Omaha_MDU_Crown Tower Apartment Complex,"5904 Henninger Drive, Omaha, NE, USA",Property_Street__c,,Henninger Drive
006WR00000wkDswYAE,Crown Tower,Omaha_MDU_Crown Tower Apartment Complex,"5904 Henninger Drive, Omaha, NE, USA",Property_County__c,,Douglas
006WR00000wkDsxYAE,Highlander Apartments,Killeen_MDU_Highlander Apartments,"308 Hall Avenue, Killeen, TX, USA",Property_Street_Number__c,,308
006WR00000wkDsxYAE,Highlander Apartments,Killeen_MDU_Highlander Apartments,"308 Hall Avenue, Killeen, TX, USA",Property_Street__c,,Hall Avenue
006WR00000wkDsxYAE,Highlander Apartments,Killeen_MDU_Highlander Apartments,"308 Hall Avenue, Killeen, TX, USA",Property_County__c,,Bell
006WR00000wkDsyYAE,Knoll Creek Apartments,Azle_MDU_Shady Creek Ranch Apartments,"820 Southeast Parkway, Azle, TX, USA",Property_Street_Number__c,,820
006WR00000wkDsyYAE,Knoll Creek Apartments,Azle_MDU_Shady Creek Ranch Apartments,"820 Southeast Parkway, Azle, TX, USA",Property_Street__c,,Southeast Parkway
006WR00000wkDsyYAE,Knoll Creek Apartments,Azle_MDU_Shady Creek Ranch Apartments,"820 Southeast Parkway, Azle, TX, USA",Property_County__c,,Tarrant
006WR00000wkDszYAE,Arbor on Broadway (Now Called) Buenas on Broadway,Mesa_MDU_Buenas on Broadway,"660 E Broadway Rd, Mesa, AZ 85204, USA",Property_Street_Number__c,,660
006WR00000wkDszYAE,Arbor on Broadway (Now Called) Buenas on Broadway,Mesa_MDU_Buenas on Broadway,"660 E Broadway Rd, Mesa, AZ 85204, USA",Property_Street__c,,E Broadway Rd
006WR00000wkDt0YAE,Bel-Aire Manor,Mesa_MDU_Bel-Aire Manor,"221 E 2nd Ave, Mesa, AZ 85210, USA",Property_Street_Number__c,,221
006WR00000wkDt0YAE,Bel-Aire Manor,Mesa_MDU_Bel-Aire Manor,"221 E 2nd Ave, Mesa, AZ 85210, USA",Property_Street__c,,E 2nd Ave
006WR00000wkDt1YAE,The Harrison at Heritage,Fort Worth_MDU_The Harrison at Heritage,4600 HERITAGE TRACE PKWY UNIT 1 FORT WORTH TX 76244,Property_Street_Number__c,,4600
006WR00000wkDt1YAE,The Harrison at Heritage,Fort Worth_MDU_The Harrison at Heritage,4600 HERITAGE TRACE PKWY UNIT 1 FORT WORTH TX 76244,Property_Street__c,,HERITAGE TRACE PKWY
006WR00000wkDt1YAE,The Harrison at Heritage,Fort Worth_MDU_The Harrison at Heritage,4600 HERITAGE TRACE PKWY UNIT 1 FORT WORTH TX 76244,Property_County__c,,Tarrant
006WR00000wkDt2YAE,25 Space Yucca Trailer Ranch,Mesa_MDU_YUCCA TRAILER RANCH,"735 S Country Club Dr, Mesa, AZ 85210, USA",Property_Street_Number__c,,735
006WR00000wkDt2YAE,25 Space Yucca Trailer Ranch,Mesa_MDU_YUCCA TRAILER RANCH,"735 S Country Club Dr, Mesa, AZ 85210, USA",Property_Street__c,,S Country Club Dr
006WR00000wkDt3YAE,Sea Crest Village Retirement Communities,Encinitas_MDU_Sea Crest,921 HYGEIA AVE ENCINITAS CA 92024,Property_Street_Number__c,,921
006WR00000wkDt3YAE,Sea Crest Village Retirement Communities,Encinitas_MDU_Sea Crest,921 HYGEIA AVE ENCINITAS CA 92024,Property_Street__c,,HYGEIA AVE
006WR00000wkDt4YAE,Charleston Court,Omaha_MDU_Charleston Court,"1501 N 48TH ST, OMAHA NE 68104",Property_Street_Number__c,,1501
006WR00000wkDt4YAE,Charleston Court,Omaha_MDU_Charleston Court,"1501 N 48TH ST, OMAHA NE 68104",Property_Street__c,,N 48TH ST
006WR00000wkDt4YAE,Charleston Court,Omaha_MDU_Charleston Court,"1501 N 48TH ST, OMAHA NE 68104",Property_County__c,,Douglas
006WR00000wkDt5YAE,Underwood Senior Housing,Omaha_MDU_Underwood Senior Housing,4850 UNDERWOOD AVE OMAHA NE 68132,Property_Street_Number__c,,4850
006WR00000wkDt5YAE,Underwood Senior Housing,Omaha_MDU_Underwood Senior Housing,4850 UNDERWOOD AVE OMAHA NE 68132,Property_Street__c,,UNDERWOOD AVE
006WR00000wkDt5YAE,Underwood Senior Housing,Omaha_MDU_Underwood Senior Housing,4850 UNDERWOOD AVE OMAHA NE 68132,Property_County__c,,Douglas
006WR00000wkDt6YAE,612-616 N 46 St,Omaha_MDU_612-616 N 46th St,612 N 46TH ST OMAHA NE 68132,Property_Street_Number__c,,612
006WR00000wkDt6YAE,612-616 N 46 St,Omaha_MDU_612-616 N 46th St,612 N 46TH ST OMAHA NE 68132,Property_Street__c,,N 46TH ST
006WR00000wkDt6YAE,612-616 N 46 St,Omaha_MDU_612-616 N 46th St,612 N 46TH ST OMAHA NE 68132,Property_County__c,,Douglas
006WR00000wkDt7YAE,Grant Ridge Apartments,Omaha_MDU_Grant Ridge Apartments,640 & 802 N 46TH ST OMAHA NE 68132,Property_Street_Number__c,,640
006WR00000wkDt7YAE,Grant Ridge Apartments,Omaha_MDU_Grant Ridge Apartments,640 & 802 N 46TH ST OMAHA NE 68132,Property_Street__c,,& 802 N 46TH ST
006WR00000wkDt7YAE,Grant Ridge Apartments,Omaha_MDU_Grant Ridge Apartments,640 & 802 N 46TH ST OMAHA NE 68132,Property_County__c,,Douglas
006WR00000wkDt8YAE,Dimple St MHP,KILLEEN_MDU_DIMPLE ST MHP,100 DIMPLE ST UNIT 100 KILLEEN TX 76541,Property_Street_Number__c,,100
006WR00000wkDt8YAE,Dimple St MHP,KILLEEN_MDU_DIMPLE ST MHP,100 DIMPLE ST UNIT 100 KILLEEN TX 76541,Property_Street__c,,DIMPLE ST
006WR00000wkDt8YAE,Dimple St MHP,KILLEEN_MDU_DIMPLE ST MHP,100 DIMPLE ST UNIT 100 KILLEEN TX 76541,Property_County__c,,Bell
006WR00000wkDt9YAE,Indian Creek Duplexes,Trophy Club_MDU_Indian Creek Duplexes,302 INDIAN CREEK DR TROPHY CLUB TX 76262,Property_Street_Number__c,,302
006WR00000wkDt9YAE,Indian Creek Duplexes,Trophy Club_MDU_Indian Creek Duplexes,302 INDIAN CREEK DR TROPHY CLUB TX 76262,Property_Street__c,,INDIAN CREEK DR
006WR00000wkDt9YAE,Indian Creek Duplexes,Trophy Club_MDU_Indian Creek Duplexes,302 INDIAN CREEK DR TROPHY CLUB TX 76262,Property_County__c,,Tarrant
006WR00000wkDtAYAU,Marlboro_Heights_Mobile Home_Park,KIlleen_MDU_Marlboro_Heights_Mobile_Park,2606 LEWIS ST KILLEEN TX 76543,Property_Street_Number__c,,2606
006WR00000wkDtAYAU,Marlboro_Heights_Mobile Home_Park,KIlleen_MDU_Marlboro_Heights_Mobile_Park,2606 LEWIS ST KILLEEN TX 76543,Property_Street__c,,LEWIS ST
006WR00000wkDtAYAU,Marlboro_Heights_Mobile Home_Park,KIlleen_MDU_Marlboro_Heights_Mobile_Park,2606 LEWIS ST KILLEEN TX 76543,Property_County__c,,Bell
006WR00000wkDtBYAU,KILLEEN_MDU_Henderson_Garden,KILLEEN_MDU_Henderson_Garden,1103 YORK AVE UNIT 1 KILLEEN TX 76541,Property_Street_Number__c,,1103
006WR00000wkDtBYAU,KILLEEN_MDU_Henderson_Garden,KILLEEN_MDU_Henderson_Garden,1103 YORK AVE UNIT 1 KILLEEN TX 76541,Property_Street__c,,YORK AVE
006WR00000wkDtBYAU,KILLEEN_MDU_Henderson_Garden,KILLEEN_MDU_Henderson_Garden,1103 YORK AVE UNIT 1 KILLEEN TX 76541,Property_County__c,,Bell
006WR00000wkDtCYAU,DECATUR_MDU_Private_Rd_3176_Mobile_Park,DECATUR_MDU_Private_Rd_3176_Mobile_Park,103 PRIVATE ROAD 3176 DECATUR TX 76234,Property_Street_Number__c,,103
006WR00000wkDtCYAU,DECATUR_MDU_Private_Rd_3176_Mobile_Park,DECATUR_MDU_Private_Rd_3176_Mobile_Park,103 PRIVATE ROAD 3176 DECATUR TX 76234,Property_Street__c,,PRIVATE ROAD 3176
006WR00000wkDtCYAU,DECATUR_MDU_Private_Rd_3176_Mobile_Park,DECATUR_MDU_Private_Rd_3176_Mobile_Park,103 PRIVATE ROAD 3176 DECATUR TX 76234,Property_County__c,,Wise
006WR00000wkDtDYAU,Nolan Creek Mobile Park,KILLEEN_MDU_Nolan Creek Mobile Park,502 HOUSTON ST KILLEEN TX 76541,Property_Street_Number__c,,502
006WR00000wkDtDYAU,Nolan Creek Mobile Park,KILLEEN_MDU_Nolan Creek Mobile Park,502 HOUSTON ST KILLEEN TX 76541,Property_Street__c,,HOUSTON ST
006WR00000wkDtDYAU,Nolan Creek Mobile Park,KILLEEN_MDU_Nolan Creek Mobile Park,502 HOUSTON ST KILLEEN TX 76541,Property_County__c,,Bell
006WR00000wkDtEYAU,Killeen_MDU_408-420 E Hallmark Ave,Killeen_MDU_408-420 E Hallmark Ave,408 E HALLMARK AVE UNIT A KILLEEN TX 76541,Property_Street_Number__c,,408
006WR00000wkDtEYAU,Killeen_MDU_408-420 E Hallmark Ave,Killeen_MDU_408-420 E Hallmark Ave,408 E HALLMARK AVE UNIT A KILLEEN TX 76541,Property_Street__c,,E HALLMARK AVE
006WR00000wkDtEYAU,Killeen_MDU_408-420 E Hallmark Ave,Killeen_MDU_408-420 E Hallmark Ave,408 E HALLMARK AVE UNIT A KILLEEN TX 76541,Property_County__c,,Bell
006WR00000wkDtFYAU,Kings Arms Apartment II,Killeen_MDU_Kings Arms Apartment II,209 ROOT AVE UNIT 1 KILLEEN TX 76541,Property_Street_Number__c,,209
006WR00000wkDtFYAU,Kings Arms Apartment II,Killeen_MDU_Kings Arms Apartment II,209 ROOT AVE UNIT 1 KILLEEN TX 76541,Property_Street__c,,ROOT AVE
006WR00000wkDtFYAU,Kings Arms Apartment II,Killeen_MDU_Kings Arms Apartment II,209 ROOT AVE UNIT 1 KILLEEN TX 76541,Property_County__c,,Bell
006WR00000wkDtGYAU,HARKER_HEIGHTS_MDU_207-217 W Beeline MHP,HARKER_HEIGHTS_MDU_207-217 W Beeline MHP,207 W BEELINE LN UNIT 1 HARKER HEIGHTS TX 76548,Property_Street_Number__c,,207
006WR00000wkDtGYAU,HARKER_HEIGHTS_MDU_207-217 W Beeline MHP,HARKER_HEIGHTS_MDU_207-217 W Beeline MHP,207 W BEELINE LN UNIT 1 HARKER HEIGHTS TX 76548,Property_Street__c,,W BEELINE LN
006WR00000wkDtGYAU,HARKER_HEIGHTS_MDU_207-217 W Beeline MHP,HARKER_HEIGHTS_MDU_207-217 W Beeline MHP,207 W BEELINE LN UNIT 1 HARKER HEIGHTS TX 76548,Property_County__c,,Bell
006WR00000wkDtHYAU,Landmark Oak_Mobile_Park,HARKER_HEIGHTS_MDU_Landmark Oak_Mobile_Park,210 E KATHEY RD UNIT 10 HARKER HEIGHTS TX 76548,Property_Street_Number__c,,210
006WR00000wkDtHYAU,Landmark Oak_Mobile_Park,HARKER_HEIGHTS_MDU_Landmark Oak_Mobile_Park,210 E KATHEY RD UNIT 10 HARKER HEIGHTS TX 76548,Property_Street__c,,E KATHEY RD
006WR00000wkDtHYAU,Landmark Oak_Mobile_Park,HARKER_HEIGHTS_MDU_Landmark Oak_Mobile_Park,210 E KATHEY RD UNIT 10 HARKER HEIGHTS TX 76548,Property_County__c,,Bell
006WR00000wkDtIYAU,John Wesley Arms,Killeen_MDU_John Wesley Arms,1216 N 8TH ST UNIT 1 KILLEEN TX 76541,Property_Street_Number__c,,1216
006WR00000wkDtIYAU,John Wesley Arms,Killeen_MDU_John Wesley Arms,1216 N 8TH ST UNIT 1 KILLEEN TX 76541,Property_Street__c,,N 8TH ST
006WR00000wkDtIYAU,John Wesley Arms,Killeen_MDU_John Wesley Arms,1216 N 8TH ST UNIT 1 KILLEEN TX 76541,Property_County__c,,Bell
006WR00000wkDtJYAU,Las Palmas,Killeen_MDU_Las Palmas,1801 N 4TH ST UNIT 1 KILLEEN TX 76541,Property_Street_Number__c,,1801
006WR00000wkDtJYAU,Las Palmas,Killeen_MDU_Las Palmas,1801 N 4TH ST UNIT 1 KILLEEN TX 76541,Property_Street__c,,N 4TH ST
006WR00000wkDtJYAU,Las Palmas,Killeen_MDU_Las Palmas,1801 N 4TH ST UNIT 1 KILLEEN TX 76541,Property_County__c,,Bell
006WR00000wkDtKYAU,Valley View RV Park,JARRELL_MDU_Valley View RV Park,100 N 10TH ST JARRELL TX 76537,Property_Street_Number__c,,100
006WR00000wkDtKYAU,Valley View RV Park,JARRELL_MDU_Valley View RV Park,100 N 10TH ST JARRELL TX 76537,Property_Street__c,,N 10TH ST
006WR00000wkDtKYAU,Valley View RV Park,JARRELL_MDU_Valley View RV Park,100 N 10TH ST JARRELL TX 76537,Property_County__c,,Williamson
006WR00000wkDtLYAU,Killeen Housing Authority,Killeen_MDU_Killeen Housing Authority,1201 ATTAS AVE UNIT 64 KILLEEN TX 76541,Property_Street_Number__c,,1201
006WR00000wkDtLYAU,Killeen Housing Authority,Killeen_MDU_Killeen Housing Authority,1201 ATTAS AVE UNIT 64 KILLEEN TX 76541,Property_Street__c,,ATTAS AVE
006WR00000wkDtLYAU,Killeen Housing Authority,Killeen_MDU_Killeen Housing Authority,1201 ATTAS AVE UNIT 64 KILLEEN TX 76541,Property_County__c,,Bell
006WR00000wkDtMYAU,Fort_Hood MHP,KILLEEN_MDU_3103_S_Fort_Hood  MHP,3103 S FORT HOOD ST UNIT 10 KILLEEN TX 76542,Property_Street_Number__c,,3103
006WR00000wkDtMYAU,Fort_Hood MHP,KILLEEN_MDU_3103_S_Fort_Hood  MHP,3103 S FORT HOOD ST UNIT 10 KILLEEN TX 76542,Property_Street__c,,S FORT HOOD ST
006WR00000wkDtMYAU,Fort_Hood MHP,KILLEEN_MDU_3103_S_Fort_Hood  MHP,3103 S FORT HOOD ST UNIT 10 KILLEEN TX 76542,Property_County__c,,Bell
006WR00000wkDtNYAU,Omaha_MDU_Cherry Tree Apartments,Omaha_MDU_Cherry Tree Apartments,"8304 Underwood Ave, Omaha, NE 68114, USA",Property_Street_Number__c,,8304
006WR00000wkDtNYAU,Omaha_MDU_Cherry Tree Apartments,Omaha_MDU_Cherry Tree Apartments,"8304 Underwood Ave, Omaha, NE 68114, USA",Property_Street__c,,Underwood Ave
006WR00000wkDtNYAU,Omaha_MDU_Cherry Tree Apartments,Omaha_MDU_Cherry Tree Apartments,"8304 Underwood Ave, Omaha, NE 68114, USA",Property_County__c,,Douglas
006WR00000wkDtOYAU,OMAHA_MDU_58TH_Plaza_CIR,OMAHA_MDU_58TH_Plaza_CIR,5303 58TH PLAZA CIR OMAHA NE 68104,Property_Street_Number__c,,5303
006WR00000wkDtOYAU,OMAHA_MDU_58TH_Plaza_CIR,OMAHA_MDU_58TH_Plaza_CIR,5303 58TH PLAZA CIR OMAHA NE 68104,Property_Street__c,,58TH PLAZA CIR
006WR00000wkDtOYAU,OMAHA_MDU_58TH_Plaza_CIR,OMAHA_MDU_58TH_Plaza_CIR,5303 58TH PLAZA CIR OMAHA NE 68104,Property_County__c,,Douglas
006WR00000wkDtPYAU,Yale Park,,"2400 North 34th Avenue, Omaha, NE, USA",Property_Street_Number__c,,2400
006WR00000wkDtPYAU,Yale Park,,"2400 North 34th Avenue, Omaha, NE, USA",Property_Street__c,,North 34th Avenue
006WR00000wkDtQYAU,Silverado Apartments,Solana Beach_MDU_Silverado Apartments,"805 Valley Ave, Solana Beach, CA 92075, USA",Property_Street_Number__c,,805
006WR00000wkDtQYAU,Silverado Apartments,Solana Beach_MDU_Silverado Apartments,"805 Valley Ave, Solana Beach, CA 92075, USA",Property_Street__c,,Valley Ave
006WR00000wkDtRYAU,Mac's Mobile Home Park,NOLANVILLE_MDU_Mac Mobile Home Park,"709 West Avenue G, Nolanville, TX, USA",Property_Street_Number__c,,709
006WR00000wkDtRYAU,Mac's Mobile Home Park,NOLANVILLE_MDU_Mac Mobile Home Park,"709 West Avenue G, Nolanville, TX, USA",Property_Street__c,,West Avenue G
006WR00000wkDtRYAU,Mac's Mobile Home Park,NOLANVILLE_MDU_Mac Mobile Home Park,"709 West Avenue G, Nolanville, TX, USA",Property_County__c,,Bell
006WR00000wkDtSYAU,Cimarron Hills,,"200 West Cimarron Hills Trail, Georgetown, TX, USA",Property_Street_Number__c,,200
006WR00000wkDtSYAU,Cimarron Hills,,"200 West Cimarron Hills Trail, Georgetown, TX, USA",Property_Street__c,,West Cimarron Hills Trail
006WR00000wkDtTYAU,The Oaks at Liberty Hill Apartments,,"14000 West State Highway 29, Liberty Hill, TX, USA",Property_Street_Number__c,,14000
006WR00000wkDtTYAU,The Oaks at Liberty Hill Apartments,,"14000 West State Highway 29, Liberty Hill, TX, USA",Property_Street__c,,West State Highway 29
006WR00000wkDtUYAU,Mobile Manor Estates,HARKER_HEIGHTS_MDU_Mobile Manor Estates,307 INDIAN OAKS DR HARKER HEIGHTS TX 76548,Property_Street_Number__c,,307
006WR00000wkDtUYAU,Mobile Manor Estates,HARKER_HEIGHTS_MDU_Mobile Manor Estates,307 INDIAN OAKS DR HARKER HEIGHTS TX 76548,Property_Street__c,,INDIAN OAKS DR
006WR00000wkDtUYAU,Mobile Manor Estates,HARKER_HEIGHTS_MDU_Mobile Manor Estates,307 INDIAN OAKS DR HARKER HEIGHTS TX 76548,Property_County__c,,Bell
006WR00000wkDtVYAU,1301-1315 Quail_CIR_Apts,KILLEEN_MDU_1301-1315 Quail_CIR_Apts,1301 QUAIL CIR UNIT A KILLEEN TX 76549,Property_Street_Number__c,,1301
006WR00000wkDtVYAU,1301-1315 Quail_CIR_Apts,KILLEEN_MDU_1301-1315 Quail_CIR_Apts,1301 QUAIL CIR UNIT A KILLEEN TX 76549,Property_Street__c,,QUAIL CIR
006WR00000wkDtWYAU,GEORGETOWN_MDU_101_FM971 AKA Vered at San Gabriel,GEORGETOWN_MDU_101_FM971,101 FM 971 GEORGETOWN TX 78626,Property_Street_Number__c,,101
006WR00000wkDtWYAU,GEORGETOWN_MDU_101_FM971 AKA Vered at San Gabriel,GEORGETOWN_MDU_101_FM971,101 FM 971 GEORGETOWN TX 78626,Property_Street__c,,FM 971
006WR00000wkDtWYAU,GEORGETOWN_MDU_101_FM971 AKA Vered at San Gabriel,GEORGETOWN_MDU_101_FM971,101 FM 971 GEORGETOWN TX 78626,Property_County__c,,Williamson
006WR00000wkDtXYAU,Pelican Cove HOA,OCEANSIDE_MDU_Pelican Cove,"275 Reef Point Way, Oceanside, CA 92058",Property_Street_Number__c,,275
006WR00000wkDtXYAU,Pelican Cove HOA,OCEANSIDE_MDU_Pelican Cove,"275 Reef Point Way, Oceanside, CA 92058",Property_Street__c,,Reef Point Way
006WR00000wkDtYYAU,ENCINITAS_MDU_Quail_Gardens,ENCINITAS_MDU_Quail_Gardens,155 QUAIL GARDENS DR UNIT 1 ENCINITAS CA 92024,Property_Street_Number__c,,155
006WR00000wkDtYYAU,ENCINITAS_MDU_Quail_Gardens,ENCINITAS_MDU_Quail_Gardens,155 QUAIL GARDENS DR UNIT 1 ENCINITAS CA 92024,Property_Street__c,,QUAIL GARDENS DR
006WR00000wkDtZYAU,OMAHA_MDU_Ogden Plaza,OMAHA_MDU_Ogden Plaza,4304 OGDEN ST OMAHA NE 68111,Property_Street_Number__c,,4304
006WR00000wkDtZYAU,OMAHA_MDU_Ogden Plaza,OMAHA_MDU_Ogden Plaza,4304 OGDEN ST OMAHA NE 68111,Property_Street__c,,OGDEN ST
006WR00000wkDtZYAU,OMAHA_MDU_Ogden Plaza,OMAHA_MDU_Ogden Plaza,4304 OGDEN ST OMAHA NE 68111,Property_County__c,,Douglas
006WR00000wkDtaYAE,Peony Park West Apartments,Omaha_MDU_Peony Park West Apartments,"Cass StOmaha, NE 68114",Property_Street__c,,Cass StOmaha
006WR00000wkDtaYAE,Peony Park West Apartments,Omaha_MDU_Peony Park West Apartments,"Cass StOmaha, NE 68114",Property_County__c,,Douglas
006WR00000wkDtbYAE,Spindrift Apartments,Encinitas_MDU_Spindrift Apartments Inc,1125 N VULCAN AVE UNIT 1 ENCINITAS CA 92024,Property_Street_Number__c,,1125
006WR00000wkDtbYAE,Spindrift Apartments,Encinitas_MDU_Spindrift Apartments Inc,1125 N VULCAN AVE UNIT 1 ENCINITAS CA 92024,Property_Street__c,,N VULCAN AVE
006WR00000wkDtcYAE,OMAHA_MDU_Meredith Manor Apartments,OMAHA_MDU_Meredith Manor Apartments,3325 MEREDITH AVE  OMAHA NE 68111,Property_Street_Number__c,,3325
006WR00000wkDtcYAE,OMAHA_MDU_Meredith Manor Apartments,OMAHA_MDU_Meredith Manor Apartments,3325 MEREDITH AVE  OMAHA NE 68111,Property_Street__c,,MEREDITH AVE
006WR00000wkDtcYAE,OMAHA_MDU_Meredith Manor Apartments,OMAHA_MDU_Meredith Manor Apartments,3325 MEREDITH AVE  OMAHA NE 68111,Property_County__c,,Douglas
006WR00000wkDtdYAE,Highland Park Manor (HOA),Mesa_MDU_Highland Park Manor,525 N VAL VISTA DR MESA AZ 85205,Property_Street_Number__c,,525
006WR00000wkDtdYAE,Highland Park Manor (HOA),Mesa_MDU_Highland Park Manor,525 N VAL VISTA DR MESA AZ 85205,Property_Street__c,,N VAL VISTA DR
006WR00000wkDteYAE,Lakeside Estates,,"2155 Tower Rd, Liberty Hill, TX, USA",Property_Street_Number__c,,2155
006WR00000wkDteYAE,Lakeside Estates,,"2155 Tower Rd, Liberty Hill, TX, USA",Property_Street__c,,Tower Rd
006WR00000wkDtfYAE,Leucadia Rocks,ENCINITAS_MDU_Leucadia Rocks,1076 N COAST HIGHWAY 101 UNIT 1 ENCINITAS CA 92024,Property_Street_Number__c,,1076
006WR00000wkDtfYAE,Leucadia Rocks,ENCINITAS_MDU_Leucadia Rocks,1076 N COAST HIGHWAY 101 UNIT 1 ENCINITAS CA 92024,Property_Street__c,,N COAST HIGHWAY 101
006WR00000wkDtgYAE,Encinitas Villas,Encinitas_MDU_760-820 Encinitas Blvd Condominiums,760 ENCINITAS BLVD ENCINITAS CA 92024,Property_Street_Number__c,,760
006WR00000wkDtgYAE,Encinitas Villas,Encinitas_MDU_760-820 Encinitas Blvd Condominiums,760 ENCINITAS BLVD ENCINITAS CA 92024,Property_Street__c,,ENCINITAS BLVD
006WR00000wkDthYAE,El Rancho Del Sol Apartments,Mesa_MDU_El Ranch Del Sol Apts,701 E MAIN ST UNIT 102 MESA AZ 85203,Property_Street_Number__c,,701
006WR00000wkDthYAE,El Rancho Del Sol Apartments,Mesa_MDU_El Ranch Del Sol Apts,701 E MAIN ST UNIT 102 MESA AZ 85203,Property_Street__c,,E MAIN ST
006WR00000wkDtiYAE,Villa Rouge,Omaha_MDU_4903-4905 California St,4903 CALIFORNIA ST OMAHA NE 68132,Property_Street_Number__c,,4903
006WR00000wkDtiYAE,Villa Rouge,Omaha_MDU_4903-4905 California St,4903 CALIFORNIA ST OMAHA NE 68132,Property_Street__c,,CALIFORNIA ST
006WR00000wkDtiYAE,Villa Rouge,Omaha_MDU_4903-4905 California St,4903 CALIFORNIA ST OMAHA NE 68132,Property_County__c,,Douglas
006WR00000wkDtjYAE,Ville De Sante townhomes,Omaha_MDU_6035-6085 Ville De Sante Townhomes,6035-6051 VILLE DE SANTE PLZ OMAHA NE 68104,Property_Street_Number__c,,6035-6051
006WR00000wkDtjYAE,Ville De Sante townhomes,Omaha_MDU_6035-6085 Ville De Sante Townhomes,6035-6051 VILLE DE SANTE PLZ OMAHA NE 68104,Property_Street__c,,VILLE DE SANTE PLZ
006WR00000wkDtjYAE,Ville De Sante townhomes,Omaha_MDU_6035-6085 Ville De Sante Townhomes,6035-6051 VILLE DE SANTE PLZ OMAHA NE 68104,Property_County__c,,Douglas
006WR00000wkDtkYAE,Maple Place Apartments,Omaha_MDU_Maple Place Apts,2903 N 76TH ST  OMAHA NE 68134,Property_Street_Number__c,,2903
006WR00000wkDtkYAE,Maple Place Apartments,Omaha_MDU_Maple Place Apts,2903 N 76TH ST  OMAHA NE 68134,Property_Street__c,,N 76TH ST
006WR00000wkDtkYAE,Maple Place Apartments,Omaha_MDU_Maple Place Apts,2903 N 76TH ST  OMAHA NE 68134,Property_County__c,,Douglas
006WR00000wkDtlYAE,350 E 5th Ave,,"350 E 5th Ave, Mesa, AZ 85210, USA",Property_Street_Number__c,,350
006WR00000wkDtlYAE,350 E 5th Ave,,"350 E 5th Ave, Mesa, AZ 85210, USA",Property_Street__c,,E 5th Ave
006WR00000wkDtmYAE,Mariposa Apartments,,"1295 W 10th Ave, Denver, CO, USA",Property_Street_Number__c,,1295
006WR00000wkDtmYAE,Mariposa Apartments,,"1295 W 10th Ave, Denver, CO, USA",Property_Street__c,,W 10th Ave
006WR00000wkDtnYAE,La Costa at Dobson Ranch,Mesa_MDU_La Costa at Dobson Ranch,"1820 W. Lindner Avenue, Mesa, AZ",Property_Street_Number__c,,1820
006WR00000wkDtnYAE,La Costa at Dobson Ranch,Mesa_MDU_La Costa at Dobson Ranch,"1820 W. Lindner Avenue, Mesa, AZ",Property_Street__c,,W. Lindner Avenue
006WR00000wkDtoYAE,Sorrento Apartments,Mesa_MDU_Sorrento Apartments,"901 S Dobson Rd, Mesa, AZ 85202, USA",Property_Street_Number__c,,901
006WR00000wkDtoYAE,Sorrento Apartments,Mesa_MDU_Sorrento Apartments,"901 S Dobson Rd, Mesa, AZ 85202, USA",Property_Street__c,,S Dobson Rd
006WR00000wkDtpYAE,Casa Mesa Estates,Mesa_MDU_Casa Mesa Estates,"1251 S Mesa Dr, Mesa, AZ 85210, USA",Property_Street_Number__c,,1251
006WR00000wkDtpYAE,Casa Mesa Estates,Mesa_MDU_Casa Mesa Estates,"1251 S Mesa Dr, Mesa, AZ 85210, USA",Property_Street__c,,S Mesa Dr
006WR00000wkDtqYAE,Ellipse on Excelsior,,"3920 Excelsior Blvd, St. Louis Park, MN, USA",Property_Street_Number__c,,3920
006WR00000wkDtqYAE,Ellipse on Excelsior,,"3920 Excelsior Blvd, St. Louis Park, MN, USA",Property_Street__c,,Excelsior Blvd
006WR00000wkDtrYAE,Indigo at Sunset Park,,"5272 Tamarus St, Las Vegas, NV, USA",Property_Street_Number__c,,5272
006WR00000wkDtrYAE,Indigo at Sunset Park,,"5272 Tamarus St, Las Vegas, NV, USA",Property_Street__c,,Tamarus St
006WR00000wkDtsYAE,The Cliffs at Canyon Ridge,,"1455 Valley Dr, Ogden, UT, USA",Property_Street_Number__c,,1455
006WR00000wkDtsYAE,The Cliffs at Canyon Ridge,,"1455 Valley Dr, Ogden, UT, USA",Property_Street__c,,Valley Dr
006WR00000wkDttYAE,Legend of Fort Worth: Senior Living_OneSource project,Fort Worth_MDU_Legend Assisted Living,"8600 N Riverside Dr, Keller, Texas, 76244",Property_Street_Number__c,,8600
006WR00000wkDttYAE,Legend of Fort Worth: Senior Living_OneSource project,Fort Worth_MDU_Legend Assisted Living,"8600 N Riverside Dr, Keller, Texas, 76244",Property_Street__c,,N Riverside Dr
006WR00000wkDtuYAE,Oak Ridge Apartments,Mineral Wells_MDU_2501-2505 SE 6th St,2501 SE 6TH ST MINERAL WELLS TX 76067,Property_Street_Number__c,,2501
006WR00000wkDtuYAE,Oak Ridge Apartments,Mineral Wells_MDU_2501-2505 SE 6th St,2501 SE 6TH ST MINERAL WELLS TX 76067,Property_Street__c,,SE 6TH ST
006WR00000wkDtuYAE,Oak Ridge Apartments,Mineral Wells_MDU_2501-2505 SE 6th St,2501 SE 6TH ST MINERAL WELLS TX 76067,Property_County__c,,Palo Pinto
006WR00000wkDtvYAE,Eastbrook,,"2031 East University Drive, Mesa, AZ, USA",Property_Street_Number__c,,2031
006WR00000wkDtvYAE,Eastbrook,,"2031 East University Drive, Mesa, AZ, USA",Property_Street__c,,East University Drive
006WR00000wkDtwYAE,Woodglen Square ll,Mesa_MDU_Woodglen Square Condo II,"523 West Guadalupe Road, Mesa, AZ, USA",Property_Street_Number__c,,523
006WR00000wkDtwYAE,Woodglen Square ll,Mesa_MDU_Woodglen Square Condo II,"523 West Guadalupe Road, Mesa, AZ, USA",Property_Street__c,,West Guadalupe Road
006WR00000wkDtxYAE,Olive East,Gilbert_MDU_Olive East,"65 E Olive Ave, Gilbert, AZ 85234, USA",Property_Street_Number__c,,65
006WR00000wkDtxYAE,Olive East,Gilbert_MDU_Olive East,"65 E Olive Ave, Gilbert, AZ 85234, USA",Property_Street__c,,E Olive Ave
006WR00000wkDtyYAE,Cambria Apartments,,"130 West Guadalupe Road, Gilbert, AZ, USA",Property_Street_Number__c,,130
006WR00000wkDtyYAE,Cambria Apartments,,"130 West Guadalupe Road, Gilbert, AZ, USA",Property_Street__c,,West Guadalupe Road
006WR00000wkDtzYAE,Whispering Hills Apartments,Killeen_MDU_Whispering Hills Apartments,306 N GILMER ST UNIT 101 KILLEEN TX 76541,Property_Street_Number__c,,306
006WR00000wkDtzYAE,Whispering Hills Apartments,Killeen_MDU_Whispering Hills Apartments,306 N GILMER ST UNIT 101 KILLEEN TX 76541,Property_Street__c,,N GILMER ST
006WR00000wkDu0YAE,Cielo II Apartments,Austin_MDU_Cielo II,"3499 and 3501 Ranch Road 620, Austin, TX, USA",Property_Street_Number__c,,3499
006WR00000wkDu0YAE,Cielo II Apartments,Austin_MDU_Cielo II,"3499 and 3501 Ranch Road 620, Austin, TX, USA",Property_Street__c,,and 3501 Ranch Road 620
006WR00000wkDu1YAE,The M at Lakeline,Austin_MDU_M at Lakeline,"10500 Lakeline Mall Drive, Austin, TX, USA",Property_Street_Number__c,,10500
006WR00000wkDu1YAE,The M at Lakeline,Austin_MDU_M at Lakeline,"10500 Lakeline Mall Drive, Austin, TX, USA",Property_Street__c,,Lakeline Mall Drive
006WR00000wkDu2YAE,Palmero by the Park (f/k/a Overlook by the Park),Frisco_MDU_Overlook by the Park,"1750 FM 423, Frisco, TX, USA",Property_Street_Number__c,,1750
006WR00000wkDu2YAE,Palmero by the Park (f/k/a Overlook by the Park),Frisco_MDU_Overlook by the Park,"1750 FM 423, Frisco, TX, USA",Property_Street__c,,FM 423
006WR00000wkDu3YAE,La Costa Paloma,Carlsbad_MDU_La Costa Paloma,"1953 Dove Lane, Carlsbad, CA, USA",Property_Street_Number__c,,1953
006WR00000wkDu3YAE,La Costa Paloma,Carlsbad_MDU_La Costa Paloma,"1953 Dove Lane, Carlsbad, CA, USA",Property_Street__c,,Dove Lane
006WR00000wkDu4YAE,High Country Villas 5&7,Encinitas_MDU_High Country Villas,"1893 Forestdale Dr, Encinitas, CA 92024",Property_Street_Number__c,,1893
006WR00000wkDu4YAE,High Country Villas 5&7,Encinitas_MDU_High Country Villas,"1893 Forestdale Dr, Encinitas, CA 92024",Property_Street__c,,Forestdale Dr
006WR00000wkDu5YAE,Southwest Patio Home Apartments,Chubbuck_MDU_Southwest Patio Home Apartments,"400 Jordan Loop, Chubbuck, ID, USA",Property_Street_Number__c,,400
006WR00000wkDu5YAE,Southwest Patio Home Apartments,Chubbuck_MDU_Southwest Patio Home Apartments,"400 Jordan Loop, Chubbuck, ID, USA",Property_Street__c,,Jordan Loop
006WR00000wkDu6YAE,500 NE 70th,Seattle_MDU_500 NE 70th,"500 Weedin Place Northeast, Seattle, WA, USA",Property_Street_Number__c,,500
006WR00000wkDu6YAE,500 NE 70th,Seattle_MDU_500 NE 70th,"500 Weedin Place Northeast, Seattle, WA, USA",Property_Street__c,,Weedin Place Northeast
006WR00000wkDu7YAE,San Montego Luxury Apartments,Mesa_MDU_San Montego Luxury Apartments,"6745 E Superstition Springs Blvd, Mesa, AZ 85206",Property_Street_Number__c,,6745
006WR00000wkDu7YAE,San Montego Luxury Apartments,Mesa_MDU_San Montego Luxury Apartments,"6745 E Superstition Springs Blvd, Mesa, AZ 85206",Property_Street__c,,E Superstition Springs Blvd
006WR00000wkDu8YAE,The Turn Apartments,Phoenix_MDU_The Turn Apartments,"14602 N 19th Ave, Phoenix, AZ 85023, USA",Property_Street_Number__c,,14602
006WR00000wkDu8YAE,The Turn Apartments,Phoenix_MDU_The Turn Apartments,"14602 N 19th Ave, Phoenix, AZ 85023, USA",Property_Street__c,,N 19th Ave
006WR00000wkDu9YAE,Oakwood Apartments,Brownwood_MDU_Oakwood,"3501 Rhodes Road, Brownwood, TX, USA",Property_Street_Number__c,,3501
006WR00000wkDu9YAE,Oakwood Apartments,Brownwood_MDU_Oakwood,"3501 Rhodes Road, Brownwood, TX, USA",Property_Street__c,,Rhodes Road
006WR00000wkDuAYAU,Villas on Horne,Mesa_MDU_Siesta Villa Apts- Villas on Horne,"1050 North Horne, Mesa, Arizona, 85203",Property_Street_Number__c,,1050
006WR00000wkDuAYAU,Villas on Horne,Mesa_MDU_Siesta Villa Apts- Villas on Horne,"1050 North Horne, Mesa, Arizona, 85203",Property_Street__c,,North Horne
006WR00000wkDuBYAU,Riverview Townhomes,Mesa_MDU_Riverview Town Homes,"745 N Dobson Rd, Mesa, AZ 85201, USA",Property_Street_Number__c,,745
006WR00000wkDuBYAU,Riverview Townhomes,Mesa_MDU_Riverview Town Homes,"745 N Dobson Rd, Mesa, AZ 85201, USA",Property_Street__c,,N Dobson Rd
006WR00000wkDuCYAU,Avenue 8 Apartments,Mesa_MDU_Avenue 8 Apartments,"1050 W 8th Ave, Mesa, AZ 85210, USA",Property_Street_Number__c,,1050
006WR00000wkDuCYAU,Avenue 8 Apartments,Mesa_MDU_Avenue 8 Apartments,"1050 W 8th Ave, Mesa, AZ 85210, USA",Property_Street__c,,W 8th Ave
006WR00000wkDuDYAU,Texana Apartments,Edna_MDU_Texana Apartments,"307 South Bryan Street, Edna, TX, USA",Property_Street_Number__c,,307
006WR00000wkDuDYAU,Texana Apartments,Edna_MDU_Texana Apartments,"307 South Bryan Street, Edna, TX, USA",Property_Street__c,,South Bryan Street
006WR00000wkDuEYAU,Brookwood Apartments,Tucson_MDU_Brookwood Apartments,"201 South Kolb Road, Tucson, AZ 85710, USA",Property_Street_Number__c,,201
006WR00000wkDuEYAU,Brookwood Apartments,Tucson_MDU_Brookwood Apartments,"201 South Kolb Road, Tucson, AZ 85710, USA",Property_Street__c,,South Kolb Road
006WR00000wkDuFYAU,Bahia Palms Apartments,Laguna Vista_MDU_Bahia Palms,"1303 Pino Drive, Laguna Vista, TX, USA",Property_Street_Number__c,,1303
006WR00000wkDuFYAU,Bahia Palms Apartments,Laguna Vista_MDU_Bahia Palms,"1303 Pino Drive, Laguna Vista, TX, USA",Property_Street__c,,Pino Drive
006WR00000wkDuGYAU,Mission Palms Apartments,Tucson_MDU_Mission Palms Apartments,"951 West Orange Grove Road, Tucson, AZ 85704",Property_Street_Number__c,,951
006WR00000wkDuGYAU,Mission Palms Apartments,Tucson_MDU_Mission Palms Apartments,"951 West Orange Grove Road, Tucson, AZ 85704",Property_Street__c,,West Orange Grove Road
006WR00000wkDuHYAU,River Oaks Apartments,Tucson_MDU_River Oaks Apartments,"7730 E Broadway Blvd, Tucson, AZ 85710, USA",Property_Street_Number__c,,7730
006WR00000wkDuHYAU,River Oaks Apartments,Tucson_MDU_River Oaks Apartments,"7730 E Broadway Blvd, Tucson, AZ 85710, USA",Property_Street__c,,E Broadway Blvd
006WR00000wkDuIYAU,Zona Village,Tucson_MDU_Zona Village,"2855 West Anklam Road, Tucson, AZ 85745, USA",Property_Street_Number__c,,2855
006WR00000wkDuIYAU,Zona Village,Tucson_MDU_Zona Village,"2855 West Anklam Road, Tucson, AZ 85745, USA",Property_Street__c,,West Anklam Road
006WR00000wkDuJYAU,Vanderbilt Apartments,Edna_MDU_Vanderbilt Apartments,"704 West Division Street, Edna, TX, USA",Property_Street_Number__c,,704
006WR00000wkDuJYAU,Vanderbilt Apartments,Edna_MDU_Vanderbilt Apartments,"704 West Division Street, Edna, TX, USA",Property_Street__c,,West Division Street
006WR00000wkDuKYAU,Fowler's RV Park,Fort Worth_SFU_Fowler's RV Park,"12465 North Saginaw Boulevard, Fort Worth, TX, USA",Property_Street_Number__c,,12465
006WR00000wkDuKYAU,Fowler's RV Park,Fort Worth_SFU_Fowler's RV Park,"12465 North Saginaw Boulevard, Fort Worth, TX, USA",Property_Street__c,,North Saginaw Boulevard
006WR00000wkDuKYAU,Fowler's RV Park,Fort Worth_SFU_Fowler's RV Park,"12465 North Saginaw Boulevard, Fort Worth, TX, USA",Property_County__c,,Tarrant
006WR00000wkDuLYAU,Mira Vista Apartments,Santa Anna_MDU_Mira Vista,"100 Clark Street, Santa Anna, TX, USA",Property_Street_Number__c,,100
006WR00000wkDuLYAU,Mira Vista Apartments,Santa Anna_MDU_Mira Vista,"100 Clark Street, Santa Anna, TX, USA",Property_Street__c,,Clark Street
006WR00000wkDuMYAU,Colonial Plaza,Copperas Cove_MDU_Colonial Plaza Apartments,"1600 North Main Street, Copperas Cove, TX, USA",Property_Street_Number__c,,1600
006WR00000wkDuMYAU,Colonial Plaza,Copperas Cove_MDU_Colonial Plaza Apartments,"1600 North Main Street, Copperas Cove, TX, USA",Property_Street__c,,North Main Street
006WR00000wkDuNYAU,6311-6321 Roosevelt,Seattle_MDU_6311-6321 R,"6321 Roosevelt Way Northeast, Seattle, WA, USA",Property_Street_Number__c,,6321
006WR00000wkDuNYAU,6311-6321 Roosevelt,Seattle_MDU_6311-6321 R,"6321 Roosevelt Way Northeast, Seattle, WA, USA",Property_Street__c,,Roosevelt Way Northeast
006WR00000wkDuOYAU,Stonebridge Gardens,Mesa_SFU_StonebridgeGardens,"921 S Val Vista Dr. Mesa, AZ 85204",Property_Street_Number__c,,921
006WR00000wkDuOYAU,Stonebridge Gardens,Mesa_SFU_StonebridgeGardens,"921 S Val Vista Dr. Mesa, AZ 85204",Property_Street__c,,S Val Vista Dr. Mesa
006WR00000wkDuPYAU,7000 Roosevelt Way Apt,Seattle_MDU_7000 Roosevelt,"7000 Roosevelt Way Northeast, Seattle, WA, USA",Property_Street_Number__c,,7000
006WR00000wkDuPYAU,7000 Roosevelt Way Apt,Seattle_MDU_7000 Roosevelt,"7000 Roosevelt Way Northeast, Seattle, WA, USA",Property_Street__c,,Roosevelt Way Northeast
006WR00000wkDuQYAU,Copper Commons,Copperas Cove_MDU_Copper Commons,"1301 Martin Luther King Jr Dr, Copperas Cove, TX, USA",Property_Street_Number__c,,1301
006WR00000wkDuQYAU,Copper Commons,Copperas Cove_MDU_Copper Commons,"1301 Martin Luther King Jr Dr, Copperas Cove, TX, USA",Property_Street__c,,Martin Luther King Jr Dr
006WR00000wkDuRYAU,7101 Roosevelt Way Apt,Seattle_MDU_7101 Roosevelt,"7101 Roosevelt Way Northeast, Seattle, WA, USA",Property_Street_Number__c,,7101
006WR00000wkDuRYAU,7101 Roosevelt Way Apt,Seattle_MDU_7101 Roosevelt,"7101 Roosevelt Way Northeast, Seattle, WA, USA",Property_Street__c,,Roosevelt Way Northeast
006WR00000wkDuSYAU,The Fifth Avenue,Seattle_MDU_The Fifth Avenue,"7400 5th Avenue Northeast, Seattle, WA, USA",Property_Street_Number__c,,7400
006WR00000wkDuSYAU,The Fifth Avenue,Seattle_MDU_The Fifth Avenue,"7400 5th Avenue Northeast, Seattle, WA, USA",Property_Street__c,,5th Avenue Northeast
006WR00000wkDuTYAU,The Sixth Avenue,Seattle_MDU_The Sixth Avenue,"7201 6th Ave NE, Seattle, WA, USA",Property_Street_Number__c,,7201
006WR00000wkDuTYAU,The Sixth Avenue,Seattle_MDU_The Sixth Avenue,"7201 6th Ave NE, Seattle, WA, USA",Property_Street__c,,6th Ave NE
006WR00000wkDuUYAU,Pineforest Park,Houston_MDU_Pineforest Park,"5959 Pinemont Dr, Houston, TX, USA",Property_Street_Number__c,,5959
006WR00000wkDuUYAU,Pineforest Park,Houston_MDU_Pineforest Park,"5959 Pinemont Dr, Houston, TX, USA",Property_Street__c,,Pinemont Dr
006WR00000wkDuVYAU,Crenshaw Townhouse,Los Angeles_MDU_Crenshaw Townhouse,"1327-29 Crenshaw Blvd, Los Angeles, CA, USA",Property_Street_Number__c,,1327-29
006WR00000wkDuVYAU,Crenshaw Townhouse,Los Angeles_MDU_Crenshaw Townhouse,"1327-29 Crenshaw Blvd, Los Angeles, CA, USA",Property_Street__c,,Crenshaw Blvd
006WR00000wkDuWYAU,West Creek Townhomes,San Antonio_MDU_West Creek Townhomes,"1297 West Loop 1604 North, San Antonio, TX, USA",Property_Street_Number__c,,1297
006WR00000wkDuWYAU,West Creek Townhomes,San Antonio_MDU_West Creek Townhomes,"1297 West Loop 1604 North, San Antonio, TX, USA",Property_Street__c,,West Loop 1604 North
006WR00000wkDuXYAU,Vanowen Manor,Van Nuys_MDU_Vanowen Manor,"13929 Vanowen Street, Van Nuys, CA, USA",Property_Street_Number__c,,13929
006WR00000wkDuXYAU,Vanowen Manor,Van Nuys_MDU_Vanowen Manor,"13929 Vanowen Street, Van Nuys, CA, USA",Property_Street__c,,Vanowen Street
006WR00000wkDuYYAU,Lord Tennyson,Hayward_MDU_Lord Tennyson,"2191 W Tennyson Rd, Hayward, CA, USA",Property_Street_Number__c,,2191
006WR00000wkDuYYAU,Lord Tennyson,Hayward_MDU_Lord Tennyson,"2191 W Tennyson Rd, Hayward, CA, USA",Property_Street__c,,W Tennyson Rd
006WR00000wkDuZYAU,Crenshaw Manor,Inglewood_MDU_108th St Apts,"10800 Crenshaw Blvd, Inglewood, CA, USA",Property_Street_Number__c,,10800
006WR00000wkDuZYAU,Crenshaw Manor,Inglewood_MDU_108th St Apts,"10800 Crenshaw Blvd, Inglewood, CA, USA",Property_Street__c,,Crenshaw Blvd
006WR00000wkDuaYAE,Columbia Apartments,El Paso_MDU_Columbia Apartments,"7900 Knights Drive, El Paso, TX, USA",Property_Street_Number__c,,7900
006WR00000wkDuaYAE,Columbia Apartments,El Paso_MDU_Columbia Apartments,"7900 Knights Drive, El Paso, TX, USA",Property_Street__c,,Knights Drive
006WR00000wkDubYAE,Windfaire Apartments,North Hollywood_MDU_Windfaire Apartments,"11047 Otsego Street, North Hollywood, CA, USA",Property_Street_Number__c,,11047
006WR00000wkDubYAE,Windfaire Apartments,North Hollywood_MDU_Windfaire Apartments,"11047 Otsego Street, North Hollywood, CA, USA",Property_Street__c,,Otsego Street
006WR00000wkDucYAE,Woodbury Place Apartments,Corpus Christi_MDU_Woodbury Place Apartments,"802 Barry Street, Corpus Christi, TX, USA",Property_Street_Number__c,,802
006WR00000wkDucYAE,Woodbury Place Apartments,Corpus Christi_MDU_Woodbury Place Apartments,"802 Barry Street, Corpus Christi, TX, USA",Property_Street__c,,Barry Street
006WR00000wkDudYAE,Strathmore Arms Apartments,Los Angeles_MDU_Strathmore,"11090 Strathmore Drive, Los Angeles, CA, USA",Property_Street_Number__c,,11090
006WR00000wkDudYAE,Strathmore Arms Apartments,Los Angeles_MDU_Strathmore,"11090 Strathmore Drive, Los Angeles, CA, USA",Property_Street__c,,Strathmore Drive
006WR00000wkDueYAE,University Club Apartments (Nac),Nacogdoches_MDU_University Club Apartments (Nac),"2807 Pearl Street, Nacogdoches, TX, USA",Property_Street_Number__c,,2807
006WR00000wkDueYAE,University Club Apartments (Nac),Nacogdoches_MDU_University Club Apartments (Nac),"2807 Pearl Street, Nacogdoches, TX, USA",Property_Street__c,,Pearl Street
006WR00000wkDufYAE,714 Veteran,Los Angeles_MDU_Veteran,"714 Veteran Avenue, Los Angeles, CA, USA",Property_Street_Number__c,,714
006WR00000wkDufYAE,714 Veteran,Los Angeles_MDU_Veteran,"714 Veteran Avenue, Los Angeles, CA, USA",Property_Street__c,,Veteran Avenue
006WR00000wkDugYAE,University Square Apartments,Kingsville_MDU_University Square Apartments,"1100 West Corral Avenue, Kingsville, TX, USA",Property_Street_Number__c,,1100
006WR00000wkDugYAE,University Square Apartments,Kingsville_MDU_University Square Apartments,"1100 West Corral Avenue, Kingsville, TX, USA",Property_Street__c,,West Corral Avenue
006WR00000wkDuhYAE,The Park West,Seattle_MDU_The Parkwest,"4901 Phinney Avenue North, Seattle, WA, USA",Property_Street_Number__c,,4901
006WR00000wkDuhYAE,The Park West,Seattle_MDU_The Parkwest,"4901 Phinney Avenue North, Seattle, WA, USA",Property_Street__c,,Phinney Avenue North
006WR00000wkDuiYAE,Summerset Village Apartments,Fresno_MDU_Summerset Village Apartments,"2103 North Angus Street, Fresno, CA, USA",Property_Street_Number__c,,2103
006WR00000wkDuiYAE,Summerset Village Apartments,Fresno_MDU_Summerset Village Apartments,"2103 North Angus Street, Fresno, CA, USA",Property_Street__c,,North Angus Street
006WR00000wkDujYAE,Villa Boitano 2,Seattle_MDU_Villa Boitano 2,"407 North 87th Street, Seattle, WA 98103, USA",Property_Street_Number__c,,407
006WR00000wkDujYAE,Villa Boitano 2,Seattle_MDU_Villa Boitano 2,"407 North 87th Street, Seattle, WA 98103, USA",Property_Street__c,,North 87th Street
006WR00000wkDukYAE,Cimarron Estates,Corpus Christi_MDU_Cimarron Estates,"2802 Cimarron Boulevard, Corpus Christi, TX, USA",Property_Street_Number__c,,2802
006WR00000wkDukYAE,Cimarron Estates,Corpus Christi_MDU_Cimarron Estates,"2802 Cimarron Boulevard, Corpus Christi, TX, USA",Property_Street__c,,Cimarron Boulevard
006WR00000wkDulYAE,104 North Apt,Seattle_MDU_104 North,"104 North 104th Street, Seattle, WA 98133, USA",Property_Street_Number__c,,104
006WR00000wkDulYAE,104 North Apt,Seattle_MDU_104 North,"104 North 104th Street, Seattle, WA 98133, USA",Property_Street__c,,North 104th Street
006WR00000wkDumYAE,Misty Ridge,Longview_MDU_Misty Ridge,"301 West Hawkins Parkway, Longview, TX, USA",Property_Street_Number__c,,301
006WR00000wkDumYAE,Misty Ridge,Longview_MDU_Misty Ridge,"301 West Hawkins Parkway, Longview, TX, USA",Property_Street__c,,West Hawkins Parkway
006WR00000wkDunYAE,Villa Boitano 3,Seattle_MDU_Villa Boitano 3,"8544 Phinney Avenue North, Seattle, WA 98103, USA",Property_Street_Number__c,,8544
006WR00000wkDunYAE,Villa Boitano 3,Seattle_MDU_Villa Boitano 3,"8544 Phinney Avenue North, Seattle, WA 98103, USA",Property_Street__c,,Phinney Avenue North
006WR00000wkDuoYAE,Park at Shiloh,Tyler_MDU_Park at Shiloh,"2911 Shiloh Road, Tyler, TX, USA",Property_Street_Number__c,,2911
006WR00000wkDuoYAE,Park at Shiloh,Tyler_MDU_Park at Shiloh,"2911 Shiloh Road, Tyler, TX, USA",Property_Street__c,,Shiloh Road
006WR00000wkDupYAE,8746 Phinney Apt,Seattle_MDU_8746 Phinney,"8746 Phinney Avenue North, Seattle, WA 98103, USA",Property_Street_Number__c,,8746
006WR00000wkDupYAE,8746 Phinney Apt,Seattle_MDU_8746 Phinney,"8746 Phinney Avenue North, Seattle, WA 98103, USA",Property_Street__c,,Phinney Avenue North
006WR00000wkDuqYAE,Villages at Sugar Road,Edinburg_MDU_Villages at Sugar Road,"5228 S Sugar Rd, Edinburg, TX, USA",Property_Street_Number__c,,5228
006WR00000wkDuqYAE,Villages at Sugar Road,Edinburg_MDU_Villages at Sugar Road,"5228 S Sugar Rd, Edinburg, TX, USA",Property_Street__c,,S Sugar Rd
006WR00000wkDurYAE,The Cliffetta,Seattle_MDU_The Cliffetta,"10725 Greenwood Avenue North, Seattle, WA 98133, USA",Property_Street_Number__c,,10725
006WR00000wkDurYAE,The Cliffetta,Seattle_MDU_The Cliffetta,"10725 Greenwood Avenue North, Seattle, WA 98133, USA",Property_Street__c,,Greenwood Avenue North
006WR00000wkDusYAE,Espana,Seattle_MDU_Espana,"11254 Greenwood Avenue North, Seattle, WA, USA",Property_Street_Number__c,,11254
006WR00000wkDusYAE,Espana,Seattle_MDU_Espana,"11254 Greenwood Avenue North, Seattle, WA, USA",Property_Street__c,,Greenwood Avenue North
006WR00000wkDutYAE,Windrush Apartments,Corpus Christi_MDU_Windrush Apartments,"4322 Kostoryz Road, Corpus Christi, TX, USA",Property_Street_Number__c,,4322
006WR00000wkDutYAE,Windrush Apartments,Corpus Christi_MDU_Windrush Apartments,"4322 Kostoryz Road, Corpus Christi, TX, USA",Property_Street__c,,Kostoryz Road
006WR00000wkDuuYAE,Autumn Villas Apartments,Lorena_MDU_Autumn Villas,"One Autumn Villas Drive, Lorena, TX, USA",Property_Street__c,,One Autumn Villas Drive
006WR00000wkDuvYAE,Conquistador Apartments,Breckenridge_MDU_Conquistador Apartments,"1101 West Elliott Street, Breckenridge, TX, USA",Property_Street_Number__c,,1101
006WR00000wkDuvYAE,Conquistador Apartments,Breckenridge_MDU_Conquistador Apartments,"1101 West Elliott Street, Breckenridge, TX, USA",Property_Street__c,,West Elliott Street
006WR00000wkDuwYAE,Fairways,Longview_MDU_Fairways,"3623 McCann Road, Longview, TX, USA",Property_Street_Number__c,,3623
006WR00000wkDuwYAE,Fairways,Longview_MDU_Fairways,"3623 McCann Road, Longview, TX, USA",Property_Street__c,,McCann Road
006WR00000wkDuxYAE,Seven Points Apartments,Kemp_MDU_Seven Points Apartments,"421 Wood Street, Seven Points, TX, USA",Property_Street_Number__c,,421
006WR00000wkDuxYAE,Seven Points Apartments,Kemp_MDU_Seven Points Apartments,"421 Wood Street, Seven Points, TX, USA",Property_Street__c,,Wood Street
006WR00000wkDuyYAE,Sheppard's Edge,Wichita Falls_MDU_Sheppard's Edge,"1701 Pearlie Drive, Wichita Falls, TX, USA",Property_Street_Number__c,,1701
006WR00000wkDuyYAE,Sheppard's Edge,Wichita Falls_MDU_Sheppard's Edge,"1701 Pearlie Drive, Wichita Falls, TX, USA",Property_Street__c,,Pearlie Drive
006WR00000wkDuzYAE,Whispering Oaks Apartments,Mount Pleasant_MDU_Whispering Oaks,"1209 W 8th Street, Goldthwaite, TX",Property_Street_Number__c,,1209
006WR00000wkDuzYAE,Whispering Oaks Apartments,Mount Pleasant_MDU_Whispering Oaks,"1209 W 8th Street, Goldthwaite, TX",Property_Street__c,,W 8th Street
006WR00000wkDv0YAE,Boulder Springs Apartments,Fresno_MDU_Boulder Springs Apartments,"3515 West San Jose Avenue, Fresno, CA, USA",Property_Street_Number__c,,3515
006WR00000wkDv0YAE,Boulder Springs Apartments,Fresno_MDU_Boulder Springs Apartments,"3515 West San Jose Avenue, Fresno, CA, USA",Property_Street__c,,West San Jose Avenue
006WR00000wkDv1YAE,Rose Villa Apartments,Ganado_MDU_Rose Villa,"306 Mary Rose, Ganado, TX, USA",Property_Street_Number__c,,306
006WR00000wkDv1YAE,Rose Villa Apartments,Ganado_MDU_Rose Villa,"306 Mary Rose, Ganado, TX, USA",Property_Street__c,,Mary Rose
006WR00000wkDv2YAE,St. John's,Richmond_MDU_St. John's,"121 West Macdonald Avenue, Richmond, CA, USA",Property_Street_Number__c,,121
006WR00000wkDv2YAE,St. John's,Richmond_MDU_St. John's,"121 West Macdonald Avenue, Richmond, CA, USA",Property_Street__c,,West Macdonald Avenue
006WR00000wkDv3YAE,La Villita Apartments,Forney_MDU_La Villita,"630 Cedar Street, Forney, TX, USA",Property_Street_Number__c,,630
006WR00000wkDv3YAE,La Villita Apartments,Forney_MDU_La Villita,"630 Cedar Street, Forney, TX, USA",Property_Street__c,,Cedar Street
006WR00000wkDv4YAE,615 Manhattan,Los Angeles_MDU_615 Manhattan,"615 South Manhattan Place, Los Angeles, CA, USA",Property_Street_Number__c,,615
006WR00000wkDv4YAE,615 Manhattan,Los Angeles_MDU_615 Manhattan,"615 South Manhattan Place, Los Angeles, CA, USA",Property_Street__c,,South Manhattan Place
006WR00000wkDv5YAE,Mill Creek Square Apartments,"San Saba_MDU_Mill Creek Square, LLC","307 E Green St, San Saba, TX, USA",Property_Street_Number__c,,307
006WR00000wkDv5YAE,Mill Creek Square Apartments,"San Saba_MDU_Mill Creek Square, LLC","307 E Green St, San Saba, TX, USA",Property_Street__c,,E Green St
006WR00000wkDv6YAE,Sunset Street,Rocklin_MDU_Sunset Street,"3655 Sunset Boulevard, Rocklin, CA, USA",Property_Street_Number__c,,3655
006WR00000wkDv6YAE,Sunset Street,Rocklin_MDU_Sunset Street,"3655 Sunset Boulevard, Rocklin, CA, USA",Property_Street__c,,Sunset Boulevard
006WR00000wkDv7YAE,Gainesville Gardens Apartments,Gainesville_MDU_Gainesville Gardens,"2301 Alabama Drive, Gainesville, TX, USA",Property_Street_Number__c,,2301
006WR00000wkDv7YAE,Gainesville Gardens Apartments,Gainesville_MDU_Gainesville Gardens,"2301 Alabama Drive, Gainesville, TX, USA",Property_Street__c,,Alabama Drive
006WR00000wkDv8YAE,Pineforest Place,Houston_MDU_Pineforest Place,"5353 Deep Forest Drive, Houston, TX, USA",Property_Street_Number__c,,5353
006WR00000wkDv8YAE,Pineforest Place,Houston_MDU_Pineforest Place,"5353 Deep Forest Drive, Houston, TX, USA",Property_Street__c,,Deep Forest Drive
006WR00000wkDv9YAE,Misty Hollow Apartments,Joshua_MDU_Misty Hollow Apartments,"540 North Main Street, Joshua, TX, USA",Property_Street_Number__c,,540
006WR00000wkDv9YAE,Misty Hollow Apartments,Joshua_MDU_Misty Hollow Apartments,"540 North Main Street, Joshua, TX, USA",Property_Street__c,,North Main Street
006WR00000wkDvAYAU,University Club Apartments (Lubbock),Lubbock_MDU_University Club Apartments (Lubbock),"5540 19th Street, Lubbock, TX, USA",Property_Street_Number__c,,5540
006WR00000wkDvAYAU,University Club Apartments (Lubbock),Lubbock_MDU_University Club Apartments (Lubbock),"5540 19th Street, Lubbock, TX, USA",Property_Street__c,,19th Street
006WR00000wkDvBYAU,Northpark Apartments,Marietta_MDU_Northpark,"203 Bell Street, Marietta, OK, USA",Property_Street_Number__c,,203
006WR00000wkDvBYAU,Northpark Apartments,Marietta_MDU_Northpark,"203 Bell Street, Marietta, OK, USA",Property_Street__c,,Bell Street
006WR00000wkDvCYAU,Chaparral Apts,Midland_MDU_Chaparral Apts,"4201 North Garfield Street, Midland, TX, USA",Property_Street_Number__c,,4201
006WR00000wkDvCYAU,Chaparral Apts,Midland_MDU_Chaparral Apts,"4201 North Garfield Street, Midland, TX, USA",Property_Street__c,,North Garfield Street
006WR00000wkDvDYAU,Lemoli Apartments,Hawthorne_MDU_Lemoli Apartments,"13751 Lemoli Avenue, Hawthorne, CA, USA",Property_Street_Number__c,,13751
006WR00000wkDvDYAU,Lemoli Apartments,Hawthorne_MDU_Lemoli Apartments,"13751 Lemoli Avenue, Hawthorne, CA, USA",Property_Street__c,,Lemoli Avenue
006WR00000wkDvEYAU,Willow Lake,Longview_MDU_Willow Lake,"1818 Judson Road, Longview, TX, USA",Property_Street_Number__c,,1818
006WR00000wkDvEYAU,Willow Lake,Longview_MDU_Willow Lake,"1818 Judson Road, Longview, TX, USA",Property_Street__c,,Judson Road
006WR00000wkDvFYAU,Chadron Apartments,Hawthorne_MDU_Chadron Apartments,"13622 Chadron Avenue, Hawthorne, CA, USA",Property_Street_Number__c,,13622
006WR00000wkDvFYAU,Chadron Apartments,Hawthorne_MDU_Chadron Apartments,"13622 Chadron Avenue, Hawthorne, CA, USA",Property_Street__c,,Chadron Avenue
006WR00000wkDvGYAU,Forest Gate Apartments,Huntsville_MDU_Forest Gate Apartments,"196 Interstate 45, Huntsville, TX, USA",Property_Street_Number__c,,196
006WR00000wkDvGYAU,Forest Gate Apartments,Huntsville_MDU_Forest Gate Apartments,"196 Interstate 45, Huntsville, TX, USA",Property_Street__c,,Interstate 45
006WR00000wkDvHYAU,Vanowen Manor II,Van Nuys_MDU_Vanowen Manor II,"13935 Vanowen Street, Van Nuys, CA, USA",Property_Street_Number__c,,13935
006WR00000wkDvHYAU,Vanowen Manor II,Van Nuys_MDU_Vanowen Manor II,"13935 Vanowen Street, Van Nuys, CA, USA",Property_Street__c,,Vanowen Street
006WR00000wkDvIYAU,Alameda Palms,El Paso_MDU_Alameda Palms,"120 South Americas Avenue, El Paso, TX, USA",Property_Street_Number__c,,120
006WR00000wkDvIYAU,Alameda Palms,El Paso_MDU_Alameda Palms,"120 South Americas Avenue, El Paso, TX, USA",Property_Street__c,,South Americas Avenue
006WR00000wkEZdYAM,Strathmore Terrace,Los Angeles_MDU_Strathmore Terrace,"11070 Strathmore Drive, Los Angeles, CA, USA",Property_Street_Number__c,,11070
006WR00000wkEZdYAM,Strathmore Terrace,Los Angeles_MDU_Strathmore Terrace,"11070 Strathmore Drive, Los Angeles, CA, USA",Property_Street__c,,Strathmore Drive
006WR00000wkEZeYAM,Heritage Park,Denison_MDU_Heritage Park/Lakeview Park Apartments,"1816 Texas 91, Denison, TX, USA",Property_Street_Number__c,,1816
006WR00000wkEZeYAM,Heritage Park,Denison_MDU_Heritage Park/Lakeview Park Apartments,"1816 Texas 91, Denison, TX, USA",Property_Street__c,,Texas 91
006WR00000wkEZfYAM,Crenshaw Terrace Apartments,Los Angeles_MDU_Crenshaw Terrace,"3316 West 73rd Street, Los Angeles, CA, USA",Property_Street_Number__c,,3316
006WR00000wkEZfYAM,Crenshaw Terrace Apartments,Los Angeles_MDU_Crenshaw Terrace,"3316 West 73rd Street, Los Angeles, CA, USA",Property_Street__c,,West 73rd Street
006WR00000wkEZgYAM,University Courtyards Apartments,Nacogdoches_MDU_University Courtyards Apartments,"3022 N Pecan St, Nacogdoches, TX, USA",Property_Street_Number__c,,3022
006WR00000wkEZgYAM,University Courtyards Apartments,Nacogdoches_MDU_University Courtyards Apartments,"3022 N Pecan St, Nacogdoches, TX, USA",Property_Street__c,,N Pecan St
006WR00000wkEZhYAM,Leimert Park,Leimert Park_MDU_Leimert Park,"3053-3055 Stocker Place, Los Angeles, CA 90008",Property_Street_Number__c,,3053-3055
006WR00000wkEZhYAM,Leimert Park,Leimert Park_MDU_Leimert Park,"3053-3055 Stocker Place, Los Angeles, CA 90008",Property_Street__c,,Stocker Place
006WR00000wkEZiYAM,Saratoga Apartments,Merced_MDU_Saratoga Apartments,"669 Loughborough Drive, Merced, CA, USA",Property_Street_Number__c,,669
006WR00000wkEZiYAM,Saratoga Apartments,Merced_MDU_Saratoga Apartments,"669 Loughborough Drive, Merced, CA, USA",Property_Street__c,,Loughborough Drive
006WR00000wkEZjYAM,Ladera Apartments,Los Angeles_MDU_Ladera Apts,"4757/4811 W. Slauson Avenue, Los Angeles, 90056",Property_Street_Number__c,,4757/4811
006WR00000wkEZjYAM,Ladera Apartments,Los Angeles_MDU_Ladera Apts,"4757/4811 W. Slauson Avenue, Los Angeles, 90056",Property_Street__c,,W. Slauson Avenue
006WR00000wkEZkYAM,The Oaks Apartments,Huntsville_MDU_The Oaks Apartments,"700 Hickory Drive, Huntsville, TX, USA",Property_Street_Number__c,,700
006WR00000wkEZkYAM,The Oaks Apartments,Huntsville_MDU_The Oaks Apartments,"700 Hickory Drive, Huntsville, TX, USA",Property_Street__c,,Hickory Drive
006WR00000wkEZlYAM,Fallbrook View Apartments,Fallbrook_MDU_Fallbrook View Apartments,"901 Alturas St, Fallbrook, CA, USA",Property_Street_Number__c,,901
006WR00000wkEZlYAM,Fallbrook View Apartments,Fallbrook_MDU_Fallbrook View Apartments,"901 Alturas St, Fallbrook, CA, USA",Property_Street__c,,Alturas St
006WR00000wkEZmYAM,Turnagain Apartments,Fallbrook_MDU_Turnagain  Apartments,"920 East Mission Road, Fallbrook, CA, USA",Property_Street_Number__c,,920
006WR00000wkEZmYAM,Turnagain Apartments,Fallbrook_MDU_Turnagain  Apartments,"920 East Mission Road, Fallbrook, CA, USA",Property_Street__c,,East Mission Road
006WR00000wkEZnYAM,Paris Retirement Village,Paris_MDU_Paris Retirement Village,"1400 West Washington Street, Paris, TX, USA",Property_Street_Number__c,,1400
006WR00000wkEZnYAM,Paris Retirement Village,Paris_MDU_Paris Retirement Village,"1400 West Washington Street, Paris, TX, USA",Property_Street__c,,West Washington Street
006WR00000wkEZoYAM,Tierra Pointe,Albuquerque_MDU_Tierra Pointe,"6801 Los Volcanes Road Northwest, Albuquerque, NM 87121, USA",Property_Street_Number__c,,6801
006WR00000wkEZoYAM,Tierra Pointe,Albuquerque_MDU_Tierra Pointe,"6801 Los Volcanes Road Northwest, Albuquerque, NM 87121, USA",Property_Street__c,,Los Volcanes Road Northwest
006WR00000wkEZpYAM,Cypress Ridge,Nacogdoches_MDU_Cypress Ridge,"2701 Logan Circle, Nacogdoches, TX, USA",Property_Street_Number__c,,2701
006WR00000wkEZpYAM,Cypress Ridge,Nacogdoches_MDU_Cypress Ridge,"2701 Logan Circle, Nacogdoches, TX, USA",Property_Street__c,,Logan Circle
006WR00000wkEZqYAM,Comanche Wells,Albuquerque_MDU_Comanche Wells,"3400 Comanche Road Northeast, Albuquerque, NM 87107, USA",Property_Street_Number__c,,3400
006WR00000wkEZqYAM,Comanche Wells,Albuquerque_MDU_Comanche Wells,"3400 Comanche Road Northeast, Albuquerque, NM 87107, USA",Property_Street__c,,Comanche Road Northeast
006WR00000wkEZrYAM,Lakeview Park,,"1816 Texas 91, Denison, TX, USA",Property_Street_Number__c,,1816
006WR00000wkEZrYAM,Lakeview Park,,"1816 Texas 91, Denison, TX, USA",Property_Street__c,,Texas 91
006WR00000wkEZsYAM,Park at Clear Creek,Hempstead_MDU_Park at Clear Creek,"111 Clear Creek Street, Hempstead, TX, USA",Property_Street_Number__c,,111
006WR00000wkEZsYAM,Park at Clear Creek,Hempstead_MDU_Park at Clear Creek,"111 Clear Creek Street, Hempstead, TX, USA",Property_Street__c,,Clear Creek Street
006WR00000wkEZtYAM,5307 Ravenna,Seattle_MDU_5307 Ravenna,"5307 Ravenna Place Northeast, Seattle, WA, USA",Property_Street_Number__c,,5307
006WR00000wkEZtYAM,5307 Ravenna,Seattle_MDU_5307 Ravenna,"5307 Ravenna Place Northeast, Seattle, WA, USA",Property_Street__c,,Ravenna Place Northeast
006WR00000wkEZuYAM,Pinnacle Pointe,Victoria_MDU_Pinnacle Pointe,"702 Salem Road, Victoria, TX, USA",Property_Street_Number__c,,702
006WR00000wkEZuYAM,Pinnacle Pointe,Victoria_MDU_Pinnacle Pointe,"702 Salem Road, Victoria, TX, USA",Property_Street__c,,Salem Road
006WR00000wkEZvYAM,1744 Dexter Avenue Apartments,Seattle_MDU_1744 Dexter,"1744 Dexter Ave. North, Seattle, WA, 98109",Property_Street_Number__c,,1744
006WR00000wkEZvYAM,1744 Dexter Avenue Apartments,Seattle_MDU_1744 Dexter,"1744 Dexter Ave. North, Seattle, WA, 98109",Property_Street__c,,Dexter Ave. North
006WR00000wkEZwYAM,Western Hills Apartments,Ferris_MDU_Western Hills Apartments,"100 Ewing Street, Ferris, TX, USA",Property_Street_Number__c,,100
006WR00000wkEZwYAM,Western Hills Apartments,Ferris_MDU_Western Hills Apartments,"100 Ewing Street, Ferris, TX, USA",Property_Street__c,,Ewing Street
006WR00000wkEZxYAM,Villa Park Apartments,Van Nuys_MDU_Villa Park Apartments,"6710 - 6740 Hayvenhurst Ave, Van Nuys, 91406",Property_Street_Number__c,,6710
006WR00000wkEZxYAM,Villa Park Apartments,Van Nuys_MDU_Villa Park Apartments,"6710 - 6740 Hayvenhurst Ave, Van Nuys, 91406",Property_Street__c,,- 6740 Hayvenhurst Ave
006WR00000wkEZyYAM,Green Lake South,Seattle_MDU_Green Lake South,"5408 Meridian Avenue North, Seattle, WA, USA",Property_Street_Number__c,,5408
006WR00000wkEZyYAM,Green Lake South,Seattle_MDU_Green Lake South,"5408 Meridian Avenue North, Seattle, WA, USA",Property_Street__c,,Meridian Avenue North
006WR00000wkEZzYAM,430 NE Ravenna,Seattle_MDU_430 Ravenna,"430 Northeast Ravenna Boulevard, Seattle, WA, USA",Property_Street_Number__c,,430
006WR00000wkEZzYAM,430 NE Ravenna,Seattle_MDU_430 Ravenna,"430 Northeast Ravenna Boulevard, Seattle, WA, USA",Property_Street__c,,Northeast Ravenna Boulevard
006WR00000wkEa0YAE,Lakeland,Seattle_MDU_Lakeland,"6568 4th Avenue Northeast, Seattle, WA, USA",Property_Street_Number__c,,6568
006WR00000wkEa0YAE,Lakeland,Seattle_MDU_Lakeland,"6568 4th Avenue Northeast, Seattle, WA, USA",Property_Street__c,,4th Avenue Northeast
006WR00000wkEa1YAE,Vista Hermosa Apartments,Eagle Pass_MDU_Vista Hermosa,"820 North Bibb Avenue, Eagle Pass, TX, USA",Property_Street_Number__c,,820
006WR00000wkEa1YAE,Vista Hermosa Apartments,Eagle Pass_MDU_Vista Hermosa,"820 North Bibb Avenue, Eagle Pass, TX, USA",Property_Street__c,,North Bibb Avenue
006WR00000wkEa2YAE,Pecan Creek Apartments,Hillsboro_MDU_Pecan Creek,"1815 Old Brandon Road, Hillsboro, TX, USA",Property_Street_Number__c,,1815
006WR00000wkEa2YAE,Pecan Creek Apartments,Hillsboro_MDU_Pecan Creek,"1815 Old Brandon Road, Hillsboro, TX, USA",Property_Street__c,,Old Brandon Road
006WR00000wkEa3YAE,Stoneridge Apartments,El Campo_MDU_Stoneridge Apartments,"202 West Loop, El Campo, TX, USA",Property_Street_Number__c,,202
006WR00000wkEa3YAE,Stoneridge Apartments,El Campo_MDU_Stoneridge Apartments,"202 West Loop, El Campo, TX, USA",Property_Street__c,,West Loop
006WR00000wkEa4YAE,Woodstock III Apartments,Joshua_MDU_Woodstock III,"616 Linda Drive, Joshua, TX, USA",Property_Street_Number__c,,616
006WR00000wkEa4YAE,Woodstock III Apartments,Joshua_MDU_Woodstock III,"616 Linda Drive, Joshua, TX, USA",Property_Street__c,,Linda Drive
006WR00000wkEa5YAE,La Mirage Villas Apartments,Perryton_MDU_La Mirage Villas,"309 SE 15th Ave, Perryton, TX, USA",Property_Street_Number__c,,309
006WR00000wkEa5YAE,La Mirage Villas Apartments,Perryton_MDU_La Mirage Villas,"309 SE 15th Ave, Perryton, TX, USA",Property_Street__c,,SE 15th Ave
006WR00000wkEa6YAE,Briarwood Apartments,Kaufman_MDU_Briarwood Apartments,"513 East 6th Street, Kaufman, TX, USA",Property_Street_Number__c,,513
006WR00000wkEa6YAE,Briarwood Apartments,Kaufman_MDU_Briarwood Apartments,"513 East 6th Street, Kaufman, TX, USA",Property_Street__c,,East 6th Street
006WR00000wkEa7YAE,Prairie Village Apartments,Rogers_MDU_Prairie Village,"611 Paul Street, Rogers, TX, USA",Property_Street_Number__c,,611
006WR00000wkEa7YAE,Prairie Village Apartments,Rogers_MDU_Prairie Village,"611 Paul Street, Rogers, TX, USA",Property_Street__c,,Paul Street
006WR00000wkEa8YAE,La Mirage Apartments,Borger_MDU_La Mirage,"200 Pecan Street, Borger, TX, USA",Property_Street_Number__c,,200
006WR00000wkEa8YAE,La Mirage Apartments,Borger_MDU_La Mirage,"200 Pecan Street, Borger, TX, USA",Property_Street__c,,Pecan Street
006WR00000wkEa9YAE,Hillside Apartments,Mexia_MDU_Hillside Apartments,"1125 North Ross Avenue, Mexia, TX, USA",Property_Street_Number__c,,1125
006WR00000wkEa9YAE,Hillside Apartments,Mexia_MDU_Hillside Apartments,"1125 North Ross Avenue, Mexia, TX, USA",Property_Street__c,,North Ross Avenue
006WR00000wkEaAYAU,Pilot Point Apartments,Pilot Point_MDU_Pilot Point Apartments,"301 North Prairie Street, Pilot Point, TX, USA",Property_Street_Number__c,,301
006WR00000wkEaAYAU,Pilot Point Apartments,Pilot Point_MDU_Pilot Point Apartments,"301 North Prairie Street, Pilot Point, TX, USA",Property_Street__c,,North Prairie Street
006WR00000wkEaBYAU,May Road Apartments,Seagoville_MDU_May Road Apartments,"1488 May Road Circle, Seagoville, TX, USA",Property_Street_Number__c,,1488
006WR00000wkEaBYAU,May Road Apartments,Seagoville_MDU_May Road Apartments,"1488 May Road Circle, Seagoville, TX, USA",Property_Street__c,,May Road Circle
006WR00000wkEaCYAU,Village Place Apartments,Lorena_MDU_Village Place,"One Village Place Drive, Lorena, TX, USA",Property_Street__c,,One Village Place Drive
006WR00000wkEaDYAU,Mesquite Trails Apartments,Jacksboro_MDU_Mesquite Trails,"119 South 5th Street, Jacksboro, TX, USA",Property_Street_Number__c,,119
006WR00000wkEaDYAU,Mesquite Trails Apartments,Jacksboro_MDU_Mesquite Trails,"119 South 5th Street, Jacksboro, TX, USA",Property_Street__c,,South 5th Street
006WR00000wkEaEYAU,Lakeview Court Apartments,Little Elm_MDU_Lakeview Apartments,"204 Elm Lane, Little Elm, TX, USA",Property_Street_Number__c,,204
006WR00000wkEaEYAU,Lakeview Court Apartments,Little Elm_MDU_Lakeview Apartments,"204 Elm Lane, Little Elm, TX, USA",Property_Street__c,,Elm Lane
006WR00000wkEaFYAU,Regency Apartments,Port Lavaca_MDU_Regency Apartments,"1100 Alcoa Drive, Port Lavaca, TX, USA",Property_Street_Number__c,,1100
006WR00000wkEaFYAU,Regency Apartments,Port Lavaca_MDU_Regency Apartments,"1100 Alcoa Drive, Port Lavaca, TX, USA",Property_Street__c,,Alcoa Drive
006WR00000wkEaGYAU,Rio Grande Apartments,Eagle Pass_MDU_Rio Grande Apartments,"2173 Del Rio Blvd, Eagle Pass, TX, USA",Property_Street_Number__c,,2173
006WR00000wkEaGYAU,Rio Grande Apartments,Eagle Pass_MDU_Rio Grande Apartments,"2173 Del Rio Blvd, Eagle Pass, TX, USA",Property_Street__c,,Del Rio Blvd
006WR00000wkEaHYAU,Oxnard Terrace Apartments,Van Nuys_MDU_Oxnard Terrace,"13760 Oxnard Street, Van Nuys, CA, USA",Property_Street_Number__c,,13760
006WR00000wkEaHYAU,Oxnard Terrace Apartments,Van Nuys_MDU_Oxnard Terrace,"13760 Oxnard Street, Van Nuys, CA, USA",Property_Street__c,,Oxnard Street
006WR00000wkEaIYAU,Vassar Terrace Apartments,Canoga Park_MDU_Vassar Terrace,"7000 Vassar Avenue, Canoga Park, CA, USA",Property_Street_Number__c,,7000
006WR00000wkEaIYAU,Vassar Terrace Apartments,Canoga Park_MDU_Vassar Terrace,"7000 Vassar Avenue, Canoga Park, CA, USA",Property_Street__c,,Vassar Avenue
006WR00000wkEaJYAU,9404 Apartments,Los Angeles_MDU_9404 Apts,"9404 Regent Street, Los Angeles, CA, USA",Property_Street_Number__c,,9404
006WR00000wkEaJYAU,9404 Apartments,Los Angeles_MDU_9404 Apts,"9404 Regent Street, Los Angeles, CA, USA",Property_Street__c,,Regent Street
006WR00000wkEaKYAU,Villa Lago Apartments,Van Nuys_MDU_Villa Lago,"16547 Vanowen Street, Van Nuys, CA, USA",Property_Street_Number__c,,16547
006WR00000wkEaKYAU,Villa Lago Apartments,Van Nuys_MDU_Villa Lago,"16547 Vanowen Street, Van Nuys, CA, USA",Property_Street__c,,Vanowen Street
006WR00000wkEaLYAU,The Royce,Seattle_MDU_The Royce,"6813 Weedin Place Northeast, Seattle, WA, USA",Property_Street_Number__c,,6813
006WR00000wkEaLYAU,The Royce,Seattle_MDU_The Royce,"6813 Weedin Place Northeast, Seattle, WA, USA",Property_Street__c,,Weedin Place Northeast
006WR00000wkEaMYAU,Aloha Wey Apartments,Seattle_MDU_Aloha Wey Apartments,"8 West Aloha Street, Seattle, WA, USA",Property_Street_Number__c,,8
006WR00000wkEaMYAU,Aloha Wey Apartments,Seattle_MDU_Aloha Wey Apartments,"8 West Aloha Street, Seattle, WA, USA",Property_Street__c,,West Aloha Street
006WR00000wkEaNYAU,Jem-Wey Apartments,Seattle_MDU_Jem-Wey Apartments,"915 Queen Anne Avenue North, Seattle, WA, USA",Property_Street_Number__c,,915
006WR00000wkEaNYAU,Jem-Wey Apartments,Seattle_MDU_Jem-Wey Apartments,"915 Queen Anne Avenue North, Seattle, WA, USA",Property_Street__c,,Queen Anne Avenue North
006WR00000wkEaOYAU,Regents Park Apartments,Chicago_MDU_Regents Park Apartments,5035 S East End Ave,Property_Street_Number__c,,5035
006WR00000wkEaOYAU,Regents Park Apartments,Chicago_MDU_Regents Park Apartments,5035 S East End Ave,Property_Street__c,,S East End Ave
006WR00000wkEaPYAU,Lake Meadows Apartments,Chicago_MDU_Lake Meadows Apartments,"3233 S King Dr, Chicago, IL 60616, USA",Property_Street_Number__c,,3233
006WR00000wkEaPYAU,Lake Meadows Apartments,Chicago_MDU_Lake Meadows Apartments,"3233 S King Dr, Chicago, IL 60616, USA",Property_Street__c,,S King Dr
006WR00000wkEaQYAU,Woodland Trio The Oaks,North Hollywood_MDU_Woodland Trio The Oaks,"11265 Morrison St, North Hollywood, California, USA",Property_Street_Number__c,,11265
006WR00000wkEaQYAU,Woodland Trio The Oaks,North Hollywood_MDU_Woodland Trio The Oaks,"11265 Morrison St, North Hollywood, California, USA",Property_Street__c,,Morrison St
006WR00000wkEaRYAU,Baldwin Manor,Los Angeles_MDU_Baldwin Manor,"3924 Crenshaw Blvd, Los Angeles, California, USA",Property_Street_Number__c,,3924
006WR00000wkEaRYAU,Baldwin Manor,Los Angeles_MDU_Baldwin Manor,"3924 Crenshaw Blvd, Los Angeles, California, USA",Property_Street__c,,Crenshaw Blvd
006WR00000wkEaSYAU,White Oak Terrace,Encino_MDU_White Oak Terrace,"5140 White Oak Ave, Encino, California, USA",Property_Street_Number__c,,5140
006WR00000wkEaSYAU,White Oak Terrace,Encino_MDU_White Oak Terrace,"5140 White Oak Ave, Encino, California, USA",Property_Street__c,,White Oak Ave
006WR00000wkEaTYAU,Bali Apartments,Los Angeles_MDU_Bali Apartments,"4928 W Martin Luther King Jr Blvd, Los Angeles, California, USA",Property_Street_Number__c,,4928
006WR00000wkEaTYAU,Bali Apartments,Los Angeles_MDU_Bali Apartments,"4928 W Martin Luther King Jr Blvd, Los Angeles, California, USA",Property_Street__c,,W Martin Luther King Jr Blvd
006WR00000wkEaUYAU,Corbett Avenue Apartments,Los Angeles_MDU_Corbett Avenue Apartments,"5649-5665 Corbett St, Los Angeles, CA, USA",Property_Street_Number__c,,5649-5665
006WR00000wkEaUYAU,Corbett Avenue Apartments,Los Angeles_MDU_Corbett Avenue Apartments,"5649-5665 Corbett St, Los Angeles, CA, USA",Property_Street__c,,Corbett St
006WR00000wkEaVYAU,Chatsworth Plaza,Chatsworth_MDU_Chatsworth Plaza,"10101 De Soto Ave, Chatsworth, California, USA",Property_Street_Number__c,,10101
006WR00000wkEaVYAU,Chatsworth Plaza,Chatsworth_MDU_Chatsworth Plaza,"10101 De Soto Ave, Chatsworth, California, USA",Property_Street__c,,De Soto Ave
006WR00000wkEaWYAU,John Manor,Los Angeles_MDU_John Manor,"3920 Roxanne Avenue, Los Angeles, CA, USA",Property_Street_Number__c,,3920
006WR00000wkEaWYAU,John Manor,Los Angeles_MDU_John Manor,"3920 Roxanne Avenue, Los Angeles, CA, USA",Property_Street__c,,Roxanne Avenue
006WR00000wkEaXYAU,Casa Linda,Newbury Park_MDU_Casa Linda,"700 N Wendy Dr, Newbury Park, Thousand Oaks, California, USA",Property_Street_Number__c,,700
006WR00000wkEaXYAU,Casa Linda,Newbury Park_MDU_Casa Linda,"700 N Wendy Dr, Newbury Park, Thousand Oaks, California, USA",Property_Street__c,,N Wendy Dr
006WR00000wkEaYYAU,Windsor Manor,Los Angeles_MDU_Windsor Manor,"3936 Crenshaw Boulevard, Los Angeles, CA, USA",Property_Street_Number__c,,3936
006WR00000wkEaYYAU,Windsor Manor,Los Angeles_MDU_Windsor Manor,"3936 Crenshaw Boulevard, Los Angeles, CA, USA",Property_Street__c,,Crenshaw Boulevard
006WR00000wkEaZYAU,Coliseum Apartments,Los Angeles_MDU_Coliseum Apartments,"4600 Coliseum St, Los Angeles, California, USA",Property_Street_Number__c,,4600
006WR00000wkEaZYAU,Coliseum Apartments,Los Angeles_MDU_Coliseum Apartments,"4600 Coliseum St, Los Angeles, California, USA",Property_Street__c,,Coliseum St
006WR00000wkEaaYAE,Colonial Manor Apartments,Van Nuys_MDU_Colonial Manor Apartments,"5820 Hazeltine Ave, Van Nuys, California, USA",Property_Street_Number__c,,5820
006WR00000wkEaaYAE,Colonial Manor Apartments,Van Nuys_MDU_Colonial Manor Apartments,"5820 Hazeltine Ave, Van Nuys, California, USA",Property_Street__c,,Hazeltine Ave
006WR00000wkEabYAE,San Vicente Apartments,Los Angeles_MDU_San Vicente Apartments,"4876 San Vicente Boulevard, Los Angeles, CA, USA",Property_Street_Number__c,,4876
006WR00000wkEabYAE,San Vicente Apartments,Los Angeles_MDU_San Vicente Apartments,"4876 San Vicente Boulevard, Los Angeles, CA, USA",Property_Street__c,,San Vicente Boulevard
006WR00000wkEacYAE,St. Andrews Manor,Los Angeles_MDU_St. Andrews Manor,"1845 S St Andrews Pl, Los Angeles, CA, USA",Property_Street_Number__c,,1845
006WR00000wkEacYAE,St. Andrews Manor,Los Angeles_MDU_St. Andrews Manor,"1845 S St Andrews Pl, Los Angeles, CA, USA",Property_Street__c,,S St Andrews Pl
006WR00000wkEadYAE,Krystal Terrace,Sherman Oaks_MDU_Krystal Terrace,"4851 Hazeltine Avenue, Sherman Oaks, CA, USA",Property_Street_Number__c,,4851
006WR00000wkEadYAE,Krystal Terrace,Sherman Oaks_MDU_Krystal Terrace,"4851 Hazeltine Avenue, Sherman Oaks, CA, USA",Property_Street__c,,Hazeltine Avenue
006WR00000wkEaeYAE,Parkway Terrace,Culver City_MDU_Parkway Terrace,"5800 Green Valley Circle, Culver City, CA, USA",Property_Street_Number__c,,5800
006WR00000wkEaeYAE,Parkway Terrace,Culver City_MDU_Parkway Terrace,"5800 Green Valley Circle, Culver City, CA, USA",Property_Street__c,,Green Valley Circle
006WR00000wkEafYAE,Kling Trio Apartments,Valley Village_MDU_Kling Trio Apartments,"11915 Kling St, Valley Village, California, USA",Property_Street_Number__c,,11915
006WR00000wkEafYAE,Kling Trio Apartments,Valley Village_MDU_Kling Trio Apartments,"11915 Kling St, Valley Village, California, USA",Property_Street__c,,Kling St
006WR00000wkEagYAE,Jaclyn Terrace,Valley Village_MDU_Jaclyn Terrace,"11922 Weddington St, Valley Village, California, USA",Property_Street_Number__c,,11922
006WR00000wkEagYAE,Jaclyn Terrace,Valley Village_MDU_Jaclyn Terrace,"11922 Weddington St, Valley Village, California, USA",Property_Street__c,,Weddington St
006WR00000wkEahYAE,Brody Terrace (Riverside),Sherman Oaks_MDU_Brody Terrace (Riverside),"12954 Riverside Drive, Sherman Oaks, CA, USA",Property_Street_Number__c,,12954
006WR00000wkEahYAE,Brody Terrace (Riverside),Sherman Oaks_MDU_Brody Terrace (Riverside),"12954 Riverside Drive, Sherman Oaks, CA, USA",Property_Street__c,,Riverside Drive
006WR00000wkEaiYAE,Parkview Terrace,Sherman Oaks_MDU_Parkview Terrace,"14355 Huston St, Sherman Oaks, California, USA",Property_Street_Number__c,,14355
006WR00000wkEaiYAE,Parkview Terrace,Sherman Oaks_MDU_Parkview Terrace,"14355 Huston St, Sherman Oaks, California, USA",Property_Street__c,,Huston St
006WR00000wkEajYAE,Roxanne Apartments,Los Angeles_MDU_Roxanne Apartments,"3900 Roxanne Ave, Los Angeles, California, USA",Property_Street_Number__c,,3900
006WR00000wkEajYAE,Roxanne Apartments,Los Angeles_MDU_Roxanne Apartments,"3900 Roxanne Ave, Los Angeles, California, USA",Property_Street__c,,Roxanne Ave
006WR00000wkEakYAE,Riverside Villa Apartments,North Hollywood_MDU_Riverside Villa Apartments,"11615 Riverside Dr, North Hollywood, California, USA",Property_Street_Number__c,,11615
006WR00000wkEakYAE,Riverside Villa Apartments,North Hollywood_MDU_Riverside Villa Apartments,"11615 Riverside Dr, North Hollywood, California, USA",Property_Street__c,,Riverside Dr
006WR00000wkEalYAE,The Banyans,North Hollywood_MDU_The Banyans,"5047 Bakman Ave, North Hollywood, California, USA",Property_Street_Number__c,,5047
006WR00000wkEalYAE,The Banyans,North Hollywood_MDU_The Banyans,"5047 Bakman Ave, North Hollywood, California, USA",Property_Street__c,,Bakman Ave
006WR00000wkEamYAE,Topanga Apartments,West Hills_MDU_Topanga Canyon Apartments,"9035 Topanga Canyon Blvd, West Hills, California, USA",Property_Street_Number__c,,9035
006WR00000wkEamYAE,Topanga Apartments,West Hills_MDU_Topanga Canyon Apartments,"9035 Topanga Canyon Blvd, West Hills, California, USA",Property_Street__c,,Topanga Canyon Blvd
006WR00000wkEanYAE,Topanga Terrace,Canoga Park_MDU_Topanga Terrace,"8220 Topanga Canyon Blvd, Canoga Park, California, USA",Property_Street_Number__c,,8220
006WR00000wkEanYAE,Topanga Terrace,Canoga Park_MDU_Topanga Terrace,"8220 Topanga Canyon Blvd, Canoga Park, California, USA",Property_Street__c,,Topanga Canyon Blvd
006WR00000wkEaoYAE,Vista Apartments,Los Angeles_MDU_Vista Apartments,"11811 Washington Pl, Los Angeles, California, USA",Property_Street_Number__c,,11811
006WR00000wkEaoYAE,Vista Apartments,Los Angeles_MDU_Vista Apartments,"11811 Washington Pl, Los Angeles, California, USA",Property_Street__c,,Washington Pl
006WR00000wkEapYAE,The Palms,North Hollywood_MDU_The Palms,"11251 Morrison St, North Hollywood, California, USA",Property_Street_Number__c,,11251
006WR00000wkEapYAE,The Palms,North Hollywood_MDU_The Palms,"11251 Morrison St, North Hollywood, California, USA",Property_Street__c,,Morrison St
006WR00000wkEaqYAE,Katerina Chalet,Seattle_MDU_Katerina Chalet,"13202 greenwood ave north, seattle, wa, 981333",Property_Street_Number__c,,13202
006WR00000wkEaqYAE,Katerina Chalet,Seattle_MDU_Katerina Chalet,"13202 greenwood ave north, seattle, wa, 981333",Property_Street__c,,greenwood ave north
006WR00000wkEarYAE,8409 5th Ave Apt,Seattle_MDU_8409 5th Ave,"8409 5th Ave NE, Seattle, WA, USA",Property_Street_Number__c,,8409
006WR00000wkEarYAE,8409 5th Ave Apt,Seattle_MDU_8409 5th Ave,"8409 5th Ave NE, Seattle, WA, USA",Property_Street__c,,5th Ave NE
006WR00000wkEasYAE,Villa Boitano 1,Seattle_MDU_Villa Boitano 1,"401 North 87th Street, Seattle, WA, USA",Property_Street_Number__c,,401
006WR00000wkEasYAE,Villa Boitano 1,Seattle_MDU_Villa Boitano 1,"401 North 87th Street, Seattle, WA, USA",Property_Street__c,,North 87th Street
006WR00000wkEatYAE,4459 Fremont Ave Apt,Seattle_MDU_4459 Fremont,"4459 Fremont Ave N, Seattle, WA, USA",Property_Street_Number__c,,4459
006WR00000wkEatYAE,4459 Fremont Ave Apt,Seattle_MDU_4459 Fremont,"4459 Fremont Ave N, Seattle, WA, USA",Property_Street__c,,Fremont Ave N
006WR00000wkEauYAE,Hollypark Knolls Apartments,Inglewood_MDU_Hollypark Knolls,"3120 Hollypark Drive, Inglewood, CA, USA",Property_Street_Number__c,,3120
006WR00000wkEauYAE,Hollypark Knolls Apartments,Inglewood_MDU_Hollypark Knolls,"3120 Hollypark Drive, Inglewood, CA, USA",Property_Street__c,,Hollypark Drive
006WR00000wkEavYAE,Saticoy Gardens,Van Nuys_MDU_Saticoy Gardens,"14955 Saticoy Street, Van Nuys, CA, USA",Property_Street_Number__c,,14955
006WR00000wkEavYAE,Saticoy Gardens,Van Nuys_MDU_Saticoy Gardens,"14955 Saticoy Street, Van Nuys, CA, USA",Property_Street__c,,Saticoy Street
006WR00000wkEawYAE,Link Canvas (fka The George & The Leonard),Atlanta_MDU_Link Canvas,"301 Memorial Dr SE, Atlanta, GA, USA",Property_Street_Number__c,,301
006WR00000wkEawYAE,Link Canvas (fka The George & The Leonard),Atlanta_MDU_Link Canvas,"301 Memorial Dr SE, Atlanta, GA, USA",Property_Street__c,,Memorial Dr SE
006WR00000wkEaxYAE,Link West End,Greenville_MDU_Link West End,"25 River Street, Greenville, SC, USA",Property_Street_Number__c,,25
006WR00000wkEaxYAE,Link West End,Greenville_MDU_Link West End,"25 River Street, Greenville, SC, USA",Property_Street__c,,River Street
006WR00000wkEayYAE,Mississippi View,Coon Rapids_MDU_Mississippi View,"11020 Mississippi Blvd NW, Coon Rapids, MN, USA",Property_Street_Number__c,,11020
006WR00000wkEayYAE,Mississippi View,Coon Rapids_MDU_Mississippi View,"11020 Mississippi Blvd NW, Coon Rapids, MN, USA",Property_Street__c,,Mississippi Blvd NW
006WR00000wkEazYAE,Spring Mountain Apartments,Salem_MDU_Spring Mountain Apartments,"664 Taybin Rd NW, Salem, OR 97304, USA",Property_Street_Number__c,,664
006WR00000wkEazYAE,Spring Mountain Apartments,Salem_MDU_Spring Mountain Apartments,"664 Taybin Rd NW, Salem, OR 97304, USA",Property_Street__c,,Taybin Rd NW
006WR00000wkEb0YAE,Aspen Hills,Meridian_MDU_Aspen Hills,"300 East James Court Drive, Meridian, ID",Property_Street_Number__c,,300
006WR00000wkEb0YAE,Aspen Hills,Meridian_MDU_Aspen Hills,"300 East James Court Drive, Meridian, ID",Property_Street__c,,East James Court Drive
006WR00000wkEb1YAE,Horizon Heights,Omaha_MDU_Horizon Heights Apartments,"1306 N 48th St, Omaha, NE, USA",Property_Street_Number__c,,1306
006WR00000wkEb1YAE,Horizon Heights,Omaha_MDU_Horizon Heights Apartments,"1306 N 48th St, Omaha, NE, USA",Property_Street__c,,N 48th St
006WR00000wkEb2YAE,Columbine Towers,Denver_MDU_Columbine Towers,"1750 S Federal Blvd, Denver, CO 80219, USA",Property_Street_Number__c,,1750
006WR00000wkEb2YAE,Columbine Towers,Denver_MDU_Columbine Towers,"1750 S Federal Blvd, Denver, CO 80219, USA",Property_Street__c,,S Federal Blvd
006WR00000wkEb3YAE,Sunridge Patio Homes,MESA_MDU_Sunridge_Homes,"1850 South Westwood, Mesa, AZ, USA",Property_Street_Number__c,,1850
006WR00000wkEb3YAE,Sunridge Patio Homes,MESA_MDU_Sunridge_Homes,"1850 South Westwood, Mesa, AZ, USA",Property_Street__c,,South Westwood
006WR00000wkEb4YAE,Main Street Commons,Taylor_MDU_Main Street Commons,"3700 North Main Street, Taylor, TX, USA",Property_Street_Number__c,,3700
006WR00000wkEb4YAE,Main Street Commons,Taylor_MDU_Main Street Commons,"3700 North Main Street, Taylor, TX, USA",Property_Street__c,,North Main Street
006WR00000wkEb4YAE,Main Street Commons,Taylor_MDU_Main Street Commons,"3700 North Main Street, Taylor, TX, USA",Property_County__c,,Williamson
006WR00000wkEb5YAE,Greenfield Village RV Resort,Mesa_SFU_Greenfield Village RV Resort,"111 S Greenfield Rd, Mesa, AZ 85206, USA",Property_Street_Number__c,,111
006WR00000wkEb5YAE,Greenfield Village RV Resort,Mesa_SFU_Greenfield Village RV Resort,"111 S Greenfield Rd, Mesa, AZ 85206, USA",Property_Street__c,,S Greenfield Rd
006WR00000wkEb6YAE,Pecan Acres RV Park,,"12667 FM730, Azle, TX, USA",Property_Street_Number__c,,12667
006WR00000wkEb6YAE,Pecan Acres RV Park,,"12667 FM730, Azle, TX, USA",Property_Street__c,,FM730
006WR00000wkEb7YAE,The Bungalows on 204,Elkhorn_MDU_The Bungalows on 204,"6249 Coventry Drive, Elkhorn, NE, USA",Property_Street_Number__c,,6249
006WR00000wkEb7YAE,The Bungalows on 204,Elkhorn_MDU_The Bungalows on 204,"6249 Coventry Drive, Elkhorn, NE, USA",Property_Street__c,,Coventry Drive
006WR00000wkEb8YAE,The Bungalows on the Lake at Prairie Queen,Omaha_MDU_The Bungalows on the Lake at Prairie Queen,"13178 Lincoln Road, Omaha, NE, USA",Property_Street_Number__c,,13178
006WR00000wkEb8YAE,The Bungalows on the Lake at Prairie Queen,Omaha_MDU_The Bungalows on the Lake at Prairie Queen,"13178 Lincoln Road, Omaha, NE, USA",Property_Street__c,,Lincoln Road
006WR00000wkEb9YAE,The Bungalows on the Lake at Prairie Queen_The View,Omaha_MDU_The Bungalows on the Lake at Prairie Queen_The View,"13108 Lincoln Rd, Omaha, NE, USA",Property_Street_Number__c,,13108
006WR00000wkEb9YAE,The Bungalows on the Lake at Prairie Queen_The View,Omaha_MDU_The Bungalows on the Lake at Prairie Queen_The View,"13108 Lincoln Rd, Omaha, NE, USA",Property_Street__c,,Lincoln Rd
006WR00000wkEbAYAU,1010 on the Lake,Elkhorn_MDU_1010 on the Lake,"1010 N 192nd Ct, Elkhorn, NE, USA",Property_Street_Number__c,,1010
006WR00000wkEbAYAU,1010 on the Lake,Elkhorn_MDU_1010 on the Lake,"1010 N 192nd Ct, Elkhorn, NE, USA",Property_Street__c,,N 192nd Ct
006WR00000wkEbBYAU,The Beckham,Elkhorn_MDU_The Beckham,"19009 Marcy Street, Elkhorn, NE, USA",Property_Street_Number__c,,19009
006WR00000wkEbBYAU,The Beckham,Elkhorn_MDU_The Beckham,"19009 Marcy Street, Elkhorn, NE, USA",Property_Street__c,,Marcy Street
006WR00000wkEbCYAU,Azle Village,Azle_MDU_Azle Village,"201 Las Bresas St, Azle, TX 76020",Property_Street_Number__c,,201
006WR00000wkEbCYAU,Azle Village,Azle_MDU_Azle Village,"201 Las Bresas St, Azle, TX 76020",Property_Street__c,,Las Bresas St
006WR00000wkEbDYAU,Heritage Oaks,TAYLOR_MDU_Heritage_Oaks_APTS,"213 Debus Dr, Taylor, TX 76574, USA",Property_Street_Number__c,,213
006WR00000wkEbDYAU,Heritage Oaks,TAYLOR_MDU_Heritage_Oaks_APTS,"213 Debus Dr, Taylor, TX 76574, USA",Property_Street__c,,Debus Dr
006WR00000wkEbDYAU,Heritage Oaks,TAYLOR_MDU_Heritage_Oaks_APTS,"213 Debus Dr, Taylor, TX 76574, USA",Property_County__c,,Williamson
006WR00000wkEbEYAU,Big Oaks Estates,,"1110 Indian Trail, Harker Heights, TX, USA",Property_Street_Number__c,,1110
006WR00000wkEbEYAU,Big Oaks Estates,,"1110 Indian Trail, Harker Heights, TX, USA",Property_Street__c,,Indian Trail
006WR00000wkEbFYAU,Southern Hills Manufactured Home Community,Killeen_SFU_Southern Hills MHP,"305 West Elms Road, Killeen, TX, USA",Property_Street_Number__c,,305
006WR00000wkEbFYAU,Southern Hills Manufactured Home Community,Killeen_SFU_Southern Hills MHP,"305 West Elms Road, Killeen, TX, USA",Property_Street__c,,West Elms Road
006WR00000wkEbFYAU,Southern Hills Manufactured Home Community,Killeen_SFU_Southern Hills MHP,"305 West Elms Road, Killeen, TX, USA",Property_County__c,,Bell
006WR00000wkEbGYAU,Sahara & Playa Palms Apartments,,"2200 West San Angelo Street, Gilbert, AZ, USA",Property_Street_Number__c,,2200
006WR00000wkEbGYAU,Sahara & Playa Palms Apartments,,"2200 West San Angelo Street, Gilbert, AZ, USA",Property_Street__c,,West San Angelo Street
006WR00000wkEbHYAU,Arcadia Walk,,"2606 N 44th St, Phoenix, AZ 85008, USA",Property_Street_Number__c,,2606
006WR00000wkEbHYAU,Arcadia Walk,,"2606 N 44th St, Phoenix, AZ 85008, USA",Property_Street__c,,N 44th St
006WR00000wkEbIYAU,First Casa De Marina,Los Angeles_MDU_First Casa De Marina,"12600 Braddock Dr, Los Angeles, California, USA",Property_Street_Number__c,,12600
006WR00000wkEbIYAU,First Casa De Marina,Los Angeles_MDU_First Casa De Marina,"12600 Braddock Dr, Los Angeles, California, USA",Property_Street__c,,Braddock Dr
006WR00000wkEbJYAU,Lombardi Apartments,Woodland Hills_MDU_Lombardi Apartments,"5633 Topanga Canyon Blvd, Woodland Hills, California, USA",Property_Street_Number__c,,5633
006WR00000wkEbJYAU,Lombardi Apartments,Woodland Hills_MDU_Lombardi Apartments,"5633 Topanga Canyon Blvd, Woodland Hills, California, USA",Property_Street__c,,Topanga Canyon Blvd
006WR00000wkEbKYAU,The Meadows at Westlake Village,Westlake Village_MDU_The Meadows at Westlake Village,"603 Hampshire Rd, Westlake Village, California, USA",Property_Street_Number__c,,603
006WR00000wkEbKYAU,The Meadows at Westlake Village,Westlake Village_MDU_The Meadows at Westlake Village,"603 Hampshire Rd, Westlake Village, California, USA",Property_Street__c,,Hampshire Rd
006WR00000wkEbLYAU,Brookside Terrace Apartments,Encino_MDU_Brookside Terrace Apartments,"17200 Burbank Blvd, Encino, California, USA",Property_Street_Number__c,,17200
006WR00000wkEbLYAU,Brookside Terrace Apartments,Encino_MDU_Brookside Terrace Apartments,"17200 Burbank Blvd, Encino, California, USA",Property_Street__c,,Burbank Blvd
006WR00000wkEbMYAU,Gloria Homes,Los Angeles_MDU_Gloria homes,"4928 W Martin Luther King Jr Blvd, Los Angeles, California, USA",Property_Street_Number__c,,4928
006WR00000wkEbMYAU,Gloria Homes,Los Angeles_MDU_Gloria homes,"4928 W Martin Luther King Jr Blvd, Los Angeles, California, USA",Property_Street__c,,W Martin Luther King Jr Blvd
006WR00000wkEbNYAU,Parthenia Terrace,Canoga Park_MDU_Parthenia Terrace,"20909 Parthenia St, Canoga Park, California, USA",Property_Street_Number__c,,20909
006WR00000wkEbNYAU,Parthenia Terrace,Canoga Park_MDU_Parthenia Terrace,"20909 Parthenia St, Canoga Park, California, USA",Property_Street__c,,Parthenia St
006WR00000wkEbOYAU,Patriot Place,Killeen_MDU_Patriot Place,"500 West Rancier Avenue, Killeen, Texas 76541, USA",Property_Street_Number__c,,500
006WR00000wkEbOYAU,Patriot Place,Killeen_MDU_Patriot Place,"500 West Rancier Avenue, Killeen, Texas 76541, USA",Property_Street__c,,West Rancier Avenue
006WR00000wkEbPYAU,1507 N 8th Apartments (aka The Gables at 8th),Killeen_MDU_The Gables at 8th Street,"1507 North 8th Street, Killeen, TX, USA",Property_Street_Number__c,,1507
006WR00000wkEbPYAU,1507 N 8th Apartments (aka The Gables at 8th),Killeen_MDU_The Gables at 8th Street,"1507 North 8th Street, Killeen, TX, USA",Property_Street__c,,North 8th Street
006WR00000wkEbQYAU,307 N 14th Apartments (aka Paloma Gardens),Killeen_MDU_Paloma Gardens 307 N 14th St,"307 N 14th St Killeen, TX, USA",Property_Street_Number__c,,307
006WR00000wkEbQYAU,307 N 14th Apartments (aka Paloma Gardens),Killeen_MDU_Paloma Gardens 307 N 14th St,"307 N 14th St Killeen, TX, USA",Property_Street__c,,N 14th St Killeen
006WR00000wkEbRYAU,Jerome Apartments_Colt RE,Killeen_MDU_Jerome Apts,"2104 Jerome Dr, Killeen, TX, USA",Property_Street_Number__c,,2104
006WR00000wkEbRYAU,Jerome Apartments_Colt RE,Killeen_MDU_Jerome Apts,"2104 Jerome Dr, Killeen, TX, USA",Property_Street__c,,Jerome Dr
006WR00000wkEbSYAU,Saffari Apartments,Killeen_MDU_Saffari Apts,"1409 Bundrant Dr, Killeen, TX 76543, USA",Property_Street_Number__c,,1409
006WR00000wkEbSYAU,Saffari Apartments,Killeen_MDU_Saffari Apts,"1409 Bundrant Dr, Killeen, TX 76543, USA",Property_Street__c,,Bundrant Dr
006WR00000wkEbTYAU,Soaring Eagle Apartments,Killeen_MDU_Soaring Eagle Apartments,"3200 Grider Circle, Killeen, TX, USA",Property_Street_Number__c,,3200
006WR00000wkEbTYAU,Soaring Eagle Apartments,Killeen_MDU_Soaring Eagle Apartments,"3200 Grider Circle, Killeen, TX, USA",Property_Street__c,,Grider Circle
006WR00000wkEbUYAU,1807 Mulford Apartments_Colt RE,Killeen_MDU_1807 Mulford & 1810 N 8th St,"1807 Mulford St, Killeen, TX 76541, USA",Property_Street_Number__c,,1807
006WR00000wkEbUYAU,1807 Mulford Apartments_Colt RE,Killeen_MDU_1807 Mulford & 1810 N 8th St,"1807 Mulford St, Killeen, TX 76541, USA",Property_Street__c,,Mulford St
006WR00000wkEbVYAU,CitiFront Apartments,Salt Lake City_MDU_CitiFront Apartments,"641 W North Temple St, Salt Lake City, UT 84116, USA",Property_Street_Number__c,,641
006WR00000wkEbVYAU,CitiFront Apartments,Salt Lake City_MDU_CitiFront Apartments,"641 W North Temple St, Salt Lake City, UT 84116, USA",Property_Street__c,,W North Temple St
006WR00000wkEbWYAU,Waterstone Apartments,Mesa_MDU_Waterstone Apts,"1651 S Dobson Rd, Mesa, AZ 85202, USA",Property_Street_Number__c,,1651
006WR00000wkEbWYAU,Waterstone Apartments,Mesa_MDU_Waterstone Apts,"1651 S Dobson Rd, Mesa, AZ 85202, USA",Property_Street__c,,S Dobson Rd
006WR00000wkEbXYAU,Holiday Village Manufactured Home Village,AZ_Mesa_SA03_FB38_HolidayVillageMHC,"701 S Dobson Rd, Mesa, AZ 85202, USA",Property_Street_Number__c,,701
006WR00000wkEbXYAU,Holiday Village Manufactured Home Village,AZ_Mesa_SA03_FB38_HolidayVillageMHC,"701 S Dobson Rd, Mesa, AZ 85202, USA",Property_Street__c,,S Dobson Rd
006WR00000wkEbYYAU,Trailpoint by Trion Living / Trailpoint on Highline,Aurora_MDU_Trailpoint by Trion Living,"10756 East Virginia Avenue, Aurora, CO, USA",Property_Street_Number__c,,10756
006WR00000wkEbYYAU,Trailpoint by Trion Living / Trailpoint on Highline,Aurora_MDU_Trailpoint by Trion Living,"10756 East Virginia Avenue, Aurora, CO, USA",Property_Street__c,,East Virginia Avenue
006WR00000wkEbZYAU,Ballantrae Apartments,Eagan_MDU_Ballantrae Apartments,"3800 Ballantrae Rd, Eagan, MN, USA",Property_Street_Number__c,,3800
006WR00000wkEbZYAU,Ballantrae Apartments,Eagan_MDU_Ballantrae Apartments,"3800 Ballantrae Rd, Eagan, MN, USA",Property_Street__c,,Ballantrae Rd
006WR00000wkEbaYAE,Westcliff Apartments,Broomfield_MDU_Westcliff Apartments,"9820 Westcliff Pkwy, Broomfield, CO, USA",Property_Street_Number__c,,9820
006WR00000wkEbaYAE,Westcliff Apartments,Broomfield_MDU_Westcliff Apartments,"9820 Westcliff Pkwy, Broomfield, CO, USA",Property_Street__c,,Westcliff Pkwy
006WR00000wkEbbYAE,Sunshine Portland,Portland_MDU_Sunshine Portland,"3660 SE 29th Ave Portland, OR",Property_Street_Number__c,,3660
006WR00000wkEbbYAE,Sunshine Portland,Portland_MDU_Sunshine Portland,"3660 SE 29th Ave Portland, OR",Property_Street__c,,SE 29th Ave Portland
006WR00000wkEbcYAE,Larpenteur Manor Apartments,Falcon Heights_MDU_Larpenteur Manor Apartments,"1740 Larpenteur Ave W, Falcon Heights, MN, USA",Property_Street_Number__c,,1740
006WR00000wkEbcYAE,Larpenteur Manor Apartments,Falcon Heights_MDU_Larpenteur Manor Apartments,"1740 Larpenteur Ave W, Falcon Heights, MN, USA",Property_Street__c,,Larpenteur Ave W
006WR00000wkEbdYAE,Sun Place Apartments,Roseville_MDU_Sun Place Apartments,"1721 Marion Street, Roseville, MN, USA",Property_Street_Number__c,,1721
006WR00000wkEbdYAE,Sun Place Apartments,Roseville_MDU_Sun Place Apartments,"1721 Marion Street, Roseville, MN, USA",Property_Street__c,,Marion Street
006WR00000wkEbeYAE,Parkview Apartments,Saint Paul_MDU_Parkview Apartments,"1244 Hazelwood St, Saint Paul, MN 55106",Property_Street_Number__c,,1244
006WR00000wkEbeYAE,Parkview Apartments,Saint Paul_MDU_Parkview Apartments,"1244 Hazelwood St, Saint Paul, MN 55106",Property_Street__c,,Hazelwood St
006WR00000wkEbfYAE,Cottage Terrace Apartments,Saint Paul_MDU_Cottage Terrace Apartments,"330 West Cottage Avenue, Saint Paul, MN, USA",Property_Street_Number__c,,330
006WR00000wkEbfYAE,Cottage Terrace Apartments,Saint Paul_MDU_Cottage Terrace Apartments,"330 West Cottage Avenue, Saint Paul, MN, USA",Property_Street__c,,West Cottage Avenue
006WR00000wkEbgYAE,Edgerton Highlands Apartments,Maplewood_MDU_Edgerton Highlands Apartments,"479 Skillman Avenue East, Maplewood, MN, USA",Property_Street_Number__c,,479
006WR00000wkEbgYAE,Edgerton Highlands Apartments,Maplewood_MDU_Edgerton Highlands Apartments,"479 Skillman Avenue East, Maplewood, MN, USA",Property_Street__c,,Skillman Avenue East
006WR00000wkEbhYAE,Johnson Parkway Apartments,Saint Paul_MDU_Johnson Parkway Apartments,"1348 Ames Avenue East, Saint Paul, MN, USA",Property_Street_Number__c,,1348
006WR00000wkEbhYAE,Johnson Parkway Apartments,Saint Paul_MDU_Johnson Parkway Apartments,"1348 Ames Avenue East, Saint Paul, MN, USA",Property_Street__c,,Ames Avenue East
006WR00000wkEbiYAE,LaBlanche Apartments,Saint Paul_MDU_LaBlanche Apartments,"390 West Cottage Avenue, Saint Paul, MN, USA",Property_Street_Number__c,,390
006WR00000wkEbiYAE,LaBlanche Apartments,Saint Paul_MDU_LaBlanche Apartments,"390 West Cottage Avenue, Saint Paul, MN, USA",Property_Street__c,,West Cottage Avenue
006WR00000wkEbjYAE,Park Vista Apartments,Saint Paul_MDU_Park Vista Apartments,"387 Arlington Avenue East, Saint Paul, MN, USA",Property_Street_Number__c,,387
006WR00000wkEbjYAE,Park Vista Apartments,Saint Paul_MDU_Park Vista Apartments,"387 Arlington Avenue East, Saint Paul, MN, USA",Property_Street__c,,Arlington Avenue East
006WR00000wkEbkYAE,Pine Tree Park Apartments,Saint Paul_MDU_Pine Tree Park Apartments,"828 N Hazel St, St Paul, MN, USA",Property_Street_Number__c,,828
006WR00000wkEbkYAE,Pine Tree Park Apartments,Saint Paul_MDU_Pine Tree Park Apartments,"828 N Hazel St, St Paul, MN, USA",Property_Street__c,,N Hazel St
006WR00000wkEblYAE,Goldenstar Apartments,Maplewood_MDU_Goldenstar Apartments,"321 Larpenteur Ave E, Maplewood, MN, USA",Property_Street_Number__c,,321
006WR00000wkEblYAE,Goldenstar Apartments,Maplewood_MDU_Goldenstar Apartments,"321 Larpenteur Ave E, Maplewood, MN, USA",Property_Street__c,,Larpenteur Ave E
006WR00000wkEbmYAE,Evergreen East Apartments,Saint Paul_MDU_Evergreen East Apartments,"1263 Hazelwood Street, Saint Paul, MN, USA",Property_Street_Number__c,,1263
006WR00000wkEbmYAE,Evergreen East Apartments,Saint Paul_MDU_Evergreen East Apartments,"1263 Hazelwood Street, Saint Paul, MN, USA",Property_Street__c,,Hazelwood Street
006WR00000wkEbnYAE,Sherman Forbes Apartments,Saint Paul_MDU_Sherman Forbes Apartments,"324 7th Street West, Saint Paul, MN, USA",Property_Street_Number__c,,324
006WR00000wkEbnYAE,Sherman Forbes Apartments,Saint Paul_MDU_Sherman Forbes Apartments,"324 7th Street West, Saint Paul, MN, USA",Property_Street__c,,7th Street West
006WR00000wkEboYAE,The Bungalows,,"710 East Avenue G, Killeen, TX, USA",Property_Street_Number__c,,710
006WR00000wkEboYAE,The Bungalows,,"710 East Avenue G, Killeen, TX, USA",Property_Street__c,,East Avenue G
006WR00000wkEbpYAE,Shadow Green Apartments,Eden Prairie_MDU_Shadow Green Apartments,"14247 Valley View Road, Eden Prairie, MN, USA",Property_Street_Number__c,,14247
006WR00000wkEbpYAE,Shadow Green Apartments,Eden Prairie_MDU_Shadow Green Apartments,"14247 Valley View Road, Eden Prairie, MN, USA",Property_Street__c,,Valley View Road
006WR00000wkEbqYAE,Purgatory Creek Townhomes,Eden Prairie_MDU_Purgatory Creek Townhomes,"7477 Mitchell Road, Eden Prairie, MN, USA",Property_Street_Number__c,,7477
006WR00000wkEbqYAE,Purgatory Creek Townhomes,Eden Prairie_MDU_Purgatory Creek Townhomes,"7477 Mitchell Road, Eden Prairie, MN, USA",Property_Street__c,,Mitchell Road
006WR00000wkEbrYAE,Equinox on Indian School,Phoenix_MDU_Equinox on Indian School,"2225 West Indian School Road, Phoenix, AZ, USA",Property_Street_Number__c,,2225
006WR00000wkEbrYAE,Equinox on Indian School,Phoenix_MDU_Equinox on Indian School,"2225 West Indian School Road, Phoenix, AZ, USA",Property_Street__c,,West Indian School Road
006WR00000wkEbsYAE,Pomeroy Court,Bellingham_MDU_Pomeroy Court,3100 FERRY AVE	BELLINGHAM	WA,Property_Street_Number__c,,3100
006WR00000wkEbsYAE,Pomeroy Court,Bellingham_MDU_Pomeroy Court,3100 FERRY AVE	BELLINGHAM	WA,Property_Street__c,,FERRY AVE
006WR00000wkEbtYAE,Chalk Hill Ranch Phase 1,Liberty Hill_MDU_Chalk Hill Ranch Phase 1,"351 Co Rd 260, Liberty Hill, TX 78642, USA",Property_Street_Number__c,,351
006WR00000wkEbtYAE,Chalk Hill Ranch Phase 1,Liberty Hill_MDU_Chalk Hill Ranch Phase 1,"351 Co Rd 260, Liberty Hill, TX 78642, USA",Property_Street__c,,Co Rd 260
006WR00000wkEbuYAE,Coyote Creek,Washington_MDU_Coyote Creek,"1165 E Bulloch St, Washington, UT 84780",Property_Street_Number__c,,1165
006WR00000wkEbuYAE,Coyote Creek,Washington_MDU_Coyote Creek,"1165 E Bulloch St, Washington, UT 84780",Property_Street__c,,E Bulloch St
006WR00000wkEbvYAE,The Traditions Apartments,Mesa_MDU_The Traditions Apartments,"4450 E Southern Ave, Mesa, AZ 85206, USA",Property_Street_Number__c,,4450
006WR00000wkEbvYAE,The Traditions Apartments,Mesa_MDU_The Traditions Apartments,"4450 E Southern Ave, Mesa, AZ 85206, USA",Property_Street__c,,E Southern Ave
006WR00000wkEbwYAE,Garden Court Apartments,Denver_MDU_Garden Court Apartments,"1150 Syracuse Street, Denver, CO, USA",Property_Street_Number__c,,1150
006WR00000wkEbwYAE,Garden Court Apartments,Denver_MDU_Garden Court Apartments,"1150 Syracuse Street, Denver, CO, USA",Property_Street__c,,Syracuse Street
006WR00000wkEbxYAE,Woodcrest Townhomes,Chaska_MDU_Woodcrest Townhomes,"2562 Woodcrest Drive, Chaska, MN 55318, USA",Property_Street_Number__c,,2562
006WR00000wkEbxYAE,Woodcrest Townhomes,Chaska_MDU_Woodcrest Townhomes,"2562 Woodcrest Drive, Chaska, MN 55318, USA",Property_Street__c,,Woodcrest Drive
006WR00000wkEbyYAE,Aspen Oaks,Chaska_MDU_Aspen Oaks,"111248 Village Road, Chaska, MN, USA",Property_Street_Number__c,,111248
006WR00000wkEbyYAE,Aspen Oaks,Chaska_MDU_Aspen Oaks,"111248 Village Road, Chaska, MN, USA",Property_Street__c,,Village Road
006WR00000wkEbzYAE,Highland Shores Apartments,Chaska_MDU_Highland Shores Apartments,"3100 North Chestnut Street, Chaska, MN 55318, USA",Property_Street_Number__c,,3100
006WR00000wkEbzYAE,Highland Shores Apartments,Chaska_MDU_Highland Shores Apartments,"3100 North Chestnut Street, Chaska, MN 55318, USA",Property_Street__c,,North Chestnut Street
006WR00000wkEc0YAE,Barbary Knoll Apartments,Chaska_MDU_Barbary Knoll Apartments,"1596 Millpond Court, Chaska, MN 55318, USA",Property_Street_Number__c,,1596
006WR00000wkEc0YAE,Barbary Knoll Apartments,Chaska_MDU_Barbary Knoll Apartments,"1596 Millpond Court, Chaska, MN 55318, USA",Property_Street__c,,Millpond Court
006WR00000wkEc1YAE,Mountain Terrace,Westminster_MDU_Mountain Terrace,"3650 West 84th Avenue, Westminster, CO, USA",Property_Street_Number__c,,3650
006WR00000wkEc1YAE,Mountain Terrace,Westminster_MDU_Mountain Terrace,"3650 West 84th Avenue, Westminster, CO, USA",Property_Street__c,,West 84th Avenue
006WR00000wkEc2YAE,Meeker Commons,Greeley_MDU_Meeker Commons,"505 9th Avenue, Greeley, CO, USA",Property_Street_Number__c,,505
006WR00000wkEc2YAE,Meeker Commons,Greeley_MDU_Meeker Commons,"505 9th Avenue, Greeley, CO, USA",Property_Street__c,,9th Avenue
006WR00000wkEc3YAE,Capri on Camelback,Phoenix_MDU_Capri on Camelback,"5115 N 40th St, Phoenix, AZ, USA",Property_Street_Number__c,,5115
006WR00000wkEc3YAE,Capri on Camelback,Phoenix_MDU_Capri on Camelback,"5115 N 40th St, Phoenix, AZ, USA",Property_Street__c,,N 40th St
006WR00000wkEc4YAE,Mansions at Hemingway,Johnston_MDU_Mansions at Hemingway,"6701 Hemingway St, Johnston, IA 50131, USA",Property_Street_Number__c,,6701
006WR00000wkEc4YAE,Mansions at Hemingway,Johnston_MDU_Mansions at Hemingway,"6701 Hemingway St, Johnston, IA 50131, USA",Property_Street__c,,Hemingway St
006WR00000wkEc5YAE,Benson Crest,Omaha_MDU_Benson Crest,"4438 North 61st Street, Omaha, NE, USA",Property_Street_Number__c,,4438
006WR00000wkEc5YAE,Benson Crest,Omaha_MDU_Benson Crest,"4438 North 61st Street, Omaha, NE, USA",Property_Street__c,,North 61st Street
006WR00000wkEc6YAE,Wright Senior,Grand Prairie_MDU_Wright Senior,"1104 S Carrier Pkwy, Grand Prairie, TX, USA",Property_Street_Number__c,,1104
006WR00000wkEc6YAE,Wright Senior,Grand Prairie_MDU_Wright Senior,"1104 S Carrier Pkwy, Grand Prairie, TX, USA",Property_Street__c,,S Carrier Pkwy
006WR00000wkEc7YAE,Maple Grove Villas,West Des Moines_MDU_Maple Grove Villas,"8602 Westown Parkway, West Des Moines, IA, USA",Property_Street_Number__c,,8602
006WR00000wkEc7YAE,Maple Grove Villas,West Des Moines_MDU_Maple Grove Villas,"8602 Westown Parkway, West Des Moines, IA, USA",Property_Street__c,,Westown Parkway
006WR00000wkEc8YAE,Bristol Square Apartments,Omaha_MDU_Bristol Square Apts,"3110 North 97th Street, Omaha, NE, USA",Property_Street_Number__c,,3110
006WR00000wkEc8YAE,Bristol Square Apartments,Omaha_MDU_Bristol Square Apts,"3110 North 97th Street, Omaha, NE, USA",Property_Street__c,,North 97th Street
006WR00000wkEc9YAE,Heatherwilde Park AKA Cove at Heatherwilde,Pflugerville_MDU_Heatherwilde Park,"16500 Yellow Sage Street, Pflugerville, TX, USA",Property_Street_Number__c,,16500
006WR00000wkEc9YAE,Heatherwilde Park AKA Cove at Heatherwilde,Pflugerville_MDU_Heatherwilde Park,"16500 Yellow Sage Street, Pflugerville, TX, USA",Property_Street__c,,Yellow Sage Street
006WR00000wkEcAYAU,Creekside Apartments,Bridgeport_MDU_Creekside Apartments,"401 Turkey Creek Trail, Bridgeport, TX, USA",Property_Street_Number__c,,401
006WR00000wkEcAYAU,Creekside Apartments,Bridgeport_MDU_Creekside Apartments,"401 Turkey Creek Trail, Bridgeport, TX, USA",Property_Street__c,,Turkey Creek Trail
006WR00000wkEcBYAU,Heritage of Newark (FKA Newark Beach Estates),Newark_MDU_Heritage of Newark (Newark Beach Estates),629 CENTRAL AVE NEWARK TX 76071,Property_Street_Number__c,,629
006WR00000wkEcBYAU,Heritage of Newark (FKA Newark Beach Estates),Newark_MDU_Heritage of Newark (Newark Beach Estates),629 CENTRAL AVE NEWARK TX 76071,Property_Street__c,,CENTRAL AVE
006WR00000wkEcCYAU,Eastgate Village Apartments,Killeen_MDU_Eastgate Village Apartments,"908 Adams Avenue, Killeen, TX, USA",Property_Street_Number__c,,908
006WR00000wkEcCYAU,Eastgate Village Apartments,Killeen_MDU_Eastgate Village Apartments,"908 Adams Avenue, Killeen, TX, USA",Property_Street__c,,Adams Avenue
006WR00000wkEcCYAU,Eastgate Village Apartments,Killeen_MDU_Eastgate Village Apartments,"908 Adams Avenue, Killeen, TX, USA",Property_County__c,,Bell
006WR00000wkEcDYAU,The 1001 Apartments,Omaha_MDU_1001 Apartments,"1001 North 90th Street, Omaha, NE, USA",Property_Street_Number__c,,1001
006WR00000wkEcDYAU,The 1001 Apartments,Omaha_MDU_1001 Apartments,"1001 North 90th Street, Omaha, NE, USA",Property_Street__c,,North 90th Street
006WR00000wkEcEYAU,Northampton Court Condominiums,Omaha_MDU_Northampton Court Condos,"2302 Benson Gardens Boulevard, Omaha, Nebraska 68134, USA",Property_Street_Number__c,,2302
006WR00000wkEcEYAU,Northampton Court Condominiums,Omaha_MDU_Northampton Court Condos,"2302 Benson Gardens Boulevard, Omaha, Nebraska 68134, USA",Property_Street__c,,Benson Gardens Boulevard
006WR00000wkEcFYAU,Equinox on Country Club,Mesa_MDU_Equinox on Country Club,"645 N Country Club Dr, Mesa, AZ 85201, USA",Property_Street_Number__c,,645
006WR00000wkEcFYAU,Equinox on Country Club,Mesa_MDU_Equinox on Country Club,"645 N Country Club Dr, Mesa, AZ 85201, USA",Property_Street__c,,N Country Club Dr
006WR00000wkEcGYAU,The Retreat at City Center,Aurora_MDU_The Retreat at City Center,"820 South Cimarron Way, Aurora, CO, USA",Property_Street_Number__c,,820
006WR00000wkEcGYAU,The Retreat at City Center,Aurora_MDU_The Retreat at City Center,"820 South Cimarron Way, Aurora, CO, USA",Property_Street__c,,South Cimarron Way
006WR00000wkEcHYAU,Avalon Wolf Ranch (f/k/a Retreat at Wolf Ranch),Georgetown_MDU_Retreat at Wolf Ranch,"2323 Wolf Ranch Parkway, Georgetown, TX, USA",Property_Street_Number__c,,2323
006WR00000wkEcHYAU,Avalon Wolf Ranch (f/k/a Retreat at Wolf Ranch),Georgetown_MDU_Retreat at Wolf Ranch,"2323 Wolf Ranch Parkway, Georgetown, TX, USA",Property_Street__c,,Wolf Ranch Parkway
006WR00000wkEcIYAU,Lost Spurs,Roanoke_MDU_Lost Spurs,"13450 Alta Vista Road, Roanoke, TX, USA",Property_Street_Number__c,,13450
006WR00000wkEcIYAU,Lost Spurs,Roanoke_MDU_Lost Spurs,"13450 Alta Vista Road, Roanoke, TX, USA",Property_Street__c,,Alta Vista Road
006WR00000wkEcJYAU,Grand Estates at Keller,Keller_MDU_Grand Estates @ Keller,"500 North Tarrant Parkway, Keller, TX, USA",Property_Street_Number__c,,500
006WR00000wkEcJYAU,Grand Estates at Keller,Keller_MDU_Grand Estates @ Keller,"500 North Tarrant Parkway, Keller, TX, USA",Property_Street__c,,North Tarrant Parkway
006WR00000wkEcKYAU,Lexington Place (Monterey),,"11001 Rancho Place, Fort Worth, TX, USA",Property_Street_Number__c,,11001
006WR00000wkEcKYAU,Lexington Place (Monterey),,"11001 Rancho Place, Fort Worth, TX, USA",Property_Street__c,,Rancho Place
006WR00000wkEcLYAU,Olympus Waterford,Keller_MDU_Olympus Waterford,"400 Bourland Road, Keller, TX, USA",Property_Street_Number__c,,400
006WR00000wkEcLYAU,Olympus Waterford,Keller_MDU_Olympus Waterford,"400 Bourland Road, Keller, TX, USA",Property_Street__c,,Bourland Road
006WR00000wkEcMYAU,Park Vista Townhomes,Watauga_MDU_Park Vista Townhomes,"6728 Park Vista Boulevard, Watauga, TX, USA",Property_Street_Number__c,,6728
006WR00000wkEcMYAU,Park Vista Townhomes,Watauga_MDU_Park Vista Townhomes,"6728 Park Vista Boulevard, Watauga, TX, USA",Property_Street__c,,Park Vista Boulevard
006WR00000wkEcNYAU,Eaves by Avalon (f/k/a Wimberly Apartments),Dallas_MDU_Wimberly,"4141 Horizon North Parkway, Dallas, TX, USA",Property_Street_Number__c,,4141
006WR00000wkEcNYAU,Eaves by Avalon (f/k/a Wimberly Apartments),Dallas_MDU_Wimberly,"4141 Horizon North Parkway, Dallas, TX, USA",Property_Street__c,,Horizon North Parkway
006WR00000wkEcOYAU,Avalon at Castle Hills (f/k/a Lakeway Castle Hills),Lewisville_MDU_Lakeway at Castle Hills,"1980 E State Hwy 121 Business, Lewisville, TX, USA",Property_Street_Number__c,,1980
006WR00000wkEcOYAU,Avalon at Castle Hills (f/k/a Lakeway Castle Hills),Lewisville_MDU_Lakeway at Castle Hills,"1980 E State Hwy 121 Business, Lewisville, TX, USA",Property_Street__c,,E State Hwy 121 Business
006WR00000wkEcPYAU,Liggins Tower,Denver_MDU_Liggins Tower,"5150 E 34th Ave, Denver, CO, USA",Property_Street_Number__c,,5150
006WR00000wkEcPYAU,Liggins Tower,Denver_MDU_Liggins Tower,"5150 E 34th Ave, Denver, CO, USA",Property_Street__c,,E 34th Ave
006WR00000wkEcQYAU,Laguna Vista Mobile Estates,Oceanside_MDU_Laguna Vista Mobile Estates,"276 North El Camino Real, Oceanside, CA, USA",Property_Street_Number__c,,276
006WR00000wkEcQYAU,Laguna Vista Mobile Estates,Oceanside_MDU_Laguna Vista Mobile Estates,"276 North El Camino Real, Oceanside, CA, USA",Property_Street__c,,North El Camino Real
006WR00000wkEcRYAU,Villa Del Mar,Oceanside_MDU_Villa Del Mar,201 Los Arbolitos Blvd Oceanside CA 92058,Property_Street_Number__c,,201
006WR00000wkEcRYAU,Villa Del Mar,Oceanside_MDU_Villa Del Mar,201 Los Arbolitos Blvd Oceanside CA 92058,Property_Street__c,,Los Arbolitos Blvd
006WR00000wkEcSYAU,Dobson Greens Condo HOA,Mesa_MDU_Dobson Greens Condo HOA,"1920 W Lindner Ave, Mesa, AZ 85202, USA",Property_Street_Number__c,,1920
006WR00000wkEcSYAU,Dobson Greens Condo HOA,Mesa_MDU_Dobson Greens Condo HOA,"1920 W Lindner Ave, Mesa, AZ 85202, USA",Property_Street__c,,W Lindner Ave
006WR00000wkEcTYAU,Dobson Bay Club HOA,Mesa_MDU_Dobson Bay Club HOA,"1331 W Baseline Rd #266, Mesa, AZ 85202, USA",Property_Street_Number__c,,1331
006WR00000wkEcTYAU,Dobson Bay Club HOA,Mesa_MDU_Dobson Bay Club HOA,"1331 W Baseline Rd #266, Mesa, AZ 85202, USA",Property_Street__c,,W Baseline Rd
006WR00000wkEcUYAU,Dobson Ranch Condos,Mesa_MDU_Dobson Ranch Condos,"1942 South Emerson, Mesa, AZ 85210",Property_Street_Number__c,,1942
006WR00000wkEcUYAU,Dobson Ranch Condos,Mesa_MDU_Dobson Ranch Condos,"1942 South Emerson, Mesa, AZ 85210",Property_Street__c,,South Emerson
006WR00000wkEcVYAU,Woodcreek Townhomes,Mesa_MDU_Woodcreek Townhomes,"1718 South Longmore #44, Mesa, AZ 85202, USA",Property_Street_Number__c,,1718
006WR00000wkEcVYAU,Woodcreek Townhomes,Mesa_MDU_Woodcreek Townhomes,"1718 South Longmore #44, Mesa, AZ 85202, USA",Property_Street__c,,South Longmore
006WR00000wkEcWYAU,Twin Palms Condominiums,Mesa_MDU_Twin Palms Condos,"1101 South Sycamore, Mesa, AZ 85202, USA",Property_Street_Number__c,,1101
006WR00000wkEcWYAU,Twin Palms Condominiums,Mesa_MDU_Twin Palms Condos,"1101 South Sycamore, Mesa, AZ 85202, USA",Property_Street__c,,South Sycamore
006WR00000wkEcXYAU,Lakewood Manufactured Home Community,Killeen_MDU_Lakewood Manufactured Homes,"110 S 38th St, Killeen, TX, 76543",Property_Street_Number__c,,110
006WR00000wkEcXYAU,Lakewood Manufactured Home Community,Killeen_MDU_Lakewood Manufactured Homes,"110 S 38th St, Killeen, TX, 76543",Property_Street__c,,S 38th St
006WR00000wkEcYYAU,Waterfront Landing,Seattle_MDU_Waterfront Landing,"1950 Alaskan Way, Seattle, WA, USA",Property_Street_Number__c,,1950
006WR00000wkEcYYAU,Waterfront Landing,Seattle_MDU_Waterfront Landing,"1950 Alaskan Way, Seattle, WA, USA",Property_Street__c,,Alaskan Way
006WR00000wkEcZYAU,Eagle Lake Garden Apartments,Azle_MDU_Eagle Lake,"1300 Village Garden, Azle, TX, USA",Property_Street_Number__c,,1300
006WR00000wkEcZYAU,Eagle Lake Garden Apartments,Azle_MDU_Eagle Lake,"1300 Village Garden, Azle, TX, USA",Property_Street__c,,Village Garden
006WR00000wkEcaYAE,Wheatbaker Patio Home Apartments,Billings_MDU_Wheatbaker Patio Home Apartments,"4110 Clippers Way, Billings, MT, USA",Property_Street_Number__c,,4110
006WR00000wkEcaYAE,Wheatbaker Patio Home Apartments,Billings_MDU_Wheatbaker Patio Home Apartments,"4110 Clippers Way, Billings, MT, USA",Property_Street__c,,Clippers Way
006WR00000wkEcbYAE,Alexandra Apartments,Cedar Rapids_MDU_Alexandra Apartments,"4419 1st Avenue Southwest, Cedar Rapids, IA, USA",Property_Street_Number__c,,4419
006WR00000wkEcbYAE,Alexandra Apartments,Cedar Rapids_MDU_Alexandra Apartments,"4419 1st Avenue Southwest, Cedar Rapids, IA, USA",Property_Street__c,,1st Avenue Southwest
006WR00000wkEccYAE,Arthouse Apartments,Keller_MDU_Arthouse Apartments,"251 Town Center Ln, Keller, TX 76248",Property_Street_Number__c,,251
006WR00000wkEccYAE,Arthouse Apartments,Keller_MDU_Arthouse Apartments,"251 Town Center Ln, Keller, TX 76248",Property_Street__c,,Town Center Ln
006WR00000wkEcdYAE,The Retreat on 6th,Cedar Rapids_MDU_The Retreat on 6th,"2981 6th St SW, Cedar Rapids, IA 52404, USA",Property_Street_Number__c,,2981
006WR00000wkEcdYAE,The Retreat on 6th,Cedar Rapids_MDU_The Retreat on 6th,"2981 6th St SW, Cedar Rapids, IA 52404, USA",Property_Street__c,,6th St SW
006WR00000wkEceYAE,Pheasant Run Apartments,Cedar Rapids_MDU_Pheasant Run Apartments,"470 Quail Court Southwest, Cedar Rapids, IA, USA",Property_Street_Number__c,,470
006WR00000wkEceYAE,Pheasant Run Apartments,Cedar Rapids_MDU_Pheasant Run Apartments,"470 Quail Court Southwest, Cedar Rapids, IA, USA",Property_Street__c,,Quail Court Southwest
006WR00000wkEcfYAE,Enclave at Westport,Roanoke_MDU_Enclave at Westport,"13524 Alta Vista Rd, Roanoke, TX 76262",Property_Street_Number__c,,13524
006WR00000wkEcfYAE,Enclave at Westport,Roanoke_MDU_Enclave at Westport,"13524 Alta Vista Rd, Roanoke, TX 76262",Property_Street__c,,Alta Vista Rd
006WR00000wkEcgYAE,Northampton Arms Apartments,Omaha_MDU_Northampton Arms Apartments,"5615 Northampton Blvd, Omaha, NE, USA",Property_Street_Number__c,,5615
006WR00000wkEcgYAE,Northampton Arms Apartments,Omaha_MDU_Northampton Arms Apartments,"5615 Northampton Blvd, Omaha, NE, USA",Property_Street__c,,Northampton Blvd
006WR00000wkEchYAE,Watervue Apartments,Fort Worth_MDU_Watervue,"8660 N Beach St, Keller TX 76244",Property_Street_Number__c,,8660
006WR00000wkEchYAE,Watervue Apartments,Fort Worth_MDU_Watervue,"8660 N Beach St, Keller TX 76244",Property_Street__c,,N Beach St
006WR00000wkEciYAE,Discovery Village at Alliance Town Center,Fort Worth_MDU_Discovery Village at Alliance Town Center: Retirement Community,"3401 Amador Dr, Fort Worth, TX 76177",Property_Street_Number__c,,3401
006WR00000wkEciYAE,Discovery Village at Alliance Town Center,Fort Worth_MDU_Discovery Village at Alliance Town Center: Retirement Community,"3401 Amador Dr, Fort Worth, TX 76177",Property_Street__c,,Amador Dr
006WR00000wkEcjYAE,Lakeside Apartment Homes,Taylor_MDU_Lakeside Apartments,"1209 Vance Street, Taylor, TX, USA",Property_Street_Number__c,,1209
006WR00000wkEcjYAE,Lakeside Apartment Homes,Taylor_MDU_Lakeside Apartments,"1209 Vance Street, Taylor, TX, USA",Property_Street__c,,Vance Street
006WR00000wkEckYAE,Crosspointe Vista,Seattle_MDU_Crosspointe Vista,"620 Comstock St Seattle, WA 98109",Property_Street_Number__c,,620
006WR00000wkEckYAE,Crosspointe Vista,Seattle_MDU_Crosspointe Vista,"620 Comstock St Seattle, WA 98109",Property_Street__c,,Comstock St Seattle
006WR00000wkEclYAE,Lucille on Roosevelt,Seattle_MDU_Lucille,"6717 Roosevelt Way Northeast, Seattle, WA, USA",Property_Street_Number__c,,6717
006WR00000wkEclYAE,Lucille on Roosevelt,Seattle_MDU_Lucille,"6717 Roosevelt Way Northeast, Seattle, WA, USA",Property_Street__c,,Roosevelt Way Northeast
006WR00000wkEcmYAE,Arbors of Killeen,Killeen_MDU_Arbors of Killeen,"2801 O W Curry Drive, Killeen, TX, USA",Property_Street_Number__c,,2801
006WR00000wkEcmYAE,Arbors of Killeen,Killeen_MDU_Arbors of Killeen,"2801 O W Curry Drive, Killeen, TX, USA",Property_Street__c,,O W Curry Drive
006WR00000wkEcnYAE,Paloma Gardens Apartments,Killeen_MDU_Paloma Gardens,"2820 Cedar Circle, Killeen, TX, USA",Property_Street_Number__c,,2820
006WR00000wkEcnYAE,Paloma Gardens Apartments,Killeen_MDU_Paloma Gardens,"2820 Cedar Circle, Killeen, TX, USA",Property_Street__c,,Cedar Circle
006WR00000wkEcoYAE,Mallard Run Apartments,Taylor_MDU_Mallard Run Apartments,"1000 Mallard Lane, Taylor, TX, USA",Property_Street_Number__c,,1000
006WR00000wkEcoYAE,Mallard Run Apartments,Taylor_MDU_Mallard Run Apartments,"1000 Mallard Lane, Taylor, TX, USA",Property_Street__c,,Mallard Lane
006WR00000wkEcpYAE,Sonterra Apartment Homes,Jarrell_MDU_Sonterra Apartment Homes,"1661 County Road 313, Jarrell, TX, USA",Property_Street_Number__c,,1661
006WR00000wkEcpYAE,Sonterra Apartment Homes,Jarrell_MDU_Sonterra Apartment Homes,"1661 County Road 313, Jarrell, TX, USA",Property_Street__c,,County Road 313
006WR00000wkEzRYAU,2nd Ave Commons,,"140 W 2nd Ave, Mesa, AZ 85210, USA",Property_Street_Number__c,,140
006WR00000wkEzRYAU,2nd Ave Commons,,"140 W 2nd Ave, Mesa, AZ 85210, USA",Property_Street__c,,W 2nd Ave
006WR00000wkEzSYAU,ACERO Hawes Crossing,,"3646 E Elliot Rd, Mesa, AZ 85212, USA",Property_Street_Number__c,,3646
006WR00000wkEzSYAU,ACERO Hawes Crossing,,"3646 E Elliot Rd, Mesa, AZ 85212, USA",Property_Street__c,,E Elliot Rd
006WR00000wkEzTYAU,The Falls at Crismon Commons,,1810 S Crismon Rd Mesa Az 85209,Property_Street_Number__c,,1810
006WR00000wkEzTYAU,The Falls at Crismon Commons,,1810 S Crismon Rd Mesa Az 85209,Property_Street__c,,S Crismon Rd
006WR00000wkEzUYAU,Cabana Southern,,"9733 E Southern Ave, Mesa, AZ 85209, USA",Property_Street_Number__c,,9733
006WR00000wkEzUYAU,Cabana Southern,,"9733 E Southern Ave, Mesa, AZ 85209, USA",Property_Street__c,,E Southern Ave
006WR00000wkEzVYAU,Sage Mesa,,"10529 E Hampton Ave, Mesa, AZ 85209, USA",Property_Street_Number__c,,10529
006WR00000wkEzVYAU,Sage Mesa,,"10529 E Hampton Ave, Mesa, AZ 85209, USA",Property_Street__c,,E Hampton Ave
006WR00000wkEzWYAU,Hampton East,,9740 E Hampton Ave Mesa Az 85209,Property_Street_Number__c,,9740
006WR00000wkEzWYAU,Hampton East,,9740 E Hampton Ave Mesa Az 85209,Property_Street__c,,E Hampton Ave
006WR00000wkEzXYAU,Bella Encanta,,9745 E Hampton Ave 85209,Property_Street_Number__c,,9745
006WR00000wkEzXYAU,Bella Encanta,,9745 E Hampton Ave 85209,Property_Street__c,,E Hampton Ave
006WR00000wkEzYYAU,Lumina Mountain Vista,,"10631 E Southern Ave, Mesa, AZ 85209, USA",Property_Street_Number__c,,10631
006WR00000wkEzYYAU,Lumina Mountain Vista,,"10631 E Southern Ave, Mesa, AZ 85209, USA",Property_Street__c,,E Southern Ave
006WR00000wkEzZYAU,San Piedra,,"4510 E Banner Gateway Dr, Mesa, AZ 85206, USA",Property_Street_Number__c,,4510
006WR00000wkEzZYAU,San Piedra,,"4510 E Banner Gateway Dr, Mesa, AZ 85206, USA",Property_Street__c,,E Banner Gateway Dr
006WR00000wkEzaYAE,The Logan on Ellsworth,,"250 N Ellsworth Rd, Mesa, AZ 85207, USA",Property_Street_Number__c,,250
006WR00000wkEzaYAE,The Logan on Ellsworth,,"250 N Ellsworth Rd, Mesa, AZ 85207, USA",Property_Street__c,,N Ellsworth Rd
006WR00000wkEzbYAE,Solstice of Mesa,,307 S Hawes Rd  85208,Property_Street_Number__c,,307
006WR00000wkEzbYAE,Solstice of Mesa,,307 S Hawes Rd  85208,Property_Street__c,,S Hawes Rd
006WR00000wkEzcYAE,Azul at Spectrum,,"3134 S Market St, Gilbert, AZ 85295, USA",Property_Street_Number__c,,3134
006WR00000wkEzcYAE,Azul at Spectrum,,"3134 S Market St, Gilbert, AZ 85295, USA",Property_Street__c,,S Market St
006WR00000wkEzdYAE,The Wyatt at Presidio Junction Apartment Homes,,"2301 Presidio Vista Dr, Fort Worth, TX 76177",Property_Street_Number__c,,2301
006WR00000wkEzdYAE,The Wyatt at Presidio Junction Apartment Homes,,"2301 Presidio Vista Dr, Fort Worth, TX 76177",Property_Street__c,,Presidio Vista Dr
006WR00000wkEzeYAE,Sire Wellington Apartments,,"11901 Willow Springs Rd, Haslet, TX 76052",Property_Street_Number__c,,11901
006WR00000wkEzeYAE,Sire Wellington Apartments,,"11901 Willow Springs Rd, Haslet, TX 76052",Property_Street__c,,Willow Springs Rd
006WR00000wkEzfYAE,Bell Presidio,Fort Worth_MDU_Bell Presidio,"8933 Proper St, Fort Worth, Texas, 76177",Property_Street_Number__c,,8933
006WR00000wkEzfYAE,Bell Presidio,Fort Worth_MDU_Bell Presidio,"8933 Proper St, Fort Worth, Texas, 76177",Property_Street__c,,Proper St
006WR00000wkEzfYAE,Bell Presidio,Fort Worth_MDU_Bell Presidio,"8933 Proper St, Fort Worth, Texas, 76177",Property_County__c,,Tarrant
006WR00000wkEzgYAE,SageStone Village,Fort Worth_MDU_SageStone Village,"3255 Sagestone Dr, Fort Worth, TX 76177",Property_Street_Number__c,,3255
006WR00000wkEzgYAE,SageStone Village,Fort Worth_MDU_SageStone Village,"3255 Sagestone Dr, Fort Worth, TX 76177",Property_Street__c,,Sagestone Dr
006WR00000wkEzgYAE,SageStone Village,Fort Worth_MDU_SageStone Village,"3255 Sagestone Dr, Fort Worth, TX 76177",Property_County__c,,Tarrant
006WR00000wkEzhYAE,SageWater Village,Fort Worth_MDU_SageWater Village,"9340 Feather Grass Ln, Fort Worth, TX 76177",Property_Street_Number__c,,9340
006WR00000wkEzhYAE,SageWater Village,Fort Worth_MDU_SageWater Village,"9340 Feather Grass Ln, Fort Worth, TX 76177",Property_Street__c,,Feather Grass Ln
006WR00000wkEzhYAE,SageWater Village,Fort Worth_MDU_SageWater Village,"9340 Feather Grass Ln, Fort Worth, TX 76177",Property_County__c,,Tarrant
006WR00000wkEziYAE,Cortland Presidio West,,"2001 Presidio Vista Dr, Fort Worth, TX 76177",Property_Street_Number__c,,2001
006WR00000wkEziYAE,Cortland Presidio West,,"2001 Presidio Vista Dr, Fort Worth, TX 76177",Property_Street__c,,Presidio Vista Dr
006WR00000wkEzjYAE,Avondale Apartments,,"13101 Avondale Farms Dr, Haslet, TX 76052",Property_Street_Number__c,,13101
006WR00000wkEzjYAE,Avondale Apartments,,"13101 Avondale Farms Dr, Haslet, TX 76052",Property_Street__c,,Avondale Farms Dr
006WR00000wkEzkYAE,Solay Fort Worth Apartments,,"8900 Harmon Rd, Fort Worth, TX 76177",Property_Street_Number__c,,8900
006WR00000wkEzkYAE,Solay Fort Worth Apartments,,"8900 Harmon Rd, Fort Worth, TX 76177",Property_Street__c,,Harmon Rd
006WR00000wkEzlYAE,Watermere at Southlake,,"251 Watermere Dr, Southlake, TX 76092",Property_Street_Number__c,,251
006WR00000wkEzlYAE,Watermere at Southlake,,"251 Watermere Dr, Southlake, TX 76092",Property_Street__c,,Watermere Dr
006WR00000wkEzmYAE,Alleia at Presidio,,"2028 Presidio Vista Dr, Fort Worth, TX 76177",Property_Street_Number__c,,2028
006WR00000wkEzmYAE,Alleia at Presidio,,"2028 Presidio Vista Dr, Fort Worth, TX 76177",Property_Street__c,,Presidio Vista Dr
006WR00000wkEznYAE,Forena Revelstoke Apartments,,"950 Spanish Needle Trail, Fort Worth, TX 76177",Property_Street_Number__c,,950
006WR00000wkEznYAE,Forena Revelstoke Apartments,,"950 Spanish Needle Trail, Fort Worth, TX 76177",Property_Street__c,,Spanish Needle Trail
006WR00000wkEzoYAE,The Legends at Eagle Mountain,,"9685 Boat Club Rd, Fort Worth, TX, USA",Property_Street_Number__c,,9685
006WR00000wkEzoYAE,The Legends at Eagle Mountain,,"9685 Boat Club Rd, Fort Worth, TX, USA",Property_Street__c,,Boat Club Rd
006WR00000wkEzpYAE,Elevation at the Village,,"1935 South Santan Village Parkway, Gilbert, AZ, USA",Property_Street_Number__c,,1935
006WR00000wkEzpYAE,Elevation at the Village,,"1935 South Santan Village Parkway, Gilbert, AZ, USA",Property_Street__c,,South Santan Village Parkway
006WR00000wkEzqYAE,Gateway at Cooley Station,,"4210 E Williams Field Rd, Gilbert, AZ 85295, USA",Property_Street_Number__c,,4210
006WR00000wkEzqYAE,Gateway at Cooley Station,,"4210 E Williams Field Rd, Gilbert, AZ 85295, USA",Property_Street__c,,E Williams Field Rd
006WR00000wkEzrYAE,The Crossing at Cooley Station,,"3700 E Williams Field Rd, Gilbert, AZ 85295, USA",Property_Street_Number__c,,3700
006WR00000wkEzrYAE,The Crossing at Cooley Station,,"3700 E Williams Field Rd, Gilbert, AZ 85295, USA",Property_Street__c,,E Williams Field Rd
006WR00000wkEzsYAE,The Maxwell at Cooley Station,,"6151 S Power Rd, Mesa, AZ, USA",Property_Street_Number__c,,6151
006WR00000wkEzsYAE,The Maxwell at Cooley Station,,"6151 S Power Rd, Mesa, AZ, USA",Property_Street__c,,S Power Rd
006WR00000wkEztYAE,Acero Eastmark Apartments,,"9240 E Point Twenty-Two Blvd, Mesa, AZ, USA",Property_Street_Number__c,,9240
006WR00000wkEztYAE,Acero Eastmark Apartments,,"9240 E Point Twenty-Two Blvd, Mesa, AZ, USA",Property_Street__c,,E Point Twenty-Two Blvd
006WR00000wkEzuYAE,Springs at Eastmark,,9321 E Warner Rd,Property_Street_Number__c,,9321
006WR00000wkEzuYAE,Springs at Eastmark,,9321 E Warner Rd,Property_Street__c,,E Warner Rd
006WR00000wkEzvYAE,Aiya,,"2350 S Wade Dr, Gilbert, AZ 85295, USA",Property_Street_Number__c,,2350
006WR00000wkEzvYAE,Aiya,,"2350 S Wade Dr, Gilbert, AZ 85295, USA",Property_Street__c,,S Wade Dr
006WR00000wkEzwYAE,Arium,,"555 East Ray Road, Chandler, AZ 85225, USA",Property_Street_Number__c,,555
006WR00000wkEzwYAE,Arium,,"555 East Ray Road, Chandler, AZ 85225, USA",Property_Street__c,,East Ray Road
006WR00000wkEzxYAE,Alta Chandler at the Park,,1333 N Parklane Blvd 85224,Property_Street_Number__c,,1333
006WR00000wkEzxYAE,Alta Chandler at the Park,,1333 N Parklane Blvd 85224,Property_Street__c,,N Parklane Blvd
006WR00000wkEzyYAE,Magnolia on Oak Street,Roanoke_MDU_Magnolia on Oak Street,"601 N Oak St, Roanoke, TX 76262",Property_Street_Number__c,,601
006WR00000wkEzyYAE,Magnolia on Oak Street,Roanoke_MDU_Magnolia on Oak Street,"601 N Oak St, Roanoke, TX 76262",Property_Street__c,,N Oak St
006WR00000wkEzyYAE,Magnolia on Oak Street,Roanoke_MDU_Magnolia on Oak Street,"601 N Oak St, Roanoke, TX 76262",Property_County__c,,Denton
006WR00000wkEzzYAE,Eastgate Ridge Apartments,Killeen_MDU_Eastgate Ridge Apartments,"1014 North Gilmer Street, Killeen, TX, USA",Property_Street_Number__c,,1014
006WR00000wkEzzYAE,Eastgate Ridge Apartments,Killeen_MDU_Eastgate Ridge Apartments,"1014 North Gilmer Street, Killeen, TX, USA",Property_Street__c,,North Gilmer Street
006WR00000wkEzzYAE,Eastgate Ridge Apartments,Killeen_MDU_Eastgate Ridge Apartments,"1014 North Gilmer Street, Killeen, TX, USA",Property_County__c,,Bell
006WR00000wkF00YAE,Lake Park Village,Mesa_MDU_Lake Park Village,2524 S EL PARADISO UNIT 1 MESA AZ 85202,Property_Street_Number__c,,2524
006WR00000wkF00YAE,Lake Park Village,Mesa_MDU_Lake Park Village,2524 S EL PARADISO UNIT 1 MESA AZ 85202,Property_Street__c,,S EL PARADISO
006WR00000wkF01YAE,Mansions at Timberland Apartments,Keller_MDU_Mansions at Timberland Apartments,"11401 N Riverside Dr, Fort Worth, TX, USA",Property_Street_Number__c,,11401
006WR00000wkF01YAE,Mansions at Timberland Apartments,Keller_MDU_Mansions at Timberland Apartments,"11401 N Riverside Dr, Fort Worth, TX, USA",Property_Street__c,,N Riverside Dr
006WR00000wkF01YAE,Mansions at Timberland Apartments,Keller_MDU_Mansions at Timberland Apartments,"11401 N Riverside Dr, Fort Worth, TX, USA",Property_County__c,,Tarrant
006WR00000wkF02YAE,Presidium Revelstoke Apartments,Fort Worth_MDU_Presidium Revelstoke Apartments,9600 BLUE MOUND RD UNIT 1 FORT WORTH TX 76131,Property_Street_Number__c,,9600
006WR00000wkF02YAE,Presidium Revelstoke Apartments,Fort Worth_MDU_Presidium Revelstoke Apartments,9600 BLUE MOUND RD UNIT 1 FORT WORTH TX 76131,Property_Street__c,,BLUE MOUND RD
006WR00000wkF02YAE,Presidium Revelstoke Apartments,Fort Worth_MDU_Presidium Revelstoke Apartments,9600 BLUE MOUND RD UNIT 1 FORT WORTH TX 76131,Property_County__c,,Tarrant
006WR00000wkF03YAE,Skyline Prairie Homes,Fort Worth_MDU_Skyline Prairie Homes,8220 HORSEMAN RD UNIT 1 FORT WORTH TX 76131,Property_Street_Number__c,,8220
006WR00000wkF03YAE,Skyline Prairie Homes,Fort Worth_MDU_Skyline Prairie Homes,8220 HORSEMAN RD UNIT 1 FORT WORTH TX 76131,Property_Street__c,,HORSEMAN RD
006WR00000wkF03YAE,Skyline Prairie Homes,Fort Worth_MDU_Skyline Prairie Homes,8220 HORSEMAN RD UNIT 1 FORT WORTH TX 76131,Property_County__c,,Tarrant
006WR00000wkF04YAE,Three77 Park,Fort Worth_MDU_Three77 Park,5601 GOLDEN TRIANGLE BLVD FORT WORTH TX 76244,Property_Street_Number__c,,5601
006WR00000wkF04YAE,Three77 Park,Fort Worth_MDU_Three77 Park,5601 GOLDEN TRIANGLE BLVD FORT WORTH TX 76244,Property_Street__c,,GOLDEN TRIANGLE BLVD FORT WORTH
006WR00000wkF04YAE,Three77 Park,Fort Worth_MDU_Three77 Park,5601 GOLDEN TRIANGLE BLVD FORT WORTH TX 76244,Property_County__c,,Tarrant
006WR00000wkF05YAE,Avondale Senior Living,Fort Worth_MDU_Avondale Senior Living,2217 ARMADILLO TRL UNIT 1 FORT WORTH TX 76052,Property_Street_Number__c,,2217
006WR00000wkF05YAE,Avondale Senior Living,Fort Worth_MDU_Avondale Senior Living,2217 ARMADILLO TRL UNIT 1 FORT WORTH TX 76052,Property_Street__c,,ARMADILLO TRL UNIT 1 FORT WORTH
006WR00000wkF05YAE,Avondale Senior Living,Fort Worth_MDU_Avondale Senior Living,2217 ARMADILLO TRL UNIT 1 FORT WORTH TX 76052,Property_County__c,,Tarrant
006WR00000wkF06YAE,The Wyatt at Presidio Junction Apartment Homes,Fort Worth_MDU_The Wyatt at Presidio Junction Apartment Homes,2301 PRESIDIO VISTA DR UNIT 1 FORT WORTH TX 76177,Property_Street_Number__c,,2301
006WR00000wkF06YAE,The Wyatt at Presidio Junction Apartment Homes,Fort Worth_MDU_The Wyatt at Presidio Junction Apartment Homes,2301 PRESIDIO VISTA DR UNIT 1 FORT WORTH TX 76177,Property_Street__c,,PRESIDIO VISTA DR
006WR00000wkF06YAE,The Wyatt at Presidio Junction Apartment Homes,Fort Worth_MDU_The Wyatt at Presidio Junction Apartment Homes,2301 PRESIDIO VISTA DR UNIT 1 FORT WORTH TX 76177,Property_County__c,,Tarrant
006WR00000wkF07YAE,Dry Creek Ranch Apartments,Northlake_MDU_Dry Creek Ranch Apartments,13861 RACEWAY DR UNIT 1 NORTHLAKE TX 76262,Property_Street_Number__c,,13861
006WR00000wkF07YAE,Dry Creek Ranch Apartments,Northlake_MDU_Dry Creek Ranch Apartments,13861 RACEWAY DR UNIT 1 NORTHLAKE TX 76262,Property_Street__c,,RACEWAY DR UNIT 1 NORTHLAKE
006WR00000wkF07YAE,Dry Creek Ranch Apartments,Northlake_MDU_Dry Creek Ranch Apartments,13861 RACEWAY DR UNIT 1 NORTHLAKE TX 76262,Property_County__c,,Denton
006WR00000wkF08YAE,Watermere at Southlake,Southlake_MDU_Watermere at Southlake,251 WATERMERE DR UNIT 1 SOUTHLAKE TX 76092,Property_Street_Number__c,,251
006WR00000wkF08YAE,Watermere at Southlake,Southlake_MDU_Watermere at Southlake,251 WATERMERE DR UNIT 1 SOUTHLAKE TX 76092,Property_Street__c,,WATERMERE DR
006WR00000wkF08YAE,Watermere at Southlake,Southlake_MDU_Watermere at Southlake,251 WATERMERE DR UNIT 1 SOUTHLAKE TX 76092,Property_County__c,,Tarrant
006WR00000wkF09YAE,Solana Mar Apartments,Solana Beach_MDU_Solana Mar Apartments,309 SOLANA HILLS DR SOLANA BEACH CA 92075,Property_Street_Number__c,,309
006WR00000wkF09YAE,Solana Mar Apartments,Solana Beach_MDU_Solana Mar Apartments,309 SOLANA HILLS DR SOLANA BEACH CA 92075,Property_Street__c,,SOLANA HILLS DR
006WR00000wkF0AYAU,Tacara Apartments NKA Bluestem Village,Keller_MDU_Tacara Apartments,"10456 Stonewind Dr, Fort Worth, TX 76244",Property_Street_Number__c,,10456
006WR00000wkF0AYAU,Tacara Apartments NKA Bluestem Village,Keller_MDU_Tacara Apartments,"10456 Stonewind Dr, Fort Worth, TX 76244",Property_Street__c,,Stonewind Dr
006WR00000wkF0AYAU,Tacara Apartments NKA Bluestem Village,Keller_MDU_Tacara Apartments,"10456 Stonewind Dr, Fort Worth, TX 76244",Property_County__c,,Tarrant
006WR00000wkF0BYAU,Churchill at Champions Circle,Fort Worth_MDU_Churchill at Champions Circle,15733 GOLF VIEW DR UNIT 1 FORT WORTH TX 76177,Property_Street_Number__c,,15733
006WR00000wkF0BYAU,Churchill at Champions Circle,Fort Worth_MDU_Churchill at Champions Circle,15733 GOLF VIEW DR UNIT 1 FORT WORTH TX 76177,Property_Street__c,,GOLF VIEW DR
006WR00000wkF0BYAU,Churchill at Champions Circle,Fort Worth_MDU_Churchill at Champions Circle,15733 GOLF VIEW DR UNIT 1 FORT WORTH TX 76177,Property_County__c,,Denton
006WR00000wkF0CYAU,Avondale Apartments,Haslet_MDU_Avondale Apartments,2000 HUNTER VALLEY CIR UNIT 310 HASLET TX 76052,Property_Street_Number__c,,2000
006WR00000wkF0CYAU,Avondale Apartments,Haslet_MDU_Avondale Apartments,2000 HUNTER VALLEY CIR UNIT 310 HASLET TX 76052,Property_Street__c,,HUNTER VALLEY CIR
006WR00000wkF0CYAU,Avondale Apartments,Haslet_MDU_Avondale Apartments,2000 HUNTER VALLEY CIR UNIT 310 HASLET TX 76052,Property_County__c,,Tarrant
006WR00000wkF0DYAU,Bexley at Champions Circle,Fort Worth_MDU_Bexley at Champions Circle,15848 CHAMPIONSHIP PKWY UNIT 10 FORT WORTH TX 76177,Property_Street_Number__c,,15848
006WR00000wkF0DYAU,Bexley at Champions Circle,Fort Worth_MDU_Bexley at Champions Circle,15848 CHAMPIONSHIP PKWY UNIT 10 FORT WORTH TX 76177,Property_Street__c,,CHAMPIONSHIP PKWY
006WR00000wkF0DYAU,Bexley at Champions Circle,Fort Worth_MDU_Bexley at Champions Circle,15848 CHAMPIONSHIP PKWY UNIT 10 FORT WORTH TX 76177,Property_County__c,,Denton
006WR00000wkF0EYAU,Rise Creekside,Northlake_MDU_Rise Creekside,8299 SMALL BLOCK RD UNIT 1 NORTHLAKE TX 76262,Property_Street_Number__c,,8299
006WR00000wkF0EYAU,Rise Creekside,Northlake_MDU_Rise Creekside,8299 SMALL BLOCK RD UNIT 1 NORTHLAKE TX 76262,Property_Street__c,,SMALL BLOCK RD
006WR00000wkF0EYAU,Rise Creekside,Northlake_MDU_Rise Creekside,8299 SMALL BLOCK RD UNIT 1 NORTHLAKE TX 76262,Property_County__c,,Denton
006WR00000wkF0FYAU,Watermere Retirement Community,Southlake_MDU_Watermere Retirement Community,302 WATERMERE DR UNIT 1 SOUTHLAKE TX 76092,Property_Street_Number__c,,302
006WR00000wkF0FYAU,Watermere Retirement Community,Southlake_MDU_Watermere Retirement Community,302 WATERMERE DR UNIT 1 SOUTHLAKE TX 76092,Property_Street__c,,WATERMERE DR
006WR00000wkF0FYAU,Watermere Retirement Community,Southlake_MDU_Watermere Retirement Community,302 WATERMERE DR UNIT 1 SOUTHLAKE TX 76092,Property_County__c,,Tarrant
006WR00000wkF0GYAU,Flatz487,JARRELL_MDU_Flatz487,883 C BUD STOCKTON LOOP UNIT 1 JARRELL TX 76537,Property_Street_Number__c,,883
006WR00000wkF0GYAU,Flatz487,JARRELL_MDU_Flatz487,883 C BUD STOCKTON LOOP UNIT 1 JARRELL TX 76537,Property_Street__c,,C BUD STOCKTON LOOP
006WR00000wkF0GYAU,Flatz487,JARRELL_MDU_Flatz487,883 C BUD STOCKTON LOOP UNIT 1 JARRELL TX 76537,Property_County__c,,Williamson
006WR00000wkF0HYAU,Two99 Monroe Apartments,ROANOKE_MDU_Two99 Monroe Apartments,299 MONROE AVE UNIT 2101 ROANOKE TX 76262,Property_Street_Number__c,,299
006WR00000wkF0HYAU,Two99 Monroe Apartments,ROANOKE_MDU_Two99 Monroe Apartments,299 MONROE AVE UNIT 2101 ROANOKE TX 76262,Property_Street__c,,MONROE AVE
006WR00000wkF0HYAU,Two99 Monroe Apartments,ROANOKE_MDU_Two99 Monroe Apartments,299 MONROE AVE UNIT 2101 ROANOKE TX 76262,Property_County__c,,Denton
006WR00000wkF0IYAU,Bevan Apartments,Trophy Club_MDU_Bevan Apartments,90 TROPHY CLUB DR UNIT 1 TROPHY CLUB TX 76262,Property_Street_Number__c,,90
006WR00000wkF0IYAU,Bevan Apartments,Trophy Club_MDU_Bevan Apartments,90 TROPHY CLUB DR UNIT 1 TROPHY CLUB TX 76262,Property_Street__c,,TROPHY CLUB DR
006WR00000wkF0IYAU,Bevan Apartments,Trophy Club_MDU_Bevan Apartments,90 TROPHY CLUB DR UNIT 1 TROPHY CLUB TX 76262,Property_County__c,,Denton
006WR00000wkF0JYAU,Fort Worth_MDU_Avilla Boat Club,Fort Worth_MDU_Avilla Boat Club,"6500 Idle Ln, Fort Worth, TX, USA",Property_Street_Number__c,,6500
006WR00000wkF0JYAU,Fort Worth_MDU_Avilla Boat Club,Fort Worth_MDU_Avilla Boat Club,"6500 Idle Ln, Fort Worth, TX, USA",Property_Street__c,,Idle Ln
006WR00000wkF0JYAU,Fort Worth_MDU_Avilla Boat Club,Fort Worth_MDU_Avilla Boat Club,"6500 Idle Ln, Fort Worth, TX, USA",Property_County__c,,Tarrant
006WR00000wkF0KYAU,Aspen Grove,Omaha_MDU_Aspen Grove Apts,"9451 Vernon Plz, Omaha, NE, USA",Property_Street_Number__c,,9451
006WR00000wkF0KYAU,Aspen Grove,Omaha_MDU_Aspen Grove Apts,"9451 Vernon Plz, Omaha, NE, USA",Property_Street__c,,Vernon Plz
006WR00000wkF0KYAU,Aspen Grove,Omaha_MDU_Aspen Grove Apts,"9451 Vernon Plz, Omaha, NE, USA",Property_County__c,,Douglas
006WR00000wkF0LYAU,Ruby at Chadwick Commons,Northlake_MDU_Ruby at Chadwick Commons,5001 HIGHWAY 114 UNIT 1 NORTHLAKE TX 76262,Property_Street_Number__c,,5001
006WR00000wkF0LYAU,Ruby at Chadwick Commons,Northlake_MDU_Ruby at Chadwick Commons,5001 HIGHWAY 114 UNIT 1 NORTHLAKE TX 76262,Property_Street__c,,HIGHWAY 114
006WR00000wkF0LYAU,Ruby at Chadwick Commons,Northlake_MDU_Ruby at Chadwick Commons,5001 HIGHWAY 114 UNIT 1 NORTHLAKE TX 76262,Property_County__c,,Denton
006WR00000wkF0MYAU,Cortland Presidio West AKA Aspire Presidio West,Fort Worth_MDU_Cortland Presidio West,2001 PRESIDIO VISTA DR UNIT 1 FORT WORTH TX 76177,Property_Street_Number__c,,2001
006WR00000wkF0MYAU,Cortland Presidio West AKA Aspire Presidio West,Fort Worth_MDU_Cortland Presidio West,2001 PRESIDIO VISTA DR UNIT 1 FORT WORTH TX 76177,Property_Street__c,,PRESIDIO VISTA DR
006WR00000wkF0MYAU,Cortland Presidio West AKA Aspire Presidio West,Fort Worth_MDU_Cortland Presidio West,2001 PRESIDIO VISTA DR UNIT 1 FORT WORTH TX 76177,Property_County__c,,Tarrant
006WR00000wkF0NYAU,Forena Revelstoke Apartments,Fort Worth_MDU_Forena Revelstoke Apartments,950 SPANISH NEEDLE TRL UNIT 1 FORT WORTH TX 76177,Property_Street_Number__c,,950
006WR00000wkF0NYAU,Forena Revelstoke Apartments,Fort Worth_MDU_Forena Revelstoke Apartments,950 SPANISH NEEDLE TRL UNIT 1 FORT WORTH TX 76177,Property_Street__c,,SPANISH NEEDLE TRL
006WR00000wkF0NYAU,Forena Revelstoke Apartments,Fort Worth_MDU_Forena Revelstoke Apartments,950 SPANISH NEEDLE TRL UNIT 1 FORT WORTH TX 76177,Property_County__c,,Tarrant
006WR00000wkF0OYAU,The Dawson at Berkshire,Fort Worth_MDU_The Dawson at Berkshire,9632 BERKSHIRE LAKE BLVD UNIT 1 FORT WORTH TX 76131,Property_Street_Number__c,,9632
006WR00000wkF0OYAU,The Dawson at Berkshire,Fort Worth_MDU_The Dawson at Berkshire,9632 BERKSHIRE LAKE BLVD UNIT 1 FORT WORTH TX 76131,Property_Street__c,,BERKSHIRE LAKE BLVD
006WR00000wkF0OYAU,The Dawson at Berkshire,Fort Worth_MDU_The Dawson at Berkshire,9632 BERKSHIRE LAKE BLVD UNIT 1 FORT WORTH TX 76131,Property_County__c,,Tarrant
006WR00000wkF0PYAU,Westvale,Roanoke_MDU_Westvale,1000 CANNON PKWY UNIT 1 ROANOKE TX 76262,Property_Street_Number__c,,1000
006WR00000wkF0PYAU,Westvale,Roanoke_MDU_Westvale,1000 CANNON PKWY UNIT 1 ROANOKE TX 76262,Property_Street__c,,CANNON PKWY
006WR00000wkF0PYAU,Westvale,Roanoke_MDU_Westvale,1000 CANNON PKWY UNIT 1 ROANOKE TX 76262,Property_County__c,,Denton
006WR00000wkF0QYAU,The Carrington Court Condos,Fort Worth_MDU_The Carrington Court Condos,2900 PEYTON BROOK DR FORT WORTH TX 76137,Property_Street_Number__c,,2900
006WR00000wkF0QYAU,The Carrington Court Condos,Fort Worth_MDU_The Carrington Court Condos,2900 PEYTON BROOK DR FORT WORTH TX 76137,Property_Street__c,,PEYTON BROOK DR
006WR00000wkF0QYAU,The Carrington Court Condos,Fort Worth_MDU_The Carrington Court Condos,2900 PEYTON BROOK DR FORT WORTH TX 76137,Property_County__c,,Tarrant
006WR00000wkF0RYAU,Landing at 2EightySeven Apartments,Haslet_MDU_Landing at 2EightySeven Apartments,11401 HARP LN UNIT 1 HASLET TX 76052,Property_Street_Number__c,,11401
006WR00000wkF0RYAU,Landing at 2EightySeven Apartments,Haslet_MDU_Landing at 2EightySeven Apartments,11401 HARP LN UNIT 1 HASLET TX 76052,Property_Street__c,,HARP LN
006WR00000wkF0RYAU,Landing at 2EightySeven Apartments,Haslet_MDU_Landing at 2EightySeven Apartments,11401 HARP LN UNIT 1 HASLET TX 76052,Property_County__c,,Tarrant
006WR00000wkF0SYAU,Tides on Chadwick,Northlake_MDU_Tides on Chadwick,13900 CHADWICK PKWY UNIT 1 NORTHLAKE TX 76262,Property_Street_Number__c,,13900
006WR00000wkF0SYAU,Tides on Chadwick,Northlake_MDU_Tides on Chadwick,13900 CHADWICK PKWY UNIT 1 NORTHLAKE TX 76262,Property_Street__c,,CHADWICK PKWY
006WR00000wkF0SYAU,Tides on Chadwick,Northlake_MDU_Tides on Chadwick,13900 CHADWICK PKWY UNIT 1 NORTHLAKE TX 76262,Property_County__c,,Denton
006WR00000wkF0TYAU,Jefferson Northlake Apartments,Northlake_MDU_Jefferson Northlake Apartments,4700 HIGHWAY 114 UNIT 1 NORTHLAKE TX 76262,Property_Street_Number__c,,4700
006WR00000wkF0TYAU,Jefferson Northlake Apartments,Northlake_MDU_Jefferson Northlake Apartments,4700 HIGHWAY 114 UNIT 1 NORTHLAKE TX 76262,Property_Street__c,,HIGHWAY 114
006WR00000wkF0TYAU,Jefferson Northlake Apartments,Northlake_MDU_Jefferson Northlake Apartments,4700 HIGHWAY 114 UNIT 1 NORTHLAKE TX 76262,Property_County__c,,Denton
006WR00000wkF0UYAU,Conservatory At Keller Town Center,Keller_MDU_Conservatory At Keller Town Center,200 COUNTRY BROOK DR UNIT 1 KELLER TX 76248,Property_Street_Number__c,,200
006WR00000wkF0UYAU,Conservatory At Keller Town Center,Keller_MDU_Conservatory At Keller Town Center,200 COUNTRY BROOK DR UNIT 1 KELLER TX 76248,Property_Street__c,,COUNTRY BROOK DR
006WR00000wkF0UYAU,Conservatory At Keller Town Center,Keller_MDU_Conservatory At Keller Town Center,200 COUNTRY BROOK DR UNIT 1 KELLER TX 76248,Property_County__c,,Tarrant
006WR00000wkF0VYAU,Monterra Village,Fort Worth_MDU_Monterra Village,"8301 Monterra Blvd, Fort Worth, TX, USA",Property_Street_Number__c,,8301
006WR00000wkF0VYAU,Monterra Village,Fort Worth_MDU_Monterra Village,"8301 Monterra Blvd, Fort Worth, TX, USA",Property_Street__c,,Monterra Blvd
006WR00000wkF0VYAU,Monterra Village,Fort Worth_MDU_Monterra Village,"8301 Monterra Blvd, Fort Worth, TX, USA",Property_County__c,,Tarrant
006WR00000wkF0WYAU,Sire Wellington Apartments,Haslet_MDU_Sire Wellington Apartments,11840 SIRE RD FORT WORTH TX 76052,Property_Street_Number__c,,11840
006WR00000wkF0WYAU,Sire Wellington Apartments,Haslet_MDU_Sire Wellington Apartments,11840 SIRE RD FORT WORTH TX 76052,Property_Street__c,,SIRE RD FORT WORTH
006WR00000wkF0WYAU,Sire Wellington Apartments,Haslet_MDU_Sire Wellington Apartments,11840 SIRE RD FORT WORTH TX 76052,Property_County__c,,Tarrant
006WR00000wkF0XYAU,Solay Fort Worth Apartments,Fort Worth_MDU_Solay Fort Worth Apartments,8845 STALLION LN UNIT 1 FORT WORTH TX 76177,Property_Street_Number__c,,8845
006WR00000wkF0XYAU,Solay Fort Worth Apartments,Fort Worth_MDU_Solay Fort Worth Apartments,8845 STALLION LN UNIT 1 FORT WORTH TX 76177,Property_Street__c,,STALLION LN
006WR00000wkF0XYAU,Solay Fort Worth Apartments,Fort Worth_MDU_Solay Fort Worth Apartments,8845 STALLION LN UNIT 1 FORT WORTH TX 76177,Property_County__c,,Tarrant
006WR00000wkF0YYAU,Overlook Ranch,Fort Worth_MDU_Overlook Ranch,3101 ALLIANCE GATEWAY FWY FORT WORTH TX 76177,Property_Street_Number__c,,3101
006WR00000wkF0YYAU,Overlook Ranch,Fort Worth_MDU_Overlook Ranch,3101 ALLIANCE GATEWAY FWY FORT WORTH TX 76177,Property_Street__c,,ALLIANCE GATEWAY FWY
006WR00000wkF0YYAU,Overlook Ranch,Fort Worth_MDU_Overlook Ranch,3101 ALLIANCE GATEWAY FWY FORT WORTH TX 76177,Property_County__c,,Tarrant
006WR00000wkF0ZYAU,Harmon Villas,Fort Worth_MDU_Harmon Villas,"9300 Harmon Rd, Fort Worth, TX 76177",Property_Street_Number__c,,9300
006WR00000wkF0ZYAU,Harmon Villas,Fort Worth_MDU_Harmon Villas,"9300 Harmon Rd, Fort Worth, TX 76177",Property_Street__c,,Harmon Rd
006WR00000wkF0ZYAU,Harmon Villas,Fort Worth_MDU_Harmon Villas,"9300 Harmon Rd, Fort Worth, TX 76177",Property_County__c,,Tarrant
006WR00000wkF0aYAE,Heritage Park Vista,Fort Worth_MDU_Heritage Park Vista,5100 CHAMA VALLEY RD UNIT 10 FORT WORTH TX 76244,Property_Street_Number__c,,5100
006WR00000wkF0aYAE,Heritage Park Vista,Fort Worth_MDU_Heritage Park Vista,5100 CHAMA VALLEY RD UNIT 10 FORT WORTH TX 76244,Property_Street__c,,CHAMA VALLEY RD
006WR00000wkF0aYAE,Heritage Park Vista,Fort Worth_MDU_Heritage Park Vista,5100 CHAMA VALLEY RD UNIT 10 FORT WORTH TX 76244,Property_County__c,,Tarrant
006WR00000wkF0bYAE,Legends at Eagle Mountains,Fort Worth_MDU_Legends at Eagle Mountains,9685 BOAT CLUB RD UNIT 1 FORT WORTH TX 76179,Property_Street_Number__c,,9685
006WR00000wkF0bYAE,Legends at Eagle Mountains,Fort Worth_MDU_Legends at Eagle Mountains,9685 BOAT CLUB RD UNIT 1 FORT WORTH TX 76179,Property_Street__c,,BOAT CLUB RD
006WR00000wkF0bYAE,Legends at Eagle Mountains,Fort Worth_MDU_Legends at Eagle Mountains,9685 BOAT CLUB RD UNIT 1 FORT WORTH TX 76179,Property_County__c,,Tarrant
006WR00000wkF0cYAE,35 West at Champions Circle,Fort Worth_MDU_35 West at Champions Circle,3650 OUTLET BLVD UNIT 1 FORT WORTH TX 76177,Property_Street_Number__c,,3650
006WR00000wkF0cYAE,35 West at Champions Circle,Fort Worth_MDU_35 West at Champions Circle,3650 OUTLET BLVD UNIT 1 FORT WORTH TX 76177,Property_Street__c,,OUTLET BLVD
006WR00000wkF0cYAE,35 West at Champions Circle,Fort Worth_MDU_35 West at Champions Circle,3650 OUTLET BLVD UNIT 1 FORT WORTH TX 76177,Property_County__c,,Denton
006WR00000wkF0dYAE,City Parc of Keller,Fort Worth_MDU_City Parc of Keller,10501 N BEACH ST UNIT 1 FORT WORTH TX 76244,Property_Street_Number__c,,10501
006WR00000wkF0dYAE,City Parc of Keller,Fort Worth_MDU_City Parc of Keller,10501 N BEACH ST UNIT 1 FORT WORTH TX 76244,Property_Street__c,,N BEACH ST
006WR00000wkF0dYAE,City Parc of Keller,Fort Worth_MDU_City Parc of Keller,10501 N BEACH ST UNIT 1 FORT WORTH TX 76244,Property_County__c,,Tarrant
006WR00000wkF0eYAE,Park Creek Apartments,Fort Worth_MDU_Park Creek Apartments,4510 N PARKHAVEN DR UNIT 16 FORT WORTH TX 76137,Property_Street_Number__c,,4510
006WR00000wkF0eYAE,Park Creek Apartments,Fort Worth_MDU_Park Creek Apartments,4510 N PARKHAVEN DR UNIT 16 FORT WORTH TX 76137,Property_Street__c,,N PARKHAVEN DR
006WR00000wkF0eYAE,Park Creek Apartments,Fort Worth_MDU_Park Creek Apartments,4510 N PARKHAVEN DR UNIT 16 FORT WORTH TX 76137,Property_County__c,,Tarrant
006WR00000wkF0fYAE,Aventine Apartments,Fort Worth_MDU_Aventine Apartments,5501 OURAY PASS DR UNIT 511 KELLER TX 76244,Property_Street_Number__c,,5501
006WR00000wkF0fYAE,Aventine Apartments,Fort Worth_MDU_Aventine Apartments,5501 OURAY PASS DR UNIT 511 KELLER TX 76244,Property_Street__c,,OURAY PASS DR UNIT 511 KELLER
006WR00000wkF0fYAE,Aventine Apartments,Fort Worth_MDU_Aventine Apartments,5501 OURAY PASS DR UNIT 511 KELLER TX 76244,Property_County__c,,Tarrant
006WR00000wkF0gYAE,The Sovereign Apartments,Fort Worth_MDU_The Sovereign Apartments,5301 N TARRANT PKWY UNIT 1 FORT WORTH TX 76244,Property_Street_Number__c,,5301
006WR00000wkF0gYAE,The Sovereign Apartments,Fort Worth_MDU_The Sovereign Apartments,5301 N TARRANT PKWY UNIT 1 FORT WORTH TX 76244,Property_Street__c,,N TARRANT PKWY
006WR00000wkF0gYAE,The Sovereign Apartments,Fort Worth_MDU_The Sovereign Apartments,5301 N TARRANT PKWY UNIT 1 FORT WORTH TX 76244,Property_County__c,,Tarrant
006WR00000wkF0hYAE,Sagewood Village,Fort Worth_MDU_Sagewood Village,9000 SAGEWOOD DR UNIT 240 FORT WORTH TX 76177,Property_Street_Number__c,,9000
006WR00000wkF0hYAE,Sagewood Village,Fort Worth_MDU_Sagewood Village,9000 SAGEWOOD DR UNIT 240 FORT WORTH TX 76177,Property_Street__c,,SAGEWOOD DR
006WR00000wkF0hYAE,Sagewood Village,Fort Worth_MDU_Sagewood Village,9000 SAGEWOOD DR UNIT 240 FORT WORTH TX 76177,Property_County__c,,Tarrant
006WR00000wkF0iYAE,Villas at Robinette,Killeen_MDU_Villas at Robinette,"4000 Robinett Road, Killeen, TX, USA",Property_Street_Number__c,,4000
006WR00000wkF0iYAE,Villas at Robinette,Killeen_MDU_Villas at Robinette,"4000 Robinett Road, Killeen, TX, USA",Property_Street__c,,Robinett Road
006WR00000wkF0iYAE,Villas at Robinette,Killeen_MDU_Villas at Robinette,"4000 Robinett Road, Killeen, TX, USA",Property_County__c,,Bell
006WR00000wkF0jYAE,Rhome Apartments,,"175 Logan Ct, Rhome, TX 76078",Property_Street_Number__c,,175
006WR00000wkF0jYAE,Rhome Apartments,,"175 Logan Ct, Rhome, TX 76078",Property_Street__c,,Logan Ct
006WR00000wkF0kYAE,Lake County Villas,Fort Worth_MDU_Lake County Villas,"8547 Mulligan Pass, Fort Worth, TX 76179",Property_Street_Number__c,,8547
006WR00000wkF0kYAE,Lake County Villas,Fort Worth_MDU_Lake County Villas,"8547 Mulligan Pass, Fort Worth, TX 76179",Property_Street__c,,Mulligan Pass
006WR00000wkF0kYAE,Lake County Villas,Fort Worth_MDU_Lake County Villas,"8547 Mulligan Pass, Fort Worth, TX 76179",Property_County__c,,Tarrant
006WR00000wkF0lYAE,TX_FTW_MDU_Regatta 55,FTW_MDU_Regatta 55,8681 N BEACH ST UNIT 1 FORT WORTH TX 76244,Property_Street_Number__c,,8681
006WR00000wkF0lYAE,TX_FTW_MDU_Regatta 55,FTW_MDU_Regatta 55,8681 N BEACH ST UNIT 1 FORT WORTH TX 76244,Property_Street__c,,N BEACH ST UNIT 1 FORT WORTH TX
006WR00000wkF0lYAE,TX_FTW_MDU_Regatta 55,FTW_MDU_Regatta 55,8681 N BEACH ST UNIT 1 FORT WORTH TX 76244,Property_County__c,,Tarrant
006WR00000wkF0mYAE,Bella Grace,,2121 N Grace Blvd,Property_Street_Number__c,,2121
006WR00000wkF0mYAE,Bella Grace,,2121 N Grace Blvd,Property_Street__c,,N Grace Blvd
006WR00000wkF0nYAE,Desert Mirage Luxury Apartments,Gilbert_MDU_Desert Mirage Apartments,"1333 W Guadalupe Rd, Gilbert, AZ 85233, USA",Property_Street_Number__c,,1333
006WR00000wkF0nYAE,Desert Mirage Luxury Apartments,Gilbert_MDU_Desert Mirage Apartments,"1333 W Guadalupe Rd, Gilbert, AZ 85233, USA",Property_Street__c,,W Guadalupe Rd
006WR00000wkF0pYAE,Providence Place Apartments,,"100 300 East, Salt Lake City, UT, USA",Property_Street_Number__c,,100
006WR00000wkF0pYAE,Providence Place Apartments,,"100 300 East, Salt Lake City, UT, USA",Property_Street__c,,300 East
006WR00000wkF0qYAE,Melody on Main,Mesa_MDU_Melody on Main,"145 E Main St, Mesa, AZ 85201, USA",Property_Street_Number__c,,145
006WR00000wkF0qYAE,Melody on Main,Mesa_MDU_Melody on Main,"145 E Main St, Mesa, AZ 85201, USA",Property_Street__c,,E Main St
006WR00000wkF0rYAE,The Grove On Main,Mesa_MDU_The Grove On Main,"18 South Udall, Mesa, AZ, USA",Property_Street_Number__c,,18
006WR00000wkF0rYAE,The Grove On Main,Mesa_MDU_The Grove On Main,"18 South Udall, Mesa, AZ, USA",Property_Street__c,,South Udall
006WR00000wkF0sYAE,Cortland Fossil Creek,,"6101 N Riverside Dr, Fort Worth, TX, USA",Property_Street_Number__c,,6101
006WR00000wkF0sYAE,Cortland Fossil Creek,,"6101 N Riverside Dr, Fort Worth, TX, USA",Property_Street__c,,N Riverside Dr
006WR00000wkF0tYAE,Cortland Ridglea,,"3601 Westridge Ave, Fort Worth, TX, USA",Property_Street_Number__c,,3601
006WR00000wkF0tYAE,Cortland Ridglea,,"3601 Westridge Ave, Fort Worth, TX, USA",Property_Street__c,,Westridge Ave
006WR00000wkF0uYAE,Broadstone on Trinity,,"1701 Rogers Rd, Fort Worth, TX, USA",Property_Street_Number__c,,1701
006WR00000wkF0uYAE,Broadstone on Trinity,,"1701 Rogers Rd, Fort Worth, TX, USA",Property_Street__c,,Rogers Rd
006WR00000wkF0vYAE,Crest Centerpoint,,"14300 Statler Blvd, Fort Worth, TX, USA",Property_Street_Number__c,,14300
006WR00000wkF0vYAE,Crest Centerpoint,,"14300 Statler Blvd, Fort Worth, TX, USA",Property_Street__c,,Statler Blvd
006WR00000wkF0wYAE,Presidium at Revelstoke,,"9600 Blue Mound Rd, Fort Worth, TX, USA",Property_Street_Number__c,,9600
006WR00000wkF0wYAE,Presidium at Revelstoke,,"9600 Blue Mound Rd, Fort Worth, TX, USA",Property_Street__c,,Blue Mound Rd
006WR00000wkF0xYAE,Olympus Hudson Oaks,,"900 Cinema Dr, Hudson Oaks, TX, USA",Property_Street_Number__c,,900
006WR00000wkF0xYAE,Olympus Hudson Oaks,,"900 Cinema Dr, Hudson Oaks, TX, USA",Property_Street__c,,Cinema Dr
006WR00000wkF0yYAE,Birchway Hudson Oaks,,"150 Inspiration Drive, Weatherford, TX, USA",Property_Street_Number__c,,150
006WR00000wkF0yYAE,Birchway Hudson Oaks,,"150 Inspiration Drive, Weatherford, TX, USA",Property_Street__c,,Inspiration Drive
006WR00000wkF0zYAE,Madera at Leftbank,,"600 Harrold Street, Fort Worth, TX, USA",Property_Street_Number__c,,600
006WR00000wkF0zYAE,Madera at Leftbank,,"600 Harrold Street, Fort Worth, TX, USA",Property_Street__c,,Harrold Street
006WR00000wkF10YAE,Trinity Urban Apartments - Bluff & District,,"701 E Bluff St, Fort Worth, TX, USA",Property_Street_Number__c,,701
006WR00000wkF10YAE,Trinity Urban Apartments - Bluff & District,,"701 E Bluff St, Fort Worth, TX, USA",Property_Street__c,,E Bluff St
006WR00000wkF11YAE,Lake Vista Ranch,,"7404 Lake Vista Way, Fort Worth, TX, USA",Property_Street_Number__c,,7404
006WR00000wkF11YAE,Lake Vista Ranch,,"7404 Lake Vista Way, Fort Worth, TX, USA",Property_Street__c,,Lake Vista Way
006WR00000wkF12YAE,Laurel Heights at Cityview,,"5701 Overton Ridge Blvd, Fort Worth, TX, USA",Property_Street_Number__c,,5701
006WR00000wkF12YAE,Laurel Heights at Cityview,,"5701 Overton Ridge Blvd, Fort Worth, TX, USA",Property_Street__c,,Overton Ridge Blvd
006WR00000wkF13YAE,Phoenix Commons,,"4151 Southwest Loop 820, Fort Worth, TX, USA",Property_Street_Number__c,,4151
006WR00000wkF13YAE,Phoenix Commons,,"4151 Southwest Loop 820, Fort Worth, TX, USA",Property_Street__c,,Southwest Loop 820
006WR00000wkFblYAE,Luxia River East,,"336 Oakhurst Scenic Dr, Fort Worth, TX, USA",Property_Street_Number__c,,336
006WR00000wkFblYAE,Luxia River East,,"336 Oakhurst Scenic Dr, Fort Worth, TX, USA",Property_Street__c,,Oakhurst Scenic Dr
006WR00000wkFbmYAE,Lone Oak Apartments,Weatherford_MDU_Lone Oak Apartments,"1801 Lone Oak Rd, Weatherford, TX, USA",Property_Street_Number__c,,1801
006WR00000wkFbmYAE,Lone Oak Apartments,Weatherford_MDU_Lone Oak Apartments,"1801 Lone Oak Rd, Weatherford, TX, USA",Property_Street__c,,Lone Oak Rd
006WR00000wkFbnYAE,REVL Crockett Row,,"3001 Crockett Street, Fort Worth, TX, USA",Property_Street_Number__c,,3001
006WR00000wkFbnYAE,REVL Crockett Row,,"3001 Crockett Street, Fort Worth, TX, USA",Property_Street__c,,Crockett Street
006WR00000wkFboYAE,Mustang Ridge,,"172 College Park Dr, Weatherford, TX, USA",Property_Street_Number__c,,172
006WR00000wkFboYAE,Mustang Ridge,,"172 College Park Dr, Weatherford, TX, USA",Property_Street__c,,College Park Dr
006WR00000wkFbpYAE,Remington Ridge,Weatherford_MDU_Remington Ridge,"360-396 Kirkpatrick Street, Weatherford, TX, USA",Property_Street_Number__c,,360-396
006WR00000wkFbpYAE,Remington Ridge,Weatherford_MDU_Remington Ridge,"360-396 Kirkpatrick Street, Weatherford, TX, USA",Property_Street__c,,Kirkpatrick Street
006WR00000wkFbqYAE,Liv Northgate,,"455 S Recker Rd, Gilbert, AZ 85296, USA",Property_Street_Number__c,,455
006WR00000wkFbqYAE,Liv Northgate,,"455 S Recker Rd, Gilbert, AZ 85296, USA",Property_Street__c,,S Recker Rd
006WR00000wkFbrYAE,The Villas of Lomas Sante Fe,Solana Beach_MDU_The Villas of Lomas Sante Fe,"930 Via Mil Cumbres unit 1, Solana Beach, CA 92075, USA",Property_Street_Number__c,,930
006WR00000wkFbrYAE,The Villas of Lomas Sante Fe,Solana Beach_MDU_The Villas of Lomas Sante Fe,"930 Via Mil Cumbres unit 1, Solana Beach, CA 92075, USA",Property_Street__c,,Via Mil Cumbres
006WR00000wkFbsYAE,Elan Quail Point,Encinitas_MDU_Elan Quail Pointe Encinitas Apartments,"924 Encinitas Blvd, Encinitas, CA 92024, USA",Property_Street_Number__c,,924
006WR00000wkFbsYAE,Elan Quail Point,Encinitas_MDU_Elan Quail Pointe Encinitas Apartments,"924 Encinitas Blvd, Encinitas, CA 92024, USA",Property_Street__c,,Encinitas Blvd
006WR00000wkFbtYAE,El Rancho del Arte Apartments,Mesa_MDU_El Rancho Del Arte Apts,"719 E Main St, Mesa, AZ, 85203 USA",Property_Street_Number__c,,719
006WR00000wkFbtYAE,El Rancho del Arte Apartments,Mesa_MDU_El Rancho Del Arte Apts,"719 E Main St, Mesa, AZ, 85203 USA",Property_Street__c,,E Main St
006WR00000wkFbuYAE,Keystone Ridge,Omaha_MDU_Keystone Ridge Apts,"2924 North 83rd Street, Omaha, NE, USA",Property_Street_Number__c,,2924
006WR00000wkFbuYAE,Keystone Ridge,Omaha_MDU_Keystone Ridge Apts,"2924 North 83rd Street, Omaha, NE, USA",Property_Street__c,,North 83rd Street
006WR00000wkFbuYAE,Keystone Ridge,Omaha_MDU_Keystone Ridge Apts,"2924 North 83rd Street, Omaha, NE, USA",Property_County__c,,Douglas
006WR00000wkFbvYAE,Plaza 93 West,Omaha_MDU_Plaza 93 Apts,"3290 N 93rd St, Omaha, NE, USA",Property_Street_Number__c,,3290
006WR00000wkFbvYAE,Plaza 93 West,Omaha_MDU_Plaza 93 Apts,"3290 N 93rd St, Omaha, NE, USA",Property_Street__c,,N 93rd St
006WR00000wkFbvYAE,Plaza 93 West,Omaha_MDU_Plaza 93 Apts,"3290 N 93rd St, Omaha, NE, USA",Property_County__c,,Douglas
006WR00000wkFbwYAE,Discovery Village at Southlake,Southlake_MDU_Discovery Village at Southlake,"101 Watermere Dr, Southlake, TX 76092",Property_Street_Number__c,,101
006WR00000wkFbwYAE,Discovery Village at Southlake,Southlake_MDU_Discovery Village at Southlake,"101 Watermere Dr, Southlake, TX 76092",Property_Street__c,,Watermere Dr
006WR00000wkFbwYAE,Discovery Village at Southlake,Southlake_MDU_Discovery Village at Southlake,"101 Watermere Dr, Southlake, TX 76092",Property_County__c,,Tarrant
006WR00000wkFbxYAE,Apple Valley Apartments,Omaha_MDU_Apple Valley Apartments,8305 UNDERWOOD AVE  OMAHA NE 68114,Property_Street_Number__c,,8305
006WR00000wkFbxYAE,Apple Valley Apartments,Omaha_MDU_Apple Valley Apartments,8305 UNDERWOOD AVE  OMAHA NE 68114,Property_Street__c,,UNDERWOOD AVE
006WR00000wkFbxYAE,Apple Valley Apartments,Omaha_MDU_Apple Valley Apartments,8305 UNDERWOOD AVE  OMAHA NE 68114,Property_County__c,,Douglas
006WR00000wkFbyYAE,Beverly Hills Apartments,Omaha_MDU_Beverly Hills Apartments,7812 HARNEY ST OMAHA NE 68132,Property_Street_Number__c,,7812
006WR00000wkFbyYAE,Beverly Hills Apartments,Omaha_MDU_Beverly Hills Apartments,7812 HARNEY ST OMAHA NE 68132,Property_Street__c,,HARNEY ST
006WR00000wkFbyYAE,Beverly Hills Apartments,Omaha_MDU_Beverly Hills Apartments,7812 HARNEY ST OMAHA NE 68132,Property_County__c,,Douglas
006WR00000wkFbzYAE,The Arthur Apartments,Omaha_MDU_The Arthur Apt,4647 DODGE ST OMAHA NE 68132,Property_Street_Number__c,,4647
006WR00000wkFbzYAE,The Arthur Apartments,Omaha_MDU_The Arthur Apt,4647 DODGE ST OMAHA NE 68132,Property_Street__c,,DODGE ST
006WR00000wkFbzYAE,The Arthur Apartments,Omaha_MDU_The Arthur Apt,4647 DODGE ST OMAHA NE 68132,Property_County__c,,Douglas
006WR00000wkFc0YAE,OMAHA_MDU_London Square Apartments,OMAHA_MDU_London Square Apartments,4917 FARNAM ST UNIT 1A OMAHA NE 68132,Property_Street_Number__c,,4917
006WR00000wkFc0YAE,OMAHA_MDU_London Square Apartments,OMAHA_MDU_London Square Apartments,4917 FARNAM ST UNIT 1A OMAHA NE 68132,Property_Street__c,,FARNAM ST
006WR00000wkFc0YAE,OMAHA_MDU_London Square Apartments,OMAHA_MDU_London Square Apartments,4917 FARNAM ST UNIT 1A OMAHA NE 68132,Property_County__c,,Douglas
006WR00000wkFc1YAE,Benson Commons Apartments,Omaha_MDU_Benson Commons Apartments,3102 N 60TH ST OMAHA NE 68104,Property_Street_Number__c,,3102
006WR00000wkFc1YAE,Benson Commons Apartments,Omaha_MDU_Benson Commons Apartments,3102 N 60TH ST OMAHA NE 68104,Property_Street__c,,N 60TH ST
006WR00000wkFc1YAE,Benson Commons Apartments,Omaha_MDU_Benson Commons Apartments,3102 N 60TH ST OMAHA NE 68104,Property_County__c,,Douglas
006WR00000wkFc2YAE,Clifton Terrace Apartments,Omaha_MDU_Clifton Terrace Apartments,8960 UNDERWOOD AVE OMAHA NE 68114,Property_Street_Number__c,,8960
006WR00000wkFc2YAE,Clifton Terrace Apartments,Omaha_MDU_Clifton Terrace Apartments,8960 UNDERWOOD AVE OMAHA NE 68114,Property_Street__c,,UNDERWOOD AVE
006WR00000wkFc2YAE,Clifton Terrace Apartments,Omaha_MDU_Clifton Terrace Apartments,8960 UNDERWOOD AVE OMAHA NE 68114,Property_County__c,,Douglas
006WR00000wkFc3YAE,Maple Crest Condominiums,OMAHA_MDU_MAPLE CREST CONDOMINIUMS,2820 N 66TH AVE OMAHA NE 68104,Property_Street_Number__c,,2820
006WR00000wkFc3YAE,Maple Crest Condominiums,OMAHA_MDU_MAPLE CREST CONDOMINIUMS,2820 N 66TH AVE OMAHA NE 68104,Property_Street__c,,N 66TH AVE
006WR00000wkFc3YAE,Maple Crest Condominiums,OMAHA_MDU_MAPLE CREST CONDOMINIUMS,2820 N 66TH AVE OMAHA NE 68104,Property_County__c,,Douglas
006WR00000wkFc4YAE,The Duke,Omaha_MDU_The Duke,201 N 46TH ST OMAHA NE 68132,Property_Street_Number__c,,201
006WR00000wkFc4YAE,The Duke,Omaha_MDU_The Duke,201 N 46TH ST OMAHA NE 68132,Property_Street__c,,N 46TH ST
006WR00000wkFc4YAE,The Duke,Omaha_MDU_The Duke,201 N 46TH ST OMAHA NE 68132,Property_County__c,,Douglas
006WR00000wkFc5YAE,Citrus Gardens Mobile Park,AZ_Mesa_SA20_FB07_CitrusGardens,"4065 East University Drive, Mesa, AZ 85205, USA",Property_Street_Number__c,,4065
006WR00000wkFc5YAE,Citrus Gardens Mobile Park,AZ_Mesa_SA20_FB07_CitrusGardens,"4065 East University Drive, Mesa, AZ 85205, USA",Property_Street__c,,East University Drive
006WR00000wkFc6YAE,Ascension at Manistee Ranch (Townhomes),,"7959 N 53rd Ave, Glendale, AZ 85301, USA",Property_Street_Number__c,,7959
006WR00000wkFc6YAE,Ascension at Manistee Ranch (Townhomes),,"7959 N 53rd Ave, Glendale, AZ 85301, USA",Property_Street__c,,N 53rd Ave
006WR00000wkFc7YAE,Hidden Bluffs Apartments,,"1106 Marshall Avenue, Council Bluffs, IA, USA",Property_Street_Number__c,,1106
006WR00000wkFc7YAE,Hidden Bluffs Apartments,,"1106 Marshall Avenue, Council Bluffs, IA, USA",Property_Street__c,,Marshall Avenue
006WR00000wkFc8YAE,Killeen_MDU_Lake Rd,Killeen_MDU_Lake Rd,4302 LAKE RD UNIT 1 KILLEEN TX 76543,Property_Street_Number__c,,4302
006WR00000wkFc8YAE,Killeen_MDU_Lake Rd,Killeen_MDU_Lake Rd,4302 LAKE RD UNIT 1 KILLEEN TX 76543,Property_Street__c,,LAKE RD
006WR00000wkFdlYAE,The Quorum at Trophy Club Townhomes and Apartments,Roanoke_MDU_The Quorum at Trophy Club Townhomes and Apartments,"350 Quorum Dr, Trophy Club, TX 76262",Property_Street_Number__c,,350
006WR00000wkFdlYAE,The Quorum at Trophy Club Townhomes and Apartments,Roanoke_MDU_The Quorum at Trophy Club Townhomes and Apartments,"350 Quorum Dr, Trophy Club, TX 76262",Property_Street__c,,Quorum Dr
006WR00000wkFdlYAE,The Quorum at Trophy Club Townhomes and Apartments,Roanoke_MDU_The Quorum at Trophy Club Townhomes and Apartments,"350 Quorum Dr, Trophy Club, TX 76262",Property_County__c,,Denton
006WR00000wkFdmYAE,Legacy trails of Decatur,Decatur_MDU_Legacy Trails Of Decatur,"227 Buchanan Rd, Decatur, TX, USA",Property_Street_Number__c,,227
006WR00000wkFdmYAE,Legacy trails of Decatur,Decatur_MDU_Legacy Trails Of Decatur,"227 Buchanan Rd, Decatur, TX, USA",Property_Street__c,,Buchanan Rd
006WR00000wkFdmYAE,Legacy trails of Decatur,Decatur_MDU_Legacy Trails Of Decatur,"227 Buchanan Rd, Decatur, TX, USA",Property_County__c,,Wise
006WR00000wkFdnYAE,Casa Arroya,Killeen_MDU_Casa Arroya,302 WOLF ST UNIT 1 KILLEEN TX 76541,Property_Street_Number__c,,302
006WR00000wkFdnYAE,Casa Arroya,Killeen_MDU_Casa Arroya,302 WOLF ST UNIT 1 KILLEEN TX 76541,Property_Street__c,,WOLF ST
006WR00000wkFdnYAE,Casa Arroya,Killeen_MDU_Casa Arroya,302 WOLF ST UNIT 1 KILLEEN TX 76541,Property_County__c,,Bell
006WR00000wkFdoYAE,B and I Apartments,Killeen_MDU_B AND I APARTMENTS,307 E BRYCE AVE UNIT 1 KILLEEN TX 76541,Property_Street_Number__c,,307
006WR00000wkFdoYAE,B and I Apartments,Killeen_MDU_B AND I APARTMENTS,307 E BRYCE AVE UNIT 1 KILLEEN TX 76541,Property_Street__c,,E BRYCE AVE
006WR00000wkFdoYAE,B and I Apartments,Killeen_MDU_B AND I APARTMENTS,307 E BRYCE AVE UNIT 1 KILLEEN TX 76541,Property_County__c,,Bell
006WR00000wkFdpYAE,Killeen_MDU_Craftsmen Properties,Killeen_MDU_Craftsmen Properties,223 HOLD ST UNIT 10 KILLEEN TX 76541,Property_Street_Number__c,,223
006WR00000wkFdpYAE,Killeen_MDU_Craftsmen Properties,Killeen_MDU_Craftsmen Properties,223 HOLD ST UNIT 10 KILLEEN TX 76541,Property_Street__c,,HOLD ST
006WR00000wkFdpYAE,Killeen_MDU_Craftsmen Properties,Killeen_MDU_Craftsmen Properties,223 HOLD ST UNIT 10 KILLEEN TX 76541,Property_County__c,,Bell
006WR00000wkFdqYAE,Taylor Housing Authority,Taylor_MDU_Taylor Housing Authority,201 E 7TH ST UNIT 1 TAYLOR TX 76574,Property_Street_Number__c,,201
006WR00000wkFdqYAE,Taylor Housing Authority,Taylor_MDU_Taylor Housing Authority,201 E 7TH ST UNIT 1 TAYLOR TX 76574,Property_Street__c,,E 7TH ST
006WR00000wkFdqYAE,Taylor Housing Authority,Taylor_MDU_Taylor Housing Authority,201 E 7TH ST UNIT 1 TAYLOR TX 76574,Property_County__c,,Williamson
006WR00000wkFdrYAE,John Paul II Residence for Priests,Georgetown_MDU_John Paul II Residence for Priests,2550 E UNIVERSITY AVE UNIT 1 GEORGETOWN TX 78626,Property_Street_Number__c,,2550
006WR00000wkFdrYAE,John Paul II Residence for Priests,Georgetown_MDU_John Paul II Residence for Priests,2550 E UNIVERSITY AVE UNIT 1 GEORGETOWN TX 78626,Property_Street__c,,E UNIVERSITY AVE
006WR00000wkFdrYAE,John Paul II Residence for Priests,Georgetown_MDU_John Paul II Residence for Priests,2550 E UNIVERSITY AVE UNIT 1 GEORGETOWN TX 78626,Property_County__c,,Williamson
006WR00000wkFdsYAE,Bridgewood Apartment Homes,Bridgeport_MDU_Bridgewood Apartment Homes,1701 EDGEWOOD DR UNIT A BRIDGEPORT TX 76426,Property_Street_Number__c,,1701
006WR00000wkFdsYAE,Bridgewood Apartment Homes,Bridgeport_MDU_Bridgewood Apartment Homes,1701 EDGEWOOD DR UNIT A BRIDGEPORT TX 76426,Property_Street__c,,EDGEWOOD DR
006WR00000wkFdsYAE,Bridgewood Apartment Homes,Bridgeport_MDU_Bridgewood Apartment Homes,1701 EDGEWOOD DR UNIT A BRIDGEPORT TX 76426,Property_County__c,,Wise
006WR00000wkFdtYAE,Parkview Residences,Southlake_MDU_Parkview Residences,"350 Central Ave, Southlake, TX 76092, USA",Property_Street_Number__c,,350
006WR00000wkFdtYAE,Parkview Residences,Southlake_MDU_Parkview Residences,"350 Central Ave, Southlake, TX 76092, USA",Property_Street__c,,Central Ave
006WR00000wkFdtYAE,Parkview Residences,Southlake_MDU_Parkview Residences,"350 Central Ave, Southlake, TX 76092, USA",Property_County__c,,Tarrant
006WR00000wkFduYAE,Decatur Housing Authority,Decatur_MDU_Decatur Housing Authority,500 N COWAN ST DECATUR TX 76234,Property_Street_Number__c,,500
006WR00000wkFduYAE,Decatur Housing Authority,Decatur_MDU_Decatur Housing Authority,500 N COWAN ST DECATUR TX 76234,Property_Street__c,,N COWAN ST
006WR00000wkFduYAE,Decatur Housing Authority,Decatur_MDU_Decatur Housing Authority,500 N COWAN ST DECATUR TX 76234,Property_County__c,,Wise
006WR00000wkFdvYAE,Morningside Townhomes,Roanoke_MDU_Cockett ST Townhomes,200 MORNINGSIDE ST ROANOKE TX 76262,Property_Street_Number__c,,200
006WR00000wkFdvYAE,Morningside Townhomes,Roanoke_MDU_Cockett ST Townhomes,200 MORNINGSIDE ST ROANOKE TX 76262,Property_Street__c,,MORNINGSIDE ST
006WR00000wkFdvYAE,Morningside Townhomes,Roanoke_MDU_Cockett ST Townhomes,200 MORNINGSIDE ST ROANOKE TX 76262,Property_County__c,,Denton
006WR00000wkFdwYAE,Janis Apartments,KILLEEN_MDU_Janis_Apartments,1302 JANIS DR UNIT A KILLEEN TX 76549,Property_Street_Number__c,,1302
006WR00000wkFdwYAE,Janis Apartments,KILLEEN_MDU_Janis_Apartments,1302 JANIS DR UNIT A KILLEEN TX 76549,Property_Street__c,,JANIS DR
006WR00000wkFdxYAE,Bear Creek Apartments,,"605 Del Paso St, Euless, TX, USA",Property_Street_Number__c,,605
006WR00000wkFdxYAE,Bear Creek Apartments,,"605 Del Paso St, Euless, TX, USA",Property_Street__c,,Del Paso St
006WR00000xtaP4YAI,Omaha_MDU_4822-4826 Sahler St Apartments,Omaha_MDU_4822-4826 Sahler St Apartments,4822 SAHLER ST UNIT 1 OMAHA NE 68104,Property_Street_Number__c,,4822
006WR00000xtaP4YAI,Omaha_MDU_4822-4826 Sahler St Apartments,Omaha_MDU_4822-4826 Sahler St Apartments,4822 SAHLER ST UNIT 1 OMAHA NE 68104,Property_Street__c,,SAHLER ST
006WR00000xtwz7YAA,Omaha_MDU_Redman Plz,Omaha_MDU_Redman Plz,9125 REDMAN PLZ OMAHA NE 68134,Property_Street_Number__c,,9125
006WR00000xtwz7YAA,Omaha_MDU_Redman Plz,Omaha_MDU_Redman Plz,9125 REDMAN PLZ OMAHA NE 68134,Property_Street__c,,REDMAN PLZ
006WR00000xtwz7YAA,Omaha_MDU_Redman Plz,Omaha_MDU_Redman Plz,9125 REDMAN PLZ OMAHA NE 68134,Property_County__c,,Douglas
006WR00000xuAVsYAM,Killeen_MDU_505 Utah St,KILLEEN_MDU_505 UTAH ST,505 UTAH ST UNIT 1 KILLEEN TX 76541,Property_Street_Number__c,,505
006WR00000xuAVsYAM,Killeen_MDU_505 Utah St,KILLEEN_MDU_505 UTAH ST,505 UTAH ST UNIT 1 KILLEEN TX 76541,Property_Street__c,,UTAH ST
006WR00000xuAVsYAM,Killeen_MDU_505 Utah St,KILLEEN_MDU_505 UTAH ST,505 UTAH ST UNIT 1 KILLEEN TX 76541,Property_County__c,,Bell
006WR00000xuCFqYAM,Omaha_MDU_The Redman Townhomes & Apartments,Omaha_MDU_The Redman Townhomes & Apartments,4470 REDMAN AVE UNIT A OMAHA NE 68111,Property_Street_Number__c,,4470
006WR00000xuCFqYAM,Omaha_MDU_The Redman Townhomes & Apartments,Omaha_MDU_The Redman Townhomes & Apartments,4470 REDMAN AVE UNIT A OMAHA NE 68111,Property_Street__c,,REDMAN AVE
006WR00000xuDOrYAM,Omaha_MDU_Birch Tree Plaza,Omaha_MDU_Birch Tree Plaza,705 N 89TH PLZ OMAHA NE 68114 (SFU)  Birch Tree Lofts,Property_Street_Number__c,,705
006WR00000xuDOrYAM,Omaha_MDU_Birch Tree Plaza,Omaha_MDU_Birch Tree Plaza,705 N 89TH PLZ OMAHA NE 68114 (SFU)  Birch Tree Lofts,Property_Street__c,,N 89TH PLZ OMAHA NE 68114 (SFU)  Birch Tree Lofts
006WR00000xuFKAYA2,Bridgeport_MDU_Federal Housing Administration,Bridgeport_MDU_Federal Housing Administration,1508 COBB ST UNIT 1 BRIDGEPORT TX 76426,Property_Street_Number__c,,1508
006WR00000xuFKAYA2,Bridgeport_MDU_Federal Housing Administration,Bridgeport_MDU_Federal Housing Administration,1508 COBB ST UNIT 1 BRIDGEPORT TX 76426,Property_Street__c,,COBB ST
006WR00000xuFKAYA2,Bridgeport_MDU_Federal Housing Administration,Bridgeport_MDU_Federal Housing Administration,1508 COBB ST UNIT 1 BRIDGEPORT TX 76426,Property_County__c,,Wise
006WR00000xuM3zYAE,Taylor_MDU_Dahlberg,Taylor_MDU_Dahlberg,200 DAHLBERG BLVD UNIT 1 TAYLOR TX 76574,Property_Street_Number__c,,200
006WR00000xuM3zYAE,Taylor_MDU_Dahlberg,Taylor_MDU_Dahlberg,200 DAHLBERG BLVD UNIT 1 TAYLOR TX 76574,Property_Street__c,,DAHLBERG BLVD
006WR00000xuM3zYAE,Taylor_MDU_Dahlberg,Taylor_MDU_Dahlberg,200 DAHLBERG BLVD UNIT 1 TAYLOR TX 76574,Property_County__c,,Williamson
006WR00000xuPxsYAE,Omaha_MDU_4723-4725-4727 Cass St,Omaha_MDU_4723-4725-4727 Cass St,4723 CASS ST UNIT 1 OMAHA NE 68132,Property_Street_Number__c,,4723
006WR00000xuPxsYAE,Omaha_MDU_4723-4725-4727 Cass St,Omaha_MDU_4723-4725-4727 Cass St,4723 CASS ST UNIT 1 OMAHA NE 68132,Property_Street__c,,CASS ST
006WR00000xuPxsYAE,Omaha_MDU_4723-4725-4727 Cass St,Omaha_MDU_4723-4725-4727 Cass St,4723 CASS ST UNIT 1 OMAHA NE 68132,Property_County__c,,Douglas
006WR00000xuTn1YAE,KILLEEN_MDU_4308 Zephyr Rdt_APTS,KILLEEN_MDU_4308 Zephyr Rdt_APTS,4308 ZEPHYR RD UNIT 101 KILLEEN TX 76543,Property_Street_Number__c,,4308
006WR00000xuTn1YAE,KILLEEN_MDU_4308 Zephyr Rdt_APTS,KILLEEN_MDU_4308 Zephyr Rdt_APTS,4308 ZEPHYR RD UNIT 101 KILLEEN TX 76543,Property_Street__c,,ZEPHYR RD
006WR00000xuU9cYAE,Killeen_MDU_Versailles North,Killeen_MDU_Versailles North,103 W DUNN AVE UNIT 1 KILLEEN TX 76541,Property_Street_Number__c,,103
006WR00000xuU9cYAE,Killeen_MDU_Versailles North,Killeen_MDU_Versailles North,103 W DUNN AVE UNIT 1 KILLEEN TX 76541,Property_Street__c,,W DUNN AVE
006WR00000xuU9cYAE,Killeen_MDU_Versailles North,Killeen_MDU_Versailles North,103 W DUNN AVE UNIT 1 KILLEEN TX 76541,Property_County__c,,Bell
006WR00000xuXoyYAE,Omaha_MDU_4616 Redman Ave,Omaha_MDU_4616 Redman Ave,4614 REDMAN AVE UNIT 10 OMAHA NE 68104,Property_Street_Number__c,,4614
006WR00000xuXoyYAE,Omaha_MDU_4616 Redman Ave,Omaha_MDU_4616 Redman Ave,4614 REDMAN AVE UNIT 10 OMAHA NE 68104,Property_Street__c,,REDMAN AVE
006WR00000xuay7YAA,Omaha_MDU_801 N 48th St,Omaha_MDU_801 N 48th St,801 N 48TH ST UNIT 1 OMAHA NE 68132 Dundee Place Apartments,Property_Street_Number__c,,801
006WR00000xuay7YAA,Omaha_MDU_801 N 48th St,Omaha_MDU_801 N 48th St,801 N 48TH ST UNIT 1 OMAHA NE 68132 Dundee Place Apartments,Property_Street__c,,N 48TH ST UNIT 1 OMAHA NE 68132 Dundee Place Apartments
006WR00000xuay7YAA,Omaha_MDU_801 N 48th St,Omaha_MDU_801 N 48th St,801 N 48TH ST UNIT 1 OMAHA NE 68132 Dundee Place Apartments,Property_County__c,,Douglas
006WR00000xuca7YAA,Omaha_MDU_621 N 48th St,Omaha_MDU_621 N 48th St,621 N 48TH ST UNIT 1 OMAHA NE 68132,Property_Street_Number__c,,621
006WR00000xuca7YAA,Omaha_MDU_621 N 48th St,Omaha_MDU_621 N 48th St,621 N 48TH ST UNIT 1 OMAHA NE 68132,Property_Street__c,,N 48TH ST
006WR00000xuca7YAA,Omaha_MDU_621 N 48th St,Omaha_MDU_621 N 48th St,621 N 48TH ST UNIT 1 OMAHA NE 68132,Property_County__c,,Douglas
006WR00000xudCqYAI,Mesa_MDU_LaMar Apartments,Mesa_MDU_LaMar Apartments,215 E 1ST AVE UNIT 101 MESA AZ 85210,Property_Street_Number__c,,215
006WR00000xudCqYAI,Mesa_MDU_LaMar Apartments,Mesa_MDU_LaMar Apartments,215 E 1ST AVE UNIT 101 MESA AZ 85210,Property_Street__c,,E 1ST AVE
006WR00000xue0pYAA,Killeen_MDU_404 N 16th St,Killeen_MDU_404 N 16th St,404 N 16TH ST UNIT 10 KILLEEN TX 76541,Property_Street_Number__c,,404
006WR00000xue0pYAA,Killeen_MDU_404 N 16th St,Killeen_MDU_404 N 16th St,404 N 16TH ST UNIT 10 KILLEEN TX 76541,Property_Street__c,,N 16TH ST
006WR00000xue0pYAA,Killeen_MDU_404 N 16th St,Killeen_MDU_404 N 16th St,404 N 16TH ST UNIT 10 KILLEEN TX 76541,Property_County__c,,Bell
006WR00000xuf3NYAQ,Harker Heights_MDU_Dove Lane Apts,Harker Heights_MDU_Dove Lane Apts,107 W DOVE LN UNIT 1 HARKER HEIGHTS TX 76548,Property_Street_Number__c,,107
006WR00000xuf3NYAQ,Harker Heights_MDU_Dove Lane Apts,Harker Heights_MDU_Dove Lane Apts,107 W DOVE LN UNIT 1 HARKER HEIGHTS TX 76548,Property_Street__c,,W DOVE LN
006WR00000xuf3NYAQ,Harker Heights_MDU_Dove Lane Apts,Harker Heights_MDU_Dove Lane Apts,107 W DOVE LN UNIT 1 HARKER HEIGHTS TX 76548,Property_County__c,,Bell
006WR00000xufUnYAI,Omaha_MDU_4923-4925 Webster St,Omaha_MDU_4923-4925 Webster St,4923 WEBSTER ST UNIT 1 OMAHA NE 68132,Property_Street_Number__c,,4923
006WR00000xufUnYAI,Omaha_MDU_4923-4925 Webster St,Omaha_MDU_4923-4925 Webster St,4923 WEBSTER ST UNIT 1 OMAHA NE 68132,Property_Street__c,,WEBSTER ST
006WR00000xufUnYAI,Omaha_MDU_4923-4925 Webster St,Omaha_MDU_4923-4925 Webster St,4923 WEBSTER ST UNIT 1 OMAHA NE 68132,Property_County__c,,Douglas
006WR00000xufudYAA,Killeen_MDU_75 W. Ave E Apartments,Killeen_MDU_75 W. Ave E Apartments,715 761ST TANK BATTALION AVE UNIT 1 KILLEEN TX 76541,Property_Street_Number__c,,715
006WR00000xufudYAA,Killeen_MDU_75 W. Ave E Apartments,Killeen_MDU_75 W. Ave E Apartments,715 761ST TANK BATTALION AVE UNIT 1 KILLEEN TX 76541,Property_Street__c,,761ST TANK BATTALION AVE
006WR00000xumrOYAQ,New Added Site,NEW ADDED SITE,107 S 87 ST Omaha NE 68114,Property_Street_Number__c,,107
006WR00000xumrOYAQ,New Added Site,NEW ADDED SITE,107 S 87 ST Omaha NE 68114,Property_Street__c,,S 87 ST
006WR00000xuoRcYAI,Killeen_MDU_Laforce Apts,Killeen_MDU_Laforce Apts,311 E BRYCE AVE UNIT 1 KILLEEN TX 76541,Property_Street_Number__c,,311
006WR00000xuoRcYAI,Killeen_MDU_Laforce Apts,Killeen_MDU_Laforce Apts,311 E BRYCE AVE UNIT 1 KILLEEN TX 76541,Property_Street__c,,E BRYCE AVE
006WR00000xuoRcYAI,Killeen_MDU_Laforce Apts,Killeen_MDU_Laforce Apts,311 E BRYCE AVE UNIT 1 KILLEEN TX 76541,Property_County__c,,Bell
006WR00000xuog7YAA,Omaha_MDU_1121 N 48TH ST,Omaha_MDU_1121 N 48TH ST,1121 N 48TH ST UNIT 1 OMAHA NE 68132,Property_Street_Number__c,,1121
006WR00000xuog7YAA,Omaha_MDU_1121 N 48TH ST,Omaha_MDU_1121 N 48TH ST,1121 N 48TH ST UNIT 1 OMAHA NE 68132,Property_Street__c,,N 48TH ST
006WR00000xuog7YAA,Omaha_MDU_1121 N 48TH ST,Omaha_MDU_1121 N 48TH ST,1121 N 48TH ST UNIT 1 OMAHA NE 68132,Property_County__c,,Douglas
006WR00000xupQsYAI,Killeen_MDU_1711 Mulford St,Killeen_MDU_1711 Mulford St,1711 MULFORD ST UNIT 1 KILLEEN TX 76541,Property_Street_Number__c,,1711
006WR00000xupQsYAI,Killeen_MDU_1711 Mulford St,Killeen_MDU_1711 Mulford St,1711 MULFORD ST UNIT 1 KILLEEN TX 76541,Property_Street__c,,MULFORD ST
006WR00000xuqjXYAQ,Bridgeport_MDU_Edgewood Apartments,Bridgeport_MDU_Edgewood Apartments,1702 EDGEWOOD DR UNIT A BRIDGEPORT TX 76426,Property_Street_Number__c,,1702
006WR00000xuqjXYAQ,Bridgeport_MDU_Edgewood Apartments,Bridgeport_MDU_Edgewood Apartments,1702 EDGEWOOD DR UNIT A BRIDGEPORT TX 76426,Property_Street__c,,EDGEWOOD DR
006WR00000xuqjXYAQ,Bridgeport_MDU_Edgewood Apartments,Bridgeport_MDU_Edgewood Apartments,1702 EDGEWOOD DR UNIT A BRIDGEPORT TX 76426,Property_County__c,,Wise
006WR00000xuripYAA,Omaha_MDU_Richland Apartments,Omaha_MDU_Richland Apartments,4234 N 87TH AVE OMAHA NE 68134,Property_Street_Number__c,,4234
006WR00000xuripYAA,Omaha_MDU_Richland Apartments,Omaha_MDU_Richland Apartments,4234 N 87TH AVE OMAHA NE 68134,Property_Street__c,,N 87TH AVE
006WR00000xuripYAA,Omaha_MDU_Richland Apartments,Omaha_MDU_Richland Apartments,4234 N 87TH AVE OMAHA NE 68134,Property_County__c,,Douglas
006WR00000xus3rYAA,Keller_MDU_Town and Country Apartments,Keller_MDU_Town and Country Apartments,300 PEARL ST UNIT 1 KELLER TX 76248,Property_Street_Number__c,,300
006WR00000xus3rYAA,Keller_MDU_Town and Country Apartments,Keller_MDU_Town and Country Apartments,300 PEARL ST UNIT 1 KELLER TX 76248,Property_Street__c,,PEARL ST
006WR00000xus3rYAA,Keller_MDU_Town and Country Apartments,Keller_MDU_Town and Country Apartments,300 PEARL ST UNIT 1 KELLER TX 76248,Property_County__c,,Tarrant
006WR00000xuvORYAY,HARKER HEIGHTS_MDU_700 S Amy Ln apt,HARKER HEIGHTS_MDU_700 S Amy Ln apt,126 E RUBY RD UNIT 1 HARKER HEIGHTS TX 76548,Property_Street_Number__c,,126
006WR00000xuvORYAY,HARKER HEIGHTS_MDU_700 S Amy Ln apt,HARKER HEIGHTS_MDU_700 S Amy Ln apt,126 E RUBY RD UNIT 1 HARKER HEIGHTS TX 76548,Property_Street__c,,E RUBY RD
006WR00000xuvORYAY,HARKER HEIGHTS_MDU_700 S Amy Ln apt,HARKER HEIGHTS_MDU_700 S Amy Ln apt,126 E RUBY RD UNIT 1 HARKER HEIGHTS TX 76548,Property_County__c,,Bell
006WR00000xuxpsYAA,Omaha_MDU_4618 Redman Ave,Omaha_MDU_4618 Redman Ave,4618 REDMAN AVE UNIT 1 OMAHA NE 68104,Property_Street_Number__c,,4618
006WR00000xuxpsYAA,Omaha_MDU_4618 Redman Ave,Omaha_MDU_4618 Redman Ave,4618 REDMAN AVE UNIT 1 OMAHA NE 68104,Property_Street__c,,REDMAN AVE
006WR00000xuz6uYAA,Omaha_MDU_Warwick Apts,Omaha_MDU_Warwick Apts,5101 TERRACE DR UNIT 1 OMAHA NE 68134 Warwick Apartments,Property_Street_Number__c,,5101
006WR00000xuz6uYAA,Omaha_MDU_Warwick Apts,Omaha_MDU_Warwick Apts,5101 TERRACE DR UNIT 1 OMAHA NE 68134 Warwick Apartments,Property_Street__c,,TERRACE DR UNIT 1 OMAHA NE 68134 Warwick Apartments
006WR00000xuz8YYAQ,Omaha_MDU_4437 Franklin St,Omaha_MDU_4437 Franklin St,4437 - 4439 FRANKLIN ST UNIT 1 OMAHA NE 68111,Property_Street_Number__c,,4437
006WR00000xuz8YYAQ,Omaha_MDU_4437 Franklin St,Omaha_MDU_4437 Franklin St,4437 - 4439 FRANKLIN ST UNIT 1 OMAHA NE 68111,Property_Street__c,,- 4439 FRANKLIN ST
006WR00000xuz8YYAQ,Omaha_MDU_4437 Franklin St,Omaha_MDU_4437 Franklin St,4437 - 4439 FRANKLIN ST UNIT 1 OMAHA NE 68111,Property_County__c,,Douglas
006WR00000xuzq7YAA,Omaha_MDU_4803 Boyd St Apartments,Omaha_MDU_4803 Boyd St Apartments,4224 N 48TH ST UNIT 101 OMAHA NE 68104 Actual Property Address - 4803 BOYD ST  Bayview Apartments,Property_Street_Number__c,,4224
006WR00000xuzq7YAA,Omaha_MDU_4803 Boyd St Apartments,Omaha_MDU_4803 Boyd St Apartments,4224 N 48TH ST UNIT 101 OMAHA NE 68104 Actual Property Address - 4803 BOYD ST  Bayview Apartments,Property_Street__c,,N 48TH ST UNIT 101 OMAHA NE 68104 Actual Property Address - 4803 BOYD ST  Bayview Apartments
006WR00000xv174YAA,Omaha_MDU_The Wakeley Pointe,Omaha_MDU_The Wakeley Pointe,4717 WAKELEY ST UNIT 1 OMAHA NE 68132 4717-4719 Wakeley St - Wakeley Pointe Apartments,Property_Street_Number__c,,4717
006WR00000xv174YAA,Omaha_MDU_The Wakeley Pointe,Omaha_MDU_The Wakeley Pointe,4717 WAKELEY ST UNIT 1 OMAHA NE 68132 4717-4719 Wakeley St - Wakeley Pointe Apartments,Property_Street__c,,WAKELEY ST UNIT 1 OMAHA NE 68132 4717-4719 Wakeley St - Wakeley Pointe Apartments
006WR00000xv1n4YAA,Omaha_MDU_409 N 49th St,Omaha_MDU_409 N 49th St,"409 N 49TH ST UNIT A OMAHA NE 68132 4822 Chicago St legal address 409, 411 N 49th as well as 4822 4824 Chicago St. on same parcel",Property_Street_Number__c,,409
006WR00000xv1n4YAA,Omaha_MDU_409 N 49th St,Omaha_MDU_409 N 49th St,"409 N 49TH ST UNIT A OMAHA NE 68132 4822 Chicago St legal address 409, 411 N 49th as well as 4822 4824 Chicago St. on same parcel",Property_Street__c,,N 49TH ST UNIT A OMAHA NE 68132 4822 Chicago St legal address 409
006WR00000xv1n4YAA,Omaha_MDU_409 N 49th St,Omaha_MDU_409 N 49th St,"409 N 49TH ST UNIT A OMAHA NE 68132 4822 Chicago St legal address 409, 411 N 49th as well as 4822 4824 Chicago St. on same parcel",Property_County__c,,Douglas
006WR00000xv3nEYAQ,Mesa_MDU_447-451 S Olive,Mesa_MDU_447-451 S Olive,447 S OLIVE UNIT 1 MESA AZ 85204,Property_Street_Number__c,,447
006WR00000xv3nEYAQ,Mesa_MDU_447-451 S Olive,Mesa_MDU_447-451 S Olive,447 S OLIVE UNIT 1 MESA AZ 85204,Property_Street__c,,S OLIVE
006WR00000xv5LzYAI,Killeen_MDU_Stringer St Apts,Killeen_MDU_Stringer St Apts,613 STRINGER ST UNIT 1 KILLEEN TX 76541,Property_Street_Number__c,,613
006WR00000xv5LzYAI,Killeen_MDU_Stringer St Apts,Killeen_MDU_Stringer St Apts,613 STRINGER ST UNIT 1 KILLEEN TX 76541,Property_Street__c,,STRINGER ST
006WR00000xv6y2YAA,Killeen_MDU_209 E Dean Ave,Killeen_MDU_209 E Dean Ave,209 E DEAN AVE UNIT 1 KILLEEN TX 76541,Property_Street_Number__c,,209
006WR00000xv6y2YAA,Killeen_MDU_209 E Dean Ave,Killeen_MDU_209 E Dean Ave,209 E DEAN AVE UNIT 1 KILLEEN TX 76541,Property_Street__c,,E DEAN AVE
006WR00000xv762YAA,Omaha_MDU_4916 Capitol Ave,Omaha_MDU_4916 Capitol Ave,4914 CAPITOL AVE UNIT 1 OMAHA NE 68132 4914-4918 Capitol Ave/ Wilshire Apts,Property_Street_Number__c,,4914
006WR00000xv762YAA,Omaha_MDU_4916 Capitol Ave,Omaha_MDU_4916 Capitol Ave,4914 CAPITOL AVE UNIT 1 OMAHA NE 68132 4914-4918 Capitol Ave/ Wilshire Apts,Property_Street__c,,CAPITOL AVE UNIT 1 OMAHA NE 68132 4914-4918 Capitol Ave/ Wilshire
006WR00000xv762YAA,Omaha_MDU_4916 Capitol Ave,Omaha_MDU_4916 Capitol Ave,4914 CAPITOL AVE UNIT 1 OMAHA NE 68132 4914-4918 Capitol Ave/ Wilshire Apts,Property_County__c,,Douglas
006WR00000xv9KmYAI,Omaha_MDU_Century House Apartments,Omaha_MDU_Century House Apartments,909 N 48TH AVE UNIT 1 OMAHA NE 68132 Century House,Property_Street_Number__c,,909
006WR00000xv9KmYAI,Omaha_MDU_Century House Apartments,Omaha_MDU_Century House Apartments,909 N 48TH AVE UNIT 1 OMAHA NE 68132 Century House,Property_Street__c,,N 48TH AVE UNIT 1 OMAHA NE 68132 Century House
006WR00000xv9KmYAI,Omaha_MDU_Century House Apartments,Omaha_MDU_Century House Apartments,909 N 48TH AVE UNIT 1 OMAHA NE 68132 Century House,Property_County__c,,Douglas
006WR00000xv9auYAA,Bridgeport_SA01_FDH08_PA02,BRIDGEPORT_SA01_FDH08_PA02,401 TURKEY CREEK TRL UNIT 101 BRIDGEPORT TX 76426,Property_Street_Number__c,,401
006WR00000xv9auYAA,Bridgeport_SA01_FDH08_PA02,BRIDGEPORT_SA01_FDH08_PA02,401 TURKEY CREEK TRL UNIT 101 BRIDGEPORT TX 76426,Property_Street__c,,TURKEY CREEK TRL
006WR00000xvAAMYA2,Omaha_MDU_4527 Decatur St,Omaha_MDU_4527 Decatur St,4527 DECATUR ST UNIT 1 OMAHA NE 68104,Property_Street_Number__c,,4527
006WR00000xvAAMYA2,Omaha_MDU_4527 Decatur St,Omaha_MDU_4527 Decatur St,4527 DECATUR ST UNIT 1 OMAHA NE 68104,Property_Street__c,,DECATUR ST
006WR00000xvBUcYAM,Omaha_MDU_4023 HAMILTON ST,Omaha_MDU_4023 HAMILTON ST,4023 HAMILTON ST UNIT 1 OMAHA NE 68131,Property_Street_Number__c,,4023
006WR00000xvBUcYAM,Omaha_MDU_4023 HAMILTON ST,Omaha_MDU_4023 HAMILTON ST,4023 HAMILTON ST UNIT 1 OMAHA NE 68131,Property_Street__c,,HAMILTON ST
006WR00000xvCKIYA2,Omaha_MDU_Ambassador Apartments,OMAHA_MDU_AMBASSADOR APARTMENTS,109 S 49TH AVE UNIT 101 OMAHA NE 68132,Property_Street_Number__c,,109
006WR00000xvCKIYA2,Omaha_MDU_Ambassador Apartments,OMAHA_MDU_AMBASSADOR APARTMENTS,109 S 49TH AVE UNIT 101 OMAHA NE 68132,Property_Street__c,,S 49TH AVE
006WR00000xvCKIYA2,Omaha_MDU_Ambassador Apartments,OMAHA_MDU_AMBASSADOR APARTMENTS,109 S 49TH AVE UNIT 101 OMAHA NE 68132,Property_County__c,,Douglas
006WR00000xvDg7YAE,Omaha_MDU_817 N 47th St,Omaha_MDU_817 N 47th St,817 N 47TH ST UNIT 1 OMAHA NE 68132 J.K. Apartments,Property_Street_Number__c,,817
006WR00000xvDg7YAE,Omaha_MDU_817 N 47th St,Omaha_MDU_817 N 47th St,817 N 47TH ST UNIT 1 OMAHA NE 68132 J.K. Apartments,Property_Street__c,,N 47TH ST UNIT 1 OMAHA NE 68132 J.K. Apartments
006WR00000xvDg7YAE,Omaha_MDU_817 N 47th St,Omaha_MDU_817 N 47th St,817 N 47TH ST UNIT 1 OMAHA NE 68132 J.K. Apartments,Property_County__c,,Douglas
006WR00000xvE98YAE,Omaha_MDU_6302 Boyd St,Omaha_MDU_6302 Boyd St,6302 BOYD ST UNIT 10 OMAHA NE 68104,Property_Street_Number__c,,6302
006WR00000xvE98YAE,Omaha_MDU_6302 Boyd St,Omaha_MDU_6302 Boyd St,6302 BOYD ST UNIT 10 OMAHA NE 68104,Property_Street__c,,BOYD ST
006WR00000xvEU6YAM,Omaha_MDU_6406 Boyd St,Omaha_MDU_6406 Boyd St,6406 BOYD ST UNIT 10 OMAHA NE 68104,Property_Street_Number__c,,6406
006WR00000xvEU6YAM,Omaha_MDU_6406 Boyd St,Omaha_MDU_6406 Boyd St,6406 BOYD ST UNIT 10 OMAHA NE 68104,Property_Street__c,,BOYD ST
006WR00000xvElsYAE,Omaha_MDU_1016 N 47TH AVE,Omaha_MDU_1016 N 47TH AVE,1016 N 47TH AVE UNIT 1 OMAHA NE 68132,Property_Street_Number__c,,1016
006WR00000xvElsYAE,Omaha_MDU_1016 N 47TH AVE,Omaha_MDU_1016 N 47TH AVE,1016 N 47TH AVE UNIT 1 OMAHA NE 68132,Property_Street__c,,N 47TH AVE
006WR00000xvElsYAE,Omaha_MDU_1016 N 47TH AVE,Omaha_MDU_1016 N 47TH AVE,1016 N 47TH AVE UNIT 1 OMAHA NE 68132,Property_County__c,,Douglas
006WR00000xvFDHYA2,Omaha_MDU_The Richards Apartments,Omaha_MDU_The Richards Apartments,7402 BLONDO ST UNIT 1 OMAHA NE 68134,Property_Street_Number__c,,7402
006WR00000xvFDHYA2,Omaha_MDU_The Richards Apartments,Omaha_MDU_The Richards Apartments,7402 BLONDO ST UNIT 1 OMAHA NE 68134,Property_Street__c,,BLONDO ST
006WR00000xvFEsYAM,Killeen_MDU_813 N Park St Apartments,Killeen_MDU_813 N Park St Apartments,813 N PARK ST UNIT 101 KILLEEN TX 76541,Property_Street_Number__c,,813
006WR00000xvFEsYAM,Killeen_MDU_813 N Park St Apartments,Killeen_MDU_813 N Park St Apartments,813 N PARK ST UNIT 101 KILLEEN TX 76541,Property_Street__c,,N PARK ST
006WR00000xvFEsYAM,Killeen_MDU_813 N Park St Apartments,Killeen_MDU_813 N Park St Apartments,813 N PARK ST UNIT 101 KILLEEN TX 76541,Property_County__c,,Bell
006WR00000xvHqCYAU,Omaha_MDU_Northbrook Apartments,Omaha_MDU_Northbrook Apartments,1825 NW RADIAL HWY UNIT 1 OMAHA NE 68104  Northbrook Apartments,Property_Street_Number__c,,1825
006WR00000xvHqCYAU,Omaha_MDU_Northbrook Apartments,Omaha_MDU_Northbrook Apartments,1825 NW RADIAL HWY UNIT 1 OMAHA NE 68104  Northbrook Apartments,Property_Street__c,,NW RADIAL HWY UNIT 1 OMAHA NE 68104  Northbrook Apartments
006WR00000xvHqCYAU,Omaha_MDU_Northbrook Apartments,Omaha_MDU_Northbrook Apartments,1825 NW RADIAL HWY UNIT 1 OMAHA NE 68104  Northbrook Apartments,Property_County__c,,Douglas
006WR00000xvIPeYAM,Omaha_MDU_4713 Davenport St,Omaha_MDU_4713 Davenport St,4713 DAVENPORT ST UNIT 1 OMAHA NE 68132,Property_Street_Number__c,,4713
006WR00000xvIPeYAM,Omaha_MDU_4713 Davenport St,Omaha_MDU_4713 Davenport St,4713 DAVENPORT ST UNIT 1 OMAHA NE 68132,Property_Street__c,,DAVENPORT ST
006WR00000xvIPeYAM,Omaha_MDU_4713 Davenport St,Omaha_MDU_4713 Davenport St,4713 DAVENPORT ST UNIT 1 OMAHA NE 68132,Property_County__c,,Douglas
006WR00000xvJNLYA2,Omaha_MDU_108 S 49TH Ave,OMAHA_MDU_108 S 49TH AVE,108 S 49TH AVE UNIT 1 OMAHA NE 68132 Casa Linda Apartments,Property_Street_Number__c,,108
006WR00000xvJNLYA2,Omaha_MDU_108 S 49TH Ave,OMAHA_MDU_108 S 49TH AVE,108 S 49TH AVE UNIT 1 OMAHA NE 68132 Casa Linda Apartments,Property_Street__c,,S 49TH AVE UNIT 1 OMAHA NE 68132 Casa Linda Apartments
006WR00000xvJNLYA2,Omaha_MDU_108 S 49TH Ave,OMAHA_MDU_108 S 49TH AVE,108 S 49TH AVE UNIT 1 OMAHA NE 68132 Casa Linda Apartments,Property_County__c,,Douglas
006WR00000xvK6UYAU,Omaha_MDU_Beacon Heights Apts,Omaha_MDU_Beacon Heights Apts,9110 MAPLEWOOD BLVD UNIT 1 OMAHA NE 68134,Property_Street_Number__c,,9110
006WR00000xvK6UYAU,Omaha_MDU_Beacon Heights Apts,Omaha_MDU_Beacon Heights Apts,9110 MAPLEWOOD BLVD UNIT 1 OMAHA NE 68134,Property_Street__c,,MAPLEWOOD BLVD
006WR00000xvK6UYAU,Omaha_MDU_Beacon Heights Apts,Omaha_MDU_Beacon Heights Apts,9110 MAPLEWOOD BLVD UNIT 1 OMAHA NE 68134,Property_County__c,,Douglas
006WR00000xvKb9YAE,Killeen_MDU_Villa Del North,Killeen_MDU_Villa Del North,1006 N 4TH ST UNIT 1 KILLEEN TX 76541,Property_Street_Number__c,,1006
006WR00000xvKb9YAE,Killeen_MDU_Villa Del North,Killeen_MDU_Villa Del North,1006 N 4TH ST UNIT 1 KILLEEN TX 76541,Property_Street__c,,N 4TH ST
006WR00000xvNyrYAE,Omaha_MDU_4716 Cuming St,Omaha_MDU_4716 Cuming St,4716 CUMING ST UNIT 1 OMAHA NE 68132 Cuming Street Apartments,Property_Street_Number__c,,4716
006WR00000xvNyrYAE,Omaha_MDU_4716 Cuming St,Omaha_MDU_4716 Cuming St,4716 CUMING ST UNIT 1 OMAHA NE 68132 Cuming Street Apartments,Property_Street__c,,CUMING ST UNIT 1 OMAHA NE 68132 Cuming Street Apartments
006WR00000xvNyrYAE,Omaha_MDU_4716 Cuming St,Omaha_MDU_4716 Cuming St,4716 CUMING ST UNIT 1 OMAHA NE 68132 Cuming Street Apartments,Property_County__c,,Douglas
006WR00000xvPe3YAE,Killeen_MDU_602 N 2nd St,Killeen_MDU_602 N 2nd St,602 N 2ND ST UNIT 1A KILLEEN TX 76541,Property_Street_Number__c,,602
006WR00000xvPe3YAE,Killeen_MDU_602 N 2nd St,Killeen_MDU_602 N 2nd St,602 N 2ND ST UNIT 1A KILLEEN TX 76541,Property_Street__c,,N 2ND ST
006WR00000xvPe3YAE,Killeen_MDU_602 N 2nd St,Killeen_MDU_602 N 2nd St,602 N 2ND ST UNIT 1A KILLEEN TX 76541,Property_County__c,,Bell
006WR00000xvRuNYAU,Omaha_MDU_4501 Lafayette Ave,Omaha_MDU_4501 Lafayette Ave,4501 LAFAYETTE AVE UNIT 1 OMAHA NE 68132 The Halford Apartments 12-plex,Property_Street_Number__c,,4501
006WR00000xvRuNYAU,Omaha_MDU_4501 Lafayette Ave,Omaha_MDU_4501 Lafayette Ave,4501 LAFAYETTE AVE UNIT 1 OMAHA NE 68132 The Halford Apartments 12-plex,Property_Street__c,,LAFAYETTE AVE UNIT 1 OMAHA NE 68132 The Halford Apartments 12-plex
006WR00000xvRuNYAU,Omaha_MDU_4501 Lafayette Ave,Omaha_MDU_4501 Lafayette Ave,4501 LAFAYETTE AVE UNIT 1 OMAHA NE 68132 The Halford Apartments 12-plex,Property_County__c,,Douglas
006WR00000xvSKBYA2,Omaha_MDU_2313 N 72nd St apts,Omaha_MDU_2313 N 72nd St apts,2313 N 72ND ST UNIT 1 OMAHA NE 68134,Property_Street_Number__c,,2313
006WR00000xvSKBYA2,Omaha_MDU_2313 N 72nd St apts,Omaha_MDU_2313 N 72nd St apts,2313 N 72ND ST UNIT 1 OMAHA NE 68134,Property_Street__c,,N 72ND ST
006WR00000xvV0KYAU,Killeen_MDU_Paradise Cove,Killeen_MDU_Paradise Cove,1204 BUNDRANT DR UNIT A KILLEEN TX 76543,Property_Street_Number__c,,1204
006WR00000xvV0KYAU,Killeen_MDU_Paradise Cove,Killeen_MDU_Paradise Cove,1204 BUNDRANT DR UNIT A KILLEEN TX 76543,Property_Street__c,,BUNDRANT DR
006WR00000xvV0KYAU,Killeen_MDU_Paradise Cove,Killeen_MDU_Paradise Cove,1204 BUNDRANT DR UNIT A KILLEEN TX 76543,Property_County__c,,Bell
006WR00000xvVMsYAM,OMAHA_MDU_Elwood Apartments,OMAHA_MDU_Elwood Apartments,101 S 49TH AVE UNIT 1 OMAHA NE 68132,Property_Street_Number__c,,101
006WR00000xvVMsYAM,OMAHA_MDU_Elwood Apartments,OMAHA_MDU_Elwood Apartments,101 S 49TH AVE UNIT 1 OMAHA NE 68132,Property_Street__c,,S 49TH AVE
006WR00000xvVMsYAM,OMAHA_MDU_Elwood Apartments,OMAHA_MDU_Elwood Apartments,101 S 49TH AVE UNIT 1 OMAHA NE 68132,Property_County__c,,Douglas
006WR00000xvVRkYAM,NE_Omaha_SA12_FDH26_MDU_Arlon Hunt LLC,NE_OMAHA_SA12_FDH26_MDU_ARLON HUNT LLC,608 N 50TH ST UNIT 101 OMAHA NE 68132 608 N 50th St - Marlinda Apartments,Property_Street_Number__c,,608
006WR00000xvVRkYAM,NE_Omaha_SA12_FDH26_MDU_Arlon Hunt LLC,NE_OMAHA_SA12_FDH26_MDU_ARLON HUNT LLC,608 N 50TH ST UNIT 101 OMAHA NE 68132 608 N 50th St - Marlinda Apartments,Property_Street__c,,N 50TH ST UNIT 101 OMAHA NE 68132 608 N 50th St - Marlinda Apartments
006WR00000xvW9GYAU,Taylor_MDU_Vance Apartments,Taylor_MDU_Vance Apartments,205 W 9TH ST UNIT 1 TAYLOR TX 76574,Property_Street_Number__c,,205
006WR00000xvW9GYAU,Taylor_MDU_Vance Apartments,Taylor_MDU_Vance Apartments,205 W 9TH ST UNIT 1 TAYLOR TX 76574,Property_Street__c,,W 9TH ST
006WR00000xvW9GYAU,Taylor_MDU_Vance Apartments,Taylor_MDU_Vance Apartments,205 W 9TH ST UNIT 1 TAYLOR TX 76574,Property_County__c,,Williamson
006WR00000xvWR0YAM,Omaha_MDU_4810-4812 Capital Ave,Omaha_MDU_4810-4812 Capital Ave,4810 - 4812 CAPITOL AVE UNIT 10 OMAHA NE 68132,Property_Street_Number__c,,4810
006WR00000xvWR0YAM,Omaha_MDU_4810-4812 Capital Ave,Omaha_MDU_4810-4812 Capital Ave,4810 - 4812 CAPITOL AVE UNIT 10 OMAHA NE 68132,Property_Street__c,,- 4812 CAPITOL AVE
006WR00000xvXYPYA2,Omaha_MDU_Sweet Briar,Omaha_MDU_Sweet Briar,4910 CAPITOL AVE UNIT 1 OMAHA NE 68132,Property_Street_Number__c,,4910
006WR00000xvXYPYA2,Omaha_MDU_Sweet Briar,Omaha_MDU_Sweet Briar,4910 CAPITOL AVE UNIT 1 OMAHA NE 68132,Property_Street__c,,CAPITOL AVE
006WR00000xvXYPYA2,Omaha_MDU_Sweet Briar,Omaha_MDU_Sweet Briar,4910 CAPITOL AVE UNIT 1 OMAHA NE 68132,Property_County__c,,Douglas
006WR00000xvY31YAE,NE_Omaha_SA12_FDH12_MDU_Omaha Home for Boys,NE_OMAHA_SA12_FDH12_MDU_OMAHA HOME FOR BOYS,928 N 47TH AVE UNIT 2 OMAHA NE 68132,Property_Street_Number__c,,928
006WR00000xvY31YAE,NE_Omaha_SA12_FDH12_MDU_Omaha Home for Boys,NE_OMAHA_SA12_FDH12_MDU_OMAHA HOME FOR BOYS,928 N 47TH AVE UNIT 2 OMAHA NE 68132,Property_Street__c,,N 47TH AVE
006WR00000xvY7sYAE,Killeen_MDU_Dugger Apts,Killeen_MDU_Dugger Apts,1813 NATHAN DR UNIT 1 KILLEEN TX 76541,Property_Street_Number__c,,1813
006WR00000xvY7sYAE,Killeen_MDU_Dugger Apts,Killeen_MDU_Dugger Apts,1813 NATHAN DR UNIT 1 KILLEEN TX 76541,Property_Street__c,,NATHAN DR
006WR00000xvY7sYAE,Killeen_MDU_Dugger Apts,Killeen_MDU_Dugger Apts,1813 NATHAN DR UNIT 1 KILLEEN TX 76541,Property_County__c,,Bell
006WR00000xvYawYAE,Mesa_MDU_Los Pinos Apartments,Mesa_MDU_Los Pinos Apartments,1206 E 9TH AVE MESA AZ 85204,Property_Street_Number__c,,1206
006WR00000xvYawYAE,Mesa_MDU_Los Pinos Apartments,Mesa_MDU_Los Pinos Apartments,1206 E 9TH AVE MESA AZ 85204,Property_Street__c,,E 9TH AVE
006WR00000xvYe6YAE,Omaha_MDU_4484 Redman Ave,Omaha_MDU_4484 Redman Ave,4484 REDMAN AVE UNIT A OMAHA NE 68111,Property_Street_Number__c,,4484
006WR00000xvYe6YAE,Omaha_MDU_4484 Redman Ave,Omaha_MDU_4484 Redman Ave,4484 REDMAN AVE UNIT A OMAHA NE 68111,Property_Street__c,,REDMAN AVE
006WR00000xvYz4YAE,Omaha_MDU_Caroline,Omaha_MDU_Caroline,1616 - 1618 MILITARY AVE UNIT 3 OMAHA NE 68111,Property_Street_Number__c,,1616
006WR00000xvYz4YAE,Omaha_MDU_Caroline,Omaha_MDU_Caroline,1616 - 1618 MILITARY AVE UNIT 3 OMAHA NE 68111,Property_Street__c,,- 1618 MILITARY AVE
006WR00000xvZ3uYAE,Omaha_MDU_The Rose Apartments,Omaha_MDU_The Rose Apartments,4729 CALIFORNIA ST UNIT 1 OMAHA NE 68132,Property_Street_Number__c,,4729
006WR00000xvZ3uYAE,Omaha_MDU_The Rose Apartments,Omaha_MDU_The Rose Apartments,4729 CALIFORNIA ST UNIT 1 OMAHA NE 68132,Property_Street__c,,CALIFORNIA ST
006WR00000xvZ5WYAU,Killeen_MDU_1610 N 8th St,Killeen_MDU_1610 N 8th St,1610 N 8TH ST UNIT 1 KILLEEN TX 76541,Property_Street_Number__c,,1610
006WR00000xvZ5WYAU,Killeen_MDU_1610 N 8th St,Killeen_MDU_1610 N 8th St,1610 N 8TH ST UNIT 1 KILLEEN TX 76541,Property_Street__c,,N 8TH ST
006WR00000xvZ5WYAU,Killeen_MDU_1610 N 8th St,Killeen_MDU_1610 N 8th St,1610 N 8TH ST UNIT 1 KILLEEN TX 76541,Property_County__c,,Bell
006WR00000xvbCAYAY,Omaha_MDU_4907 Ames Ave Apartments,Omaha_MDU_4907 Ames Ave Apartments,4907 AMES AVE UNIT 1 OMAHA NE 68104,Property_Street_Number__c,,4907
006WR00000xvbCAYAY,Omaha_MDU_4907 Ames Ave Apartments,Omaha_MDU_4907 Ames Ave Apartments,4907 AMES AVE UNIT 1 OMAHA NE 68104,Property_Street__c,,AMES AVE
006WR00000xvc1mYAA,Killeen_MDU_Townshires Apartments,Killeen_MDU_Townshires Apartments,308 18TH ST UNIT 1 KILLEEN TX 76541,Property_Street_Number__c,,308
006WR00000xvc1mYAA,Killeen_MDU_Townshires Apartments,Killeen_MDU_Townshires Apartments,308 18TH ST UNIT 1 KILLEEN TX 76541,Property_Street__c,,18TH ST
006WR00000xvc1mYAA,Killeen_MDU_Townshires Apartments,Killeen_MDU_Townshires Apartments,308 18TH ST UNIT 1 KILLEEN TX 76541,Property_County__c,,Bell
006WR00000xvcBUYAY,Killeen_MDU_308 N 14th St,Killeen_MDU_308 N 14th St,308 N 14TH ST UNIT 1 KILLEEN TX 76541,Property_Street_Number__c,,308
006WR00000xvcBUYAY,Killeen_MDU_308 N 14th St,Killeen_MDU_308 N 14th St,308 N 14TH ST UNIT 1 KILLEEN TX 76541,Property_Street__c,,N 14TH ST
006WR00000xvcBUYAY,Killeen_MDU_308 N 14th St,Killeen_MDU_308 N 14th St,308 N 14TH ST UNIT 1 KILLEEN TX 76541,Property_County__c,,Bell
006WR00000xvcMkYAI,Omaha_MDU_1015 N 47TH AVE,Omaha_MDU_1015 N 47TH AVE,1015 N 47TH AVE UNIT 1 OMAHA NE 68132,Property_Street_Number__c,,1015
006WR00000xvcMkYAI,Omaha_MDU_1015 N 47TH AVE,Omaha_MDU_1015 N 47TH AVE,1015 N 47TH AVE UNIT 1 OMAHA NE 68132,Property_Street__c,,N 47TH AVE
006WR00000xvcMkYAI,Omaha_MDU_1015 N 47TH AVE,Omaha_MDU_1015 N 47TH AVE,1015 N 47TH AVE UNIT 1 OMAHA NE 68132,Property_County__c,,Douglas
006WR00000xvcPzYAI,Omaha_MDU_Stanley Apartments,Omaha_MDU_Stanley Apartments,4903 UNDERWOOD AVE OMAHA NE 68132 Omaha_MDU_Stanley Apartments,Property_Street_Number__c,,4903
006WR00000xvcPzYAI,Omaha_MDU_Stanley Apartments,Omaha_MDU_Stanley Apartments,4903 UNDERWOOD AVE OMAHA NE 68132 Omaha_MDU_Stanley Apartments,Property_Street__c,,UNDERWOOD AVE OMAHA NE 68132 Omaha_MDU_Stanley Apartments
006WR00000xvcPzYAI,Omaha_MDU_Stanley Apartments,Omaha_MDU_Stanley Apartments,4903 UNDERWOOD AVE OMAHA NE 68132 Omaha_MDU_Stanley Apartments,Property_County__c,,Douglas
006WR00000xvcUoYAI,Omaha_MDU_4644-4648 Cuming St,Omaha_MDU_4644-4648 Cuming St,4644 CUMING ST UNIT 1 OMAHA NE 68132 Actual Property Address - 4648 CUMING ST,Property_Street_Number__c,,4644
006WR00000xvcUoYAI,Omaha_MDU_4644-4648 Cuming St,Omaha_MDU_4644-4648 Cuming St,4644 CUMING ST UNIT 1 OMAHA NE 68132 Actual Property Address - 4648 CUMING ST,Property_Street__c,,CUMING ST UNIT 1 OMAHA NE 68132 Actual Property Address - 4648 CUMING ST
006WR00000xvcUoYAI,Omaha_MDU_4644-4648 Cuming St,Omaha_MDU_4644-4648 Cuming St,4644 CUMING ST UNIT 1 OMAHA NE 68132 Actual Property Address - 4648 CUMING ST,Property_County__c,,Douglas
006WR00000xvdKRYAY,Omaha_MDU_4804-4806 Capital Ave,Omaha_MDU_4804-4806 Capital Ave,4804 - 4806 CAPITOL AVE UNIT 10 OMAHA NE 68132,Property_Street_Number__c,,4804
006WR00000xvdKRYAY,Omaha_MDU_4804-4806 Capital Ave,Omaha_MDU_4804-4806 Capital Ave,4804 - 4806 CAPITOL AVE UNIT 10 OMAHA NE 68132,Property_Street__c,,- 4806 CAPITOL AVE
006WR00000xvdKRYAY,Omaha_MDU_4804-4806 Capital Ave,Omaha_MDU_4804-4806 Capital Ave,4804 - 4806 CAPITOL AVE UNIT 10 OMAHA NE 68132,Property_County__c,,Douglas
006WR00000xveGUYAY,Omaha_MDU_6201-6261 Ville De Sante Townhomes,Omaha_MDU_6201-6261 Ville De Sante Townhomes,6201 VILLE DE SANTE DR UNIT 1 OMAHA NE 68104,Property_Street_Number__c,,6201
006WR00000xveGUYAY,Omaha_MDU_6201-6261 Ville De Sante Townhomes,Omaha_MDU_6201-6261 Ville De Sante Townhomes,6201 VILLE DE SANTE DR UNIT 1 OMAHA NE 68104,Property_Street__c,,VILLE DE SANTE DR
006WR00000xveGUYAY,Omaha_MDU_6201-6261 Ville De Sante Townhomes,Omaha_MDU_6201-6261 Ville De Sante Townhomes,6201 VILLE DE SANTE DR UNIT 1 OMAHA NE 68104,Property_County__c,,Douglas
006WR00000xveMwYAI,Mineral Wells_MDU_305-309 NW 4th St Apartments,Mineral Wells_MDU_305-309 NW 4th St Apartments,305 NW 4TH ST UNIT 1 MINERAL WELLS TX 76067,Property_Street_Number__c,,305
006WR00000xveMwYAI,Mineral Wells_MDU_305-309 NW 4th St Apartments,Mineral Wells_MDU_305-309 NW 4th St Apartments,305 NW 4TH ST UNIT 1 MINERAL WELLS TX 76067,Property_Street__c,,NW 4TH ST
006WR00000xveMwYAI,Mineral Wells_MDU_305-309 NW 4th St Apartments,Mineral Wells_MDU_305-309 NW 4th St Apartments,305 NW 4TH ST UNIT 1 MINERAL WELLS TX 76067,Property_County__c,,Palo Pinto
006WR00000xvgbfYAA,Killeen_MDU_Gilmer Street Apartments,Killeen_MDU_Gilmer Street Apartments,507 N GILMER ST UNIT 10 KILLEEN TX 76541,Property_Street_Number__c,,507
006WR00000xvgbfYAA,Killeen_MDU_Gilmer Street Apartments,Killeen_MDU_Gilmer Street Apartments,507 N GILMER ST UNIT 10 KILLEEN TX 76541,Property_Street__c,,N GILMER ST
006WR00000xvgbfYAA,Killeen_MDU_Gilmer Street Apartments,Killeen_MDU_Gilmer Street Apartments,507 N GILMER ST UNIT 10 KILLEEN TX 76541,Property_County__c,,Bell
006WR00000xvgdJYAQ,Killeen_MDU_305-307 Blair St,Killeen_MDU_305-307 Blair St,305 BLAIR ST KILLEEN TX 76541,Property_Street_Number__c,,305
006WR00000xvgdJYAQ,Killeen_MDU_305-307 Blair St,Killeen_MDU_305-307 Blair St,305 BLAIR ST KILLEEN TX 76541,Property_Street__c,,BLAIR ST
006WR00000xvgdJYAQ,Killeen_MDU_305-307 Blair St,Killeen_MDU_305-307 Blair St,305 BLAIR ST KILLEEN TX 76541,Property_County__c,,Bell
006WR00000xvhSvYAI,Killeen_MDU_1015-1017 Parmer Ave,Killeen_MDU_1015-1017 Parmer Ave,1015 PARMER AVE UNIT 10 KILLEEN TX 76541,Property_Street_Number__c,,1015
006WR00000xvhSvYAI,Killeen_MDU_1015-1017 Parmer Ave,Killeen_MDU_1015-1017 Parmer Ave,1015 PARMER AVE UNIT 10 KILLEEN TX 76541,Property_Street__c,,PARMER AVE
006WR00000xviARYAY,Omaha_MDU_9214-9224 Ohio St,Omaha_MDU_9214-9224 Ohio St,9214 OHIO ST UNIT 1 OMAHA NE 68134,Property_Street_Number__c,,9214
006WR00000xviARYAY,Omaha_MDU_9214-9224 Ohio St,Omaha_MDU_9214-9224 Ohio St,9214 OHIO ST UNIT 1 OMAHA NE 68134,Property_Street__c,,OHIO ST
006WR00000xviARYAY,Omaha_MDU_9214-9224 Ohio St,Omaha_MDU_9214-9224 Ohio St,9214 OHIO ST UNIT 1 OMAHA NE 68134,Property_County__c,,Douglas
006WR00000xviQYYAY,Omaha_MDU_618-636 N 46th St,Omaha_MDU_618-636 N 46th St,618 N 46TH ST OMAHA NE 68132,Property_Street_Number__c,,618
006WR00000xviQYYAY,Omaha_MDU_618-636 N 46th St,Omaha_MDU_618-636 N 46th St,618 N 46TH ST OMAHA NE 68132,Property_Street__c,,N 46TH ST
006WR00000xviQYYAY,Omaha_MDU_618-636 N 46th St,Omaha_MDU_618-636 N 46th St,618 N 46TH ST OMAHA NE 68132,Property_County__c,,Douglas
006WR00000xvjmRYAQ,Omaha_MDU_The Frederick,Omaha_MDU_The Frederick,4813 UNDERWOOD AVE UNIT 1 OMAHA NE 68132,Property_Street_Number__c,,4813
006WR00000xvjmRYAQ,Omaha_MDU_The Frederick,Omaha_MDU_The Frederick,4813 UNDERWOOD AVE UNIT 1 OMAHA NE 68132,Property_Street__c,,UNDERWOOD AVE
006WR00000xvk0wYAA,Omaha_MDU_4902_4904 N Chicago St,Omaha_MDU_4902_4904 N Chicago St,406 N 49TH ST UNIT 1 OMAHA NE 68132,Property_Street_Number__c,,406
006WR00000xvk0wYAA,Omaha_MDU_4902_4904 N Chicago St,Omaha_MDU_4902_4904 N Chicago St,406 N 49TH ST UNIT 1 OMAHA NE 68132,Property_Street__c,,N 49TH ST
006WR00000xvk0wYAA,Omaha_MDU_4902_4904 N Chicago St,Omaha_MDU_4902_4904 N Chicago St,406 N 49TH ST UNIT 1 OMAHA NE 68132,Property_County__c,,Douglas
006WR00000xvk2bYAA,Omaha_MDU_Buckingham Manor Apartments,Omaha_MDU_Buckingham Manor Apartments,4817 CHICAGO ST UNIT 1 OMAHA NE 68132 Buckingham Manor 4819 & 4821 Chicago St. also on same parcel,Property_Street_Number__c,,4817
006WR00000xvk2bYAA,Omaha_MDU_Buckingham Manor Apartments,Omaha_MDU_Buckingham Manor Apartments,4817 CHICAGO ST UNIT 1 OMAHA NE 68132 Buckingham Manor 4819 & 4821 Chicago St. also on same parcel,Property_Street__c,,CHICAGO ST UNIT 1 OMAHA NE 68132 Buckingham Manor 4819 & 4821 Chicago St. also on same parcel
006WR00000xvk2bYAA,Omaha_MDU_Buckingham Manor Apartments,Omaha_MDU_Buckingham Manor Apartments,4817 CHICAGO ST UNIT 1 OMAHA NE 68132 Buckingham Manor 4819 & 4821 Chicago St. also on same parcel,Property_County__c,,Douglas
006WR00000xvkCFYAY,Omaha_MDU_Brewer Apartments,Omaha_MDU_Brewer Apartments,4810 BOYD ST UNIT 1 OMAHA NE 68104 4810 Boyd St - Brewer Apartments,Property_Street_Number__c,,4810
006WR00000xvkCFYAY,Omaha_MDU_Brewer Apartments,Omaha_MDU_Brewer Apartments,4810 BOYD ST UNIT 1 OMAHA NE 68104 4810 Boyd St - Brewer Apartments,Property_Street__c,,BOYD ST UNIT 1 OMAHA NE 68104 4810 Boyd St - Brewer Apartments
006WR00000xvlMoYAI,Killeen_MDU_Palo Alto Apartments,Killeen_MDU_Palo Alto Apartments,1305 N 4TH ST UNIT 101 KILLEEN TX 76541,Property_Street_Number__c,,1305
006WR00000xvlMoYAI,Killeen_MDU_Palo Alto Apartments,Killeen_MDU_Palo Alto Apartments,1305 N 4TH ST UNIT 101 KILLEEN TX 76541,Property_Street__c,,N 4TH ST
006WR00000xvlMoYAI,Killeen_MDU_Palo Alto Apartments,Killeen_MDU_Palo Alto Apartments,1305 N 4TH ST UNIT 101 KILLEEN TX 76541,Property_County__c,,Bell
006WR00000xvlmdYAA,Killeen_MDU_605-607 Atkinson Ave,Killeen_MDU_605-607 Atkinson Ave,605 ATKINSON AVE UNIT 1 KILLEEN TX 76541,Property_Street_Number__c,,605
006WR00000xvlmdYAA,Killeen_MDU_605-607 Atkinson Ave,Killeen_MDU_605-607 Atkinson Ave,605 ATKINSON AVE UNIT 1 KILLEEN TX 76541,Property_Street__c,,ATKINSON AVE
006WR00000xvlmdYAA,Killeen_MDU_605-607 Atkinson Ave,Killeen_MDU_605-607 Atkinson Ave,605 ATKINSON AVE UNIT 1 KILLEEN TX 76541,Property_County__c,,Bell
006WR00000xvlrSYAQ,NE_MDU_Larimore Senior Living,NE_MDU_LARIMORE SENIOR LIVING,3483 LARIMORE AVE UNIT 1 OMAHA NE 68111,Property_Street_Number__c,,3483
006WR00000xvlrSYAQ,NE_MDU_Larimore Senior Living,NE_MDU_LARIMORE SENIOR LIVING,3483 LARIMORE AVE UNIT 1 OMAHA NE 68111,Property_Street__c,,LARIMORE AVE UNIT 1 OMAHA
006WR00000xvmPKYAY,Omaha_MDU_Lodestone Apartments,Omaha_MDU_Lodestone Apartments,3525 EVANS ST UNIT 1 OMAHA NE 68111 Lodestone Apartments,Property_Street_Number__c,,3525
006WR00000xvmPKYAY,Omaha_MDU_Lodestone Apartments,Omaha_MDU_Lodestone Apartments,3525 EVANS ST UNIT 1 OMAHA NE 68111 Lodestone Apartments,Property_Street__c,,EVANS ST UNIT 1 OMAHA NE 68111 Lodestone Apartments
006WR00000xvmPKYAY,Omaha_MDU_Lodestone Apartments,Omaha_MDU_Lodestone Apartments,3525 EVANS ST UNIT 1 OMAHA NE 68111 Lodestone Apartments,Property_County__c,,Douglas
006WR00000xvmSZYAY,Killeen_MDU_The Links Apts,Killeen_MDU_The Links Apts,610 1/2 N 10TH ST UNIT A KILLEEN TX 76541,Property_Street_Number__c,,610
006WR00000xvmSZYAY,Killeen_MDU_The Links Apts,Killeen_MDU_The Links Apts,610 1/2 N 10TH ST UNIT A KILLEEN TX 76541,Property_Street__c,,1/2 N 10TH ST
006WR00000xvmqkYAA,Killeen_MDU_207 W Young Ave,Killeen_MDU_207 W Young Ave,1104 N COLLEGE ST UNIT A KILLEEN TX 76541,Property_Street_Number__c,,1104
006WR00000xvmqkYAA,Killeen_MDU_207 W Young Ave,Killeen_MDU_207 W Young Ave,1104 N COLLEGE ST UNIT A KILLEEN TX 76541,Property_Street__c,,N COLLEGE ST
006WR00000xvmqkYAA,Killeen_MDU_207 W Young Ave,Killeen_MDU_207 W Young Ave,1104 N COLLEGE ST UNIT A KILLEEN TX 76541,Property_County__c,,Bell
006WR00000xvovmYAA,Mesa_MDU_350 E 5th Ave,Mesa_MDU_350 E 5th Ave,350 E 5TH AVE UNIT 101 MESA AZ 85210,Property_Street_Number__c,,350
006WR00000xvovmYAA,Mesa_MDU_350 E 5th Ave,Mesa_MDU_350 E 5th Ave,350 E 5TH AVE UNIT 101 MESA AZ 85210,Property_Street__c,,E 5TH AVE
006WR00000xvpQTYAY,Killeen_MDU_414 E Avenue A,Killeen_MDU_414 E Avenue A,414 E AVENUE A UNIT 100 KILLEEN TX 76541,Property_Street_Number__c,,414
006WR00000xvpQTYAY,Killeen_MDU_414 E Avenue A,Killeen_MDU_414 E Avenue A,414 E AVENUE A UNIT 100 KILLEEN TX 76541,Property_Street__c,,E AVENUE A
006WR00000xvpQTYAY,Killeen_MDU_414 E Avenue A,Killeen_MDU_414 E Avenue A,414 E AVENUE A UNIT 100 KILLEEN TX 76541,Property_County__c,,Bell
006WR00000xvpiBYAQ,KILLEEN_MDU_MCG_Homestead_Rentals,KILLEEN_MDU_MCG_Homestead_Rentals,401 ROOT AVE UNIT 1 KILLEEN TX 76541,Property_Street_Number__c,,401
006WR00000xvpiBYAQ,KILLEEN_MDU_MCG_Homestead_Rentals,KILLEEN_MDU_MCG_Homestead_Rentals,401 ROOT AVE UNIT 1 KILLEEN TX 76541,Property_Street__c,,ROOT AVE
006WR00000xvpiBYAQ,KILLEEN_MDU_MCG_Homestead_Rentals,KILLEEN_MDU_MCG_Homestead_Rentals,401 ROOT AVE UNIT 1 KILLEEN TX 76541,Property_County__c,,Bell
006WR00000xvrlaYAA,Mesa_MDU_725-732 E Dana,Mesa_MDU_725-732 E Dana,725 E DANA AVE UNIT 101 MESA AZ 85204,Property_Street_Number__c,,725
006WR00000xvrlaYAA,Mesa_MDU_725-732 E Dana,Mesa_MDU_725-732 E Dana,725 E DANA AVE UNIT 101 MESA AZ 85204,Property_Street__c,,E DANA AVE
006WR00000xvsD0YAI,Killeen_MDU_Casa Grande,Killeen_MDU_Casa Grande,119 W YOUNG AVE UNIT 1 KILLEEN TX 76541,Property_Street_Number__c,,119
006WR00000xvsD0YAI,Killeen_MDU_Casa Grande,Killeen_MDU_Casa Grande,119 W YOUNG AVE UNIT 1 KILLEEN TX 76541,Property_Street__c,,W YOUNG AVE
006WR00000xvsD0YAI,Killeen_MDU_Casa Grande,Killeen_MDU_Casa Grande,119 W YOUNG AVE UNIT 1 KILLEEN TX 76541,Property_County__c,,Bell
006WR00000xvsXyYAI,Omaha_MDU_4318-4324 N 48th St Apartments,Omaha_MDU_4318-4324 N 48th St Apartments,4318 N 48TH ST UNIT A OMAHA NE 68104,Property_Street_Number__c,,4318
006WR00000xvsXyYAI,Omaha_MDU_4318-4324 N 48th St Apartments,Omaha_MDU_4318-4324 N 48th St Apartments,4318 N 48TH ST UNIT A OMAHA NE 68104,Property_Street__c,,N 48TH ST
006WR00000xvtfKYAQ,Omaha_MDU_1115-1117 N 48TH ST,Omaha_MDU_1115-1117 N 48TH ST,"1115 N 48TH ST UNIT 1 OMAHA NE 68132 1115 N 48th Ave - Cottonwood Apartments ADDRESSSES ASSOCIATED: 1121, 1130, 1115, 1120 N 48TH ST. / 4758, 4754, 4756,4752 NICHOLAS ST",Property_Street_Number__c,,1115
006WR00000xvtfKYAQ,Omaha_MDU_1115-1117 N 48TH ST,Omaha_MDU_1115-1117 N 48TH ST,"1115 N 48TH ST UNIT 1 OMAHA NE 68132 1115 N 48th Ave - Cottonwood Apartments ADDRESSSES ASSOCIATED: 1121, 1130, 1115, 1120 N 48TH ST. / 4758, 4754, 4756,4752 NICHOLAS ST",Property_Street__c,,N 48TH ST UNIT 1 OMAHA NE 68132 1115 N 48th Ave - Cottonwood Apartments ADDRESSSES ASSOCIATED: 1121
006WR00000xvtfKYAQ,Omaha_MDU_1115-1117 N 48TH ST,Omaha_MDU_1115-1117 N 48TH ST,"1115 N 48TH ST UNIT 1 OMAHA NE 68132 1115 N 48th Ave - Cottonwood Apartments ADDRESSSES ASSOCIATED: 1121, 1130, 1115, 1120 N 48TH ST. / 4758, 4754, 4756,4752 NICHOLAS ST",Property_County__c,,Douglas
006WR00000xvuTKYAY,Killeen_MDU_Crescent Apts,Killeen_MDU_Crescent Apts,4110 LAKE RD UNIT 1 KILLEEN TX 76543,Property_Street_Number__c,,4110
006WR00000xvuTKYAY,Killeen_MDU_Crescent Apts,Killeen_MDU_Crescent Apts,4110 LAKE RD UNIT 1 KILLEEN TX 76543,Property_Street__c,,LAKE RD
006WR00000xvuTKYAY,Killeen_MDU_Crescent Apts,Killeen_MDU_Crescent Apts,4110 LAKE RD UNIT 1 KILLEEN TX 76543,Property_County__c,,Bell
006WR00000xvv7fYAA,Omaha_MDU_9026-9032 Ohio St,Omaha_MDU_9026-9032 Ohio St,9026 OHIO ST UNIT 1 OMAHA NE 68134,Property_Street_Number__c,,9026
006WR00000xvv7fYAA,Omaha_MDU_9026-9032 Ohio St,Omaha_MDU_9026-9032 Ohio St,9026 OHIO ST UNIT 1 OMAHA NE 68134,Property_Street__c,,OHIO ST
006WR00000xvv7fYAA,Omaha_MDU_9026-9032 Ohio St,Omaha_MDU_9026-9032 Ohio St,9026 OHIO ST UNIT 1 OMAHA NE 68134,Property_County__c,,Douglas
006WR00000xvwoUYAQ,Omaha_MDU_4704 Cass St,Omaha_MDU_4704 Cass St,4702 CASS ST UNIT 11 OMAHA NE 68132,Property_Street_Number__c,,4702
006WR00000xvwoUYAQ,Omaha_MDU_4704 Cass St,Omaha_MDU_4704 Cass St,4702 CASS ST UNIT 11 OMAHA NE 68132,Property_Street__c,,CASS ST
006WR00000xvwoUYAQ,Omaha_MDU_4704 Cass St,Omaha_MDU_4704 Cass St,4702 CASS ST UNIT 11 OMAHA NE 68132,Property_County__c,,Douglas
006WR00000xvxiwYAA,Omaha_MDU_4502 N 49th St,Omaha_MDU_4502 N 49th St,4502 N 49TH ST UNIT 1 OMAHA NE 68104,Property_Street_Number__c,,4502
006WR00000xvxiwYAA,Omaha_MDU_4502 N 49th St,Omaha_MDU_4502 N 49th St,4502 N 49TH ST UNIT 1 OMAHA NE 68104,Property_Street__c,,N 49TH ST
006WR00000xvxxTYAQ,Killeen_MDU_803 761st Tank Battalion Ave,Killeen_MDU_803 761st Tank Battalion Ave,803 761ST TANK BATTALION AVE UNIT 1 KILLEEN TX 76541,Property_Street_Number__c,,803
006WR00000xvxxTYAQ,Killeen_MDU_803 761st Tank Battalion Ave,Killeen_MDU_803 761st Tank Battalion Ave,803 761ST TANK BATTALION AVE UNIT 1 KILLEEN TX 76541,Property_Street__c,,761ST TANK BATTALION AVE
006WR00000xvxxTYAQ,Killeen_MDU_803 761st Tank Battalion Ave,Killeen_MDU_803 761st Tank Battalion Ave,803 761ST TANK BATTALION AVE UNIT 1 KILLEEN TX 76541,Property_County__c,,Bell
006WR00000xvyiEYAQ,Omaha_MDU_5240 Ames Ave,Omaha_MDU_5240 Ames Ave,5240 AMES AVE UNIT 1 OMAHA NE 68104,Property_Street_Number__c,,5240
006WR00000xvyiEYAQ,Omaha_MDU_5240 Ames Ave,Omaha_MDU_5240 Ames Ave,5240 AMES AVE UNIT 1 OMAHA NE 68104,Property_Street__c,,AMES AVE
006WR00000xvzZSYAY,Omaha_MDU_Kelli-Gene Apts,Omaha_MDU_Kelli-Gene Apts,1308 N 40TH ST UNIT 1 OMAHA NE 68131,Property_Street_Number__c,,1308
006WR00000xvzZSYAY,Omaha_MDU_Kelli-Gene Apts,Omaha_MDU_Kelli-Gene Apts,1308 N 40TH ST UNIT 1 OMAHA NE 68131,Property_Street__c,,N 40TH ST
006WR00000xvzZSYAY,Omaha_MDU_Kelli-Gene Apts,Omaha_MDU_Kelli-Gene Apts,1308 N 40TH ST UNIT 1 OMAHA NE 68131,Property_County__c,,Douglas
006WR00000xw0DmYAI,Omaha_MDU_6641 Military Ave Apartments,Omaha_MDU_6641 Military Ave Apartments,6635 MILITARY AVE UNIT 1 OMAHA NE 68104,Property_Street_Number__c,,6635
006WR00000xw0DmYAI,Omaha_MDU_6641 Military Ave Apartments,Omaha_MDU_6641 Military Ave Apartments,6635 MILITARY AVE UNIT 1 OMAHA NE 68104,Property_Street__c,,MILITARY AVE
006WR00000xw0DmYAI,Omaha_MDU_6641 Military Ave Apartments,Omaha_MDU_6641 Military Ave Apartments,6635 MILITARY AVE UNIT 1 OMAHA NE 68104,Property_County__c,,Douglas
006WR00000xw0DnYAI,Killeen_MDU_122 N College St,Killeen_MDU_122 N College St,1202 N COLLEGE ST UNIT 1 KILLEEN TX 76541,Property_Street_Number__c,,1202
006WR00000xw0DnYAI,Killeen_MDU_122 N College St,Killeen_MDU_122 N College St,1202 N COLLEGE ST UNIT 1 KILLEEN TX 76541,Property_Street__c,,N COLLEGE ST
006WR00000xw0IcYAI,Omaha_MDU_Papio Valley Apartments,Omaha_MDU_Papio Valley Apartments,2004-2005 N 81ST CT OMAHA NE 68134,Property_Street_Number__c,,2004-2005
006WR00000xw0IcYAI,Omaha_MDU_Papio Valley Apartments,Omaha_MDU_Papio Valley Apartments,2004-2005 N 81ST CT OMAHA NE 68134,Property_Street__c,,N 81ST CT
006WR00000xw0IcYAI,Omaha_MDU_Papio Valley Apartments,Omaha_MDU_Papio Valley Apartments,2004-2005 N 81ST CT OMAHA NE 68134,Property_County__c,,Douglas
006WR00000xw0VXYAY,Omaha_MDU_4822-4824 Cass St,Omaha_MDU_4822-4824 Cass St,"4822 (4824) CASS ST UNIT 1 OMAHA NE 68132 4822, 4824, 4826 Cass St.  511 N 49th St.  All these addresses are on same parcel / but different entry doors.",Property_Street_Number__c,,4822
006WR00000xw0VXYAY,Omaha_MDU_4822-4824 Cass St,Omaha_MDU_4822-4824 Cass St,"4822 (4824) CASS ST UNIT 1 OMAHA NE 68132 4822, 4824, 4826 Cass St.  511 N 49th St.  All these addresses are on same parcel / but different entry doors.",Property_Street__c,,(4824) CASS ST UNIT 1 OMAHA NE 68132 4822
006WR00000xw0aRYAQ,Omaha_MDU_Wakeley Manor,Omaha_MDU_Wakeley Manor,4621 WAKELEY ST UNIT 1 OMAHA NE 68132 4621 Wakeley St - Wakely Manor,Property_Street_Number__c,,4621
006WR00000xw0aRYAQ,Omaha_MDU_Wakeley Manor,Omaha_MDU_Wakeley Manor,4621 WAKELEY ST UNIT 1 OMAHA NE 68132 4621 Wakeley St - Wakely Manor,Property_Street__c,,WAKELEY ST UNIT 1 OMAHA NE 68132 4621 Wakeley St - Wakely Manor
006WR00000xw0aRYAQ,Omaha_MDU_Wakeley Manor,Omaha_MDU_Wakeley Manor,4621 WAKELEY ST UNIT 1 OMAHA NE 68132 4621 Wakeley St - Wakely Manor,Property_County__c,,Douglas
006WR00000xw0nJYAQ,Mesa_MDU_707-715 E Dana 135 S Ashland,Mesa_MDU_707-715 E Dana 135 S Ashland,135 S ASHLAND MESA AZ 85204,Property_Street_Number__c,,135
006WR00000xw0nJYAQ,Mesa_MDU_707-715 E Dana 135 S Ashland,Mesa_MDU_707-715 E Dana 135 S Ashland,135 S ASHLAND MESA AZ 85204,Property_Street__c,,S ASHLAND
006WR00000xw1oAYAQ,KILLEEN_MDU_601_SE_13th_AVE_Mobile_Park,KILLEEN_MDU_601_SE_13th_AVE_Mobile_Park,601 SE 13TH AVE UNIT 1 MINERAL WELLS TX 76067,Property_Street_Number__c,,601
006WR00000xw1oAYAQ,KILLEEN_MDU_601_SE_13th_AVE_Mobile_Park,KILLEEN_MDU_601_SE_13th_AVE_Mobile_Park,601 SE 13TH AVE UNIT 1 MINERAL WELLS TX 76067,Property_Street__c,,SE 13TH AVE
006WR00000xw1oAYAQ,KILLEEN_MDU_601_SE_13th_AVE_Mobile_Park,KILLEEN_MDU_601_SE_13th_AVE_Mobile_Park,601 SE 13TH AVE UNIT 1 MINERAL WELLS TX 76067,Property_County__c,,Palo Pinto
006WR00000xw2FcYAI,Omaha_MDU_Birchwood Apartments,Omaha_MDU_Birchwood Apartments,4804 DODGE ST UNIT 16 OMAHA NE 68132 4806 Dodge St - Birchwood Apartments,Property_Street_Number__c,,4804
006WR00000xw2FcYAI,Omaha_MDU_Birchwood Apartments,Omaha_MDU_Birchwood Apartments,4804 DODGE ST UNIT 16 OMAHA NE 68132 4806 Dodge St - Birchwood Apartments,Property_Street__c,,DODGE ST UNIT 16 OMAHA NE 68132 4806 Dodge St - Birchwood Apartments
006WR00000xw38QYAQ,Omaha_MDU_Windsong Apartments,Omaha_MDU_Windsong Apartments,8826 MIAMI ST UNIT 1 OMAHA NE 68134,Property_Street_Number__c,,8826
006WR00000xw38QYAQ,Omaha_MDU_Windsong Apartments,Omaha_MDU_Windsong Apartments,8826 MIAMI ST UNIT 1 OMAHA NE 68134,Property_Street__c,,MIAMI ST
006WR00000xw38QYAQ,Omaha_MDU_Windsong Apartments,Omaha_MDU_Windsong Apartments,8826 MIAMI ST UNIT 1 OMAHA NE 68134,Property_County__c,,Douglas
006WR00000xw3LLYAY,Bridgeport_MDU_Atrium Garden Apartments,Bridgeport_MDU_Atrium Garden Apartments,1304 HALSELL ST UNIT A BRIDGEPORT TX 76426,Property_Street_Number__c,,1304
006WR00000xw3LLYAY,Bridgeport_MDU_Atrium Garden Apartments,Bridgeport_MDU_Atrium Garden Apartments,1304 HALSELL ST UNIT A BRIDGEPORT TX 76426,Property_Street__c,,HALSELL ST
006WR00000xw3LLYAY,Bridgeport_MDU_Atrium Garden Apartments,Bridgeport_MDU_Atrium Garden Apartments,1304 HALSELL ST UNIT A BRIDGEPORT TX 76426,Property_County__c,,Wise
006WR00000xw41GYAQ,Bridgeport_SA01_FDH08_PA01,BRIDGEPORT_SA01_FDH08_PA01,400 TURKEY CREEK TRL UNIT A BRIDGEPORT TX 76426,Property_Street_Number__c,,400
006WR00000xw41GYAQ,Bridgeport_SA01_FDH08_PA01,BRIDGEPORT_SA01_FDH08_PA01,400 TURKEY CREEK TRL UNIT A BRIDGEPORT TX 76426,Property_Street__c,,TURKEY CREEK TRL
006WR00000xw49MYAQ,Omaha_MDU_4544 NICHOLAS ST,Omaha_MDU_4544 NICHOLAS ST,4544 NICHOLAS ST UNIT 10 OMAHA NE 68132,Property_Street_Number__c,,4544
006WR00000xw49MYAQ,Omaha_MDU_4544 NICHOLAS ST,Omaha_MDU_4544 NICHOLAS ST,4544 NICHOLAS ST UNIT 10 OMAHA NE 68132,Property_Street__c,,NICHOLAS ST
006WR00000xw49MYAQ,Omaha_MDU_4544 NICHOLAS ST,Omaha_MDU_4544 NICHOLAS ST,4544 NICHOLAS ST UNIT 10 OMAHA NE 68132,Property_County__c,,Douglas
006WR00000xw4XZYAY,Killeen_MDU_1103-1109 Harbour Ave,Killeen_MDU_1103-1109 Harbour Ave,1103 HARBOUR AVE UNIT A KILLEEN TX 76541,Property_Street_Number__c,,1103
006WR00000xw4XZYAY,Killeen_MDU_1103-1109 Harbour Ave,Killeen_MDU_1103-1109 Harbour Ave,1103 HARBOUR AVE UNIT A KILLEEN TX 76541,Property_Street__c,,HARBOUR AVE
006WR00000xw4XZYAY,Killeen_MDU_1103-1109 Harbour Ave,Killeen_MDU_1103-1109 Harbour Ave,1103 HARBOUR AVE UNIT A KILLEEN TX 76541,Property_County__c,,Bell
006WR00000xw5JvYAI,Killeen_MDU_191 N 1th St,Killeen_MDU_191 N 1th St,1901 N 10TH ST UNIT 1 KILLEEN TX 76541,Property_Street_Number__c,,1901
006WR00000xw5JvYAI,Killeen_MDU_191 N 1th St,Killeen_MDU_191 N 1th St,1901 N 10TH ST UNIT 1 KILLEEN TX 76541,Property_Street__c,,N 10TH ST
006WR00000xw7NKYAY,Killeen_MDU_511 N Gilmer & 512 Wyoming St,Killeen_MDU_511 N Gilmer & 512 Wyoming St,511 N GILMER ST KILLEEN TX 76541,Property_Street_Number__c,,511
006WR00000xw7NKYAY,Killeen_MDU_511 N Gilmer & 512 Wyoming St,Killeen_MDU_511 N Gilmer & 512 Wyoming St,511 N GILMER ST KILLEEN TX 76541,Property_Street__c,,N GILMER ST
006WR00000xw7NKYAY,Killeen_MDU_511 N Gilmer & 512 Wyoming St,Killeen_MDU_511 N Gilmer & 512 Wyoming St,511 N GILMER ST KILLEEN TX 76541,Property_County__c,,Bell
006WR00000xw7SBYAY,Omaha_MDU_4005 Hartman Circle,Omaha_MDU_4005 Hartman Circle,4005 HARTMAN CIR UNIT 1 OMAHA NE 68111,Property_Street_Number__c,,4005
006WR00000xw7SBYAY,Omaha_MDU_4005 Hartman Circle,Omaha_MDU_4005 Hartman Circle,4005 HARTMAN CIR UNIT 1 OMAHA NE 68111,Property_Street__c,,HARTMAN CIR
006WR00000xw8EYYAY,Omaha_MDU_Carthage Apartments,Omaha_MDU_Carthage Apartments,1312 N 49TH AVE UNIT 1 OMAHA NE 68132,Property_Street_Number__c,,1312
006WR00000xw8EYYAY,Omaha_MDU_Carthage Apartments,Omaha_MDU_Carthage Apartments,1312 N 49TH AVE UNIT 1 OMAHA NE 68132,Property_Street__c,,N 49TH AVE
006WR00000xw8EYYAY,Omaha_MDU_Carthage Apartments,Omaha_MDU_Carthage Apartments,1312 N 49TH AVE UNIT 1 OMAHA NE 68132,Property_County__c,,Douglas
006WR00000xw8PrYAI,Killeen_MDU_1809 Nathan Dr,Killeen_MDU_1809 Nathan Dr,1809 NATHAN DR UNIT A KILLEEN TX 76541,Property_Street_Number__c,,1809
006WR00000xw8PrYAI,Killeen_MDU_1809 Nathan Dr,Killeen_MDU_1809 Nathan Dr,1809 NATHAN DR UNIT A KILLEEN TX 76541,Property_Street__c,,NATHAN DR
006WR00000xw8PrYAI,Killeen_MDU_1809 Nathan Dr,Killeen_MDU_1809 Nathan Dr,1809 NATHAN DR UNIT A KILLEEN TX 76541,Property_County__c,,Bell
006WR00000xw8eMYAQ,Omaha_MDU_Cherry Hill Apts,Omaha_MDU_Cherry Hill Apts,1014 N 48TH AVE UNIT 1 OMAHA NE 68132,Property_Street_Number__c,,1014
006WR00000xw8eMYAQ,Omaha_MDU_Cherry Hill Apts,Omaha_MDU_Cherry Hill Apts,1014 N 48TH AVE UNIT 1 OMAHA NE 68132,Property_Street__c,,N 48TH AVE
006WR00000xw8eMYAQ,Omaha_MDU_Cherry Hill Apts,Omaha_MDU_Cherry Hill Apts,1014 N 48TH AVE UNIT 1 OMAHA NE 68132,Property_County__c,,Douglas
006WR00000xw8peYAA,Taylor_MDU_Sunny Lane Apartments,Taylor_MDU_Sunny Lane Apartments,2700 SUNNY LN UNIT 1 TAYLOR TX 76574,Property_Street_Number__c,,2700
006WR00000xw8peYAA,Taylor_MDU_Sunny Lane Apartments,Taylor_MDU_Sunny Lane Apartments,2700 SUNNY LN UNIT 1 TAYLOR TX 76574,Property_Street__c,,SUNNY LN
006WR00000xw8peYAA,Taylor_MDU_Sunny Lane Apartments,Taylor_MDU_Sunny Lane Apartments,2700 SUNNY LN UNIT 1 TAYLOR TX 76574,Property_County__c,,Williamson
006WR00000xw9XDYAY,Killeen_MDU_127-129 N 1th St,Killeen_MDU_127-129 N 1th St,1207 N 10TH ST UNIT 1 KILLEEN TX 76541,Property_Street_Number__c,,1207
006WR00000xw9XDYAY,Killeen_MDU_127-129 N 1th St,Killeen_MDU_127-129 N 1th St,1207 N 10TH ST UNIT 1 KILLEEN TX 76541,Property_Street__c,,N 10TH ST
006WR00000xwAcwYAE,Killeen_MDU_1215 & 1217 N 4th St,Killeen_MDU_1215 & 1217 N 4th St,1215 N 4TH ST UNIT 1 KILLEEN TX 76541,Property_Street_Number__c,,1215
006WR00000xwAcwYAE,Killeen_MDU_1215 & 1217 N 4th St,Killeen_MDU_1215 & 1217 N 4th St,1215 N 4TH ST UNIT 1 KILLEEN TX 76541,Property_Street__c,,N 4TH ST
006WR00000xwAcwYAE,Killeen_MDU_1215 & 1217 N 4th St,Killeen_MDU_1215 & 1217 N 4th St,1215 N 4TH ST UNIT 1 KILLEEN TX 76541,Property_County__c,,Bell
006WR00000xwAl0YAE,Harker Heights_MDU_Mockingbird Ln,Harker Heights_MDU_Mockingbird Ln,102 E MOCKINGBIRD LN UNIT 1 HARKER HEIGHTS TX 76548,Property_Street_Number__c,,102
006WR00000xwAl0YAE,Harker Heights_MDU_Mockingbird Ln,Harker Heights_MDU_Mockingbird Ln,102 E MOCKINGBIRD LN UNIT 1 HARKER HEIGHTS TX 76548,Property_Street__c,,E MOCKINGBIRD LN
006WR00000xwAl0YAE,Harker Heights_MDU_Mockingbird Ln,Harker Heights_MDU_Mockingbird Ln,102 E MOCKINGBIRD LN UNIT 1 HARKER HEIGHTS TX 76548,Property_County__c,,Bell
006WR00000xwBIsYAM,Mineral Wells_MDU_707 NW 4TH AVE,Mineral Wells_MDU_707 NW 4TH AVE,707 NW 4TH AVE UNIT 1 MINERAL WELLS TX 76067,Property_Street_Number__c,,707
006WR00000xwBIsYAM,Mineral Wells_MDU_707 NW 4TH AVE,Mineral Wells_MDU_707 NW 4TH AVE,707 NW 4TH AVE UNIT 1 MINERAL WELLS TX 76067,Property_Street__c,,NW 4TH AVE
006WR00000xwBIsYAM,Mineral Wells_MDU_707 NW 4TH AVE,Mineral Wells_MDU_707 NW 4TH AVE,707 NW 4TH AVE UNIT 1 MINERAL WELLS TX 76067,Property_County__c,,Palo Pinto
006WR00000xwCd8YAE,Omaha_MDU_5006 Davenport St,Omaha_MDU_5006 Davenport St,5004 DAVENPORT ST UNIT 1 OMAHA NE 68132,Property_Street_Number__c,,5004
006WR00000xwCd8YAE,Omaha_MDU_5006 Davenport St,Omaha_MDU_5006 Davenport St,5004 DAVENPORT ST UNIT 1 OMAHA NE 68132,Property_Street__c,,DAVENPORT ST
006WR00000xwChyYAE,Omaha_MDU_4907 Davenport St,Omaha_MDU_4907 Davenport St,4907 DAVENPORT ST UNIT 1 OMAHA NE 68132 Arlington at Dundee Condo's  15 units,Property_Street_Number__c,,4907
006WR00000xwChyYAE,Omaha_MDU_4907 Davenport St,Omaha_MDU_4907 Davenport St,4907 DAVENPORT ST UNIT 1 OMAHA NE 68132 Arlington at Dundee Condo's  15 units,Property_Street__c,,DAVENPORT ST UNIT 1 OMAHA NE 68132 Arlington at Dundee Condo's  15
006WR00000xwChyYAE,Omaha_MDU_4907 Davenport St,Omaha_MDU_4907 Davenport St,4907 DAVENPORT ST UNIT 1 OMAHA NE 68132 Arlington at Dundee Condo's  15 units,Property_County__c,,Douglas
006WR00000xwDsYYAU,Killeen_MDU_Triple M Rentals,Killeen_MDU_Triple M Rentals,2003 E VETERANS MEMORIAL BLVD UNIT 1 KILLEEN TX 76541,Property_Street_Number__c,,2003
006WR00000xwDsYYAU,Killeen_MDU_Triple M Rentals,Killeen_MDU_Triple M Rentals,2003 E VETERANS MEMORIAL BLVD UNIT 1 KILLEEN TX 76541,Property_Street__c,,E VETERANS MEMORIAL BLVD
006WR00000xwDsYYAU,Killeen_MDU_Triple M Rentals,Killeen_MDU_Triple M Rentals,2003 E VETERANS MEMORIAL BLVD UNIT 1 KILLEEN TX 76541,Property_County__c,,Bell
006WR00000xwElNYAU,Mesa_MDU_SOUTHERN AND STAPLEY TOWNHOMES,Mesa_MDU_SOUTHERN AND STAPLEY TOWNHOMES,1119 S STAPLEY DR UNIT 101 MESA AZ 85204,Property_Street_Number__c,,1119
006WR00000xwElNYAU,Mesa_MDU_SOUTHERN AND STAPLEY TOWNHOMES,Mesa_MDU_SOUTHERN AND STAPLEY TOWNHOMES,1119 S STAPLEY DR UNIT 101 MESA AZ 85204,Property_Street__c,,S STAPLEY DR
006WR00000xwEmzYAE,Mesa_MDU_202-228 E 2nd Ave,Mesa_MDU_202-228 E 2nd Ave,202 E 2ND AVE MESA AZ 85210,Property_Street_Number__c,,202
006WR00000xwEmzYAE,Mesa_MDU_202-228 E 2nd Ave,Mesa_MDU_202-228 E 2nd Ave,202 E 2ND AVE MESA AZ 85210,Property_Street__c,,E 2ND AVE
006WR00000xwEobYAE,Mesa_MDU_36 S Lesueur,Mesa_MDU_36 S Lesueur,35 S UDALL UNIT 101 MESA AZ 85204,Property_Street_Number__c,,35
006WR00000xwEobYAE,Mesa_MDU_36 S Lesueur,Mesa_MDU_36 S Lesueur,35 S UDALL UNIT 101 MESA AZ 85204,Property_Street__c,,S UDALL
006WR00000xwEqDYAU,Mesa_MDU_El Rancho Del Sol Apts,Mesa_MDU_El Rancho Del Sol Apts,659 E MAIN ST UNIT 101 MESA AZ 85204,Property_Street_Number__c,,659
006WR00000xwEqDYAU,Mesa_MDU_El Rancho Del Sol Apts,Mesa_MDU_El Rancho Del Sol Apts,659 E MAIN ST UNIT 101 MESA AZ 85204,Property_Street__c,,E MAIN ST
006WR00000xwErpYAE,Mesa_MDU_Blue Ridge Apartments,Mesa_MDU_Blue Ridge Apartments,819 S STAPLEY DR MESA AZ 85204,Property_Street_Number__c,,819
006WR00000xwErpYAE,Mesa_MDU_Blue Ridge Apartments,Mesa_MDU_Blue Ridge Apartments,819 S STAPLEY DR MESA AZ 85204,Property_Street__c,,S STAPLEY DR
006WR00000xwEv3YAE,Omaha_MDU_Hamilton Apartments,Omaha_MDU_Hamilton Apartments,1325 N 49TH AVE UNIT 1 OMAHA NE 68132,Property_Street_Number__c,,1325
006WR00000xwEv3YAE,Omaha_MDU_Hamilton Apartments,Omaha_MDU_Hamilton Apartments,1325 N 49TH AVE UNIT 1 OMAHA NE 68132,Property_Street__c,,N 49TH AVE
006WR00000xwEv3YAE,Omaha_MDU_Hamilton Apartments,Omaha_MDU_Hamilton Apartments,1325 N 49TH AVE UNIT 1 OMAHA NE 68132,Property_County__c,,Douglas
006WR00000xwEwfYAE,OMAHA_MDU_1410 N 45th St_APTS,OMAHA_MDU_1410 N 45th St_APTS,1410 N 45TH ST UNIT 1 OMAHA NE 68132,Property_Street_Number__c,,1410
006WR00000xwEwfYAE,OMAHA_MDU_1410 N 45th St_APTS,OMAHA_MDU_1410 N 45th St_APTS,1410 N 45TH ST UNIT 1 OMAHA NE 68132,Property_Street__c,,N 45TH ST
006WR00000xwEwfYAE,OMAHA_MDU_1410 N 45th St_APTS,OMAHA_MDU_1410 N 45th St_APTS,1410 N 45TH ST UNIT 1 OMAHA NE 68132,Property_County__c,,Douglas
006WR00000xwEyHYAU,Omaha_MDU_Margaret Mae,Omaha_MDU_Margaret Mae,1806 MILITARY AVE UNIT 1 OMAHA NE 68111,Property_Street_Number__c,,1806
006WR00000xwEyHYAU,Omaha_MDU_Margaret Mae,Omaha_MDU_Margaret Mae,1806 MILITARY AVE UNIT 1 OMAHA NE 68111,Property_Street__c,,MILITARY AVE
006WR00000xwEyHYAU,Omaha_MDU_Margaret Mae,Omaha_MDU_Margaret Mae,1806 MILITARY AVE UNIT 1 OMAHA NE 68111,Property_County__c,,Douglas
006WR00000xwEztYAE,Omaha_MDU_Benson Gardens,Omaha_MDU_Benson Gardens,2019 BENSON GARDENS BLVD UNIT 1 OMAHA NE 68134,Property_Street_Number__c,,2019
006WR00000xwEztYAE,Omaha_MDU_Benson Gardens,Omaha_MDU_Benson Gardens,2019 BENSON GARDENS BLVD UNIT 1 OMAHA NE 68134,Property_Street__c,,BENSON GARDENS BLVD
006WR00000xwEzuYAE,Omaha_MDU_5314-5322 Corby St,Omaha_MDU_5314-5322 Corby St,5314 - 5318 CORBY ST UNIT 1 OMAHA NE 68104,Property_Street_Number__c,,5314
006WR00000xwEzuYAE,Omaha_MDU_5314-5322 Corby St,Omaha_MDU_5314-5322 Corby St,5314 - 5318 CORBY ST UNIT 1 OMAHA NE 68104,Property_Street__c,,- 5318 CORBY ST
006WR00000xwEzuYAE,Omaha_MDU_5314-5322 Corby St,Omaha_MDU_5314-5322 Corby St,5314 - 5318 CORBY ST UNIT 1 OMAHA NE 68104,Property_County__c,,Douglas
006WR00000xwF37YAE,Omaha_MDU_Sierra Place,Omaha_MDU_Sierra Place,2706 N 75TH ST UNIT 1 OMAHA NE 68134,Property_Street_Number__c,,2706
006WR00000xwF37YAE,Omaha_MDU_Sierra Place,Omaha_MDU_Sierra Place,2706 N 75TH ST UNIT 1 OMAHA NE 68134,Property_Street__c,,N 75TH ST
006WR00000xwF37YAE,Omaha_MDU_Sierra Place,Omaha_MDU_Sierra Place,2706 N 75TH ST UNIT 1 OMAHA NE 68134,Property_County__c,,Douglas
006WR00000xwF4jYAE,Omaha_MDU_2922 N 54th St Apartments,Omaha_MDU_2922 N 54th St Apartments,2922 N 54TH ST UNIT 1 OMAHA NE 68104,Property_Street_Number__c,,2922
006WR00000xwF4jYAE,Omaha_MDU_2922 N 54th St Apartments,Omaha_MDU_2922 N 54th St Apartments,2922 N 54TH ST UNIT 1 OMAHA NE 68104,Property_Street__c,,N 54TH ST
006WR00000xwF4jYAE,Omaha_MDU_2922 N 54th St Apartments,Omaha_MDU_2922 N 54th St Apartments,2922 N 54TH ST UNIT 1 OMAHA NE 68104,Property_County__c,,Douglas
006WR00000xwF6LYAU,Omaha_MDU_302 N 48th St,Omaha_MDU_302 N 48th St,302 N 48TH ST OMAHA NE 68132  Property Legal Address: 4804 DAVENPORT ST Arboretum Apartments,Property_Street_Number__c,,302
006WR00000xwF6LYAU,Omaha_MDU_302 N 48th St,Omaha_MDU_302 N 48th St,302 N 48TH ST OMAHA NE 68132  Property Legal Address: 4804 DAVENPORT ST Arboretum Apartments,Property_Street__c,,N 48TH ST OMAHA NE 68132  Property Legal Address: 4804 DAVENPORT ST Arboretum Apartments
006WR00000xwF6LYAU,Omaha_MDU_302 N 48th St,Omaha_MDU_302 N 48th St,302 N 48TH ST OMAHA NE 68132  Property Legal Address: 4804 DAVENPORT ST Arboretum Apartments,Property_County__c,,Douglas
006WR00000xwF7xYAE,Omaha_MDU_360 Skyview,Omaha_MDU_360 Skyview,3025 MEREDITH AVE UNIT 1 OMAHA NE 68111 Northside Apartments,Property_Street_Number__c,,3025
006WR00000xwF7xYAE,Omaha_MDU_360 Skyview,Omaha_MDU_360 Skyview,3025 MEREDITH AVE UNIT 1 OMAHA NE 68111 Northside Apartments,Property_Street__c,,MEREDITH AVE UNIT 1 OMAHA NE 68111 Northside Apartments
006WR00000xwF9ZYAU,Omaha_MDU_Arbor Creek Apartments,Omaha_MDU_Arbor Creek Apartments,345 S 78TH ST UNIT 1 OMAHA NE 68114,Property_Street_Number__c,,345
006WR00000xwF9ZYAU,Omaha_MDU_Arbor Creek Apartments,Omaha_MDU_Arbor Creek Apartments,345 S 78TH ST UNIT 1 OMAHA NE 68114,Property_Street__c,,S 78TH ST
006WR00000xwFBBYA2,Omaha_MDU_Fontenelle Cottages,Omaha_MDU_Fontenelle Cottages,3450 N 45TH CT OMAHA NE 68104,Property_Street_Number__c,,3450
006WR00000xwFBBYA2,Omaha_MDU_Fontenelle Cottages,Omaha_MDU_Fontenelle Cottages,3450 N 45TH CT OMAHA NE 68104,Property_Street__c,,N 45TH CT
006WR00000xwFBBYA2,Omaha_MDU_Fontenelle Cottages,Omaha_MDU_Fontenelle Cottages,3450 N 45TH CT OMAHA NE 68104,Property_County__c,,Douglas
006WR00000xwFCnYAM,Omaha_MDU_4015 HAMILTON ST,Omaha_MDU_4015 HAMILTON ST,4015 HAMILTON ST UNIT 1 OMAHA NE 68131,Property_Street_Number__c,,4015
006WR00000xwFCnYAM,Omaha_MDU_4015 HAMILTON ST,Omaha_MDU_4015 HAMILTON ST,4015 HAMILTON ST UNIT 1 OMAHA NE 68131,Property_Street__c,,HAMILTON ST
006WR00000xwFEPYA2,NE_Omaha_SA06_FDH37_MDU_ Egad LLC,NE_OMAHA_SA06_FDH37_MDU_ EGAD LLC,4020 IZARD ST UNIT 101 OMAHA NE 68131,Property_Street_Number__c,,4020
006WR00000xwFEPYA2,NE_Omaha_SA06_FDH37_MDU_ Egad LLC,NE_OMAHA_SA06_FDH37_MDU_ EGAD LLC,4020 IZARD ST UNIT 101 OMAHA NE 68131,Property_Street__c,,IZARD ST UNIT 101 OMAHA
006WR00000xwFG1YAM,Omaha_MDU_4114-4122 N 48th St Apartments,Omaha_MDU_4114-4122 N 48th St Apartments,4114 N 48TH ST UNIT 1 OMAHA NE 68104,Property_Street_Number__c,,4114
006WR00000xwFG1YAM,Omaha_MDU_4114-4122 N 48th St Apartments,Omaha_MDU_4114-4122 N 48th St Apartments,4114 N 48TH ST UNIT 1 OMAHA NE 68104,Property_Street__c,,N 48TH ST
006WR00000xwFG1YAM,Omaha_MDU_4114-4122 N 48th St Apartments,Omaha_MDU_4114-4122 N 48th St Apartments,4114 N 48TH ST UNIT 1 OMAHA NE 68104,Property_County__c,,Douglas
006WR00000xwFHdYAM,Omaha_MDU_417 N 49th St,Omaha_MDU_417 N 49th St,"413 N 49TH ST UNIT 1 OMAHA NE 68132 417, 415, 413 N 49th St. also on this parcel",Property_Street_Number__c,,413
006WR00000xwFHdYAM,Omaha_MDU_417 N 49th St,Omaha_MDU_417 N 49th St,"413 N 49TH ST UNIT 1 OMAHA NE 68132 417, 415, 413 N 49th St. also on this parcel",Property_Street__c,,N 49TH ST UNIT 1 OMAHA NE 68132 417
006WR00000xwFHdYAM,Omaha_MDU_417 N 49th St,Omaha_MDU_417 N 49th St,"413 N 49TH ST UNIT 1 OMAHA NE 68132 417, 415, 413 N 49th St. also on this parcel",Property_County__c,,Douglas
006WR00000xwFJFYA2,Omaha_MDU_4157 Hamilton St,Omaha_MDU_4157 Hamilton St,4157 HAMILTON ST UNIT 1 OMAHA NE 68131,Property_Street_Number__c,,4157
006WR00000xwFJFYA2,Omaha_MDU_4157 Hamilton St,Omaha_MDU_4157 Hamilton St,4157 HAMILTON ST UNIT 1 OMAHA NE 68131,Property_Street__c,,HAMILTON ST
006WR00000xwFJFYA2,Omaha_MDU_4157 Hamilton St,Omaha_MDU_4157 Hamilton St,4157 HAMILTON ST UNIT 1 OMAHA NE 68131,Property_County__c,,Douglas
006WR00000xwFMTYA2,Omaha_MDU_Birchwood Apts,Omaha_MDU_Birchwood Apts,4304 N 88TH PLZ OMAHA NE 68134,Property_Street_Number__c,,4304
006WR00000xwFMTYA2,Omaha_MDU_Birchwood Apts,Omaha_MDU_Birchwood Apts,4304 N 88TH PLZ OMAHA NE 68134,Property_Street__c,,N 88TH PLZ
006WR00000xwFO5YAM,Omaha_MDU_Rue Charles Apartments,Omaha_MDU_Rue Charles Apartments,4311 CHARLES ST UNIT 1 OMAHA NE 68131 Rue Charles Apartments,Property_Street_Number__c,,4311
006WR00000xwFO5YAM,Omaha_MDU_Rue Charles Apartments,Omaha_MDU_Rue Charles Apartments,4311 CHARLES ST UNIT 1 OMAHA NE 68131 Rue Charles Apartments,Property_Street__c,,CHARLES ST UNIT 1 OMAHA NE 68131 Rue Charles Apartments
006WR00000xwFO5YAM,Omaha_MDU_Rue Charles Apartments,Omaha_MDU_Rue Charles Apartments,4311 CHARLES ST UNIT 1 OMAHA NE 68131 Rue Charles Apartments,Property_County__c,,Douglas
006WR00000xwFPhYAM,Omaha_MDU_4313 N 65th St,Omaha_MDU_4313 N 65th St,4313 N 65TH ST UNIT 10 OMAHA NE 68104,Property_Street_Number__c,,4313
006WR00000xwFPhYAM,Omaha_MDU_4313 N 65th St,Omaha_MDU_4313 N 65th St,4313 N 65TH ST UNIT 10 OMAHA NE 68104,Property_Street__c,,N 65TH ST
006WR00000xwFRJYA2,Omaha_MDU_Benson Crest Apartments 1,Omaha_MDU_Benson Crest Apartments 1,4438 N 61ST ST UNIT 1 OMAHA NE 68104,Property_Street_Number__c,,4438
006WR00000xwFRJYA2,Omaha_MDU_Benson Crest Apartments 1,Omaha_MDU_Benson Crest Apartments 1,4438 N 61ST ST UNIT 1 OMAHA NE 68104,Property_Street__c,,N 61ST ST
006WR00000xwFSvYAM,Omaha_MDU_4455 Franklin St,Omaha_MDU_4455 Franklin St,4455 -4457 FRANKLIN ST UNIT 10 OMAHA NE 68111,Property_Street_Number__c,,4455
006WR00000xwFSvYAM,Omaha_MDU_4455 Franklin St,Omaha_MDU_4455 Franklin St,4455 -4457 FRANKLIN ST UNIT 10 OMAHA NE 68111,Property_Street__c,,-4457 FRANKLIN ST
006WR00000xwFUXYA2,OMAHA_MDU_Redman AVE APTS,OMAHA_MDU_Redman AVE APTS,4461 - 4479 Redman OMAHA NE 68111 4461 Redman Ave Apartments,Property_Street_Number__c,,4461
006WR00000xwFUXYA2,OMAHA_MDU_Redman AVE APTS,OMAHA_MDU_Redman AVE APTS,4461 - 4479 Redman OMAHA NE 68111 4461 Redman Ave Apartments,Property_Street__c,,- 4479 Redman OMAHA NE 68111 4461 Redman Ave Apartments
006WR00000xwFUXYA2,OMAHA_MDU_Redman AVE APTS,OMAHA_MDU_Redman AVE APTS,4461 - 4479 Redman OMAHA NE 68111 4461 Redman Ave Apartments,Property_County__c,,Douglas
006WR00000xwFW9YAM,Omaha_MDU_4505 Lafayette Ave Halford Apartments,Omaha_MDU_4505 Lafayette Ave Halford Apartments,4505 LAFAYETTE AVE UNIT 1 OMAHA NE 68132 4505 Lafayette Ave - Halford Apartments,Property_Street_Number__c,,4505
006WR00000xwFW9YAM,Omaha_MDU_4505 Lafayette Ave Halford Apartments,Omaha_MDU_4505 Lafayette Ave Halford Apartments,4505 LAFAYETTE AVE UNIT 1 OMAHA NE 68132 4505 Lafayette Ave - Halford Apartments,Property_Street__c,,LAFAYETTE AVE UNIT 1 OMAHA NE 68132 4505 Lafayette Ave - Halford Apartments
006WR00000xwFW9YAM,Omaha_MDU_4505 Lafayette Ave Halford Apartments,Omaha_MDU_4505 Lafayette Ave Halford Apartments,4505 LAFAYETTE AVE UNIT 1 OMAHA NE 68132 4505 Lafayette Ave - Halford Apartments,Property_County__c,,Douglas
006WR00000xwFXlYAM,Omaha_MDU_4509 Lafayette Ave,Omaha_MDU_4509 Lafayette Ave,4509 LAFAYETTE AVE UNIT 1 OMAHA NE 68132,Property_Street_Number__c,,4509
006WR00000xwFXlYAM,Omaha_MDU_4509 Lafayette Ave,Omaha_MDU_4509 Lafayette Ave,4509 LAFAYETTE AVE UNIT 1 OMAHA NE 68132,Property_Street__c,,LAFAYETTE AVE
006WR00000xwFXlYAM,Omaha_MDU_4509 Lafayette Ave,Omaha_MDU_4509 Lafayette Ave,4509 LAFAYETTE AVE UNIT 1 OMAHA NE 68132,Property_County__c,,Douglas
006WR00000xwFXmYAM,Omaha_MDU_818 N 46th St,Omaha_MDU_818 N 46th St,818 N 46TH ST UNIT 1 OMAHA NE 68132,Property_Street_Number__c,,818
006WR00000xwFXmYAM,Omaha_MDU_818 N 46th St,Omaha_MDU_818 N 46th St,818 N 46TH ST UNIT 1 OMAHA NE 68132,Property_Street__c,,N 46TH ST
006WR00000xwFXmYAM,Omaha_MDU_818 N 46th St,Omaha_MDU_818 N 46th St,818 N 46TH ST UNIT 1 OMAHA NE 68132,Property_County__c,,Douglas
006WR00000xwFZNYA2,Omaha_MDU_4513 Lafayette Ave,Omaha_MDU_4513 Lafayette Ave,4513 LAFAYETTE AVE UNIT 1 OMAHA NE 68132,Property_Street_Number__c,,4513
006WR00000xwFZNYA2,Omaha_MDU_4513 Lafayette Ave,Omaha_MDU_4513 Lafayette Ave,4513 LAFAYETTE AVE UNIT 1 OMAHA NE 68132,Property_Street__c,,LAFAYETTE AVE
006WR00000xwFZNYA2,Omaha_MDU_4513 Lafayette Ave,Omaha_MDU_4513 Lafayette Ave,4513 LAFAYETTE AVE UNIT 1 OMAHA NE 68132,Property_County__c,,Douglas
006WR00000xwFZOYA2,Omaha_MDU_Ames Row Houses,Omaha_MDU_Ames Row Houses,5801 FOWLER AVE UNIT 1 OMAHA NE 68104,Property_Street_Number__c,,5801
006WR00000xwFZOYA2,Omaha_MDU_Ames Row Houses,Omaha_MDU_Ames Row Houses,5801 FOWLER AVE UNIT 1 OMAHA NE 68104,Property_Street__c,,FOWLER AVE
006WR00000xwFZOYA2,Omaha_MDU_Ames Row Houses,Omaha_MDU_Ames Row Houses,5801 FOWLER AVE UNIT 1 OMAHA NE 68104,Property_County__c,,Douglas
006WR00000xwFazYAE,Omaha_MDU_4524 Lafayette Ave,Omaha_MDU_4524 Lafayette Ave,4524 LAFAYETTE AVE UNIT 1 OMAHA NE 68132 LAFAYETTE & NICHOLAS APARTMENT,Property_Street_Number__c,,4524
006WR00000xwFazYAE,Omaha_MDU_4524 Lafayette Ave,Omaha_MDU_4524 Lafayette Ave,4524 LAFAYETTE AVE UNIT 1 OMAHA NE 68132 LAFAYETTE & NICHOLAS APARTMENT,Property_Street__c,,LAFAYETTE AVE UNIT 1 OMAHA NE 68132 LAFAYETTE & NICHOLAS APARTMENT
006WR00000xwFazYAE,Omaha_MDU_4524 Lafayette Ave,Omaha_MDU_4524 Lafayette Ave,4524 LAFAYETTE AVE UNIT 1 OMAHA NE 68132 LAFAYETTE & NICHOLAS APARTMENT,Property_County__c,,Douglas
006WR00000xwFcbYAE,Omaha_MDU_4606 Redman Ave,Omaha_MDU_4606 Redman Ave,4602 REDMAN AVE UNIT 1 OMAHA NE 68104,Property_Street_Number__c,,4602
006WR00000xwFcbYAE,Omaha_MDU_4606 Redman Ave,Omaha_MDU_4606 Redman Ave,4602 REDMAN AVE UNIT 1 OMAHA NE 68104,Property_Street__c,,REDMAN AVE
006WR00000xwFeDYAU,Omaha_MDU_4611-4613 North 56th St,Omaha_MDU_4611-4613 North 56th St,4611 N 56TH ST UNIT 1 OMAHA NE 68104,Property_Street_Number__c,,4611
006WR00000xwFeDYAU,Omaha_MDU_4611-4613 North 56th St,Omaha_MDU_4611-4613 North 56th St,4611 N 56TH ST UNIT 1 OMAHA NE 68104,Property_Street__c,,N 56TH ST
006WR00000xwFeDYAU,Omaha_MDU_4611-4613 North 56th St,Omaha_MDU_4611-4613 North 56th St,4611 N 56TH ST UNIT 1 OMAHA NE 68104,Property_County__c,,Douglas
006WR00000xwFj3YAE,Omaha_MDU_4705 Burdette St,Omaha_MDU_4705 Burdette St,4701 BURDETTE ST UNIT 1 OMAHA NE 68104 Actual Property Address: 4705 Burdette St.,Property_Street_Number__c,,4701
006WR00000xwFj3YAE,Omaha_MDU_4705 Burdette St,Omaha_MDU_4705 Burdette St,4701 BURDETTE ST UNIT 1 OMAHA NE 68104 Actual Property Address: 4705 Burdette St.,Property_Street__c,,BURDETTE ST UNIT 1 OMAHA NE 68104 Actual Property Address: 4705 Burdette St.
006WR00000xwFj3YAE,Omaha_MDU_4705 Burdette St,Omaha_MDU_4705 Burdette St,4701 BURDETTE ST UNIT 1 OMAHA NE 68104 Actual Property Address: 4705 Burdette St.,Property_County__c,,Douglas
006WR00000xwFkfYAE,Omaha_MDU_4719-4723 Erskine St,Omaha_MDU_4719-4723 Erskine St,4719 ERSKINE ST UNIT 1 OMAHA NE 68104,Property_Street_Number__c,,4719
006WR00000xwFkfYAE,Omaha_MDU_4719-4723 Erskine St,Omaha_MDU_4719-4723 Erskine St,4719 ERSKINE ST UNIT 1 OMAHA NE 68104,Property_Street__c,,ERSKINE ST
006WR00000xwFkfYAE,Omaha_MDU_4719-4723 Erskine St,Omaha_MDU_4719-4723 Erskine St,4719 ERSKINE ST UNIT 1 OMAHA NE 68104,Property_County__c,,Douglas
006WR00000xwFmHYAU,Omaha_MDU_Roosevelt Apartments,Omaha_MDU_Roosevelt Apartments,4724 DAVENPORT ST UNIT 1 OMAHA NE 68132 Roosevelt Apartments,Property_Street_Number__c,,4724
006WR00000xwFmHYAU,Omaha_MDU_Roosevelt Apartments,Omaha_MDU_Roosevelt Apartments,4724 DAVENPORT ST UNIT 1 OMAHA NE 68132 Roosevelt Apartments,Property_Street__c,,DAVENPORT ST UNIT 1 OMAHA NE 68132 Roosevelt Apartments
006WR00000xwFmHYAU,Omaha_MDU_Roosevelt Apartments,Omaha_MDU_Roosevelt Apartments,4724 DAVENPORT ST UNIT 1 OMAHA NE 68132 Roosevelt Apartments,Property_County__c,,Douglas
006WR00000xwFntYAE,Omaha_MDU_Parkgate Apartments,Omaha_MDU_Parkgate Apartments,4728 & 4732 CASS ST UNIT 1 OMAHA NE 68132 4728 Cass St - Parkgate Apartments,Property_Street_Number__c,,4728
006WR00000xwFntYAE,Omaha_MDU_Parkgate Apartments,Omaha_MDU_Parkgate Apartments,4728 & 4732 CASS ST UNIT 1 OMAHA NE 68132 4728 Cass St - Parkgate Apartments,Property_Street__c,,& 4732 CASS ST UNIT 1 OMAHA NE 68132 4728 Cass St - Parkgate Apartments
006WR00000xwFntYAE,Omaha_MDU_Parkgate Apartments,Omaha_MDU_Parkgate Apartments,4728 & 4732 CASS ST UNIT 1 OMAHA NE 68132 4728 Cass St - Parkgate Apartments,Property_County__c,,Douglas
006WR00000xwFpVYAU,Omaha_MDU_4728-4730-4732 Chicago St,Omaha_MDU_4728-4730-4732 Chicago St,4728 CHICAGO ST UNIT 14 OMAHA NE 68132,Property_Street_Number__c,,4728
006WR00000xwFpVYAU,Omaha_MDU_4728-4730-4732 Chicago St,Omaha_MDU_4728-4730-4732 Chicago St,4728 CHICAGO ST UNIT 14 OMAHA NE 68132,Property_Street__c,,CHICAGO ST
006WR00000xwFpVYAU,Omaha_MDU_4728-4730-4732 Chicago St,Omaha_MDU_4728-4730-4732 Chicago St,4728 CHICAGO ST UNIT 14 OMAHA NE 68132,Property_County__c,,Douglas
006WR00000xwFsjYAE,Omaha_MDU_4752 NICHOLAS ST,Omaha_MDU_4752 NICHOLAS ST,4752 NICHOLAS ST UNIT 1 OMAHA NE 68132,Property_Street_Number__c,,4752
006WR00000xwFsjYAE,Omaha_MDU_4752 NICHOLAS ST,Omaha_MDU_4752 NICHOLAS ST,4752 NICHOLAS ST UNIT 1 OMAHA NE 68132,Property_Street__c,,NICHOLAS ST
006WR00000xwFsjYAE,Omaha_MDU_4752 NICHOLAS ST,Omaha_MDU_4752 NICHOLAS ST,4752 NICHOLAS ST UNIT 1 OMAHA NE 68132,Property_County__c,,Douglas
006WR00000xwFvxYAE,Omaha_MDU_4811 Chicago St,Omaha_MDU_4811 Chicago St,4811 CHICAGO ST UNIT 1A OMAHA NE 68132 4811 Chicago St - Tiffany Tower Apartments,Property_Street_Number__c,,4811
006WR00000xwFvxYAE,Omaha_MDU_4811 Chicago St,Omaha_MDU_4811 Chicago St,4811 CHICAGO ST UNIT 1A OMAHA NE 68132 4811 Chicago St - Tiffany Tower Apartments,Property_Street__c,,CHICAGO ST UNIT 1A OMAHA NE 68132 4811 Chicago St - Tiffany Tower Apartments
006WR00000xwFvxYAE,Omaha_MDU_4811 Chicago St,Omaha_MDU_4811 Chicago St,4811 CHICAGO ST UNIT 1A OMAHA NE 68132 4811 Chicago St - Tiffany Tower Apartments,Property_County__c,,Douglas
006WR00000xwFvyYAE,Killeen_MDU_Twin Apartments,Killeen_MDU_Twin Apartments,1808 N 8TH ST UNIT A KILLEEN TX 76541,Property_Street_Number__c,,1808
006WR00000xwFvyYAE,Killeen_MDU_Twin Apartments,Killeen_MDU_Twin Apartments,1808 N 8TH ST UNIT A KILLEEN TX 76541,Property_Street__c,,N 8TH ST
006WR00000xwFvyYAE,Killeen_MDU_Twin Apartments,Killeen_MDU_Twin Apartments,1808 N 8TH ST UNIT A KILLEEN TX 76541,Property_County__c,,Bell
006WR00000xwFzBYAU,Omaha_MDU_Taylor Apartments,Omaha_MDU_Taylor Apartments,4852 TAYLOR ST UNIT 1 OMAHA NE 68104,Property_Street_Number__c,,4852
006WR00000xwFzBYAU,Omaha_MDU_Taylor Apartments,Omaha_MDU_Taylor Apartments,4852 TAYLOR ST UNIT 1 OMAHA NE 68104,Property_Street__c,,TAYLOR ST
006WR00000xwG0nYAE,Omaha_MDU_4904 Davenport St,Omaha_MDU_4904 Davenport St,4904 DAVENPORT ST UNIT 1 OMAHA NE 68132,Property_Street_Number__c,,4904
006WR00000xwG0nYAE,Omaha_MDU_4904 Davenport St,Omaha_MDU_4904 Davenport St,4904 DAVENPORT ST UNIT 1 OMAHA NE 68132,Property_Street__c,,DAVENPORT ST
006WR00000xwG0nYAE,Omaha_MDU_4904 Davenport St,Omaha_MDU_4904 Davenport St,4904 DAVENPORT ST UNIT 1 OMAHA NE 68132,Property_County__c,,Douglas
006WR00000xwG41YAE,Omaha_MDU_Venice Apartments,Omaha_MDU_Venice Apartments,4916 CALIFORNIA ST UNIT 1 OMAHA NE 68132,Property_Street_Number__c,,4916
006WR00000xwG41YAE,Omaha_MDU_Venice Apartments,Omaha_MDU_Venice Apartments,4916 CALIFORNIA ST UNIT 1 OMAHA NE 68132,Property_Street__c,,CALIFORNIA ST
006WR00000xwG41YAE,Omaha_MDU_Venice Apartments,Omaha_MDU_Venice Apartments,4916 CALIFORNIA ST UNIT 1 OMAHA NE 68132,Property_County__c,,Douglas
006WR00000xwG5dYAE,Omaha_MDU_4955-4957 Cuming St,Omaha_MDU_4955-4957 Cuming St,4955 -4957 CUMING ST UNIT 1 OMAHA NE 68132 4955 Cuming St - Dundee Arms Apartments,Property_Street_Number__c,,4955
006WR00000xwG5dYAE,Omaha_MDU_4955-4957 Cuming St,Omaha_MDU_4955-4957 Cuming St,4955 -4957 CUMING ST UNIT 1 OMAHA NE 68132 4955 Cuming St - Dundee Arms Apartments,Property_Street__c,,-4957 CUMING ST UNIT 1 OMAHA NE 68132 4955 Cuming St - Dundee Arms Apartments
006WR00000xwG5dYAE,Omaha_MDU_4955-4957 Cuming St,Omaha_MDU_4955-4957 Cuming St,4955 -4957 CUMING ST UNIT 1 OMAHA NE 68132 4955 Cuming St - Dundee Arms Apartments,Property_County__c,,Douglas
006WR00000xwG7FYAU,Omaha_MDU_Ellington Apartments,Omaha_MDU_Ellington Apartments,4960 NW RADIAL HWY UNIT 10 OMAHA NE 68104 4960 NW Radial Hwy - Ellington Apartments,Property_Street_Number__c,,4960
006WR00000xwG7FYAU,Omaha_MDU_Ellington Apartments,Omaha_MDU_Ellington Apartments,4960 NW RADIAL HWY UNIT 10 OMAHA NE 68104 4960 NW Radial Hwy - Ellington Apartments,Property_Street__c,,NW RADIAL HWY UNIT 10 OMAHA NE 68104 4960 NW Radial Hwy - Ellington Apartments
006WR00000xwG8rYAE,Omaha_MDU_5005-5007 California St,Omaha_MDU_5005-5007 California St,5005 - 5007 CALIFORNIA ST UNIT 1 OMAHA NE 68132 5005 California St - California Court Apartments,Property_Street_Number__c,,5005
006WR00000xwG8rYAE,Omaha_MDU_5005-5007 California St,Omaha_MDU_5005-5007 California St,5005 - 5007 CALIFORNIA ST UNIT 1 OMAHA NE 68132 5005 California St - California Court Apartments,Property_Street__c,,- 5007 CALIFORNIA ST UNIT 1 OMAHA NE 68132 5005 California St - California Court Apartments
006WR00000xwG8rYAE,Omaha_MDU_5005-5007 California St,Omaha_MDU_5005-5007 California St,5005 - 5007 CALIFORNIA ST UNIT 1 OMAHA NE 68132 5005 California St - California Court Apartments,Property_County__c,,Douglas
006WR00000xwGATYA2,Omaha_MDU_California Place,Omaha_MDU_California Place,5006 CALIFORNIA ST UNIT 1 OMAHA NE 68132 5006 California St - California Place Apartments,Property_Street_Number__c,,5006
006WR00000xwGATYA2,Omaha_MDU_California Place,Omaha_MDU_California Place,5006 CALIFORNIA ST UNIT 1 OMAHA NE 68132 5006 California St - California Place Apartments,Property_Street__c,,CALIFORNIA ST UNIT 1 OMAHA NE 68132 5006 California St - California Place Apartments
006WR00000xwGC5YAM,NE_Omaha_SA12_FDH26_PA12,NE_OMAHA_SA12_FDH26_PA12,5017 UNDERWOOD AVE UNIT 1 OMAHA NE 68132  -  Roycroft At Dundee The Condominiums,Property_Street_Number__c,,5017
006WR00000xwGC5YAM,NE_Omaha_SA12_FDH26_PA12,NE_OMAHA_SA12_FDH26_PA12,5017 UNDERWOOD AVE UNIT 1 OMAHA NE 68132  -  Roycroft At Dundee The Condominiums,Property_Street__c,,UNDERWOOD AVE UNIT 1 OMAHA NE 68132  -  Roycroft At Dundee The Condominiums
006WR00000xwGDhYAM,Omaha_MDU_5102 Capital Ave,Omaha_MDU_5102 Capital Ave,5102 CAPITOL AVE UNIT 1 OMAHA NE 68132 Actural Address 5106 Capital Ave Glen Arlo Apts,Property_Street_Number__c,,5102
006WR00000xwGDhYAM,Omaha_MDU_5102 Capital Ave,Omaha_MDU_5102 Capital Ave,5102 CAPITOL AVE UNIT 1 OMAHA NE 68132 Actural Address 5106 Capital Ave Glen Arlo Apts,Property_Street__c,,CAPITOL AVE UNIT 1 OMAHA NE 68132 Actural Address 5106 Capital Ave Glen Arlo
006WR00000xwGDhYAM,Omaha_MDU_5102 Capital Ave,Omaha_MDU_5102 Capital Ave,5102 CAPITOL AVE UNIT 1 OMAHA NE 68132 Actural Address 5106 Capital Ave Glen Arlo Apts,Property_County__c,,Douglas
006WR00000xwGFJYA2,Omaha_MDU_Park Lane Apartments,Omaha_MDU_Park Lane Apartments,5204 N 60TH ST UNIT 1 OMAHA NE 68104 Actual Address of property: 6006 Park Lane Dr - Avidian,Property_Street_Number__c,,5204
006WR00000xwGFJYA2,Omaha_MDU_Park Lane Apartments,Omaha_MDU_Park Lane Apartments,5204 N 60TH ST UNIT 1 OMAHA NE 68104 Actual Address of property: 6006 Park Lane Dr - Avidian,Property_Street__c,,N 60TH ST UNIT 1 OMAHA NE 68104 Actual Address of property: 6006 Park Lane Dr - Avidian
006WR00000xwGFJYA2,Omaha_MDU_Park Lane Apartments,Omaha_MDU_Park Lane Apartments,5204 N 60TH ST UNIT 1 OMAHA NE 68104 Actual Address of property: 6006 Park Lane Dr - Avidian,Property_County__c,,Douglas
006WR00000xwGIXYA2,Omaha_MDU_6303 Taylor Cir,Omaha_MDU_6303 Taylor Cir,6303 TAYLOR CIR UNIT 1 OMAHA NE 68104,Property_Street_Number__c,,6303
006WR00000xwGIXYA2,Omaha_MDU_6303 Taylor Cir,Omaha_MDU_6303 Taylor Cir,6303 TAYLOR CIR UNIT 1 OMAHA NE 68104,Property_Street__c,,TAYLOR CIR
006WR00000xwGK9YAM,Omaha_MDU_6414 Boyd St,Omaha_MDU_6414 Boyd St,6414 BOYD ST UNIT 10 OMAHA NE 68104,Property_Street_Number__c,,6414
006WR00000xwGK9YAM,Omaha_MDU_6414 Boyd St,Omaha_MDU_6414 Boyd St,6414 BOYD ST UNIT 10 OMAHA NE 68104,Property_Street__c,,BOYD ST
006WR00000xwGLlYAM,OMAHA_MDU_6569-6571 Military Ave APTS,OMAHA_MDU_6569-6571 Military Ave APTS,6569 MILITARY AVE UNIT 1 OMAHA NE 68104,Property_Street_Number__c,,6569
006WR00000xwGLlYAM,OMAHA_MDU_6569-6571 Military Ave APTS,OMAHA_MDU_6569-6571 Military Ave APTS,6569 MILITARY AVE UNIT 1 OMAHA NE 68104,Property_Street__c,,MILITARY AVE
006WR00000xwGLlYAM,OMAHA_MDU_6569-6571 Military Ave APTS,OMAHA_MDU_6569-6571 Military Ave APTS,6569 MILITARY AVE UNIT 1 OMAHA NE 68104,Property_County__c,,Douglas
006WR00000xwGOzYAM,Omaha_MDU_706 N 50th St,Omaha_MDU_706 N 50th St,706 N 50TH ST UNIT 1 OMAHA NE 68132 Fairview Apartments Dundee,Property_Street_Number__c,,706
006WR00000xwGOzYAM,Omaha_MDU_706 N 50th St,Omaha_MDU_706 N 50th St,706 N 50TH ST UNIT 1 OMAHA NE 68132 Fairview Apartments Dundee,Property_Street__c,,N 50TH ST UNIT 1 OMAHA NE 68132 Fairview Apartments Dundee
006WR00000xwGOzYAM,Omaha_MDU_706 N 50th St,Omaha_MDU_706 N 50th St,706 N 50TH ST UNIT 1 OMAHA NE 68132 Fairview Apartments Dundee,Property_County__c,,Douglas
006WR00000xwGQbYAM,Omaha_MDU_821 N 47th St,Omaha_MDU_821 N 47th St,821 N 47TH ST UNIT 1 OMAHA NE 68132 Whittier Apartments,Property_Street_Number__c,,821
006WR00000xwGQbYAM,Omaha_MDU_821 N 47th St,Omaha_MDU_821 N 47th St,821 N 47TH ST UNIT 1 OMAHA NE 68132 Whittier Apartments,Property_Street__c,,N 47TH ST UNIT 1 OMAHA NE 68132 Whittier Apartments
006WR00000xwGQbYAM,Omaha_MDU_821 N 47th St,Omaha_MDU_821 N 47th St,821 N 47TH ST UNIT 1 OMAHA NE 68132 Whittier Apartments,Property_County__c,,Douglas
006WR00000xwGSDYA2,Omaha_MDU_St Frances Apartments,Omaha_MDU_St Frances Apartments,8921 CUMING ST OMAHA NE 68114,Property_Street_Number__c,,8921
006WR00000xwGSDYA2,Omaha_MDU_St Frances Apartments,Omaha_MDU_St Frances Apartments,8921 CUMING ST OMAHA NE 68114,Property_Street__c,,CUMING ST
006WR00000xwGTpYAM,Omaha_MDU_915 N 48TH ST,Omaha_MDU_915 N 48TH ST,915 N 48TH ST UNIT 10 OMAHA NE 68132,Property_Street_Number__c,,915
006WR00000xwGTpYAM,Omaha_MDU_915 N 48TH ST,Omaha_MDU_915 N 48TH ST,915 N 48TH ST UNIT 10 OMAHA NE 68132,Property_Street__c,,N 48TH ST
006WR00000xwGTpYAM,Omaha_MDU_915 N 48TH ST,Omaha_MDU_915 N 48TH ST,915 N 48TH ST UNIT 10 OMAHA NE 68132,Property_County__c,,Douglas
006WR00000xwGYfYAM,Killeen_MDU_119-111 N College St,Killeen_MDU_119-111 N College St,1019 N COLLEGE ST UNIT 1 KILLEEN TX 76541,Property_Street_Number__c,,1019
006WR00000xwGYfYAM,Killeen_MDU_119-111 N College St,Killeen_MDU_119-111 N College St,1019 N COLLEGE ST UNIT 1 KILLEEN TX 76541,Property_Street__c,,N COLLEGE ST
006WR00000xwGaHYAU,Harker Heights_MDU_Village Apts,Harker Heights_MDU_Village Apts,104 E CARDINAL LN UNIT 1 HARKER HEIGHTS TX 76548,Property_Street_Number__c,,104
006WR00000xwGaHYAU,Harker Heights_MDU_Village Apts,Harker Heights_MDU_Village Apts,104 E CARDINAL LN UNIT 1 HARKER HEIGHTS TX 76548,Property_Street__c,,E CARDINAL LN
006WR00000xwGaHYAU,Harker Heights_MDU_Village Apts,Harker Heights_MDU_Village Apts,104 E CARDINAL LN UNIT 1 HARKER HEIGHTS TX 76548,Property_County__c,,Bell
006WR00000xwGbtYAE,Killeen_MDU_Fairway Park,Killeen_MDU_Fairway Park,1104 GARTH DR UNIT 1 KILLEEN TX 76541,Property_Street_Number__c,,1104
006WR00000xwGbtYAE,Killeen_MDU_Fairway Park,Killeen_MDU_Fairway Park,1104 GARTH DR UNIT 1 KILLEEN TX 76541,Property_Street__c,,GARTH DR
006WR00000xwGbtYAE,Killeen_MDU_Fairway Park,Killeen_MDU_Fairway Park,1104 GARTH DR UNIT 1 KILLEEN TX 76541,Property_County__c,,Bell
006WR00000xwGdVYAU,HARKER HEIGHTS_MDU_JR's_Trailer_Park,HARKER HEIGHTS_MDU_JR's_Trailer_Park,117 E BALL RD UNIT 1 HARKER HEIGHTS TX 76548,Property_Street_Number__c,,117
006WR00000xwGdVYAU,HARKER HEIGHTS_MDU_JR's_Trailer_Park,HARKER HEIGHTS_MDU_JR's_Trailer_Park,117 E BALL RD UNIT 1 HARKER HEIGHTS TX 76548,Property_Street__c,,E BALL RD
006WR00000xwGdVYAU,HARKER HEIGHTS_MDU_JR's_Trailer_Park,HARKER HEIGHTS_MDU_JR's_Trailer_Park,117 E BALL RD UNIT 1 HARKER HEIGHTS TX 76548,Property_County__c,,Bell
006WR00000xwGgjYAE,Jarrell_MDU_Rock Terrace Apartments,Jarrell_MDU_Rock Terrace Apartments,13100 N INTERSTATE 35 UNIT 1 JARRELL TX 76537,Property_Street_Number__c,,13100
006WR00000xwGgjYAE,Jarrell_MDU_Rock Terrace Apartments,Jarrell_MDU_Rock Terrace Apartments,13100 N INTERSTATE 35 UNIT 1 JARRELL TX 76537,Property_Street__c,,N INTERSTATE 35
006WR00000xwGgjYAE,Jarrell_MDU_Rock Terrace Apartments,Jarrell_MDU_Rock Terrace Apartments,13100 N INTERSTATE 35 UNIT 1 JARRELL TX 76537,Property_County__c,,Williamson
006WR00000xwGiLYAU,Killeen_MDU_Gray St North Apartments,Killeen_MDU_Gray St North Apartments,1405 N GRAY ST UNIT 1 KILLEEN TX 76541,Property_Street_Number__c,,1405
006WR00000xwGiLYAU,Killeen_MDU_Gray St North Apartments,Killeen_MDU_Gray St North Apartments,1405 N GRAY ST UNIT 1 KILLEEN TX 76541,Property_Street__c,,N GRAY ST
006WR00000xwGiLYAU,Killeen_MDU_Gray St North Apartments,Killeen_MDU_Gray St North Apartments,1405 N GRAY ST UNIT 1 KILLEEN TX 76541,Property_County__c,,Bell
006WR00000xwGlZYAU,Rhome_MDU_Rhome Apartments,Rhome_MDU_Rhome Apartments,175 LOGAN CT UNIT 1 RHOME TX 76078,Property_Street_Number__c,,175
006WR00000xwGlZYAU,Rhome_MDU_Rhome Apartments,Rhome_MDU_Rhome Apartments,175 LOGAN CT UNIT 1 RHOME TX 76078,Property_Street__c,,LOGAN CT
006WR00000xwGlZYAU,Rhome_MDU_Rhome Apartments,Rhome_MDU_Rhome Apartments,175 LOGAN CT UNIT 1 RHOME TX 76078,Property_County__c,,Wise
006WR00000xwGnBYAU,Killeen_MDU_201 W Green Ave,Killeen_MDU_201 W Green Ave,201 W GREEN AVE UNIT 1 KILLEEN TX 76541,Property_Street_Number__c,,201
006WR00000xwGnBYAU,Killeen_MDU_201 W Green Ave,Killeen_MDU_201 W Green Ave,201 W GREEN AVE UNIT 1 KILLEEN TX 76541,Property_Street__c,,W GREEN AVE
006WR00000xwGnBYAU,Killeen_MDU_201 W Green Ave,Killeen_MDU_201 W Green Ave,201 W GREEN AVE UNIT 1 KILLEEN TX 76541,Property_County__c,,Bell
006WR00000xwGqPYAU,Killeen_MDU_204 E Harrison Ave,Killeen_MDU_204 E Harrison Ave,204 E HARRISON AVE UNIT 1 KILLEEN TX 76541,Property_Street_Number__c,,204
006WR00000xwGqPYAU,Killeen_MDU_204 E Harrison Ave,Killeen_MDU_204 E Harrison Ave,204 E HARRISON AVE UNIT 1 KILLEEN TX 76541,Property_Street__c,,E HARRISON AVE
006WR00000xwGqPYAU,Killeen_MDU_204 E Harrison Ave,Killeen_MDU_204 E Harrison Ave,204 E HARRISON AVE UNIT 1 KILLEEN TX 76541,Property_County__c,,Bell
006WR00000xwGs1YAE,Taylor_MDU_Tejas Apartments,Taylor_MDU_Tejas Apartments,2106 HOLLY SPRINGS DR UNIT 1 TAYLOR TX 76574,Property_Street_Number__c,,2106
006WR00000xwGs1YAE,Taylor_MDU_Tejas Apartments,Taylor_MDU_Tejas Apartments,2106 HOLLY SPRINGS DR UNIT 1 TAYLOR TX 76574,Property_Street__c,,HOLLY SPRINGS DR
006WR00000xwGs1YAE,Taylor_MDU_Tejas Apartments,Taylor_MDU_Tejas Apartments,2106 HOLLY SPRINGS DR UNIT 1 TAYLOR TX 76574,Property_County__c,,Williamson
006WR00000xwGtdYAE,HARKER HEIGHTS_MDU_Cedar_Knob_RD MHP,HARKER HEIGHTS_MDU_Cedar_Knob_RD MHP,2913 CEDAR KNOB RD UNIT 2 HARKER HEIGHTS TX 76548,Property_Street_Number__c,,2913
006WR00000xwGtdYAE,HARKER HEIGHTS_MDU_Cedar_Knob_RD MHP,HARKER HEIGHTS_MDU_Cedar_Knob_RD MHP,2913 CEDAR KNOB RD UNIT 2 HARKER HEIGHTS TX 76548,Property_Street__c,,CEDAR KNOB RD
006WR00000xwGtdYAE,HARKER HEIGHTS_MDU_Cedar_Knob_RD MHP,HARKER HEIGHTS_MDU_Cedar_Knob_RD MHP,2913 CEDAR KNOB RD UNIT 2 HARKER HEIGHTS TX 76548,Property_County__c,,Bell
006WR00000xwGvFYAU,Killeen_MDU_Tee Top Apartments,Killeen_MDU_Tee Top Apartments,310 N GILMER ST UNIT 1 KILLEEN TX 76541,Property_Street_Number__c,,310
006WR00000xwGvFYAU,Killeen_MDU_Tee Top Apartments,Killeen_MDU_Tee Top Apartments,310 N GILMER ST UNIT 1 KILLEEN TX 76541,Property_Street__c,,N GILMER ST
006WR00000xwGvFYAU,Killeen_MDU_Tee Top Apartments,Killeen_MDU_Tee Top Apartments,310 N GILMER ST UNIT 1 KILLEEN TX 76541,Property_County__c,,Bell
006WR00000xwGwrYAE,Killeen_MDU_Magnolia Heights,Killeen_MDU_Magnolia Heights,310 S 10TH ST UNIT 1 KILLEEN TX 76541,Property_Street_Number__c,,310
006WR00000xwGwrYAE,Killeen_MDU_Magnolia Heights,Killeen_MDU_Magnolia Heights,310 S 10TH ST UNIT 1 KILLEEN TX 76541,Property_Street__c,,S 10TH ST
006WR00000xwGwrYAE,Killeen_MDU_Magnolia Heights,Killeen_MDU_Magnolia Heights,310 S 10TH ST UNIT 1 KILLEEN TX 76541,Property_County__c,,Bell
006WR00000xwH1hYAE,Killeen_MDU_400-404 Liberty St,Killeen_MDU_400-404 Liberty St,402 LIBERTY ST UNIT 101 KILLEEN TX 76543,Property_Street_Number__c,,402
006WR00000xwH1hYAE,Killeen_MDU_400-404 Liberty St,Killeen_MDU_400-404 Liberty St,402 LIBERTY ST UNIT 101 KILLEEN TX 76543,Property_Street__c,,LIBERTY ST
006WR00000xwH1hYAE,Killeen_MDU_400-404 Liberty St,Killeen_MDU_400-404 Liberty St,402 LIBERTY ST UNIT 101 KILLEEN TX 76543,Property_County__c,,Bell
006WR00000xwH3JYAU,Killeen_MDU_12th Street Apartments,Killeen_MDU_12th Street Apartments,403 N 12TH ST UNIT 1 KILLEEN TX 76541,Property_Street_Number__c,,403
006WR00000xwH3JYAU,Killeen_MDU_12th Street Apartments,Killeen_MDU_12th Street Apartments,403 N 12TH ST UNIT 1 KILLEEN TX 76541,Property_Street__c,,N 12TH ST
006WR00000xwH3JYAU,Killeen_MDU_12th Street Apartments,Killeen_MDU_12th Street Apartments,403 N 12TH ST UNIT 1 KILLEEN TX 76541,Property_County__c,,Bell
006WR00000xwH4vYAE,Killeen_MDU_Summit Heights Apts,Killeen_MDU_Summit Heights Apts,411 E CENTRAL TEXAS EXPY UNIT 1 KILLEEN TX 76541,Property_Street_Number__c,,411
006WR00000xwH4vYAE,Killeen_MDU_Summit Heights Apts,Killeen_MDU_Summit Heights Apts,411 E CENTRAL TEXAS EXPY UNIT 1 KILLEEN TX 76541,Property_Street__c,,E CENTRAL TEXAS EXPY
006WR00000xwH4vYAE,Killeen_MDU_Summit Heights Apts,Killeen_MDU_Summit Heights Apts,411 E CENTRAL TEXAS EXPY UNIT 1 KILLEEN TX 76541,Property_County__c,,Bell
006WR00000xwH89YAE,Killeen_MDU_425 N Gilmer St,Killeen_MDU_425 N Gilmer St,425 N GILMER ST UNIT 1 KILLEEN TX 76541,Property_Street_Number__c,,425
006WR00000xwH89YAE,Killeen_MDU_425 N Gilmer St,Killeen_MDU_425 N Gilmer St,425 N GILMER ST UNIT 1 KILLEEN TX 76541,Property_Street__c,,N GILMER ST
006WR00000xwH89YAE,Killeen_MDU_425 N Gilmer St,Killeen_MDU_425 N Gilmer St,425 N GILMER ST UNIT 1 KILLEEN TX 76541,Property_County__c,,Bell
006WR00000xwH9lYAE,Killeen_MDU_5 W Rancier Ave,Killeen_MDU_5 W Rancier Ave,500 W RANCIER AVE BLDG 2 KILLEEN TX 76541,Property_Street_Number__c,,500
006WR00000xwH9lYAE,Killeen_MDU_5 W Rancier Ave,Killeen_MDU_5 W Rancier Ave,500 W RANCIER AVE BLDG 2 KILLEEN TX 76541,Property_Street__c,,W RANCIER AVE
006WR00000xwHBNYA2,Harker Heights_MDU_506-508 E Beeline Ln,Harker Heights_MDU_506-508 E Beeline Ln,506 E BEELINE LN UNIT 1 HARKER HEIGHTS TX 76548,Property_Street_Number__c,,506
006WR00000xwHBNYA2,Harker Heights_MDU_506-508 E Beeline Ln,Harker Heights_MDU_506-508 E Beeline Ln,506 E BEELINE LN UNIT 1 HARKER HEIGHTS TX 76548,Property_Street__c,,E BEELINE LN
006WR00000xwHBNYA2,Harker Heights_MDU_506-508 E Beeline Ln,Harker Heights_MDU_506-508 E Beeline Ln,506 E BEELINE LN UNIT 1 HARKER HEIGHTS TX 76548,Property_County__c,,Bell
006WR00000xwHCzYAM,Killeen_MDU_601 Harbour Ave,Killeen_MDU_601 Harbour Ave,601 HARBOUR AVE UNIT 101 KILLEEN TX 76541,Property_Street_Number__c,,601
006WR00000xwHCzYAM,Killeen_MDU_601 Harbour Ave,Killeen_MDU_601 Harbour Ave,601 HARBOUR AVE UNIT 101 KILLEEN TX 76541,Property_Street__c,,HARBOUR AVE
006WR00000xwHHpYAM,Killeen_MDU_Downtown Manor,Killeen_MDU_Downtown Manor,603 HALL AVE UNIT 101 KILLEEN TX 76541,Property_Street_Number__c,,603
006WR00000xwHHpYAM,Killeen_MDU_Downtown Manor,Killeen_MDU_Downtown Manor,603 HALL AVE UNIT 101 KILLEEN TX 76541,Property_Street__c,,HALL AVE
006WR00000xwHHpYAM,Killeen_MDU_Downtown Manor,Killeen_MDU_Downtown Manor,603 HALL AVE UNIT 101 KILLEEN TX 76541,Property_County__c,,Bell
006WR00000xwHJRYA2,Killeen_MDU_703 Gilmer Street Apartments,Killeen_MDU_703 Gilmer Street Apartments,703 N GILMER ST UNIT 101 KILLEEN TX 76541,Property_Street_Number__c,,703
006WR00000xwHJRYA2,Killeen_MDU_703 Gilmer Street Apartments,Killeen_MDU_703 Gilmer Street Apartments,703 N GILMER ST UNIT 101 KILLEEN TX 76541,Property_Street__c,,N GILMER ST
006WR00000xwHJRYA2,Killeen_MDU_703 Gilmer Street Apartments,Killeen_MDU_703 Gilmer Street Apartments,703 N GILMER ST UNIT 101 KILLEEN TX 76541,Property_County__c,,Bell
006WR00000xwHOHYA2,Killeen_MDU_809 Root Ave,Killeen_MDU_809 Root Ave,809 ROOT AVE UNIT 1 KILLEEN TX 76541,Property_Street_Number__c,,809
006WR00000xwHOHYA2,Killeen_MDU_809 Root Ave,Killeen_MDU_809 Root Ave,809 ROOT AVE UNIT 1 KILLEEN TX 76541,Property_Street__c,,ROOT AVE
006WR00000xwHOHYA2,Killeen_MDU_809 Root Ave,Killeen_MDU_809 Root Ave,809 ROOT AVE UNIT 1 KILLEEN TX 76541,Property_County__c,,Bell
006WR00000xwHPtYAM,Georgetown_MDU_Mid-Century Park,Georgetown_MDU_Mid-Century Park,900 E 13TH ST UNIT 101 GEORGETOWN TX 78626,Property_Street_Number__c,,900
006WR00000xwHPtYAM,Georgetown_MDU_Mid-Century Park,Georgetown_MDU_Mid-Century Park,900 E 13TH ST UNIT 101 GEORGETOWN TX 78626,Property_Street__c,,E 13TH ST
006WR00000xwHPtYAM,Georgetown_MDU_Mid-Century Park,Georgetown_MDU_Mid-Century Park,900 E 13TH ST UNIT 101 GEORGETOWN TX 78626,Property_County__c,,Williamson
006WR00000xwHRVYA2,Killeen_MDU_East Gate Apartments,Killeen_MDU_East Gate Apartments,925 W RANCIER AVE UNIT 1 KILLEEN TX 76541,Property_Street_Number__c,,925
006WR00000xwHRVYA2,Killeen_MDU_East Gate Apartments,Killeen_MDU_East Gate Apartments,925 W RANCIER AVE UNIT 1 KILLEEN TX 76541,Property_Street__c,,W RANCIER AVE
006WR00000y2FzkYAE,Omaha_MDU_4760 LAFAYETTE AVE,Omaha_MDU_4760 LAFAYETTE AVE,"4760 LAFAYETTE AVE Omaha, NE 68132",Property_Street_Number__c,,4760
006WR00000y2FzkYAE,Omaha_MDU_4760 LAFAYETTE AVE,Omaha_MDU_4760 LAFAYETTE AVE,"4760 LAFAYETTE AVE Omaha, NE 68132",Property_Street__c,,LAFAYETTE AVE Omaha
006WR00000y3J0LYAU,Omaha_MDU_5004 Davenport St,Omaha_MDU_5004 Davenport St,"5004 Davenport St Omaha, NE 68132",Property_Street_Number__c,,5004
006WR00000y3J0LYAU,Omaha_MDU_5004 Davenport St,Omaha_MDU_5004 Davenport St,"5004 Davenport St Omaha, NE 68132",Property_Street__c,,Davenport St Omaha
006WR00000y4ekIYAQ,Mineral Wells_MDU_Shady Oak Circle Housing,Mineral Wells_MDU_Shady Oak Circle Housing,"Shady Oak Cir, Mineral Wells, TX",Property_Street__c,,Shady Oak Cir
006WR00000ytiKQYAY,Pelican Ridge,,2381 Via Pelicano,Property_Street_Number__c,,2381
006WR00000ytiKQYAY,Pelican Ridge,,2381 Via Pelicano,Property_Street__c,,Via Pelicano
006WR00000ytrE5YAI,Trailer Rancho Mobile,,1549 N Vulcan Ave,Property_Street_Number__c,,1549
006WR00000ytrE5YAI,Trailer Rancho Mobile,,1549 N Vulcan Ave,Property_Street__c,,N Vulcan Ave
006WR00000yuOtDYAU,Pacifica Leucadia HOA,Encinitas_MDU_Pacifica Leucadia HOA,1680 N Coast Hwy 101,Property_Street_Number__c,,1680
006WR00000yuOtDYAU,Pacifica Leucadia HOA,Encinitas_MDU_Pacifica Leucadia HOA,1680 N Coast Hwy 101,Property_Street__c,,N Coast Hwy 101
006WR00000yuYsYYAU,Montego Village HOA,,Vizcayana Way/ Rancho Del Oro,Property_Street__c,,Vizcayana Way/ Rancho Del Oro
006WR00000yuZv2YAE,Laurel Cove Lane Pvt Road,CA_ENCINITAS_SA01_FDH64 - Laurel Cove Lane Pvt Road,1129 Laurel Cove Ln,Property_Street_Number__c,,1129
006WR00000yuZv2YAE,Laurel Cove Lane Pvt Road,CA_ENCINITAS_SA01_FDH64 - Laurel Cove Lane Pvt Road,1129 Laurel Cove Ln,Property_Street__c,,Laurel Cove Ln
006WR00000yueI2YAI,Calypso Legends Heritage,,2022 Antigua Drive,Property_Street_Number__c,,2022
006WR00000yueI2YAI,Calypso Legends Heritage,,2022 Antigua Drive,Property_Street__c,,Antigua Drive
006WR00000yugutYAA,Ocean View Private Road,,359 Ocean View Avenue,Property_Street_Number__c,,359
006WR00000yugutYAA,Ocean View Private Road,,359 Ocean View Avenue,Property_Street__c,,Ocean View Avenue
006WR00000yuj1ZYAQ,Emerald Lake Village HOA,,1702 Promenade Cir,Property_Street_Number__c,,1702
006WR00000yuj1ZYAQ,Emerald Lake Village HOA,,1702 Promenade Cir,Property_Street__c,,Promenade Cir
006WR00000yuqW4YAI,Beach Street Encinitas,,501 Beach St,Property_Street_Number__c,,501
006WR00000yuqW4YAI,Beach Street Encinitas,,501 Beach St,Property_Street__c,,Beach St
006WR00000yur0lYAA,1342 Eolus Ave,,1342 EOLUS AVE,Property_Street_Number__c,,1342
006WR00000yur0lYAA,1342 Eolus Ave,,1342 EOLUS AVE,Property_Street__c,,EOLUS AVE
006WR00000yutSHYAY,Cardiff Park,,2002 Sea Village Cir,Property_Street_Number__c,,2002
006WR00000yutSHYAY,Cardiff Park,,2002 Sea Village Cir,Property_Street__c,,Sea Village Cir
006WR00000yutTtYAI,Quentin Court,,646 Quentin Ct,Property_Street_Number__c,,646
006WR00000yutTtYAI,Quentin Court,,646 Quentin Ct,Property_Street__c,,Quentin Ct
006WR00000yutvPYAQ,Cardiff Park HOA,,2010 Sea Village Cir,Property_Street_Number__c,,2010
006WR00000yutvPYAQ,Cardiff Park HOA,,2010 Sea Village Cir,Property_Street__c,,Sea Village Cir
006WR00000yuxKdYAI,Mission Del Oro HOA,,Mission Del Oro,Property_Street__c,,Mission Del Oro
006WR00000yv0X4YAI,Rancho Hermosa HOA,,3866 San Pablo Ave,Property_Street_Number__c,,3866
006WR00000yv0X4YAI,Rancho Hermosa HOA,,3866 San Pablo Ave,Property_Street__c,,San Pablo Ave
006WR00000yv47cYAA,Alicante Hills HOA,,2803 Torry Ct,Property_Street_Number__c,,2803
006WR00000yv47cYAA,Alicante Hills HOA,,2803 Torry Ct,Property_Street__c,,Torry Ct
006WR00000yv6m8YAA,Camino Cabrillo Pvt Road,,32051 Camino Cabrillo,Property_Street_Number__c,,32051
006WR00000yv6m8YAA,Camino Cabrillo Pvt Road,,32051 Camino Cabrillo,Property_Street__c,,Camino Cabrillo
006WR00000yv7YaYAI,FoxtailLoop,,2436 Badger Ln,Property_Street_Number__c,,2436
006WR00000yv7YaYAI,FoxtailLoop,,2436 Badger Ln,Property_Street__c,,Badger Ln
006WR00000yv9vJYAQ,Promenade HOA,,3451 Camino Michelle,Property_Street_Number__c,,3451
006WR00000yv9vJYAQ,Promenade HOA,,3451 Camino Michelle,Property_Street__c,,Camino Michelle
006WR00000yvAMgYAM,Terraces At Cantebria HOA,,1105 Via Montecito,Property_Street_Number__c,,1105
006WR00000yvAMgYAM,Terraces At Cantebria HOA,,1105 Via Montecito,Property_Street__c,,Via Montecito
006WR00000yvINSYA2,Forrest Bluff Terraces HOA,,528 Forrest Bluff,Property_Street_Number__c,,528
006WR00000yvINSYA2,Forrest Bluff Terraces HOA,,528 Forrest Bluff,Property_Street__c,,Forrest Bluff
006WR00000yvLI6YAM,Riviera Mobile Homes,,699 N Vulcan Avenue,Property_Street_Number__c,,699
006WR00000yvLI6YAM,Riviera Mobile Homes,,699 N Vulcan Avenue,Property_Street__c,,N Vulcan Avenue
006WR00000yvMEBYA2,Hacienda de la Playa HOA,,925 Hermes Ave,Property_Street_Number__c,,925
006WR00000yvMEBYA2,Hacienda de la Playa HOA,,925 Hermes Ave,Property_Street__c,,Hermes Ave
006WR00000yvMMIYA2,Fairways HOA,,2856 Avenida Valera,Property_Street_Number__c,,2856
006WR00000yvMMIYA2,Fairways HOA,,2856 Avenida Valera,Property_Street__c,,Avenida Valera
006WR00000yvQkpYAE,Sky Loft HOA,,1765 Sky Loft Ln,Property_Street_Number__c,,1765
006WR00000yvQkpYAE,Sky Loft HOA,,1765 Sky Loft Ln,Property_Street__c,,Sky Loft Ln
006WR00000yvR5nYAE,Del Mar Corporate Center,,990 Highland Dr - 100,Property_Street_Number__c,,990
006WR00000yvR5nYAE,Del Mar Corporate Center,,990 Highland Dr - 100,Property_Street__c,,Highland Dr - 100
006WR00000yvSJdYAM,Traditions At La Costa HOA,,3172 Corte Tradicion,Property_Street_Number__c,,3172
006WR00000yvSJdYAM,Traditions At La Costa HOA,,3172 Corte Tradicion,Property_Street__c,,Corte Tradicion
006WR00000yvU0RYAU,3152 Levante,,3152 Levante,Property_Street_Number__c,,3152
006WR00000yvU0RYAU,3152 Levante,,3152 Levante,Property_Street__c,,Levante
006WR00000yvVsYYAU,3156 Levante,,3158 Levante,Property_Street_Number__c,,3158
006WR00000yvVsYYAU,3156 Levante,,3158 Levante,Property_Street__c,,Levante
006WR00000yvY5dYAE,Converge Justin,,11584 FM156,Property_Street_Number__c,,11584
006WR00000yvY5dYAE,Converge Justin,,11584 FM156,Property_Street__c,,FM156
006WR00000yvYteYAE,Manzanita Cove HOA,,131 Manzanita Dr,Property_Street_Number__c,,131
006WR00000yvYteYAE,Manzanita Cove HOA,,131 Manzanita Dr,Property_Street__c,,Manzanita Dr
006WR00000yvdF2YAI,Shamrock Mobile Estates,,152 N. Coast Hwy 101,Property_Street_Number__c,,152
006WR00000yvdF2YAI,Shamrock Mobile Estates,,152 N. Coast Hwy 101,Property_Street__c,,N. Coast Hwy 101
006WR00000yviUqYAI,Village At Leucadia HOA,,1404 N Vulcan Ave,Property_Street_Number__c,,1404
006WR00000yviUqYAI,Village At Leucadia HOA,,1404 N Vulcan Ave,Property_Street__c,,N Vulcan Ave
006WR00000yvmgUYAQ,Cardiff Glen HOA,,2100 Mackinnon Ave,Property_Street_Number__c,,2100
006WR00000yvmgUYAQ,Cardiff Glen HOA,,2100 Mackinnon Ave,Property_Street__c,,Mackinnon Ave
006WR00000yvnHbYAI,Hilltop Trailer Park,,155 W Jason Street,Property_Street_Number__c,,155
006WR00000yvnHbYAI,Hilltop Trailer Park,,155 W Jason Street,Property_Street__c,,W Jason Street
006WR00000yvoqPYAQ,Monte Mira HOA,,1808 Amalfi Dr,Property_Street_Number__c,,1808
006WR00000yvoqPYAQ,Monte Mira HOA,,1808 Amalfi Dr,Property_Street__c,,Amalfi Dr
006WR00000yvv0eYAA,Coral Cove HOA,,200 Coral Cove Way,Property_Street_Number__c,,200
006WR00000yvv0eYAA,Coral Cove HOA,,200 Coral Cove Way,Property_Street__c,,Coral Cove Way
006WR00000yvvAJYAY,Santa Fe Trails HOA,,3304 Corte Cadiz,Property_Street_Number__c,,3304
006WR00000yvvAJYAY,Santa Fe Trails HOA,,3304 Corte Cadiz,Property_Street__c,,Corte Cadiz
006WR00000yvvNCYAY,950-946-942 Hygeia Avenue,,950 Hygeia Avenue,Property_Street_Number__c,,950
006WR00000yvvNCYAY,950-946-942 Hygeia Avenue,,950 Hygeia Avenue,Property_Street__c,,Hygeia Avenue
006WR00000yvvYXYAY,Carlsbad Surfside HOA,,3330 Carlsbad Blvd,Property_Street_Number__c,,3330
006WR00000yvvYXYAY,Carlsbad Surfside HOA,,3330 Carlsbad Blvd,Property_Street__c,,Carlsbad Blvd
006WR00000yvvrqYAA,Cantaberia HOA,,500 Via Cantebria,Property_Street_Number__c,,500
006WR00000yvvrqYAA,Cantaberia HOA,,500 Via Cantebria,Property_Street__c,,Via Cantebria
006WR00000yvxC6YAI,Hygeia Court HOA,,205 Hygeia Ct,Property_Street_Number__c,,205
006WR00000yvxC6YAI,Hygeia Court HOA,,205 Hygeia Ct,Property_Street__c,,Hygeia Ct
006WR00000yvxP0YAI,Hillside Patio Pvt Road,,7739 Calle Andar,Property_Street_Number__c,,7739
006WR00000yvxP0YAI,Hillside Patio Pvt Road,,7739 Calle Andar,Property_Street__c,,Calle Andar
006WR00000yvxthYAA,Tiki Village HOA,,1333 Olive Ave,Property_Street_Number__c,,1333
006WR00000yvxthYAA,Tiki Village HOA,,1333 Olive Ave,Property_Street__c,,Olive Ave
006WR00000yvz12YAA,Cambria HOA,Gilbert_MDU_Cambria Apartments,1255 Cambria Way,Property_Street_Number__c,,1255
006WR00000yvz12YAA,Cambria HOA,Gilbert_MDU_Cambria Apartments,1255 Cambria Way,Property_Street__c,,Cambria Way
006WR00000yw09zYAA,Beacons Beach Village,ENCINITAS_MDU_Beacons Beach Village,170 Diana Street,Property_Street_Number__c,,170
006WR00000yw09zYAA,Beacons Beach Village,ENCINITAS_MDU_Beacons Beach Village,170 Diana Street,Property_Street__c,,Diana Street
006WR00000yw0RiYAI,Encinitas Ranch HOA,,1495 Paseo De Las Flores,Property_Street_Number__c,,1495
006WR00000yw0RiYAI,Encinitas Ranch HOA,,1495 Paseo De Las Flores,Property_Street__c,,Paseo De Las Flores
006WR00000yw26xYAA,The Nest at La Costa,,3482 Via Nido,Property_Street_Number__c,,3482
006WR00000yw26xYAA,The Nest at La Costa,,3482 Via Nido,Property_Street__c,,Via Nido
006WR00000yw3HWYAY,La Costa Oaks South HOA,,7400 Circulo Sequoia,Property_Street_Number__c,,7400
006WR00000yw3HWYAY,La Costa Oaks South HOA,,7400 Circulo Sequoia,Property_Street__c,,Circulo Sequoia
006WR00000yw4jqYAA,Encinitas Town and Country Plaza,,407-479 Encinitas Blvd,Property_Street_Number__c,,407-479
006WR00000yw4jqYAA,Encinitas Town and Country Plaza,,407-479 Encinitas Blvd,Property_Street__c,,Encinitas Blvd
006WR00000yw5zGYAQ,Oceanic Drive,,1145 Oceanic Drive,Property_Street_Number__c,,1145
006WR00000yw5zGYAQ,Oceanic Drive,,1145 Oceanic Drive,Property_Street__c,,Oceanic Drive
006WR00000yw95EYAQ,Seaside Sanctuary HOA,,803 S Cedros Ave,Property_Street_Number__c,,803
006WR00000yw95EYAQ,Seaside Sanctuary HOA,,803 S Cedros Ave,Property_Street__c,,S Cedros Ave
006WR00000yw9QBYAY,Mendocino HOA,,1108 Pacifica Pl,Property_Street_Number__c,,1108
006WR00000yw9QBYAY,Mendocino HOA,,1108 Pacifica Pl,Property_Street__c,,Pacifica Pl
006WR00000yw9YHYAY,Seaside Highlannds HOA,,1010 Scarlet Way,Property_Street_Number__c,,1010
006WR00000yw9YHYAY,Seaside Highlannds HOA,,1010 Scarlet Way,Property_Street__c,,Scarlet Way
006WR00000ywAsVYAU,Island View - Private Road,,1150 Island View Ln Unit Encinitas,Property_Street_Number__c,,1150
006WR00000ywAsVYAU,Island View - Private Road,,1150 Island View Ln Unit Encinitas,Property_Street__c,,Island View Ln
006WR00000ywB2AYAU,Villas De La Costa HOA,,3169 Via Iris,Property_Street_Number__c,,3169
006WR00000ywB2AYAU,Villas De La Costa HOA,,3169 Via Iris,Property_Street__c,,Via Iris
006WR00000ywBJuYAM,Shady Hollow Pvt Road,,7729 Calle Andar,Property_Street_Number__c,,7729
006WR00000ywBJuYAM,Shady Hollow Pvt Road,,7729 Calle Andar,Property_Street__c,,Calle Andar
006WR00000ywBdGYAU,La Costa Altezza HOA,,7606 Camino Aberto,Property_Street_Number__c,,7606
006WR00000ywBdGYAU,La Costa Altezza HOA,,7606 Camino Aberto,Property_Street__c,,Camino Aberto
006WR00000ywCPfYAM,Encinitas Corporate Center,,366 Encinitas Blvd,Property_Street_Number__c,,366
006WR00000ywCPfYAM,Encinitas Corporate Center,,366 Encinitas Blvd,Property_Street__c,,Encinitas Blvd
006WR00000ywCuIYAU,53 Melrose Promenade HOA,,3475 Filio Circle,Property_Street_Number__c,,3475
006WR00000ywCuIYAU,53 Melrose Promenade HOA,,3475 Filio Circle,Property_Street__c,,Filio Circle
006WR00000ywEb8YAE,Portico At Rancho Carrillo HOA,CA_CARLSBAD_SA03_FB06 - Portico At Rancho Carrillo HOA,6471 Terraza Portico,Property_Street_Number__c,,6471
006WR00000ywEb8YAE,Portico At Rancho Carrillo HOA,CA_CARLSBAD_SA03_FB06 - Portico At Rancho Carrillo HOA,6471 Terraza Portico,Property_Street__c,,Terraza Portico
006WR00000ywF2ZYAU,May Private Road,,235 May Court,Property_Street_Number__c,,235
006WR00000ywF2ZYAU,May Private Road,,235 May Court,Property_Street__c,,May Court
006WR00000ywF4AYAU,Seapoint Tennis Club,,3148 Calle Viento Carlsbad,Property_Street_Number__c,,3148
006WR00000ywF4AYAU,Seapoint Tennis Club,,3148 Calle Viento Carlsbad,Property_Street__c,,Calle Viento Carlsbad
006WR00000ywG8IYAU,Casitas De La Costa HOA,,1903 Estrella De Mar Ct,Property_Street_Number__c,,1903
006WR00000ywG8IYAU,Casitas De La Costa HOA,,1903 Estrella De Mar Ct,Property_Street__c,,Estrella De Mar Ct
006WR00000ywIQEYA2,Rancho Montecito,,1928 Rosewood Street,Property_Street_Number__c,,1928
006WR00000ywIQEYA2,Rancho Montecito,,1928 Rosewood Street,Property_Street__c,,Rosewood Street
006WR00000ywKINYA2,Villa Trieste HOA,,2 Trieste Way,Property_Street_Number__c,,2
006WR00000ywKINYA2,Villa Trieste HOA,,2 Trieste Way,Property_Street__c,,Trieste Way
006WR00000ywLuMYAU,Flair Encinitas HOA,,1426 Tennis Match Way,Property_Street_Number__c,,1426
006WR00000ywLuMYAU,Flair Encinitas HOA,,1426 Tennis Match Way,Property_Street__c,,Tennis Match Way
006WR00000ywMAUYA2,"247-263 HWY 101 Solana Beach, CA",,247-263 HWY 101 Solana Beach,Property_Street_Number__c,,247-263
006WR00000ywMAUYA2,"247-263 HWY 101 Solana Beach, CA",,247-263 HWY 101 Solana Beach,Property_Street__c,,HWY 101 Solana Beach
006WR00000ywN6YYAU,On The Park HOA,,camino cabrillo,Property_Street__c,,camino cabrillo
006WR00000ywOYtYAM,Carlsbad Arroyo Vista HOA,,3243 Avenida Aragon,Property_Street_Number__c,,3243
006WR00000ywOYtYAM,Carlsbad Arroyo Vista HOA,,3243 Avenida Aragon,Property_Street__c,,Avenida Aragon
006WR00000ywQveYAE,La Costa Town Square,,3439 Via Montebello,Property_Street_Number__c,,3439
006WR00000ywQveYAE,La Costa Town Square,,3439 Via Montebello,Property_Street__c,,Via Montebello
006WR00000ywSNxYAM,San Pacifico HOA,,7411 Neptune Dr,Property_Street_Number__c,,7411
006WR00000ywSNxYAM,San Pacifico HOA,,7411 Neptune Dr,Property_Street__c,,Neptune Dr
006WR00000ywSPbYAM,Village Park Manor,,2015 Countrywood Court,Property_Street_Number__c,,2015
006WR00000ywSPbYAM,Village Park Manor,,2015 Countrywood Court,Property_Street__c,,Countrywood Court
006WR00000ywSW1YAM,Paseo La Jolla Pvt Road,,7789 Paseo La Jolla,Property_Street_Number__c,,7789
006WR00000ywSW1YAM,Paseo La Jolla Pvt Road,,7789 Paseo La Jolla,Property_Street__c,,Paseo La Jolla
006WR00000ywSXdYAM,La Costa Greens HOA,,6856 Tanzanite Dr,Property_Street_Number__c,,6856
006WR00000ywSXdYAM,La Costa Greens HOA,,6856 Tanzanite Dr,Property_Street__c,,Tanzanite Dr
006WR00000ywSarYAE,Via Casa Del Sol HOA,,6794 Via Casa Del Sol,Property_Street_Number__c,,6794
006WR00000ywSarYAE,Via Casa Del Sol HOA,,6794 Via Casa Del Sol,Property_Street__c,,Via Casa Del Sol
006WR00000ywScTYAU,Alga Hills HOA,,7030 Via Calafia,Property_Street_Number__c,,7030
006WR00000ywScTYAU,Alga Hills HOA,,7030 Via Calafia,Property_Street__c,,Via Calafia
006WR00000ywSe5YAE,La Costa Ridge2 HOA,,3201 Sitio Montecillo,Property_Street_Number__c,,3201
006WR00000ywSe5YAE,La Costa Ridge2 HOA,,3201 Sitio Montecillo,Property_Street__c,,Sitio Montecillo
006WR00000ywSkXYAU,La Costa Ridge1 HOA,,3200 Sitio Montecillo,Property_Street_Number__c,,3200
006WR00000ywSkXYAU,La Costa Ridge1 HOA,,3200 Sitio Montecillo,Property_Street__c,,Sitio Montecillo
006WR00000ywSm9YAE,North Shore HOA,Encinitas_MDU_North Shore,299 Triton Cir,Property_Street_Number__c,,299
006WR00000ywSm9YAE,North Shore HOA,Encinitas_MDU_North Shore,299 Triton Cir,Property_Street__c,,Triton Cir
006WR00000ywSnlYAE,Seaside Ridge HOA,,813 Sandy Ct,Property_Street_Number__c,,813
006WR00000ywSnlYAE,Seaside Ridge HOA,,813 Sandy Ct,Property_Street__c,,Sandy Ct
006WR00000ywSpNYAU,Seabluffe Villages HOA,,1750 N Coast Hwy 101,Property_Street_Number__c,,1750
006WR00000ywSpNYAU,Seabluffe Villages HOA,,1750 N Coast Hwy 101,Property_Street__c,,N Coast Hwy 101
006WR00000ywSqzYAE,Sandalwood HOA,,428 Sandalwood Ct,Property_Street_Number__c,,428
006WR00000ywSqzYAE,Sandalwood HOA,,428 Sandalwood Ct,Property_Street__c,,Sandalwood Ct
006WR00000ywSsbYAE,The Summit HOA,,269 Via Tierra,Property_Street_Number__c,,269
006WR00000ywSsbYAE,The Summit HOA,,269 Via Tierra,Property_Street__c,,Via Tierra
006WR00000ywSuDYAU,Santa Fe Business Park,,179 Calle Magdalena,Property_Street_Number__c,,179
006WR00000ywSuDYAU,Santa Fe Business Park,,179 Calle Magdalena,Property_Street__c,,Calle Magdalena
006WR00000ywSvpYAE,Encinitas Town and Country Business Park,,470 Encinitas Blvd,Property_Street_Number__c,,470
006WR00000ywSvpYAE,Encinitas Town and Country Business Park,,470 Encinitas Blvd,Property_Street__c,,Encinitas Blvd
006WR00000ywT2HYAU,Village Park HOA,,1929 Misty Circle,Property_Street_Number__c,,1929
006WR00000ywT2HYAU,Village Park HOA,,1929 Misty Circle,Property_Street__c,,Misty Circle
006WR00000ywT5VYAU,Village Park Shady Tree #2,,2025 Red  Coach Avenue,Property_Street_Number__c,,2025
006WR00000ywT5VYAU,Village Park Shady Tree #2,,2025 Red  Coach Avenue,Property_Street__c,,Red  Coach Avenue
006WR00000ywT77YAE,Pacifica HOA,,999 N Pacific St,Property_Street_Number__c,,999
006WR00000ywT77YAE,Pacifica HOA,,999 N Pacific St,Property_Street__c,,N Pacific St
006WR00000ywT8jYAE,Emerald Point HOA,,4158 Esperanza Way,Property_Street_Number__c,,4158
006WR00000ywT8jYAE,Emerald Point HOA,,4158 Esperanza Way,Property_Street__c,,Esperanza Way
006WR00000ywTALYA2,Rancho Santalina HOA,,823 Via La Venta,Property_Street_Number__c,,823
006WR00000ywTALYA2,Rancho Santalina HOA,,823 Via La Venta,Property_Street__c,,Via La Venta
006WR00000ywTBxYAM,Kb Home The Foothills HOA,,1312 Chaparral Dr,Property_Street_Number__c,,1312
006WR00000ywTBxYAM,Kb Home The Foothills HOA,,1312 Chaparral Dr,Property_Street__c,,Chaparral Dr
006WR00000ywTDZYA2,512-514 Via De La Valle,,512-514 Via De La Valle,Property_Street_Number__c,,512-514
006WR00000ywTDZYA2,512-514 Via De La Valle,,512-514 Via De La Valle,Property_Street__c,,Via De La Valle
006WR00000ywTFBYA2,Las Vistas HOA,,14929 Caminito Ladera,Property_Street_Number__c,,14929
006WR00000ywTFBYA2,Las Vistas HOA,,14929 Caminito Ladera,Property_Street__c,,Caminito Ladera
006WR00000ywTGnYAM,674 Via De La Valle,,674 Via De La Valle Unit 330 Solana Beach Ca 92075,Property_Street_Number__c,,674
006WR00000ywTGnYAM,674 Via De La Valle,,674 Via De La Valle Unit 330 Solana Beach Ca 92075,Property_Street__c,,Via De La Valle
006WR00000ywTIPYA2,Haidenger Center,,724 Genevieve Street,Property_Street_Number__c,,724
006WR00000ywTIPYA2,Haidenger Center,,724 Genevieve Street,Property_Street__c,,Genevieve Street
006WR00000ywTLdYAM,Seagate Terrace,,3410 Pirgos Way Oceanside,Property_Street_Number__c,,3410
006WR00000ywTLdYAM,Seagate Terrace,,3410 Pirgos Way Oceanside,Property_Street__c,,Pirgos Way Oceanside
006WR00000ywTNFYA2,876 Bonita Drive,,876 Bonita Drive,Property_Street_Number__c,,876
006WR00000ywTNFYA2,876 Bonita Drive,,876 Bonita Drive,Property_Street__c,,Bonita Drive
006WR00000ywTOrYAM,915-919 Neptune Ave,,915-919 Neptune Avenue,Property_Street_Number__c,,915-919
006WR00000ywTOrYAM,915-919 Neptune Ave,,915-919 Neptune Avenue,Property_Street__c,,Neptune Avenue
006WR00000ywTS5YAM,Valley of Dreams Mobile Village,,123 Jasper Street,Property_Street_Number__c,,123
006WR00000ywTS5YAM,Valley of Dreams Mobile Village,,123 Jasper Street,Property_Street__c,,Jasper Street
006WR00000ywTThYAM,Quail Gardens,,Quail Gardens Lane,Property_Street__c,,Quail Gardens Lane
006WR00000ywTVJYA2,1471 Rubenstein,,1471,Property_Street__c,,1471
006WR00000ywTWvYAM,127 W. Glaucus,,127 Glaucus,Property_Street_Number__c,,127
006WR00000ywTWvYAM,127 W. Glaucus,,127 Glaucus,Property_Street__c,,Glaucus
006WR00000ywTYXYA2,978 Hygeia Ave,,978 HYGEIA AVE,Property_Street_Number__c,,978
006WR00000ywTYXYA2,978 Hygeia Ave,,978 HYGEIA AVE,Property_Street__c,,HYGEIA AVE
006WR00000ywTa9YAE,127 W Glaucus St - A,,127 W GLAUCUS ST - A,Property_Street_Number__c,,127
006WR00000ywTa9YAE,127 W Glaucus St - A,,127 W GLAUCUS ST - A,Property_Street__c,,W GLAUCUS ST - A
006WR00000ywTblYAE,"437 S Highway 101, 101-110",,437 S Highway 101,Property_Street_Number__c,,437
006WR00000ywTblYAE,"437 S Highway 101, 101-110",,437 S Highway 101,Property_Street__c,,S Highway 101
006WR00000ywTdNYAU,"225 S. Hwy 101 , 17",,225 S. HWY 101,Property_Street_Number__c,,225
006WR00000ywTdNYAU,"225 S. Hwy 101 , 17",,225 S. HWY 101,Property_Street__c,,S. HWY 101
006WR00000ywU9dYAE,Sandy Point HOA,,405 Sandy Point Rd,Property_Street_Number__c,,405
006WR00000ywU9dYAE,Sandy Point HOA,,405 Sandy Point Rd,Property_Street__c,,Sandy Point Rd
006WR0000112fikYAA,Fox Point,,"1200 Fox Point Farms Lane, Encinitas, CA 92024",Property_Street_Number__c,,1200
006WR0000112fikYAA,Fox Point,,"1200 Fox Point Farms Lane, Encinitas, CA 92024",Property_Street__c,,Fox Point Farms Lane
006WR0000112vHHYAY,San Ito,San Ito,1354 Rubenstein Ave,Property_Street_Number__c,,1354
006WR0000112vHHYAY,San Ito,San Ito,1354 Rubenstein Ave,Property_Street__c,,Rubenstein Ave
006WR000011367rYAA,Sand Piper Point,,"321-393 West I street, Encinitas CA 92024",Property_Street_Number__c,,321-393
006WR000011367rYAA,Sand Piper Point,,"321-393 West I street, Encinitas CA 92024",Property_Street__c,,West I street
006WR000011a3xbYAA,1404 Chico Hwy MHP,Bridgeport_MDU_1404 Chico Hwy MHP,"1404 Chico Hwy, Bridgeport, TX 76426, USA",Property_Street_Number__c,,1404
006WR000011a3xbYAA,1404 Chico Hwy MHP,Bridgeport_MDU_1404 Chico Hwy MHP,"1404 Chico Hwy, Bridgeport, TX 76426, USA",Property_Street__c,,Chico Hwy
006WR000011a3xbYAA,1404 Chico Hwy MHP,Bridgeport_MDU_1404 Chico Hwy MHP,"1404 Chico Hwy, Bridgeport, TX 76426, USA",Property_County__c,,Wise
006WR000011aP8ZYAU,Deerfield Clubhouse Apartments,,"1973 South Howard Street, Fremont, NE, USA",Property_Street_Number__c,,1973
006WR000011aP8ZYAU,Deerfield Clubhouse Apartments,,"1973 South Howard Street, Fremont, NE, USA",Property_Street__c,,South Howard Street
006WR000011aevbYAA,Church Hill Apartments,,"2003 N 45th St, Omaha, NE 68104, USA",Property_Street_Number__c,,2003
006WR000011aevbYAA,Church Hill Apartments,,"2003 N 45th St, Omaha, NE 68104, USA",Property_Street__c,,N 45th St
006WR000011anIzYAI,Alhambra Apartments,Omaha_MDU_Alhambra Apartments,"4902 Capitol Ave, Omaha, NE 68132, USA",Property_Street_Number__c,,4902
006WR000011anIzYAI,Alhambra Apartments,Omaha_MDU_Alhambra Apartments,"4902 Capitol Ave, Omaha, NE 68132, USA",Property_Street__c,,Capitol Ave
006WR000011anIzYAI,Alhambra Apartments,Omaha_MDU_Alhambra Apartments,"4902 Capitol Ave, Omaha, NE 68132, USA",Property_County__c,,Douglas
006WR000011arrAYAQ,740 E 3rd Ave,,"256 South Horne, Mesa, AZ 85204, USA",Property_Street_Number__c,,256
006WR000011arrAYAQ,740 E 3rd Ave,,"256 South Horne, Mesa, AZ 85204, USA",Property_Street__c,,South Horne
006WR000011awSdYAI,Lookout Ridge Apartments,Harker Heights_MDU_Lookout Ridge Apartments,"201 Lookout Ridge Blvd, Harker Heights, TX, USA",Property_Street_Number__c,,201
006WR000011awSdYAI,Lookout Ridge Apartments,Harker Heights_MDU_Lookout Ridge Apartments,"201 Lookout Ridge Blvd, Harker Heights, TX, USA",Property_Street__c,,Lookout Ridge Blvd
006WR000011bOryYAE,Stone Plaza Apartments,,"6003 Stone Plaza, Omaha, NE 68104, USA",Property_Street_Number__c,,6003
006WR000011bOryYAE,Stone Plaza Apartments,,"6003 Stone Plaza, Omaha, NE 68104, USA",Property_Street__c,,Stone Plaza
006WR000011bPfxYAE,Dundee Creek Apartments,,"1305 N 49th Ave, Omaha, NE 68132, USA",Property_Street_Number__c,,1305
006WR000011bPfxYAE,Dundee Creek Apartments,,"1305 N 49th Ave, Omaha, NE 68132, USA",Property_Street__c,,N 49th Ave
006WR000011bcuxYAA,Ville de Sante Apartments,Omaha_MDU_Ville de Sante Apartments,"6250 Ville De Sante Dr, Omaha, NE 68104, USA",Property_Street_Number__c,,6250
006WR000011bcuxYAA,Ville de Sante Apartments,Omaha_MDU_Ville de Sante Apartments,"6250 Ville De Sante Dr, Omaha, NE 68104, USA",Property_Street__c,,Ville De Sante Dr
006WR000011bcuxYAA,Ville de Sante Apartments,Omaha_MDU_Ville de Sante Apartments,"6250 Ville De Sante Dr, Omaha, NE 68104, USA",Property_County__c,,Douglas
006WR000011bsupYAA,Benson Apartments,Omaha_MDU_Benson Apartments,"5132 NW Radial Hwy, Omaha, NE 68104, USA",Property_Street_Number__c,,5132
006WR000011bsupYAA,Benson Apartments,Omaha_MDU_Benson Apartments,"5132 NW Radial Hwy, Omaha, NE 68104, USA",Property_Street__c,,NW Radial Hwy
006WR000011bsupYAA,Benson Apartments,Omaha_MDU_Benson Apartments,"5132 NW Radial Hwy, Omaha, NE 68104, USA",Property_County__c,,Douglas
006WR000011bxo2YAA,Sunset Arms,Harker_Heights_MDU_Sunset Arms,"612 S Ann Blvd, Harker Heights, TX 76548, USA",Property_Street_Number__c,,612
006WR000011bxo2YAA,Sunset Arms,Harker_Heights_MDU_Sunset Arms,"612 S Ann Blvd, Harker Heights, TX 76548, USA",Property_Street__c,,S Ann Blvd
006WR000011bxo2YAA,Sunset Arms,Harker_Heights_MDU_Sunset Arms,"612 S Ann Blvd, Harker Heights, TX 76548, USA",Property_County__c,,Bell
006WR000011c5C6YAI,5120-5128 NW Radial Hwy,Omaha_MDU_5120-5128 NW Radial Hwy,"5120 NW Radial Hwy, Omaha, NE 68104, USA",Property_Street_Number__c,,5120
006WR000011c5C6YAI,5120-5128 NW Radial Hwy,Omaha_MDU_5120-5128 NW Radial Hwy,"5120 NW Radial Hwy, Omaha, NE 68104, USA",Property_Street__c,,NW Radial Hwy
006WR000011c5C6YAI,5120-5128 NW Radial Hwy,Omaha_MDU_5120-5128 NW Radial Hwy,"5120 NW Radial Hwy, Omaha, NE 68104, USA",Property_County__c,,Douglas
006WR000011cBNzYAM,Seaside Commons,,1201 N VULCAN AVE UNIT 1 ENCINITAS CA 92024,Property_Street_Number__c,,1201
006WR000011cBNzYAM,Seaside Commons,,1201 N VULCAN AVE UNIT 1 ENCINITAS CA 92024,Property_Street__c,,N VULCAN AVE
006WR000011cGDyYAM,University Place Townhomes,Georgetown_MDU_University Place Townhomes,"1211 Haven Ln, Georgetown, TX 78626, USA",Property_Street_Number__c,,1211
006WR000011cGDyYAM,University Place Townhomes,Georgetown_MDU_University Place Townhomes,"1211 Haven Ln, Georgetown, TX 78626, USA",Property_Street__c,,Haven Ln
006WR000011cGDyYAM,University Place Townhomes,Georgetown_MDU_University Place Townhomes,"1211 Haven Ln, Georgetown, TX 78626, USA",Property_County__c,,Williamson
006WR000011cMfyYAE,Discovery Village at Alliance Town Center (Riverside),Fort Worth_MDU_Discovery Village at Alliance Town Center,"9901 N Riverside Dr, Fort Worth, TX, USA",Property_Street_Number__c,,9901
006WR000011cMfyYAE,Discovery Village at Alliance Town Center (Riverside),Fort Worth_MDU_Discovery Village at Alliance Town Center,"9901 N Riverside Dr, Fort Worth, TX, USA",Property_Street__c,,N Riverside Dr
006WR000011cMfyYAE,Discovery Village at Alliance Town Center (Riverside),Fort Worth_MDU_Discovery Village at Alliance Town Center,"9901 N Riverside Dr, Fort Worth, TX, USA",Property_County__c,,Tarrant
006WR000011cNVaYAM,Autumn Heights,Killeen_MDU_Autumn Heights,"1611 N College St, Killeen, TX 76541, USA",Property_Street_Number__c,,1611
006WR000011cNVaYAM,Autumn Heights,Killeen_MDU_Autumn Heights,"1611 N College St, Killeen, TX 76541, USA",Property_Street__c,,N College St
006WR000011cWnNYAU,6302 Boyd Street,,"6302 Boyd Street, Omaha, NE, USA",Property_Street_Number__c,,6302
006WR000011cWnNYAU,6302 Boyd Street,,"6302 Boyd Street, Omaha, NE, USA",Property_Street__c,,Boyd Street
006WR000011cWtpYAE,Heritage Apartments,Omaha_MDU_Heritage Apartments,"4907 Chicago St, Omaha, NE 68132, USA",Property_Street_Number__c,,4907
006WR000011cWtpYAE,Heritage Apartments,Omaha_MDU_Heritage Apartments,"4907 Chicago St, Omaha, NE 68132, USA",Property_Street__c,,Chicago St
006WR000011cWtpYAE,Heritage Apartments,Omaha_MDU_Heritage Apartments,"4907 Chicago St, Omaha, NE 68132, USA",Property_County__c,,Douglas
006WR000011cWvRYAU,Sandra Ann Apartments,Omaha_MDU_Sandra Ann Apartments,"5824 Erskine St, Omaha, NE 68104, USA",Property_Street_Number__c,,5824
006WR000011cWvRYAU,Sandra Ann Apartments,Omaha_MDU_Sandra Ann Apartments,"5824 Erskine St, Omaha, NE 68104, USA",Property_Street__c,,Erskine St
006WR000011cWvRYAU,Sandra Ann Apartments,Omaha_MDU_Sandra Ann Apartments,"5824 Erskine St, Omaha, NE 68104, USA",Property_County__c,,Douglas
006WR000011caB3YAI,Contestoga Crossing,,"818 North Michael Street, Fremont, NE, USA",Property_Street_Number__c,,818
006WR000011caB3YAI,Contestoga Crossing,,"818 North Michael Street, Fremont, NE, USA",Property_Street__c,,North Michael Street
006WR000012OCzLYAW,Omaha_MDU_5004 N 33rd St,,5004 N 33RD ST OMAHA NE,Property_Street_Number__c,,5004
006WR000012OCzLYAW,Omaha_MDU_5004 N 33rd St,,5004 N 33RD ST OMAHA NE,Property_Street__c,,N 33RD ST
006WR000012OLJOYA4,Omaha_MDU_6506 Boyd,,6506 BOYD OMAHA NE,Property_Street_Number__c,,6506
006WR000012OLJOYA4,Omaha_MDU_6506 Boyd,,6506 BOYD OMAHA NE,Property_Street__c,,BOYD
006WR000012OtcpYAC,Omaha_MDU_5511 N 30th St,,5511 N 30TH ST OMAHA NE,Property_Street_Number__c,,5511
006WR000012OtcpYAC,Omaha_MDU_5511 N 30th St,,5511 N 30TH ST OMAHA NE,Property_Street__c,,N 30TH ST
006WR000012OwFmYAK,Omaha_MDU_6301 Military Ave,,6301 MILITARY AVE OMAHA NE,Property_Street_Number__c,,6301
006WR000012OwFmYAK,Omaha_MDU_6301 Military Ave,,6301 MILITARY AVE OMAHA NE,Property_Street__c,,MILITARY AVE
006WR000012P0nzYAC,Omaha_MDU_4038 Hamilton St,,4038 HAMILTON ST OMAHA NE,Property_Street_Number__c,,4038
006WR000012P0nzYAC,Omaha_MDU_4038 Hamilton St,,4038 HAMILTON ST OMAHA NE,Property_Street__c,,HAMILTON ST
006WR000012PEffYAG,Omaha_MDU_4415 N 62nd St,,4415 N 62ND ST OMAHA NE,Property_Street_Number__c,,4415
006WR000012PEffYAG,Omaha_MDU_4415 N 62nd St,,4415 N 62ND ST OMAHA NE,Property_Street__c,,N 62ND ST
006WR000012PbluYAC,Omaha_MDU_8021 Maple Street,,8021 MAPLE ST OMAHA NE,Property_Street_Number__c,,8021
006WR000012PbluYAC,Omaha_MDU_8021 Maple Street,,8021 MAPLE ST OMAHA NE,Property_Street__c,,MAPLE ST
006WR000012Po1aYAC,Omaha_MDU_4407 N 62nd St,,4407 N 62ND ST OMAHA NE,Property_Street_Number__c,,4407
006WR000012Po1aYAC,Omaha_MDU_4407 N 62nd St,,4407 N 62ND ST OMAHA NE,Property_Street__c,,N 62ND ST
006WR000012PzQ2YAK,Omaha_MDU_4411 N 62nd St,,4411 N 62ND ST OMAHA NE,Property_Street_Number__c,,4411
006WR000012PzQ2YAK,Omaha_MDU_4411 N 62nd St,,4411 N 62ND ST OMAHA NE,Property_Street__c,,N 62ND ST
006WR000012Q2XaYAK,Omaha_MDU_4402 N 60th Ave,,4402 N 60TH AVE OMAHA NE,Property_Street_Number__c,,4402
006WR000012Q2XaYAK,Omaha_MDU_4402 N 60th Ave,,4402 N 60TH AVE OMAHA NE,Property_Street__c,,N 60TH AVE
006WR000012Q3a5YAC,Omaha_MDU_5511 N 30th St (additional units),,5511 N 30TH ST OMAHA NE,Property_Street_Number__c,,5511
006WR000012Q3a5YAC,Omaha_MDU_5511 N 30th St (additional units),,5511 N 30TH ST OMAHA NE,Property_Street__c,,N 30TH ST
006WR000012Q3mzYAC,Omaha_MDU_4440 N 61st St,,4440 N 61ST ST OMAHA NE,Property_Street_Number__c,,4440
006WR000012Q3mzYAC,Omaha_MDU_4440 N 61st St,,4440 N 61ST ST OMAHA NE,Property_Street__c,,N 61ST ST
006WR000012QQZtYAO,Omaha_MDU_7610 Ohio Plaza,,7610 OHIO PLAZA OMAHA NE,Property_Street_Number__c,,7610
006WR000012QQZtYAO,Omaha_MDU_7610 Ohio Plaza,,7610 OHIO PLAZA OMAHA NE,Property_Street__c,,OHIO PLAZA
006WR000012QQgLYAW,Omaha_MDU_5511 N 30th St (3rd),,5511 N 30TH ST OMAHA NE,Property_Street_Number__c,,5511
006WR000012QQgLYAW,Omaha_MDU_5511 N 30th St (3rd),,5511 N 30TH ST OMAHA NE,Property_Street__c,,N 30TH ST
006WR000013NaDUYA0,Walker's Park,,"311 University Drive, Suite 101 Fort Worth, Texas 76107",Property_Street_Number__c,,311
006WR000013NaDUYA0,Walker's Park,,"311 University Drive, Suite 101 Fort Worth, Texas 76107",Property_Street__c,,University Drive
006WR000013OkHCYA0,Stagecoach Crossing,,"5848 Boat Club Road Fort Worth, Texas 76179",Property_Street_Number__c,,5848
006WR000013OkHCYA0,Stagecoach Crossing,,"5848 Boat Club Road Fort Worth, Texas 76179",Property_Street__c,,Boat Club Road Fort Worth
006WR000013OnjhYAC,Dry Creek,,"700 W. Harwood Rd, Ste G2 Hurst, TX 76054",Property_Street_Number__c,,700
006WR000013OnjhYAC,Dry Creek,,"700 W. Harwood Rd, Ste G2 Hurst, TX 76054",Property_Street__c,,W. Harwood Rd
006WR000013P1ulYAC,1810 N 8th St_Colt RE,,"1810 N 8th St Killeen, TX 76541",Property_Street_Number__c,,1810
006WR000013P1ulYAC,1810 N 8th St_Colt RE,,"1810 N 8th St Killeen, TX 76541",Property_Street__c,,N 8th St Killeen
006WR0000157GCoYAM,Solaris Encinitas,,155 Quail Gardens Drive,Property_Street_Number__c,,155
006WR0000157GCoYAM,Solaris Encinitas,,155 Quail Gardens Drive,Property_Street__c,,Quail Gardens Drive
006WR0000158MT0YAM,Dos Lunas,,550 Encinitas Boulevard,Property_Street_Number__c,,550
006WR0000158MT0YAM,Dos Lunas,,550 Encinitas Boulevard,Property_Street__c,,Encinitas Boulevard
006WR000018oU5pYAE,La Costa Meadows HOA,La Costa Meadows HOA,Dorado Place,Property_Street__c,,Dorado Place
006WR000019Y2BPYA0,Liberty Manor II,Killeen_MDU_Liberty Manor II,"305 Liberty St unit 101, Killeen, TX 76543, USA",Property_Street_Number__c,,305
006WR000019Y2BPYA0,Liberty Manor II,Killeen_MDU_Liberty Manor II,"305 Liberty St unit 101, Killeen, TX 76543, USA",Property_Street__c,,Liberty St
006WR00001DFggWYAT,Colonial Court Apartments,Omaha_MDU_Colonial Court Apartments,4918 Ames Avenue,Property_Street_Number__c,,4918
006WR00001DFggWYAT,Colonial Court Apartments,Omaha_MDU_Colonial Court Apartments,4918 Ames Avenue,Property_Street__c,,Ames Avenue
006WR00001DFggWYAT,Colonial Court Apartments,Omaha_MDU_Colonial Court Apartments,4918 Ames Avenue,Property_County__c,,Douglas
006WR00001DG5gZYAT,4430 Redman Ave,Omaha_MDU_4430 Redman Ave,4430 Redman Avenue,Property_Street_Number__c,,4430
006WR00001DG5gZYAT,4430 Redman Ave,Omaha_MDU_4430 Redman Ave,4430 Redman Avenue,Property_Street__c,,Redman Avenue
006WR00001DG5gZYAT,4430 Redman Ave,Omaha_MDU_4430 Redman Ave,4430 Redman Avenue,Property_County__c,,Douglas
006WR00001DGZ6fYAH,Blondo Crest Apartments,Omaha_MDU_Blondo Crest Apartments,7906 Blondo St,Property_Street_Number__c,,7906
006WR00001DGZ6fYAH,Blondo Crest Apartments,Omaha_MDU_Blondo Crest Apartments,7906 Blondo St,Property_Street__c,,Blondo St
006WR00001DGZ6fYAH,Blondo Crest Apartments,Omaha_MDU_Blondo Crest Apartments,7906 Blondo St,Property_County__c,,Douglas
006WR00001DONRiYAP,4314 N 65th St,Omaha_MDU_4314 N 65th St,4314 N 65th St,Property_Street_Number__c,,4314
006WR00001DONRiYAP,4314 N 65th St,Omaha_MDU_4314 N 65th St,4314 N 65th St,Property_Street__c,,N 65th St
006WR00001DONRiYAP,4314 N 65th St,Omaha_MDU_4314 N 65th St,4314 N 65th St,Property_County__c,,Douglas
006WR00001DOV9CYAX,5016 California St,Omaha_MDU_5016 California St,5016 California St,Property_Street_Number__c,,5016
006WR00001DOV9CYAX,5016 California St,Omaha_MDU_5016 California St,5016 California St,Property_Street__c,,California St
006WR00001DOV9CYAX,5016 California St,Omaha_MDU_5016 California St,5016 California St,Property_County__c,,Douglas
006WR00001DOXkTYAX,Maple Villa Condominium,Omaha_MDU_Maple Villa Condominium,2723 N 93rd St,Property_Street_Number__c,,2723
006WR00001DOXkTYAX,Maple Villa Condominium,Omaha_MDU_Maple Villa Condominium,2723 N 93rd St,Property_Street__c,,N 93rd St
006WR00001DOXkTYAX,Maple Villa Condominium,Omaha_MDU_Maple Villa Condominium,2723 N 93rd St,Property_County__c,,Douglas
006WR00001DP0rIYAT,Chalet Apartments,Omaha_MDU_Chalet Apartments,4728 Seward St,Property_Street_Number__c,,4728
006WR00001DP0rIYAT,Chalet Apartments,Omaha_MDU_Chalet Apartments,4728 Seward St,Property_Street__c,,Seward St
006WR00001DP0rIYAT,Chalet Apartments,Omaha_MDU_Chalet Apartments,4728 Seward St,Property_County__c,,Douglas
006WR00001DP39FYAT,814 N 50th Ave,Omaha_MDU_814 N 50th Ave,814 N 50th Ave,Property_Street_Number__c,,814
006WR00001DP39FYAT,814 N 50th Ave,Omaha_MDU_814 N 50th Ave,814 N 50th Ave,Property_Street__c,,N 50th Ave
006WR00001DP39FYAT,814 N 50th Ave,Omaha_MDU_814 N 50th Ave,814 N 50th Ave,Property_County__c,,Douglas
006WR00001DPEz6YAH,5711 N 24th St 6Plex,Omaha_MDU_5711 N 24th St 6Plex,5711 N 24th St,Property_Street_Number__c,,5711
006WR00001DPEz6YAH,5711 N 24th St 6Plex,Omaha_MDU_5711 N 24th St 6Plex,5711 N 24th St,Property_Street__c,,N 24th St
006WR00001DPEz6YAH,5711 N 24th St 6Plex,Omaha_MDU_5711 N 24th St 6Plex,5711 N 24th St,Property_County__c,,Douglas
006WR00001DPGJLYA5,4750 Lafayette Ave,Omaha_MDU_4750 LAFAYETTE AVE,4750 Lafayette Ave,Property_Street_Number__c,,4750
006WR00001DPGJLYA5,4750 Lafayette Ave,Omaha_MDU_4750 LAFAYETTE AVE,4750 Lafayette Ave,Property_Street__c,,Lafayette Ave
006WR00001DQVhhYAH,914 Mercer Blvd,Omaha_MDU_914 Mercer Blvd,914 Mercer Blvd,Property_Street_Number__c,,914
006WR00001DQVhhYAH,914 Mercer Blvd,Omaha_MDU_914 Mercer Blvd,914 Mercer Blvd,Property_Street__c,,Mercer Blvd
006WR00001DQVhhYAH,914 Mercer Blvd,Omaha_MDU_914 Mercer Blvd,914 Mercer Blvd,Property_County__c,,Douglas
006WR00001FirKVYAZ,Killeen_MDU_219 Hold St 8 Plex,Killeen_MDU_219 Hold St 8 Plex,"219 HOLD ST KILLEEN, TX  76541",Property_Street_Number__c,,219
006WR00001FirKVYAZ,Killeen_MDU_219 Hold St 8 Plex,Killeen_MDU_219 Hold St 8 Plex,"219 HOLD ST KILLEEN, TX  76541",Property_Street__c,,HOLD ST KILLEEN
006WR00001FirKVYAZ,Killeen_MDU_219 Hold St 8 Plex,Killeen_MDU_219 Hold St 8 Plex,"219 HOLD ST KILLEEN, TX  76541",Property_County__c,,Bell
006WR00001FjkonYAB,Omaha_MDU_9140 W Dodge Rd,Omaha_MDU_9140 W Dodge Rd,"9140 W Dodge Rd Omaha, NE  68114",Property_Street_Number__c,,9140
006WR00001FjkonYAB,Omaha_MDU_9140 W Dodge Rd,Omaha_MDU_9140 W Dodge Rd,"9140 W Dodge Rd Omaha, NE  68114",Property_Street__c,,W Dodge Rd Omaha
006WR00001FjkonYAB,Omaha_MDU_9140 W Dodge Rd,Omaha_MDU_9140 W Dodge Rd,"9140 W Dodge Rd Omaha, NE  68114",Property_County__c,,Douglas
006WR00001FjvViYAJ,KILLEEN_MDU_Girard_CT,KILLEEN_MDU_Girard_CT,"3400 GIRARD CT KILLEEN, TX  76542",Property_Street_Number__c,,3400
006WR00001FjvViYAJ,KILLEEN_MDU_Girard_CT,KILLEEN_MDU_Girard_CT,"3400 GIRARD CT KILLEEN, TX  76542",Property_Street__c,,GIRARD CT KILLEEN
006WR00001FjvViYAJ,KILLEEN_MDU_Girard_CT,KILLEEN_MDU_Girard_CT,"3400 GIRARD CT KILLEEN, TX  76542",Property_County__c,,Bell
006WR00001FkS9qYAF,Omaha_MDU_6917 Military Ave Apartments,Omaha_MDU_6917 Military Ave Apartments,"6917 MILITARY AVE OMAHA, NE  68104",Property_Street_Number__c,,6917
006WR00001FkS9qYAF,Omaha_MDU_6917 Military Ave Apartments,Omaha_MDU_6917 Military Ave Apartments,"6917 MILITARY AVE OMAHA, NE  68104",Property_Street__c,,MILITARY AVE OMAHA
006WR00001FkS9qYAF,Omaha_MDU_6917 Military Ave Apartments,Omaha_MDU_6917 Military Ave Apartments,"6917 MILITARY AVE OMAHA, NE  68104",Property_County__c,,Douglas
006WR00001FkWTcYAN,Bridgeport_MDU_Cobb Ave MHP,Bridgeport_MDU_Cobb Ave MHP,"211 COBB AVE BRIDGEPORT, TX  76426",Property_Street_Number__c,,211
006WR00001FkWTcYAN,Bridgeport_MDU_Cobb Ave MHP,Bridgeport_MDU_Cobb Ave MHP,"211 COBB AVE BRIDGEPORT, TX  76426",Property_Street__c,,COBB AVE BRIDGEPORT
006WR00001FkWTcYAN,Bridgeport_MDU_Cobb Ave MHP,Bridgeport_MDU_Cobb Ave MHP,"211 COBB AVE BRIDGEPORT, TX  76426",Property_County__c,,Wise
006WR00001FkXpTYAV,Fort Worth_MDU_Western Station,Fort Worth_MDU_Western Station,"6700 SANDSHELL BLVD FORT WORTH, TX  76137",Property_Street_Number__c,,6700
006WR00001FkXpTYAV,Fort Worth_MDU_Western Station,Fort Worth_MDU_Western Station,"6700 SANDSHELL BLVD FORT WORTH, TX  76137",Property_Street__c,,SANDSHELL BLVD FORT WORTH
006WR00001FkXpTYAV,Fort Worth_MDU_Western Station,Fort Worth_MDU_Western Station,"6700 SANDSHELL BLVD FORT WORTH, TX  76137",Property_County__c,,Tarrant
006WR00001Fkd8WYAR,KILLEEN_MDU_1706_N_2ND_ST,KILLEEN_MDU_1706_N_2ND_ST,"1706 N 2ND ST KILLEEN, TX  76541",Property_Street_Number__c,,1706
006WR00001Fkd8WYAR,KILLEEN_MDU_1706_N_2ND_ST,KILLEEN_MDU_1706_N_2ND_ST,"1706 N 2ND ST KILLEEN, TX  76541",Property_Street__c,,N 2ND ST KILLEEN
006WR00001Fkd8WYAR,KILLEEN_MDU_1706_N_2ND_ST,KILLEEN_MDU_1706_N_2ND_ST,"1706 N 2ND ST KILLEEN, TX  76541",Property_County__c,,Bell
006WR00001FkdmpYAB,Killeen_MDU_810 W Avenue D,Killeen_MDU_810 W Avenue D,"810 W Avenue D Killeen, TX  76541",Property_Street_Number__c,,810
006WR00001FkdmpYAB,Killeen_MDU_810 W Avenue D,Killeen_MDU_810 W Avenue D,"810 W Avenue D Killeen, TX  76541",Property_Street__c,,W Avenue D Killeen
006WR00001FkdmpYAB,Killeen_MDU_810 W Avenue D,Killeen_MDU_810 W Avenue D,"810 W Avenue D Killeen, TX  76541",Property_County__c,,Bell
006WR00001Fkxf4YAB,Killeen_MDU_Hallmark Ave Apts,Killeen_MDU_Hallmark Ave Apts,"805 W HALLMARK AVE KILLEEN, TX  76541",Property_Street_Number__c,,805
006WR00001Fkxf4YAB,Killeen_MDU_Hallmark Ave Apts,Killeen_MDU_Hallmark Ave Apts,"805 W HALLMARK AVE KILLEEN, TX  76541",Property_Street__c,,W HALLMARK AVE KILLEEN
006WR00001Fkxf4YAB,Killeen_MDU_Hallmark Ave Apts,Killeen_MDU_Hallmark Ave Apts,"805 W HALLMARK AVE KILLEEN, TX  76541",Property_County__c,,Bell
006WR00001Fl7pnYAB,Bridgeport_MDU_Bridgeport MHP,Bridgeport_MDU_Bridgeport MHP,"102 PRIVATE ROAD 3405 BRIDGEPORT, TX  76426",Property_Street_Number__c,,102
006WR00001Fl7pnYAB,Bridgeport_MDU_Bridgeport MHP,Bridgeport_MDU_Bridgeport MHP,"102 PRIVATE ROAD 3405 BRIDGEPORT, TX  76426",Property_Street__c,,PRIVATE ROAD 3405 BRIDGEPORT
006WR00001Fl7pnYAB,Bridgeport_MDU_Bridgeport MHP,Bridgeport_MDU_Bridgeport MHP,"102 PRIVATE ROAD 3405 BRIDGEPORT, TX  76426",Property_County__c,,Wise
006WR00001Fl90KYAR,Omaha_MDU_Indian Hills Village Court,Omaha_MDU_Indian Hills Village Court,"8509 INDIAN HILLS DR Omaha, NE  68114",Property_Street_Number__c,,8509
006WR00001Fl90KYAR,Omaha_MDU_Indian Hills Village Court,Omaha_MDU_Indian Hills Village Court,"8509 INDIAN HILLS DR Omaha, NE  68114",Property_Street__c,,INDIAN HILLS DR Omaha
006WR00001Fl90KYAR,Omaha_MDU_Indian Hills Village Court,Omaha_MDU_Indian Hills Village Court,"8509 INDIAN HILLS DR Omaha, NE  68114",Property_County__c,,Douglas
006WR00001FlCFuYAN,Killeen_MDU_1318 18th St,Killeen_MDU_1318 18th St,"1318 18th St Killeen, TX  76541",Property_Street_Number__c,,1318
006WR00001FlCFuYAN,Killeen_MDU_1318 18th St,Killeen_MDU_1318 18th St,"1318 18th St Killeen, TX  76541",Property_Street__c,,18th St Killeen
006WR00001FlCFuYAN,Killeen_MDU_1318 18th St,Killeen_MDU_1318 18th St,"1318 18th St Killeen, TX  76541",Property_County__c,,Bell
006WR00001FlPHzYAN,Killeen_MDU_4707 Westcliff,Killeen_MDU_4707 Westcliff,"4707 WESTCLIFF RD KILLEEN, TX  76543",Property_Street_Number__c,,4707
006WR00001FlPHzYAN,Killeen_MDU_4707 Westcliff,Killeen_MDU_4707 Westcliff,"4707 WESTCLIFF RD KILLEEN, TX  76543",Property_Street__c,,WESTCLIFF RD KILLEEN
006WR00001FlPHzYAN,Killeen_MDU_4707 Westcliff,Killeen_MDU_4707 Westcliff,"4707 WESTCLIFF RD KILLEEN, TX  76543",Property_County__c,,Bell
006WR00001FlRjaYAF,Omaha_MDU_Omaha Housing Authority Benson Tower,Omaha_MDU_Omaha Housing Authority Benson Tower,"5900 NW RADIAL HWY OMAHA, NE  68104",Property_Street_Number__c,,5900
006WR00001FlRjaYAF,Omaha_MDU_Omaha Housing Authority Benson Tower,Omaha_MDU_Omaha Housing Authority Benson Tower,"5900 NW RADIAL HWY OMAHA, NE  68104",Property_Street__c,,NW RADIAL HWY OMAHA
006WR00001FlRjaYAF,Omaha_MDU_Omaha Housing Authority Benson Tower,Omaha_MDU_Omaha Housing Authority Benson Tower,"5900 NW RADIAL HWY OMAHA, NE  68104",Property_County__c,,Douglas
006WR00001FlY9yYAF,Omaha_MDU_4920 Capital Ave,Omaha_MDU_4920 Capital Ave,"4920 Capital Ave Omaha, NE  68132",Property_Street_Number__c,,4920
006WR00001FlY9yYAF,Omaha_MDU_4920 Capital Ave,Omaha_MDU_4920 Capital Ave,"4920 Capital Ave Omaha, NE  68132",Property_Street__c,,Capital Ave Omaha
006WR00001FlY9yYAF,Omaha_MDU_4920 Capital Ave,Omaha_MDU_4920 Capital Ave,"4920 Capital Ave Omaha, NE  68132",Property_County__c,,Douglas
006WR00001FloEkYAJ,KILLEEN_MDU_2103_MLK_JR_BLVD apts,KILLEEN_MDU_2103_MLK_JR_BLVD apts,"2103 MARTIN LUTHER KING JR BLVD KILLEEN, TX  76543",Property_Street_Number__c,,2103
006WR00001FloEkYAJ,KILLEEN_MDU_2103_MLK_JR_BLVD apts,KILLEEN_MDU_2103_MLK_JR_BLVD apts,"2103 MARTIN LUTHER KING JR BLVD KILLEEN, TX  76543",Property_Street__c,,MARTIN LUTHER KING JR BLVD KILLEEN
006WR00001FloEkYAJ,KILLEEN_MDU_2103_MLK_JR_BLVD apts,KILLEEN_MDU_2103_MLK_JR_BLVD apts,"2103 MARTIN LUTHER KING JR BLVD KILLEEN, TX  76543",Property_County__c,,Bell
006WR00001FlooFYAR,JARRELL_MDU_Jarrell_Mobile_Homes,JARRELL_MDU_Jarrell_Mobile_Homes,"1601 COUNTY ROAD 305 JARRELL, TX  76537",Property_Street_Number__c,,1601
006WR00001FlooFYAR,JARRELL_MDU_Jarrell_Mobile_Homes,JARRELL_MDU_Jarrell_Mobile_Homes,"1601 COUNTY ROAD 305 JARRELL, TX  76537",Property_Street__c,,COUNTY ROAD 305 JARRELL
006WR00001FlooFYAR,JARRELL_MDU_Jarrell_Mobile_Homes,JARRELL_MDU_Jarrell_Mobile_Homes,"1601 COUNTY ROAD 305 JARRELL, TX  76537",Property_County__c,,Williamson
006WR00001FlqTVYAZ,Killeen_MDU_1015-1017 14th St,Killeen_MDU_1015-1017 14th St,"1017 14th St Killeen, TX  76541",Property_Street_Number__c,,1017
006WR00001FlqTVYAZ,Killeen_MDU_1015-1017 14th St,Killeen_MDU_1015-1017 14th St,"1017 14th St Killeen, TX  76541",Property_Street__c,,14th St Killeen
006WR00001FlqTVYAZ,Killeen_MDU_1015-1017 14th St,Killeen_MDU_1015-1017 14th St,"1017 14th St Killeen, TX  76541",Property_County__c,,Bell
006WR00001FluYgYAJ,Killeen_MDU_Windchase Apartments,Killeen_MDU_Windchase Apartments,"2203 BOTANICAL DR Killeen, TX  76542",Property_Street_Number__c,,2203
006WR00001FluYgYAJ,Killeen_MDU_Windchase Apartments,Killeen_MDU_Windchase Apartments,"2203 BOTANICAL DR Killeen, TX  76542",Property_Street__c,,BOTANICAL DR Killeen
006WR00001FluYgYAJ,Killeen_MDU_Windchase Apartments,Killeen_MDU_Windchase Apartments,"2203 BOTANICAL DR Killeen, TX  76542",Property_County__c,,Bell
006WR00001FlycHYAR,Killeen_MDU_1800-1802 N 4th St,Killeen_MDU_1800-1802 N 4th St,"1800 N 4th St Killeen, TX  76541",Property_Street_Number__c,,1800
006WR00001FlycHYAR,Killeen_MDU_1800-1802 N 4th St,Killeen_MDU_1800-1802 N 4th St,"1800 N 4th St Killeen, TX  76541",Property_Street__c,,N 4th St Killeen
006WR00001FlycHYAR,Killeen_MDU_1800-1802 N 4th St,Killeen_MDU_1800-1802 N 4th St,"1800 N 4th St Killeen, TX  76541",Property_County__c,,Bell
006WR00001Fm1FBYAZ,Taylor_MDU_117 E 7th St,Taylor_MDU_117 E 7th St,"117 E 7th St Taylor, TX  76574",Property_Street_Number__c,,117
006WR00001Fm1FBYAZ,Taylor_MDU_117 E 7th St,Taylor_MDU_117 E 7th St,"117 E 7th St Taylor, TX  76574",Property_Street__c,,E 7th St Taylor
006WR00001Fm1FBYAZ,Taylor_MDU_117 E 7th St,Taylor_MDU_117 E 7th St,"117 E 7th St Taylor, TX  76574",Property_County__c,,Williamson
