SF_Id,Name,Field,Before,After,Source,Timestamp,Action
006WR00000SNUwXYAX,Overcomers Church - SMB 1G,Originator__c,(null),005WR000003CDkXYAW,2026-07-08-backfill-originator.py,2026-07-08T15:51:07,backfill
006WR00000STzxgYAD,Drip Athletic - SMB 1G,Originator__c,(null),005WR000003CDkXYAW,2026-07-08-backfill-originator.py,2026-07-08T15:51:07,backfill
006WR00000SUnnxYAD,Gesu Housing - SMB 300M & (1) Voiceline,Originator__c,(null),005WR000003CDkXYAW,2026-07-08-backfill-originator.py,2026-07-08T15:51:07,backfill
006WR00000SV2GlYAL,Compassion & Care - SMB 2G,Originator__c,(null),005WR000003CDkXYAW,2026-07-08-backfill-originator.py,2026-07-08T15:51:07,backfill
006WR00000SiYltYAF,AJ Cafe - 1G SMB,Originator__c,(null),005WR000003CDkXYAW,2026-07-08-backfill-originator.py,2026-07-08T15:51:07,backfill
006WR00000SjfoTYAR,ANDERSON SIGNS - SMB 300m,Originator__c,(null),005WR000003CDkXYAW,2026-07-08-backfill-originator.py,2026-07-08T15:51:07,backfill
006WR00000SksjfYAB,SHEPHERD OF THE HILLS - SMB 300m,Originator__c,(null),005WR000003CDkXYAW,2026-07-08-backfill-originator.py,2026-07-08T15:51:07,backfill
006WR00000SlO5DYAV,HOUSE OF BEERS - SMB 300m,Originator__c,(null),005WR000003CDkXYAW,2026-07-08-backfill-originator.py,2026-07-08T15:51:07,backfill
006WR00000SoMOeYAN,Southstar Bank,Originator__c,(null),005WR000003CD7pYAG,2026-07-08-backfill-originator.py,2026-07-08T15:51:07,backfill
006WR00000SoRGDYA3,Greater Omaha Refrig - Commercial 1G,Originator__c,(null),005WR000003CDkXYAW,2026-07-08-backfill-originator.py,2026-07-08T15:51:07,backfill
006WR00000SoWpOYAV,Shell of Bridgeport,Originator__c,(null),005WR000003CDZFYA4,2026-07-08-backfill-originator.py,2026-07-08T15:51:07,backfill
006WR00000SonztYAB,Creative Structures - SMB 1G,Originator__c,(null),005WR000003CDkXYAW,2026-07-08-backfill-originator.py,2026-07-08T15:51:07,backfill
006WR00000SuRVGYA3,Kozy Lawn Care - SMB 1G,Originator__c,(null),005WR000003CDkXYAW,2026-07-08-backfill-originator.py,2026-07-08T15:51:07,backfill
006WR00000SuzOsYAJ,Northwest Chiro - SMB 1G,Originator__c,(null),005WR000003CDkXYAW,2026-07-08-backfill-originator.py,2026-07-08T15:51:07,backfill
006WR00000Sv4pxYAB,CIRCLE OF LOVE - SMB 300m,Originator__c,(null),005WR000003CDkXYAW,2026-07-08-backfill-originator.py,2026-07-08T15:51:07,backfill
006WR00000Sw0CQYAZ,"East Street tattoo, LLC",Originator__c,(null),005WR000003CD7pYAG,2026-07-08-backfill-originator.py,2026-07-08T15:51:07,backfill
006WR00000SwK34YAF,United Medical 6.11.25,Originator__c,(null),005WR000003CDhJYAW,2026-07-08-backfill-originator.py,2026-07-08T15:51:07,backfill
006WR00000SzarFYAR,ANDERSON SIGNS - SMB 300m & VoIP(1),Originator__c,(null),005WR000003CDkXYAW,2026-07-08-backfill-originator.py,2026-07-08T15:51:07,backfill
006WR00000T0q9CYAR,Keystone Tavern - BL(1),Originator__c,(null),005WR000003CDkXYAW,2026-07-08-backfill-originator.py,2026-07-08T15:51:07,backfill
006WR00000TGyVnYAL,Pic Up Mart,Originator__c,(null),005WR000003CDarYAG,2026-07-08-backfill-originator.py,2026-07-08T15:51:07,backfill
006WR00000TI1oBYAT,New Texas Solar Roofing Company,Originator__c,(null),005WR000003CD7pYAG,2026-07-08-backfill-originator.py,2026-07-08T15:51:07,backfill
006WR00000TLz2zYAD,WSBUNCH - SMB 500m,Originator__c,(null),005WR000003CDkXYAW,2026-07-08-backfill-originator.py,2026-07-08T15:51:07,backfill
006WR00000TMjYrYAL,7 Eleven- 3700 Basswood,Originator__c,(null),005WR000003CDarYAG,2026-07-08-backfill-originator.py,2026-07-08T15:51:07,backfill
006WR00000TVCdhYAH,Action Concrete Pumping Supply,Originator__c,(null),005WR000003CDhJYAW,2026-07-08-backfill-originator.py,2026-07-08T15:51:07,backfill
006WR00000Tq6yIYAR,Skinner Clouse Group,Originator__c,(null),005WR000003CDhJYAW,2026-07-08-backfill-originator.py,2026-07-08T15:51:07,backfill
006WR00000TytLvYAJ,Nebraska Health Network - SLA - 1G/3 BL,Originator__c,(null),005WR000003CDkXYAW,2026-07-08-backfill-originator.py,2026-07-08T15:51:07,backfill
006WR00000U4lohYAB,Element Primary - SMB 1G,Originator__c,(null),005WR000003CDkXYAW,2026-07-08-backfill-originator.py,2026-07-08T15:51:07,backfill
006WR00000U4tXhYAJ,Advanced Spine,Originator__c,(null),005WR000003CDkXYAW,2026-07-08-backfill-originator.py,2026-07-08T15:51:07,backfill
006WR00000UAW70YAH,X Network 1G,Originator__c,(null),005WR000003CDhJYAW,2026-07-08-backfill-originator.py,2026-07-08T15:51:07,backfill
006WR00000UJUYzYAP,Brown Consulting - SMB 1G,Originator__c,(null),005WR000003CDkXYAW,2026-07-08-backfill-originator.py,2026-07-08T15:51:07,backfill
006WR00000UQj0FYAT,Outsource One - SMB 1G,Originator__c,(null),005WR000003CDkXYAW,2026-07-08-backfill-originator.py,2026-07-08T15:51:07,backfill
006WR00000UlqBZYAZ,Code Black Tech - SLA 1G,Originator__c,(null),005WR000003CDkXYAW,2026-07-08-backfill-originator.py,2026-07-08T15:51:07,backfill
006WR00000VXoqbYAD,NORTHWESTERN MEDIA - SMB 300m,Originator__c,(null),005WR000003CDkXYAW,2026-07-08-backfill-originator.py,2026-07-08T15:51:07,backfill
006WR00000XKjNlYAL,Primetime - Phone Prospect,Originator__c,(null),005WR000003CDkXYAW,2026-07-08-backfill-originator.py,2026-07-08T15:51:07,backfill
006WR00000XKyZjYAL,Hausmann - Phone Prospect,Originator__c,(null),005WR000003CDkXYAW,2026-07-08-backfill-originator.py,2026-07-08T15:51:07,backfill
006WR00000nRqfrYAC,Keri Michelle Interiors,Originator__c,(null),005WR000005Ln7hYAC,2026-07-08-backfill-originator.py,2026-07-08T15:51:07,backfill
006WR00000nSqCRYA0,Stones Worth Stepping- Emily,Originator__c,(null),005WR000005Ln7hYAC,2026-07-08-backfill-originator.py,2026-07-08T15:51:07,backfill
006WR00000nTsYfYAK,Malibu Galleries- MARY,Originator__c,(null),005WR000005Ln7hYAC,2026-07-08-backfill-originator.py,2026-07-08T15:51:07,backfill
006WR00000nUSIoYAO,Generation V Vape- 327 N 78th St,Originator__c,(null),005WR000005Ln7hYAC,2026-07-08-backfill-originator.py,2026-07-08T15:51:07,backfill
006WR00000oPFwmYAG,Amy Chisholm.lmt@gmail.com,Originator__c,(null),005WR000005Ln7hYAC,2026-07-08-backfill-originator.py,2026-07-08T15:51:07,backfill
006WR00000oPPWMYA4,Mineral Wells TX info@mineralwellstx.com,Originator__c,(null),005WR000005Ln7hYAC,2026-07-08-backfill-originator.py,2026-07-08T15:51:07,backfill
006WR00000oQ7nRYAS,Keller Lion Club,Originator__c,(null),005WR000005Ln7hYAC,2026-07-08-backfill-originator.py,2026-07-08T15:51:07,backfill
006WR00000oQ9ajYAC,Studio Twenty2 honorthyhair@cox.net,Originator__c,(null),005WR000005Ln7hYAC,2026-07-08-backfill-originator.py,2026-07-08T15:51:07,backfill
006WR00000oQAWoYAO,Your Time Professional Counseling Services//info@professionalconselingservice.com,Originator__c,(null),005WR000005Ln7hYAC,2026-07-08-backfill-originator.py,2026-07-08T15:51:07,backfill
006WR00000qe6VQYAY,ABC Seamless of Nebraska,Originator__c,(null),005WR000005Ln7hYAC,2026-07-08-backfill-originator.py,2026-07-08T15:51:07,backfill
006WR00000qeJZ4YAM,Harter Company,Originator__c,(null),005WR000005Ln7hYAC,2026-07-08-backfill-originator.py,2026-07-08T15:51:07,backfill
006WR00000rsccsYAA,Midstate Hail And Dent,Originator__c,(null),005WR000005Ln7hYAC,2026-07-08-backfill-originator.py,2026-07-08T15:51:07,backfill
006WR00000rt6UZYAY,Mind And Soul 1013 Fm Radio,Originator__c,(null),005WR000005Ln7hYAC,2026-07-08-backfill-originator.py,2026-07-08T15:51:07,backfill
006WR00000rtrOXYAY,Everetts Restaurant,Originator__c,(null),005WR000005Ln7hYAC,2026-07-08-backfill-originator.py,2026-07-08T15:51:07,backfill
006WR00000rudHtYAI,Brazen Head Irish Pub,Originator__c,(null),005WR000005Ln7hYAC,2026-07-08-backfill-originator.py,2026-07-08T15:51:07,backfill
006WR00000tepaQYAQ,Harold's Bar,Originator__c,(null),005WR000005Ln7hYAC,2026-07-08-backfill-originator.py,2026-07-08T15:51:07,backfill
006WR00000vbyfWYAQ,Omaha Steaks,Originator__c,(null),005WR000005Ln7hYAC,2026-07-08-backfill-originator.py,2026-07-08T15:51:07,backfill
006WR00000vc9ayYAA,Foodies,Originator__c,(null),005WR000005Ln7hYAC,2026-07-08-backfill-originator.py,2026-07-08T15:51:07,backfill
006WR00000vcBuWYAU,Hacienda Real,Originator__c,(null),005WR000005Ln7hYAC,2026-07-08-backfill-originator.py,2026-07-08T15:51:07,backfill
006WR00000vdD1NYAU,The Tea Smith,Originator__c,(null),005WR000005Ln7hYAC,2026-07-08-backfill-originator.py,2026-07-08T15:51:07,backfill
006WR00000vdb0VYAQ,Nebraska Spine Hospital,Originator__c,(null),005WR000005Ln7hYAC,2026-07-08-backfill-originator.py,2026-07-08T15:51:07,backfill
006WR00000wZDygYAG,Rothenberg Ronald Neil Md,Originator__c,(null),005WR000005Ln7hYAC,2026-07-08-backfill-originator.py,2026-07-08T15:51:07,backfill
006WR00000wZOUHYA4,Dr David A Ray Do,Originator__c,(null),005WR000005Ln7hYAC,2026-07-08-backfill-originator.py,2026-07-08T15:51:07,backfill
006WR00000welzhYAA,Fish District,Originator__c,(null),005WR000005Ln7hYAC,2026-07-08-backfill-originator.py,2026-07-08T15:51:07,backfill
006WR00000wiNnYYAU,Talavera,Originator__c,(null),005WR00000DE3zRYAT,2026-07-08-backfill-originator.py,2026-07-08T15:51:07,backfill
006WR00000wiNnZYAU,Grandes Cortes Apartments,Originator__c,(null),005WR00000DE3zRYAT,2026-07-08-backfill-originator.py,2026-07-08T15:51:07,backfill
006WR00000wiNnaYAE,Garden Grove,Originator__c,(null),005WR00000DE3zRYAT,2026-07-08-backfill-originator.py,2026-07-08T15:51:07,backfill
006WR00000wiNnbYAE,Rancho Las Palmas,Originator__c,(null),005WR00000DE3zRYAT,2026-07-08-backfill-originator.py,2026-07-08T15:51:07,backfill
006WR00000wiNncYAE,University Valley Apartments,Originator__c,(null),005WR00000DE3zRYAT,2026-07-08-backfill-originator.py,2026-07-08T15:51:07,backfill
006WR00000wiNndYAE,The Lennox @ Tempe,Originator__c,(null),005WR00000DE3zRYAT,2026-07-08-backfill-originator.py,2026-07-08T15:51:07,backfill
006WR00000wiNneYAE,Tempe Park Place,Originator__c,(null),005WR00000DE3zRYAT,2026-07-08-backfill-originator.py,2026-07-08T15:51:07,backfill
006WR00000wiNnfYAE,Chesapeake,Originator__c,(null),005WR00000DE3zRYAT,2026-07-08-backfill-originator.py,2026-07-08T15:51:07,backfill
006WR00000wiNngYAE,Apache Terrace Apartments,Originator__c,(null),005WR00000DE3zRYAT,2026-07-08-backfill-originator.py,2026-07-08T15:51:07,backfill
006WR00000wiNnhYAE,Avana Tempe,Originator__c,(null),005WR00000DE3zRYAT,2026-07-08-backfill-originator.py,2026-07-08T15:51:07,backfill
006WR00000wiNniYAE,La Estancia,Originator__c,(null),005WR00000DE3zRYAT,2026-07-08-backfill-originator.py,2026-07-08T15:51:07,backfill
006WR00000wiNnjYAE,Highland Park (Tempe),Originator__c,(null),005WR00000DE3zRYAT,2026-07-08-backfill-originator.py,2026-07-08T15:51:07,backfill
006WR00000wiNnkYAE,Omnia Baseline,Originator__c,(null),005WR00000DE3zRYAT,2026-07-08-backfill-originator.py,2026-07-08T15:51:07,backfill
006WR00000wiNnlYAE,San Palmilla,Originator__c,(null),005WR00000DE3zRYAT,2026-07-08-backfill-originator.py,2026-07-08T15:51:07,backfill
006WR00000wiNnmYAE,The Halston,Originator__c,(null),005WR00000DE3zRYAT,2026-07-08-backfill-originator.py,2026-07-08T15:51:07,backfill
006WR00000wiNnnYAE,Villa Real,Originator__c,(null),005WR00000DE3zRYAT,2026-07-08-backfill-originator.py,2026-07-08T15:51:07,backfill
006WR00000wiNnoYAE,Gila Springs Apartments,Originator__c,(null),005WR00000DE3zRYAT,2026-07-08-backfill-originator.py,2026-07-08T15:51:07,backfill
006WR00000wiNnpYAE,Reflections at Gila Springs Apartment Homes,Originator__c,(null),005WR00000DE3zRYAT,2026-07-08-backfill-originator.py,2026-07-08T15:51:07,backfill
006WR00000wiNnqYAE,Stonebridge Ranch Apartments,Originator__c,(null),005WR00000DE3zRYAT,2026-07-08-backfill-originator.py,2026-07-08T15:51:07,backfill
006WR00000wiNnrYAE,2150 Apartments,Originator__c,(null),005WR00000DE3zRYAT,2026-07-08-backfill-originator.py,2026-07-08T15:51:07,backfill
006WR00000wiNnsYAE,Cantera,Originator__c,(null),005WR00000DE3zRYAT,2026-07-08-backfill-originator.py,2026-07-08T15:51:07,backfill
006WR00000wiNntYAE,Chandler Meadows,Originator__c,(null),005WR00000DE3zRYAT,2026-07-08-backfill-originator.py,2026-07-08T15:51:07,backfill
006WR00000wiNnuYAE,Montage at Pecos Ranch,Originator__c,(null),005WR00000DE3zRYAT,2026-07-08-backfill-originator.py,2026-07-08T15:51:07,backfill
006WR00000wiNnvYAE,Lumiere Chandler Condominiums,Originator__c,(null),005WR00000DE3zRYAT,2026-07-08-backfill-originator.py,2026-07-08T15:51:07,backfill
006WR00000wiNnwYAE,Caldera,Originator__c,(null),005WR00000DE3zRYAT,2026-07-08-backfill-originator.py,2026-07-08T15:51:07,backfill
006WR00000wiNnxYAE,The Linq,Originator__c,(null),005WR00000DE3zRYAT,2026-07-08-backfill-originator.py,2026-07-08T15:51:07,backfill
006WR00000wiNnyYAE,Park Tower,Originator__c,(null),005WR00000DE3zRYAT,2026-07-08-backfill-originator.py,2026-07-08T15:51:07,backfill
006WR00000wiNnzYAE,909 West Apartments,Originator__c,(null),005WR00000DE3zRYAT,2026-07-08-backfill-originator.py,2026-07-08T15:51:07,backfill
006WR00000wiNo0YAE,CityScape at Lakeshore Apartments,Originator__c,(null),005WR00000DE3zRYAT,2026-07-08-backfill-originator.py,2026-07-08T15:51:07,backfill
006WR00000wiNo1YAE,Finisterra,Originator__c,(null),005WR00000DE3zRYAT,2026-07-08-backfill-originator.py,2026-07-08T15:51:07,backfill
006WR00000wiNo2YAE,Emerson Square,Originator__c,(null),005WR00000DE3zRYAT,2026-07-08-backfill-originator.py,2026-07-08T15:51:07,backfill
006WR00000wiNo3YAE,Tamarak Apartments,Originator__c,(null),005WR00000DE3zRYAT,2026-07-08-backfill-originator.py,2026-07-08T15:51:07,backfill
006WR00000wiNo4YAE,Tremezzo on the Lake,Originator__c,(null),005WR00000DE3zRYAT,2026-07-08-backfill-originator.py,2026-07-08T15:51:07,backfill
006WR00000wiNo5YAE,The Township,Originator__c,(null),005WR00000DE3zRYAT,2026-07-08-backfill-originator.py,2026-07-08T15:51:07,backfill
006WR00000wiNo6YAE,Waterside at Ocotillo,Originator__c,(null),005WR00000DE3zRYAT,2026-07-08-backfill-originator.py,2026-07-08T15:51:07,backfill
006WR00000wiNo7YAE,Tempe Vista,Originator__c,(null),005WR00000DE3zRYAT,2026-07-08-backfill-originator.py,2026-07-08T15:51:07,backfill
006WR00000wiNo8YAE,IMT Chandler,Originator__c,(null),005WR00000DE3zRYAT,2026-07-08-backfill-originator.py,2026-07-08T15:51:07,backfill
006WR00000wiNo9YAE,Eastridge Apartments,Originator__c,(null),005WR00000DE3zRYAT,2026-07-08-backfill-originator.py,2026-07-08T15:51:07,backfill
006WR00000wiNoAYAU,Tanque Verde,Originator__c,(null),005WR00000DE3zRYAT,2026-07-08-backfill-originator.py,2026-07-08T15:51:07,backfill
006WR00000wiNoBYAU,Villas Los Duranzos,Originator__c,(null),005WR00000DE3zRYAT,2026-07-08-backfill-originator.py,2026-07-08T15:51:07,backfill
006WR00000wiNoCYAU,Promontory Apartment Homes,Originator__c,(null),005WR00000DE3zRYAT,2026-07-08-backfill-originator.py,2026-07-08T15:51:07,backfill
006WR00000wiNoDYAU,Coronado Villas,Originator__c,(null),005WR00000DE3zRYAT,2026-07-08-backfill-originator.py,2026-07-08T15:51:07,backfill
006WR00000wiNoEYAU,Trails West MHP,Originator__c,(null),005WR00000DE3zRYAT,2026-07-08-backfill-originator.py,2026-07-08T15:51:07,backfill
006WR00000wiNoFYAU,Riverstone,Originator__c,(null),005WR00000DE3zRYAT,2026-07-08-backfill-originator.py,2026-07-08T15:51:07,backfill
006WR00000wiNoGYAU,Avana River Ranch,Originator__c,(null),005WR00000DE3zRYAT,2026-07-08-backfill-originator.py,2026-07-08T15:51:07,backfill
006WR00000wiNoHYAU,Tides at Parkview,Originator__c,(null),005WR00000DE3zRYAT,2026-07-08-backfill-originator.py,2026-07-08T15:51:07,backfill
006WR00000wiNoIYAU,Canyon Oaks,Originator__c,(null),005WR00000DE3zRYAT,2026-07-08-backfill-originator.py,2026-07-08T15:51:07,backfill
006WR00000wiNoJYAU,Rincon Valley MHP,Originator__c,(null),005WR00000DE3zRYAT,2026-07-08-backfill-originator.py,2026-07-08T15:51:07,backfill
006WR00000wiNoKYAU,Ascension at Ironwood,Originator__c,(null),005WR00000DE3zRYAT,2026-07-08-backfill-originator.py,2026-07-08T15:51:07,backfill
006WR00000wiNoLYAU,Fellowship Square - Tucson,Originator__c,(null),005WR00000DE3zRYAT,2026-07-08-backfill-originator.py,2026-07-08T15:51:07,backfill
006WR00000wiNoMYAU,Sycamore Creek Apartments,Originator__c,(null),005WR00000DE3zRYAT,2026-07-08-backfill-originator.py,2026-07-08T15:51:07,backfill
006WR00000wiNoNYAU,Sorensen Heights,Originator__c,(null),005WR00000DEU6oYAH,2026-07-08-backfill-originator.py,2026-07-08T15:51:07,backfill
006WR00000wiNoOYAU,Plaza Del Sol MHP,Originator__c,(null),005WR00000DE3zRYAT,2026-07-08-backfill-originator.py,2026-07-08T15:51:07,backfill
006WR00000wiNoPYAU,Lake Pointe Apartments,Originator__c,(null),005WR00000CXIX7YAP,2026-07-08-backfill-originator.py,2026-07-08T15:51:07,backfill
006WR00000wiNoQYAU,Villa Pacific Apartments - Oceanside,Originator__c,(null),005WR00000DE3zRYAT,2026-07-08-backfill-originator.py,2026-07-08T15:51:07,backfill
006WR00000wiNoRYAU,Sonoran Vista,Originator__c,(null),005WR00000CXEZyYAP,2026-07-08-backfill-originator.py,2026-07-08T15:51:07,backfill
006WR00000wiNoSYAU,Haciendas de la Playa,Originator__c,(null),005WR0000030RCzYAM,2026-07-08-backfill-originator.py,2026-07-08T15:51:07,backfill
006WR00000wiNoTYAU,Charleston Gardens,Originator__c,(null),005WR00000DE3zRYAT,2026-07-08-backfill-originator.py,2026-07-08T15:51:07,backfill
006WR00000wiNoUYAU,Finn Apartments,Originator__c,(null),005WR00000CXIX7YAP,2026-07-08-backfill-originator.py,2026-07-08T15:51:07,backfill
006WR00000wiNoVYAU,Haven at Lone Mountain Apartments,Originator__c,(null),005WR00000DE3zRYAT,2026-07-08-backfill-originator.py,2026-07-08T15:51:07,backfill
006WR00000wiNoWYAU,Lumina on 19th Apartments,Originator__c,(null),005WR00000CXEZyYAP,2026-07-08-backfill-originator.py,2026-07-08T15:51:07,backfill
006WR00000wiNoXYAU,Olive Queen Creek,Originator__c,(null),005WR00000CXIX7YAP,2026-07-08-backfill-originator.py,2026-07-08T15:51:07,backfill
006WR00000wiNoYYAU,Casa Santa Fe,Originator__c,(null),005WR00000DE45tYAD,2026-07-08-backfill-originator.py,2026-07-08T15:51:07,backfill
006WR00000wiNoZYAU,Kaia Pointe,Originator__c,(null),005WR00000CXIX7YAP,2026-07-08-backfill-originator.py,2026-07-08T15:51:07,backfill
006WR00000wiNoaYAE,Southgate Glen,Originator__c,(null),005WR00000CXIX7YAP,2026-07-08-backfill-originator.py,2026-07-08T15:51:07,backfill
006WR00000wiNobYAE,Gardens of Weatherford,Originator__c,(null),005WR00000CXIX7YAP,2026-07-08-backfill-originator.py,2026-07-08T15:51:07,backfill
006WR00000wiNocYAE,Jones13,Originator__c,(null),005WR00000CXIX7YAP,2026-07-08-backfill-originator.py,2026-07-08T15:51:07,backfill
006WR00000wiNodYAE,Paisley & Pointe at Centennial Hills,Originator__c,(null),005WR00000DE3zRYAT,2026-07-08-backfill-originator.py,2026-07-08T15:51:07,backfill
006WR00000wiNoeYAE,Country Oaks Apartments,Originator__c,(null),005WR00000CXEZyYAP,2026-07-08-backfill-originator.py,2026-07-08T15:51:07,backfill
006WR00000wiNofYAE,Woodridge Villas,Originator__c,(null),005WR00000DE3zRYAT,2026-07-08-backfill-originator.py,2026-07-08T15:51:07,backfill
006WR00000wiNogYAE,Senator Richard Bryon Senior Apartments,Originator__c,(null),005WR00000DE3zRYAT,2026-07-08-backfill-originator.py,2026-07-08T15:51:07,backfill
006WR00000wiNohYAE,Noel Crest Condos HOA,Originator__c,(null),005WR00000CXIX7YAP,2026-07-08-backfill-originator.py,2026-07-08T15:51:07,backfill
006WR00000wiNoiYAE,Lattitude,Originator__c,(null),005WR00000DE3zRYAT,2026-07-08-backfill-originator.py,2026-07-08T15:51:07,backfill
006WR00000wiNojYAE,Elysian at Post,Originator__c,(null),005WR00000DE3zRYAT,2026-07-08-backfill-originator.py,2026-07-08T15:51:07,backfill
006WR00000wiNokYAE,Foster Greens Apartments,Originator__c,(null),005WR00000CXEZyYAP,2026-07-08-backfill-originator.py,2026-07-08T15:51:07,backfill
006WR00000wiNolYAE,Talisman Condos,Originator__c,(null),005WR00000DE3zRYAT,2026-07-08-backfill-originator.py,2026-07-08T15:51:07,backfill
006WR00000wiNomYAE,Fiesta Condos,Originator__c,(null),005WR00000DE3zRYAT,2026-07-08-backfill-originator.py,2026-07-08T15:51:07,backfill
006WR00000wiNonYAE,Wyndham Villas - Broadmoor,Originator__c,(null),005WR00000DEU6oYAH,2026-07-08-backfill-originator.py,2026-07-08T15:51:07,backfill
006WR00000wiNooYAE,The Ridge & Shores Apartments,Originator__c,(null),005WR00000CXEZyYAP,2026-07-08-backfill-originator.py,2026-07-08T15:51:07,backfill
006WR00000wiNopYAE,Western Sun Apartments,Originator__c,(null),005WR00000DE44HYAT,2026-07-08-backfill-originator.py,2026-07-08T15:51:07,backfill
006WR00000wiNoqYAE,Viewpoint Apartment Homes,Originator__c,(null),005WR00000CXEZyYAP,2026-07-08-backfill-originator.py,2026-07-08T15:51:07,backfill
006WR00000wiNorYAE,Jerome Apartments,Originator__c,(null),005WR00000CXEZyYAP,2026-07-08-backfill-originator.py,2026-07-08T15:51:07,backfill
006WR00000wiNosYAE,Sandstone Apartments,Originator__c,(null),005WR00000DEU6oYAH,2026-07-08-backfill-originator.py,2026-07-08T15:51:07,backfill
006WR00000wiNotYAE,Lyn Terrace Apartments _Lumen Fl_Marvin,Originator__c,(null),005WR00000CXIX7YAP,2026-07-08-backfill-originator.py,2026-07-08T15:51:07,backfill
006WR00000wiNouYAE,Lakeside Heights,Originator__c,(null),005WR00000CXEZyYAP,2026-07-08-backfill-originator.py,2026-07-08T15:51:07,backfill
006WR00000wiNovYAE,Clarendon,Originator__c,(null),005WR00000CXEZyYAP,2026-07-08-backfill-originator.py,2026-07-08T15:51:07,backfill
006WR00000wiNowYAE,Cinnabar Apts.,Originator__c,(null),005WR00000CXEZyYAP,2026-07-08-backfill-originator.py,2026-07-08T15:51:07,backfill
006WR00000wiNoxYAE,Jasper,Originator__c,(null),005WR00000CXEZyYAP,2026-07-08-backfill-originator.py,2026-07-08T15:51:07,backfill
006WR00000wiNoyYAE,University Gardens Apartment,Originator__c,(null),005WR00000CXEZyYAP,2026-07-08-backfill-originator.py,2026-07-08T15:51:07,backfill
006WR00000wiNozYAE,Cliffs at North Mountain,Originator__c,(null),005WR00000CXEZyYAP,2026-07-08-backfill-originator.py,2026-07-08T15:51:07,backfill
006WR00000wiNp0YAE,Palm Aire Apts.,Originator__c,(null),005WR00000CXEZyYAP,2026-07-08-backfill-originator.py,2026-07-08T15:51:07,backfill
006WR00000wiNp1YAE,Landes - Thrive Communities,Originator__c,(null),005WR00000CXEZyYAP,2026-07-08-backfill-originator.py,2026-07-08T15:51:07,backfill
006WR00000wiNp2YAE,Big Trout Lodge,Originator__c,(null),005WR00000CXEZyYAP,2026-07-08-backfill-originator.py,2026-07-08T15:51:07,backfill
006WR00000wiNp3YAE,Cimarron Apartments LV,Originator__c,(null),005WR00000DE3zRYAT,2026-07-08-backfill-originator.py,2026-07-08T15:51:07,backfill
006WR00000wiNp4YAE,Lyons Glen Apartments,Originator__c,(null),005WR00000CXEZyYAP,2026-07-08-backfill-originator.py,2026-07-08T15:51:07,backfill
006WR00000wiNp5YAE,Regency Woods Apartments,Originator__c,(null),005WR00000CXEZyYAP,2026-07-08-backfill-originator.py,2026-07-08T15:51:07,backfill
006WR00000wiNp6YAE,Soundview Apartment Homes,Originator__c,(null),005WR00000CXEZyYAP,2026-07-08-backfill-originator.py,2026-07-08T15:51:07,backfill
006WR00000wj8JOYAY,The Link,Originator__c,(null),005WR00000DE44HYAT,2026-07-08-backfill-originator.py,2026-07-08T15:51:07,backfill
006WR00000wj8JPYAY,The Flats at SanTan,Originator__c,(null),005WR00000DE44HYAT,2026-07-08-backfill-originator.py,2026-07-08T15:51:07,backfill
006WR00000wj8JQYAY,Oasis in Mesa,Originator__c,(null),005WR00000DE44HYAT,2026-07-08-backfill-originator.py,2026-07-08T15:51:07,backfill
006WR00000wj8JRYAY,The Madison,Originator__c,(null),005WR00000DE44HYAT,2026-07-08-backfill-originator.py,2026-07-08T15:51:07,backfill
006WR00000wj8JSYAY,The Wyatt,Originator__c,(null),005WR00000DE44HYAT,2026-07-08-backfill-originator.py,2026-07-08T15:51:07,backfill
006WR00000wj8JTYAY,Acero Val Vista,Originator__c,(null),005WR00000DE44HYAT,2026-07-08-backfill-originator.py,2026-07-08T15:51:07,backfill
006WR00000wj8JUYAY,Mesa Village,Originator__c,(null),005WR00000DE44HYAT,2026-07-08-backfill-originator.py,2026-07-08T15:51:07,backfill
006WR00000wj8JVYAY,Avana Gilbert,Originator__c,(null),005WR00000DE44HYAT,2026-07-08-backfill-originator.py,2026-07-08T15:51:07,backfill
006WR00000wj8JWYAY,Fiesta Village Furnished Apartments,Originator__c,(null),005WR00000DE44HYAT,2026-07-08-backfill-originator.py,2026-07-08T15:51:07,backfill
006WR00000wj8JXYAY,Town Germann,Originator__c,(null),005WR00000DE44HYAT,2026-07-08-backfill-originator.py,2026-07-08T15:51:07,backfill
006WR00000wj8JYYAY,Marigold Ranch at San Tan Village,Originator__c,(null),005WR00000DE44HYAT,2026-07-08-backfill-originator.py,2026-07-08T15:51:07,backfill
006WR00000wj8JZYAY,College Park Woods,Originator__c,(null),005WR00000DE44HYAT,2026-07-08-backfill-originator.py,2026-07-08T15:51:07,backfill
006WR00000wj8JaYAI,SunVilla Apartments,Originator__c,(null),005WR00000DE44HYAT,2026-07-08-backfill-originator.py,2026-07-08T15:51:07,backfill
006WR00000wj8JbYAI,El Mirage Mobile Home Park ( Saguaro Sun ),Originator__c,(null),005WR00000DE44HYAT,2026-07-08-backfill-originator.py,2026-07-08T15:51:07,backfill
006WR00000wj8JcYAI,Royal Palms Village (MHP),Originator__c,(null),005WR00000DE44HYAT,2026-07-08-backfill-originator.py,2026-07-08T15:51:07,backfill
006WR00000wj8JdYAI,Sunset Resort-520 Spaces (MHP),Originator__c,(null),005WR00000DE44HYAT,2026-07-08-backfill-originator.py,2026-07-08T15:51:07,backfill
006WR00000wj8JeYAI,Avia 266,Originator__c,(null),005WR00000DE44HYAT,2026-07-08-backfill-originator.py,2026-07-08T15:51:07,backfill
006WR00000wj8JfYAI,Cadia Crossing,Originator__c,(null),005WR00000DE44HYAT,2026-07-08-backfill-originator.py,2026-07-08T15:51:07,backfill
006WR00000wj8JgYAI,Apache Wells Trailer Rv Resort (MHP),Originator__c,(null),005WR00000DE44HYAT,2026-07-08-backfill-originator.py,2026-07-08T15:51:07,backfill
006WR00000wj8JhYAI,Agave Apartments,Originator__c,(null),005WR00000DE44HYAT,2026-07-08-backfill-originator.py,2026-07-08T15:51:07,backfill
006WR00000wj8JiYAI,Ascend at Red Mountain,Originator__c,(null),005WR00000DE44HYAT,2026-07-08-backfill-originator.py,2026-07-08T15:51:07,backfill
006WR00000wj8JjYAI,Ascend at Longbow Highpoint,Originator__c,(null),005WR00000DE44HYAT,2026-07-08-backfill-originator.py,2026-07-08T15:51:07,backfill
006WR00000wj8JkYAI,Album Mountain Vista,Originator__c,(null),005WR00000DE44HYAT,2026-07-08-backfill-originator.py,2026-07-08T15:51:07,backfill
006WR00000wj8JlYAI,Candela Park,Originator__c,(null),005WR00000DE44HYAT,2026-07-08-backfill-originator.py,2026-07-08T15:51:07,backfill
006WR00000wj8JmYAI,Dartmouth Trace,Originator__c,(null),005WR00000DE44HYAT,2026-07-08-backfill-originator.py,2026-07-08T15:51:07,backfill
006WR00000wj8JnYAI,Aspenwood Mobile Home Park (MHP),Originator__c,(null),005WR00000DE44HYAT,2026-07-08-backfill-originator.py,2026-07-08T15:51:07,backfill
006WR00000wj8JoYAI,Brookview Apartments,Originator__c,(null),005WR00000DE44HYAT,2026-07-08-backfill-originator.py,2026-07-08T15:51:07,backfill
006WR00000wj8JpYAI,Alta Uptown (Chandler AZ),Originator__c,(null),005WR00000DE44HYAT,2026-07-08-backfill-originator.py,2026-07-08T15:51:07,backfill
006WR00000wj8JqYAI,Calusa Trace,Originator__c,(null),005WR00000DE44HYAT,2026-07-08-backfill-originator.py,2026-07-08T15:51:07,backfill
006WR00000wj8JrYAI,Broadway Estates,Originator__c,(null),005WR00000DE44HYAT,2026-07-08-backfill-originator.py,2026-07-08T15:51:07,backfill
006WR00000wj8JsYAI,BB Living at Val Vista,Originator__c,(null),005WR00000DE44HYAT,2026-07-08-backfill-originator.py,2026-07-08T15:51:07,backfill
006WR00000wj8JtYAI,Camden Tempe,Originator__c,(null),005WR00000CXEZyYAP,2026-07-08-backfill-originator.py,2026-07-08T15:51:07,backfill
006WR00000wj8JuYAI,Agave Village,Originator__c,(null),005WR00000DE44HYAT,2026-07-08-backfill-originator.py,2026-07-08T15:51:07,backfill
006WR00000wj8JvYAI,Crismon Gateway Rentals,Originator__c,(null),005WR00000DE44HYAT,2026-07-08-backfill-originator.py,2026-07-08T15:51:07,backfill
006WR00000wj8JwYAI,Cactus Wren (MHP),Originator__c,(null),005WR00000CXEZyYAP,2026-07-08-backfill-originator.py,2026-07-08T15:51:07,backfill
006WR00000wj8JxYAI,Tuscan Isle,Originator__c,(null),005WR00000CXIX7YAP,2026-07-08-backfill-originator.py,2026-07-08T15:51:07,backfill
006WR00000wj8JyYAI,Beverly Mobile Home Park,Originator__c,(null),005WR00000DE44HYAT,2026-07-08-backfill-originator.py,2026-07-08T15:51:07,backfill
006WR00000wj8JzYAI,Centennial Village,Originator__c,(null),005WR00000DE44HYAT,2026-07-08-backfill-originator.py,2026-07-08T15:51:07,backfill
006WR00000wj8K0YAI,Castillo Nuevo,Originator__c,(null),005WR00000DE44HYAT,2026-07-08-backfill-originator.py,2026-07-08T15:51:07,backfill
006WR00000wj8K1YAI,Westchase Apartments,Originator__c,(null),005WR00000CXIX7YAP,2026-07-08-backfill-originator.py,2026-07-08T15:51:07,backfill
006WR00000wj8K2YAI,Copper Point,Originator__c,(null),005WR00000DE44HYAT,2026-07-08-backfill-originator.py,2026-07-08T15:51:07,backfill
006WR00000wj8K3YAI,Casa Serena (MHP),Originator__c,(null),005WR00000DE44HYAT,2026-07-08-backfill-originator.py,2026-07-08T15:51:07,backfill
006WR00000wj8K4YAI,Arizona Acres Resort,Originator__c,(null),005WR00000DE44HYAT,2026-07-08-backfill-originator.py,2026-07-08T15:51:07,backfill
006WR00000wj8K5YAI,1758 S Val Vista Dr,Originator__c,(null),005WR00000DE44HYAT,2026-07-08-backfill-originator.py,2026-07-08T15:51:07,backfill
006WR00000wj8K6YAI,Annex at Cadence,Originator__c,(null),005WR00000DE44HYAT,2026-07-08-backfill-originator.py,2026-07-08T15:51:07,backfill
006WR00000wj8K7YAI,Alta Vista Apartments,Originator__c,(null),005WR00000DE44HYAT,2026-07-08-backfill-originator.py,2026-07-08T15:51:07,backfill
006WR00000wj8K8YAI,9736 E Main St (MHP),Originator__c,(null),005WR00000DE44HYAT,2026-07-08-backfill-originator.py,2026-07-08T15:51:07,backfill
006WR00000wj8K9YAI,315-321 N Higley Rd,Originator__c,(null),005WR00000DE44HYAT,2026-07-08-backfill-originator.py,2026-07-08T15:51:07,backfill
006WR00000wj8KAYAY,Buenas on Broadway,Originator__c,(null),005WR00000DE44HYAT,2026-07-08-backfill-originator.py,2026-07-08T15:51:07,backfill
006WR00000wj8KBYAY,Centennial Village Corp,Originator__c,(null),005WR00000DE44HYAT,2026-07-08-backfill-originator.py,2026-07-08T15:51:07,backfill
006WR00000wj8KCYAY,1151 W Dragoon Cir,Originator__c,(null),005WR00000DE44HYAT,2026-07-08-backfill-originator.py,2026-07-08T15:51:07,backfill
006WR00000wj8KDYAY,Brighthaven Estates,Originator__c,(null),005WR00000DE44HYAT,2026-07-08-backfill-originator.py,2026-07-08T15:51:07,backfill
006WR00000wj8KEYAY,Encore on First West,Originator__c,(null),005WR00000DEU6oYAH,2026-07-08-backfill-originator.py,2026-07-08T15:51:07,backfill
006WR00000wj8KFYAY,Mesa Artspace Lofts,Originator__c,(null),005WR00000DEU6oYAH,2026-07-08-backfill-originator.py,2026-07-08T15:51:07,backfill
006WR00000wj8KGYAY,4455 Greenwood Avenue,Originator__c,(null),005WR00000CXEZyYAP,2026-07-08-backfill-originator.py,2026-07-08T15:51:07,backfill
006WR00000wj8KHYAY,Kings Gate Senior Apartments,Originator__c,(null),005WR00000DEU6oYAH,2026-07-08-backfill-originator.py,2026-07-08T15:51:07,backfill
006WR00000wj8KIYAY,Prairie Spring Apartments,Originator__c,(null),005WR00000DEU6oYAH,2026-07-08-backfill-originator.py,2026-07-08T15:51:07,backfill
006WR00000wj8KJYAY,5301-5307 S. Maryland Avenue,Originator__c,(null),005WR00000CXEZyYAP,2026-07-08-backfill-originator.py,2026-07-08T15:51:07,backfill
006WR00000wj8KKYAY,Mesa Station,Originator__c,(null),005WR00000DE45tYAD,2026-07-08-backfill-originator.py,2026-07-08T15:51:07,backfill
006WR00000wj8KLYAY,Juniper Gardens,Originator__c,(null),005WR00000DEU6oYAH,2026-07-08-backfill-originator.py,2026-07-08T15:51:07,backfill
006WR00000wj8KMYAY,5049 S. Drexel Boulevard,Originator__c,(null),005WR00000CXEZyYAP,2026-07-08-backfill-originator.py,2026-07-08T15:51:07,backfill
006WR00000wj8KNYAY,Avondale Apartments Envolve (copy),Originator__c,(null),005WR00000CXEZyYAP,2026-07-08-backfill-originator.py,2026-07-08T15:51:07,backfill
006WR00000wj8KOYAY,Ocean Crest Apartments,Originator__c,(null),005WR00000DEU6oYAH,2026-07-08-backfill-originator.py,2026-07-08T15:51:07,backfill
006WR00000wj8KPYAY,Albany Apartments,Originator__c,(null),005WR00000DE45tYAD,2026-07-08-backfill-originator.py,2026-07-08T15:51:07,backfill
006WR00000wj8KQYAY,Arboretum Village,Originator__c,(null),005WR00000DEU6oYAH,2026-07-08-backfill-originator.py,2026-07-08T15:51:07,backfill
006WR00000wj8KRYAY,5053 S. Ellis Avenue,Originator__c,(null),005WR00000CXEZyYAP,2026-07-08-backfill-originator.py,2026-07-08T15:51:07,backfill
006WR00000wj8KSYAY,Biltmore Terrace Condominiums,Originator__c,(null),005WR00000CXEZyYAP,2026-07-08-backfill-originator.py,2026-07-08T15:51:07,backfill
006WR00000wj8KTYAY,Embassy Park Apartments,Originator__c,(null),005WR00000DEU6oYAH,2026-07-08-backfill-originator.py,2026-07-08T15:51:07,backfill
006WR00000wj8KUYAY,Alta Rise,Originator__c,(null),005WR00000DE44HYAT,2026-07-08-backfill-originator.py,2026-07-08T15:51:07,backfill
006WR00000wj8KVYAY,Greentree Place Apartments,Originator__c,(null),005WR00000DE3zRYAT,2026-07-08-backfill-originator.py,2026-07-08T15:51:07,backfill
006WR00000wj8KWYAY,102 West 9th Place Apartments,Originator__c,(null),005WR00000DE44HYAT,2026-07-08-backfill-originator.py,2026-07-08T15:51:07,backfill
006WR00000wj8KXYAY,Residences at Sorensen Square,Originator__c,(null),005WR00000DEU6oYAH,2026-07-08-backfill-originator.py,2026-07-08T15:51:07,backfill
006WR00000wj8KYYAY,5100-5120 S. Ellis Avenue,Originator__c,(null),005WR00000CXEZyYAP,2026-07-08-backfill-originator.py,2026-07-08T15:51:07,backfill
006WR00000wj8KZYAY,4721-29 S. Ellis St,Originator__c,(null),005WR00000CXEZyYAP,2026-07-08-backfill-originator.py,2026-07-08T15:51:07,backfill
006WR00000wj8KaYAI,The Village at Grant Square,Originator__c,(null),005WR00000DEU6oYAH,2026-07-08-backfill-originator.py,2026-07-08T15:51:07,backfill
006WR00000wj8KbYAI,5111 S. Kimbark Avenue,Originator__c,(null),005WR00000CXEZyYAP,2026-07-08-backfill-originator.py,2026-07-08T15:51:07,backfill
006WR00000wj8KcYAI,Camelot Village,Originator__c,(null),005WR00000DEU6oYAH,2026-07-08-backfill-originator.py,2026-07-08T15:51:07,backfill
006WR00000wj8KdYAI,5350-5358 S. Maryland,Originator__c,(null),005WR00000CXEZyYAP,2026-07-08-backfill-originator.py,2026-07-08T15:51:07,backfill
006WR00000wj8KeYAI,Peony Village,Originator__c,(null),005WR00000DEU6oYAH,2026-07-08-backfill-originator.py,2026-07-08T15:51:07,backfill
006WR00000wj8KfYAI,Sunrise on the Rail,Originator__c,(null),005WR00000DE44HYAT,2026-07-08-backfill-originator.py,2026-07-08T15:51:07,backfill
006WR00000wj8KgYAI,5118-5120 S. Greenwood Avenue,Originator__c,(null),005WR00000CXEZyYAP,2026-07-08-backfill-originator.py,2026-07-08T15:51:07,backfill
006WR00000wj8KhYAI,5120 S. Hyde Park Boulevard,Originator__c,(null),005WR00000CXEZyYAP,2026-07-08-backfill-originator.py,2026-07-08T15:51:07,backfill
006WR00000wj8KiYAI,Discovery at Daybreak HOA,Originator__c,(null),005WR00000DE45tYAD,2026-07-08-backfill-originator.py,2026-07-08T15:51:07,backfill
006WR00000wj8KjYAI,5400-5406 S. Maryland,Originator__c,(null),005WR00000CXEZyYAP,2026-07-08-backfill-originator.py,2026-07-08T15:51:07,backfill
006WR00000wj8KkYAI,5128-5132 S. Cornell Avenue,Originator__c,(null),005WR00000CXEZyYAP,2026-07-08-backfill-originator.py,2026-07-08T15:51:07,backfill
006WR00000wj8KlYAI,5202-5210 S. Cornell Avenue,Originator__c,(null),005WR00000CXEZyYAP,2026-07-08-backfill-originator.py,2026-07-08T15:51:07,backfill
006WR00000wj8KmYAI,Shadow Pointe HOA,Originator__c,(null),005WR00000DE45tYAD,2026-07-08-backfill-originator.py,2026-07-08T15:51:07,backfill
006WR00000wj8KnYAI,5218-5220 S. Kimbark Avenue,Originator__c,(null),005WR00000CXEZyYAP,2026-07-08-backfill-originator.py,2026-07-08T15:51:07,backfill
006WR00000wj8KoYAI,Siena Apartments,Originator__c,(null),005WR00000CXIX7YAP,2026-07-08-backfill-originator.py,2026-07-08T15:51:07,backfill
006WR00000wj8KpYAI,4859 S. Champlain Avenue,Originator__c,(null),005WR00000CXEZyYAP,2026-07-08-backfill-originator.py,2026-07-08T15:51:07,backfill
006WR00000wj8KqYAI,Parkview (AKA Elevate Apartments),Originator__c,(null),005WR00000DEU6oYAH,2026-07-08-backfill-originator.py,2026-07-08T15:51:07,backfill
006WR00000wj8KrYAI,5222-38 S Drexel Ave.,Originator__c,(null),005WR00000CXEZyYAP,2026-07-08-backfill-originator.py,2026-07-08T15:51:07,backfill
006WR00000wj8KsYAI,Pine Tree Apartments,Originator__c,(null),005WR00000DEU6oYAH,2026-07-08-backfill-originator.py,2026-07-08T15:51:07,backfill
006WR00000wj8KtYAI,5229 S. Drexel Avenue,Originator__c,(null),005WR00000CXEZyYAP,2026-07-08-backfill-originator.py,2026-07-08T15:51:07,backfill
006WR00000wj8KuYAI,5232 S. Hyde Park,Originator__c,(null),005WR00000CXEZyYAP,2026-07-08-backfill-originator.py,2026-07-08T15:51:07,backfill
006WR00000wj8KvYAI,5234-5244 S. Ingleside Avenue,Originator__c,(null),005WR00000CXEZyYAP,2026-07-08-backfill-originator.py,2026-07-08T15:51:07,backfill
006WR00000wj8KwYAI,Willow Ridge Townhomes,Originator__c,(null),005WR00000CXIX7YAP,2026-07-08-backfill-originator.py,2026-07-08T15:51:07,backfill
006WR00000wj8KxYAI,Silver Creek - Mesa,Originator__c,(null),005WR00000DE44HYAT,2026-07-08-backfill-originator.py,2026-07-08T15:51:07,backfill
006WR00000wj8KyYAI,5237-5245 S. Kenwood Avenue,Originator__c,(null),005WR00000CXEZyYAP,2026-07-08-backfill-originator.py,2026-07-08T15:51:07,backfill
006WR00000wjKFlYAM,Chapel Hill Apartments,Originator__c,(null),005WR00000CXIX7YAP,2026-07-08-backfill-originator.py,2026-07-08T15:51:07,backfill
006WR00000wjKFmYAM,Ascend at Westinghouse,Originator__c,(null),005WR00000CXIX7YAP,2026-07-08-backfill-originator.py,2026-07-08T15:51:07,backfill
006WR00000wjKFnYAM,Alta Berry Creek,Originator__c,(null),005WR00000CXIX7YAP,2026-07-08-backfill-originator.py,2026-07-08T15:51:07,backfill
006WR00000wjKFoYAM,Versante Apartment Homes,Originator__c,(null),005WR00000CXEZyYAP,2026-07-08-backfill-originator.py,2026-07-08T15:51:07,backfill
006WR00000wjKFpYAM,Cinnabar Apartments,Originator__c,(null),005WR00000CXEZyYAP,2026-07-08-backfill-originator.py,2026-07-08T15:51:07,backfill
006WR00000wjKFqYAM,Palm Aire Apartments,Originator__c,(null),005WR00000CXEZyYAP,2026-07-08-backfill-originator.py,2026-07-08T15:51:07,backfill
006WR00000wjKFrYAM,Strada Apartments,Originator__c,(null),005WR00000CXEZyYAP,2026-07-08-backfill-originator.py,2026-07-08T15:51:07,backfill
006WR00000wjKFsYAM,Evergreen At Keller,Originator__c,(null),005WR00000DEU6oYAH,2026-07-08-backfill-originator.py,2026-07-08T15:51:07,backfill
006WR00000wjKFtYAM,Whitley Place,Originator__c,(null),005WR00000CXIX7YAP,2026-07-08-backfill-originator.py,2026-07-08T15:51:07,backfill
006WR00000wjKFuYAM,Adley at Gleannloch,Originator__c,(null),005WR00000CXEZyYAP,2026-07-08-backfill-originator.py,2026-07-08T15:51:07,backfill
006WR00000wjKFvYAM,Alleia Long Meadow Farms,Originator__c,(null),005WR00000CXEZyYAP,2026-07-08-backfill-originator.py,2026-07-08T15:51:07,backfill
006WR00000wjKFwYAM,Ariza Plum Creek,Originator__c,(null),005WR00000CXEZyYAP,2026-07-08-backfill-originator.py,2026-07-08T15:51:07,backfill
006WR00000wjKFxYAM,Auberry at Twin Creeks,Originator__c,(null),005WR00000CXEZyYAP,2026-07-08-backfill-originator.py,2026-07-08T15:51:07,backfill
006WR00000wjKFyYAM,Aura 36Hundred,Originator__c,(null),005WR00000CXEZyYAP,2026-07-08-backfill-originator.py,2026-07-08T15:51:07,backfill
006WR00000wjKFzYAM,Aura Benbrook,Originator__c,(null),005WR00000CXEZyYAP,2026-07-08-backfill-originator.py,2026-07-08T15:51:07,backfill
006WR00000wjKG0YAM,Bluff Creek,Originator__c,(null),005WR00000CXEZyYAP,2026-07-08-backfill-originator.py,2026-07-08T15:51:07,backfill
006WR00000wjKG1YAM,Brandon Place,Originator__c,(null),005WR00000CXEZyYAP,2026-07-08-backfill-originator.py,2026-07-08T15:51:07,backfill
006WR00000wjKG2YAM,Bridgeport,Originator__c,(null),005WR00000CXEZyYAP,2026-07-08-backfill-originator.py,2026-07-08T15:51:07,backfill
006WR00000wjKG3YAM,Satori Frisco,Originator__c,(null),005WR00000CXEZyYAP,2026-07-08-backfill-originator.py,2026-07-08T15:51:07,backfill
006WR00000wjKG4YAM,Hangar 19,Originator__c,(null),005WR00000CXEZyYAP,2026-07-08-backfill-originator.py,2026-07-08T15:51:07,backfill
006WR00000wjKG5YAM,Lakes at Westview I,Originator__c,(null),005WR00000CXEZyYAP,2026-07-08-backfill-originator.py,2026-07-08T15:51:07,backfill
006WR00000wjKG6YAM,Lakes at Westview II,Originator__c,(null),005WR00000CXEZyYAP,2026-07-08-backfill-originator.py,2026-07-08T15:51:07,backfill
006WR00000wjKG7YAM,Markham Oaks,Originator__c,(null),005WR00000CXEZyYAP,2026-07-08-backfill-originator.py,2026-07-08T15:51:07,backfill
006WR00000wjKG8YAM,Riverhill,Originator__c,(null),005WR00000CXEZyYAP,2026-07-08-backfill-originator.py,2026-07-08T15:51:07,backfill
006WR00000wjKG9YAM,Satori at Long Meadow,Originator__c,(null),005WR00000CXEZyYAP,2026-07-08-backfill-originator.py,2026-07-08T15:51:07,backfill
006WR00000wjKGAYA2,Vale Frisco,Originator__c,(null),005WR00000CXEZyYAP,2026-07-08-backfill-originator.py,2026-07-08T15:51:07,backfill
006WR00000wjKGBYA2,Vale Luxury,Originator__c,(null),005WR00000CXEZyYAP,2026-07-08-backfill-originator.py,2026-07-08T15:51:07,backfill
006WR00000wjKGCYA2,Volterra at Westlake,Originator__c,(null),005WR00000CXEZyYAP,2026-07-08-backfill-originator.py,2026-07-08T15:51:07,backfill
006WR00000wjKGDYA2,Westwood Park,Originator__c,(null),005WR00000CXEZyYAP,2026-07-08-backfill-originator.py,2026-07-08T15:51:07,backfill
006WR00000wjKGEYA2,Wimbledon Green,Originator__c,(null),005WR00000CXEZyYAP,2026-07-08-backfill-originator.py,2026-07-08T15:51:07,backfill
006WR00000wjKGFYA2,Wimbledon Green II,Originator__c,(null),005WR00000CXEZyYAP,2026-07-08-backfill-originator.py,2026-07-08T15:51:07,backfill
006WR00000wjKGGYA2,Woodrun Village,Originator__c,(null),005WR00000CXEZyYAP,2026-07-08-backfill-originator.py,2026-07-08T15:51:07,backfill
006WR00000wjKGHYA2,Springpointe Condominiums,Originator__c,(null),005WR00000CXEZyYAP,2026-07-08-backfill-originator.py,2026-07-08T15:51:07,backfill
006WR00000wjKGIYA2,Manor at Aliante,Originator__c,(null),005WR00000CXEZyYAP,2026-07-08-backfill-originator.py,2026-07-08T15:51:07,backfill
006WR00000wjKGJYA2,Sterling Court,Originator__c,(null),005WR00000CXEZyYAP,2026-07-08-backfill-originator.py,2026-07-08T15:51:07,backfill
006WR00000wjKGKYA2,High Noon at Arlington Ranch,Originator__c,(null),005WR00000CXEZyYAP,2026-07-08-backfill-originator.py,2026-07-08T15:51:07,backfill
006WR00000wjKGLYA2,Regency Village,Originator__c,(null),005WR00000CXEZyYAP,2026-07-08-backfill-originator.py,2026-07-08T15:51:07,backfill
006WR00000wjKGMYA2,Travata and Montage at Summerlin Centre,Originator__c,(null),005WR00000CXEZyYAP,2026-07-08-backfill-originator.py,2026-07-08T15:51:07,backfill
006WR00000wjKGNYA2,Western Oaks Apartments,Originator__c,(null),005WR00000DEU6oYAH,2026-07-08-backfill-originator.py,2026-07-08T15:51:07,backfill
006WR00000wjKGOYA2,Mitchell Farm,Originator__c,(null),005WR00000CXIX7YAP,2026-07-08-backfill-originator.py,2026-07-08T15:51:07,backfill
006WR00000wjKGPYA2,Reynolds Crossing,Originator__c,(null),005WR00000CXIX7YAP,2026-07-08-backfill-originator.py,2026-07-08T15:51:07,backfill
006WR00000wjKGQYA2,Anthem Country Club,Originator__c,(null),005WR00000CXEZyYAP,2026-07-08-backfill-originator.py,2026-07-08T15:51:07,backfill
006WR00000wjKGRYA2,Falls At Borough Park,Originator__c,(null),005WR00000CXEZyYAP,2026-07-08-backfill-originator.py,2026-07-08T15:51:07,backfill
006WR00000wjKGSYA2,Frisco Satori,Originator__c,(null),005WR00000CXEZyYAP,2026-07-08-backfill-originator.py,2026-07-08T15:51:07,backfill
006WR00000wjKGTYA2,Cienega Springs,Originator__c,(null),005WR00000CXEZyYAP,2026-07-08-backfill-originator.py,2026-07-08T15:51:07,backfill
006WR00000wjKGUYA2,Forest Manor,Originator__c,(null),005WR00000CXEZyYAP,2026-07-08-backfill-originator.py,2026-07-08T15:51:07,backfill
006WR00000wjKGVYA2,Fox Street,Originator__c,(null),005WR00000CXEZyYAP,2026-07-08-backfill-originator.py,2026-07-08T15:51:07,backfill
006WR00000wjKGWYA2,Capri-Riverstone,Originator__c,(null),005WR00000CXEZyYAP,2026-07-08-backfill-originator.py,2026-07-08T15:51:07,backfill
006WR00000wjKGXYA2,Madison Hill,Originator__c,(null),005WR00000CXEZyYAP,2026-07-08-backfill-originator.py,2026-07-08T15:51:07,backfill
006WR00000wjKGYYA2,Riviera,Originator__c,(null),005WR00000CXEZyYAP,2026-07-08-backfill-originator.py,2026-07-08T15:51:07,backfill
006WR00000wjKGZYA2,Mountain Valley MHC,Originator__c,(null),005WR00000CXEZyYAP,2026-07-08-backfill-originator.py,2026-07-08T15:51:07,backfill
006WR00000wjKGaYAM,Vallejo Terrace Apts,Originator__c,(null),005WR00000CXEZyYAP,2026-07-08-backfill-originator.py,2026-07-08T15:51:07,backfill
006WR00000wjKGbYAM,Prentice Place,Originator__c,(null),005WR00000CXEZyYAP,2026-07-08-backfill-originator.py,2026-07-08T15:51:07,backfill
006WR00000wjKGcYAM,Bransons Resort,Originator__c,(null),005WR00000CXEZyYAP,2026-07-08-backfill-originator.py,2026-07-08T15:51:07,backfill
006WR00000wjKGdYAM,Aspen Basalt MHC,Originator__c,(null),005WR00000CXEZyYAP,2026-07-08-backfill-originator.py,2026-07-08T15:51:07,backfill
006WR00000wjKGeYAM,Min Ari,Originator__c,(null),005WR00000CXEZyYAP,2026-07-08-backfill-originator.py,2026-07-08T15:51:07,backfill
006WR00000wjKGfYAM,Miracle Mile,Originator__c,(null),005WR00000CXEZyYAP,2026-07-08-backfill-originator.py,2026-07-08T15:51:07,backfill
006WR00000wjKGgYAM,Crisman Apartments,Originator__c,(null),005WR00000CXEZyYAP,2026-07-08-backfill-originator.py,2026-07-08T15:51:07,backfill
006WR00000wjKGhYAM,Chesney Kleinjohn Apts,Originator__c,(null),005WR00000CXEZyYAP,2026-07-08-backfill-originator.py,2026-07-08T15:51:07,backfill
006WR00000wjKGiYAM,Quail Ridge Estates,Originator__c,(null),005WR00000CXEZyYAP,2026-07-08-backfill-originator.py,2026-07-08T15:51:07,backfill
006WR00000wjKGjYAM,"Castle Park MHC, LLC",Originator__c,(null),005WR00000CXEZyYAP,2026-07-08-backfill-originator.py,2026-07-08T15:51:07,backfill
006WR00000wjKGkYAM,LincolnPointe Lofts I,Originator__c,(null),005WR00000CXEZyYAP,2026-07-08-backfill-originator.py,2026-07-08T15:51:07,backfill
006WR00000wjKGlYAM,Alma Meadows,Originator__c,(null),005WR00000CXEZyYAP,2026-07-08-backfill-originator.py,2026-07-08T15:51:07,backfill
006WR00000wjKGmYAM,Wildcreek Garden,Originator__c,(null),005WR00000CXEZyYAP,2026-07-08-backfill-originator.py,2026-07-08T15:51:07,backfill
006WR00000wjKGnYAM,Juan Diego Apts,Originator__c,(null),005WR00000CXEZyYAP,2026-07-08-backfill-originator.py,2026-07-08T15:51:07,backfill
006WR00000wjKGoYAM,Canada Hills,Originator__c,(null),005WR00000CXEZyYAP,2026-07-08-backfill-originator.py,2026-07-08T15:51:07,backfill
006WR00000wjKGpYAM,Lumien at Fitzsimons,Originator__c,(null),005WR00000CXEZyYAP,2026-07-08-backfill-originator.py,2026-07-08T15:51:07,backfill
006WR00000wjKGqYAM,Mountain View Mobile Home Park,Originator__c,(null),005WR00000CXEZyYAP,2026-07-08-backfill-originator.py,2026-07-08T15:51:07,backfill
006WR00000wjKGrYAM,Clarkson Park Condos,Originator__c,(null),005WR00000CXEZyYAP,2026-07-08-backfill-originator.py,2026-07-08T15:51:07,backfill
006WR00000wjKGsYAM,"Chaparral Homeowners Association, Inc.",Originator__c,(null),005WR00000CXEZyYAP,2026-07-08-backfill-originator.py,2026-07-08T15:51:07,backfill
006WR00000wjKGtYAM,Veterans Apts,Originator__c,(null),005WR00000CXEZyYAP,2026-07-08-backfill-originator.py,2026-07-08T15:51:07,backfill
006WR00000wjKGuYAM,Orpheus Condos,Originator__c,(null),005WR00000CXEZyYAP,2026-07-08-backfill-originator.py,2026-07-08T15:51:07,backfill
006WR00000wjKGvYAM,Terrace Park- IPG,Originator__c,(null),005WR00000CXEZyYAP,2026-07-08-backfill-originator.py,2026-07-08T15:51:07,backfill
006WR00000wjKGwYAM,The Pines at Pinehurst,Originator__c,(null),005WR00000CXEZyYAP,2026-07-08-backfill-originator.py,2026-07-08T15:51:07,backfill
006WR00000wjKGxYAM,Saxony Apts,Originator__c,(null),005WR00000CXEZyYAP,2026-07-08-backfill-originator.py,2026-07-08T15:51:07,backfill
006WR00000wjKGyYAM,Villas Glendale Townhouse,Originator__c,(null),005WR00000CXEZyYAP,2026-07-08-backfill-originator.py,2026-07-08T15:51:07,backfill
006WR00000wjKGzYAM,Aspen Meadows New Development,Originator__c,(null),005WR00000CXEZyYAP,2026-07-08-backfill-originator.py,2026-07-08T15:51:07,backfill
006WR00000wjKH0YAM,Carriage Lane / Carriage Court,Originator__c,(null),005WR00000CXEZyYAP,2026-07-08-backfill-originator.py,2026-07-08T15:51:07,backfill
006WR00000wjKH1YAM,"Alpine Vista MHC, LLC",Originator__c,(null),005WR00000CXEZyYAP,2026-07-08-backfill-originator.py,2026-07-08T15:51:07,backfill
006WR00000wjKH2YAM,Tallmadge Boyer Block,Originator__c,(null),005WR00000CXEZyYAP,2026-07-08-backfill-originator.py,2026-07-08T15:51:07,backfill
006WR00000wjKH3YAM,Country Club of LaCholla,Originator__c,(null),005WR00000CXEZyYAP,2026-07-08-backfill-originator.py,2026-07-08T15:51:07,backfill
006WR00000wjKH4YAM,"Patriot Mobile Home Park NV, LLC",Originator__c,(null),005WR00000CXEZyYAP,2026-07-08-backfill-originator.py,2026-07-08T15:51:07,backfill
006WR00000wjKH5YAM,Freedom Springs,Originator__c,(null),005WR00000CXEZyYAP,2026-07-08-backfill-originator.py,2026-07-08T15:51:07,backfill
006WR00000wjKH6YAM,Evoke Capitol LLC,Originator__c,(null),005WR00000CXEZyYAP,2026-07-08-backfill-originator.py,2026-07-08T15:51:07,backfill
006WR00000wjKH7YAM,Lafayette Gardens,Originator__c,(null),005WR00000CXEZyYAP,2026-07-08-backfill-originator.py,2026-07-08T15:51:07,backfill
006WR00000wjKH8YAM,1135 Logan St. Apts,Originator__c,(null),005WR00000CXEZyYAP,2026-07-08-backfill-originator.py,2026-07-08T15:51:07,backfill
006WR00000wjKH9YAM,Sandstone at Eldorado Homeowners Association,Originator__c,(null),005WR00000CXEZyYAP,2026-07-08-backfill-originator.py,2026-07-08T15:51:07,backfill
006WR00000wjKHAYA2,Barcelona Manor,Originator__c,(null),005WR00000CXEZyYAP,2026-07-08-backfill-originator.py,2026-07-08T15:51:07,backfill
006WR00000wjKHBYA2,Normandy Gardens,Originator__c,(null),005WR00000CXEZyYAP,2026-07-08-backfill-originator.py,2026-07-08T15:51:07,backfill
006WR00000wjKHCYA2,Jasmine Falls Homeowners Association,Originator__c,(null),005WR00000CXEZyYAP,2026-07-08-backfill-originator.py,2026-07-08T15:51:07,backfill
006WR00000wjKHDYA2,San Pedro Resort,Originator__c,(null),005WR00000CXEZyYAP,2026-07-08-backfill-originator.py,2026-07-08T15:51:07,backfill
006WR00000wjKHEYA2,Presidential Arms,Originator__c,(null),005WR00000CXEZyYAP,2026-07-08-backfill-originator.py,2026-07-08T15:51:07,backfill
006WR00000wjKHFYA2,The Regent at Town Centre Homeowners Association,Originator__c,(null),005WR00000CXEZyYAP,2026-07-08-backfill-originator.py,2026-07-08T15:51:07,backfill
006WR00000wjKHGYA2,Trail Creek Ranch,Originator__c,(null),005WR00000CXEZyYAP,2026-07-08-backfill-originator.py,2026-07-08T15:51:07,backfill
006WR00000wjKHHYA2,Wheat Ridge Town Center North,Originator__c,(null),005WR00000CXEZyYAP,2026-07-08-backfill-originator.py,2026-07-08T15:51:07,backfill
006WR00000wjKHIYA2,The Groves,Originator__c,(null),005WR00000CXEZyYAP,2026-07-08-backfill-originator.py,2026-07-08T15:51:07,backfill
006WR00000wjdjoYAA,Metropolitan Towers,Originator__c,(null),005WR00000CXEZyYAP,2026-07-08-backfill-originator.py,2026-07-08T15:51:07,backfill
006WR00000wjdjpYAA,Hunt Club Apartments,Originator__c,(null),005WR00000CXEZyYAP,2026-07-08-backfill-originator.py,2026-07-08T15:51:07,backfill
006WR00000wjdjqYAA,Civic Plaza,Originator__c,(null),005WR00000CXEZyYAP,2026-07-08-backfill-originator.py,2026-07-08T15:51:07,backfill
006WR00000wjdjrYAA,Vincent Marie,Originator__c,(null),005WR00000CXEZyYAP,2026-07-08-backfill-originator.py,2026-07-08T15:51:07,backfill
006WR00000wjdjsYAA,Granite Village Condominiums,Originator__c,(null),005WR00000CXEZyYAP,2026-07-08-backfill-originator.py,2026-07-08T15:51:07,backfill
006WR00000wjdjtYAA,Eagan Gables,Originator__c,(null),005WR00000CXEZyYAP,2026-07-08-backfill-originator.py,2026-07-08T15:51:07,backfill
006WR00000wjdjuYAA,Chambers Creek Estates,Originator__c,(null),005WR00000CXEZyYAP,2026-07-08-backfill-originator.py,2026-07-08T15:51:07,backfill
006WR00000wjdjvYAA,Valley Place,Originator__c,(null),005WR00000CXEZyYAP,2026-07-08-backfill-originator.py,2026-07-08T15:51:07,backfill
006WR00000wjdjwYAA,Ridgepoint Apartments,Originator__c,(null),005WR00000CXEZyYAP,2026-07-08-backfill-originator.py,2026-07-08T15:51:07,backfill
006WR00000wjdjxYAA,The Sedges,Originator__c,(null),005WR00000CXEZyYAP,2026-07-08-backfill-originator.py,2026-07-08T15:51:07,backfill
006WR00000wjdjyYAA,University Village Apartments,Originator__c,(null),005WR00000CXEZyYAP,2026-07-08-backfill-originator.py,2026-07-08T15:51:07,backfill
006WR00000wjdjzYAA,Boulevard 100,Originator__c,(null),005WR00000CXEZyYAP,2026-07-08-backfill-originator.py,2026-07-08T15:51:07,backfill
006WR00000wjdk0YAA,Neo at Four Corners,Originator__c,(null),005WR00000CXEZyYAP,2026-07-08-backfill-originator.py,2026-07-08T15:51:07,backfill
006WR00000wjdk1YAA,Park Ridgeway,Originator__c,(null),005WR00000CXEZyYAP,2026-07-08-backfill-originator.py,2026-07-08T15:51:07,backfill
006WR00000wjdk2YAA,University Gardens,Originator__c,(null),005WR00000CXEZyYAP,2026-07-08-backfill-originator.py,2026-07-08T15:51:07,backfill
006WR00000wjdk3YAA,Bass Lake Crossing,Originator__c,(null),005WR00000CXEZyYAP,2026-07-08-backfill-originator.py,2026-07-08T15:51:07,backfill
006WR00000wjdk4YAA,Allegro Winter Park,Originator__c,(null),005WR00000CXEZyYAP,2026-07-08-backfill-originator.py,2026-07-08T15:51:07,backfill
006WR00000wjdk5YAA,University Park Apts,Originator__c,(null),005WR00000CXEZyYAP,2026-07-08-backfill-originator.py,2026-07-08T15:51:07,backfill
006WR00000wjdk6YAA,Palm Aire,Originator__c,(null),005WR00000CXEZyYAP,2026-07-08-backfill-originator.py,2026-07-08T15:51:07,backfill
006WR00000wjdk7YAA,Urban Park,Originator__c,(null),005WR00000CXEZyYAP,2026-07-08-backfill-originator.py,2026-07-08T15:51:07,backfill
006WR00000wjdk8YAA,Eagan Place,Originator__c,(null),005WR00000CXEZyYAP,2026-07-08-backfill-originator.py,2026-07-08T15:51:07,backfill
006WR00000wjdk9YAA,The Junction at Iron Horse,Originator__c,(null),005WR00000CXEZyYAP,2026-07-08-backfill-originator.py,2026-07-08T15:51:07,backfill
006WR00000wjdkAYAQ,Pinewood Park Apartments,Originator__c,(null),005WR00000CXEZyYAP,2026-07-08-backfill-originator.py,2026-07-08T15:51:07,backfill
006WR00000wjdkBYAQ,Groves,Originator__c,(null),005WR00000CXEZyYAP,2026-07-08-backfill-originator.py,2026-07-08T15:51:07,backfill
006WR00000wjdkCYAQ,Maple Ridge,Originator__c,(null),005WR00000CXEZyYAP,2026-07-08-backfill-originator.py,2026-07-08T15:51:07,backfill
006WR00000wjdkDYAQ,The Residences at Emerson Park,Originator__c,(null),005WR00000CXEZyYAP,2026-07-08-backfill-originator.py,2026-07-08T15:51:07,backfill
006WR00000wjdkEYAQ,Pantano Crossings,Originator__c,(null),005WR00000CXEZyYAP,2026-07-08-backfill-originator.py,2026-07-08T15:51:07,backfill
006WR00000wjdkFYAQ,Meadowview,Originator__c,(null),005WR00000CXEZyYAP,2026-07-08-backfill-originator.py,2026-07-08T15:51:07,backfill
006WR00000wjdkGYAQ,Arroyo Villas,Originator__c,(null),005WR00000CXEZyYAP,2026-07-08-backfill-originator.py,2026-07-08T15:51:07,backfill
006WR00000wjdkHYAQ,The Neo Apartments,Originator__c,(null),005WR00000CXEZyYAP,2026-07-08-backfill-originator.py,2026-07-08T15:51:07,backfill
006WR00000wjdkIYAQ,Bristol Village,Originator__c,(null),005WR00000CXEZyYAP,2026-07-08-backfill-originator.py,2026-07-08T15:51:07,backfill
006WR00000wjdkJYAQ,Benmark Apartments,Originator__c,(null),005WR00000CXEZyYAP,2026-07-08-backfill-originator.py,2026-07-08T15:51:07,backfill
006WR00000wjdkKYAQ,Chateau,Originator__c,(null),005WR00000CXEZyYAP,2026-07-08-backfill-originator.py,2026-07-08T15:51:07,backfill
006WR00000wjdkLYAQ,Westridge Apartments,Originator__c,(null),005WR00000CXEZyYAP,2026-07-08-backfill-originator.py,2026-07-08T15:51:07,backfill
006WR00000wjdkMYAQ,Palmetto Apartments,Originator__c,(null),005WR00000CXEZyYAP,2026-07-08-backfill-originator.py,2026-07-08T15:51:07,backfill
006WR00000wjdkNYAQ,SIerra Meadows,Originator__c,(null),005WR00000CXEZyYAP,2026-07-08-backfill-originator.py,2026-07-08T15:51:07,backfill
006WR00000wjdkOYAQ,Briarwood Manor Phase 1,Originator__c,(null),005WR00000CXEZyYAP,2026-07-08-backfill-originator.py,2026-07-08T15:51:07,backfill
006WR00000wjdkPYAQ,Woodland Park,Originator__c,(null),005WR00000CXEZyYAP,2026-07-08-backfill-originator.py,2026-07-08T15:51:07,backfill
006WR00000wjdkQYAQ,Encino Gardens,Originator__c,(null),005WR00000CXEZyYAP,2026-07-08-backfill-originator.py,2026-07-08T15:51:07,backfill
006WR00000wjdkRYAQ,Rembrandt Park Apartments,Originator__c,(null),005WR00000CXEZyYAP,2026-07-08-backfill-originator.py,2026-07-08T15:51:07,backfill
006WR00000wjdkSYAQ,Briarwood Manor Phase 2,Originator__c,(null),005WR00000CXEZyYAP,2026-07-08-backfill-originator.py,2026-07-08T15:51:07,backfill
006WR00000wjdkTYAQ,Highland Park (Fridley),Originator__c,(null),005WR00000CXEZyYAP,2026-07-08-backfill-originator.py,2026-07-08T15:51:07,backfill
006WR00000wjdkUYAQ,Aspens,Originator__c,(null),005WR00000CXEZyYAP,2026-07-08-backfill-originator.py,2026-07-08T15:51:07,backfill
006WR00000wjdkVYAQ,Royal American,Originator__c,(null),005WR00000CXEZyYAP,2026-07-08-backfill-originator.py,2026-07-08T15:51:07,backfill
006WR00000wjdkWYAQ,Oakdale Apartments,Originator__c,(null),005WR00000CXEZyYAP,2026-07-08-backfill-originator.py,2026-07-08T15:51:07,backfill
006WR00000wjdkXYAQ,River Quarry,Originator__c,(null),005WR00000CXEZyYAP,2026-07-08-backfill-originator.py,2026-07-08T15:51:07,backfill
006WR00000wjdkYYAQ,Cedar gate,Originator__c,(null),005WR00000CXEZyYAP,2026-07-08-backfill-originator.py,2026-07-08T15:51:07,backfill
006WR00000wjdkZYAQ,Ash Street Courtyard,Originator__c,(null),005WR00000CXEZyYAP,2026-07-08-backfill-originator.py,2026-07-08T15:51:07,backfill
006WR00000wjdkaYAA,Park at Murano,Originator__c,(null),005WR00000CXEZyYAP,2026-07-08-backfill-originator.py,2026-07-08T15:51:07,backfill
006WR00000wjdkbYAA,Woodbridge Apartments,Originator__c,(null),005WR00000CXEZyYAP,2026-07-08-backfill-originator.py,2026-07-08T15:51:07,backfill
006WR00000wjdkcYAA,Hampshire Hill,Originator__c,(null),005WR00000CXEZyYAP,2026-07-08-backfill-originator.py,2026-07-08T15:51:07,backfill
006WR00000wjdkdYAA,Harbour Court / 910 North,Originator__c,(null),005WR00000CXEZyYAP,2026-07-08-backfill-originator.py,2026-07-08T15:51:07,backfill
006WR00000wjdkeYAA,Park at Veneto,Originator__c,(null),005WR00000CXEZyYAP,2026-07-08-backfill-originator.py,2026-07-08T15:51:07,backfill
006WR00000wjdkfYAA,Layton Pointe,Originator__c,(null),005WR00000CXEZyYAP,2026-07-08-backfill-originator.py,2026-07-08T15:51:07,backfill
006WR00000wjdkgYAA,Park at Pasitano,Originator__c,(null),005WR00000CXEZyYAP,2026-07-08-backfill-originator.py,2026-07-08T15:51:07,backfill
006WR00000wjdkhYAA,Soll,Originator__c,(null),005WR00000CXEZyYAP,2026-07-08-backfill-originator.py,2026-07-08T15:51:07,backfill
006WR00000wjdkiYAA,Colonial Court,Originator__c,(null),005WR00000CXEZyYAP,2026-07-08-backfill-originator.py,2026-07-08T15:51:07,backfill
006WR00000wjdkjYAA,Winhall at Williams Point,Originator__c,(null),005WR00000CXEZyYAP,2026-07-08-backfill-originator.py,2026-07-08T15:51:07,backfill
006WR00000wjdkkYAA,The Seville,Originator__c,(null),005WR00000CXEZyYAP,2026-07-08-backfill-originator.py,2026-07-08T15:51:07,backfill
006WR00000wjdklYAA,Lost Creek,Originator__c,(null),005WR00000CXEZyYAP,2026-07-08-backfill-originator.py,2026-07-08T15:51:07,backfill
006WR00000wjdkmYAA,Greenfield Mobile Home Estates,Originator__c,(null),005WR00000CXEZyYAP,2026-07-08-backfill-originator.py,2026-07-08T15:51:07,backfill
006WR00000wjdknYAA,Rancho La Vista Mobile Estates,Originator__c,(null),005WR00000CXEZyYAP,2026-07-08-backfill-originator.py,2026-07-08T15:51:07,backfill
006WR00000wjdkoYAA,Starlight Mobile Home Park,Originator__c,(null),005WR00000CXEZyYAP,2026-07-08-backfill-originator.py,2026-07-08T15:51:07,backfill
006WR00000wjdkpYAA,Laurel Canyon,Originator__c,(null),005WR00000CXEZyYAP,2026-07-08-backfill-originator.py,2026-07-08T15:51:07,backfill
006WR00000wjdkqYAA,Mendota Garden,Originator__c,(null),005WR00000CXEZyYAP,2026-07-08-backfill-originator.py,2026-07-08T15:51:07,backfill
006WR00000wjdkrYAA,Skandia Mobile Country Club,Originator__c,(null),005WR00000CXEZyYAP,2026-07-08-backfill-originator.py,2026-07-08T15:51:07,backfill
006WR00000wjdksYAA,Oak Hill Apartments,Originator__c,(null),005WR00000CXEZyYAP,2026-07-08-backfill-originator.py,2026-07-08T15:51:07,backfill
006WR00000wjdktYAA,Parkside Apartments,Originator__c,(null),005WR00000CXEZyYAP,2026-07-08-backfill-originator.py,2026-07-08T15:51:07,backfill
006WR00000wjdkuYAA,Regatta Apartments,Originator__c,(null),005WR00000CXEZyYAP,2026-07-08-backfill-originator.py,2026-07-08T15:51:07,backfill
006WR00000wjdkvYAA,Spinnaker Landing,Originator__c,(null),005WR00000CXEZyYAP,2026-07-08-backfill-originator.py,2026-07-08T15:51:07,backfill
006WR00000wjdkwYAA,Pleasant View Estates,Originator__c,(null),005WR00000CXEZyYAP,2026-07-08-backfill-originator.py,2026-07-08T15:51:07,backfill
006WR00000wjdkxYAA,The Meadows,Originator__c,(null),005WR00000CXEZyYAP,2026-07-08-backfill-originator.py,2026-07-08T15:51:07,backfill
006WR00000wjdkyYAA,Valley View Ephrata II,Originator__c,(null),005WR00000CXEZyYAP,2026-07-08-backfill-originator.py,2026-07-08T15:51:07,backfill
006WR00000wjdkzYAA,Valley View Ephrata I,Originator__c,(null),005WR00000CXEZyYAP,2026-07-08-backfill-originator.py,2026-07-08T15:51:07,backfill
006WR00000wjdl0YAA,Crescent Valley,Originator__c,(null),005WR00000CXEZyYAP,2026-07-08-backfill-originator.py,2026-07-08T15:51:07,backfill
006WR00000wjdl1YAA,Fairway Estates MHC,Originator__c,(null),005WR00000CXEZyYAP,2026-07-08-backfill-originator.py,2026-07-08T15:51:07,backfill
006WR00000wjdl2YAA,Lamplighter Camarillo,Originator__c,(null),005WR00000CXEZyYAP,2026-07-08-backfill-originator.py,2026-07-08T15:51:07,backfill
006WR00000wjdl3YAA,Royal Garden Estates,Originator__c,(null),005WR00000CXEZyYAP,2026-07-08-backfill-originator.py,2026-07-08T15:51:07,backfill
006WR00000wjdl4YAA,Sunset Estates,Originator__c,(null),005WR00000CXEZyYAP,2026-07-08-backfill-originator.py,2026-07-08T15:51:07,backfill
006WR00000wjdl5YAA,Aspen Basalt Mobile Home Park,Originator__c,(null),005WR00000CXEZyYAP,2026-07-08-backfill-originator.py,2026-07-08T15:51:07,backfill
006WR00000wjdl6YAA,Country Estates Mobile Home Park,Originator__c,(null),005WR00000CXEZyYAP,2026-07-08-backfill-originator.py,2026-07-08T15:51:07,backfill
006WR00000wjdl7YAA,IPG Capital Mountain View,Originator__c,(null),005WR00000CXEZyYAP,2026-07-08-backfill-originator.py,2026-07-08T15:51:07,backfill
006WR00000wjdl8YAA,Glenbrier Park,Originator__c,(null),005WR00000CXEZyYAP,2026-07-08-backfill-originator.py,2026-07-08T15:51:07,backfill
006WR00000wjdl9YAA,Granger Senior Estates,Originator__c,(null),005WR00000CXEZyYAP,2026-07-08-backfill-originator.py,2026-07-08T15:51:07,backfill
006WR00000wjdlAYAQ,Rustic Acres MHC,Originator__c,(null),005WR00000CXEZyYAP,2026-07-08-backfill-originator.py,2026-07-08T15:51:07,backfill
006WR00000wjdlBYAQ,Windemere Meadows -Aumsville,Originator__c,(null),005WR00000CXEZyYAP,2026-07-08-backfill-originator.py,2026-07-08T15:51:07,backfill
006WR00000wjdlCYAQ,Big Valley Woods,Originator__c,(null),005WR00000CXEZyYAP,2026-07-08-backfill-originator.py,2026-07-08T15:51:07,backfill
006WR00000wjdlDYAQ,Camelot Mobile Estates,Originator__c,(null),005WR00000CXEZyYAP,2026-07-08-backfill-originator.py,2026-07-08T15:51:07,backfill
006WR00000wjdlEYAQ,Concord Terrace,Originator__c,(null),005WR00000CXEZyYAP,2026-07-08-backfill-originator.py,2026-07-08T15:51:07,backfill
006WR00000wjdlFYAQ,Excalibur Village,Originator__c,(null),005WR00000CXEZyYAP,2026-07-08-backfill-originator.py,2026-07-08T15:51:07,backfill
006WR00000wjdlGYAQ,Golden Oaks,Originator__c,(null),005WR00000CXEZyYAP,2026-07-08-backfill-originator.py,2026-07-08T15:51:07,backfill
006WR00000wjdlHYAQ,Mill Creek Estates,Originator__c,(null),005WR00000CXEZyYAP,2026-07-08-backfill-originator.py,2026-07-08T15:51:07,backfill
006WR00000wjdlIYAQ,Remington Arms,Originator__c,(null),005WR00000CXEZyYAP,2026-07-08-backfill-originator.py,2026-07-08T15:51:07,backfill
006WR00000wjdlJYAQ,The Pines (aka Windstone),Originator__c,(null),005WR00000CXEZyYAP,2026-07-08-backfill-originator.py,2026-07-08T15:51:07,backfill
006WR00000wjdlKYAQ,Viking Estates,Originator__c,(null),005WR00000CXEZyYAP,2026-07-08-backfill-originator.py,2026-07-08T15:51:07,backfill
006WR00000wjdlLYAQ,Wildwood Mobile Villa,Originator__c,(null),005WR00000CXEZyYAP,2026-07-08-backfill-originator.py,2026-07-08T15:51:07,backfill
006WR00000wjdlMYAQ,Willow Pines,Originator__c,(null),005WR00000CXEZyYAP,2026-07-08-backfill-originator.py,2026-07-08T15:51:07,backfill
006WR00000wjnOAYAY,Higley Apartments,Originator__c,(null),005WR00000DE44HYAT,2026-07-08-backfill-originator.py,2026-07-08T15:51:07,backfill
006WR00000wjnOBYAY,Rivulon,Originator__c,(null),005WR00000DE44HYAT,2026-07-08-backfill-originator.py,2026-07-08T15:51:07,backfill
006WR00000wjnOCYAY,Murietta at ASU,Originator__c,(null),005WR00000CXEZyYAP,2026-07-08-backfill-originator.py,2026-07-08T15:51:07,backfill
006WR00000wjnODYAY,Sonoma Landing Luxury Apartments,Originator__c,(null),005WR00000DE44HYAT,2026-07-08-backfill-originator.py,2026-07-08T15:51:07,backfill
006WR00000wjnOEYAY,Lotus Point,Originator__c,(null),005WR00000DE44HYAT,2026-07-08-backfill-originator.py,2026-07-08T15:51:07,backfill
006WR00000wjnOFYAY,Karmella Mobile Home Park,Originator__c,(null),005WR00000DE44HYAT,2026-07-08-backfill-originator.py,2026-07-08T15:51:07,backfill
006WR00000wjnOGYAY,Mera Greenfield,Originator__c,(null),005WR00000DE44HYAT,2026-07-08-backfill-originator.py,2026-07-08T15:51:07,backfill
006WR00000wjnOHYAY,Encore On MacDonald,Originator__c,(null),005WR00000DE44HYAT,2026-07-08-backfill-originator.py,2026-07-08T15:51:07,backfill
006WR00000wjnOIYAY,Juanita Mobile Home Park,Originator__c,(null),005WR00000DE44HYAT,2026-07-08-backfill-originator.py,2026-07-08T15:51:07,backfill
006WR00000wjnOJYAY,Stillwater Superstition Apartments,Originator__c,(null),005WR00000DE44HYAT,2026-07-08-backfill-originator.py,2026-07-08T15:51:07,backfill
006WR00000wjnOKYAY,Villas On Hampton Avenue,Originator__c,(null),005WR00000DE44HYAT,2026-07-08-backfill-originator.py,2026-07-08T15:51:07,backfill
006WR00000wjnOLYAY,The Palms on Scottsdale,Originator__c,(null),005WR00000CXEZyYAP,2026-07-08-backfill-originator.py,2026-07-08T15:51:07,backfill
006WR00000wjnOMYAY,Peralta Vista (Apt. homes rent),Originator__c,(null),005WR00000DE44HYAT,2026-07-08-backfill-originator.py,2026-07-08T15:51:07,backfill
006WR00000wjnONYAY,Smith + Rio,Originator__c,(null),005WR00000CXEZyYAP,2026-07-08-backfill-originator.py,2026-07-08T15:51:07,backfill
006WR00000wjnOOYAY,Imperial Broadmoor,Originator__c,(null),005WR00000DE44HYAT,2026-07-08-backfill-originator.py,2026-07-08T15:51:07,backfill
006WR00000wjnOPYAY,Keller at Town Square,Originator__c,(null),005WR00000DE44HYAT,2026-07-08-backfill-originator.py,2026-07-08T15:51:07,backfill
006WR00000wjnOQYAY,Golf View Apartments,Originator__c,(null),005WR00000DE44HYAT,2026-07-08-backfill-originator.py,2026-07-08T15:51:07,backfill
006WR00000wjnORYAY,Sunridge Manor Apts - NOW - The Manhattan,Originator__c,(null),005WR00000DE44HYAT,2026-07-08-backfill-originator.py,2026-07-08T15:51:07,backfill
006WR00000wjnOSYAY,The Grid,Originator__c,(null),005WR00000DE44HYAT,2026-07-08-backfill-originator.py,2026-07-08T15:51:07,backfill
006WR00000wjnOTYAY,Pueblo Mesa (MHP),Originator__c,(null),005WR00000DE44HYAT,2026-07-08-backfill-originator.py,2026-07-08T15:51:07,backfill
006WR00000wjnOUYAY,The Resort (MHP),Originator__c,(null),005WR00000DE44HYAT,2026-07-08-backfill-originator.py,2026-07-08T15:51:07,backfill
006WR00000wjnOVYAY,The Aster at Mountain Vista,Originator__c,(null),005WR00000DE44HYAT,2026-07-08-backfill-originator.py,2026-07-08T15:51:07,backfill
006WR00000wjnOWYAY,The Havenly Gilbert,Originator__c,(null),005WR00000DE44HYAT,2026-07-08-backfill-originator.py,2026-07-08T15:51:07,backfill
006WR00000wjnOXYAY,Garden Spot Mobile Home Park,Originator__c,(null),005WR00000DE44HYAT,2026-07-08-backfill-originator.py,2026-07-08T15:51:07,backfill
006WR00000wjnOYYAY,Medina Station- Phase 2,Originator__c,(null),005WR00000DE44HYAT,2026-07-08-backfill-originator.py,2026-07-08T15:51:07,backfill
006WR00000wjnOZYAY,Golden West Apartments,Originator__c,(null),005WR00000DE44HYAT,2026-07-08-backfill-originator.py,2026-07-08T15:51:07,backfill
006WR00000wjnOaYAI,Modera Rio Salado,Originator__c,(null),005WR00000CXEZyYAP,2026-07-08-backfill-originator.py,2026-07-08T15:51:07,backfill
006WR00000wjnObYAI,Hilo Tempe,Originator__c,(null),005WR00000CXEZyYAP,2026-07-08-backfill-originator.py,2026-07-08T15:51:07,backfill
006WR00000wjnOcYAI,Gallery Park,Originator__c,(null),005WR00000DE44HYAT,2026-07-08-backfill-originator.py,2026-07-08T15:51:07,backfill
006WR00000wjnOdYAI,Melrose Place,Originator__c,(null),005WR00000DE44HYAT,2026-07-08-backfill-originator.py,2026-07-08T15:51:07,backfill
006WR00000wjnOeYAI,Ramblewood Condos,Originator__c,(null),005WR00000DE44HYAT,2026-07-08-backfill-originator.py,2026-07-08T15:51:07,backfill
006WR00000wjnOfYAI,Painted Trails Apartments,Originator__c,(null),005WR00000DE44HYAT,2026-07-08-backfill-originator.py,2026-07-08T15:51:07,backfill
006WR00000wjnOgYAI,Park Place at Gallery Park,Originator__c,(null),005WR00000DE44HYAT,2026-07-08-backfill-originator.py,2026-07-08T15:51:07,backfill
006WR00000wjnOhYAI,Trailing R Mobile Ranch-64 Spaces,Originator__c,(null),005WR00000DE44HYAT,2026-07-08-backfill-originator.py,2026-07-08T15:51:07,backfill
006WR00000wjnOiYAI,Silveridge Resort (MHP),Originator__c,(null),005WR00000DE44HYAT,2026-07-08-backfill-originator.py,2026-07-08T15:51:07,backfill
006WR00000wjnOjYAI,Springs at Red Mountain,Originator__c,(null),005WR00000DE44HYAT,2026-07-08-backfill-originator.py,2026-07-08T15:51:07,backfill
006WR00000wjnOkYAI,Medina Station Phase 1,Originator__c,(null),005WR00000DE44HYAT,2026-07-08-backfill-originator.py,2026-07-08T15:51:07,backfill
006WR00000wjnOlYAI,Sunny Crest (MHP),Originator__c,(null),005WR00000DE44HYAT,2026-07-08-backfill-originator.py,2026-07-08T15:51:07,backfill
006WR00000wjnOmYAI,Silver Spur Village,Originator__c,(null),005WR00000DE44HYAT,2026-07-08-backfill-originator.py,2026-07-08T15:51:07,backfill
006WR00000wjnOnYAI,The ONE at Mountain Vista,Originator__c,(null),005WR00000DE44HYAT,2026-07-08-backfill-originator.py,2026-07-08T15:51:07,backfill
006WR00000wjnOoYAI,Shadow Run Condos,Originator__c,(null),005WR00000DE44HYAT,2026-07-08-backfill-originator.py,2026-07-08T15:51:07,backfill
006WR00000wjnOpYAI,The Groves Apartments,Originator__c,(null),005WR00000DE44HYAT,2026-07-08-backfill-originator.py,2026-07-08T15:51:07,backfill
006WR00000wjnOqYAI,Southbank - Lot 6,Originator__c,(null),005WR00000CXEZyYAP,2026-07-08-backfill-originator.py,2026-07-08T15:51:07,backfill
006WR00000wjnOrYAI,First & Farmer,Originator__c,(null),005WR00000CXEZyYAP,2026-07-08-backfill-originator.py,2026-07-08T15:51:07,backfill
006WR00000wjnOsYAI,Garden View Apts/Deckz Townhomes,Originator__c,(null),005WR00000DE44HYAT,2026-07-08-backfill-originator.py,2026-07-08T15:51:07,backfill
006WR00000wjnOtYAI,Suncourt Villas Apartments,Originator__c,(null),005WR00000DE44HYAT,2026-07-08-backfill-originator.py,2026-07-08T15:51:07,backfill
006WR00000wjnOuYAI,Village Crossing at Broadway,Originator__c,(null),005WR00000DE44HYAT,2026-07-08-backfill-originator.py,2026-07-08T15:51:07,backfill
006WR00000wjnOvYAI,Mountain View Condo Rentals,Originator__c,(null),005WR00000DE44HYAT,2026-07-08-backfill-originator.py,2026-07-08T15:51:07,backfill
006WR00000wjnOwYAI,Horne Apartments,Originator__c,(null),005WR00000DE44HYAT,2026-07-08-backfill-originator.py,2026-07-08T15:51:07,backfill
006WR00000wjnOxYAI,The Davenport,Originator__c,(null),005WR00000DE44HYAT,2026-07-08-backfill-originator.py,2026-07-08T15:51:07,backfill
006WR00000wjnOyYAI,Sundial,Originator__c,(null),005WR00000DE44HYAT,2026-07-08-backfill-originator.py,2026-07-08T15:51:07,backfill
006WR00000wjnOzYAI,Sunflower/Rio Salada Place Apartments,Originator__c,(null),005WR00000DE44HYAT,2026-07-08-backfill-originator.py,2026-07-08T15:51:07,backfill
006WR00000wjnP0YAI,Villa Del Prado Apts,Originator__c,(null),005WR00000DE44HYAT,2026-07-08-backfill-originator.py,2026-07-08T15:51:07,backfill
006WR00000wjnP1YAI,Silver Spur Ranch (MHP),Originator__c,(null),005WR00000DE44HYAT,2026-07-08-backfill-originator.py,2026-07-08T15:51:07,backfill
006WR00000wjnP2YAI,Mesa Sunset (MHP),Originator__c,(null),005WR00000DE44HYAT,2026-07-08-backfill-originator.py,2026-07-08T15:51:07,backfill
006WR00000wjnP3YAI,Mountain View (MHP),Originator__c,(null),005WR00000DE44HYAT,2026-07-08-backfill-originator.py,2026-07-08T15:51:07,backfill
006WR00000wjnP4YAI,Los Racimos Condos,Originator__c,(null),005WR00000DE44HYAT,2026-07-08-backfill-originator.py,2026-07-08T15:51:07,backfill
006WR00000wjnP5YAI,The Residences at Mesa & Main,Originator__c,(null),005WR00000DE44HYAT,2026-07-08-backfill-originator.py,2026-07-08T15:51:07,backfill
006WR00000wjnP6YAI,Saratoga Apartments,Originator__c,(null),005WR00000DE44HYAT,2026-07-08-backfill-originator.py,2026-07-08T15:51:07,backfill
006WR00000wjnP7YAI,Elliot Place,Originator__c,(null),005WR00000DE44HYAT,2026-07-08-backfill-originator.py,2026-07-08T15:51:07,backfill
006WR00000wjnP8YAI,Lincoln South Bank,Originator__c,(null),005WR00000CXEZyYAP,2026-07-08-backfill-originator.py,2026-07-08T15:51:07,backfill
006WR00000wjnP9YAI,Lakeside Villas,Originator__c,(null),005WR00000DE44HYAT,2026-07-08-backfill-originator.py,2026-07-08T15:51:07,backfill
006WR00000wjnPAYAY,District at Cooley Station,Originator__c,(null),005WR00000DE44HYAT,2026-07-08-backfill-originator.py,2026-07-08T15:51:07,backfill
006WR00000wjnPBYAY,Gilbert Commons,Originator__c,(null),005WR00000DE44HYAT,2026-07-08-backfill-originator.py,2026-07-08T15:51:07,backfill
006WR00000wjnPCYAY,Norte Town Lake,Originator__c,(null),005WR00000CXEZyYAP,2026-07-08-backfill-originator.py,2026-07-08T15:51:07,backfill
006WR00000wjnPDYAY,Northbend,Originator__c,(null),005WR00000CXEZyYAP,2026-07-08-backfill-originator.py,2026-07-08T15:51:07,backfill
006WR00000wjnPEYAY,Marquis at Chandler,Originator__c,(null),005WR00000DE44HYAT,2026-07-08-backfill-originator.py,2026-07-08T15:51:07,backfill
006WR00000wjnPFYAY,Skye Tempe,Originator__c,(null),005WR00000CXEZyYAP,2026-07-08-backfill-originator.py,2026-07-08T15:51:07,backfill
006WR00000wjnPGYAY,South Pier at Tempe Town Lake,Originator__c,(null),005WR00000CXEZyYAP,2026-07-08-backfill-originator.py,2026-07-08T15:51:07,backfill
006WR00000wjnPHYAY,The Curry Road Apartments,Originator__c,(null),005WR00000CXEZyYAP,2026-07-08-backfill-originator.py,2026-07-08T15:51:07,backfill
006WR00000wjnPIYAY,Tempe Cascade (MHP),Originator__c,(null),005WR00000CXEZyYAP,2026-07-08-backfill-originator.py,2026-07-08T15:51:07,backfill
006WR00000wjnPJYAY,St. James Manor Apartments,Originator__c,(null),005WR00000DE3zRYAT,2026-07-08-backfill-originator.py,2026-07-08T15:51:07,backfill
006WR00000wjnPKYAY,Whelan Ranch Condominiums,Originator__c,(null),005WR00000DE3zRYAT,2026-07-08-backfill-originator.py,2026-07-08T15:51:07,backfill
006WR00000wjnPLYAY,The Normandy,Originator__c,(null),005WR00000DE3zRYAT,2026-07-08-backfill-originator.py,2026-07-08T15:51:07,backfill
006WR00000wjnPMYAY,The Mill,Originator__c,(null),005WR00000DE3zRYAT,2026-07-08-backfill-originator.py,2026-07-08T15:51:07,backfill
006WR00000wjnPNYAY,Cypress Pointe II Senior Housing,Originator__c,(null),005WR00000DE3zRYAT,2026-07-08-backfill-originator.py,2026-07-08T15:51:07,backfill
006WR00000wjnPOYAY,Riviera Court,Originator__c,(null),005WR00000DE3zRYAT,2026-07-08-backfill-originator.py,2026-07-08T15:51:07,backfill
006WR00000wjnPPYAY,Hamburg MHP,Originator__c,(null),005WR00000CXEZyYAP,2026-07-08-backfill-originator.py,2026-07-08T15:51:07,backfill
006WR00000wjnPQYAY,Chaucer Estates,Originator__c,(null),005WR00000CXEZyYAP,2026-07-08-backfill-originator.py,2026-07-08T15:51:07,backfill
006WR00000wjnPRYAY,Cedar Creek,Originator__c,(null),005WR00000CXEZyYAP,2026-07-08-backfill-originator.py,2026-07-08T15:51:07,backfill
006WR00000wjnPSYAY,Hillside CP LLC,Originator__c,(null),005WR00000CXEZyYAP,2026-07-08-backfill-originator.py,2026-07-08T15:51:07,backfill
006WR00000wjnPTYAY,North Bay Estates,Originator__c,(null),005WR00000CXEZyYAP,2026-07-08-backfill-originator.py,2026-07-08T15:51:07,backfill
006WR00000wjnPUYAY,Fredonia Estates CP LLC,Originator__c,(null),005WR00000CXEZyYAP,2026-07-08-backfill-originator.py,2026-07-08T15:51:07,backfill
006WR00000wjnPVYAY,"Forest MHP, LLC",Originator__c,(null),005WR00000CXEZyYAP,2026-07-08-backfill-originator.py,2026-07-08T15:51:07,backfill
006WR00000wjnPWYAY,Lynchburg (fka Suburban Trailer Town),Originator__c,(null),005WR00000CXEZyYAP,2026-07-08-backfill-originator.py,2026-07-08T15:51:07,backfill
006WR00000wjnPXYAY,Lake Side MHC (Part of Buckeye Lake MHP above),Originator__c,(null),005WR00000CXEZyYAP,2026-07-08-backfill-originator.py,2026-07-08T15:51:07,backfill
006WR00000wjnPYYAY,Morgantown Hills (Jarret Brothers),Originator__c,(null),005WR00000CXEZyYAP,2026-07-08-backfill-originator.py,2026-07-08T15:51:07,backfill
006WR00000wjnPZYAY,Fairplay MHP,Originator__c,(null),005WR00000CXEZyYAP,2026-07-08-backfill-originator.py,2026-07-08T15:51:07,backfill
006WR00000wjnPaYAI,Gold Pan MHP,Originator__c,(null),005WR00000CXEZyYAP,2026-07-08-backfill-originator.py,2026-07-08T15:51:07,backfill
006WR00000wjnPbYAI,Dotsero MHP,Originator__c,(null),005WR00000CXEZyYAP,2026-07-08-backfill-originator.py,2026-07-08T15:51:07,backfill
006WR00000wjnPcYAI,Greeley RV Park,Originator__c,(null),005WR00000CXEZyYAP,2026-07-08-backfill-originator.py,2026-07-08T15:51:07,backfill
006WR00000wjnPdYAI,Walnut Manor,Originator__c,(null),005WR00000CXEZyYAP,2026-07-08-backfill-originator.py,2026-07-08T15:51:07,backfill
006WR00000wjnPeYAI,Oxford Woods,Originator__c,(null),005WR00000CXEZyYAP,2026-07-08-backfill-originator.py,2026-07-08T15:51:07,backfill
006WR00000wjnPfYAI,Stanton Hills MHP,Originator__c,(null),005WR00000CXEZyYAP,2026-07-08-backfill-originator.py,2026-07-08T15:51:07,backfill
006WR00000wjnPgYAI,Sandy Hills Estates,Originator__c,(null),005WR00000CXEZyYAP,2026-07-08-backfill-originator.py,2026-07-08T15:51:07,backfill
006WR00000wjnPhYAI,Riverbend Estates (Oakridge),Originator__c,(null),005WR00000CXEZyYAP,2026-07-08-backfill-originator.py,2026-07-08T15:51:07,backfill
006WR00000wjnPiYAI,RV Retreat,Originator__c,(null),005WR00000CXEZyYAP,2026-07-08-backfill-originator.py,2026-07-08T15:51:07,backfill
006WR00000wjnPjYAI,Beaver Dam,Originator__c,(null),005WR00000CXEZyYAP,2026-07-08-backfill-originator.py,2026-07-08T15:51:07,backfill
006WR00000wjnPkYAI,City Gate,Originator__c,(null),005WR00000CXEZyYAP,2026-07-08-backfill-originator.py,2026-07-08T15:51:07,backfill
006WR00000wjnkrYAA,Landmark on Lovers,Originator__c,(null),005WR00000CXIX7YAP,2026-07-08-backfill-originator.py,2026-07-08T15:51:07,backfill
006WR00000wjnksYAA,Berkshire Auburn,Originator__c,(null),005WR00000CXIX7YAP,2026-07-08-backfill-originator.py,2026-07-08T15:51:07,backfill
006WR00000wjnktYAA,Andulusian Gate,Originator__c,(null),005WR00000CXIX7YAP,2026-07-08-backfill-originator.py,2026-07-08T15:51:07,backfill
006WR00000wjnkuYAA,South Side Flats,Originator__c,(null),005WR00000CXIX7YAP,2026-07-08-backfill-originator.py,2026-07-08T15:51:07,backfill
006WR00000wjnkvYAA,Berkshire Amber,Originator__c,(null),005WR00000CXIX7YAP,2026-07-08-backfill-originator.py,2026-07-08T15:51:07,backfill
006WR00000wjnkwYAA,Stonegate Apts,Originator__c,(null),005WR00000DE44HYAT,2026-07-08-backfill-originator.py,2026-07-08T15:51:07,backfill
006WR00000wjnkxYAA,Fiesta Park Village Condos,Originator__c,(null),005WR00000DE44HYAT,2026-07-08-backfill-originator.py,2026-07-08T15:51:07,backfill
006WR00000wjnkyYAA,Fiesta Village Furnished Apts,Originator__c,(null),005WR00000DE44HYAT,2026-07-08-backfill-originator.py,2026-07-08T15:51:07,backfill
006WR00000wjnkzYAA,Shorebird,Originator__c,(null),005WR00000DE44HYAT,2026-07-08-backfill-originator.py,2026-07-08T15:51:07,backfill
006WR00000wjnl0YAA,Country Cousins Mobile Home & RV Park,Originator__c,(null),005WR00000DE44HYAT,2026-07-08-backfill-originator.py,2026-07-08T15:51:07,backfill
006WR00000wjnl1YAA,Skyline Trinity,Originator__c,(null),005WR00000CXIX7YAP,2026-07-08-backfill-originator.py,2026-07-08T15:51:07,backfill
006WR00000wjnl2YAA,Broadstone 51/51,Originator__c,(null),005WR00000CXIX7YAP,2026-07-08-backfill-originator.py,2026-07-08T15:51:07,backfill
006WR00000wjnl3YAA,Larq Henderson,Originator__c,(null),005WR00000CXIX7YAP,2026-07-08-backfill-originator.py,2026-07-08T15:51:07,backfill
006WR00000wjnl4YAA,Camden Belmont,Originator__c,(null),005WR00000CXIX7YAP,2026-07-08-backfill-originator.py,2026-07-08T15:51:07,backfill
006WR00000wjnl5YAA,Buckeye Trails Commons,Originator__c,(null),005WR00000CXIX7YAP,2026-07-08-backfill-originator.py,2026-07-08T15:51:07,backfill
006WR00000wjnl6YAA,Melody Villa Condominiums,Originator__c,(null),005WR00000DEU6oYAH,2026-07-08-backfill-originator.py,2026-07-08T15:51:07,backfill
006WR00000wjnl7YAA,Ponderosa Pine Apartments (Pine Gardens),Originator__c,(null),005WR00000DEU6oYAH,2026-07-08-backfill-originator.py,2026-07-08T15:51:07,backfill
006WR00000wjnl8YAA,Alexan Lower Greenville,Originator__c,(null),005WR00000CXIX7YAP,2026-07-08-backfill-originator.py,2026-07-08T15:51:07,backfill
006WR00000wjnl9YAA,New Village at Lakewest,Originator__c,(null),005WR00000CXIX7YAP,2026-07-08-backfill-originator.py,2026-07-08T15:51:07,backfill
006WR00000wjnlAYAQ,Alara Uptown,Originator__c,(null),005WR00000CXIX7YAP,2026-07-08-backfill-originator.py,2026-07-08T15:51:07,backfill
006WR00000wjnlBYAQ,Bishop North,Originator__c,(null),005WR00000CXIX7YAP,2026-07-08-backfill-originator.py,2026-07-08T15:51:07,backfill
006WR00000wjnlCYAQ,Thirty377,Originator__c,(null),005WR00000CXIX7YAP,2026-07-08-backfill-originator.py,2026-07-08T15:51:07,backfill
006WR00000wjnlDYAQ,Stella,Originator__c,(null),005WR00000CXIX7YAP,2026-07-08-backfill-originator.py,2026-07-08T15:51:07,backfill
006WR00000wjnlEYAQ,The Monterey,Originator__c,(null),005WR00000DEU6oYAH,2026-07-08-backfill-originator.py,2026-07-08T15:51:07,backfill
006WR00000wjnlFYAQ,Temple View Condos,Originator__c,(null),005WR00000DEU6oYAH,2026-07-08-backfill-originator.py,2026-07-08T15:51:07,backfill
006WR00000wjnlGYAQ,Tamarron Village,Originator__c,(null),005WR00000DE44HYAT,2026-07-08-backfill-originator.py,2026-07-08T15:51:07,backfill
006WR00000wjnlHYAQ,Four Mile Village Condominium Association,Originator__c,(null),005WR00000DE45tYAD,2026-07-08-backfill-originator.py,2026-07-08T15:51:07,backfill
006WR00000wjnlIYAQ,Pearl Studios,Originator__c,(null),005WR00000DE3zRYAT,2026-07-08-backfill-originator.py,2026-07-08T15:51:07,backfill
006WR00000wjnlJYAQ,Portola East Mesa,Originator__c,(null),005WR00000DE44HYAT,2026-07-08-backfill-originator.py,2026-07-08T15:51:07,backfill
006WR00000wjnlKYAQ,Tremont Sr Apartment Homes,Originator__c,(null),005WR00000CXIX7YAP,2026-07-08-backfill-originator.py,2026-07-08T15:51:07,backfill
006WR00000wjnlLYAQ,Ridge Point,Originator__c,(null),005WR00000CXIX7YAP,2026-07-08-backfill-originator.py,2026-07-08T15:51:07,backfill
006WR00000wjnlMYAQ,Riverside Apartments,Originator__c,(null),005WR00000CXIX7YAP,2026-07-08-backfill-originator.py,2026-07-08T15:51:07,backfill
006WR00000wjnlNYAQ,Riverside Mobile Estates,Originator__c,(null),005WR00000CXIX7YAP,2026-07-08-backfill-originator.py,2026-07-08T15:51:07,backfill
006WR00000wjnlOYAQ,Chaska Place Apartments,Originator__c,(null),005WR00000CXEZyYAP,2026-07-08-backfill-originator.py,2026-07-08T15:51:07,backfill
006WR00000wjnlPYAQ,Seven Palms,Originator__c,(null),005WR00000DE3zRYAT,2026-07-08-backfill-originator.py,2026-07-08T15:51:07,backfill
006WR00000wjnlQYAQ,Marina South at Cape Harbor,Originator__c,(null),005WR00000DE3zRYAT,2026-07-08-backfill-originator.py,2026-07-08T15:51:07,backfill
006WR00000wjnlRYAQ,Lodges at Deer Valley,Originator__c,(null),005WR00000DE3zRYAT,2026-07-08-backfill-originator.py,2026-07-08T15:51:07,backfill
006WR00000wjnlSYAQ,Dolce Vita,Originator__c,(null),005WR00000DE45tYAD,2026-07-08-backfill-originator.py,2026-07-08T15:51:07,backfill
006WR00000wjnlTYAQ,Heather Brook Apartments,Originator__c,(null),005WR00000DEU6oYAH,2026-07-08-backfill-originator.py,2026-07-08T15:51:07,backfill
006WR00000wjnlUYAQ,The Upland,Originator__c,(null),005WR00000DE3zRYAT,2026-07-08-backfill-originator.py,2026-07-08T15:51:07,backfill
006WR00000wjnlVYAQ,MAA Copper Ridge,Originator__c,(null),005WR00000DEU6oYAH,2026-07-08-backfill-originator.py,2026-07-08T15:51:07,backfill
006WR00000wjnlWYAQ,MAA Watermark,Originator__c,(null),005WR00000DEU6oYAH,2026-07-08-backfill-originator.py,2026-07-08T15:51:07,backfill
006WR00000wjnlXYAQ,MAA Boulder Ridge,Originator__c,(null),005WR00000DEU6oYAH,2026-07-08-backfill-originator.py,2026-07-08T15:51:07,backfill
006WR00000wjnlYYAQ,Wintercove Park,Originator__c,(null),005WR00000DE45tYAD,2026-07-08-backfill-originator.py,2026-07-08T15:51:07,backfill
006WR00000wjnlZYAQ,Bentley By Broadmoor,Originator__c,(null),005WR00000DEU6oYAH,2026-07-08-backfill-originator.py,2026-07-08T15:51:07,backfill
006WR00000wjnlaYAA,The Colonial Apartments Broadmoor,Originator__c,(null),005WR00000DEU6oYAH,2026-07-08-backfill-originator.py,2026-07-08T15:51:07,backfill
006WR00000wjnlbYAA,Bellrock Crystal Springs Apartments,Originator__c,(null),005WR00000CXIX7YAP,2026-07-08-backfill-originator.py,2026-07-08T15:51:07,backfill
006WR00000wjnlcYAA,Dayton Commons,Originator__c,(null),005WR00000CXIX7YAP,2026-07-08-backfill-originator.py,2026-07-08T15:51:07,backfill
006WR00000wjnldYAA,Town and Country Apartments,Originator__c,(null),005WR00000CXIX7YAP,2026-07-08-backfill-originator.py,2026-07-08T15:51:07,backfill
006WR00000wjnleYAA,Salem Village at Miami Heights,Originator__c,(null),005WR00000DE3zRYAT,2026-07-08-backfill-originator.py,2026-07-08T15:51:07,backfill
006WR00000wjnlfYAA,"Cardinal Farms Subdivision, Phase 1",Originator__c,(null),005WR00000CXIX7YAP,2026-07-08-backfill-originator.py,2026-07-08T15:51:07,backfill
006WR00000wjnlgYAA,Catalina Ridge,Originator__c,(null),005WR00000DE3zRYAT,2026-07-08-backfill-originator.py,2026-07-08T15:51:07,backfill
006WR00000wjnlhYAA,Island Palms,Originator__c,(null),005WR00000DE44HYAT,2026-07-08-backfill-originator.py,2026-07-08T15:51:07,backfill
006WR00000wjnliYAA,The Highlands at Brentwood,Originator__c,(null),005WR00000DE45tYAD,2026-07-08-backfill-originator.py,2026-07-08T15:51:07,backfill
006WR00000wjnljYAA,Courtyard Towers,Originator__c,(null),005WR00000DE45tYAD,2026-07-08-backfill-originator.py,2026-07-08T15:51:07,backfill
006WR00000wjnlkYAA,Seventeen 805,Originator__c,(null),005WR00000DE45tYAD,2026-07-08-backfill-originator.py,2026-07-08T15:51:07,backfill
006WR00000wjnllYAA,Country Club Commons,Originator__c,(null),005WR00000DE45tYAD,2026-07-08-backfill-originator.py,2026-07-08T15:51:07,backfill
006WR00000wjnlmYAA,Gold Run Condos,Originator__c,(null),005WR00000DE3zRYAT,2026-07-08-backfill-originator.py,2026-07-08T15:51:07,backfill
006WR00000wjnlnYAA,Country View Garden Homes,Originator__c,(null),005WR00000CXIX7YAP,2026-07-08-backfill-originator.py,2026-07-08T15:51:07,backfill
006WR00000wjnloYAA,Outrigger Village,Originator__c,(null),005WR00000CXIX7YAP,2026-07-08-backfill-originator.py,2026-07-08T15:51:07,backfill
006WR00000wjnlpYAA,Bella Vista LOST,Originator__c,(null),005WR00000CXEZyYAP,2026-07-08-backfill-originator.py,2026-07-08T15:51:07,backfill
006WR00000wjnlqYAA,Cedar Park Apartments [WA],Originator__c,(null),005WR00000DE3zRYAT,2026-07-08-backfill-originator.py,2026-07-08T15:51:07,backfill
006WR00000wjnlrYAA,Oak Haven RV,Originator__c,(null),005WR00000CXIX7YAP,2026-07-08-backfill-originator.py,2026-07-08T15:51:07,backfill
006WR00000wjnlsYAA,The Residences of Holland Lake,Originator__c,(null),005WR00000CXIX7YAP,2026-07-08-backfill-originator.py,2026-07-08T15:51:07,backfill
006WR00000wjnltYAA,Residences at Holly Oaks,Originator__c,(null),005WR00000CXIX7YAP,2026-07-08-backfill-originator.py,2026-07-08T15:51:07,backfill
006WR00000wjnluYAA,Parkside Townhomes,Originator__c,(null),005WR00000CXIX7YAP,2026-07-08-backfill-originator.py,2026-07-08T15:51:07,backfill
006WR00000wjnlvYAA,Triple Crown Estates,Originator__c,(null),005WR00000DEU6oYAH,2026-07-08-backfill-originator.py,2026-07-08T15:51:07,backfill
006WR00000wjnlwYAA,The Ridge Apartments,Originator__c,(null),005WR00000CXEZyYAP,2026-07-08-backfill-originator.py,2026-07-08T15:51:07,backfill
006WR00000wjnlxYAA,Montana Condos,Originator__c,(null),005WR00000DE3zRYAT,2026-07-08-backfill-originator.py,2026-07-08T15:51:07,backfill
006WR00000wjnlyYAA,Vintage Hill Coop of Prairie Trail,Originator__c,(null),005WR00000CXIX7YAP,2026-07-08-backfill-originator.py,2026-07-08T15:51:07,backfill
006WR00000wjnlzYAA,Perrine Court Apartments,Originator__c,(null),005WR00000DE3zRYAT,2026-07-08-backfill-originator.py,2026-07-08T15:51:07,backfill
006WR00000wjnm0YAA,O'Malley Apartments,Originator__c,(null),005WR00000DE3zRYAT,2026-07-08-backfill-originator.py,2026-07-08T15:51:07,backfill
006WR00000wjnm1YAA,Graymayre Crossing [LOST],Originator__c,(null),005WR00000DE3zRYAT,2026-07-08-backfill-originator.py,2026-07-08T15:51:07,backfill
006WR00000wjnm2YAA,Park Capitol Apartments,Originator__c,(null),005WR00000CXEZyYAP,2026-07-08-backfill-originator.py,2026-07-08T15:51:07,backfill
006WR00000wjnm3YAA,Winchester Court,Originator__c,(null),005WR00000DE3zRYAT,2026-07-08-backfill-originator.py,2026-07-08T15:51:07,backfill
006WR00000wjnm4YAA,Loggerhead Cay,Originator__c,(null),005WR00000CXIX7YAP,2026-07-08-backfill-originator.py,2026-07-08T15:51:07,backfill
006WR00000wjnm5YAA,Lincoln Village,Originator__c,(null),005WR00000DE3zRYAT,2026-07-08-backfill-originator.py,2026-07-08T15:51:07,backfill
006WR00000wjnm6YAA,Mission View Manor West,Originator__c,(null),005WR0000030RCzYAM,2026-07-08-backfill-originator.py,2026-07-08T15:51:07,backfill
006WR00000wjnm7YAA,Westerly,Originator__c,(null),005WR00000CXIX7YAP,2026-07-08-backfill-originator.py,2026-07-08T15:51:07,backfill
006WR00000wjnm8YAA,Destinations Alexander,Originator__c,(null),005WR00000DE3zRYAT,2026-07-08-backfill-originator.py,2026-07-08T15:51:07,backfill
006WR00000wjnm9YAA,Rosewood Club,Originator__c,(null),005WR00000DE3zRYAT,2026-07-08-backfill-originator.py,2026-07-08T15:51:07,backfill
006WR00000wjnmAYAQ,The Cornelius,Originator__c,(null),005WR00000DE3zRYAT,2026-07-08-backfill-originator.py,2026-07-08T15:51:07,backfill
006WR00000wjnmBYAQ,Habitat Apartments [LOST],Originator__c,(null),005WR00000DE3zRYAT,2026-07-08-backfill-originator.py,2026-07-08T15:51:07,backfill
006WR00000wjnmCYAQ,Summit Townomes,Originator__c,(null),005WR00000DE3zRYAT,2026-07-08-backfill-originator.py,2026-07-08T15:51:07,backfill
006WR00000wjnmDYAQ,Spring Haven RV resort,Originator__c,(null),005WR00000DEU6oYAH,2026-07-08-backfill-originator.py,2026-07-08T15:51:07,backfill
006WR00000wjnmEYAQ,Horizon Senior Apartments,Originator__c,(null),005WR00000DE3zRYAT,2026-07-08-backfill-originator.py,2026-07-08T15:51:07,backfill
006WR00000wjnmFYAQ,Crescent Ridge Apartments,Originator__c,(null),005WR00000DE3zRYAT,2026-07-08-backfill-originator.py,2026-07-08T15:51:07,backfill
006WR00000wjnmGYAQ,Colonial Square,Originator__c,(null),005WR00000CXEZyYAP,2026-07-08-backfill-originator.py,2026-07-08T15:51:07,backfill
006WR00000wjnmHYAQ,Mesa Grande MHP-110 Spaces,Originator__c,(null),005WR00000DE45tYAD,2026-07-08-backfill-originator.py,2026-07-08T15:51:07,backfill
006WR00000wjnmIYAQ,The Port Apartments,Originator__c,(null),005WR00000CXEZyYAP,2026-07-08-backfill-originator.py,2026-07-08T15:51:07,backfill
006WR00000wjnmJYAQ,Moda Shoreline,Originator__c,(null),005WR00000CXEZyYAP,2026-07-08-backfill-originator.py,2026-07-08T15:51:07,backfill
006WR00000wjnmKYAQ,University Apartments,Originator__c,(null),005WR00000DE3zRYAT,2026-07-08-backfill-originator.py,2026-07-08T15:51:07,backfill
006WR00000wjqCNYAY,Frankford Flats,Originator__c,(null),005WR00000CXIX7YAP,2026-07-08-backfill-originator.py,2026-07-08T15:51:07,backfill
006WR00000wjqCOYAY,Summit Park Apartments,Originator__c,(null),005WR00000CXIX7YAP,2026-07-08-backfill-originator.py,2026-07-08T15:51:07,backfill
006WR00000wjqCPYAY,Villas of Josey Ranch,Originator__c,(null),005WR00000CXIX7YAP,2026-07-08-backfill-originator.py,2026-07-08T15:51:07,backfill
006WR00000wjqCQYAY,Greenbriar Park,Originator__c,(null),005WR00000CXIX7YAP,2026-07-08-backfill-originator.py,2026-07-08T15:51:07,backfill
006WR00000wjqCRYAY,The Timbers Apartment Homes,Originator__c,(null),005WR00000CXIX7YAP,2026-07-08-backfill-originator.py,2026-07-08T15:51:07,backfill
006WR00000wjqCSYAY,Walnut Creek Apartments,Originator__c,(null),005WR00000CXIX7YAP,2026-07-08-backfill-originator.py,2026-07-08T15:51:07,backfill
006WR00000wjqCTYAY,Winsted at White Rock Lake Apartments,Originator__c,(null),005WR00000CXIX7YAP,2026-07-08-backfill-originator.py,2026-07-08T15:51:07,backfill
006WR00000wjqCUYAY,Skye at Love,Originator__c,(null),005WR00000CXIX7YAP,2026-07-08-backfill-originator.py,2026-07-08T15:51:07,backfill
006WR00000wjqCVYAY,Overlook at Bear Creek,Originator__c,(null),005WR00000CXIX7YAP,2026-07-08-backfill-originator.py,2026-07-08T15:51:07,backfill
006WR00000wjqCWYAY,Pike West Commerce,Originator__c,(null),005WR00000CXIX7YAP,2026-07-08-backfill-originator.py,2026-07-08T15:51:07,backfill
006WR00000wjqCXYAY,Northaven Terrace,Originator__c,(null),005WR00000CXIX7YAP,2026-07-08-backfill-originator.py,2026-07-08T15:51:07,backfill
006WR00000wjqCYYAY,Josey Place Apartments,Originator__c,(null),005WR00000CXIX7YAP,2026-07-08-backfill-originator.py,2026-07-08T15:51:07,backfill
006WR00000wjqCZYAY,Monarch Pass,Originator__c,(null),005WR00000CXIX7YAP,2026-07-08-backfill-originator.py,2026-07-08T15:51:07,backfill
006WR00000wjqCaYAI,Horizons at Sunridge,Originator__c,(null),005WR00000CXIX7YAP,2026-07-08-backfill-originator.py,2026-07-08T15:51:07,backfill
006WR00000wjqCbYAI,The Carling on Frankford,Originator__c,(null),005WR00000CXIX7YAP,2026-07-08-backfill-originator.py,2026-07-08T15:51:07,backfill
006WR00000wjqCcYAI,Peters Colony apartments,Originator__c,(null),005WR00000CXIX7YAP,2026-07-08-backfill-originator.py,2026-07-08T15:51:07,backfill
006WR00000wjqCdYAI,Switchyard,Originator__c,(null),005WR00000CXIX7YAP,2026-07-08-backfill-originator.py,2026-07-08T15:51:07,backfill
006WR00000wjqCeYAI,The Isaac,Originator__c,(null),005WR00000CXIX7YAP,2026-07-08-backfill-originator.py,2026-07-08T15:51:07,backfill
006WR00000wjqCfYAI,Park View Terrace,Originator__c,(null),005WR00000CXIX7YAP,2026-07-08-backfill-originator.py,2026-07-08T15:51:07,backfill
006WR00000wjqCgYAI,Parks on the Green,Originator__c,(null),005WR00000CXIX7YAP,2026-07-08-backfill-originator.py,2026-07-08T15:51:07,backfill
006WR00000wjqChYAI,Gates de Provence,Originator__c,(null),005WR00000CXIX7YAP,2026-07-08-backfill-originator.py,2026-07-08T15:51:07,backfill
006WR00000wjqCiYAI,Modera Walsh,Originator__c,(null),005WR00000CXIX7YAP,2026-07-08-backfill-originator.py,2026-07-08T15:51:07,backfill
006WR00000wjqCjYAI,Edentree Apatments,Originator__c,(null),005WR00000CXIX7YAP,2026-07-08-backfill-originator.py,2026-07-08T15:51:07,backfill
006WR00000wjqCkYAI,Monaco on the Trail,Originator__c,(null),005WR00000CXIX7YAP,2026-07-08-backfill-originator.py,2026-07-08T15:51:07,backfill
006WR00000wjqClYAI,The Stream at High Pointe,Originator__c,(null),005WR00000CXIX7YAP,2026-07-08-backfill-originator.py,2026-07-08T15:51:07,backfill
006WR00000wjqCmYAI,Treymore North,Originator__c,(null),005WR00000CXIX7YAP,2026-07-08-backfill-originator.py,2026-07-08T15:51:07,backfill
006WR00000wjqCnYAI,The Burgundy Condos and Apartments,Originator__c,(null),005WR00000CXIX7YAP,2026-07-08-backfill-originator.py,2026-07-08T15:51:07,backfill
006WR00000wjqCoYAI,Galleria Townhomes,Originator__c,(null),005WR00000CXIX7YAP,2026-07-08-backfill-originator.py,2026-07-08T15:51:07,backfill
006WR00000wjqCpYAI,Lynn Villa APartments,Originator__c,(null),005WR00000CXIX7YAP,2026-07-08-backfill-originator.py,2026-07-08T15:51:07,backfill
006WR00000wjqCqYAI,Preston Village,Originator__c,(null),005WR00000CXIX7YAP,2026-07-08-backfill-originator.py,2026-07-08T15:51:07,backfill
006WR00000wjqCrYAI,Midtown,Originator__c,(null),005WR00000CXIX7YAP,2026-07-08-backfill-originator.py,2026-07-08T15:51:07,backfill
006WR00000wjqCsYAI,Trinity Mills Apartments,Originator__c,(null),005WR00000CXIX7YAP,2026-07-08-backfill-originator.py,2026-07-08T15:51:07,backfill
006WR00000wjqCtYAI,IMT Prestonwood,Originator__c,(null),005WR00000CXIX7YAP,2026-07-08-backfill-originator.py,2026-07-08T15:51:07,backfill
006WR00000wjqCuYAI,River Junction,Originator__c,(null),005WR00000CXIX7YAP,2026-07-08-backfill-originator.py,2026-07-08T15:51:07,backfill
006WR00000wjqCvYAI,The Edge at Glade Parks,Originator__c,(null),005WR00000CXIX7YAP,2026-07-08-backfill-originator.py,2026-07-08T15:51:07,backfill
006WR00000wjqCwYAI,Enclave at Bear Creek,Originator__c,(null),005WR00000CXIX7YAP,2026-07-08-backfill-originator.py,2026-07-08T15:51:07,backfill
006WR00000wjqCxYAI,Lux on Main,Originator__c,(null),005WR00000CXIX7YAP,2026-07-08-backfill-originator.py,2026-07-08T15:51:07,backfill
006WR00000wjqCyYAI,The Georgian,Originator__c,(null),005WR00000CXIX7YAP,2026-07-08-backfill-originator.py,2026-07-08T15:51:07,backfill
006WR00000wjqCzYAI,Northhaven Apartments,Originator__c,(null),005WR00000CXIX7YAP,2026-07-08-backfill-originator.py,2026-07-08T15:51:07,backfill
006WR00000wjqD0YAI,Wildwood Villas,Originator__c,(null),005WR00000CXIX7YAP,2026-07-08-backfill-originator.py,2026-07-08T15:51:07,backfill
006WR00000wjqD1YAI,LaSalle,Originator__c,(null),005WR00000CXIX7YAP,2026-07-08-backfill-originator.py,2026-07-08T15:51:07,backfill
006WR00000wjqD2YAI,Greyson's Gate,Originator__c,(null),005WR00000CXIX7YAP,2026-07-08-backfill-originator.py,2026-07-08T15:51:07,backfill
006WR00000wjqD3YAI,Midway Urban Village,Originator__c,(null),005WR00000CXIX7YAP,2026-07-08-backfill-originator.py,2026-07-08T15:51:07,backfill
006WR00000wjqD4YAI,Windsor Westbridge,Originator__c,(null),005WR00000CXIX7YAP,2026-07-08-backfill-originator.py,2026-07-08T15:51:07,backfill
006WR00000wjqD5YAI,Villas del Zocalo,Originator__c,(null),005WR00000CXIX7YAP,2026-07-08-backfill-originator.py,2026-07-08T15:51:07,backfill
006WR00000wjqD6YAI,Vista Arbor Apartments,Originator__c,(null),005WR00000CXIX7YAP,2026-07-08-backfill-originator.py,2026-07-08T15:51:07,backfill
006WR00000wjqD7YAI,Spanish Villas,Originator__c,(null),005WR00000CXIX7YAP,2026-07-08-backfill-originator.py,2026-07-08T15:51:07,backfill
006WR00000wjqD8YAI,Tides on Larga,Originator__c,(null),005WR00000CXIX7YAP,2026-07-08-backfill-originator.py,2026-07-08T15:51:07,backfill
006WR00000wjqD9YAI,Summit Ridge,Originator__c,(null),005WR00000CXIX7YAP,2026-07-08-backfill-originator.py,2026-07-08T15:51:07,backfill
006WR00000wjqDAYAY,Trinity Square,Originator__c,(null),005WR00000CXIX7YAP,2026-07-08-backfill-originator.py,2026-07-08T15:51:07,backfill
006WR00000wjqDBYAY,LYV Broadway,Originator__c,(null),005WR00000CXIX7YAP,2026-07-08-backfill-originator.py,2026-07-08T15:51:07,backfill
006WR00000wjqDCYAY,The Gardens Of Josey Lane,Originator__c,(null),005WR00000CXIX7YAP,2026-07-08-backfill-originator.py,2026-07-08T15:51:07,backfill
006WR00000wjqDDYAY,The Drake on Summit,Originator__c,(null),005WR00000CXIX7YAP,2026-07-08-backfill-originator.py,2026-07-08T15:51:07,backfill
006WR00000wjqDEYAY,Ridgeline Townhomes,Originator__c,(null),005WR00000CXIX7YAP,2026-07-08-backfill-originator.py,2026-07-08T15:51:07,backfill
006WR00000wjqDFYAY,The Continental,Originator__c,(null),005WR00000CXIX7YAP,2026-07-08-backfill-originator.py,2026-07-08T15:51:07,backfill
006WR00000wjqDGYAY,Treymore at Cityplace,Originator__c,(null),005WR00000CXIX7YAP,2026-07-08-backfill-originator.py,2026-07-08T15:51:07,backfill
006WR00000wjqDHYAY,Sevilla Condos,Originator__c,(null),005WR00000CXIX7YAP,2026-07-08-backfill-originator.py,2026-07-08T15:51:07,backfill
006WR00000wjqDIYAY,The Village Dakota,Originator__c,(null),005WR00000CXIX7YAP,2026-07-08-backfill-originator.py,2026-07-08T15:51:07,backfill
006WR00000wjqDJYAY,Villa Siena Apartments,Originator__c,(null),005WR00000CXIX7YAP,2026-07-08-backfill-originator.py,2026-07-08T15:51:07,backfill
006WR00000wjqDKYAY,Heritage at Brentwood,Originator__c,(null),005WR00000CXIX7YAP,2026-07-08-backfill-originator.py,2026-07-08T15:51:07,backfill
006WR00000wjqDLYAY,Keller Oaks,Originator__c,(null),005WR00000CXIX7YAP,2026-07-08-backfill-originator.py,2026-07-08T15:51:07,backfill
006WR00000wjqDMYAY,Frankford Station,Originator__c,(null),005WR00000CXIX7YAP,2026-07-08-backfill-originator.py,2026-07-08T15:51:07,backfill
006WR00000wjqDNYAY,The Brooke Apartments,Originator__c,(null),005WR00000CXIX7YAP,2026-07-08-backfill-originator.py,2026-07-08T15:51:07,backfill
006WR00000wjqDOYAY,The Katy,Originator__c,(null),005WR00000CXIX7YAP,2026-07-08-backfill-originator.py,2026-07-08T15:51:07,backfill
006WR00000wjqDPYAY,Hazel by the Galleria,Originator__c,(null),005WR00000CXIX7YAP,2026-07-08-backfill-originator.py,2026-07-08T15:51:07,backfill
006WR00000wjqDQYAY,Yorktown Luxary Apartments,Originator__c,(null),005WR00000CXIX7YAP,2026-07-08-backfill-originator.py,2026-07-08T15:51:07,backfill
006WR00000wjqDRYAY,Vance at Bishop Union,Originator__c,(null),005WR00000CXIX7YAP,2026-07-08-backfill-originator.py,2026-07-08T15:51:07,backfill
006WR00000wjqDSYAY,The Lockley,Originator__c,(null),005WR00000CXIX7YAP,2026-07-08-backfill-originator.py,2026-07-08T15:51:07,backfill
006WR00000wjqDTYAY,Rise 120,Originator__c,(null),005WR00000CXIX7YAP,2026-07-08-backfill-originator.py,2026-07-08T15:51:07,backfill
006WR00000wjqDUYAY,Embry,Originator__c,(null),005WR00000CXIX7YAP,2026-07-08-backfill-originator.py,2026-07-08T15:51:07,backfill
006WR00000wjqDVYAY,Lone Star Gas Lofts,Originator__c,(null),005WR00000CXIX7YAP,2026-07-08-backfill-originator.py,2026-07-08T15:51:07,backfill
006WR00000wjqDWYAY,LTD West Commerce,Originator__c,(null),005WR00000CXIX7YAP,2026-07-08-backfill-originator.py,2026-07-08T15:51:07,backfill
006WR00000wjqDXYAY,Newsome Homes,Originator__c,(null),005WR00000CXIX7YAP,2026-07-08-backfill-originator.py,2026-07-08T15:51:07,backfill
006WR00000wjqDYYAY,Rocklyn Apartments,Originator__c,(null),005WR00000CXIX7YAP,2026-07-08-backfill-originator.py,2026-07-08T15:51:07,backfill
006WR00000wjqDZYAY,Heatherstone Apartments,Originator__c,(null),005WR00000CXIX7YAP,2026-07-08-backfill-originator.py,2026-07-08T15:51:07,backfill
006WR00000wjqDaYAI,Vail Quarters,Originator__c,(null),005WR00000CXIX7YAP,2026-07-08-backfill-originator.py,2026-07-08T15:51:07,backfill
006WR00000wjqDbYAI,Sterlingshire Apartments,Originator__c,(null),005WR00000CXIX7YAP,2026-07-08-backfill-originator.py,2026-07-08T15:51:07,backfill
006WR00000wjqDcYAI,Vail Village Club Apartments,Originator__c,(null),005WR00000CXIX7YAP,2026-07-08-backfill-originator.py,2026-07-08T15:51:07,backfill
006WR00000wjqDdYAI,The Brisco,Originator__c,(null),005WR00000CXIX7YAP,2026-07-08-backfill-originator.py,2026-07-08T15:51:07,backfill
006WR00000wjqDeYAI,Windsor Turtle Creek,Originator__c,(null),005WR00000CXIX7YAP,2026-07-08-backfill-originator.py,2026-07-08T15:51:07,backfill
006WR00000wjqDfYAI,Modera Georgetown,Originator__c,(null),005WR00000CXIX7YAP,2026-07-08-backfill-originator.py,2026-07-08T15:51:07,backfill
006WR00000wjqDgYAI,Victor Prosper,Originator__c,(null),005WR00000CXIX7YAP,2026-07-08-backfill-originator.py,2026-07-08T15:51:07,backfill
006WR00000wjqDhYAI,Wildwood,Originator__c,(null),005WR00000CXIX7YAP,2026-07-08-backfill-originator.py,2026-07-08T15:51:07,backfill
006WR00000wjqDiYAI,Palencia,Originator__c,(null),005WR00000CXIX7YAP,2026-07-08-backfill-originator.py,2026-07-08T15:51:07,backfill
006WR00000wjqDjYAI,Vinewood Apartments,Originator__c,(null),005WR00000CXIX7YAP,2026-07-08-backfill-originator.py,2026-07-08T15:51:07,backfill
006WR00000wjqDkYAI,Oaks at Creekside,Originator__c,(null),005WR00000CXIX7YAP,2026-07-08-backfill-originator.py,2026-07-08T15:51:07,backfill
006WR00000wjqDlYAI,The Woods of Five Mile Creek,Originator__c,(null),005WR00000CXIX7YAP,2026-07-08-backfill-originator.py,2026-07-08T15:51:07,backfill
006WR00000wjqDmYAI,Pinnacle Ridge,Originator__c,(null),005WR00000CXIX7YAP,2026-07-08-backfill-originator.py,2026-07-08T15:51:07,backfill
006WR00000wjqDnYAI,Park Hill Apartments,Originator__c,(null),005WR00000CXIX7YAP,2026-07-08-backfill-originator.py,2026-07-08T15:51:07,backfill
006WR00000wjqDoYAI,Ridge Parc,Originator__c,(null),005WR00000CXIX7YAP,2026-07-08-backfill-originator.py,2026-07-08T15:51:07,backfill
006WR00000wjqDpYAI,Villas on the Hill,Originator__c,(null),005WR00000CXIX7YAP,2026-07-08-backfill-originator.py,2026-07-08T15:51:07,backfill
006WR00000wjqDqYAI,The Mark at Midtown Park,Originator__c,(null),005WR00000CXIX7YAP,2026-07-08-backfill-originator.py,2026-07-08T15:51:07,backfill
006WR00000wjqDrYAI,The Tallows Apartments,Originator__c,(null),005WR00000CXIX7YAP,2026-07-08-backfill-originator.py,2026-07-08T15:51:07,backfill
006WR00000wjqDsYAI,Pleasant Run Apartments,Originator__c,(null),005WR00000CXIX7YAP,2026-07-08-backfill-originator.py,2026-07-08T15:51:07,backfill
006WR00000wjqDtYAI,Windsor West Lemon,Originator__c,(null),005WR00000CXIX7YAP,2026-07-08-backfill-originator.py,2026-07-08T15:51:07,backfill
006WR00000wjqDuYAI,Gallery at Turtle Creek,Originator__c,(null),005WR00000CXIX7YAP,2026-07-08-backfill-originator.py,2026-07-08T15:51:07,backfill
006WR00000wjqDvYAI,Gables Villa Rosa,Originator__c,(null),005WR00000CXIX7YAP,2026-07-08-backfill-originator.py,2026-07-08T15:51:07,backfill
006WR00000wjqDwYAI,Eleven10 at Farmers Market Apartments,Originator__c,(null),005WR00000CXIX7YAP,2026-07-08-backfill-originator.py,2026-07-08T15:51:07,backfill
006WR00000wk1EEYAY,Henderson Terrace Apartments,Originator__c,(null),005WR0000030RCzYAM,2026-07-08-backfill-originator.py,2026-07-08T15:51:07,backfill
006WR00000wk1EFYAY,Affordable Storage,Originator__c,(null),005WR00000CXIX7YAP,2026-07-08-backfill-originator.py,2026-07-08T15:51:07,backfill
006WR00000wk1EGYAY,Monaghan Apartments,Originator__c,(null),005WR00000CXIX7YAP,2026-07-08-backfill-originator.py,2026-07-08T15:51:07,backfill
006WR00000wk1EHYAY,Boyd South Apartments,Originator__c,(null),005WR00000CXIX7YAP,2026-07-08-backfill-originator.py,2026-07-08T15:51:07,backfill
006WR00000wk1EIYAY,Eagle Ridge Terrace Apartments,Originator__c,(null),005WR00000CXIX7YAP,2026-07-08-backfill-originator.py,2026-07-08T15:51:07,backfill
006WR00000wk1EJYAY,Aspen Ridge,Originator__c,(null),005WR00000DE45tYAD,2026-07-08-backfill-originator.py,2026-07-08T15:51:07,backfill
006WR00000wk1EKYAY,Overlook 380,Originator__c,(null),005WR00000CXEZyYAP,2026-07-08-backfill-originator.py,2026-07-08T15:51:07,backfill
006WR00000wk1ELYAY,Arcos De Mesa,Originator__c,(null),005WR00000DE3zRYAT,2026-07-08-backfill-originator.py,2026-07-08T15:51:07,backfill
006WR00000wk1EMYAY,Hunters Pointe (Mesa),Originator__c,(null),005WR00000DE44HYAT,2026-07-08-backfill-originator.py,2026-07-08T15:51:07,backfill
006WR00000wk1ENYAY,Valencia Apartments,Originator__c,(null),005WR00000CXEZyYAP,2026-07-08-backfill-originator.py,2026-07-08T15:51:07,backfill
006WR00000wk1EOYAY,Midwest Patio Home Apartments,Originator__c,(null),005WR00000CXEZyYAP,2026-07-08-backfill-originator.py,2026-07-08T15:51:07,backfill
006WR00000wk1EPYAY,Big Sky Patio Home Apartments,Originator__c,(null),005WR00000CXEZyYAP,2026-07-08-backfill-originator.py,2026-07-08T15:51:07,backfill
006WR00000wk1EQYAY,Hitt Road Patio Home Apartments,Originator__c,(null),005WR00000CXEZyYAP,2026-07-08-backfill-originator.py,2026-07-08T15:51:07,backfill
006WR00000wk1ERYAY,Indian Hills Terrace,Originator__c,(null),005WR000003CD6DYAW,2026-07-08-backfill-originator.py,2026-07-08T15:51:07,backfill
006WR00000wk1ESYAY,Willow Creek,Originator__c,(null),005WR00000DE3zRYAT,2026-07-08-backfill-originator.py,2026-07-08T15:51:07,backfill
006WR00000wk1ETYAY,Centennial Patio Home Apartments,Originator__c,(null),005WR00000CXEZyYAP,2026-07-08-backfill-originator.py,2026-07-08T15:51:07,backfill
006WR00000wk1EUYAY,Parkway Plaza,Originator__c,(null),005WR00000CXEZyYAP,2026-07-08-backfill-originator.py,2026-07-08T15:51:07,backfill
006WR00000wk1EVYAY,The Reserve,Originator__c,(null),005WR00000CXEZyYAP,2026-07-08-backfill-originator.py,2026-07-08T15:51:07,backfill
006WR00000wk1EWYAY,Ladera Townhouse,Originator__c,(null),005WR00000CXEZyYAP,2026-07-08-backfill-originator.py,2026-07-08T15:51:07,backfill
006WR00000wk1EXYAY,Crestview Place Apartments,Originator__c,(null),005WR00000CXIX7YAP,2026-07-08-backfill-originator.py,2026-07-08T15:51:07,backfill
006WR00000wk1EYYAY,Cielo Apartments,Originator__c,(null),005WR00000CXEZyYAP,2026-07-08-backfill-originator.py,2026-07-08T15:51:07,backfill
006WR00000wk1EZYAY,The Overlook at Thornton,Originator__c,(null),005WR00000CXEZyYAP,2026-07-08-backfill-originator.py,2026-07-08T15:51:07,backfill
006WR00000wk1EaYAI,Southgate Apartments,Originator__c,(null),005WR00000CXEZyYAP,2026-07-08-backfill-originator.py,2026-07-08T15:51:07,backfill
006WR00000wk1EbYAI,Valley View Estates,Originator__c,(null),005WR00000CXIX7YAP,2026-07-08-backfill-originator.py,2026-07-08T15:51:07,backfill
006WR00000wk1EcYAI,Terrace Heights Apartments,Originator__c,(null),005WR00000CXIX7YAP,2026-07-08-backfill-originator.py,2026-07-08T15:51:07,backfill
006WR00000wk1EdYAI,Cougar Creek Apartments,Originator__c,(null),005WR00000DE3zRYAT,2026-07-08-backfill-originator.py,2026-07-08T15:51:07,backfill
006WR00000wk1EeYAI,The Sterling Apartments,Originator__c,(null),005WR00000DE44HYAT,2026-07-08-backfill-originator.py,2026-07-08T15:51:07,backfill
006WR00000wk1EfYAI,Navajo Hills,Originator__c,(null),005WR00000DE3zRYAT,2026-07-08-backfill-originator.py,2026-07-08T15:51:07,backfill
006WR00000wk1EgYAI,Sun Valley Ranch Apartments,Originator__c,(null),005WR00000DE3zRYAT,2026-07-08-backfill-originator.py,2026-07-08T15:51:07,backfill
006WR00000wk1EhYAI,Tallgrass Village,Originator__c,(null),005WR00000CXIX7YAP,2026-07-08-backfill-originator.py,2026-07-08T15:51:07,backfill
006WR00000wk1EiYAI,Yavapai Hills Apartments,Originator__c,(null),005WR00000DE3zRYAT,2026-07-08-backfill-originator.py,2026-07-08T15:51:07,backfill
006WR00000wk1EjYAI,The Renaissance at Stoney Creek,Originator__c,(null),005WR00000CXIX7YAP,2026-07-08-backfill-originator.py,2026-07-08T15:51:07,backfill
006WR00000wk1EkYAI,Cielo on 5th (f/k/a Equinox on 5th),Originator__c,(null),005WR00000DE44HYAT,2026-07-08-backfill-originator.py,2026-07-08T15:51:07,backfill
006WR00000wk1ElYAI,The Bluffs of Brookside,Originator__c,(null),005WR00000CXIX7YAP,2026-07-08-backfill-originator.py,2026-07-08T15:51:07,backfill
006WR00000wk1EmYAI,Bay Colony Apartments,Originator__c,(null),005WR00000CXIX7YAP,2026-07-08-backfill-originator.py,2026-07-08T15:51:07,backfill
006WR00000wk1EnYAI,Hallcraft Villas Mesa 1,Originator__c,(null),005WR00000CXIX7YAP,2026-07-08-backfill-originator.py,2026-07-08T15:51:07,backfill
006WR00000wk1EoYAI,Villa Pacifica Apartments - Tucson,Originator__c,(null),005WR00000DE3zRYAT,2026-07-08-backfill-originator.py,2026-07-08T15:51:07,backfill
006WR00000wk1EpYAI,Linea Stillwater,Originator__c,(null),005WR00000Ewjj3YAB,2026-07-08-backfill-originator.py,2026-07-08T15:51:07,backfill
006WR00000wk1EqYAI,Villages of Georgetown,Originator__c,(null),005WR00000CXIX7YAP,2026-07-08-backfill-originator.py,2026-07-08T15:51:07,backfill
006WR00000wk1ErYAI,Reveal 54,Originator__c,(null),005WR00000CXIX7YAP,2026-07-08-backfill-originator.py,2026-07-08T15:51:07,backfill
006WR00000wk1EsYAI,Arco and Pilare,Originator__c,(null),005WR00000CXIX7YAP,2026-07-08-backfill-originator.py,2026-07-08T15:51:07,backfill
006WR00000wk1EtYAI,Shores At McIntosh Lake,Originator__c,(null),005WR00000DE45tYAD,2026-07-08-backfill-originator.py,2026-07-08T15:51:07,backfill
006WR00000wk1EuYAI,Mission Cove Apartments X,Originator__c,(null),005WR00000DE3zRYAT,2026-07-08-backfill-originator.py,2026-07-08T15:51:07,backfill
006WR00000wk1EvYAI,Montecito Village,Originator__c,(null),005WR00000DE3zRYAT,2026-07-08-backfill-originator.py,2026-07-08T15:51:07,backfill
006WR00000wk1EwYAI,Island Club Apartments X,Originator__c,(null),005WR00000DE3zRYAT,2026-07-08-backfill-originator.py,2026-07-08T15:51:07,backfill
006WR00000wk1ExYAI,Alta Oceanside X,Originator__c,(null),005WR00000DE3zRYAT,2026-07-08-backfill-originator.py,2026-07-08T15:51:07,backfill
006WR00000wk1EyYAI,Creekwood Villas X,Originator__c,(null),005WR00000DE3zRYAT,2026-07-08-backfill-originator.py,2026-07-08T15:51:07,backfill
006WR00000wk1EzYAI,The Lofts at Carlsbad Village X,Originator__c,(null),005WR00000DE3zRYAT,2026-07-08-backfill-originator.py,2026-07-08T15:51:07,backfill
006WR00000wk1F0YAI,The Avenue at Carlsbad X,Originator__c,(null),005WR00000DE3zRYAT,2026-07-08-backfill-originator.py,2026-07-08T15:51:07,backfill
006WR00000wk1F1YAI,"Vitruvian West I, II and III",Originator__c,(null),005WR00000CXIX7YAP,2026-07-08-backfill-originator.py,2026-07-08T15:51:07,backfill
006WR00000wk1F2YAI,Monecito Apartments,Originator__c,(null),005WR00000DE3zRYAT,2026-07-08-backfill-originator.py,2026-07-08T15:51:07,backfill
006WR00000wk1F3YAI,Aventerra at Dobson Ranch Apts,Originator__c,(null),005WR00000DEU6oYAH,2026-07-08-backfill-originator.py,2026-07-08T15:51:07,backfill
006WR00000wk1F4YAI,Landings at Dobson Ranch,Originator__c,(null),005WR00000DEU6oYAH,2026-07-08-backfill-originator.py,2026-07-08T15:51:07,backfill
006WR00000wk1F5YAI,Reflect at Dobson Ranch,Originator__c,(null),005WR00000DE44HYAT,2026-07-08-backfill-originator.py,2026-07-08T15:51:07,backfill
006WR00000wk1F6YAI,San Posada Apts,Originator__c,(null),005WR00000DE44HYAT,2026-07-08-backfill-originator.py,2026-07-08T15:51:07,backfill
006WR00000wk1F7YAI,The Landing at Fiesta Village,Originator__c,(null),005WR00000DE44HYAT,2026-07-08-backfill-originator.py,2026-07-08T15:51:07,backfill
006WR00000wk1F8YAI,Circle Tree Condominiums,Originator__c,(null),005WR00000DE44HYAT,2026-07-08-backfill-originator.py,2026-07-08T15:51:07,backfill
006WR00000wk1F9YAI,Southern Avenue Villas,Originator__c,(null),005WR00000DE44HYAT,2026-07-08-backfill-originator.py,2026-07-08T15:51:07,backfill
006WR00000wk1FAYAY,The Palms at Mesa,Originator__c,(null),005WR00000DE44HYAT,2026-07-08-backfill-originator.py,2026-07-08T15:51:07,backfill
006WR00000wk1FBYAY,Now Called (The Clifford) Tides on Country Club,Originator__c,(null),005WR00000DE44HYAT,2026-07-08-backfill-originator.py,2026-07-08T15:51:07,backfill
006WR00000wk1FCYAY,Residences on First,Originator__c,(null),005WR00000DEU6oYAH,2026-07-08-backfill-originator.py,2026-07-08T15:51:07,backfill
006WR00000wk1FDYAY,Arcadia Place X,Originator__c,(null),005WR00000DE3zRYAT,2026-07-08-backfill-originator.py,2026-07-08T15:51:07,backfill
006WR00000wk1FEYAY,Folio Apartments,Originator__c,(null),005WR00000DE3zRYAT,2026-07-08-backfill-originator.py,2026-07-08T15:51:07,backfill
006WR00000wk1FFYAY,Shadowridge Heights X,Originator__c,(null),005WR00000DE3zRYAT,2026-07-08-backfill-originator.py,2026-07-08T15:51:07,backfill
006WR00000wk1FGYAY,Shadowridge Village East X,Originator__c,(null),005WR00000DE3zRYAT,2026-07-08-backfill-originator.py,2026-07-08T15:51:07,backfill
006WR00000wk1FHYAY,Skye Apartments X,Originator__c,(null),005WR00000DE3zRYAT,2026-07-08-backfill-originator.py,2026-07-08T15:51:07,backfill
006WR00000wk1FIYAY,Artisan Luxury Apartments [JEFFERSON CENTER I],Originator__c,(null),005WR00000DE3zRYAT,2026-07-08-backfill-originator.py,2026-07-08T15:51:07,backfill
006WR00000wk1FJYAY,Cortland Southpark Terraces [ESTATES AT SOUTHPARK MEADOWS]\,Originator__c,(null),005WR00000DE3zRYAT,2026-07-08-backfill-originator.py,2026-07-08T15:51:07,backfill
006WR00000wk1FKYAY,Preserve at Melrose X,Originator__c,(null),005WR00000DE3zRYAT,2026-07-08-backfill-originator.py,2026-07-08T15:51:07,backfill
006WR00000wk1FLYAY,Alcove Apartments,Originator__c,(null),005WR00000DE3zRYAT,2026-07-08-backfill-originator.py,2026-07-08T15:51:07,backfill
006WR00000wk1FMYAY,Santee Villas X,Originator__c,(null),005WR00000DE3zRYAT,2026-07-08-backfill-originator.py,2026-07-08T15:51:07,backfill
006WR00000wk1FNYAY,Shadowridge Country Club Villas X,Originator__c,(null),005WR00000DE3zRYAT,2026-07-08-backfill-originator.py,2026-07-08T15:51:07,backfill
006WR00000wk1FOYAY,The Aspect,Originator__c,(null),005WR00000DE3zRYAT,2026-07-08-backfill-originator.py,2026-07-08T15:51:07,backfill
006WR00000wk1FPYAY,Autumn Terrace X,Originator__c,(null),005WR00000DE3zRYAT,2026-07-08-backfill-originator.py,2026-07-08T15:51:07,backfill
006WR00000wk1FQYAY,Vela Santee Apartments X,Originator__c,(null),005WR00000DE3zRYAT,2026-07-08-backfill-originator.py,2026-07-08T15:51:07,backfill
006WR00000wk1FRYAY,The Grove at Austin,Originator__c,(null),005WR00000DE3zRYAT,2026-07-08-backfill-originator.py,2026-07-08T15:51:07,backfill
006WR00000wk1FSYAY,Terrace Cove Apartments,Originator__c,(null),005WR00000DE3zRYAT,2026-07-08-backfill-originator.py,2026-07-08T15:51:07,backfill
006WR00000wk1FTYAY,Promenade at Creekside X,Originator__c,(null),005WR00000DE3zRYAT,2026-07-08-backfill-originator.py,2026-07-08T15:51:07,backfill
006WR00000wk1FUYAY,Anden X,Originator__c,(null),005WR00000DE3zRYAT,2026-07-08-backfill-originator.py,2026-07-08T15:51:07,backfill
006WR00000wk1FVYAY,Tramor at the Quest,Originator__c,(null),005WR00000DE3zRYAT,2026-07-08-backfill-originator.py,2026-07-08T15:51:07,backfill
006WR00000wk1FWYAY,Crest [Solace] on Peachtree,Originator__c,(null),005WR00000DE3zRYAT,2026-07-08-backfill-originator.py,2026-07-08T15:51:07,backfill
006WR00000wk1FXYAY,The Lola,Originator__c,(null),005WR00000DE3zRYAT,2026-07-08-backfill-originator.py,2026-07-08T15:51:07,backfill
006WR00000wk1FYYAY,30 Metro,Originator__c,(null),005WR00000DE3zRYAT,2026-07-08-backfill-originator.py,2026-07-08T15:51:07,backfill
006WR00000wk1FZYAY,Summit at Hyde Park,Originator__c,(null),005WR00000DE3zRYAT,2026-07-08-backfill-originator.py,2026-07-08T15:51:07,backfill
006WR00000wk1FaYAI,latitude33,Originator__c,(null),005WR00000DE3zRYAT,2026-07-08-backfill-originator.py,2026-07-08T15:51:07,backfill
006WR00000wk1FbYAI,The Rylan X,Originator__c,(null),005WR00000DE3zRYAT,2026-07-08-backfill-originator.py,2026-07-08T15:51:07,backfill
006WR00000wk1FcYAI,Southwind Point X,Originator__c,(null),005WR00000DE3zRYAT,2026-07-08-backfill-originator.py,2026-07-08T15:51:07,backfill
006WR00000wk1FdYAI,Sunset Springs Apartments X,Originator__c,(null),005WR00000DE3zRYAT,2026-07-08-backfill-originator.py,2026-07-08T15:51:07,backfill
006WR00000wk1FeYAI,Bella Terra X,Originator__c,(null),005WR00000DE3zRYAT,2026-07-08-backfill-originator.py,2026-07-08T15:51:07,backfill
006WR00000wk1FfYAI,Nobility Pointe,Originator__c,(null),005WR00000DE3zRYAT,2026-07-08-backfill-originator.py,2026-07-08T15:51:07,backfill
006WR00000wk1FgYAI,Shadow Ridge Woodbend X,Originator__c,(null),005WR00000DE3zRYAT,2026-07-08-backfill-originator.py,2026-07-08T15:51:07,backfill
006WR00000wk1FhYAI,Summer Wind X,Originator__c,(null),005WR00000DE3zRYAT,2026-07-08-backfill-originator.py,2026-07-08T15:51:07,backfill
006WR00000wk1FiYAI,Persea X,Originator__c,(null),005WR00000DE3zRYAT,2026-07-08-backfill-originator.py,2026-07-08T15:51:07,backfill
006WR00000wk1FjYAI,Passage Buena Vista X,Originator__c,(null),005WR00000DE3zRYAT,2026-07-08-backfill-originator.py,2026-07-08T15:51:07,backfill
006WR00000wk1FkYAI,Parc One X,Originator__c,(null),005WR00000DE3zRYAT,2026-07-08-backfill-originator.py,2026-07-08T15:51:07,backfill
006WR00000wk1FlYAI,Benson Lights,Originator__c,(null),005WR00000DE3zRYAT,2026-07-08-backfill-originator.py,2026-07-08T15:51:07,backfill
006WR00000wk1FmYAI,MAA Lyon's Gate,Originator__c,(null),005WR00000DE44HYAT,2026-07-08-backfill-originator.py,2026-07-08T15:51:07,backfill
006WR00000wk1FnYAI,MAA Sky View,Originator__c,(null),005WR00000DE44HYAT,2026-07-08-backfill-originator.py,2026-07-08T15:51:07,backfill
006WR00000wk1FoYAI,The Premiere at Dana Park,Originator__c,(null),005WR00000DE44HYAT,2026-07-08-backfill-originator.py,2026-07-08T15:51:07,backfill
006WR00000wk3O6YAI,Estates at East Riverside,Originator__c,(null),005WR00000CXIX7YAP,2026-07-08-backfill-originator.py,2026-07-08T15:51:07,backfill
006WR00000wk3O7YAI,Stone Vista,Originator__c,(null),005WR00000CXIX7YAP,2026-07-08-backfill-originator.py,2026-07-08T15:51:07,backfill
006WR00000wk3O8YAI,Elm Grove Estates,Originator__c,(null),005WR00000CXIX7YAP,2026-07-08-backfill-originator.py,2026-07-08T15:51:07,backfill
006WR00000wk3O9YAI,Icon Apartments,Originator__c,(null),005WR00000CXIX7YAP,2026-07-08-backfill-originator.py,2026-07-08T15:51:07,backfill
006WR00000wk3OAYAY,El Camino 76 Mobile Estates,Originator__c,(null),005WR0000030RCzYAM,2026-07-08-backfill-originator.py,2026-07-08T15:51:07,backfill
006WR00000wk3OBYAY,Village Park Apartments,Originator__c,(null),005WR00000DE3zRYAT,2026-07-08-backfill-originator.py,2026-07-08T15:51:07,backfill
006WR00000wk3OCYAY,The Hamptons,Originator__c,(null),005WR00000DE44HYAT,2026-07-08-backfill-originator.py,2026-07-08T15:51:07,backfill
006WR00000wk3ODYAY,Terra Vida Apts,Originator__c,(null),005WR00000DE44HYAT,2026-07-08-backfill-originator.py,2026-07-08T15:51:07,backfill
006WR00000wk3OEYAY,The Palms at Augusta Ranch,Originator__c,(null),005WR00000DE44HYAT,2026-07-08-backfill-originator.py,2026-07-08T15:51:07,backfill
006WR00000wk3OFYAY,Pala Mesa Apartments,Originator__c,(null),005WR00000DE44HYAT,2026-07-08-backfill-originator.py,2026-07-08T15:51:07,backfill
006WR00000wk3OGYAY,The Enclave at Gilbert Senior Living,Originator__c,(null),005WR00000DE44HYAT,2026-07-08-backfill-originator.py,2026-07-08T15:51:07,backfill
006WR00000wk3OHYAY,Riggs Circle,Originator__c,(null),005WR00000DE44HYAT,2026-07-08-backfill-originator.py,2026-07-08T15:51:07,backfill
006WR00000wk3OIYAY,The Springs at Alta Mesa,Originator__c,(null),005WR00000DE44HYAT,2026-07-08-backfill-originator.py,2026-07-08T15:51:07,backfill
006WR00000wk3OJYAY,The Bronte East,Originator__c,(null),005WR00000DE44HYAT,2026-07-08-backfill-originator.py,2026-07-08T15:51:07,backfill
006WR00000wk3OKYAY,The Heritage,Originator__c,(null),005WR00000DE44HYAT,2026-07-08-backfill-originator.py,2026-07-08T15:51:07,backfill
006WR00000wk3OLYAY,Skyline at Cooley Station,Originator__c,(null),005WR00000DE44HYAT,2026-07-08-backfill-originator.py,2026-07-08T15:51:07,backfill
006WR00000wk3OMYAY,University Palms Apartments,Originator__c,(null),005WR00000CXEZyYAP,2026-07-08-backfill-originator.py,2026-07-08T15:51:07,backfill
006WR00000wk3ONYAY,Southwest Villas,Originator__c,(null),005WR00000DE44HYAT,2026-07-08-backfill-originator.py,2026-07-08T15:51:07,backfill
006WR00000wk3OOYAY,The Mark at 87,Originator__c,(null),005WR00000DE44HYAT,2026-07-08-backfill-originator.py,2026-07-08T15:51:07,backfill
006WR00000wk3OPYAY,The Pacifica,Originator__c,(null),005WR00000DE44HYAT,2026-07-08-backfill-originator.py,2026-07-08T15:51:07,backfill
006WR00000wk3OQYAY,Williams Gateway,Originator__c,(null),005WR00000DE44HYAT,2026-07-08-backfill-originator.py,2026-07-08T15:51:07,backfill
006WR00000wk3ORYAY,Tides at Mesa,Originator__c,(null),005WR00000DE44HYAT,2026-07-08-backfill-originator.py,2026-07-08T15:51:07,backfill
006WR00000wk3OSYAY,Serrano Gardens,Originator__c,(null),005WR00000DE44HYAT,2026-07-08-backfill-originator.py,2026-07-08T15:51:07,backfill
006WR00000wk3OTYAY,Trails at Harris,Originator__c,(null),005WR00000DE44HYAT,2026-07-08-backfill-originator.py,2026-07-08T15:51:07,backfill
006WR00000wk3OUYAY,Tides on Gilbert West,Originator__c,(null),005WR00000DE44HYAT,2026-07-08-backfill-originator.py,2026-07-08T15:51:07,backfill
006WR00000wk3OVYAY,Wintercove Apartments,Originator__c,(null),005WR00000DE44HYAT,2026-07-08-backfill-originator.py,2026-07-08T15:51:07,backfill
006WR00000wk3OWYAY,Paradise Palms-100 Spaces,Originator__c,(null),005WR00000DE44HYAT,2026-07-08-backfill-originator.py,2026-07-08T15:51:07,backfill
006WR00000wk3OXYAY,Tides on Southern,Originator__c,(null),005WR00000DE44HYAT,2026-07-08-backfill-originator.py,2026-07-08T15:51:07,backfill
006WR00000wk3OYYAY,The Village at Lindsay Park Apartments,Originator__c,(null),005WR00000DE44HYAT,2026-07-08-backfill-originator.py,2026-07-08T15:51:07,backfill
006WR00000wk3OZYAY,Superstition Canyon Luxury Apartments,Originator__c,(null),005WR00000DE44HYAT,2026-07-08-backfill-originator.py,2026-07-08T15:51:07,backfill
006WR00000wk3OaYAI,The Courtyards,Originator__c,(null),005WR00000DE44HYAT,2026-07-08-backfill-originator.py,2026-07-08T15:51:07,backfill
006WR00000wk3ObYAI,Valor on Eighth,Originator__c,(null),005WR00000CXEZyYAP,2026-07-08-backfill-originator.py,2026-07-08T15:51:07,backfill
006WR00000wk3OcYAI,Village at Royal Palms,Originator__c,(null),005WR00000DE44HYAT,2026-07-08-backfill-originator.py,2026-07-08T15:51:07,backfill
006WR00000wk3OdYAI,Sands Apartments,Originator__c,(null),005WR00000DE44HYAT,2026-07-08-backfill-originator.py,2026-07-08T15:51:07,backfill
006WR00000wk3OeYAI,Palm Shadows Apartments,Originator__c,(null),005WR00000DE44HYAT,2026-07-08-backfill-originator.py,2026-07-08T15:51:07,backfill
006WR00000wk3OfYAI,Page Commons,Originator__c,(null),005WR00000DE44HYAT,2026-07-08-backfill-originator.py,2026-07-08T15:51:07,backfill
006WR00000wk3OgYAI,Summit Lake,Originator__c,(null),005WR00000DE44HYAT,2026-07-08-backfill-originator.py,2026-07-08T15:51:07,backfill
006WR00000wk3OhYAI,Westwood Townhomes,Originator__c,(null),005WR00000CXIX7YAP,2026-07-08-backfill-originator.py,2026-07-08T15:51:07,backfill
006WR00000wk3OiYAI,Skyline Park,Originator__c,(null),005WR00000DE3zRYAT,2026-07-08-backfill-originator.py,2026-07-08T15:51:07,backfill
006WR00000wk3OjYAI,Villas Valencia Townhouses,Originator__c,(null),005WR00000DE44HYAT,2026-07-08-backfill-originator.py,2026-07-08T15:51:07,backfill
006WR00000wk3OkYAI,Genoa Lakes,Originator__c,(null),005WR00000DE45tYAD,2026-07-08-backfill-originator.py,2026-07-08T15:51:07,backfill
006WR00000wk3OlYAI,Ventana Estates,Originator__c,(null),005WR00000DE44HYAT,2026-07-08-backfill-originator.py,2026-07-08T15:51:07,backfill
006WR00000wk3OmYAI,Stone Canyon Apartments,Originator__c,(null),005WR00000DE44HYAT,2026-07-08-backfill-originator.py,2026-07-08T15:51:07,backfill
006WR00000wk3OnYAI,Indigo Lofts,Originator__c,(null),005WR00000DE45tYAD,2026-07-08-backfill-originator.py,2026-07-08T15:51:07,backfill
006WR00000wk3OoYAI,Wasatch Club,Originator__c,(null),005WR00000CXEZyYAP,2026-07-08-backfill-originator.py,2026-07-08T15:51:07,backfill
006WR00000wk3OpYAI,Chandler Ridge,Originator__c,(null),005WR00000DE45tYAD,2026-07-08-backfill-originator.py,2026-07-08T15:51:07,backfill
006WR00000wk3OqYAI,Deserama Mobile Home Community,Originator__c,(null),005WR00000DE45tYAD,2026-07-08-backfill-originator.py,2026-07-08T15:51:07,backfill
006WR00000wk3OrYAI,Orangewood Shadows RV Resort,Originator__c,(null),005WR00000DE45tYAD,2026-07-08-backfill-originator.py,2026-07-08T15:51:07,backfill
006WR00000wk3OsYAI,Seyenna Vistas,Originator__c,(null),005WR00000DE45tYAD,2026-07-08-backfill-originator.py,2026-07-08T15:51:07,backfill
006WR00000wk3OtYAI,Windhaven III,Originator__c,(null),005WR00000DE45tYAD,2026-07-08-backfill-originator.py,2026-07-08T15:51:07,backfill
006WR00000wk3OuYAI,Palm Harbor Estates,Originator__c,(null),005WR00000DE45tYAD,2026-07-08-backfill-originator.py,2026-07-08T15:51:07,backfill
006WR00000wk3OvYAI,Tides at Chandler,Originator__c,(null),005WR00000DE44HYAT,2026-07-08-backfill-originator.py,2026-07-08T15:51:07,backfill
006WR00000wk3OwYAI,Azure Wexford Apartments,Originator__c,(null),005WR00000CXEZyYAP,2026-07-08-backfill-originator.py,2026-07-08T15:51:07,backfill
006WR00000wk3OxYAI,Biltmore Palms Condominium,Originator__c,(null),005WR00000CXEZyYAP,2026-07-08-backfill-originator.py,2026-07-08T15:51:07,backfill
006WR00000wk3OyYAI,Campus View,Originator__c,(null),005WR00000CXEZyYAP,2026-07-08-backfill-originator.py,2026-07-08T15:51:07,backfill
006WR00000wk3OzYAI,Bridgemoor Apartments,Originator__c,(null),005WR00000CXIX7YAP,2026-07-08-backfill-originator.py,2026-07-08T15:51:07,backfill
006WR00000wk3P0YAI,Fountain Springs Apartments,Originator__c,(null),005WR00000CXEZyYAP,2026-07-08-backfill-originator.py,2026-07-08T15:51:07,backfill
006WR00000wk3P1YAI,Tela Verde,Originator__c,(null),005WR00000CXEZyYAP,2026-07-08-backfill-originator.py,2026-07-08T15:51:07,backfill
006WR00000wk3P2YAI,Westdale Court Apartments,Originator__c,(null),005WR00000CXEZyYAP,2026-07-08-backfill-originator.py,2026-07-08T15:51:07,backfill
006WR00000wk3P3YAI,Whitewater II,Originator__c,(null),005WR00000CXEZyYAP,2026-07-08-backfill-originator.py,2026-07-08T15:51:07,backfill
006WR00000wk3P4YAI,River House at the Trailhead,Originator__c,(null),005WR00000CXEZyYAP,2026-07-08-backfill-originator.py,2026-07-08T15:51:07,backfill
006WR00000wk3P5YAI,Sapphire on the Talbot,Originator__c,(null),005WR00000CXEZyYAP,2026-07-08-backfill-originator.py,2026-07-08T15:51:07,backfill
006WR00000wk3P6YAI,Shady Oaks,Originator__c,(null),005WR00000CXIX7YAP,2026-07-08-backfill-originator.py,2026-07-08T15:51:07,backfill
006WR00000wk3P7YAI,Live Oak Apartment Homes,Originator__c,(null),005WR00000CXIX7YAP,2026-07-08-backfill-originator.py,2026-07-08T15:51:07,backfill
006WR00000wk3P8YAI,Gateway Northwest Apartments,Originator__c,(null),005WR00000CXIX7YAP,2026-07-08-backfill-originator.py,2026-07-08T15:51:07,backfill
006WR00000wk3P9YAI,The Hudson at Killeen,Originator__c,(null),005WR00000CXIX7YAP,2026-07-08-backfill-originator.py,2026-07-08T15:51:07,backfill
006WR00000wk3PAYAY,The Stella,Originator__c,(null),005WR00000CXIX7YAP,2026-07-08-backfill-originator.py,2026-07-08T15:51:07,backfill
006WR00000wk3PBYAY,Independence Place,Originator__c,(null),005WR00000CXIX7YAP,2026-07-08-backfill-originator.py,2026-07-08T15:51:07,backfill
006WR00000wk3PCYAY,Silverway Apartments,Originator__c,(null),005WR00000CXIX7YAP,2026-07-08-backfill-originator.py,2026-07-08T15:51:07,backfill
006WR00000wk3PDYAY,The Arbors of Taylor,Originator__c,(null),005WR00000CXIX7YAP,2026-07-08-backfill-originator.py,2026-07-08T15:51:07,backfill
006WR00000wk3PEYAY,El Dorado Apartments,Originator__c,(null),005WR00000CXIX7YAP,2026-07-08-backfill-originator.py,2026-07-08T15:51:07,backfill
006WR00000wk3PFYAY,Liberty Manor,Originator__c,(null),005WR00000CXIX7YAP,2026-07-08-backfill-originator.py,2026-07-08T15:51:07,backfill
006WR00000wk3PGYAY,Village Creek Townhomes,Originator__c,(null),005WR00000CXIX7YAP,2026-07-08-backfill-originator.py,2026-07-08T15:51:07,backfill
006WR00000wk3PHYAY,Rio Apartments,Originator__c,(null),005WR00000CXIX7YAP,2026-07-08-backfill-originator.py,2026-07-08T15:51:07,backfill
006WR00000wk3PIYAY,The Foundry Apartments,Originator__c,(null),005WR00000CXIX7YAP,2026-07-08-backfill-originator.py,2026-07-08T15:51:07,backfill
006WR00000wk3PJYAY,Pecan Branch,Originator__c,(null),005WR00000CXIX7YAP,2026-07-08-backfill-originator.py,2026-07-08T15:51:07,backfill
006WR00000wk3PKYAY,Be Mesa,Originator__c,(null),005WR00000DE44HYAT,2026-07-08-backfill-originator.py,2026-07-08T15:51:07,backfill
006WR00000wk3PLYAY,Clay Gardens Apartments,Originator__c,(null),005WR00000CXIX7YAP,2026-07-08-backfill-originator.py,2026-07-08T15:51:07,backfill
006WR00000wk3PMYAY,Laguna Knolls Apartments,Originator__c,(null),005WR00000CXIX7YAP,2026-07-08-backfill-originator.py,2026-07-08T15:51:07,backfill
006WR00000wk3PNYAY,Park West Townhouses,Originator__c,(null),005WR00000CXIX7YAP,2026-07-08-backfill-originator.py,2026-07-08T15:51:07,backfill
006WR00000wk3POYAY,Lachen Tara Apartments,Originator__c,(null),005WR00000CXIX7YAP,2026-07-08-backfill-originator.py,2026-07-08T15:51:07,backfill
006WR00000wk3PPYAY,Villas at Higuera,Originator__c,(null),005WR00000CXIX7YAP,2026-07-08-backfill-originator.py,2026-07-08T15:51:07,backfill
006WR00000wk3PQYAY,Quail Ridge Apartments,Originator__c,(null),005WR00000CXIX7YAP,2026-07-08-backfill-originator.py,2026-07-08T15:51:07,backfill
006WR00000wk3PRYAY,Birchwood,Originator__c,(null),005WR00000CXIX7YAP,2026-07-08-backfill-originator.py,2026-07-08T15:51:07,backfill
006WR00000wk3PSYAY,Hidden Oaks,Originator__c,(null),005WR00000CXIX7YAP,2026-07-08-backfill-originator.py,2026-07-08T15:51:07,backfill
006WR00000wk3PTYAY,Cloverdale Garden,Originator__c,(null),005WR00000CXIX7YAP,2026-07-08-backfill-originator.py,2026-07-08T15:51:07,backfill
006WR00000wk3PUYAY,Corning Apts,Originator__c,(null),005WR00000CXIX7YAP,2026-07-08-backfill-originator.py,2026-07-08T15:51:07,backfill
006WR00000wk3PVYAY,Maywood Apartments,Originator__c,(null),005WR00000CXIX7YAP,2026-07-08-backfill-originator.py,2026-07-08T15:51:07,backfill
006WR00000wk3PWYAY,Bardsley Garden,Originator__c,(null),005WR00000CXIX7YAP,2026-07-08-backfill-originator.py,2026-07-08T15:51:07,backfill
006WR00000wk3PXYAY,Willows Apartments,Originator__c,(null),005WR00000CXIX7YAP,2026-07-08-backfill-originator.py,2026-07-08T15:51:07,backfill
006WR00000wk3PYYAY,Marisol Apartments,Originator__c,(null),005WR00000CXIX7YAP,2026-07-08-backfill-originator.py,2026-07-08T15:51:07,backfill
006WR00000wk3PZYAY,Shoreline Apartments,Originator__c,(null),005WR00000CXIX7YAP,2026-07-08-backfill-originator.py,2026-07-08T15:51:07,backfill
006WR00000wk3PaYAI,Three Crown Apartments,Originator__c,(null),005WR00000CXIX7YAP,2026-07-08-backfill-originator.py,2026-07-08T15:51:07,backfill
006WR00000wk3PbYAI,Pinecrest Apartments,Originator__c,(null),005WR00000CXIX7YAP,2026-07-08-backfill-originator.py,2026-07-08T15:51:07,backfill
006WR00000wk3PcYAI,D Street Apartments,Originator__c,(null),005WR00000CXIX7YAP,2026-07-08-backfill-originator.py,2026-07-08T15:51:07,backfill
006WR00000wk3PdYAI,Redwood Highway Apartments,Originator__c,(null),005WR00000CXIX7YAP,2026-07-08-backfill-originator.py,2026-07-08T15:51:07,backfill
006WR00000wk3PeYAI,La Brea Apartments,Originator__c,(null),005WR00000CXIX7YAP,2026-07-08-backfill-originator.py,2026-07-08T15:51:07,backfill
006WR00000wk3PfYAI,College Park,Originator__c,(null),005WR00000CXIX7YAP,2026-07-08-backfill-originator.py,2026-07-08T15:51:07,backfill
006WR00000wk3PgYAI,The Ridge,Originator__c,(null),005WR00000CXIX7YAP,2026-07-08-backfill-originator.py,2026-07-08T15:51:07,backfill
006WR00000wk9RtYAI,117 and 121 W Avenue A Apartments,Originator__c,(null),005WR000003CD6DYAW,2026-07-08-backfill-originator.py,2026-07-08T15:51:07,backfill
006WR00000wk9RuYAI,Town East,Originator__c,(null),005WR000003CD6DYAW,2026-07-08-backfill-originator.py,2026-07-08T15:51:07,backfill
006WR00000wk9RvYAI,120 Sunset Dr,Originator__c,(null),005WR000003CD6DYAW,2026-07-08-backfill-originator.py,2026-07-08T15:51:07,backfill
006WR00000wk9RwYAI,424 Avenida Granada,Originator__c,(null),005WR000003CD6DYAW,2026-07-08-backfill-originator.py,2026-07-08T15:51:07,backfill
006WR00000wk9RxYAI,Hazel Park,Originator__c,(null),005WR000003CD6DYAW,2026-07-08-backfill-originator.py,2026-07-08T15:51:07,backfill
006WR00000wk9RyYAI,Rivers Edge,Originator__c,(null),005WR00000Ewjj3YAB,2026-07-08-backfill-originator.py,2026-07-08T15:51:07,backfill
006WR00000wk9RzYAI,Chateau Apartments,Originator__c,(null),005WR00000CXEZyYAP,2026-07-08-backfill-originator.py,2026-07-08T15:51:07,backfill
006WR00000wk9S0YAI,Kirshenbaum Apartments,Originator__c,(null),005WR000003CD6DYAW,2026-07-08-backfill-originator.py,2026-07-08T15:51:07,backfill
006WR00000wk9S1YAI,Sunterra Apartments,Originator__c,(null),005WR00000DEU6oYAH,2026-07-08-backfill-originator.py,2026-07-08T15:51:07,backfill
006WR00000wk9S2YAI,The Veranda at Twin Creek Apartments,Originator__c,(null),005WR00000DEU6oYAH,2026-07-08-backfill-originator.py,2026-07-08T15:51:07,backfill
006WR00000wk9S3YAI,Woodglen Square l,Originator__c,(null),005WR00000CXIX7YAP,2026-07-08-backfill-originator.py,2026-07-08T15:51:07,backfill
006WR00000wk9S4YAI,Skyview Townhomes,Originator__c,(null),005WR00000CXIX7YAP,2026-07-08-backfill-originator.py,2026-07-08T15:51:07,backfill
006WR00000wk9S5YAI,Temple Square Apts,Originator__c,(null),005WR00000Ewjj3YAB,2026-07-08-backfill-originator.py,2026-07-08T15:51:07,backfill
006WR00000wk9S6YAI,Hidden Valley Apartments,Originator__c,(null),005WR00000CXIX7YAP,2026-07-08-backfill-originator.py,2026-07-08T15:51:07,backfill
006WR00000wk9S7YAI,Park Village West,Originator__c,(null),005WR00000CXIX7YAP,2026-07-08-backfill-originator.py,2026-07-08T15:51:07,backfill
006WR00000wk9S8YAI,Capitol Ave Apartments,Originator__c,(null),005WR00000CXIX7YAP,2026-07-08-backfill-originator.py,2026-07-08T15:51:07,backfill
006WR00000wk9S9YAI,Davenport Apartments,Originator__c,(null),005WR00000CXIX7YAP,2026-07-08-backfill-originator.py,2026-07-08T15:51:07,backfill
006WR00000wk9SAYAY,Artistry on 10th,Originator__c,(null),005WR00000CXIX7YAP,2026-07-08-backfill-originator.py,2026-07-08T15:51:07,backfill
006WR00000wk9SBYAY,Enclave Villas Condominiums,Originator__c,(null),005WR00000CXEZyYAP,2026-07-08-backfill-originator.py,2026-07-08T15:51:07,backfill
006WR00000wk9SCYAY,Cabrillo Apartments,Originator__c,(null),005WR00000DE45tYAD,2026-07-08-backfill-originator.py,2026-07-08T15:51:07,backfill
006WR00000wk9SDYAY,Meadow Glen Mobile Home Park,Originator__c,(null),005WR00000Ewjj3YAB,2026-07-08-backfill-originator.py,2026-07-08T15:51:07,backfill
006WR00000wk9SEYAY,La Mesa Village Apartments,Originator__c,(null),005WR00000Ewjj3YAB,2026-07-08-backfill-originator.py,2026-07-08T15:51:07,backfill
006WR00000wk9SFYAY,Sun View,Originator__c,(null),005WR00000DE45tYAD,2026-07-08-backfill-originator.py,2026-07-08T15:51:07,backfill
006WR00000wk9SGYAY,Taschner Apartments,Originator__c,(null),005WR000003CD6DYAW,2026-07-08-backfill-originator.py,2026-07-08T15:51:07,backfill
006WR00000wk9SHYAY,Atria Villa Apartments,Originator__c,(null),005WR00000CXEZyYAP,2026-07-08-backfill-originator.py,2026-07-08T15:51:07,backfill
006WR00000wk9SIYAY,Park Winds Apartments,Originator__c,(null),005WR00000CXEZyYAP,2026-07-08-backfill-originator.py,2026-07-08T15:51:07,backfill
006WR00000wk9SJYAY,Prairie Winds Apartments,Originator__c,(null),005WR00000CXEZyYAP,2026-07-08-backfill-originator.py,2026-07-08T15:51:07,backfill
006WR00000wk9SKYAY,Bayshore at Agua Hedionda,Originator__c,(null),005WR00000DE3zRYAT,2026-07-08-backfill-originator.py,2026-07-08T15:51:07,backfill
006WR00000wk9SLYAY,Sierra G Ranch,Originator__c,(null),005WR000003CD6DYAW,2026-07-08-backfill-originator.py,2026-07-08T15:51:07,backfill
006WR00000wk9SMYAY,Wolf Lodge Condos,Originator__c,(null),005WR00000CXEZyYAP,2026-07-08-backfill-originator.py,2026-07-08T15:51:07,backfill
006WR00000wk9SNYAY,Equinox on Columbus,Originator__c,(null),005WR00000CXEZyYAP,2026-07-08-backfill-originator.py,2026-07-08T15:51:07,backfill
006WR00000wk9SOYAY,Plumwood Terrace HOA,Originator__c,(null),005WR00000CXIX7YAP,2026-07-08-backfill-originator.py,2026-07-08T15:51:07,backfill
006WR00000wk9SPYAY,Timberland at Crestbruck Park 1_Lumen IA_Bryce,Originator__c,(null),005WR00000CXIX7YAP,2026-07-08-backfill-originator.py,2026-07-08T15:51:07,backfill
006WR00000wk9SQYAY,Timberland at Crestbruck Park 2_Lumen IA_Bryce,Originator__c,(null),005WR00000CXIX7YAP,2026-07-08-backfill-originator.py,2026-07-08T15:51:07,backfill
006WR00000wk9SRYAY,Ashley Square _Lumen IA_Bryce,Originator__c,(null),005WR00000CXIX7YAP,2026-07-08-backfill-originator.py,2026-07-08T15:51:07,backfill
006WR00000wk9SSYAY,Waters Haven Apartments,Originator__c,(null),005WR00000Ewjj3YAB,2026-07-08-backfill-originator.py,2026-07-08T15:51:07,backfill
006WR00000wk9STYAY,Stone Ranch,Originator__c,(null),005WR00000Ewjj3YAB,2026-07-08-backfill-originator.py,2026-07-08T15:51:07,backfill
006WR00000wk9SUYAY,Kachina Apartments,Originator__c,(null),005WR00000DE3zRYAT,2026-07-08-backfill-originator.py,2026-07-08T15:51:07,backfill
006WR00000wk9SVYAY,Cottonwood Crossings,Originator__c,(null),005WR00000CXEZyYAP,2026-07-08-backfill-originator.py,2026-07-08T15:51:07,backfill
006WR00000wk9SWYAY,Sterling Point,Originator__c,(null),005WR00000CXEZyYAP,2026-07-08-backfill-originator.py,2026-07-08T15:51:07,backfill
006WR00000wk9SXYAY,Prospector's Point,Originator__c,(null),005WR00000DE3zRYAT,2026-07-08-backfill-originator.py,2026-07-08T15:51:07,backfill
006WR00000wk9SYYAY,Garden Place Apartments,Originator__c,(null),005WR00000Ewjj3YAB,2026-07-08-backfill-originator.py,2026-07-08T15:51:07,backfill
006WR00000wk9SZYAY,Falcon Glen Apartments,Originator__c,(null),005WR00000Ewjj3YAB,2026-07-08-backfill-originator.py,2026-07-08T15:51:07,backfill
006WR00000wk9SaYAI,Dundee Court,Originator__c,(null),005WR00000CXIX7YAP,2026-07-08-backfill-originator.py,2026-07-08T15:51:07,backfill
006WR00000wk9SbYAI,Benson Gardens Blvd,Originator__c,(null),005WR00000CXIX7YAP,2026-07-08-backfill-originator.py,2026-07-08T15:51:07,backfill
006WR00000wk9ScYAI,Cass Street Apartments,Originator__c,(null),005WR00000CXIX7YAP,2026-07-08-backfill-originator.py,2026-07-08T15:51:07,backfill
006WR00000wk9SdYAI,The Laredo Apartments,Originator__c,(null),005WR000003CD6DYAW,2026-07-08-backfill-originator.py,2026-07-08T15:51:07,backfill
006WR00000wk9SeYAI,Ave at Johnston Commons,Originator__c,(null),005WR00000CXIX7YAP,2026-07-08-backfill-originator.py,2026-07-08T15:51:07,backfill
006WR00000wk9SfYAI,Georgetown Square Apartments,Originator__c,(null),005WR00000CXIX7YAP,2026-07-08-backfill-originator.py,2026-07-08T15:51:07,backfill
006WR00000wk9SgYAI,Fisher's Mill,Originator__c,(null),005WR00000DE3zRYAT,2026-07-08-backfill-originator.py,2026-07-08T15:51:07,backfill
006WR00000wk9ShYAI,Centennial Apartments,Originator__c,(null),005WR00000DE3zRYAT,2026-07-08-backfill-originator.py,2026-07-08T15:51:07,backfill
006WR00000wk9SiYAI,Millennium Park Apartments,Originator__c,(null),005WR00000DE3zRYAT,2026-07-08-backfill-originator.py,2026-07-08T15:51:07,backfill
006WR00000wk9SjYAI,Chalet Apartments,Originator__c,(null),005WR000003CD6DYAW,2026-07-08-backfill-originator.py,2026-07-08T15:51:07,backfill
006WR00000wk9SkYAI,Chalet Apartments,Originator__c,(null),005WR00000CXEZyYAP,2026-07-08-backfill-originator.py,2026-07-08T15:51:07,backfill
006WR00000wk9SlYAI,Mariposa Apartment Homes at River Bend,Originator__c,(null),005WR00000Ewjj3YAB,2026-07-08-backfill-originator.py,2026-07-08T15:51:07,backfill
006WR00000wk9SmYAI,Golden Vista RV Resort,Originator__c,(null),005WR00000DE44HYAT,2026-07-08-backfill-originator.py,2026-07-08T15:51:07,backfill
006WR00000wk9SnYAI,Seascape Sur,Originator__c,(null),005Hs00000Eo9rcIAB,2026-07-08-backfill-originator.py,2026-07-08T15:51:07,backfill
006WR00000wk9SoYAI,Stone Hill,Originator__c,(null),005WR00000Ewjj3YAB,2026-07-08-backfill-originator.py,2026-07-08T15:51:07,backfill
006WR00000wk9SpYAI,Carmel Creekside,Originator__c,(null),005WR00000DEU6oYAH,2026-07-08-backfill-originator.py,2026-07-08T15:51:07,backfill
006WR00000wk9SqYAI,Hunter's Glen Apartments,Originator__c,(null),005WR00000Ewjj3YAB,2026-07-08-backfill-originator.py,2026-07-08T15:51:07,backfill
006WR00000wk9SrYAI,Cottonwood Apartments East,Originator__c,(null),005WR00000CXIX7YAP,2026-07-08-backfill-originator.py,2026-07-08T15:51:07,backfill
006WR00000wk9SsYAI,Sandpiper Pointe,Originator__c,(null),005WR000003CD6DYAW,2026-07-08-backfill-originator.py,2026-07-08T15:51:07,backfill
006WR00000wk9StYAI,Summer Park _ FF Freddy,Originator__c,(null),005WR00000CXIX7YAP,2026-07-08-backfill-originator.py,2026-07-08T15:51:07,backfill
006WR00000wk9SuYAI,Riverside Villas,Originator__c,(null),005WR000003CD6DYAW,2026-07-08-backfill-originator.py,2026-07-08T15:51:07,backfill
006WR00000wk9SvYAI,Park_Place,Originator__c,(null),005WR000003CD6DYAW,2026-07-08-backfill-originator.py,2026-07-08T15:51:07,backfill
006WR00000wk9SwYAI,Spindrift Del Mar HOA,Originator__c,(null),005WR00000CXIX7YAP,2026-07-08-backfill-originator.py,2026-07-08T15:51:07,backfill
006WR00000wk9SxYAI,Cottonwood Apartments West,Originator__c,(null),005WR00000DE3zRYAT,2026-07-08-backfill-originator.py,2026-07-08T15:51:07,backfill
006WR00000wk9SyYAI,Redwood Linden Oaks One,Originator__c,(null),005WR00000CXIX7YAP,2026-07-08-backfill-originator.py,2026-07-08T15:51:07,backfill
006WR00000wk9SzYAI,Redwood Linden Oaks Two,Originator__c,(null),005WR00000CXIX7YAP,2026-07-08-backfill-originator.py,2026-07-08T15:51:07,backfill
006WR00000wk9T0YAI,Redwood Havenwood One,Originator__c,(null),005WR00000CXIX7YAP,2026-07-08-backfill-originator.py,2026-07-08T15:51:07,backfill
006WR00000wk9T1YAI,Redwood Havenwood Two,Originator__c,(null),005WR00000CXIX7YAP,2026-07-08-backfill-originator.py,2026-07-08T15:51:07,backfill
006WR00000wk9T2YAI,Cicada Springs RV Park,Originator__c,(null),005WR000003CD6DYAW,2026-07-08-backfill-originator.py,2026-07-08T15:51:07,backfill
006WR00000wk9T3YAI,Mcqueen Landing HOA,Originator__c,(null),005WR00000CXIX7YAP,2026-07-08-backfill-originator.py,2026-07-08T15:51:07,backfill
006WR00000wk9T4YAI,La Costa Hills HOA,Originator__c,(null),005WR00000DEU6oYAH,2026-07-08-backfill-originator.py,2026-07-08T15:51:07,backfill
006WR00000wk9T5YAI,Park Place Village Condominium,Originator__c,(null),005WR00000CXIX7YAP,2026-07-08-backfill-originator.py,2026-07-08T15:51:07,backfill
006WR00000wk9T6YAI,Terrace Villa_Morris RE,Originator__c,(null),005WR00000DEU6oYAH,2026-07-08-backfill-originator.py,2026-07-08T15:51:07,backfill
006WR00000wk9T7YAI,Village West Apartments_Morris RE,Originator__c,(null),005WR00000DEU6oYAH,2026-07-08-backfill-originator.py,2026-07-08T15:51:07,backfill
006WR00000wk9T8YAI,Quail Hollow Apts_Morris RE,Originator__c,(null),005WR00000DEU6oYAH,2026-07-08-backfill-originator.py,2026-07-08T15:51:07,backfill
006WR00000wk9T9YAI,Killeen_MDU_512 W Green Ave_Morris RE,Originator__c,(null),005WR00000DEU6oYAH,2026-07-08-backfill-originator.py,2026-07-08T15:51:07,backfill
006WR00000wk9TAYAY,Arcadia Lofts,Originator__c,(null),005WR00000CXEZyYAP,2026-07-08-backfill-originator.py,2026-07-08T15:51:07,backfill
006WR00000wk9TBYAY,San Clemente,Originator__c,(null),005WR00000CXEZyYAP,2026-07-08-backfill-originator.py,2026-07-08T15:51:07,backfill
006WR00000wk9TCYAY,San Angelin,Originator__c,(null),005WR00000CXEZyYAP,2026-07-08-backfill-originator.py,2026-07-08T15:51:07,backfill
006WR00000wk9TDYAY,Waters Edge Apartment Homes,Originator__c,(null),005WR00000CXIX7YAP,2026-07-08-backfill-originator.py,2026-07-08T15:51:07,backfill
006WR00000wk9TEYAY,The Summit Lofts,Originator__c,(null),005WR00000CXIX7YAP,2026-07-08-backfill-originator.py,2026-07-08T15:51:07,backfill
006WR00000wk9TFYAY,Creekwood Apartments,Originator__c,(null),005WR00000CXIX7YAP,2026-07-08-backfill-originator.py,2026-07-08T15:51:07,backfill
006WR00000wk9TGYAY,San Miguel Apartments,Originator__c,(null),005WR00000DE44HYAT,2026-07-08-backfill-originator.py,2026-07-08T15:51:07,backfill
006WR00000wk9THYAY,Canyon Club Apartments,Originator__c,(null),005WR00000DE3zRYAT,2026-07-08-backfill-originator.py,2026-07-08T15:51:07,backfill
006WR00000wk9TIYAY,Stoney Brook Apartments,Originator__c,(null),005WR00000DE3zRYAT,2026-07-08-backfill-originator.py,2026-07-08T15:51:07,backfill
006WR00000wk9TJYAY,Carlsbad View Apartments,Originator__c,(null),005WR00000DE3zRYAT,2026-07-08-backfill-originator.py,2026-07-08T15:51:07,backfill
006WR00000wk9TKYAY,Ocean Hills Senior Living Apartments,Originator__c,(null),005WR00000DE3zRYAT,2026-07-08-backfill-originator.py,2026-07-08T15:51:07,backfill
006WR00000wk9TLYAY,Oceana Apartment Homes,Originator__c,(null),005WR00000DE3zRYAT,2026-07-08-backfill-originator.py,2026-07-08T15:51:07,backfill
006WR00000wk9TMYAY,Mira Mar Mobile Home Community,Originator__c,(null),005WR00000DE3zRYAT,2026-07-08-backfill-originator.py,2026-07-08T15:51:07,backfill
006WR00000wk9TNYAY,Pierside South,Originator__c,(null),005WR00000DE3zRYAT,2026-07-08-backfill-originator.py,2026-07-08T15:51:07,backfill
006WR00000wk9TOYAY,Boulevard Apartments,Originator__c,(null),005WR00000DE3zRYAT,2026-07-08-backfill-originator.py,2026-07-08T15:51:07,backfill
006WR00000wk9TPYAY,Elan Milano,Originator__c,(null),005WR00000DE3zRYAT,2026-07-08-backfill-originator.py,2026-07-08T15:51:07,backfill
006WR00000wk9TQYAY,Edson,Originator__c,(null),005WR00000DE3zRYAT,2026-07-08-backfill-originator.py,2026-07-08T15:51:07,backfill
006WR00000wk9TRYAY,Elan Oceano at Rancho Del Oro,Originator__c,(null),005WR00000DE3zRYAT,2026-07-08-backfill-originator.py,2026-07-08T15:51:07,backfill
006WR00000wk9TSYAY,Canyon Creek,Originator__c,(null),005WR00000DE3zRYAT,2026-07-08-backfill-originator.py,2026-07-08T15:51:07,backfill
006WR00000wk9TTYAY,Ocean Vista Apartments,Originator__c,(null),005WR00000DE3zRYAT,2026-07-08-backfill-originator.py,2026-07-08T15:51:07,backfill
006WR00000wk9TUYAY,Cavalier Mobile Estates,Originator__c,(null),005WR00000DE3zRYAT,2026-07-08-backfill-originator.py,2026-07-08T15:51:07,backfill
006WR00000wk9TVYAY,Westwood Village,Originator__c,(null),005WR00000DE3zRYAT,2026-07-08-backfill-originator.py,2026-07-08T15:51:07,backfill
006WR00000wk9TWYAY,Piazza D'Oro Townhomes,Originator__c,(null),005WR00000DE3zRYAT,2026-07-08-backfill-originator.py,2026-07-08T15:51:07,backfill
006WR00000wk9TXYAY,River Oaks,Originator__c,(null),005WR00000DE3zRYAT,2026-07-08-backfill-originator.py,2026-07-08T15:51:07,backfill
006WR00000wk9TYYAY,Pacific View,Originator__c,(null),005WR00000DE3zRYAT,2026-07-08-backfill-originator.py,2026-07-08T15:51:07,backfill
006WR00000wk9TZYAY,Sunset View,Originator__c,(null),005WR00000DE3zRYAT,2026-07-08-backfill-originator.py,2026-07-08T15:51:07,backfill
006WR00000wk9TaYAI,Parkside Villa Apartments,Originator__c,(null),005WR00000DE3zRYAT,2026-07-08-backfill-originator.py,2026-07-08T15:51:07,backfill
006WR00000wk9TbYAI,Sofi Ocean Hills,Originator__c,(null),005WR00000DE3zRYAT,2026-07-08-backfill-originator.py,2026-07-08T15:51:07,backfill
006WR00000wk9TcYAI,Shadow Way Apartments,Originator__c,(null),005WR00000DE3zRYAT,2026-07-08-backfill-originator.py,2026-07-08T15:51:07,backfill
006WR00000wk9TdYAI,DeLuz Family Housing,Originator__c,(null),005WR00000DE3zRYAT,2026-07-08-backfill-originator.py,2026-07-08T15:51:07,backfill
006WR00000wk9TeYAI,Aviara Apartments,Originator__c,(null),005WR00000DE3zRYAT,2026-07-08-backfill-originator.py,2026-07-08T15:51:07,backfill
006WR00000wk9TfYAI,Santa Fe Ranch,Originator__c,(null),005WR00000DEU6oYAH,2026-07-08-backfill-originator.py,2026-07-08T15:51:07,backfill
006WR00000wk9TgYAI,Hunters Pointe,Originator__c,(null),005WR00000DEU6oYAH,2026-07-08-backfill-originator.py,2026-07-08T15:51:07,backfill
006WR00000wk9ThYAI,The Tradition,Originator__c,(null),005WR00000DE3zRYAT,2026-07-08-backfill-originator.py,2026-07-08T15:51:07,backfill
006WR00000wk9TiYAI,Portola Senior Housing,Originator__c,(null),005WR00000DE3zRYAT,2026-07-08-backfill-originator.py,2026-07-08T15:51:07,backfill
006WR00000wk9TjYAI,Villas at Carlsbad,Originator__c,(null),005WR00000DE3zRYAT,2026-07-08-backfill-originator.py,2026-07-08T15:51:07,backfill
006WR00000wk9TkYAI,Laurel Tree Apartments,Originator__c,(null),005WR00000DE3zRYAT,2026-07-08-backfill-originator.py,2026-07-08T15:51:07,backfill
006WR00000wk9TlYAI,Lanikai Lane,Originator__c,(null),005WR00000DE3zRYAT,2026-07-08-backfill-originator.py,2026-07-08T15:51:07,backfill
006WR00000wk9TmYAI,Mariposa Apartments,Originator__c,(null),005WR00000DE3zRYAT,2026-07-08-backfill-originator.py,2026-07-08T15:51:07,backfill
006WR00000wk9TnYAI,Rising Glen,Originator__c,(null),005WR00000DE3zRYAT,2026-07-08-backfill-originator.py,2026-07-08T15:51:07,backfill
006WR00000wk9ToYAI,Villa Loma Apartments,Originator__c,(null),005WR00000DE3zRYAT,2026-07-08-backfill-originator.py,2026-07-08T15:51:07,backfill
006WR00000wk9TpYAI,Ocean View Terrace,Originator__c,(null),005WR00000DE3zRYAT,2026-07-08-backfill-originator.py,2026-07-08T15:51:07,backfill
006WR00000wk9TqYAI,Legante Paseo,Originator__c,(null),005WR00000DE44HYAT,2026-07-08-backfill-originator.py,2026-07-08T15:51:07,backfill
006WR00000wk9TrYAI,The Rail at Georgetown,Originator__c,(null),005WR00000CXIX7YAP,2026-07-08-backfill-originator.py,2026-07-08T15:51:07,backfill
006WR00000wk9TsYAI,Oaks At Georgetown,Originator__c,(null),005WR00000CXIX7YAP,2026-07-08-backfill-originator.py,2026-07-08T15:51:07,backfill
006WR00000wk9TtYAI,Radius Wolf Ranch,Originator__c,(null),005WR00000CXIX7YAP,2026-07-08-backfill-originator.py,2026-07-08T15:51:07,backfill
006WR00000wk9TuYAI,302 North,Originator__c,(null),005WR00000CXIX7YAP,2026-07-08-backfill-originator.py,2026-07-08T15:51:07,backfill
006WR00000wk9TvYAI,Dobson Glen,Originator__c,(null),005WR00000DEU6oYAH,2026-07-08-backfill-originator.py,2026-07-08T15:51:07,backfill
006WR00000wk9TwYAI,Dobson Villas,Originator__c,(null),005WR00000DEU6oYAH,2026-07-08-backfill-originator.py,2026-07-08T15:51:07,backfill
006WR00000wk9TxYAI,La Jolla Cove Condos,Originator__c,(null),005WR00000DEU6oYAH,2026-07-08-backfill-originator.py,2026-07-08T15:51:07,backfill
006WR00000wk9TyYAI,Brookside AMD Condos,Originator__c,(null),005WR00000DEU6oYAH,2026-07-08-backfill-originator.py,2026-07-08T15:51:07,backfill
006WR00000wk9TzYAI,"Skyview Mesa Unit Two Homeowners Association, Mesa AZ",Originator__c,(null),005WR00000DEU6oYAH,2026-07-08-backfill-originator.py,2026-07-08T15:51:07,backfill
006WR00000wk9U0YAI,Emelita Place,Originator__c,(null),005WR00000DEU6oYAH,2026-07-08-backfill-originator.py,2026-07-08T15:51:07,backfill
006WR00000wk9U1YAI,CottonWood Villas Condominiums,Originator__c,(null),005WR00000DE44HYAT,2026-07-08-backfill-originator.py,2026-07-08T15:51:07,backfill
006WR00000wk9U2YAI,Exchange on the 8,Originator__c,(null),005WR00000DE44HYAT,2026-07-08-backfill-originator.py,2026-07-08T15:51:07,backfill
006WR00000wk9U3YAI,Mesa Ridge Apartments,Originator__c,(null),005WR00000DE44HYAT,2026-07-08-backfill-originator.py,2026-07-08T15:51:07,backfill
006WR00000wk9U4YAI,Beacon at 601/Crestwood Apartments,Originator__c,(null),005WR00000DE44HYAT,2026-07-08-backfill-originator.py,2026-07-08T15:51:07,backfill
006WR00000wk9U5YAI,Madera Point Apartments,Originator__c,(null),005WR00000DE44HYAT,2026-07-08-backfill-originator.py,2026-07-08T15:51:07,backfill
006WR00000wk9U6YAI,Central on Broadway Apartments,Originator__c,(null),005WR00000DE44HYAT,2026-07-08-backfill-originator.py,2026-07-08T15:51:07,backfill
006WR00000wk9U7YAI,Broadway Vista Apartments,Originator__c,(null),005WR00000DE44HYAT,2026-07-08-backfill-originator.py,2026-07-08T15:51:07,backfill
006WR00000wk9U8YAI,Mesa Coronado II,Originator__c,(null),005WR00000DE44HYAT,2026-07-08-backfill-originator.py,2026-07-08T15:51:07,backfill
006WR00000wk9U9YAI,San Jose Manor Apts,Originator__c,(null),005WR00000DE44HYAT,2026-07-08-backfill-originator.py,2026-07-08T15:51:07,backfill
006WR00000wk9UAYAY,The Flats Apts,Originator__c,(null),005WR00000DE44HYAT,2026-07-08-backfill-originator.py,2026-07-08T15:51:07,backfill
006WR00000wk9UBYAY,Continental Townhomes,Originator__c,(null),005WR00000DEU6oYAH,2026-07-08-backfill-originator.py,2026-07-08T15:51:07,backfill
006WR00000wk9UCYAY,Sycamore Square,Originator__c,(null),005WR00000DEU6oYAH,2026-07-08-backfill-originator.py,2026-07-08T15:51:07,backfill
006WR00000wk9UDYAY,Mesa Coronado Condos,Originator__c,(null),005WR00000DEU6oYAH,2026-07-08-backfill-originator.py,2026-07-08T15:51:07,backfill
006WR00000wk9UEYAY,Fiesta Villas Condos,Originator__c,(null),005WR00000DEU6oYAH,2026-07-08-backfill-originator.py,2026-07-08T15:51:07,backfill
006WR00000wk9UFYAY,Villa Fiesta Apts,Originator__c,(null),005WR00000DE44HYAT,2026-07-08-backfill-originator.py,2026-07-08T15:51:07,backfill
006WR00000wk9UGYAY,Paragon Place,Originator__c,(null),005WR00000DEU6oYAH,2026-07-08-backfill-originator.py,2026-07-08T15:51:07,backfill
006WR00000wk9UHYAY,Pebble Creek Apartments,Originator__c,(null),005WR00000DEU6oYAH,2026-07-08-backfill-originator.py,2026-07-08T15:51:07,backfill
006WR00000wk9UIYAY,Spanish Arcos Apartments,Originator__c,(null),005WR00000DEU6oYAH,2026-07-08-backfill-originator.py,2026-07-08T15:51:07,backfill
006WR00000wk9UJYAY,Ovation at Tempe,Originator__c,(null),005WR00000CXEZyYAP,2026-07-08-backfill-originator.py,2026-07-08T15:51:07,backfill
006WR00000wk9UKYAY,Hacienda de Valencia,Originator__c,(null),005WR00000DE45tYAD,2026-07-08-backfill-originator.py,2026-07-08T15:51:07,backfill
006WR00000wk9ULYAY,Cottages of Edina,Originator__c,(null),005WR00000CXIX7YAP,2026-07-08-backfill-originator.py,2026-07-08T15:51:07,backfill
006WR00000wk9UMYAY,Boardwalk Caper,Originator__c,(null),005WR00000CXIX7YAP,2026-07-08-backfill-originator.py,2026-07-08T15:51:07,backfill
006WR00000wk9UNYAY,Enclave at Arrowhead Apartments,Originator__c,(null),005WR00000CXEZyYAP,2026-07-08-backfill-originator.py,2026-07-08T15:51:07,backfill
006WR00000wk9UOYAY,The Orchard on Gilbert,Originator__c,(null),005WR00000DE44HYAT,2026-07-08-backfill-originator.py,2026-07-08T15:51:07,backfill
006WR00000wk9UPYAY,Marabrisa Condominiums,Originator__c,(null),005WR00000DE44HYAT,2026-07-08-backfill-originator.py,2026-07-08T15:51:07,backfill
006WR00000wk9UQYAY,Hunters Woods Apartments,Originator__c,(null),005WR00000CXEZyYAP,2026-07-08-backfill-originator.py,2026-07-08T15:51:07,backfill
006WR00000wk9URYAY,Irving Schoolhouse,Originator__c,(null),005WR00000CXEZyYAP,2026-07-08-backfill-originator.py,2026-07-08T15:51:07,backfill
006WR00000wk9USYAY,Ponderosa Apartments,Originator__c,(null),005WR00000CXIX7YAP,2026-07-08-backfill-originator.py,2026-07-08T15:51:07,backfill
006WR00000wk9UTYAY,Stonebridge at Paradise Valley,Originator__c,(null),005WR00000CXEZyYAP,2026-07-08-backfill-originator.py,2026-07-08T15:51:07,backfill
006WR00000wk9UUYAY,Park Village Apartments,Originator__c,(null),005WR00000CXIX7YAP,2026-07-08-backfill-originator.py,2026-07-08T15:51:07,backfill
006WR00000wk9UVYAY,Sky at P83,Originator__c,(null),005WR00000CXEZyYAP,2026-07-08-backfill-originator.py,2026-07-08T15:51:07,backfill
006WR00000wk9UWYAY,The Enclave at Paradise Valley,Originator__c,(null),005WR00000CXEZyYAP,2026-07-08-backfill-originator.py,2026-07-08T15:51:07,backfill
006WR00000wk9UXYAY,Scott Mountain By the Brook Apartments,Originator__c,(null),005WR00000DE3zRYAT,2026-07-08-backfill-originator.py,2026-07-08T15:51:07,backfill
006WR00000wk9UYYAY,Jarrell RV Park,Originator__c,(null),005WR00000CXIX7YAP,2026-07-08-backfill-originator.py,2026-07-08T15:51:07,backfill
006WR00000wk9UZYAY,Bethlehem's Pioneer Place,Originator__c,(null),005WR00000CXIX7YAP,2026-07-08-backfill-originator.py,2026-07-08T15:51:07,backfill
006WR00000wk9UaYAI,Harris Gardens,Originator__c,(null),005WR00000CXIX7YAP,2026-07-08-backfill-originator.py,2026-07-08T15:51:07,backfill
006WR00000wk9UbYAI,The Meadows MHP,Originator__c,(null),005WR00000DE45tYAD,2026-07-08-backfill-originator.py,2026-07-08T15:51:07,backfill
006WR00000wk9UcYAI,Legacy Trails Apartments,Originator__c,(null),005WR00000DE3zRYAT,2026-07-08-backfill-originator.py,2026-07-08T15:51:07,backfill
006WR00000wk9UdYAI,The Palms at South Mountain,Originator__c,(null),005WR00000CXEZyYAP,2026-07-08-backfill-originator.py,2026-07-08T15:51:07,backfill
006WR00000wk9UeYAI,Ritz colony,Originator__c,(null),005WR00000DEU6oYAH,2026-07-08-backfill-originator.py,2026-07-08T15:51:07,backfill
006WR00000wk9UfYAI,Sea Point Tennis Club at La Costa,Originator__c,(null),005WR00000DEU6oYAH,2026-07-08-backfill-originator.py,2026-07-08T15:51:07,backfill
006WR00000wk9UgYAI,Firenze Apartments,Originator__c,(null),005WR00000DE3zRYAT,2026-07-08-backfill-originator.py,2026-07-08T15:51:07,backfill
006WR00000wk9UhYAI,Villas of La Costa,Originator__c,(null),005WR00000DE3zRYAT,2026-07-08-backfill-originator.py,2026-07-08T15:51:07,backfill
006WR00000wk9UiYAI,The Enclave,Originator__c,(null),005WR00000DE45tYAD,2026-07-08-backfill-originator.py,2026-07-08T15:51:07,backfill
006WR00000wk9UjYAI,Casitas La Costa,Originator__c,(null),005WR00000DE3zRYAT,2026-07-08-backfill-originator.py,2026-07-08T15:51:07,backfill
006WR00000wk9UkYAI,Monarch Villas,Originator__c,(null),005WR0000030RCzYAM,2026-07-08-backfill-originator.py,2026-07-08T15:51:07,backfill
006WR00000wk9UlYAI,Tooele Gateway,Originator__c,(null),005WR00000CXEZyYAP,2026-07-08-backfill-originator.py,2026-07-08T15:51:07,backfill
006WR00000wk9UmYAI,Essex Heights Apartments,Originator__c,(null),005WR00000DEU6oYAH,2026-07-08-backfill-originator.py,2026-07-08T15:51:07,backfill
006WR00000wk9UnYAI,Encinitas Terrace Senior Apts,Originator__c,(null),005WR00000DEU6oYAH,2026-07-08-backfill-originator.py,2026-07-08T15:51:07,backfill
006WR00000wk9UoYAI,Village Park Apartments,Originator__c,(null),005WR00000DEU6oYAH,2026-07-08-backfill-originator.py,2026-07-08T15:51:07,backfill
006WR00000wk9UpYAI,Elan Pacifico,Originator__c,(null),005WR00000DEU6oYAH,2026-07-08-backfill-originator.py,2026-07-08T15:51:07,backfill
006WR00000wk9UqYAI,Elan Cardiff By the Sea Apartments,Originator__c,(null),005WR00000DEU6oYAH,2026-07-08-backfill-originator.py,2026-07-08T15:51:07,backfill
006WR00000wk9UrYAI,West Hampton Cove,Originator__c,(null),005WR0000030RCzYAM,2026-07-08-backfill-originator.py,2026-07-08T15:51:07,backfill
006WR00000wk9UsYAI,Pacific Pines,Originator__c,(null),005WR00000DEU6oYAH,2026-07-08-backfill-originator.py,2026-07-08T15:51:07,backfill
006WR00000wk9UtYAI,Regal View HOA,Originator__c,(null),005WR00000DEU6oYAH,2026-07-08-backfill-originator.py,2026-07-08T15:51:07,backfill
006WR00000wk9UuYAI,Fox Point Farms,Originator__c,(null),005WR0000030RCzYAM,2026-07-08-backfill-originator.py,2026-07-08T15:51:07,backfill
006WR00000wk9UvYAI,The Resort at Encinitas,Originator__c,(null),005WR00000DEU6oYAH,2026-07-08-backfill-originator.py,2026-07-08T15:51:07,backfill
006WR00000wk9UwYAI,The Maddox,Originator__c,(null),005WR00000DE44HYAT,2026-07-08-backfill-originator.py,2026-07-08T15:51:07,backfill
006WR00000wk9UxYAI,La Mirage Apartments (Tempe),Originator__c,(null),005WR00000DE3zRYAT,2026-07-08-backfill-originator.py,2026-07-08T15:51:07,backfill
006WR00000wk9UyYAI,Nines at Lakeside,Originator__c,(null),005WR00000DE3zRYAT,2026-07-08-backfill-originator.py,2026-07-08T15:51:07,backfill
006WR00000wk9UzYAI,Mira Santi,Originator__c,(null),005WR00000DE3zRYAT,2026-07-08-backfill-originator.py,2026-07-08T15:51:07,backfill
006WR00000wk9V0YAI,Carino Villas Condominiums,Originator__c,(null),005WR00000DE3zRYAT,2026-07-08-backfill-originator.py,2026-07-08T15:51:07,backfill
006WR00000wk9V1YAI,Villagio Apartment Homes,Originator__c,(null),005WR00000DE3zRYAT,2026-07-08-backfill-originator.py,2026-07-08T15:51:07,backfill
006WR00000wk9V2YAI,505 West Apartment Homes,Originator__c,(null),005WR00000DE3zRYAT,2026-07-08-backfill-originator.py,2026-07-08T15:51:07,backfill
006WR00000wk9V3YAI,Sentry Tempe,Originator__c,(null),005WR00000DE3zRYAT,2026-07-08-backfill-originator.py,2026-07-08T15:51:07,backfill
006WR00000wk9V4YAI,Rise at the Retreat,Originator__c,(null),005WR00000DE3zRYAT,2026-07-08-backfill-originator.py,2026-07-08T15:51:07,backfill
006WR00000wk9V5YAI,Lakeview at the Bay,Originator__c,(null),005WR00000DE3zRYAT,2026-07-08-backfill-originator.py,2026-07-08T15:51:07,backfill
006WR00000wk9V6YAI,Sono Tempe (Prev Tides at S Tempe),Originator__c,(null),005WR00000DE3zRYAT,2026-07-08-backfill-originator.py,2026-07-08T15:51:07,backfill
006WR00000wk9YLYAY,Watercrest Apartments,Originator__c,(null),005WR00000CXEZyYAP,2026-07-08-backfill-originator.py,2026-07-08T15:51:07,backfill
006WR00000wk9YMYAY,The Cove,Originator__c,(null),005WR00000CXEZyYAP,2026-07-08-backfill-originator.py,2026-07-08T15:51:07,backfill
006WR00000wk9YNYAY,Solana Highlands,Originator__c,(null),005WR00000DEU6oYAH,2026-07-08-backfill-originator.py,2026-07-08T15:51:07,backfill
006WR00000wk9YOYAY,Oregon 42,Originator__c,(null),005WR00000CXEZyYAP,2026-07-08-backfill-originator.py,2026-07-08T15:51:07,backfill
006WR00000wk9YPYAY,Cassi And Lyra,Originator__c,(null),005WR00000CXEZyYAP,2026-07-08-backfill-originator.py,2026-07-08T15:51:07,backfill
006WR00000wk9YQYAY,St James Tower Apartments,Originator__c,(null),005WR00000CXEZyYAP,2026-07-08-backfill-originator.py,2026-07-08T15:51:07,backfill
006WR00000wk9YRYAY,Images Springcreek,Originator__c,(null),005WR00000CXEZyYAP,2026-07-08-backfill-originator.py,2026-07-08T15:51:07,backfill
006WR00000wk9YSYAY,Lake Crest,Originator__c,(null),005WR00000CXEZyYAP,2026-07-08-backfill-originator.py,2026-07-08T15:51:07,backfill
006WR00000wk9YTYAY,Solana Beach and Tennis Club,Originator__c,(null),005WR0000030RCzYAM,2026-07-08-backfill-originator.py,2026-07-08T15:51:07,backfill
006WR00000wk9YUYAY,Pioneer Ridge,Originator__c,(null),005WR00000CXEZyYAP,2026-07-08-backfill-originator.py,2026-07-08T15:51:07,backfill
006WR00000wk9YVYAY,Lomas Santa Fe Country Club Villas,Originator__c,(null),005WR00000DEU6oYAH,2026-07-08-backfill-originator.py,2026-07-08T15:51:07,backfill
006WR00000wk9YWYAY,The Reserve At Metolius,Originator__c,(null),005WR00000CXEZyYAP,2026-07-08-backfill-originator.py,2026-07-08T15:51:07,backfill
006WR00000wk9YXYAY,The Springs Apartments In Sisters,Originator__c,(null),005WR00000CXEZyYAP,2026-07-08-backfill-originator.py,2026-07-08T15:51:07,backfill
006WR00000wk9YYYAY,Park Winds,Originator__c,(null),005WR00000CXEZyYAP,2026-07-08-backfill-originator.py,2026-07-08T15:51:07,backfill
006WR00000wk9YZYAY,Prairie Winds,Originator__c,(null),005WR00000CXEZyYAP,2026-07-08-backfill-originator.py,2026-07-08T15:51:07,backfill
006WR00000wk9YaYAI,PrairieGrass at Jordan Creek,Originator__c,(null),005WR00000CXEZyYAP,2026-07-08-backfill-originator.py,2026-07-08T15:51:07,backfill
006WR00000wk9YbYAI,Mesa Senior Meadows,Originator__c,(null),005WR00000DE44HYAT,2026-07-08-backfill-originator.py,2026-07-08T15:51:07,backfill
006WR00000wk9YcYAI,PrairieGrass at Waukee,Originator__c,(null),005WR00000CXEZyYAP,2026-07-08-backfill-originator.py,2026-07-08T15:51:07,backfill
006WR00000wk9YdYAI,Redwood Altoona Linden Oaks One,Originator__c,(null),005WR00000CXEZyYAP,2026-07-08-backfill-originator.py,2026-07-08T15:51:07,backfill
006WR00000wk9YeYAI,Redwood Altoona Linden Oaks Two,Originator__c,(null),005WR00000CXEZyYAP,2026-07-08-backfill-originator.py,2026-07-08T15:51:07,backfill
006WR00000wk9YfYAI,Redwood Ankeny Havenwood One,Originator__c,(null),005WR00000CXEZyYAP,2026-07-08-backfill-originator.py,2026-07-08T15:51:07,backfill
006WR00000wk9YgYAI,The Village at Hampton Court,Originator__c,(null),005WR00000DE44HYAT,2026-07-08-backfill-originator.py,2026-07-08T15:51:07,backfill
006WR00000wk9YhYAI,Redwood Ankeny Havenwood Two,Originator__c,(null),005WR00000CXEZyYAP,2026-07-08-backfill-originator.py,2026-07-08T15:51:07,backfill
006WR00000wk9YiYAI,417 4TH AVE (Portfolio),Originator__c,(null),005WR00000CXEZyYAP,2026-07-08-backfill-originator.py,2026-07-08T15:51:07,backfill
006WR00000wk9YjYAI,Redwood Grimes,Originator__c,(null),005WR00000CXEZyYAP,2026-07-08-backfill-originator.py,2026-07-08T15:51:07,backfill
006WR00000wk9YkYAI,Redwood Waukee Somerset Oaks One,Originator__c,(null),005WR00000CXEZyYAP,2026-07-08-backfill-originator.py,2026-07-08T15:51:07,backfill
006WR00000wk9YlYAI,Redwood Waukee Somerset Oaks Two,Originator__c,(null),005WR00000CXEZyYAP,2026-07-08-backfill-originator.py,2026-07-08T15:51:07,backfill
006WR00000wk9YmYAI,Westbrook Gardens,Originator__c,(null),005WR00000CXEZyYAP,2026-07-08-backfill-originator.py,2026-07-08T15:51:07,backfill
006WR00000wk9YnYAI,Summerplace Apartments,Originator__c,(null),005WR00000CXEZyYAP,2026-07-08-backfill-originator.py,2026-07-08T15:51:07,backfill
006WR00000wk9YoYAI,Sunridge Apartments,Originator__c,(null),005WR00000CXEZyYAP,2026-07-08-backfill-originator.py,2026-07-08T15:51:07,backfill
006WR00000wk9YpYAI,Deer Creek Village,Originator__c,(null),005WR00000CXEZyYAP,2026-07-08-backfill-originator.py,2026-07-08T15:51:07,backfill
006WR00000wk9YqYAI,Desert Rose Apartments,Originator__c,(null),005WR00000CXEZyYAP,2026-07-08-backfill-originator.py,2026-07-08T15:51:07,backfill
006WR00000wk9YrYAI,Slate Canyon Apartments,Originator__c,(null),005WR00000CXEZyYAP,2026-07-08-backfill-originator.py,2026-07-08T15:51:07,backfill
006WR00000wk9YsYAI,Fox Meadow,Originator__c,(null),005WR00000CXEZyYAP,2026-07-08-backfill-originator.py,2026-07-08T15:51:07,backfill
006WR00000wk9YtYAI,The Lodge at Maple Grove,Originator__c,(null),005WR00000CXEZyYAP,2026-07-08-backfill-originator.py,2026-07-08T15:51:07,backfill
006WR00000wk9YuYAI,Westpointe,Originator__c,(null),005WR00000CXEZyYAP,2026-07-08-backfill-originator.py,2026-07-08T15:51:07,backfill
006WR00000wk9YvYAI,The Oaks Gracious Retirement Living,Originator__c,(null),005WR00000CXIX7YAP,2026-07-08-backfill-originator.py,2026-07-08T15:51:07,backfill
006WR00000wk9YwYAI,San Gabriel Senior Village Apartments,Originator__c,(null),005WR00000CXIX7YAP,2026-07-08-backfill-originator.py,2026-07-08T15:51:07,backfill
006WR00000wk9YxYAI,Fort Hood Family Housing,Originator__c,(null),005WR00000CXIX7YAP,2026-07-08-backfill-originator.py,2026-07-08T15:51:07,backfill
006WR00000wk9YyYAI,Oak Creek & Cedar Knob Mobile Home Park,Originator__c,(null),005WR00000CXIX7YAP,2026-07-08-backfill-originator.py,2026-07-08T15:51:07,backfill
006WR00000wk9YzYAI,Northcliffe Duplexes,Originator__c,(null),005WR00000CXIX7YAP,2026-07-08-backfill-originator.py,2026-07-08T15:51:07,backfill
006WR00000wk9Z0YAI,Westwind of Killeen Apartments,Originator__c,(null),005WR00000CXIX7YAP,2026-07-08-backfill-originator.py,2026-07-08T15:51:07,backfill
006WR00000wk9Z1YAI,Hyde Estates,Originator__c,(null),005WR00000CXIX7YAP,2026-07-08-backfill-originator.py,2026-07-08T15:51:07,backfill
006WR00000wk9Z2YAI,The Brownstone at The Summit,Originator__c,(null),005WR00000CXIX7YAP,2026-07-08-backfill-originator.py,2026-07-08T15:51:07,backfill
006WR00000wk9Z3YAI,Georgetown heights,Originator__c,(null),005WR00000CXIX7YAP,2026-07-08-backfill-originator.py,2026-07-08T15:51:07,backfill
006WR00000wk9Z4YAI,Taylor Square Apartments,Originator__c,(null),005WR00000CXIX7YAP,2026-07-08-backfill-originator.py,2026-07-08T15:51:07,backfill
006WR00000wk9Z5YAI,The Summit Brownstones,Originator__c,(null),005WR00000CXIX7YAP,2026-07-08-backfill-originator.py,2026-07-08T15:51:07,backfill
006WR00000wk9Z6YAI,Stillhouse Flats,Originator__c,(null),005WR00000CXIX7YAP,2026-07-08-backfill-originator.py,2026-07-08T15:51:07,backfill
006WR00000wk9Z7YAI,Hillcrest Apartments,Originator__c,(null),005WR00000DEU6oYAH,2026-07-08-backfill-originator.py,2026-07-08T15:51:07,backfill
006WR00000wk9Z8YAI,Stonehaven,Originator__c,(null),005WR00000CXIX7YAP,2026-07-08-backfill-originator.py,2026-07-08T15:51:07,backfill
006WR00000wk9Z9YAI,Residences of Stillwater,Originator__c,(null),005WR00000DEU6oYAH,2026-07-08-backfill-originator.py,2026-07-08T15:51:07,backfill
006WR00000wk9ZAYAY,Allegro Apartment Homes,Originator__c,(null),005WR00000CXEZyYAP,2026-07-08-backfill-originator.py,2026-07-08T15:51:07,backfill
006WR00000wk9ZBYAY,Altamont Summit,Originator__c,(null),005WR00000CXEZyYAP,2026-07-08-backfill-originator.py,2026-07-08T15:51:07,backfill
006WR00000wk9ZCYAY,Alturas at Bell Tower,Originator__c,(null),005WR00000CXEZyYAP,2026-07-08-backfill-originator.py,2026-07-08T15:51:07,backfill
006WR00000wk9ZDYAY,Avalon Meydenbauer,Originator__c,(null),005WR00000CXEZyYAP,2026-07-08-backfill-originator.py,2026-07-08T15:51:07,backfill
006WR00000wk9ZEYAY,Avalon Towers,Originator__c,(null),005WR00000CXEZyYAP,2026-07-08-backfill-originator.py,2026-07-08T15:51:07,backfill
006WR00000wk9ZFYAY,Avondale Housing Development,Originator__c,(null),005WR00000CXEZyYAP,2026-07-08-backfill-originator.py,2026-07-08T15:51:07,backfill
006WR00000wk9ZGYAY,Azure Creek,Originator__c,(null),005WR00000CXEZyYAP,2026-07-08-backfill-originator.py,2026-07-08T15:51:07,backfill
006WR00000wk9ZHYAY,Ballard on the Park,Originator__c,(null),005WR00000CXEZyYAP,2026-07-08-backfill-originator.py,2026-07-08T15:51:07,backfill
006WR00000wk9ZIYAY,Beau Rivage,Originator__c,(null),005WR00000CXEZyYAP,2026-07-08-backfill-originator.py,2026-07-08T15:51:07,backfill
006WR00000wk9ZJYAY,Bellaire Ranch,Originator__c,(null),005WR00000CXEZyYAP,2026-07-08-backfill-originator.py,2026-07-08T15:51:07,backfill
006WR00000wk9ZKYAY,Villa Storia,Originator__c,(null),005WR00000DE3zRYAT,2026-07-08-backfill-originator.py,2026-07-08T15:51:07,backfill
006WR00000wk9ZLYAY,Old Grove,Originator__c,(null),005WR00000DE3zRYAT,2026-07-08-backfill-originator.py,2026-07-08T15:51:07,backfill
006WR00000wk9ZMYAY,Centre Ridge,Originator__c,(null),005WR00000DE3zRYAT,2026-07-08-backfill-originator.py,2026-07-08T15:51:07,backfill
006WR00000wk9ZNYAY,Applewood Pointe Apartments,Originator__c,(null),005WR00000DE3zRYAT,2026-07-08-backfill-originator.py,2026-07-08T15:51:07,backfill
006WR00000wk9ZOYAY,Capitol Place,Originator__c,(null),005WR00000DE3zRYAT,2026-07-08-backfill-originator.py,2026-07-08T15:51:07,backfill
006WR00000wk9ZPYAY,Crossroads Village Apartments,Originator__c,(null),005WR00000DE3zRYAT,2026-07-08-backfill-originator.py,2026-07-08T15:51:07,backfill
006WR00000wk9ZQYAY,Cambridge Villas,Originator__c,(null),005WR00000DE3zRYAT,2026-07-08-backfill-originator.py,2026-07-08T15:51:07,backfill
006WR00000wk9ZRYAY,Bluffs at Cherry Hills,Originator__c,(null),005WR00000DE3zRYAT,2026-07-08-backfill-originator.py,2026-07-08T15:51:07,backfill
006WR00000wk9ZSYAY,Castle Creek,Originator__c,(null),005WR00000DE3zRYAT,2026-07-08-backfill-originator.py,2026-07-08T15:51:07,backfill
006WR00000wk9ZTYAY,Georgetowne,Originator__c,(null),005WR00000DE3zRYAT,2026-07-08-backfill-originator.py,2026-07-08T15:51:07,backfill
006WR00000wk9ZUYAY,West Haven,Originator__c,(null),005WR00000DE3zRYAT,2026-07-08-backfill-originator.py,2026-07-08T15:51:07,backfill
006WR00000wk9ZVYAY,Pacific Winds,Originator__c,(null),005WR00000DE3zRYAT,2026-07-08-backfill-originator.py,2026-07-08T15:51:07,backfill
006WR00000wk9ZWYAY,Park on Center,Originator__c,(null),005WR00000DE3zRYAT,2026-07-08-backfill-originator.py,2026-07-08T15:51:07,backfill
006WR00000wk9ZXYAY,Elan Playa Mar Apartment Homes,Originator__c,(null),005WR00000DEU6oYAH,2026-07-08-backfill-originator.py,2026-07-08T15:51:07,backfill
006WR00000wk9ZYYAY,La Mision Village,Originator__c,(null),005WR00000DE3zRYAT,2026-07-08-backfill-originator.py,2026-07-08T15:51:07,backfill
006WR00000wk9ZZYAY,Rosebay Falls,Originator__c,(null),005WR00000DEU6oYAH,2026-07-08-backfill-originator.py,2026-07-08T15:51:07,backfill
006WR00000wk9ZaYAI,Garden Valley Court,Originator__c,(null),005WR00000DE3zRYAT,2026-07-08-backfill-originator.py,2026-07-08T15:51:07,backfill
006WR00000wk9ZbYAI,Spencer Apartments,Originator__c,(null),005WR00000DE3zRYAT,2026-07-08-backfill-originator.py,2026-07-08T15:51:07,backfill
006WR00000wk9ZcYAI,Park Place Bluffs,Originator__c,(null),005WR0000030RCzYAM,2026-07-08-backfill-originator.py,2026-07-08T15:51:07,backfill
006WR00000wk9ZdYAI,Westbrook Gardens Apartments,Originator__c,(null),005WR00000DE3zRYAT,2026-07-08-backfill-originator.py,2026-07-08T15:51:07,backfill
006WR00000wk9ZeYAI,Glenwood Manor,Originator__c,(null),005WR00000DE3zRYAT,2026-07-08-backfill-originator.py,2026-07-08T15:51:07,backfill
006WR00000wk9ZfYAI,Highlander Overlook and Burdette + Wade,Originator__c,(null),005WR00000DE3zRYAT,2026-07-08-backfill-originator.py,2026-07-08T15:51:07,backfill
006WR00000wk9ZgYAI,Hello Apartments,Originator__c,(null),005WR00000DE3zRYAT,2026-07-08-backfill-originator.py,2026-07-08T15:51:07,backfill
006WR00000wk9ZhYAI,Whispering Ridge,Originator__c,(null),005WR00000DE3zRYAT,2026-07-08-backfill-originator.py,2026-07-08T15:51:07,backfill
006WR00000wk9ZiYAI,Midtown Crossing Contemporary Apartments,Originator__c,(null),005WR00000DE3zRYAT,2026-07-08-backfill-originator.py,2026-07-08T15:51:07,backfill
006WR00000wk9ZjYAI,Highpoint,Originator__c,(null),005WR00000DE3zRYAT,2026-07-08-backfill-originator.py,2026-07-08T15:51:07,backfill
006WR00000wk9ZkYAI,Elk Hills Apartments,Originator__c,(null),005WR00000DE3zRYAT,2026-07-08-backfill-originator.py,2026-07-08T15:51:07,backfill
006WR00000wk9ZlYAI,Springhill Ridge in Omaha,Originator__c,(null),005WR00000DE3zRYAT,2026-07-08-backfill-originator.py,2026-07-08T15:51:07,backfill
006WR00000wk9ZmYAI,Torello on Maple,Originator__c,(null),005WR00000DE3zRYAT,2026-07-08-backfill-originator.py,2026-07-08T15:51:07,backfill
006WR00000wk9ZnYAI,Orchard Mesa,Originator__c,(null),005WR00000DEU6oYAH,2026-07-08-backfill-originator.py,2026-07-08T15:51:07,backfill
006WR00000wk9ZoYAI,The Marvely,Originator__c,(null),005WR00000DE3zRYAT,2026-07-08-backfill-originator.py,2026-07-08T15:51:07,backfill
006WR00000wk9ZpYAI,Rolling Hills Ranch Senior Living,Originator__c,(null),005WR00000DE3zRYAT,2026-07-08-backfill-originator.py,2026-07-08T15:51:07,backfill
006WR00000wk9ZqYAI,The Slate,Originator__c,(null),005WR00000DE3zRYAT,2026-07-08-backfill-originator.py,2026-07-08T15:51:07,backfill
006WR00000wk9ZrYAI,Pacific Gardens Apartments,Originator__c,(null),005WR00000DE3zRYAT,2026-07-08-backfill-originator.py,2026-07-08T15:51:07,backfill
006WR00000wk9ZsYAI,Maplewood Estates,Originator__c,(null),005WR00000DE3zRYAT,2026-07-08-backfill-originator.py,2026-07-08T15:51:07,backfill
006WR00000wk9ZtYAI,Wellington Park,Originator__c,(null),005WR00000DE3zRYAT,2026-07-08-backfill-originator.py,2026-07-08T15:51:07,backfill
006WR00000wk9ZuYAI,Stonegate Park,Originator__c,(null),005WR00000DE3zRYAT,2026-07-08-backfill-originator.py,2026-07-08T15:51:07,backfill
006WR00000wk9ZvYAI,The Reserve at The Knolls,Originator__c,(null),005WR00000DE3zRYAT,2026-07-08-backfill-originator.py,2026-07-08T15:51:07,backfill
006WR00000wk9ZwYAI,Tranquility Pointe,Originator__c,(null),005WR00000DE3zRYAT,2026-07-08-backfill-originator.py,2026-07-08T15:51:07,backfill
006WR00000wk9ZxYAI,Southside Terrace Phase 2,Originator__c,(null),005WR00000DE3zRYAT,2026-07-08-backfill-originator.py,2026-07-08T15:51:07,backfill
006WR00000wk9ZyYAI,Camelot VI,Originator__c,(null),005WR00000DE3zRYAT,2026-07-08-backfill-originator.py,2026-07-08T15:51:07,backfill
006WR00000wk9ZzYAI,4651 Dodge St,Originator__c,(null),005WR00000DE3zRYAT,2026-07-08-backfill-originator.py,2026-07-08T15:51:07,backfill
006WR00000wkA6DYAU,46 Dodge Apartments,Originator__c,(null),005WR00000DE3zRYAT,2026-07-08-backfill-originator.py,2026-07-08T15:51:07,backfill
006WR00000wkA6EYAU,Chateau at Hillsborough,Originator__c,(null),005WR00000DE3zRYAT,2026-07-08-backfill-originator.py,2026-07-08T15:51:07,backfill
006WR00000wkA6FYAU,Avidor Omaha,Originator__c,(null),005WR00000DE3zRYAT,2026-07-08-backfill-originator.py,2026-07-08T15:51:07,backfill
006WR00000wkA6GYAU,Bel Court Apartments,Originator__c,(null),005WR00000DE3zRYAT,2026-07-08-backfill-originator.py,2026-07-08T15:51:07,backfill
006WR00000wkA6HYAU,148th Place,Originator__c,(null),005WR00000DE3zRYAT,2026-07-08-backfill-originator.py,2026-07-08T15:51:07,backfill
006WR00000wkA6IYAU,Piraeus Point,Originator__c,(null),005WR00000DE3zRYAT,2026-07-08-backfill-originator.py,2026-07-08T15:51:07,backfill
006WR00000wkA6JYAU,Oak Leaf Apartments,Originator__c,(null),005WR00000DEU6oYAH,2026-07-08-backfill-originator.py,2026-07-08T15:51:07,backfill
006WR00000wkA6KYAU,Bella Vista Senior Living Community,Originator__c,(null),005WR00000DEU6oYAH,2026-07-08-backfill-originator.py,2026-07-08T15:51:07,backfill
006WR00000wkA6LYAU,Mission Flats,Originator__c,(null),005WR00000DE3zRYAT,2026-07-08-backfill-originator.py,2026-07-08T15:51:07,backfill
006WR00000wkA6MYAU,Trico Mobile Estates,Originator__c,(null),005WR0000030RCzYAM,2026-07-08-backfill-originator.py,2026-07-08T15:51:07,backfill
006WR00000wkA6NYAU,View House,Originator__c,(null),005WR00000DE3zRYAT,2026-07-08-backfill-originator.py,2026-07-08T15:51:07,backfill
006WR00000wkA6OYAU,Sea Bluff,Originator__c,(null),005WR00000DE3zRYAT,2026-07-08-backfill-originator.py,2026-07-08T15:51:07,backfill
006WR00000wkA6PYAU,Nobility Point,Originator__c,(null),005WR00000DE3zRYAT,2026-07-08-backfill-originator.py,2026-07-08T15:51:07,backfill
006WR00000wkA6QYAU,Oak Brook Park Apartments,Originator__c,(null),005WR00000DE3zRYAT,2026-07-08-backfill-originator.py,2026-07-08T15:51:07,backfill
006WR00000wkA6RYAU,Langston Loge,Originator__c,(null),005WR00000DE3zRYAT,2026-07-08-backfill-originator.py,2026-07-08T15:51:07,backfill
006WR00000wkA6SYAU,Old Mill Apartments,Originator__c,(null),005WR00000DE3zRYAT,2026-07-08-backfill-originator.py,2026-07-08T15:51:07,backfill
006WR00000wkA6TYAU,Mission View Manor,Originator__c,(null),005WR00000DE3zRYAT,2026-07-08-backfill-originator.py,2026-07-08T15:51:07,backfill
006WR00000wkA6UYAU,Whispering Hills,Originator__c,(null),005WR00000DE3zRYAT,2026-07-08-backfill-originator.py,2026-07-08T15:51:07,backfill
006WR00000wkA6VYAU,Dundee View,Originator__c,(null),005WR00000DEU6oYAH,2026-07-08-backfill-originator.py,2026-07-08T15:51:07,backfill
006WR00000wkA6WYAU,Dundee Flats,Originator__c,(null),005WR00000DEU6oYAH,2026-07-08-backfill-originator.py,2026-07-08T15:51:07,backfill
006WR00000wkA6XYAU,Fox Ridge,Originator__c,(null),005WR00000DE3zRYAT,2026-07-08-backfill-originator.py,2026-07-08T15:51:07,backfill
006WR00000wkA6YYAU,The Club at Highland Park Apartments,Originator__c,(null),005WR00000DE3zRYAT,2026-07-08-backfill-originator.py,2026-07-08T15:51:07,backfill
006WR00000wkA6ZYAU,Eagle Run Apartments,Originator__c,(null),005WR00000DE3zRYAT,2026-07-08-backfill-originator.py,2026-07-08T15:51:07,backfill
006WR00000wkA6aYAE,Park Place Apartments,Originator__c,(null),005WR00000DE3zRYAT,2026-07-08-backfill-originator.py,2026-07-08T15:51:07,backfill
006WR00000wkA6bYAE,Woodgate Townhomes,Originator__c,(null),005WR00000DE3zRYAT,2026-07-08-backfill-originator.py,2026-07-08T15:51:07,backfill
006WR00000wkA6cYAE,Regency Lakeside Apartments,Originator__c,(null),005WR00000DE3zRYAT,2026-07-08-backfill-originator.py,2026-07-08T15:51:07,backfill
006WR00000wkA6dYAE,Howard Street,Originator__c,(null),005WR00000DEU6oYAH,2026-07-08-backfill-originator.py,2026-07-08T15:51:07,backfill
006WR00000wkA6eYAE,Ovation Heartwood Preserve-Independent Living,Originator__c,(null),005WR00000DE3zRYAT,2026-07-08-backfill-originator.py,2026-07-08T15:51:07,backfill
006WR00000wkA6fYAE,Bedford Square [fmr Maplewood Court],Originator__c,(null),005WR00000DEU6oYAH,2026-07-08-backfill-originator.py,2026-07-08T15:51:07,backfill
006WR00000wkA6gYAE,Atlas Apartments,Originator__c,(null),005WR00000DE3zRYAT,2026-07-08-backfill-originator.py,2026-07-08T15:51:07,backfill
006WR00000wkA6hYAE,Citadel Apartments,Originator__c,(null),005WR00000DE3zRYAT,2026-07-08-backfill-originator.py,2026-07-08T15:51:07,backfill
006WR00000wkA6iYAE,Green Valley Mobile Estates Encinitas,Originator__c,(null),005WR0000030RCzYAM,2026-07-08-backfill-originator.py,2026-07-08T15:51:07,backfill
006WR00000wkA6jYAE,JC Wade Senior Villas,Originator__c,(null),005WR00000DE3zRYAT,2026-07-08-backfill-originator.py,2026-07-08T15:51:07,backfill
006WR00000wkA6kYAE,Preserve at Evans Place [Tudor Heights],Originator__c,(null),005WR00000DE3zRYAT,2026-07-08-backfill-originator.py,2026-07-08T15:51:07,backfill
006WR00000wkA6lYAE,Park 125,Originator__c,(null),005WR00000DE3zRYAT,2026-07-08-backfill-originator.py,2026-07-08T15:51:07,backfill
006WR00000wkA6mYAE,The Biltmore Apartments,Originator__c,(null),005WR00000DE3zRYAT,2026-07-08-backfill-originator.py,2026-07-08T15:51:07,backfill
006WR00000wkA6nYAE,Raintree Apartments,Originator__c,(null),005WR00000DE3zRYAT,2026-07-08-backfill-originator.py,2026-07-08T15:51:07,backfill
006WR00000wkA6oYAE,The Vanderbilt Apartments,Originator__c,(null),005WR00000DE3zRYAT,2026-07-08-backfill-originator.py,2026-07-08T15:51:07,backfill
006WR00000wkA6pYAE,Vivo Living Omaha,Originator__c,(null),005WR00000DE3zRYAT,2026-07-08-backfill-originator.py,2026-07-08T15:51:07,backfill
006WR00000wkA6qYAE,Woodland Meadows,Originator__c,(null),005WR00000CXEZyYAP,2026-07-08-backfill-originator.py,2026-07-08T15:51:07,backfill
006WR00000wkA6rYAE,Tides on University,Originator__c,(null),005WR00000DE44HYAT,2026-07-08-backfill-originator.py,2026-07-08T15:51:07,backfill
006WR00000wkA6sYAE,Quintana at Cooley Station,Originator__c,(null),005WR00000DE44HYAT,2026-07-08-backfill-originator.py,2026-07-08T15:51:07,backfill
006WR00000wkA6tYAE,Mahoney Village,Originator__c,(null),005WR00000DE44HYAT,2026-07-08-backfill-originator.py,2026-07-08T15:51:07,backfill
006WR00000wkA6uYAE,Cielo on Gilbert,Originator__c,(null),005WR00000DE44HYAT,2026-07-08-backfill-originator.py,2026-07-08T15:51:07,backfill
006WR00000wkA6vYAE,Georgetown Park Apartment Homes,Originator__c,(null),005WR00000CXIX7YAP,2026-07-08-backfill-originator.py,2026-07-08T15:51:07,backfill
006WR00000wkA6wYAE,San Gabriel Apartments,Originator__c,(null),005WR00000CXIX7YAP,2026-07-08-backfill-originator.py,2026-07-08T15:51:07,backfill
006WR00000wkA6xYAE,Kensington Apartments,Originator__c,(null),005WR00000CXEZyYAP,2026-07-08-backfill-originator.py,2026-07-08T15:51:07,backfill
006WR00000wkA6yYAE,Irvington Heights,Originator__c,(null),005WR00000DE3zRYAT,2026-07-08-backfill-originator.py,2026-07-08T15:51:07,backfill
006WR00000wkA6zYAE,Promontory Point,Originator__c,(null),005WR00000CXEZyYAP,2026-07-08-backfill-originator.py,2026-07-08T15:51:07,backfill
006WR00000wkA70YAE,Shamrock Arrowride Apartments,Originator__c,(null),005WR00000CXEZyYAP,2026-07-08-backfill-originator.py,2026-07-08T15:51:07,backfill
006WR00000wkA71YAE,Campus Town,Originator__c,(null),005WR00000CXEZyYAP,2026-07-08-backfill-originator.py,2026-07-08T15:51:07,backfill
006WR00000wkA72YAE,Trails at Carmel Creek,Originator__c,(null),005WR00000CXIX7YAP,2026-07-08-backfill-originator.py,2026-07-08T15:51:07,backfill
006WR00000wkA73YAE,Heritage District,Originator__c,(null),005WR00000DE44HYAT,2026-07-08-backfill-originator.py,2026-07-08T15:51:07,backfill
006WR00000wkA74YAE,Goldfinch Meadows,Originator__c,(null),005WR00000CXEZyYAP,2026-07-08-backfill-originator.py,2026-07-08T15:51:07,backfill
006WR00000wkA75YAE,Grand View Apartments,Originator__c,(null),005WR00000CXEZyYAP,2026-07-08-backfill-originator.py,2026-07-08T15:51:07,backfill
006WR00000wkA76YAE,One East Tucson,Originator__c,(null),005WR00000CXEZyYAP,2026-07-08-backfill-originator.py,2026-07-08T15:51:07,backfill
006WR00000wkA77YAE,Carver Ridge Townhomes,Originator__c,(null),005WR00000CXEZyYAP,2026-07-08-backfill-originator.py,2026-07-08T15:51:07,backfill
006WR00000wkA78YAE,The Place at Canyon Ridge,Originator__c,(null),005WR00000DE45tYAD,2026-07-08-backfill-originator.py,2026-07-08T15:51:07,backfill
006WR00000wkA79YAE,The Quin,Originator__c,(null),005WR00000DE44HYAT,2026-07-08-backfill-originator.py,2026-07-08T15:51:07,backfill
006WR00000wkA7AYAU,Lincoln Apartments _ FF Freddy,Originator__c,(null),005WR00000CXIX7YAP,2026-07-08-backfill-originator.py,2026-07-08T15:51:07,backfill
006WR00000wkA7BYAU,Town & Country Mobile Homes,Originator__c,(null),005WR00000DE3zRYAT,2026-07-08-backfill-originator.py,2026-07-08T15:51:07,backfill
006WR00000wkA7CYAU,Aurora Meadows Apartments (Lumen CO),Originator__c,(null),005WR00000CXIX7YAP,2026-07-08-backfill-originator.py,2026-07-08T15:51:07,backfill
006WR00000wkA7DYAU,Coral Point Apartments,Originator__c,(null),005WR00000DE44HYAT,2026-07-08-backfill-originator.py,2026-07-08T15:51:07,backfill
006WR00000wkA7EYAU,Ivy Crossing Apartment Homes (Lumen CO),Originator__c,(null),005WR00000CXIX7YAP,2026-07-08-backfill-originator.py,2026-07-08T15:51:07,backfill
006WR00000wkA7FYAU,Gilbert Square Apts,Originator__c,(null),005WR00000DE44HYAT,2026-07-08-backfill-originator.py,2026-07-08T15:51:07,backfill
006WR00000wkA7GYAU,Landry on 56,Originator__c,(null),005WR00000DE44HYAT,2026-07-08-backfill-originator.py,2026-07-08T15:51:07,backfill
006WR00000wkA7HYAU,Envision Apartments,Originator__c,(null),005WR00000DE44HYAT,2026-07-08-backfill-originator.py,2026-07-08T15:51:07,backfill
006WR00000wkA7IYAU,Sawgrass Links Townhomes_Lumen IA_Bryce,Originator__c,(null),005WR00000CXIX7YAP,2026-07-08-backfill-originator.py,2026-07-08T15:51:07,backfill
006WR00000wkA7JYAU,Noahs Landing (Lumen FL_Starwood),Originator__c,(null),005WR00000CXIX7YAP,2026-07-08-backfill-originator.py,2026-07-08T15:51:07,backfill
006WR00000wkA7KYAU,Whistler's Cove Apartments (Lumen FL_Starwood),Originator__c,(null),005WR00000CXIX7YAP,2026-07-08-backfill-originator.py,2026-07-08T15:51:07,backfill
006WR00000wkA7LYAU,La Petite Chateau Apartments,Originator__c,(null),005WR00000DE44HYAT,2026-07-08-backfill-originator.py,2026-07-08T15:51:07,backfill
006WR00000wkA7MYAU,Discovery Point,Originator__c,(null),005WR00000DE44HYAT,2026-07-08-backfill-originator.py,2026-07-08T15:51:07,backfill
006WR00000wkA7NYAU,Buena Vista Point Apartments (Lumen FL_Starwood),Originator__c,(null),005WR00000CXIX7YAP,2026-07-08-backfill-originator.py,2026-07-08T15:51:07,backfill
006WR00000wkA7OYAU,Emparrado Apartments,Originator__c,(null),005WR00000DE44HYAT,2026-07-08-backfill-originator.py,2026-07-08T15:51:07,backfill
006WR00000wkA7PYAU,Ocean Hills Country Club HOA,Originator__c,(null),005WR0000030RCzYAM,2026-07-08-backfill-originator.py,2026-07-08T15:51:07,backfill
006WR00000wkA7QYAU,Fountain East (MHP),Originator__c,(null),005WR00000DE44HYAT,2026-07-08-backfill-originator.py,2026-07-08T15:51:07,backfill
006WR00000wkA7RYAU,Alante at the Islands,Originator__c,(null),005WR00000DE44HYAT,2026-07-08-backfill-originator.py,2026-07-08T15:51:07,backfill
006WR00000wkA7SYAU,Vineyards at Trophy Club,Originator__c,(null),005WR00000DEU6oYAH,2026-07-08-backfill-originator.py,2026-07-08T15:51:07,backfill
006WR00000wkA7TYAU,Level 550,Originator__c,(null),005WR00000DE44HYAT,2026-07-08-backfill-originator.py,2026-07-08T15:51:07,backfill
006WR00000wkA7UYAU,Coronado Mobile Home Park,Originator__c,(null),005WR00000DE44HYAT,2026-07-08-backfill-originator.py,2026-07-08T15:51:07,backfill
006WR00000wkA7VYAU,Seacrest Village,Originator__c,(null),005WR00000DE3zRYAT,2026-07-08-backfill-originator.py,2026-07-08T15:51:07,backfill
006WR00000wkA7WYAU,Chandler Meadows Unfurnished Apartments,Originator__c,(null),005WR00000DE44HYAT,2026-07-08-backfill-originator.py,2026-07-08T15:51:07,backfill
006WR00000wkA7XYAU,Lucera Apartments,Originator__c,(null),005WR00000DE44HYAT,2026-07-08-backfill-originator.py,2026-07-08T15:51:07,backfill
006WR00000wkA7YYAU,Desert Jewel Apartments,Originator__c,(null),005WR00000DE44HYAT,2026-07-08-backfill-originator.py,2026-07-08T15:51:07,backfill
006WR00000wkA7ZYAU,Revere Ridge Apartments,Originator__c,(null),005WR00000DE3zRYAT,2026-07-08-backfill-originator.py,2026-07-08T15:51:07,backfill
006WR00000wkA7aYAE,Amberwood Manor,Originator__c,(null),005WR00000DEU6oYAH,2026-07-08-backfill-originator.py,2026-07-08T15:51:07,backfill
006WR00000wkA7bYAE,Delano Apartments,Originator__c,(null),005WR00000DE44HYAT,2026-07-08-backfill-originator.py,2026-07-08T15:51:07,backfill
006WR00000wkA7cYAE,Desert Valley Oasis (MHP),Originator__c,(null),005WR00000DE44HYAT,2026-07-08-backfill-originator.py,2026-07-08T15:51:07,backfill
006WR00000wkA7dYAE,Crescent Run (MHP),Originator__c,(null),005WR00000DE44HYAT,2026-07-08-backfill-originator.py,2026-07-08T15:51:07,backfill
006WR00000wkA7eYAE,Luxe 1930,Originator__c,(null),005WR00000DE44HYAT,2026-07-08-backfill-originator.py,2026-07-08T15:51:07,backfill
006WR00000wkA7fYAE,Christian Care Manor,Originator__c,(null),005WR00000DE44HYAT,2026-07-08-backfill-originator.py,2026-07-08T15:51:07,backfill
006WR00000wkA7gYAE,Las Palmas Grand (MHP),Originator__c,(null),005WR00000DE44HYAT,2026-07-08-backfill-originator.py,2026-07-08T15:51:07,backfill
006WR00000wkA7hYAE,Montero at Dana Park,Originator__c,(null),005WR00000DE44HYAT,2026-07-08-backfill-originator.py,2026-07-08T15:51:07,backfill
006WR00000wkA7iYAE,Lindsay Palms Apartments,Originator__c,(null),005WR00000DE44HYAT,2026-07-08-backfill-originator.py,2026-07-08T15:51:07,backfill
006WR00000wkA7jYAE,Encore on First,Originator__c,(null),005WR00000DEU6oYAH,2026-07-08-backfill-originator.py,2026-07-08T15:51:07,backfill
006WR00000wkA7kYAE,Desert Palms Apartments,Originator__c,(null),005WR00000DE44HYAT,2026-07-08-backfill-originator.py,2026-07-08T15:51:07,backfill
006WR00000wkA7lYAE,Ashland Manor Apartments,Originator__c,(null),005WR00000DEU6oYAH,2026-07-08-backfill-originator.py,2026-07-08T15:51:07,backfill
006WR00000wkA7mYAE,Modera Gilbert,Originator__c,(null),005WR00000DE44HYAT,2026-07-08-backfill-originator.py,2026-07-08T15:51:07,backfill
006WR00000wkA7nYAE,German Oaks,Originator__c,(null),005WR00000CXEZyYAP,2026-07-08-backfill-originator.py,2026-07-08T15:51:07,backfill
006WR00000wkA7oYAE,Terrace Garden Apartments,Originator__c,(null),005WR00000DEU6oYAH,2026-07-08-backfill-originator.py,2026-07-08T15:51:07,backfill
006WR00000wkA7pYAE,Whispering Pines Townhomes,Originator__c,(null),005WR00000DEU6oYAH,2026-07-08-backfill-originator.py,2026-07-08T15:51:07,backfill
006WR00000wkA7qYAE,Cortland Mountain Vista,Originator__c,(null),005WR00000DE44HYAT,2026-07-08-backfill-originator.py,2026-07-08T15:51:07,backfill
006WR00000wkA7rYAE,Chateau Gardens Apartments,Originator__c,(null),005WR00000DE3zRYAT,2026-07-08-backfill-originator.py,2026-07-08T15:51:07,backfill
006WR00000wkA7sYAE,Fairview Apartments,Originator__c,(null),005WR00000DEU6oYAH,2026-07-08-backfill-originator.py,2026-07-08T15:51:07,backfill
006WR00000wkA7tYAE,Gentry's Walk,Originator__c,(null),005WR00000DE44HYAT,2026-07-08-backfill-originator.py,2026-07-08T15:51:07,backfill
006WR00000wkA7uYAE,Sunrise Village(MHP),Originator__c,(null),005WR00000DE44HYAT,2026-07-08-backfill-originator.py,2026-07-08T15:51:07,backfill
006WR00000wkA7vYAE,Country Club Verandas Apartments,Originator__c,(null),005WR00000DE44HYAT,2026-07-08-backfill-originator.py,2026-07-08T15:51:07,backfill
006WR00000wkA7wYAE,Autumn Creek Apartments,Originator__c,(null),005WR00000DE44HYAT,2026-07-08-backfill-originator.py,2026-07-08T15:51:07,backfill
006WR00000wkA7xYAE,Missouri Meadows Apartments,Originator__c,(null),005WR00000DE3zRYAT,2026-07-08-backfill-originator.py,2026-07-08T15:51:07,backfill
006WR00000wkA7yYAE,Habitat Condos,Originator__c,(null),005WR00000DE3zRYAT,2026-07-08-backfill-originator.py,2026-07-08T15:51:07,backfill
006WR00000wkA7zYAE,Wyndham Hill,Originator__c,(null),005WR00000DEU6oYAH,2026-07-08-backfill-originator.py,2026-07-08T15:51:07,backfill
006WR00000wkA80YAE,Cortina Apartments,Originator__c,(null),005WR00000CXEZyYAP,2026-07-08-backfill-originator.py,2026-07-08T15:51:07,backfill
006WR00000wkA81YAE,Avana Chandler,Originator__c,(null),005WR00000DE44HYAT,2026-07-08-backfill-originator.py,2026-07-08T15:51:07,backfill
006WR00000wkA82YAE,Benson Gardens Apartments,Originator__c,(null),005WR00000CXIX7YAP,2026-07-08-backfill-originator.py,2026-07-08T15:51:07,backfill
006WR00000wkA83YAE,Cactus Gardens,Originator__c,(null),005WR00000DE45tYAD,2026-07-08-backfill-originator.py,2026-07-08T15:51:07,backfill
006WR00000wkA84YAE,Palmas Del Sol,Originator__c,(null),005WR00000DE45tYAD,2026-07-08-backfill-originator.py,2026-07-08T15:51:07,backfill
006WR00000wkA85YAE,Cimarron Apartments,Originator__c,(null),005WR00000DE44HYAT,2026-07-08-backfill-originator.py,2026-07-08T15:51:07,backfill
006WR00000wkA86YAE,Pueblo Grande (MHP),Originator__c,(null),005WR00000DE44HYAT,2026-07-08-backfill-originator.py,2026-07-08T15:51:07,backfill
006WR00000wkA87YAE,Camino del Rey (HOA),Originator__c,(null),005WR00000DE44HYAT,2026-07-08-backfill-originator.py,2026-07-08T15:51:07,backfill
006WR00000wkA88YAE,Cottonwood Apartments (Mesa),Originator__c,(null),005WR00000DE44HYAT,2026-07-08-backfill-originator.py,2026-07-08T15:51:07,backfill
006WR00000wkA89YAE,Club 715,Originator__c,(null),005WR00000DE44HYAT,2026-07-08-backfill-originator.py,2026-07-08T15:51:07,backfill
006WR00000wkA8AYAU,The Grove at Hickman,Originator__c,(null),005WR00000DE3zRYAT,2026-07-08-backfill-originator.py,2026-07-08T15:51:07,backfill
006WR00000wkA8BYAU,Pennytree Apartments,Originator__c,(null),005WR00000DE44HYAT,2026-07-08-backfill-originator.py,2026-07-08T15:51:07,backfill
006WR00000wkA8CYAU,Avilla Lehi Crossing,Originator__c,(null),005WR00000DE44HYAT,2026-07-08-backfill-originator.py,2026-07-08T15:51:07,backfill
006WR00000wkA8DYAU,Country Club Greens,Originator__c,(null),005WR00000DE44HYAT,2026-07-08-backfill-originator.py,2026-07-08T15:51:07,backfill
006WR00000wkA8EYAU,Canal on Baseline,Originator__c,(null),005WR00000DE44HYAT,2026-07-08-backfill-originator.py,2026-07-08T15:51:07,backfill
006WR00000wkA8FYAU,Maplewood Court Apartments,Originator__c,(null),005WR00000DEU6oYAH,2026-07-08-backfill-originator.py,2026-07-08T15:51:07,backfill
006WR00000wkA8GYAU,Dahcotah View (copy) (copy),Originator__c,(null),005WR00000DE3zRYAT,2026-07-08-backfill-originator.py,2026-07-08T15:51:07,backfill
006WR00000wkA8HYAU,Rise Country Club,Originator__c,(null),005WR00000DE44HYAT,2026-07-08-backfill-originator.py,2026-07-08T15:51:07,backfill
006WR00000wkA8IYAU,Keystone Park Apartments,Originator__c,(null),005WR00000DEU6oYAH,2026-07-08-backfill-originator.py,2026-07-08T15:51:07,backfill
006WR00000wkA8JYAU,Dartmoor Apartments,Originator__c,(null),005WR00000DE44HYAT,2026-07-08-backfill-originator.py,2026-07-08T15:51:07,backfill
006WR00000wkA8KYAU,Desert Village(MHP),Originator__c,(null),005WR00000DE44HYAT,2026-07-08-backfill-originator.py,2026-07-08T15:51:07,backfill
006WR00000wkA8LYAU,Elan Sandpiper,Originator__c,(null),005WR00000DEU6oYAH,2026-07-08-backfill-originator.py,2026-07-08T15:51:07,backfill
006WR00000wkA8MYAU,Colores Del Sol,Originator__c,(null),005WR00000DE44HYAT,2026-07-08-backfill-originator.py,2026-07-08T15:51:07,backfill
006WR00000wkA8NYAU,225 S Highway 101 Apartments,Originator__c,(null),005WR00000DEU6oYAH,2026-07-08-backfill-originator.py,2026-07-08T15:51:07,backfill
006WR00000wkA8OYAU,Elan Solana Pointe,Originator__c,(null),005WR00000DEU6oYAH,2026-07-08-backfill-originator.py,2026-07-08T15:51:07,backfill
006WR00000wkA8PYAU,Connect on University,Originator__c,(null),005WR00000DE44HYAT,2026-07-08-backfill-originator.py,2026-07-08T15:51:07,backfill
006WR00000wkA8QYAU,Cornerstone Manor Apartments,Originator__c,(null),005WR00000DE44HYAT,2026-07-08-backfill-originator.py,2026-07-08T15:51:07,backfill
006WR00000wkA8RYAU,Lakeview at Superstition Springs Amentspart,Originator__c,(null),005WR00000DE45tYAD,2026-07-08-backfill-originator.py,2026-07-08T15:51:07,backfill
006WR00000wkA8SYAU,Horne Patio Homes,Originator__c,(null),005WR00000DE44HYAT,2026-07-08-backfill-originator.py,2026-07-08T15:51:07,backfill
006WR00000wkA8TYAU,Saratoga West Condominiums,Originator__c,(null),005WR00000DEU6oYAH,2026-07-08-backfill-originator.py,2026-07-08T15:51:07,backfill
006WR00000wkA8UYAU,Gateway Village Apartments,Originator__c,(null),005WR00000DEU6oYAH,2026-07-08-backfill-originator.py,2026-07-08T15:51:07,backfill
006WR00000wkA8VYAU,Copperstone Apartments,Originator__c,(null),005WR00000DEU6oYAH,2026-07-08-backfill-originator.py,2026-07-08T15:51:07,backfill
006WR00000wkA8WYAU,Olive Tree Vistas,Originator__c,(null),005WR00000DE45tYAD,2026-07-08-backfill-originator.py,2026-07-08T15:51:07,backfill
006WR00000wkA8XYAU,Corals Apartments,Originator__c,(null),005WR00000DEU6oYAH,2026-07-08-backfill-originator.py,2026-07-08T15:51:07,backfill
006WR00000wkA8YYAU,Vaseo Apartments,Originator__c,(null),005WR00000CXEZyYAP,2026-07-08-backfill-originator.py,2026-07-08T15:51:07,backfill
006WR00000wkA8ZYAU,Del Mar Downs Condos,Originator__c,(null),005WR00000DEU6oYAH,2026-07-08-backfill-originator.py,2026-07-08T15:51:07,backfill
006WR00000wkA8aYAE,Beau Manor Townhomes,Originator__c,(null),005WR00000DEU6oYAH,2026-07-08-backfill-originator.py,2026-07-08T15:51:07,backfill
006WR00000wkA8bYAE,Glen at Mesa,Originator__c,(null),005WR00000DE44HYAT,2026-07-08-backfill-originator.py,2026-07-08T15:51:07,backfill
006WR00000wkA8cYAE,Eucalyptus Apartments,Originator__c,(null),005WR00000DEU6oYAH,2026-07-08-backfill-originator.py,2026-07-08T15:51:07,backfill
006WR00000wkA8dYAE,Glenhaven Estates,Originator__c,(null),005WR00000DE44HYAT,2026-07-08-backfill-originator.py,2026-07-08T15:51:07,backfill
006WR00000wkA8eYAE,Park Crest,Originator__c,(null),005WR00000DEU6oYAH,2026-07-08-backfill-originator.py,2026-07-08T15:51:07,backfill
006WR00000wkA8fYAE,Bernard Richard Apartments,Originator__c,(null),005WR00000DEU6oYAH,2026-07-08-backfill-originator.py,2026-07-08T15:51:07,backfill
006WR00000wkA8gYAE,Hillside Park Apartments,Originator__c,(null),005WR00000DEU6oYAH,2026-07-08-backfill-originator.py,2026-07-08T15:51:07,backfill
006WR00000wkA8hYAE,Mesa Royale Apts,Originator__c,(null),005WR00000DE44HYAT,2026-07-08-backfill-originator.py,2026-07-08T15:51:07,backfill
006WR00000wkA8iYAE,La Cascada,Originator__c,(null),005WR00000DE44HYAT,2026-07-08-backfill-originator.py,2026-07-08T15:51:07,backfill
006WR00000wkA8jYAE,La Casita MHP,Originator__c,(null),005WR00000DE44HYAT,2026-07-08-backfill-originator.py,2026-07-08T15:51:07,backfill
006WR00000wkA8kYAE,Santa Helena Park Condominiums,Originator__c,(null),005Hs00000Eo9rcIAB,2026-07-08-backfill-originator.py,2026-07-08T15:51:07,backfill
006WR00000wkA8lYAE,La Mer Condos,Originator__c,(null),005WR00000DE3zRYAT,2026-07-08-backfill-originator.py,2026-07-08T15:51:07,backfill
006WR00000wkA8mYAE,4813-4823 Boyd St Apartments,Originator__c,(null),005WR00000DEU6oYAH,2026-07-08-backfill-originator.py,2026-07-08T15:51:07,backfill
006WR00000wkA8nYAE,Ville de Sante Terrace Apartments (1),Originator__c,(null),005WR00000DEU6oYAH,2026-07-08-backfill-originator.py,2026-07-08T15:51:07,backfill
006WR00000wkA8oYAE,Buenas North Harris (Harris Place Apts old name),Originator__c,(null),005WR00000DE44HYAT,2026-07-08-backfill-originator.py,2026-07-08T15:51:07,backfill
006WR00000wkA8pYAE,Caravelle Apartments,Originator__c,(null),005WR00000DEU6oYAH,2026-07-08-backfill-originator.py,2026-07-08T15:51:07,backfill
006WR00000wkA8qYAE,Aspen Condos,Originator__c,(null),005WR00000DEU6oYAH,2026-07-08-backfill-originator.py,2026-07-08T15:51:07,backfill
006WR00000wkA8rYAE,Laurel Hill Apartments,Originator__c,(null),005WR00000DEU6oYAH,2026-07-08-backfill-originator.py,2026-07-08T15:51:07,backfill
006WR00000wkA8sYAE,Magana Apartments,Originator__c,(null),005WR00000DE44HYAT,2026-07-08-backfill-originator.py,2026-07-08T15:51:07,backfill
006WR00000wkA8tYAE,Corby Castle Apts,Originator__c,(null),005WR00000DEU6oYAH,2026-07-08-backfill-originator.py,2026-07-08T15:51:07,backfill
006WR00000wkA8uYAE,Lepuy Apartments,Originator__c,(null),005WR00000DEU6oYAH,2026-07-08-backfill-originator.py,2026-07-08T15:51:07,backfill
006WR00000wkA8vYAE,Coronado Condominiums,Originator__c,(null),005WR00000DEU6oYAH,2026-07-08-backfill-originator.py,2026-07-08T15:51:07,backfill
006WR00000wkA8wYAE,Cypress Pointe II Apartment Complex,Originator__c,(null),005WR00000DEU6oYAH,2026-07-08-backfill-originator.py,2026-07-08T15:51:07,backfill
006WR00000wkA8xYAE,IMT Desert Palm Village,Originator__c,(null),005WR00000CXEZyYAP,2026-07-08-backfill-originator.py,2026-07-08T15:51:07,backfill
006WR00000wkA8yYAE,78th Place Apartments,Originator__c,(null),005WR000003CD6DYAW,2026-07-08-backfill-originator.py,2026-07-08T15:51:07,backfill
006WR00000wkA8zYAE,6314 Boyd Street,Originator__c,(null),005WR00000DEU6oYAH,2026-07-08-backfill-originator.py,2026-07-08T15:51:07,backfill
006WR00000wkA90YAE,Villa Del Rey _ FF Freddy,Originator__c,(null),005WR00000DEU6oYAH,2026-07-08-backfill-originator.py,2026-07-08T15:51:07,backfill
006WR00000wkA91YAE,Bloomfield Forum,Originator__c,(null),005WR00000DEU6oYAH,2026-07-08-backfill-originator.py,2026-07-08T15:51:07,backfill
006WR00000wkA92YAE,The Springs at 1100,Originator__c,(null),005WR00000DEU6oYAH,2026-07-08-backfill-originator.py,2026-07-08T15:51:07,backfill
006WR00000wkA93YAE,Woodstone Townhomes,Originator__c,(null),005WR00000DE3zRYAT,2026-07-08-backfill-originator.py,2026-07-08T15:51:07,backfill
006WR00000wkA94YAE,Cortland Riverside Apartments,Originator__c,(null),005WR00000CXIX7YAP,2026-07-08-backfill-originator.py,2026-07-08T15:51:07,backfill
006WR00000wkA95YAE,Parkwood Apartments,Originator__c,(null),005WR00000DEU6oYAH,2026-07-08-backfill-originator.py,2026-07-08T15:51:07,backfill
006WR00000wkA96YAE,Birchway Quarry Falls Apartments,Originator__c,(null),005WR00000CXIX7YAP,2026-07-08-backfill-originator.py,2026-07-08T15:51:07,backfill
006WR00000wkA97YAE,Arbol Residences of Santa Rosa,Originator__c,(null),005WR00000CXEZyYAP,2026-07-08-backfill-originator.py,2026-07-08T15:51:07,backfill
006WR00000wkA98YAE,Churchill at Golden Triangle,Originator__c,(null),005WR00000DEU6oYAH,2026-07-08-backfill-originator.py,2026-07-08T15:51:07,backfill
006WR00000wkA99YAE,Oasis at Mesa Palms,Originator__c,(null),005WR00000DE44HYAT,2026-07-08-backfill-originator.py,2026-07-08T15:51:07,backfill
006WR00000wkA9AYAU,Partridge Place,Originator__c,(null),005WR00000DE44HYAT,2026-07-08-backfill-originator.py,2026-07-08T15:51:07,backfill
006WR00000wkA9BYAU,Cedar Ridge Apartments,Originator__c,(null),005WR00000CXIX7YAP,2026-07-08-backfill-originator.py,2026-07-08T15:51:07,backfill
006WR00000wkA9CYAU,Brookside,Originator__c,(null),005WR00000CXIX7YAP,2026-07-08-backfill-originator.py,2026-07-08T15:51:07,backfill
006WR00000wkA9DYAU,College Park Apartments,Originator__c,(null),005WR00000DEU6oYAH,2026-07-08-backfill-originator.py,2026-07-08T15:51:07,backfill
006WR00000wkA9EYAU,Allora Georgetown,Originator__c,(null),005WR00000CXIX7YAP,2026-07-08-backfill-originator.py,2026-07-08T15:51:07,backfill
006WR00000wkA9FYAU,Azle Creek Apartments,Originator__c,(null),005WR00000DEU6oYAH,2026-07-08-backfill-originator.py,2026-07-08T15:51:07,backfill
006WR00000wkA9GYAU,College Park,Originator__c,(null),005WR00000CXIX7YAP,2026-07-08-backfill-originator.py,2026-07-08T15:51:07,backfill
006WR00000wkA9HYAU,Cypress View Villas,Originator__c,(null),005WR00000CXIX7YAP,2026-07-08-backfill-originator.py,2026-07-08T15:51:07,backfill
006WR00000wkA9IYAU,Clear Creek Mobile Home Park,Originator__c,(null),005WR00000CXIX7YAP,2026-07-08-backfill-originator.py,2026-07-08T15:51:07,backfill
006WR00000wkA9JYAU,Park Centre Casitas Condos,Originator__c,(null),005WR00000DE44HYAT,2026-07-08-backfill-originator.py,2026-07-08T15:51:07,backfill
006WR00000wkA9KYAU,River Oaks Apartments,Originator__c,(null),005WR00000DEU6oYAH,2026-07-08-backfill-originator.py,2026-07-08T15:51:07,backfill
006WR00000wkA9LYAU,Stepping Stone Apartments,Originator__c,(null),005WR00000CXIX7YAP,2026-07-08-backfill-originator.py,2026-07-08T15:51:07,backfill
006WR00000wkA9MYAU,Grace Place Apartments,Originator__c,(null),005WR00000CXIX7YAP,2026-07-08-backfill-originator.py,2026-07-08T15:51:07,backfill
006WR00000wkA9NYAU,Village at East Riverside,Originator__c,(null),005WR00000CXIX7YAP,2026-07-08-backfill-originator.py,2026-07-08T15:51:07,backfill
006WR00000wkAB3YAM,Persimmon Terrace Apartments,Originator__c,(null),005WR00000CXIX7YAP,2026-07-08-backfill-originator.py,2026-07-08T15:51:07,backfill
006WR00000wkAB4YAM,Vista Torre,Originator__c,(null),005WR00000CXIX7YAP,2026-07-08-backfill-originator.py,2026-07-08T15:51:07,backfill
006WR00000wkAB5YAM,Oakwood,Originator__c,(null),005WR00000CXIX7YAP,2026-07-08-backfill-originator.py,2026-07-08T15:51:07,backfill
006WR00000wkAB6YAM,Tuscana Townhomes,Originator__c,(null),005WR00000CXIX7YAP,2026-07-08-backfill-originator.py,2026-07-08T15:51:07,backfill
006WR00000wkAB7YAM,Moonlight,Originator__c,(null),005WR00000CXIX7YAP,2026-07-08-backfill-originator.py,2026-07-08T15:51:07,backfill
006WR00000wkAB8YAM,Porvenir Estates II,Originator__c,(null),005WR00000CXIX7YAP,2026-07-08-backfill-originator.py,2026-07-08T15:51:07,backfill
006WR00000wkAB9YAM,Porvenir Estates I,Originator__c,(null),005WR00000CXIX7YAP,2026-07-08-backfill-originator.py,2026-07-08T15:51:07,backfill
006WR00000wkABAYA2,Huron Plaza,Originator__c,(null),005WR00000CXIX7YAP,2026-07-08-backfill-originator.py,2026-07-08T15:51:07,backfill
006WR00000wkABBYA2,Niland,Originator__c,(null),005WR00000CXIX7YAP,2026-07-08-backfill-originator.py,2026-07-08T15:51:07,backfill
006WR00000wkABCYA2,Placer West,Originator__c,(null),005WR00000CXIX7YAP,2026-07-08-backfill-originator.py,2026-07-08T15:51:07,backfill
006WR00000wkABDYA2,The Shadows Garden Apts,Originator__c,(null),005WR00000CXIX7YAP,2026-07-08-backfill-originator.py,2026-07-08T15:51:07,backfill
006WR00000wkABEYA2,Harvard,Originator__c,(null),005WR00000CXIX7YAP,2026-07-08-backfill-originator.py,2026-07-08T15:51:07,backfill
006WR00000wkABFYA2,12th & D Apartments,Originator__c,(null),005WR00000CXIX7YAP,2026-07-08-backfill-originator.py,2026-07-08T15:51:07,backfill
006WR00000wkABGYA2,Creekside Colony Apartments,Originator__c,(null),005WR00000CXIX7YAP,2026-07-08-backfill-originator.py,2026-07-08T15:51:07,backfill
006WR00000wkABHYA2,Park on Riley,Originator__c,(null),005WR00000CXIX7YAP,2026-07-08-backfill-originator.py,2026-07-08T15:51:07,backfill
006WR00000wkABIYA2,Sierra Oaks Apartments,Originator__c,(null),005WR00000CXIX7YAP,2026-07-08-backfill-originator.py,2026-07-08T15:51:07,backfill
006WR00000wkABJYA2,Walnut Hill Apartments,Originator__c,(null),005WR00000CXIX7YAP,2026-07-08-backfill-originator.py,2026-07-08T15:51:07,backfill
006WR00000wkABKYA2,Katy Creek,Originator__c,(null),005WR00000CXIX7YAP,2026-07-08-backfill-originator.py,2026-07-08T15:51:07,backfill
006WR00000wkABLYA2,Breckenridge Apartments,Originator__c,(null),005WR00000CXIX7YAP,2026-07-08-backfill-originator.py,2026-07-08T15:51:07,backfill
006WR00000wkABMYA2,Crestmoor Park South,Originator__c,(null),005WR00000CXIX7YAP,2026-07-08-backfill-originator.py,2026-07-08T15:51:07,backfill
006WR00000wkABNYA2,Crestmoor Park West,Originator__c,(null),005WR00000CXIX7YAP,2026-07-08-backfill-originator.py,2026-07-08T15:51:07,backfill
006WR00000wkABOYA2,Comanche Retirement Village,Originator__c,(null),005WR00000CXIX7YAP,2026-07-08-backfill-originator.py,2026-07-08T15:51:07,backfill
006WR00000wkABPYA2,Dekalb Apartments,Originator__c,(null),005WR00000CXIX7YAP,2026-07-08-backfill-originator.py,2026-07-08T15:51:07,backfill
006WR00000wkABQYA2,Colony Park Apartments,Originator__c,(null),005WR00000CXIX7YAP,2026-07-08-backfill-originator.py,2026-07-08T15:51:07,backfill
006WR00000wkABRYA2,Camelot Square Apartments,Originator__c,(null),005WR00000CXIX7YAP,2026-07-08-backfill-originator.py,2026-07-08T15:51:07,backfill
006WR00000wkABSYA2,Somervell Apartments,Originator__c,(null),005WR00000CXIX7YAP,2026-07-08-backfill-originator.py,2026-07-08T15:51:07,backfill
006WR00000wkABTYA2,Glen Rose Apartments,Originator__c,(null),005WR00000CXIX7YAP,2026-07-08-backfill-originator.py,2026-07-08T15:51:07,backfill
006WR00000wkABUYA2,Emerald RV,Originator__c,(null),005WR00000CXIX7YAP,2026-07-08-backfill-originator.py,2026-07-08T15:51:07,backfill
006WR00000wkABVYA2,Allen's Point Apartments,Originator__c,(null),005WR00000CXIX7YAP,2026-07-08-backfill-originator.py,2026-07-08T15:51:07,backfill
006WR00000wkABWYA2,Hillside Apartments,Originator__c,(null),005WR00000CXIX7YAP,2026-07-08-backfill-originator.py,2026-07-08T15:51:07,backfill
006WR00000wkABXYA2,Kaufman Retirement Village (fka Cedar Ridge),Originator__c,(null),005WR00000CXIX7YAP,2026-07-08-backfill-originator.py,2026-07-08T15:51:07,backfill
006WR00000wkABYYA2,Commonwealth I,Originator__c,(null),005WR00000CXIX7YAP,2026-07-08-backfill-originator.py,2026-07-08T15:51:07,backfill
006WR00000wkABZYA2,Regal Apartments,Originator__c,(null),005WR00000CXIX7YAP,2026-07-08-backfill-originator.py,2026-07-08T15:51:07,backfill
006WR00000wkABaYAM,Waterwood Apartments,Originator__c,(null),005WR00000CXIX7YAP,2026-07-08-backfill-originator.py,2026-07-08T15:51:07,backfill
006WR00000wkABbYAM,Venus Retirement Village,Originator__c,(null),005WR00000CXIX7YAP,2026-07-08-backfill-originator.py,2026-07-08T15:51:07,backfill
006WR00000wkABcYAM,Whitney Place Apartments,Originator__c,(null),005WR00000CXIX7YAP,2026-07-08-backfill-originator.py,2026-07-08T15:51:07,backfill
006WR00000wkABdYAM,Whitney Retirement Village,Originator__c,(null),005WR00000CXIX7YAP,2026-07-08-backfill-originator.py,2026-07-08T15:51:07,backfill
006WR00000wkABeYAM,Azlewood,Originator__c,(null),005WR00000DEU6oYAH,2026-07-08-backfill-originator.py,2026-07-08T15:51:07,backfill
006WR00000wkABfYAM,Ingersoll Square Phase I/II,Originator__c,(null),005WR00000CXIX7YAP,2026-07-08-backfill-originator.py,2026-07-08T15:51:07,backfill
006WR00000wkABgYAM,Ingersoll Square Phase III,Originator__c,(null),005WR00000CXIX7YAP,2026-07-08-backfill-originator.py,2026-07-08T15:51:07,backfill
006WR00000wkABhYAM,Northpointe Apartments,Originator__c,(null),005WR00000DE3zRYAT,2026-07-08-backfill-originator.py,2026-07-08T15:51:07,backfill
006WR00000wkABiYAM,Bexley Apartments,Originator__c,(null),005WR00000CXIX7YAP,2026-07-08-backfill-originator.py,2026-07-08T15:51:07,backfill
006WR00000wkABjYAM,Country Oaks Apartments,Originator__c,(null),005WR00000CXEZyYAP,2026-07-08-backfill-originator.py,2026-07-08T15:51:07,backfill
006WR00000wkABkYAM,Black Rock Ridge Townhomes,Originator__c,(null),005WR00000CXEZyYAP,2026-07-08-backfill-originator.py,2026-07-08T15:51:07,backfill
006WR00000wkABlYAM,Canyon Ranch Condos,Originator__c,(null),005WR00000CXEZyYAP,2026-07-08-backfill-originator.py,2026-07-08T15:51:07,backfill
006WR00000wkABmYAM,Kings Court Apartments [M street],Originator__c,(null),005WR00000DE3zRYAT,2026-07-08-backfill-originator.py,2026-07-08T15:51:07,backfill
006WR00000wkABnYAM,2121 Belmont,Originator__c,(null),005WR00000DE3zRYAT,2026-07-08-backfill-originator.py,2026-07-08T15:51:07,backfill
006WR00000wkABoYAM,Beachwalk Condos,Originator__c,(null),005WR00000DEU6oYAH,2026-07-08-backfill-originator.py,2026-07-08T15:51:07,backfill
006WR00000wkABpYAM,Liberty Manor I,Originator__c,(null),005WR000003CD6DYAW,2026-07-08-backfill-originator.py,2026-07-08T15:51:07,backfill
006WR00000wkABqYAM,The Dalton Apartments,Originator__c,(null),005WR00000DEU6oYAH,2026-07-08-backfill-originator.py,2026-07-08T15:51:07,backfill
006WR00000wkABrYAM,Star Estates MHP,Originator__c,(null),005WR00000DEU6oYAH,2026-07-08-backfill-originator.py,2026-07-08T15:51:07,backfill
006WR00000wkABsYAM,Heritage Manor,Originator__c,(null),005WR00000DEU6oYAH,2026-07-08-backfill-originator.py,2026-07-08T15:51:07,backfill
006WR00000wkABtYAM,Elan Alicante Apartments,Originator__c,(null),005WR00000DEU6oYAH,2026-07-08-backfill-originator.py,2026-07-08T15:51:07,backfill
006WR00000wkABuYAM,Park Del Mar Condos,Originator__c,(null),005WR00000DEU6oYAH,2026-07-08-backfill-originator.py,2026-07-08T15:51:07,backfill
006WR00000wkABvYAM,Elan Seacrest Encinitas Apartments,Originator__c,(null),005WR00000DEU6oYAH,2026-07-08-backfill-originator.py,2026-07-08T15:51:07,backfill
006WR00000wkABwYAM,Pleasant View MHP,Originator__c,(null),005WR00000DEU6oYAH,2026-07-08-backfill-originator.py,2026-07-08T15:51:07,backfill
006WR00000wkABxYAM,Liberty Landing AKA Century Park Apartments,Originator__c,(null),005WR00000DEU6oYAH,2026-07-08-backfill-originator.py,2026-07-08T15:51:07,backfill
006WR00000wkAByYAM,New Life RV Park,Originator__c,(null),005WR00000DEU6oYAH,2026-07-08-backfill-originator.py,2026-07-08T15:51:07,backfill
006WR00000wkABzYAM,KILLEEN_MDU_Lowrance HOA,Originator__c,(null),005WR00000DEU6oYAH,2026-07-08-backfill-originator.py,2026-07-08T15:51:07,backfill
006WR00000wkAC0YAM,Bull Run Apts,Originator__c,(null),005WR00000DEU6oYAH,2026-07-08-backfill-originator.py,2026-07-08T15:51:07,backfill
006WR00000wkAC1YAM,Paul Mark Apts,Originator__c,(null),005WR0000030R1hYAE,2026-07-08-backfill-originator.py,2026-07-08T15:51:07,backfill
006WR00000wkAC2YAM,Palomar Estates East X,Originator__c,(null),005WR00000DE3zRYAT,2026-07-08-backfill-originator.py,2026-07-08T15:51:07,backfill
006WR00000wkAC3YAM,Mesa Garden Apartments,Originator__c,(null),005WR00000DE3zRYAT,2026-07-08-backfill-originator.py,2026-07-08T15:51:07,backfill
006WR00000wkAC4YAM,Sycamore Greens,Originator__c,(null),005WR00000DE3zRYAT,2026-07-08-backfill-originator.py,2026-07-08T15:51:07,backfill
006WR00000wkAC5YAM,Sycamore Ridge Apartments,Originator__c,(null),005WR00000DE3zRYAT,2026-07-08-backfill-originator.py,2026-07-08T15:51:07,backfill
006WR00000wkAC6YAM,Elan Shadowridge Meadows,Originator__c,(null),005WR00000DE3zRYAT,2026-07-08-backfill-originator.py,2026-07-08T15:51:07,backfill
006WR00000wkAC7YAM,Sofi Shadowridge,Originator__c,(null),005WR00000DE3zRYAT,2026-07-08-backfill-originator.py,2026-07-08T15:51:07,backfill
006WR00000wkAC8YAM,Shadow Ridge Park Apartments,Originator__c,(null),005WR00000DE3zRYAT,2026-07-08-backfill-originator.py,2026-07-08T15:51:07,backfill
006WR00000wkAC9YAM,Sycamore Hills Village,Originator__c,(null),005WR00000DE3zRYAT,2026-07-08-backfill-originator.py,2026-07-08T15:51:07,backfill
006WR00000wkACAYA2,Pepperwood Apartments,Originator__c,(null),005WR00000DE3zRYAT,2026-07-08-backfill-originator.py,2026-07-08T15:51:07,backfill
006WR00000wkACBYA2,Oak Manor,Originator__c,(null),005WR00000DE3zRYAT,2026-07-08-backfill-originator.py,2026-07-08T15:51:07,backfill
006WR00000wkACCYA2,Foothill Courtyards,Originator__c,(null),005WR00000DE3zRYAT,2026-07-08-backfill-originator.py,2026-07-08T15:51:07,backfill
006WR00000wkACDYA2,Mariposa Apartments [Vista,Originator__c,(null),005WR00000DE3zRYAT,2026-07-08-backfill-originator.py,2026-07-08T15:51:07,backfill
006WR00000wkACEYA2,Birchwood Apts,Originator__c,(null),005WR000003CD6DYAW,2026-07-08-backfill-originator.py,2026-07-08T15:51:07,backfill
006WR00000wkACFYA2,Blondo Plaza Apartments,Originator__c,(null),005WR00000CXIX7YAP,2026-07-08-backfill-originator.py,2026-07-08T15:51:07,backfill
006WR00000wkACGYA2,Bella Vita,Originator__c,(null),005WR00000CXEZyYAP,2026-07-08-backfill-originator.py,2026-07-08T15:51:07,backfill
006WR00000wkACHYA2,Maryland Lakes,Originator__c,(null),005WR00000CXEZyYAP,2026-07-08-backfill-originator.py,2026-07-08T15:51:07,backfill
006WR00000wkACIYA2,"Sun City, Georgetown, TX",Originator__c,(null),005WR00000CXEZyYAP,2026-07-08-backfill-originator.py,2026-07-08T15:51:07,backfill
006WR00000wkACJYA2,Aventura,Originator__c,(null),005WR00000CXEZyYAP,2026-07-08-backfill-originator.py,2026-07-08T15:51:07,backfill
006WR00000wkACKYA2,Cactas Flats,Originator__c,(null),005WR00000CXEZyYAP,2026-07-08-backfill-originator.py,2026-07-08T15:51:07,backfill
006WR00000wkACLYA2,Camelview Greens,Originator__c,(null),005WR00000CXEZyYAP,2026-07-08-backfill-originator.py,2026-07-08T15:51:07,backfill
006WR00000wkACMYA2,Casa Granada,Originator__c,(null),005WR00000CXEZyYAP,2026-07-08-backfill-originator.py,2026-07-08T15:51:07,backfill
006WR00000wkACNYA2,Concorde Condominiums,Originator__c,(null),005WR00000CXEZyYAP,2026-07-08-backfill-originator.py,2026-07-08T15:51:07,backfill
006WR00000wkACOYA2,Discovery at Tatum II,Originator__c,(null),005WR00000CXEZyYAP,2026-07-08-backfill-originator.py,2026-07-08T15:51:07,backfill
006WR00000wkACPYA2,Dream Creek,Originator__c,(null),005WR00000CXEZyYAP,2026-07-08-backfill-originator.py,2026-07-08T15:51:07,backfill
006WR00000wkACQYA2,Lakeshores at Anderson Springs,Originator__c,(null),005WR00000CXEZyYAP,2026-07-08-backfill-originator.py,2026-07-08T15:51:07,backfill
006WR00000wkACRYA2,Larronata Condominiums,Originator__c,(null),005WR00000CXEZyYAP,2026-07-08-backfill-originator.py,2026-07-08T15:51:07,backfill
006WR00000wkACSYA2,Las Hadas Villas,Originator__c,(null),005WR00000CXEZyYAP,2026-07-08-backfill-originator.py,2026-07-08T15:51:07,backfill
006WR00000wkACTYA2,Mira Vista,Originator__c,(null),005WR00000CXEZyYAP,2026-07-08-backfill-originator.py,2026-07-08T15:51:07,backfill
006WR00000wkACUYA2,Mistwood Condominium,Originator__c,(null),005WR00000CXEZyYAP,2026-07-08-backfill-originator.py,2026-07-08T15:51:07,backfill
006WR00000wkACVYA2,Paradise Park II,Originator__c,(null),005WR00000CXEZyYAP,2026-07-08-backfill-originator.py,2026-07-08T15:51:07,backfill
006WR00000wkACWYA2,Providence on Central,Originator__c,(null),005WR00000CXEZyYAP,2026-07-08-backfill-originator.py,2026-07-08T15:51:07,backfill
006WR00000wkACXYA2,Scottsdale Bay Club,Originator__c,(null),005WR00000CXEZyYAP,2026-07-08-backfill-originator.py,2026-07-08T15:51:07,backfill
006WR00000wkACYYA2,The Townes at PV Landing Condo (The Vistas),Originator__c,(null),005WR00000CXEZyYAP,2026-07-08-backfill-originator.py,2026-07-08T15:51:07,backfill
006WR00000wkACZYA2,The Village at Stone Creek Condominiums,Originator__c,(null),005WR00000CXEZyYAP,2026-07-08-backfill-originator.py,2026-07-08T15:51:07,backfill
006WR00000wkACaYAM,Village at Gilbert Warner,Originator__c,(null),005WR00000CXEZyYAP,2026-07-08-backfill-originator.py,2026-07-08T15:51:07,backfill
006WR00000wkACbYAM,Walden Condo,Originator__c,(null),005WR00000CXEZyYAP,2026-07-08-backfill-originator.py,2026-07-08T15:51:07,backfill
006WR00000wkACcYAM,Larkspur Apartments,Originator__c,(null),005WR00000CXIX7YAP,2026-07-08-backfill-originator.py,2026-07-08T15:51:07,backfill
006WR00000wkACdYAM,Carroll at Rivery Ranch,Originator__c,(null),005WR00000CXIX7YAP,2026-07-08-backfill-originator.py,2026-07-08T15:51:07,backfill
006WR00000wkACeYAM,Caroline at Georgtown,Originator__c,(null),005WR00000CXIX7YAP,2026-07-08-backfill-originator.py,2026-07-08T15:51:07,backfill
006WR00000wkACfYAM,Bexley Wolf Ranch,Originator__c,(null),005WR00000CXIX7YAP,2026-07-08-backfill-originator.py,2026-07-08T15:51:07,backfill
006WR00000wkAUPYA2,Lara Lea,Originator__c,(null),005WR00000CXEZyYAP,2026-07-08-backfill-originator.py,2026-07-08T15:51:07,backfill
006WR00000wkAUQYA2,Blue Heron Estates,Originator__c,(null),005WR00000CXEZyYAP,2026-07-08-backfill-originator.py,2026-07-08T15:51:07,backfill
006WR00000wkAURYA2,Chinook Winds,Originator__c,(null),005WR00000CXEZyYAP,2026-07-08-backfill-originator.py,2026-07-08T15:51:07,backfill
006WR00000wkAUSYA2,Rincon Country,Originator__c,(null),005WR00000CXEZyYAP,2026-07-08-backfill-originator.py,2026-07-08T15:51:07,backfill
006WR00000wkAUTYA2,Canterbury Apartments,Originator__c,(null),005WR00000CXEZyYAP,2026-07-08-backfill-originator.py,2026-07-08T15:51:07,backfill
006WR00000wkAUUYA2,Arborwood,Originator__c,(null),005WR00000CXEZyYAP,2026-07-08-backfill-originator.py,2026-07-08T15:51:07,backfill
006WR00000wkAUVYA2,Slo-Hi Flats,Originator__c,(null),005WR00000CXEZyYAP,2026-07-08-backfill-originator.py,2026-07-08T15:51:07,backfill
006WR00000wkAUWYA2,Ridgewood MHP,Originator__c,(null),005WR00000CXEZyYAP,2026-07-08-backfill-originator.py,2026-07-08T15:51:07,backfill
006WR00000wkAUXYA2,Lake Powell,Originator__c,(null),005WR00000CXEZyYAP,2026-07-08-backfill-originator.py,2026-07-08T15:51:07,backfill
006WR00000wkAUYYA2,Westside Mobile,Originator__c,(null),005WR00000CXEZyYAP,2026-07-08-backfill-originator.py,2026-07-08T15:51:07,backfill
006WR00000wkAUZYA2,Edge Point Apartments,Originator__c,(null),005WR00000CXEZyYAP,2026-07-08-backfill-originator.py,2026-07-08T15:51:07,backfill
006WR00000wkAUaYAM,Shangri La,Originator__c,(null),005WR00000CXEZyYAP,2026-07-08-backfill-originator.py,2026-07-08T15:51:07,backfill
006WR00000wkAUbYAM,Shiloh Townhomes,Originator__c,(null),005WR00000CXEZyYAP,2026-07-08-backfill-originator.py,2026-07-08T15:51:07,backfill
006WR00000wkAUcYAM,Oasis at Magic Ranch Homeowners Association,Originator__c,(null),005WR00000CXEZyYAP,2026-07-08-backfill-originator.py,2026-07-08T15:51:07,backfill
006WR00000wkAUdYAM,Lumien Apartments,Originator__c,(null),005WR00000CXEZyYAP,2026-07-08-backfill-originator.py,2026-07-08T15:51:07,backfill
006WR00000wkAUeYAM,Greenway Flats,Originator__c,(null),005WR00000CXEZyYAP,2026-07-08-backfill-originator.py,2026-07-08T15:51:07,backfill
006WR00000wkAUfYAM,Orchard Grove,Originator__c,(null),005WR00000CXEZyYAP,2026-07-08-backfill-originator.py,2026-07-08T15:51:07,backfill
006WR00000wkAUgYAM,Trilogy at Power Ranch,Originator__c,(null),005WR00000CXEZyYAP,2026-07-08-backfill-originator.py,2026-07-08T15:51:07,backfill
006WR00000wkAUhYAM,Falls at Legend Trail,Originator__c,(null),005WR00000CXEZyYAP,2026-07-08-backfill-originator.py,2026-07-08T15:51:07,backfill
006WR00000wkAUiYAM,Warren Village,Originator__c,(null),005WR00000CXEZyYAP,2026-07-08-backfill-originator.py,2026-07-08T15:51:07,backfill
006WR00000wkAUjYAM,The Apartments at University Station,Originator__c,(null),005WR00000CXEZyYAP,2026-07-08-backfill-originator.py,2026-07-08T15:51:07,backfill
006WR00000wkAUkYAM,North County Village,Originator__c,(null),005WR00000CXEZyYAP,2026-07-08-backfill-originator.py,2026-07-08T15:51:07,backfill
006WR00000wkAUlYAM,Fronterra Village,Originator__c,(null),005WR00000CXEZyYAP,2026-07-08-backfill-originator.py,2026-07-08T15:51:07,backfill
006WR00000wkAUmYAM,PCP-Mile High MHP,Originator__c,(null),005WR00000CXEZyYAP,2026-07-08-backfill-originator.py,2026-07-08T15:51:07,backfill
006WR00000wkAUnYAM,Aviana at Tuscany,Originator__c,(null),005WR00000CXEZyYAP,2026-07-08-backfill-originator.py,2026-07-08T15:51:07,backfill
006WR00000wkAUoYAM,"Anthem Country Club Community Association, Inc",Originator__c,(null),005WR00000CXEZyYAP,2026-07-08-backfill-originator.py,2026-07-08T15:51:07,backfill
006WR00000wkAUpYAM,The Apartments at Yale Station,Originator__c,(null),005WR00000CXEZyYAP,2026-07-08-backfill-originator.py,2026-07-08T15:51:07,backfill
006WR00000wkAUqYAM,Clyburn At Stapleton,Originator__c,(null),005WR00000DE3zRYAT,2026-07-08-backfill-originator.py,2026-07-08T15:51:07,backfill
006WR00000wkAUrYAM,Del Norte Accessible Apts,Originator__c,(null),005WR00000CXEZyYAP,2026-07-08-backfill-originator.py,2026-07-08T15:51:07,backfill
006WR00000wkAUsYAM,Lodge at Black Forest,Originator__c,(null),005WR00000CXEZyYAP,2026-07-08-backfill-originator.py,2026-07-08T15:51:07,backfill
006WR00000wkAUtYAM,Mercury on Mill ABACUS,Originator__c,(null),005WR00000CXEZyYAP,2026-07-08-backfill-originator.py,2026-07-08T15:51:07,backfill
006WR00000wkAUuYAM,Sun Villa,Originator__c,(null),005WR00000CXEZyYAP,2026-07-08-backfill-originator.py,2026-07-08T15:51:07,backfill
006WR00000wkAUvYAM,Garden Court at Yale Station,Originator__c,(null),005WR00000CXEZyYAP,2026-07-08-backfill-originator.py,2026-07-08T15:51:07,backfill
006WR00000wkAUwYAM,Ashewood,Originator__c,(null),005WR00000CXEZyYAP,2026-07-08-backfill-originator.py,2026-07-08T15:51:07,backfill
006WR00000wkAUxYAM,Murdock Apts,Originator__c,(null),005WR00000CXEZyYAP,2026-07-08-backfill-originator.py,2026-07-08T15:51:07,backfill
006WR00000wkAUyYAM,Mountain Vista,Originator__c,(null),005WR00000CXEZyYAP,2026-07-08-backfill-originator.py,2026-07-08T15:51:07,backfill
006WR00000wkAUzYAM,Chaparral 1,Originator__c,(null),005WR00000CXEZyYAP,2026-07-08-backfill-originator.py,2026-07-08T15:51:07,backfill
006WR00000wkAV0YAM,The Foundry,Originator__c,(null),005WR00000CXEZyYAP,2026-07-08-backfill-originator.py,2026-07-08T15:51:07,backfill
006WR00000wkAV1YAM,Dakota Station I Condominiums,Originator__c,(null),005WR00000CXEZyYAP,2026-07-08-backfill-originator.py,2026-07-08T15:51:07,backfill
006WR00000wkAV2YAM,Carson Highlands,Originator__c,(null),005WR00000CXEZyYAP,2026-07-08-backfill-originator.py,2026-07-08T15:51:07,backfill
006WR00000wkAV3YAM,Chaparral Ranch,Originator__c,(null),005WR00000CXEZyYAP,2026-07-08-backfill-originator.py,2026-07-08T15:51:07,backfill
006WR00000wkAV4YAM,Willow Street Residences,Originator__c,(null),005WR00000CXEZyYAP,2026-07-08-backfill-originator.py,2026-07-08T15:51:07,backfill
006WR00000wkAV5YAM,Gun Club Green,Originator__c,(null),005WR00000CXEZyYAP,2026-07-08-backfill-originator.py,2026-07-08T15:51:07,backfill
006WR00000wkAV6YAM,Greenspot Village,Originator__c,(null),005WR00000CXEZyYAP,2026-07-08-backfill-originator.py,2026-07-08T15:51:07,backfill
006WR00000wkAV7YAM,Northfield,Originator__c,(null),005WR00000CXEZyYAP,2026-07-08-backfill-originator.py,2026-07-08T15:51:07,backfill
006WR00000wkAV8YAM,Welby Hill,Originator__c,(null),005WR00000CXEZyYAP,2026-07-08-backfill-originator.py,2026-07-08T15:51:07,backfill
006WR00000wkAV9YAM,Haigan-Canino Terrace,Originator__c,(null),005WR00000CXEZyYAP,2026-07-08-backfill-originator.py,2026-07-08T15:51:07,backfill
006WR00000wkAVAYA2,Copper Kettle/Paradise Valley Ranch,Originator__c,(null),005WR00000CXEZyYAP,2026-07-08-backfill-originator.py,2026-07-08T15:51:07,backfill
006WR00000wkAVBYA2,LincolnPointe Lofts II,Originator__c,(null),005WR00000CXEZyYAP,2026-07-08-backfill-originator.py,2026-07-08T15:51:07,backfill
006WR00000wkAVCYA2,Cypress Gardens,Originator__c,(null),005WR00000CXEZyYAP,2026-07-08-backfill-originator.py,2026-07-08T15:51:07,backfill
006WR00000wkAVDYA2,Grosvenor Arms,Originator__c,(null),005WR00000CXEZyYAP,2026-07-08-backfill-originator.py,2026-07-08T15:51:07,backfill
006WR00000wkAVEYA2,Villa Carmel,Originator__c,(null),005WR00000CXEZyYAP,2026-07-08-backfill-originator.py,2026-07-08T15:51:07,backfill
006WR00000wkAVFYA2,Niblock-Yavovette Terrace,Originator__c,(null),005WR00000CXEZyYAP,2026-07-08-backfill-originator.py,2026-07-08T15:51:07,backfill
006WR00000wkAVGYA2,Ridgeview Eagle Bend,Originator__c,(null),005WR00000CXEZyYAP,2026-07-08-backfill-originator.py,2026-07-08T15:51:07,backfill
006WR00000wkAVHYA2,Santiago Estates,Originator__c,(null),005WR00000CXEZyYAP,2026-07-08-backfill-originator.py,2026-07-08T15:51:07,backfill
006WR00000wkAVIYA2,Aspen Leaf,Originator__c,(null),005WR00000CXEZyYAP,2026-07-08-backfill-originator.py,2026-07-08T15:51:07,backfill
006WR00000wkAVJYA2,Castle Pines North,Originator__c,(null),005WR00000CXEZyYAP,2026-07-08-backfill-originator.py,2026-07-08T15:51:07,backfill
006WR00000wkAVKYA2,Caraway,Originator__c,(null),005WR00000CXEZyYAP,2026-07-08-backfill-originator.py,2026-07-08T15:51:07,backfill
006WR00000wkAVLYA2,Sunrise Gardens,Originator__c,(null),005WR00000CXEZyYAP,2026-07-08-backfill-originator.py,2026-07-08T15:51:07,backfill
006WR00000wkAVMYA2,Timber Ridge,Originator__c,(null),005WR00000CXEZyYAP,2026-07-08-backfill-originator.py,2026-07-08T15:51:07,backfill
006WR00000wkAVNYA2,Wheat Ridge Town Center,Originator__c,(null),005WR00000CXEZyYAP,2026-07-08-backfill-originator.py,2026-07-08T15:51:07,backfill
006WR00000wkAVOYA2,Emerson Street Apts,Originator__c,(null),005WR00000CXEZyYAP,2026-07-08-backfill-originator.py,2026-07-08T15:51:07,backfill
006WR00000wkAVPYA2,Benedict Park Place,Originator__c,(null),005WR00000CXEZyYAP,2026-07-08-backfill-originator.py,2026-07-08T15:51:07,backfill
006WR00000wkAVQYA2,Sunrise Estates,Originator__c,(null),005WR00000CXEZyYAP,2026-07-08-backfill-originator.py,2026-07-08T15:51:07,backfill
006WR00000wkAVRYA2,Silva-Markham Partners,Originator__c,(null),005WR00000CXEZyYAP,2026-07-08-backfill-originator.py,2026-07-08T15:51:07,backfill
006WR00000wkAVSYA2,Silverado,Originator__c,(null),005WR00000CXEZyYAP,2026-07-08-backfill-originator.py,2026-07-08T15:51:07,backfill
006WR00000wkAVTYA2,Gateway at 2534,Originator__c,(null),005WR00000CXEZyYAP,2026-07-08-backfill-originator.py,2026-07-08T15:51:07,backfill
006WR00000wkAVUYA2,Palm Grove,Originator__c,(null),005WR00000CXEZyYAP,2026-07-08-backfill-originator.py,2026-07-08T15:51:07,backfill
006WR00000wkAVVYA2,El Adobe Estates,Originator__c,(null),005WR00000CXEZyYAP,2026-07-08-backfill-originator.py,2026-07-08T15:51:07,backfill
006WR00000wkAVWYA2,The Promenade at Lowry,Originator__c,(null),005WR00000CXEZyYAP,2026-07-08-backfill-originator.py,2026-07-08T15:51:07,backfill
006WR00000wkAVXYA2,The Boulders,Originator__c,(null),005WR00000CXEZyYAP,2026-07-08-backfill-originator.py,2026-07-08T15:51:07,backfill
006WR00000wkAVYYA2,French Quarter,Originator__c,(null),005WR00000CXEZyYAP,2026-07-08-backfill-originator.py,2026-07-08T15:51:07,backfill
006WR00000wkAVZYA2,Atlantis Envolve,Originator__c,(null),005WR00000CXEZyYAP,2026-07-08-backfill-originator.py,2026-07-08T15:51:07,backfill
006WR00000wkAVaYAM,Trail Ridge at Woodland Park,Originator__c,(null),005WR00000CXEZyYAP,2026-07-08-backfill-originator.py,2026-07-08T15:51:07,backfill
006WR00000wkAVbYAM,Alpenglow Village,Originator__c,(null),005WR00000CXEZyYAP,2026-07-08-backfill-originator.py,2026-07-08T15:51:07,backfill
006WR00000wkAVcYAM,Moline At Stapleton,Originator__c,(null),005WR00000CXEZyYAP,2026-07-08-backfill-originator.py,2026-07-08T15:51:07,backfill
006WR00000wkAVdYAM,Stonehedge Place Apartments,Originator__c,(null),005WR00000CXEZyYAP,2026-07-08-backfill-originator.py,2026-07-08T15:51:07,backfill
006WR00000wkAVeYAM,Bella Vista MHC,Originator__c,(null),005WR00000CXEZyYAP,2026-07-08-backfill-originator.py,2026-07-08T15:51:07,backfill
006WR00000wkAVfYAM,Regal Apts,Originator__c,(null),005WR00000CXEZyYAP,2026-07-08-backfill-originator.py,2026-07-08T15:51:07,backfill
006WR00000wkAVgYAM,HAWC Apartments,Originator__c,(null),005WR00000CXEZyYAP,2026-07-08-backfill-originator.py,2026-07-08T15:51:07,backfill
006WR00000wkAVhYAM,Dave's Place,Originator__c,(null),005WR00000CXEZyYAP,2026-07-08-backfill-originator.py,2026-07-08T15:51:07,backfill
006WR00000wkAViYAM,Strada I & II - UP,Originator__c,(null),005WR00000CXEZyYAP,2026-07-08-backfill-originator.py,2026-07-08T15:51:07,backfill
006WR00000wkAVjYAM,Hillsborough,Originator__c,(null),005WR00000CXEZyYAP,2026-07-08-backfill-originator.py,2026-07-08T15:51:07,backfill
006WR00000wkAVkYAM,Court Avenue Lofts,Originator__c,(null),005WR00000CXEZyYAP,2026-07-08-backfill-originator.py,2026-07-08T15:51:07,backfill
006WR00000wkAVlYAM,Kings Kourt Apartrments,Originator__c,(null),005WR00000CXEZyYAP,2026-07-08-backfill-originator.py,2026-07-08T15:51:07,backfill
006WR00000wkAVmYAM,Pinnacle Apartments,Originator__c,(null),005WR00000CXEZyYAP,2026-07-08-backfill-originator.py,2026-07-08T15:51:07,backfill
006WR00000wkAVnYAM,Waterside Cove,Originator__c,(null),005WR00000CXEZyYAP,2026-07-08-backfill-originator.py,2026-07-08T15:51:07,backfill
006WR00000wkAVoYAM,Tides at East Glendale - UP,Originator__c,(null),005WR00000CXEZyYAP,2026-07-08-backfill-originator.py,2026-07-08T15:51:07,backfill
006WR00000wkAVpYAM,Willowbrook,Originator__c,(null),005WR00000CXEZyYAP,2026-07-08-backfill-originator.py,2026-07-08T15:51:07,backfill
006WR00000wkAVqYAM,Melbourne,Originator__c,(null),005WR00000CXEZyYAP,2026-07-08-backfill-originator.py,2026-07-08T15:51:07,backfill
006WR00000wkAVrYAM,Wyngate Townhomes,Originator__c,(null),005WR00000CXEZyYAP,2026-07-08-backfill-originator.py,2026-07-08T15:51:07,backfill
006WR00000wkAVsYAM,Platinum Point Townhomes,Originator__c,(null),005WR00000CXEZyYAP,2026-07-08-backfill-originator.py,2026-07-08T15:51:07,backfill
006WR00000wkAVtYAM,The Becksted,Originator__c,(null),005WR00000CXEZyYAP,2026-07-08-backfill-originator.py,2026-07-08T15:51:07,backfill
006WR00000wkAVuYAM,Riverwood Apartments,Originator__c,(null),005WR00000CXEZyYAP,2026-07-08-backfill-originator.py,2026-07-08T15:51:07,backfill
006WR00000wkAVvYAM,Avondale Trace,Originator__c,(null),005WR00000CXEZyYAP,2026-07-08-backfill-originator.py,2026-07-08T15:51:07,backfill
006WR00000wkAVwYAM,Oakdale of West Saint Paul,Originator__c,(null),005WR00000CXEZyYAP,2026-07-08-backfill-originator.py,2026-07-08T15:51:07,backfill
006WR00000wkAVxYAM,River Tower Apartments,Originator__c,(null),005WR00000CXEZyYAP,2026-07-08-backfill-originator.py,2026-07-08T15:51:07,backfill
006WR00000wkAVyYAM,Pembrooke Apartments,Originator__c,(null),005WR00000CXEZyYAP,2026-07-08-backfill-originator.py,2026-07-08T15:51:07,backfill
006WR00000wkAVzYAM,Adam Ridge,Originator__c,(null),005WR00000CXEZyYAP,2026-07-08-backfill-originator.py,2026-07-08T15:51:07,backfill
006WR00000wkAW0YAM,Joseph's Pointe at Upper Landing,Originator__c,(null),005WR00000CXEZyYAP,2026-07-08-backfill-originator.py,2026-07-08T15:51:07,backfill
006WR00000wkAW1YAM,Maple Pointe Apartments,Originator__c,(null),005WR00000CXEZyYAP,2026-07-08-backfill-originator.py,2026-07-08T15:51:07,backfill
006WR00000wkAW2YAM,RiverEast,Originator__c,(null),005WR00000CXEZyYAP,2026-07-08-backfill-originator.py,2026-07-08T15:51:07,backfill
006WR00000wkAW3YAM,Diamond Fork Apartments,Originator__c,(null),005WR00000CXEZyYAP,2026-07-08-backfill-originator.py,2026-07-08T15:51:07,backfill
006WR00000wkAW4YAM,Horizon Place Apartments,Originator__c,(null),005WR00000CXEZyYAP,2026-07-08-backfill-originator.py,2026-07-08T15:51:07,backfill
006WR00000wkAivYAE,Woodburn Senior Estates Mobile Home Community,Originator__c,(null),005WR00000CXEZyYAP,2026-07-08-backfill-originator.py,2026-07-08T15:51:07,backfill
006WR00000wkAiwYAE,Apple Acres,Originator__c,(null),005WR00000CXEZyYAP,2026-07-08-backfill-originator.py,2026-07-08T15:51:07,backfill
006WR00000wkAixYAE,Bonneville Gardens,Originator__c,(null),005WR00000CXEZyYAP,2026-07-08-backfill-originator.py,2026-07-08T15:51:07,backfill
006WR00000wkAiyYAE,Cambridge (Mobile Home Park),Originator__c,(null),005WR00000CXEZyYAP,2026-07-08-backfill-originator.py,2026-07-08T15:51:07,backfill
006WR00000wkAizYAE,Cinnamon Ridge,Originator__c,(null),005WR00000CXEZyYAP,2026-07-08-backfill-originator.py,2026-07-08T15:51:07,backfill
006WR00000wkAj0YAE,Cottonwood Coves MHC,Originator__c,(null),005WR00000CXEZyYAP,2026-07-08-backfill-originator.py,2026-07-08T15:51:07,backfill
006WR00000wkAj1YAE,IPG Capital Green Acres,Originator__c,(null),005WR00000CXEZyYAP,2026-07-08-backfill-originator.py,2026-07-08T15:51:07,backfill
006WR00000wkAj2YAE,Palatial Living,Originator__c,(null),005WR00000CXEZyYAP,2026-07-08-backfill-originator.py,2026-07-08T15:51:07,backfill
006WR00000wkAj3YAE,Ridgewood Estates,Originator__c,(null),005WR00000CXEZyYAP,2026-07-08-backfill-originator.py,2026-07-08T15:51:07,backfill
006WR00000wkAj4YAE,Windemere Meadows,Originator__c,(null),005WR00000CXEZyYAP,2026-07-08-backfill-originator.py,2026-07-08T15:51:07,backfill
006WR00000wkAj5YAE,Wood Haven,Originator__c,(null),005WR00000CXEZyYAP,2026-07-08-backfill-originator.py,2026-07-08T15:51:07,backfill
006WR00000wkAj6YAE,Alpine Mobile Estates,Originator__c,(null),005WR00000CXEZyYAP,2026-07-08-backfill-originator.py,2026-07-08T15:51:07,backfill
006WR00000wkAj7YAE,Brookhallow RV,Originator__c,(null),005WR00000CXEZyYAP,2026-07-08-backfill-originator.py,2026-07-08T15:51:07,backfill
006WR00000wkAj8YAE,Brookhollow MHP,Originator__c,(null),005WR00000CXEZyYAP,2026-07-08-backfill-originator.py,2026-07-08T15:51:07,backfill
006WR00000wkAj9YAE,Country Manor Mobile Village,Originator__c,(null),005WR00000CXEZyYAP,2026-07-08-backfill-originator.py,2026-07-08T15:51:07,backfill
006WR00000wkAjAYAU,Duvall Highlands,Originator__c,(null),005WR00000CXEZyYAP,2026-07-08-backfill-originator.py,2026-07-08T15:51:07,backfill
006WR00000wkAjBYAU,Majestic Mobile Manor(64) and RV Park(88),Originator__c,(null),005WR00000CXEZyYAP,2026-07-08-backfill-originator.py,2026-07-08T15:51:07,backfill
006WR00000wkAjCYAU,Portage Green,Originator__c,(null),005WR00000CXEZyYAP,2026-07-08-backfill-originator.py,2026-07-08T15:51:07,backfill
006WR00000wkAjDYAU,Skylark Village Estates II,Originator__c,(null),005WR00000CXEZyYAP,2026-07-08-backfill-originator.py,2026-07-08T15:51:07,backfill
006WR00000wkAjEYAU,Edwards Mobile Home Park,Originator__c,(null),005WR00000CXEZyYAP,2026-07-08-backfill-originator.py,2026-07-08T15:51:07,backfill
006WR00000wkAjFYAU,Bel Bo Mobile Home Park,Originator__c,(null),005WR00000CXEZyYAP,2026-07-08-backfill-originator.py,2026-07-08T15:51:07,backfill
006WR00000wkAjGYAU,Hilltop Mobile Home Park,Originator__c,(null),005WR00000CXEZyYAP,2026-07-08-backfill-originator.py,2026-07-08T15:51:07,backfill
006WR00000wkAjHYAU,Parktown Mobile Home Park,Originator__c,(null),005WR00000CXEZyYAP,2026-07-08-backfill-originator.py,2026-07-08T15:51:07,backfill
006WR00000wkAjIYAU,Ridge Village Mobile Home Park,Originator__c,(null),005WR00000CXEZyYAP,2026-07-08-backfill-originator.py,2026-07-08T15:51:07,backfill
006WR00000wkAjJYAU,Specialville Estates,Originator__c,(null),005WR00000CXEZyYAP,2026-07-08-backfill-originator.py,2026-07-08T15:51:07,backfill
006WR00000wkAjKYAU,Meadowbrook Mobile Home Park,Originator__c,(null),005WR00000CXEZyYAP,2026-07-08-backfill-originator.py,2026-07-08T15:51:07,backfill
006WR00000wkAjLYAU,Apache Manor,Originator__c,(null),005WR00000CXEZyYAP,2026-07-08-backfill-originator.py,2026-07-08T15:51:07,backfill
006WR00000wkAjMYAU,Blueridge,Originator__c,(null),005WR00000CXEZyYAP,2026-07-08-backfill-originator.py,2026-07-08T15:51:07,backfill
006WR00000wkAjNYAU,Colonial Village,Originator__c,(null),005WR00000CXEZyYAP,2026-07-08-backfill-originator.py,2026-07-08T15:51:07,backfill
006WR00000wkAjOYAU,Haden Park Mobile Homes,Originator__c,(null),005WR00000CXEZyYAP,2026-07-08-backfill-originator.py,2026-07-08T15:51:07,backfill
006WR00000wkAjPYAU,J&L Mobile Home Park,Originator__c,(null),005WR00000CXEZyYAP,2026-07-08-backfill-originator.py,2026-07-08T15:51:07,backfill
006WR00000wkAjQYAU,Northridge,Originator__c,(null),005WR00000CXEZyYAP,2026-07-08-backfill-originator.py,2026-07-08T15:51:07,backfill
006WR00000wkAjRYAU,Oakridge Mobile Home Park,Originator__c,(null),005WR00000CXEZyYAP,2026-07-08-backfill-originator.py,2026-07-08T15:51:07,backfill
006WR00000wkAjSYAU,Rustic Meadows,Originator__c,(null),005WR00000CXEZyYAP,2026-07-08-backfill-originator.py,2026-07-08T15:51:07,backfill
006WR00000wkAjTYAU,Whitton Heights,Originator__c,(null),005WR00000CXEZyYAP,2026-07-08-backfill-originator.py,2026-07-08T15:51:07,backfill
006WR00000wkAjUYAU,98 Mobile Home Park,Originator__c,(null),005WR00000CXEZyYAP,2026-07-08-backfill-originator.py,2026-07-08T15:51:07,backfill
006WR00000wkAjVYAU,Aurora Acres,Originator__c,(null),005WR00000CXEZyYAP,2026-07-08-backfill-originator.py,2026-07-08T15:51:07,backfill
006WR00000wkAjWYAU,Avon Park Village,Originator__c,(null),005WR00000CXEZyYAP,2026-07-08-backfill-originator.py,2026-07-08T15:51:07,backfill
006WR00000wkAjXYAU,Big Oaks River Resort,Originator__c,(null),005WR00000CXEZyYAP,2026-07-08-backfill-originator.py,2026-07-08T15:51:07,backfill
006WR00000wkAjYYAU,Cedar Circle,Originator__c,(null),005WR00000CXEZyYAP,2026-07-08-backfill-originator.py,2026-07-08T15:51:07,backfill
006WR00000wkAjZYAU,Coach Light Villa,Originator__c,(null),005WR00000CXEZyYAP,2026-07-08-backfill-originator.py,2026-07-08T15:51:07,backfill
006WR00000wkAjaYAE,Fontana Cove Mobile Home Park,Originator__c,(null),005WR00000CXEZyYAP,2026-07-08-backfill-originator.py,2026-07-08T15:51:07,backfill
006WR00000wkAjbYAE,Friendly Mobile Home Park,Originator__c,(null),005WR00000CXEZyYAP,2026-07-08-backfill-originator.py,2026-07-08T15:51:07,backfill
006WR00000wkAjcYAE,Holiday Haven Mobile Home Park,Originator__c,(null),005WR00000CXEZyYAP,2026-07-08-backfill-originator.py,2026-07-08T15:51:07,backfill
006WR00000wkAjdYAE,Lake Bonnet Estates,Originator__c,(null),005WR00000CXEZyYAP,2026-07-08-backfill-originator.py,2026-07-08T15:51:07,backfill
006WR00000wkAjeYAE,Shadow Ridge Apartments,Originator__c,(null),005WR00000DE3zRYAT,2026-07-08-backfill-originator.py,2026-07-08T15:51:07,backfill
006WR00000wkAjfYAE,Summit By The Lake,Originator__c,(null),005WR00000DE3zRYAT,2026-07-08-backfill-originator.py,2026-07-08T15:51:07,backfill
006WR00000wkAjgYAE,Lakeside Gardens,Originator__c,(null),005WR00000CXEZyYAP,2026-07-08-backfill-originator.py,2026-07-08T15:51:07,backfill
006WR00000wkAjhYAE,Lloyd's Mobile Home Park,Originator__c,(null),005WR00000CXEZyYAP,2026-07-08-backfill-originator.py,2026-07-08T15:51:07,backfill
006WR00000wkAjiYAE,Marietta Mobile Court,Originator__c,(null),005WR00000CXEZyYAP,2026-07-08-backfill-originator.py,2026-07-08T15:51:07,backfill
006WR00000wkAjjYAE,Oak Shores,Originator__c,(null),005WR00000CXEZyYAP,2026-07-08-backfill-originator.py,2026-07-08T15:51:07,backfill
006WR00000wkAjkYAE,Sunshine RV Resort MH / RV (3),Originator__c,(null),005WR00000CXEZyYAP,2026-07-08-backfill-originator.py,2026-07-08T15:51:07,backfill
006WR00000wkAjlYAE,Titusville Estates Mobile Home Community,Originator__c,(null),005WR00000CXEZyYAP,2026-07-08-backfill-originator.py,2026-07-08T15:51:07,backfill
006WR00000wkAjmYAE,Countryview Jonesboro,Originator__c,(null),005WR00000CXEZyYAP,2026-07-08-backfill-originator.py,2026-07-08T15:51:07,backfill
006WR00000wkAjnYAE,First Point,Originator__c,(null),005WR00000CXEZyYAP,2026-07-08-backfill-originator.py,2026-07-08T15:51:07,backfill
006WR00000wkAjoYAE,Cape Woods Resorts,Originator__c,(null),005WR00000CXEZyYAP,2026-07-08-backfill-originator.py,2026-07-08T15:51:07,backfill
006WR00000wkAjpYAE,Ernie's Mobile Home Park,Originator__c,(null),005WR00000CXEZyYAP,2026-07-08-backfill-originator.py,2026-07-08T15:51:07,backfill
006WR00000wkAjqYAE,Riverside Mobile Estates,Originator__c,(null),005WR00000CXEZyYAP,2026-07-08-backfill-originator.py,2026-07-08T15:51:07,backfill
006WR00000wkAjrYAE,Green Acres Mobile Home Park,Originator__c,(null),005WR00000CXEZyYAP,2026-07-08-backfill-originator.py,2026-07-08T15:51:07,backfill
006WR00000wkAjsYAE,Pleasant Acres Mobile Home Park,Originator__c,(null),005WR00000CXEZyYAP,2026-07-08-backfill-originator.py,2026-07-08T15:51:07,backfill
006WR00000wkAjtYAE,Camino Colony,Originator__c,(null),005WR00000DE3zRYAT,2026-07-08-backfill-originator.py,2026-07-08T15:51:07,backfill
006WR00000wkAjuYAE,Country Villas,Originator__c,(null),005WR00000DEU6oYAH,2026-07-08-backfill-originator.py,2026-07-08T15:51:07,backfill
006WR00000wkAjvYAE,The Villages of Monterey,Originator__c,(null),005WR00000DE3zRYAT,2026-07-08-backfill-originator.py,2026-07-08T15:51:07,backfill
006WR00000wkAjwYAE,Presidio at Rancho Del Oro,Originator__c,(null),005WR00000DE3zRYAT,2026-07-08-backfill-originator.py,2026-07-08T15:51:07,backfill
006WR00000wkAjxYAE,Mission Hills,Originator__c,(null),005WR00000DE3zRYAT,2026-07-08-backfill-originator.py,2026-07-08T15:51:07,backfill
006WR00000wkAjyYAE,Valley View,Originator__c,(null),005WR00000DE3zRYAT,2026-07-08-backfill-originator.py,2026-07-08T15:51:07,backfill
006WR00000wkAjzYAE,Ocean Breeze Senior Village,Originator__c,(null),005WR00000DE3zRYAT,2026-07-08-backfill-originator.py,2026-07-08T15:51:07,backfill
006WR00000wkAk0YAE,Windsor Aviara,Originator__c,(null),005WR00000DE3zRYAT,2026-07-08-backfill-originator.py,2026-07-08T15:51:07,backfill
006WR00000wkAk1YAE,The Bluffs at Carlsbad,Originator__c,(null),005WR00000DE3zRYAT,2026-07-08-backfill-originator.py,2026-07-08T15:51:07,backfill
006WR00000wkAk2YAE,Carlsbad Station,Originator__c,(null),005WR00000DE3zRYAT,2026-07-08-backfill-originator.py,2026-07-08T15:51:07,backfill
006WR00000wkAk3YAE,Inwood Station,Originator__c,(null),005WR00000CXIX7YAP,2026-07-08-backfill-originator.py,2026-07-08T15:51:07,backfill
006WR00000wkAk4YAE,Maple at Med Center,Originator__c,(null),005WR00000CXIX7YAP,2026-07-08-backfill-originator.py,2026-07-08T15:51:07,backfill
006WR00000wkAk5YAE,Flower Fields,Originator__c,(null),005WR00000DE3zRYAT,2026-07-08-backfill-originator.py,2026-07-08T15:51:07,backfill
006WR00000wkAk6YAE,Seagate Condominium Rentals,Originator__c,(null),005WR00000DE3zRYAT,2026-07-08-backfill-originator.py,2026-07-08T15:51:07,backfill
006WR00000wkAk7YAE,Fiori on Vitruvian Park,Originator__c,(null),005WR00000CXIX7YAP,2026-07-08-backfill-originator.py,2026-07-08T15:51:07,backfill
006WR00000wkAk8YAE,Camp Pendleton,Originator__c,(null),005WR00000DE3zRYAT,2026-07-08-backfill-originator.py,2026-07-08T15:51:07,backfill
006WR00000wkAk9YAE,Four Seasons Condominiums of Winter Park,Originator__c,(null),005WR00000CXEZyYAP,2026-07-08-backfill-originator.py,2026-07-08T15:51:07,backfill
006WR00000wkAkAYAU,Estates at Park Central,Originator__c,(null),005WR00000CXEZyYAP,2026-07-08-backfill-originator.py,2026-07-08T15:51:07,backfill
006WR00000wkAkBYAU,River Oaks Condos,Originator__c,(null),005WR00000CXIX7YAP,2026-07-08-backfill-originator.py,2026-07-08T15:51:07,backfill
006WR00000wkAkCYAU,Arbors of Central Park,Originator__c,(null),005WR00000CXIX7YAP,2026-07-08-backfill-originator.py,2026-07-08T15:51:07,backfill
006WR00000wkAkDYAU,South Side on Lamar,Originator__c,(null),005WR00000CXIX7YAP,2026-07-08-backfill-originator.py,2026-07-08T15:51:07,backfill
006WR00000wkAkEYAU,Butler Brothers Building,Originator__c,(null),005WR00000CXIX7YAP,2026-07-08-backfill-originator.py,2026-07-08T15:51:07,backfill
006WR00000wkAkFYAU,Townhomes of Bent Tree,Originator__c,(null),005WR00000CXIX7YAP,2026-07-08-backfill-originator.py,2026-07-08T15:51:07,backfill
006WR00000wkAkGYAU,Old West Manor II Homeowners Association Inc,Originator__c,(null),005WR00000DEU6oYAH,2026-07-08-backfill-originator.py,2026-07-08T15:51:07,backfill
006WR00000wkAkHYAU,Adiamo Palm Valley,Originator__c,(null),005WR00000CXEZyYAP,2026-07-08-backfill-originator.py,2026-07-08T15:51:07,backfill
006WR00000wkAkIYAU,The Mayflower Dallas,Originator__c,(null),005WR00000CXIX7YAP,2026-07-08-backfill-originator.py,2026-07-08T15:51:07,backfill
006WR00000wkAkJYAU,State Thomas Ravello,Originator__c,(null),005WR00000CXIX7YAP,2026-07-08-backfill-originator.py,2026-07-08T15:51:07,backfill
006WR00000wkAkKYAU,MAA McKinney Avenue,Originator__c,(null),005WR00000CXIX7YAP,2026-07-08-backfill-originator.py,2026-07-08T15:51:07,backfill
006WR00000wkAkLYAU,Village on the Green,Originator__c,(null),005WR00000CXIX7YAP,2026-07-08-backfill-originator.py,2026-07-08T15:51:07,backfill
006WR00000wkAkMYAU,Teak at the Branch,Originator__c,(null),005WR00000CXIX7YAP,2026-07-08-backfill-originator.py,2026-07-08T15:51:07,backfill
006WR00000wkAkNYAU,Cedar at the Branch,Originator__c,(null),005WR00000CXIX7YAP,2026-07-08-backfill-originator.py,2026-07-08T15:51:07,backfill
006WR00000wkAkOYAU,The Ash at the Branch,Originator__c,(null),005WR00000CXIX7YAP,2026-07-08-backfill-originator.py,2026-07-08T15:51:07,backfill
006WR00000wkAkPYAU,Camden Greenville,Originator__c,(null),005WR00000CXIX7YAP,2026-07-08-backfill-originator.py,2026-07-08T15:51:07,backfill
006WR00000wkAkQYAU,Villeta Apartments,Originator__c,(null),005WR00000DEU6oYAH,2026-07-08-backfill-originator.py,2026-07-08T15:51:07,backfill
006WR00000wkAkRYAU,2 Vista Vallley Apartments/LONGMORE ESTATES CONDOS NORTH & SOUTH,Originator__c,(null),005WR00000DE44HYAT,2026-07-08-backfill-originator.py,2026-07-08T15:51:07,backfill
006WR00000wkAkSYAU,Santa Fe Villas,Originator__c,(null),005WR00000DE44HYAT,2026-07-08-backfill-originator.py,2026-07-08T15:51:07,backfill
006WR00000wkAkTYAU,Fiesta Pointe,Originator__c,(null),005WR00000DE44HYAT,2026-07-08-backfill-originator.py,2026-07-08T15:51:07,backfill
006WR00000wkAkUYAU,The Cove Apartments,Originator__c,(null),005WR00000DE44HYAT,2026-07-08-backfill-originator.py,2026-07-08T15:51:07,backfill
006WR00000wkAkVYAU,Monterey Point Condominiums,Originator__c,(null),005WR00000DE44HYAT,2026-07-08-backfill-originator.py,2026-07-08T15:51:07,backfill
006WR00000wkAkWYAU,Rise Broadway (old name - Broadway Gardens Condominiums),Originator__c,(null),005WR00000DE44HYAT,2026-07-08-backfill-originator.py,2026-07-08T15:51:07,backfill
006WR00000wkAkXYAU,Alma Meadows MHC,Originator__c,(null),005WR00000DE44HYAT,2026-07-08-backfill-originator.py,2026-07-08T15:51:07,backfill
006WR00000wkAkYYAU,Alma Park Apartments,Originator__c,(null),005WR00000DE44HYAT,2026-07-08-backfill-originator.py,2026-07-08T15:51:07,backfill
006WR00000wkAkZYAU,Villas Mesa 3,Originator__c,(null),005WR00000DE44HYAT,2026-07-08-backfill-originator.py,2026-07-08T15:51:07,backfill
006WR00000wkAqzYAE,Primrose Estates,Originator__c,(null),005WR00000DE45tYAD,2026-07-08-backfill-originator.py,2026-07-08T15:51:07,backfill
006WR00000wkAr0YAE,Village Green,Originator__c,(null),005WR00000CXEZyYAP,2026-07-08-backfill-originator.py,2026-07-08T15:51:07,backfill
006WR00000wkAr1YAE,Rockcliffe Apartments,Originator__c,(null),005WR00000DE3zRYAT,2026-07-08-backfill-originator.py,2026-07-08T15:51:07,backfill
006WR00000wkAr2YAE,Midland Heights,Originator__c,(null),005WR00000DE3zRYAT,2026-07-08-backfill-originator.py,2026-07-08T15:51:07,backfill
006WR00000wkAr3YAE,Salt,Originator__c,(null),005WR00000CXEZyYAP,2026-07-08-backfill-originator.py,2026-07-08T15:51:07,backfill
006WR00000wkAr4YAE,Parkwood Terrace,Originator__c,(null),005WR00000DEU6oYAH,2026-07-08-backfill-originator.py,2026-07-08T15:51:07,backfill
006WR00000wkAr5YAE,Pinewood Estates,Originator__c,(null),005WR00000CXEZyYAP,2026-07-08-backfill-originator.py,2026-07-08T15:51:07,backfill
006WR00000wkAr6YAE,Mountain Run Apartments,Originator__c,(null),005WR00000CXEZyYAP,2026-07-08-backfill-originator.py,2026-07-08T15:51:07,backfill
006WR00000wkAr7YAE,Windsong Apartments,Originator__c,(null),005WR00000CXEZyYAP,2026-07-08-backfill-originator.py,2026-07-08T15:51:07,backfill
006WR00000wkAr8YAE,Ascent Apartments,Originator__c,(null),005WR00000CXEZyYAP,2026-07-08-backfill-originator.py,2026-07-08T15:51:07,backfill
006WR00000wkAr9YAE,Stone Oaks Apartments,Originator__c,(null),005WR00000DE44HYAT,2026-07-08-backfill-originator.py,2026-07-08T15:51:07,backfill
006WR00000wkArAYAU,Milo at Mountain Park,Originator__c,(null),005WR00000DE3zRYAT,2026-07-08-backfill-originator.py,2026-07-08T15:51:07,backfill
006WR00000wkArBYAU,Lamplighter Estates,Originator__c,(null),005WR00000CXEZyYAP,2026-07-08-backfill-originator.py,2026-07-08T15:51:07,backfill
006WR00000wkArCYAU,Maddox Apartments,Originator__c,(null),005WR00000CXEZyYAP,2026-07-08-backfill-originator.py,2026-07-08T15:51:07,backfill
006WR00000wkArDYAU,Harbor Steps [LOST],Originator__c,(null),005WR00000DE3zRYAT,2026-07-08-backfill-originator.py,2026-07-08T15:51:07,backfill
006WR00000wkArEYAU,River Walk Apartments,Originator__c,(null),005WR00000CXEZyYAP,2026-07-08-backfill-originator.py,2026-07-08T15:51:07,backfill
006WR00000wkArFYAU,River10 Apartments,Originator__c,(null),005WR00000CXEZyYAP,2026-07-08-backfill-originator.py,2026-07-08T15:51:07,backfill
006WR00000wkArGYAU,Eden West,Originator__c,(null),005WR00000DEU6oYAH,2026-07-08-backfill-originator.py,2026-07-08T15:51:07,backfill
006WR00000wkArHYAU,Rya Suites,Originator__c,(null),005WR00000CXEZyYAP,2026-07-08-backfill-originator.py,2026-07-08T15:51:07,backfill
006WR00000wkArIYAU,Westchester Square,Originator__c,(null),005WR00000CXEZyYAP,2026-07-08-backfill-originator.py,2026-07-08T15:51:07,backfill
006WR00000wkArJYAU,Riverview Highlands,Originator__c,(null),005WR00000CXEZyYAP,2026-07-08-backfill-originator.py,2026-07-08T15:51:07,backfill
006WR00000wkArKYAU,Lawrence Lofts,Originator__c,(null),005WR00000CXEZyYAP,2026-07-08-backfill-originator.py,2026-07-08T15:51:07,backfill
006WR00000wkArLYAU,Vivace at Gateway Place,Originator__c,(null),005WR00000DE44HYAT,2026-07-08-backfill-originator.py,2026-07-08T15:51:07,backfill
006WR00000wkArMYAU,Madison Crossing,Originator__c,(null),005WR00000CXEZyYAP,2026-07-08-backfill-originator.py,2026-07-08T15:51:07,backfill
006WR00000wkArNYAU,The Vue at Spring Creek,Originator__c,(null),005WR00000CXEZyYAP,2026-07-08-backfill-originator.py,2026-07-08T15:51:07,backfill
006WR00000wkArOYAU,Shannon South AVE5,Originator__c,(null),005WR00000DE3zRYAT,2026-07-08-backfill-originator.py,2026-07-08T15:51:07,backfill
006WR00000wkArPYAU,Phillipi Plaza,Originator__c,(null),005WR00000DE3zRYAT,2026-07-08-backfill-originator.py,2026-07-08T15:51:07,backfill
006WR00000wkArQYAU,Burnsville Parkway Apartments,Originator__c,(null),005WR00000CXEZyYAP,2026-07-08-backfill-originator.py,2026-07-08T15:51:07,backfill
006WR00000wkArRYAU,Hamline Pointe [LOST],Originator__c,(null),005WR00000CXEZyYAP,2026-07-08-backfill-originator.py,2026-07-08T15:51:07,backfill
006WR00000wkArSYAU,Peppermill Lofts,Originator__c,(null),005WR00000CXEZyYAP,2026-07-08-backfill-originator.py,2026-07-08T15:51:07,backfill
006WR00000wkArTYAU,Reserve at Metolius [LOST],Originator__c,(null),005WR00000DE3zRYAT,2026-07-08-backfill-originator.py,2026-07-08T15:51:07,backfill
006WR00000wkArUYAU,Maple Park,Originator__c,(null),005WR00000CXEZyYAP,2026-07-08-backfill-originator.py,2026-07-08T15:51:07,backfill
006WR00000wkArVYAU,Skywater at Town Lake,Originator__c,(null),005WR00000CXEZyYAP,2026-07-08-backfill-originator.py,2026-07-08T15:51:07,backfill
006WR00000wkArWYAU,Woodland West,Originator__c,(null),005WR00000CXEZyYAP,2026-07-08-backfill-originator.py,2026-07-08T15:51:07,backfill
006WR00000wkArXYAU,Cascade Apartments,Originator__c,(null),005WR00000DE3zRYAT,2026-07-08-backfill-originator.py,2026-07-08T15:51:07,backfill
006WR00000wkArYYAU,Colonial Village,Originator__c,(null),005WR00000CXEZyYAP,2026-07-08-backfill-originator.py,2026-07-08T15:51:07,backfill
006WR00000wkArZYAU,Brookside Condos,Originator__c,(null),005WR00000DE3zRYAT,2026-07-08-backfill-originator.py,2026-07-08T15:51:07,backfill
006WR00000wkAraYAE,Jefferson West,Originator__c,(null),005WR00000DE3zRYAT,2026-07-08-backfill-originator.py,2026-07-08T15:51:07,backfill
006WR00000wkArbYAE,Greenhouse Apartments,Originator__c,(null),005WR00000DE3zRYAT,2026-07-08-backfill-originator.py,2026-07-08T15:51:07,backfill
006WR00000wkArcYAE,Audenn Apartments,Originator__c,(null),005WR00000CXEZyYAP,2026-07-08-backfill-originator.py,2026-07-08T15:51:07,backfill
006WR00000wkArdYAE,Shoreview Grand Apartments,Originator__c,(null),005WR00000CXEZyYAP,2026-07-08-backfill-originator.py,2026-07-08T15:51:07,backfill
006WR00000wkAreYAE,Saddlebrook Apartments,Originator__c,(null),005WR00000DE3zRYAT,2026-07-08-backfill-originator.py,2026-07-08T15:51:07,backfill
006WR00000wkArfYAE,Jasper Apartments,Originator__c,(null),005WR00000CXEZyYAP,2026-07-08-backfill-originator.py,2026-07-08T15:51:07,backfill
006WR00000wkArgYAE,Arioso Apartments,Originator__c,(null),005WR00000CXEZyYAP,2026-07-08-backfill-originator.py,2026-07-08T15:51:07,backfill
006WR00000wkArhYAE,Perry & Rio Salado,Originator__c,(null),005WR00000CXEZyYAP,2026-07-08-backfill-originator.py,2026-07-08T15:51:07,backfill
006WR00000wkAriYAE,High Pointe,Originator__c,(null),005WR00000CXEZyYAP,2026-07-08-backfill-originator.py,2026-07-08T15:51:07,backfill
006WR00000wkArjYAE,Symphony,Originator__c,(null),005WR00000DE44HYAT,2026-07-08-backfill-originator.py,2026-07-08T15:51:07,backfill
006WR00000wkArkYAE,Pines at Marston Lake,Originator__c,(null),005WR00000DE3zRYAT,2026-07-08-backfill-originator.py,2026-07-08T15:51:07,backfill
006WR00000wkArlYAE,Ingersoll Towers,Originator__c,(null),005WR00000CXEZyYAP,2026-07-08-backfill-originator.py,2026-07-08T15:51:07,backfill
006WR00000wkArmYAE,Plaza Manor,Originator__c,(null),005WR00000CXEZyYAP,2026-07-08-backfill-originator.py,2026-07-08T15:51:07,backfill
006WR00000wkArnYAE,Mansions at Jordan Creek,Originator__c,(null),005WR00000CXEZyYAP,2026-07-08-backfill-originator.py,2026-07-08T15:51:07,backfill
006WR00000wkAroYAE,Crescent Chase,Originator__c,(null),005WR00000CXEZyYAP,2026-07-08-backfill-originator.py,2026-07-08T15:51:07,backfill
006WR00000wkArpYAE,Sugar Pine,Originator__c,(null),005WR00000DE3zRYAT,2026-07-08-backfill-originator.py,2026-07-08T15:51:07,backfill
006WR00000wkArqYAE,Alterra Apartments,Originator__c,(null),005WR00000DE45tYAD,2026-07-08-backfill-originator.py,2026-07-08T15:51:07,backfill
006WR00000wkArrYAE,Astoria Senior Living,Originator__c,(null),005WR00000DEU6oYAH,2026-07-08-backfill-originator.py,2026-07-08T15:51:07,backfill
006WR00000wkArsYAE,Castlebrook Condos,Originator__c,(null),005WR00000DE3zRYAT,2026-07-08-backfill-originator.py,2026-07-08T15:51:07,backfill
006WR00000wkArtYAE,Bridlewood Apartments,Originator__c,(null),005WR00000DE3zRYAT,2026-07-08-backfill-originator.py,2026-07-08T15:51:07,backfill
006WR00000wkAruYAE,The Village at Westchester,Originator__c,(null),005WR00000CXEZyYAP,2026-07-08-backfill-originator.py,2026-07-08T15:51:07,backfill
006WR00000wkArvYAE,Sherwood Glen,Originator__c,(null),005WR00000CXEZyYAP,2026-07-08-backfill-originator.py,2026-07-08T15:51:07,backfill
006WR00000wkArwYAE,Palm Terrace,Originator__c,(null),005WR00000DE44HYAT,2026-07-08-backfill-originator.py,2026-07-08T15:51:07,backfill
006WR00000wkArxYAE,The Towers Apartments,Originator__c,(null),005WR00000CXEZyYAP,2026-07-08-backfill-originator.py,2026-07-08T15:51:07,backfill
006WR00000wkAryYAE,Verve,Originator__c,(null),005WR00000CXEZyYAP,2026-07-08-backfill-originator.py,2026-07-08T15:51:07,backfill
006WR00000wkArzYAE,Wellington Apartments,Originator__c,(null),005WR00000CXEZyYAP,2026-07-08-backfill-originator.py,2026-07-08T15:51:07,backfill
006WR00000wkAs0YAE,Deer Creek,Originator__c,(null),005WR00000DE3zRYAT,2026-07-08-backfill-originator.py,2026-07-08T15:51:07,backfill
006WR00000wkAs1YAE,Selway Apartments,Originator__c,(null),005WR00000DE3zRYAT,2026-07-08-backfill-originator.py,2026-07-08T15:51:07,backfill
006WR00000wkAs2YAE,Washington Manor,Originator__c,(null),005WR00000CXEZyYAP,2026-07-08-backfill-originator.py,2026-07-08T15:51:07,backfill
006WR00000wkAs3YAE,Tropicana Villas,Originator__c,(null),005WR00000DE3zRYAT,2026-07-08-backfill-originator.py,2026-07-08T15:51:07,backfill
006WR00000wkAs4YAE,San Palmas,Originator__c,(null),005WR00000DE44HYAT,2026-07-08-backfill-originator.py,2026-07-08T15:51:07,backfill
006WR00000wkAs5YAE,Seattle Heights,Originator__c,(null),005WR00000DE3zRYAT,2026-07-08-backfill-originator.py,2026-07-08T15:51:07,backfill
006WR00000wkAs6YAE,The Cassidy at Western Hills,Originator__c,(null),005WR00000CXIX7YAP,2026-07-08-backfill-originator.py,2026-07-08T15:51:07,backfill
006WR00000wkAs7YAE,Canterbury at Riverwalk,Originator__c,(null),005WR00000DE3zRYAT,2026-07-08-backfill-originator.py,2026-07-08T15:51:07,backfill
006WR00000wkAs8YAE,CW Moore Apartments,Originator__c,(null),005WR00000CXIX7YAP,2026-07-08-backfill-originator.py,2026-07-08T15:51:07,backfill
006WR00000wkAs9YAE,Westerley,Originator__c,(null),005WR00000CXIX7YAP,2026-07-08-backfill-originator.py,2026-07-08T15:51:07,backfill
006WR00000wkAsAYAU,Bellaire Ranch Apartments,Originator__c,(null),005WR00000CXEZyYAP,2026-07-08-backfill-originator.py,2026-07-08T15:51:07,backfill
006WR00000wkAsBYAU,Trails at San Tan,Originator__c,(null),005WR00000DE44HYAT,2026-07-08-backfill-originator.py,2026-07-08T15:51:07,backfill
006WR00000wkAsCYAU,Alcove at the Islands,Originator__c,(null),005WR00000DE45tYAD,2026-07-08-backfill-originator.py,2026-07-08T15:51:07,backfill
006WR00000wkAsDYAU,Stillwater Rivulon,Originator__c,(null),005WR00000DE44HYAT,2026-07-08-backfill-originator.py,2026-07-08T15:51:07,backfill
006WR00000wkAsEYAU,West Sixth Tempe,Originator__c,(null),005WR00000CXEZyYAP,2026-07-08-backfill-originator.py,2026-07-08T15:51:07,backfill
006WR00000wkAsFYAU,Novus 3G,Originator__c,(null),005WR00000CXEZyYAP,2026-07-08-backfill-originator.py,2026-07-08T15:51:07,backfill
006WR00000wkAsGYAU,Studio 710,Originator__c,(null),005WR00000CXEZyYAP,2026-07-08-backfill-originator.py,2026-07-08T15:51:07,backfill
006WR00000wkAsHYAU,Town Chandler,Originator__c,(null),005WR00000DE44HYAT,2026-07-08-backfill-originator.py,2026-07-08T15:51:07,backfill
006WR00000wkAsIYAU,The Reserve at Gilbert Towne Center,Originator__c,(null),005WR00000DE44HYAT,2026-07-08-backfill-originator.py,2026-07-08T15:51:07,backfill
006WR00000wkAsJYAU,Espiral Apartments,Originator__c,(null),005WR00000DE44HYAT,2026-07-08-backfill-originator.py,2026-07-08T15:51:07,backfill
006WR00000wkAsKYAU,The Gilmore,Originator__c,(null),005WR00000DE44HYAT,2026-07-08-backfill-originator.py,2026-07-08T15:51:07,backfill
006WR00000wkAsLYAU,Tempe Station,Originator__c,(null),005WR00000CXEZyYAP,2026-07-08-backfill-originator.py,2026-07-08T15:51:07,backfill
006WR00000wkAsMYAU,Verena at Gilbert,Originator__c,(null),005WR00000DE44HYAT,2026-07-08-backfill-originator.py,2026-07-08T15:51:07,backfill
006WR00000wkAsNYAU,Dobson Towne Centre Apartments,Originator__c,(null),005WR00000DE44HYAT,2026-07-08-backfill-originator.py,2026-07-08T15:51:07,backfill
006WR00000wkAsOYAU,Tuscany at Gabriella Pointe,Originator__c,(null),005WR00000DE44HYAT,2026-07-08-backfill-originator.py,2026-07-08T15:51:07,backfill
006WR00000wkAsPYAU,Skyview,Originator__c,(null),005WR00000CXEZyYAP,2026-07-08-backfill-originator.py,2026-07-08T15:51:07,backfill
006WR00000wkAsQYAU,The Alyssa,Originator__c,(null),005WR00000CXEZyYAP,2026-07-08-backfill-originator.py,2026-07-08T15:51:07,backfill
006WR00000wkAsRYAU,Trevi,Originator__c,(null),005WR00000DE44HYAT,2026-07-08-backfill-originator.py,2026-07-08T15:51:07,backfill
006WR00000wkAsSYAU,La Vida Del Mar [Assisted Living],Originator__c,(null),005WR00000DEU6oYAH,2026-07-08-backfill-originator.py,2026-07-08T15:51:07,backfill
006WR00000wkAsTYAU,Vue Nineteen 01,Originator__c,(null),005WR00000CXEZyYAP,2026-07-08-backfill-originator.py,2026-07-08T15:51:07,backfill
006WR00000wkAsUYAU,Nollie,Originator__c,(null),005WR00000CXEZyYAP,2026-07-08-backfill-originator.py,2026-07-08T15:51:07,backfill
006WR00000wkAsVYAU,The Local,Originator__c,(null),005WR00000CXEZyYAP,2026-07-08-backfill-originator.py,2026-07-08T15:51:07,backfill
006WR00000wkAsWYAU,Paseo on University,Originator__c,(null),005WR00000CXEZyYAP,2026-07-08-backfill-originator.py,2026-07-08T15:51:07,backfill
006WR00000wkAsXYAU,Trovita Rio,Originator__c,(null),005WR00000CXEZyYAP,2026-07-08-backfill-originator.py,2026-07-08T15:51:07,backfill
006WR00000wkAsYYAU,Nexa Apartments,Originator__c,(null),005WR00000CXEZyYAP,2026-07-08-backfill-originator.py,2026-07-08T15:51:07,backfill
006WR00000wkAsZYAU,Skye at McClintock Station,Originator__c,(null),005WR00000CXEZyYAP,2026-07-08-backfill-originator.py,2026-07-08T15:51:07,backfill
006WR00000wkAsaYAE,San Cervantes,Originator__c,(null),005WR00000DE44HYAT,2026-07-08-backfill-originator.py,2026-07-08T15:51:07,backfill
006WR00000wkAsbYAE,The Cameron,Originator__c,(null),005WR00000CXEZyYAP,2026-07-08-backfill-originator.py,2026-07-08T15:51:07,backfill
006WR00000wkAscYAE,The Curve at Gilbert,Originator__c,(null),005WR00000DE44HYAT,2026-07-08-backfill-originator.py,2026-07-08T15:51:07,backfill
006WR00000wkAsdYAE,Pier 202,Originator__c,(null),005WR00000CXEZyYAP,2026-07-08-backfill-originator.py,2026-07-08T15:51:07,backfill
006WR00000wkAseYAE,The Hyve,Originator__c,(null),005WR00000CXEZyYAP,2026-07-08-backfill-originator.py,2026-07-08T15:51:07,backfill
006WR00000wkAsfYAE,Vista Way Village,Originator__c,(null),005WR00000DE3zRYAT,2026-07-08-backfill-originator.py,2026-07-08T15:51:07,backfill
006WR00000wkAsgYAE,The Aubrey,Originator__c,(null),005WR00000CXEZyYAP,2026-07-08-backfill-originator.py,2026-07-08T15:51:07,backfill
006WR00000wkAshYAE,Soltra at SanTan Village,Originator__c,(null),005WR00000DE44HYAT,2026-07-08-backfill-originator.py,2026-07-08T15:51:07,backfill
006WR00000wkAsiYAE,The Higley,Originator__c,(null),005WR00000DE44HYAT,2026-07-08-backfill-originator.py,2026-07-08T15:51:07,backfill
006WR00000wkBFBYA2,Connect at First Creek,Originator__c,(null),005WR00000CXEZyYAP,2026-07-08-backfill-originator.py,2026-07-08T15:51:07,backfill
006WR00000wkBFCYA2,Delphi Falls,Originator__c,(null),005WR00000CXEZyYAP,2026-07-08-backfill-originator.py,2026-07-08T15:51:07,backfill
006WR00000wkBFDYA2,Bay Country MHP,Originator__c,(null),005WR00000CXEZyYAP,2026-07-08-backfill-originator.py,2026-07-08T15:51:07,backfill
006WR00000wkBFEYA2,Grove City MHP,Originator__c,(null),005WR00000CXEZyYAP,2026-07-08-backfill-originator.py,2026-07-08T15:51:07,backfill
006WR00000wkBFFYA2,Luxor MHP,Originator__c,(null),005WR00000CXEZyYAP,2026-07-08-backfill-originator.py,2026-07-08T15:51:07,backfill
006WR00000wkBFGYA2,Hannibal Estates,Originator__c,(null),005WR00000CXEZyYAP,2026-07-08-backfill-originator.py,2026-07-08T15:51:07,backfill
006WR00000wkBFHYA2,Dover Bridge Park,Originator__c,(null),005WR00000CXEZyYAP,2026-07-08-backfill-originator.py,2026-07-08T15:51:07,backfill
006WR00000wkBFIYA2,Echo Ridge at North Hills,Originator__c,(null),005WR00000CXEZyYAP,2026-07-08-backfill-originator.py,2026-07-08T15:51:07,backfill
006WR00000wkBFJYA2,Sunny Creek Estates,Originator__c,(null),005WR00000CXEZyYAP,2026-07-08-backfill-originator.py,2026-07-08T15:51:07,backfill
006WR00000wkBFKYA2,White Pines,Originator__c,(null),005WR00000CXEZyYAP,2026-07-08-backfill-originator.py,2026-07-08T15:51:07,backfill
006WR00000wkBFLYA2,Pine Valley Estates,Originator__c,(null),005WR00000CXEZyYAP,2026-07-08-backfill-originator.py,2026-07-08T15:51:07,backfill
006WR00000wkBFMYA2,Pinehurst Manor,Originator__c,(null),005WR00000CXEZyYAP,2026-07-08-backfill-originator.py,2026-07-08T15:51:07,backfill
006WR00000wkBFNYA2,Winstead MHP,Originator__c,(null),005WR00000CXEZyYAP,2026-07-08-backfill-originator.py,2026-07-08T15:51:07,backfill
006WR00000wkBFOYA2,Roberts MHC,Originator__c,(null),005WR00000CXEZyYAP,2026-07-08-backfill-originator.py,2026-07-08T15:51:07,backfill
006WR00000wkBFPYA2,Suburban Acres,Originator__c,(null),005WR00000CXEZyYAP,2026-07-08-backfill-originator.py,2026-07-08T15:51:07,backfill
006WR00000wkBFQYA2,The Oaks(Asset E),Originator__c,(null),005WR00000CXEZyYAP,2026-07-08-backfill-originator.py,2026-07-08T15:51:07,backfill
006WR00000wkBFRYA2,Perry MHC,Originator__c,(null),005WR00000CXEZyYAP,2026-07-08-backfill-originator.py,2026-07-08T15:51:07,backfill
006WR00000wkBFSYA2,Oak Hills,Originator__c,(null),005WR00000CXEZyYAP,2026-07-08-backfill-originator.py,2026-07-08T15:51:07,backfill
006WR00000wkBFTYA2,The Station Apartments,Originator__c,(null),005WR00000CXEZyYAP,2026-07-08-backfill-originator.py,2026-07-08T15:51:07,backfill
006WR00000wkBFUYA2,Osito Ridge,Originator__c,(null),005WR00000CXEZyYAP,2026-07-08-backfill-originator.py,2026-07-08T15:51:07,backfill
006WR00000wkBFVYA2,Western Estates,Originator__c,(null),005WR00000CXEZyYAP,2026-07-08-backfill-originator.py,2026-07-08T15:51:07,backfill
006WR00000wkBFWYA2,Buckeye Lake MHP,Originator__c,(null),005WR00000CXEZyYAP,2026-07-08-backfill-originator.py,2026-07-08T15:51:07,backfill
006WR00000wkBFXYA2,Bernie's MHP,Originator__c,(null),005WR00000CXEZyYAP,2026-07-08-backfill-originator.py,2026-07-08T15:51:07,backfill
006WR00000wkBFYYA2,Baxters,Originator__c,(null),005WR00000CXEZyYAP,2026-07-08-backfill-originator.py,2026-07-08T15:51:07,backfill
006WR00000wkBFZYA2,Deerwood MHC,Originator__c,(null),005WR00000CXEZyYAP,2026-07-08-backfill-originator.py,2026-07-08T15:51:07,backfill
006WR00000wkBFaYAM,Long Meadow MHP,Originator__c,(null),005WR00000CXEZyYAP,2026-07-08-backfill-originator.py,2026-07-08T15:51:07,backfill
006WR00000wkBFbYAM,HC - Flanders MHP,Originator__c,(null),005WR00000CXEZyYAP,2026-07-08-backfill-originator.py,2026-07-08T15:51:07,backfill
006WR00000wkBFcYAM,Easy Living Community,Originator__c,(null),005WR00000CXEZyYAP,2026-07-08-backfill-originator.py,2026-07-08T15:51:07,backfill
006WR00000wkBFdYAM,Jones Estates Greentree OH LLC,Originator__c,(null),005WR00000CXEZyYAP,2026-07-08-backfill-originator.py,2026-07-08T15:51:07,backfill
006WR00000wkBFeYAM,Jones Estates Miamisport IN LLC,Originator__c,(null),005WR00000CXEZyYAP,2026-07-08-backfill-originator.py,2026-07-08T15:51:07,backfill
006WR00000wkBFfYAM,Green Hill,Originator__c,(null),005WR00000CXEZyYAP,2026-07-08-backfill-originator.py,2026-07-08T15:51:07,backfill
006WR00000wkBFgYAM,Mill Road Estates,Originator__c,(null),005WR00000CXEZyYAP,2026-07-08-backfill-originator.py,2026-07-08T15:51:07,backfill
006WR00000wkBFhYAM,Lake Shore Court (Part of Buckeye Lake MHP above),Originator__c,(null),005WR00000CXEZyYAP,2026-07-08-backfill-originator.py,2026-07-08T15:51:07,backfill
006WR00000wkBFiYAM,Glen Lake MHP,Originator__c,(null),005WR00000CXEZyYAP,2026-07-08-backfill-originator.py,2026-07-08T15:51:07,backfill
006WR00000wkBFjYAM,Franklin Village,Originator__c,(null),005WR00000CXEZyYAP,2026-07-08-backfill-originator.py,2026-07-08T15:51:07,backfill
006WR00000wkBFkYAM,Mill 8,Originator__c,(null),005WR00000CXEZyYAP,2026-07-08-backfill-originator.py,2026-07-08T15:51:07,backfill
006WR00000wkBFlYAM,Valley View (Asset E),Originator__c,(null),005WR00000CXEZyYAP,2026-07-08-backfill-originator.py,2026-07-08T15:51:07,backfill
006WR00000wkBFmYAM,Skyview Terrace,Originator__c,(null),005WR00000CXEZyYAP,2026-07-08-backfill-originator.py,2026-07-08T15:51:07,backfill
006WR00000wkBFnYAM,The Pines,Originator__c,(null),005WR00000CXEZyYAP,2026-07-08-backfill-originator.py,2026-07-08T15:51:07,backfill
006WR00000wkBFoYAM,Princeton Village,Originator__c,(null),005WR00000CXEZyYAP,2026-07-08-backfill-originator.py,2026-07-08T15:51:07,backfill
006WR00000wkBFpYAM,Waterside (fka Staton MHP),Originator__c,(null),005WR00000CXEZyYAP,2026-07-08-backfill-originator.py,2026-07-08T15:51:07,backfill
006WR00000wkBFqYAM,Tropicana MHP,Originator__c,(null),005WR00000CXEZyYAP,2026-07-08-backfill-originator.py,2026-07-08T15:51:07,backfill
006WR00000wkBFrYAM,Salamonie Estates,Originator__c,(null),005WR00000CXEZyYAP,2026-07-08-backfill-originator.py,2026-07-08T15:51:07,backfill
006WR00000wkBFsYAM,Osage,Originator__c,(null),005WR00000CXEZyYAP,2026-07-08-backfill-originator.py,2026-07-08T15:51:07,backfill
006WR00000wkBFtYAM,58 Space Garden Spot Mobile Home Park,Originator__c,(null),005WR00000DE44HYAT,2026-07-08-backfill-originator.py,2026-07-08T15:51:07,backfill
006WR00000wkBFuYAM,Copper Springs Retirement Community,Originator__c,(null),005WR00000DE44HYAT,2026-07-08-backfill-originator.py,2026-07-08T15:51:07,backfill
006WR00000wkBFvYAM,Country Club Heights Condominiums,Originator__c,(null),005WR00000DE44HYAT,2026-07-08-backfill-originator.py,2026-07-08T15:51:07,backfill
006WR00000wkBFwYAM,American Groves,Originator__c,(null),005WR00000DE44HYAT,2026-07-08-backfill-originator.py,2026-07-08T15:51:07,backfill
006WR00000wkBFxYAM,Culdesac Tempe,Originator__c,(null),005WR00000CXEZyYAP,2026-07-08-backfill-originator.py,2026-07-08T15:51:07,backfill
006WR00000wkBFyYAM,Holiday Palms Active 55+ Community(MHP),Originator__c,(null),005WR00000DE44HYAT,2026-07-08-backfill-originator.py,2026-07-08T15:51:07,backfill
006WR00000wkBFzYAM,Legacy on Main II,Originator__c,(null),005WR00000DE44HYAT,2026-07-08-backfill-originator.py,2026-07-08T15:51:07,backfill
006WR00000wkBG0YAM,Escobedo at Verde Vista,Originator__c,(null),005WR00000DE44HYAT,2026-07-08-backfill-originator.py,2026-07-08T15:51:07,backfill
006WR00000wkBG1YAM,Parkhaven Estates & RV Resort (MHP),Originator__c,(null),005WR00000DE44HYAT,2026-07-08-backfill-originator.py,2026-07-08T15:51:07,backfill
006WR00000wkBG2YAM,Vivo Living Mesa,Originator__c,(null),005WR00000DE44HYAT,2026-07-08-backfill-originator.py,2026-07-08T15:51:07,backfill
006WR00000wkBG3YAM,NOVEL Val Vista,Originator__c,(null),005WR00000DE44HYAT,2026-07-08-backfill-originator.py,2026-07-08T15:51:07,backfill
006WR00000wkBG4YAM,Westmount at Downtown Tempe,Originator__c,(null),005WR00000CXEZyYAP,2026-07-08-backfill-originator.py,2026-07-08T15:51:07,backfill
006WR00000wkBG5YAM,1st Avenue Apartments (Old Name - Southwest Villa),Originator__c,(null),005WR0000030R1hYAE,2026-07-08-backfill-originator.py,2026-07-08T15:51:07,backfill
006WR00000wkBG6YAM,Villas on Ash,Originator__c,(null),005WR00000DE44HYAT,2026-07-08-backfill-originator.py,2026-07-08T15:51:07,backfill
006WR00000wkBG7YAM,Gilbert Greens,Originator__c,(null),005WR00000DE44HYAT,2026-07-08-backfill-originator.py,2026-07-08T15:51:07,backfill
006WR00000wkBG8YAM,Atlas Mesa,Originator__c,(null),005WR00000DE44HYAT,2026-07-08-backfill-originator.py,2026-07-08T15:51:07,backfill
006WR00000wkBG9YAM,201 S Crismon Rd (MHP),Originator__c,(null),005WR00000DE44HYAT,2026-07-08-backfill-originator.py,2026-07-08T15:51:07,backfill
006WR00000wkBGAYA2,Asteria Apartment Homes,Originator__c,(null),005WR00000CXEZyYAP,2026-07-08-backfill-originator.py,2026-07-08T15:51:07,backfill
006WR00000wkBGBYA2,Aura Watermark,Originator__c,(null),005WR00000CXEZyYAP,2026-07-08-backfill-originator.py,2026-07-08T15:51:07,backfill
006WR00000wkBGCYA2,Avana Coronado,Originator__c,(null),005WR00000DE44HYAT,2026-07-08-backfill-originator.py,2026-07-08T15:51:07,backfill
006WR00000wkBGDYA2,Arches at Hidden Creek,Originator__c,(null),005WR00000DE44HYAT,2026-07-08-backfill-originator.py,2026-07-08T15:51:07,backfill
006WR00000wkBGEYA2,Borrego at Spectrum,Originator__c,(null),005WR00000DE44HYAT,2026-07-08-backfill-originator.py,2026-07-08T15:51:07,backfill
006WR00000wkBGFYA2,BB Living at Higley Park,Originator__c,(null),005WR00000DE44HYAT,2026-07-08-backfill-originator.py,2026-07-08T15:51:07,backfill
006WR00000wkBGGYA2,Avanterra Town Square,Originator__c,(null),005WR00000DE44HYAT,2026-07-08-backfill-originator.py,2026-07-08T15:51:07,backfill
006WR00000wkBGHYA2,Metro on Main,Originator__c,(null),005WR00000DE44HYAT,2026-07-08-backfill-originator.py,2026-07-08T15:51:07,backfill
006WR00000wkBGIYA2,IMT Riverview,Originator__c,(null),005WR00000DE44HYAT,2026-07-08-backfill-originator.py,2026-07-08T15:51:07,backfill
006WR00000wkBGJYA2,MAA City Gate,Originator__c,(null),005WR00000DE44HYAT,2026-07-08-backfill-originator.py,2026-07-08T15:51:07,backfill
006WR00000wkBGKYA2,Inspira Gateway,Originator__c,(null),005WR00000DE44HYAT,2026-07-08-backfill-originator.py,2026-07-08T15:51:07,backfill
006WR00000wkBGLYA2,Moxie,Originator__c,(null),005WR00000DE44HYAT,2026-07-08-backfill-originator.py,2026-07-08T15:51:07,backfill
006WR00000wkBGMYA2,Elevation San Tan,Originator__c,(null),005WR00000DE44HYAT,2026-07-08-backfill-originator.py,2026-07-08T15:51:07,backfill
006WR00000wkBGNYA2,Lakeside,Originator__c,(null),005WR00000DE44HYAT,2026-07-08-backfill-originator.py,2026-07-08T15:51:07,backfill
006WR00000wkBGOYA2,Gateway at Cooley Station,Originator__c,(null),005WR00000DE44HYAT,2026-07-08-backfill-originator.py,2026-07-08T15:51:07,backfill
006WR00000wkBGPYA2,Vantage Point Apartments,Originator__c,(null),005WR00000DE44HYAT,2026-07-08-backfill-originator.py,2026-07-08T15:51:07,backfill
006WR00000wkBGQYA2,Vistara at SanTan Village,Originator__c,(null),005WR00000DE44HYAT,2026-07-08-backfill-originator.py,2026-07-08T15:51:07,backfill
006WR00000wkBGRYA2,Redstone at SanTan Village,Originator__c,(null),005WR00000DE44HYAT,2026-07-08-backfill-originator.py,2026-07-08T15:51:07,backfill
006WR00000wkBGSYA2,Sierra Estates (MHP),Originator__c,(null),005WR00000DE44HYAT,2026-07-08-backfill-originator.py,2026-07-08T15:51:07,backfill
006WR00000wkBGTYA2,Trax at Cooley Station,Originator__c,(null),005WR00000DE44HYAT,2026-07-08-backfill-originator.py,2026-07-08T15:51:07,backfill
006WR00000wkBGUYA2,San Villante,Originator__c,(null),005WR00000DE44HYAT,2026-07-08-backfill-originator.py,2026-07-08T15:51:07,backfill
006WR00000wkBGVYA2,The District Lofts,Originator__c,(null),005WR00000DE44HYAT,2026-07-08-backfill-originator.py,2026-07-08T15:51:07,backfill
006WR00000wkBGWYA2,Serena Shores,Originator__c,(null),005WR00000DE44HYAT,2026-07-08-backfill-originator.py,2026-07-08T15:51:07,backfill
006WR00000wkBGXYA2,Station21,Originator__c,(null),005WR00000DE44HYAT,2026-07-08-backfill-originator.py,2026-07-08T15:51:07,backfill
006WR00000wkBGYYA2,Olive Apartments,Originator__c,(null),005WR00000DE44HYAT,2026-07-08-backfill-originator.py,2026-07-08T15:51:07,backfill
006WR00000wkBGZYA2,The Julia,Originator__c,(null),005WR00000DE44HYAT,2026-07-08-backfill-originator.py,2026-07-08T15:51:07,backfill
006WR00000wkBGaYAM,Metro at Downtown Mesa,Originator__c,(null),005WR00000DE44HYAT,2026-07-08-backfill-originator.py,2026-07-08T15:51:07,backfill
006WR00000wkBGbYAM,6th St & South Rural Rd,Originator__c,(null),005WR00000CXEZyYAP,2026-07-08-backfill-originator.py,2026-07-08T15:51:07,backfill
006WR00000wkBGcYAM,211 E 7th St,Originator__c,(null),005WR00000CXEZyYAP,2026-07-08-backfill-originator.py,2026-07-08T15:51:07,backfill
006WR00000wkBGdYAM,Aura Apache,Originator__c,(null),005WR00000CXEZyYAP,2026-07-08-backfill-originator.py,2026-07-08T15:51:07,backfill
006WR00000wkBGeYAM,Highlands At Spectrum,Originator__c,(null),005WR00000DE44HYAT,2026-07-08-backfill-originator.py,2026-07-08T15:51:07,backfill
006WR00000wkBGfYAM,Icon at Cooley Station,Originator__c,(null),005WR00000DE44HYAT,2026-07-08-backfill-originator.py,2026-07-08T15:51:07,backfill
006WR00000wkBGgYAM,Legacy on Main,Originator__c,(null),005WR00000DE44HYAT,2026-07-08-backfill-originator.py,2026-07-08T15:51:07,backfill
006WR00000wkBGhYAM,SanTan by Baron,Originator__c,(null),005WR00000DE44HYAT,2026-07-08-backfill-originator.py,2026-07-08T15:51:07,backfill
006WR00000wkBGiYAM,Town Commons,Originator__c,(null),005WR00000DE44HYAT,2026-07-08-backfill-originator.py,2026-07-08T15:51:07,backfill
006WR00000wkBGjYAM,Valle Del Oro (MHP),Originator__c,(null),005WR00000DE44HYAT,2026-07-08-backfill-originator.py,2026-07-08T15:51:07,backfill
006WR00000wkBGkYAM,The Tyler,Originator__c,(null),005WR00000DE44HYAT,2026-07-08-backfill-originator.py,2026-07-08T15:51:07,backfill
006WR00000wkBGlYAM,X-b Trailer Ranch-107 Spaces (MHP),Originator__c,(null),005WR00000DE44HYAT,2026-07-08-backfill-originator.py,2026-07-08T15:51:07,backfill
006WR00000wkBGmYAM,San Privada,Originator__c,(null),005WR00000DE44HYAT,2026-07-08-backfill-originator.py,2026-07-08T15:51:07,backfill
006WR00000wkBGnYAM,The Villages at Park Center,Originator__c,(null),005WR00000DE44HYAT,2026-07-08-backfill-originator.py,2026-07-08T15:51:07,backfill
006WR00000wkBThYAM,5252 S Cornell Ave,Originator__c,(null),005WR00000CXEZyYAP,2026-07-08-backfill-originator.py,2026-07-08T15:51:07,backfill
006WR00000wkBTiYAM,Clove Apartments,Originator__c,(null),005WR00000DEU6oYAH,2026-07-08-backfill-originator.py,2026-07-08T15:51:07,backfill
006WR00000wkBTjYAM,5300-5308 S. Greenwood Avenue,Originator__c,(null),005WR00000CXEZyYAP,2026-07-08-backfill-originator.py,2026-07-08T15:51:07,backfill
006WR00000wkBTkYAM,Sun Life RV Resort,Originator__c,(null),005WR00000DE45tYAD,2026-07-08-backfill-originator.py,2026-07-08T15:51:07,backfill
006WR00000wkBTlYAM,5300-5308 S. Hyde Park Boulevard,Originator__c,(null),005WR00000CXEZyYAP,2026-07-08-backfill-originator.py,2026-07-08T15:51:07,backfill
006WR00000wkBTmYAM,Azle Oaks Apartments,Originator__c,(null),005WR00000DEU6oYAH,2026-07-08-backfill-originator.py,2026-07-08T15:51:07,backfill
006WR00000wkBTnYAM,5300 South Drexel,Originator__c,(null),005WR00000CXEZyYAP,2026-07-08-backfill-originator.py,2026-07-08T15:51:07,backfill
006WR00000wkBToYAM,Orchard Park Apartments,Originator__c,(null),005WR000003CD6DYAW,2026-07-08-backfill-originator.py,2026-07-08T15:51:07,backfill
006WR00000wkBTpYAM,5034-5046 S. Woodlawn Avenue,Originator__c,(null),005WR00000CXEZyYAP,2026-07-08-backfill-originator.py,2026-07-08T15:51:07,backfill
006WR00000wkBTqYAM,Woodbridge Senior Living [Connect55+],Originator__c,(null),005WR00000DEU6oYAH,2026-07-08-backfill-originator.py,2026-07-08T15:51:07,backfill
006WR00000wkBTrYAM,5320-5326.5 S. Drexel Boulevard,Originator__c,(null),005WR00000CXEZyYAP,2026-07-08-backfill-originator.py,2026-07-08T15:51:07,backfill
006WR00000wkBTsYAM,The Cape,Originator__c,(null),005WR00000DEU6oYAH,2026-07-08-backfill-originator.py,2026-07-08T15:51:07,backfill
006WR00000wkBTtYAM,5325 S. Hyde Park Boulevard,Originator__c,(null),005WR00000CXEZyYAP,2026-07-08-backfill-originator.py,2026-07-08T15:51:07,backfill
006WR00000wkBTuYAM,Indian Hills Village Apartments,Originator__c,(null),005WR000003CD6DYAW,2026-07-08-backfill-originator.py,2026-07-08T15:51:07,backfill
006WR00000wkBTvYAM,5326-5336 S. Greenwood Avenue,Originator__c,(null),005WR00000CXEZyYAP,2026-07-08-backfill-originator.py,2026-07-08T15:51:07,backfill
006WR00000wkBTwYAM,5335-5337 S. Woodlawn Avenue,Originator__c,(null),005WR00000CXEZyYAP,2026-07-08-backfill-originator.py,2026-07-08T15:51:07,backfill
006WR00000wkBTxYAM,The Springs,Originator__c,(null),005WR00000CXIX7YAP,2026-07-08-backfill-originator.py,2026-07-08T15:51:07,backfill
006WR00000wkBTyYAM,5335-5345 S. Kimbark Avenue,Originator__c,(null),005WR00000CXEZyYAP,2026-07-08-backfill-originator.py,2026-07-08T15:51:07,backfill
006WR00000wkBTzYAM,Luma Lane Apartments,Originator__c,(null),005WR00000DEU6oYAH,2026-07-08-backfill-originator.py,2026-07-08T15:51:07,backfill
006WR00000wkBU0YAM,5336-5338 S. Hyde Park Boulevard,Originator__c,(null),005WR00000CXEZyYAP,2026-07-08-backfill-originator.py,2026-07-08T15:51:07,backfill
006WR00000wkBU1YAM,5337 S. Hyde Park Boulevard,Originator__c,(null),005WR00000CXEZyYAP,2026-07-08-backfill-originator.py,2026-07-08T15:51:07,backfill
006WR00000wkBU2YAM,Emerson Mill Avenue,Originator__c,(null),005WR00000CXEZyYAP,2026-07-08-backfill-originator.py,2026-07-08T15:51:07,backfill
006WR00000wkBU3YAM,5339-5345 S. Woodlawn,Originator__c,(null),005WR00000CXEZyYAP,2026-07-08-backfill-originator.py,2026-07-08T15:51:07,backfill
006WR00000wkBU4YAM,Copper Ridge HOA,Originator__c,(null),005WR00000DE3zRYAT,2026-07-08-backfill-originator.py,2026-07-08T15:51:07,backfill
006WR00000wkBU5YAM,5355-5361 S. Cottage Grove,Originator__c,(null),005WR00000CXEZyYAP,2026-07-08-backfill-originator.py,2026-07-08T15:51:07,backfill
006WR00000wkBU6YAM,5400-5408 S. Ingleside,Originator__c,(null),005WR00000CXEZyYAP,2026-07-08-backfill-originator.py,2026-07-08T15:51:07,backfill
006WR00000wkBU7YAM,5401-5403 S. Woodlawn,Originator__c,(null),005WR00000CXEZyYAP,2026-07-08-backfill-originator.py,2026-07-08T15:51:07,backfill
006WR00000wkBU8YAM,5401-5405 S. Drexel Boulevard,Originator__c,(null),005WR00000CXEZyYAP,2026-07-08-backfill-originator.py,2026-07-08T15:51:07,backfill
006WR00000wkBU9YAM,5401-5409 S. Cottage Grove Avenue,Originator__c,(null),005WR00000CXEZyYAP,2026-07-08-backfill-originator.py,2026-07-08T15:51:07,backfill
006WR00000wkBUAYA2,5405-5407 S. Woodlawn Avenue,Originator__c,(null),005WR00000CXEZyYAP,2026-07-08-backfill-originator.py,2026-07-08T15:51:07,backfill
006WR00000wkBUBYA2,5409 S. Blackstone,Originator__c,(null),005WR00000CXEZyYAP,2026-07-08-backfill-originator.py,2026-07-08T15:51:07,backfill
006WR00000wkBUCYA2,5411-5421 S. Ellis Avenue,Originator__c,(null),005WR00000CXEZyYAP,2026-07-08-backfill-originator.py,2026-07-08T15:51:07,backfill
006WR00000wkBUDYA2,Chisholm Trail Senior Village,Originator__c,(null),005WR00000CXIX7YAP,2026-07-08-backfill-originator.py,2026-07-08T15:51:07,backfill
006WR00000wkBUEYA2,5415 S. Woodlawn Avenue,Originator__c,(null),005WR00000CXEZyYAP,2026-07-08-backfill-originator.py,2026-07-08T15:51:07,backfill
006WR00000wkBUFYA2,5416 S. Woodlawn Avenue,Originator__c,(null),005WR00000CXEZyYAP,2026-07-08-backfill-originator.py,2026-07-08T15:51:07,backfill
006WR00000wkBUGYA2,5427 S. Greenwood,Originator__c,(null),005WR00000CXEZyYAP,2026-07-08-backfill-originator.py,2026-07-08T15:51:07,backfill
006WR00000wkBUHYA2,5429 S. Woodlawn Avenue,Originator__c,(null),005WR00000CXEZyYAP,2026-07-08-backfill-originator.py,2026-07-08T15:51:07,backfill
006WR00000wkBUIYA2,5452-5466 S. Ellis Avenue,Originator__c,(null),005WR00000CXEZyYAP,2026-07-08-backfill-originator.py,2026-07-08T15:51:07,backfill
006WR00000wkBUJYA2,5457-5459 S. Blackstone Avenue,Originator__c,(null),005WR00000CXEZyYAP,2026-07-08-backfill-originator.py,2026-07-08T15:51:07,backfill
006WR00000wkBUKYA2,5468-70 S. Hyde Park Boulevard,Originator__c,(null),005WR00000CXEZyYAP,2026-07-08-backfill-originator.py,2026-07-08T15:51:07,backfill
006WR00000wkBULYA2,Aviator West 7th Apartments,Originator__c,(null),005WR00000CXIX7YAP,2026-07-08-backfill-originator.py,2026-07-08T15:51:07,backfill
006WR00000wkBUMYA2,5474-5480 S. Hyde Park Boulevard,Originator__c,(null),005WR00000CXEZyYAP,2026-07-08-backfill-originator.py,2026-07-08T15:51:07,backfill
006WR00000wkBUNYA2,5487-5491 S. Hyde Park Boulevard,Originator__c,(null),005WR00000CXEZyYAP,2026-07-08-backfill-originator.py,2026-07-08T15:51:07,backfill
006WR00000wkBUOYA2,5500 S. Cornell,Originator__c,(null),005WR00000CXEZyYAP,2026-07-08-backfill-originator.py,2026-07-08T15:51:07,backfill
006WR00000wkBUPYA2,520 Samuels Ave - The Franklin At Samuels Ave Apartments,Originator__c,(null),005WR00000CXIX7YAP,2026-07-08-backfill-originator.py,2026-07-08T15:51:07,backfill
006WR00000wkBUQYA2,5501 S. Cornell,Originator__c,(null),005WR00000CXEZyYAP,2026-07-08-backfill-originator.py,2026-07-08T15:51:07,backfill
006WR00000wkBURYA2,5507-5509 S. Hyde Park Boulevard,Originator__c,(null),005WR00000CXEZyYAP,2026-07-08-backfill-originator.py,2026-07-08T15:51:07,backfill
006WR00000wkBUSYA2,5508 S. Cornell Avenue,Originator__c,(null),005WR00000CXEZyYAP,2026-07-08-backfill-originator.py,2026-07-08T15:51:07,backfill
006WR00000wkBUTYA2,5512 S. Hyde Park Boulevard,Originator__c,(null),005WR00000CXEZyYAP,2026-07-08-backfill-originator.py,2026-07-08T15:51:07,backfill
006WR00000wkBUUYA2,5524-5526 S. Everett Avenue,Originator__c,(null),005WR00000CXEZyYAP,2026-07-08-backfill-originator.py,2026-07-08T15:51:07,backfill
006WR00000wkBUVYA2,5528-5532 S. Everett Avenue,Originator__c,(null),005WR00000CXEZyYAP,2026-07-08-backfill-originator.py,2026-07-08T15:51:07,backfill
006WR00000wkBUWYA2,5528 S. Cornell Avenue,Originator__c,(null),005WR00000CXEZyYAP,2026-07-08-backfill-originator.py,2026-07-08T15:51:07,backfill
006WR00000wkBUXYA2,5532 S. Kimbark Avenue,Originator__c,(null),005WR00000CXEZyYAP,2026-07-08-backfill-originator.py,2026-07-08T15:51:07,backfill
006WR00000wkBUYYA2,5533 S. Blackstone,Originator__c,(null),005WR00000CXEZyYAP,2026-07-08-backfill-originator.py,2026-07-08T15:51:07,backfill
006WR00000wkBUZYA2,5535 S. Kimbark Avenue,Originator__c,(null),005WR00000CXEZyYAP,2026-07-08-backfill-originator.py,2026-07-08T15:51:07,backfill
006WR00000wkBUaYAM,5557-59 S. University Avenue,Originator__c,(null),005WR00000CXEZyYAP,2026-07-08-backfill-originator.py,2026-07-08T15:51:07,backfill
006WR00000wkBUbYAM,5623 S. Dorchester,Originator__c,(null),005WR00000CXEZyYAP,2026-07-08-backfill-originator.py,2026-07-08T15:51:07,backfill
006WR00000wkBUcYAM,Bexley at Left Bank II Apartments,Originator__c,(null),005WR00000CXIX7YAP,2026-07-08-backfill-originator.py,2026-07-08T15:51:07,backfill
006WR00000wkBUdYAM,5700 S. Blackstone,Originator__c,(null),005WR00000CXEZyYAP,2026-07-08-backfill-originator.py,2026-07-08T15:51:07,backfill
006WR00000wkBUeYAM,Riviera park Apartments,Originator__c,(null),005WR00000DE44HYAT,2026-07-08-backfill-originator.py,2026-07-08T15:51:07,backfill
006WR00000wkBUfYAM,5706-10 S. Blackstone Ave,Originator__c,(null),005WR00000CXEZyYAP,2026-07-08-backfill-originator.py,2026-07-08T15:51:07,backfill
006WR00000wkBUgYAM,Axis Waterfront Apartments,Originator__c,(null),005WR00000CXIX7YAP,2026-07-08-backfill-originator.py,2026-07-08T15:51:07,backfill
006WR00000wkBUhYAM,5715-5725 S. Kimbark Avenue,Originator__c,(null),005WR00000CXEZyYAP,2026-07-08-backfill-originator.py,2026-07-08T15:51:07,backfill
006WR00000wkBUiYAM,918 E. Hyde Park Boulevard,Originator__c,(null),005WR00000CXEZyYAP,2026-07-08-backfill-originator.py,2026-07-08T15:51:07,backfill
006WR00000wkBUjYAM,925 E. 46th Street Apartments,Originator__c,(null),005WR00000CXEZyYAP,2026-07-08-backfill-originator.py,2026-07-08T15:51:07,backfill
006WR00000wkBUkYAM,Algonquin Apartments,Originator__c,(null),005WR00000CXEZyYAP,2026-07-08-backfill-originator.py,2026-07-08T15:51:07,backfill
006WR00000wkBUlYAM,City Hyde Park,Originator__c,(null),005WR00000CXEZyYAP,2026-07-08-backfill-originator.py,2026-07-08T15:51:07,backfill
006WR00000wkBUmYAM,Ascend at Chisholm Trail Apartments,Originator__c,(null),005WR00000CXIX7YAP,2026-07-08-backfill-originator.py,2026-07-08T15:51:07,backfill
006WR00000wkBUnYAM,Cloisters,Originator__c,(null),005WR00000CXEZyYAP,2026-07-08-backfill-originator.py,2026-07-08T15:51:07,backfill
006WR00000wkBUoYAM,Cornell Terrace,Originator__c,(null),005WR00000CXEZyYAP,2026-07-08-backfill-originator.py,2026-07-08T15:51:07,backfill
006WR00000wkBUpYAM,Marland Place,Originator__c,(null),005WR00000CXIX7YAP,2026-07-08-backfill-originator.py,2026-07-08T15:51:07,backfill
006WR00000wkBUqYAM,Canfield Apartments,Originator__c,(null),005WR00000CXEZyYAP,2026-07-08-backfill-originator.py,2026-07-08T15:51:07,backfill
006WR00000wkBUrYAM,3445 S Rhodes Ave,Originator__c,(null),005WR00000CXEZyYAP,2026-07-08-backfill-originator.py,2026-07-08T15:51:07,backfill
006WR00000wkBUsYAM,Adams Park Apartments,Originator__c,(null),005WR00000CXEZyYAP,2026-07-08-backfill-originator.py,2026-07-08T15:51:07,backfill
006WR00000wkBUtYAM,Encore Landing Apartment Homes,Originator__c,(null),005WR00000CXIX7YAP,2026-07-08-backfill-originator.py,2026-07-08T15:51:07,backfill
006WR00000wkBUuYAM,3440 S Cottage Grove,Originator__c,(null),005WR00000CXEZyYAP,2026-07-08-backfill-originator.py,2026-07-08T15:51:07,backfill
006WR00000wkBUvYAM,Canal Station,Originator__c,(null),005WR00000CXEZyYAP,2026-07-08-backfill-originator.py,2026-07-08T15:51:07,backfill
006WR00000wkBUwYAM,1018 E. 54th Street,Originator__c,(null),005WR00000CXEZyYAP,2026-07-08-backfill-originator.py,2026-07-08T15:51:07,backfill
006WR00000wkBUxYAM,Bristol Park at Eagle Mountain,Originator__c,(null),005WR00000DEU6oYAH,2026-07-08-backfill-originator.py,2026-07-08T15:51:07,backfill
006WR00000wkBUyYAM,1101 E. Hyde Park Boulevard,Originator__c,(null),005WR00000CXEZyYAP,2026-07-08-backfill-originator.py,2026-07-08T15:51:07,backfill
006WR00000wkBUzYAM,1154-56 E. 56th Street,Originator__c,(null),005WR00000CXEZyYAP,2026-07-08-backfill-originator.py,2026-07-08T15:51:07,backfill
006WR00000wkBV0YAM,1321 E. 57th St,Originator__c,(null),005WR00000CXEZyYAP,2026-07-08-backfill-originator.py,2026-07-08T15:51:07,backfill
006WR00000wkBV1YAM,1323 E. 57th St,Originator__c,(null),005WR00000CXEZyYAP,2026-07-08-backfill-originator.py,2026-07-08T15:51:07,backfill
006WR00000wkBV2YAM,1358 E. 58th Street,Originator__c,(null),005WR00000CXEZyYAP,2026-07-08-backfill-originator.py,2026-07-08T15:51:07,backfill
006WR00000wkBV3YAM,1400 E. 57th Street,Originator__c,(null),005WR00000CXEZyYAP,2026-07-08-backfill-originator.py,2026-07-08T15:51:07,backfill
006WR00000wkBV4YAM,Amber Court,Originator__c,(null),005WR00000CXEZyYAP,2026-07-08-backfill-originator.py,2026-07-08T15:51:07,backfill
006WR00000wkBV5YAM,Bridges of San Ramon,Originator__c,(null),005WR00000CXEZyYAP,2026-07-08-backfill-originator.py,2026-07-08T15:51:07,backfill
006WR00000wkBV6YAM,Carlyle,Originator__c,(null),005WR00000CXEZyYAP,2026-07-08-backfill-originator.py,2026-07-08T15:51:07,backfill
006WR00000wkBV7YAM,Cotton Wood,Originator__c,(null),005WR00000CXEZyYAP,2026-07-08-backfill-originator.py,2026-07-08T15:51:07,backfill
006WR00000wkBV8YAM,Campbell Run,Originator__c,(null),005WR00000CXEZyYAP,2026-07-08-backfill-originator.py,2026-07-08T15:51:07,backfill
006WR00000wkBV9YAM,1413-15 E. 57th St,Originator__c,(null),005WR00000CXEZyYAP,2026-07-08-backfill-originator.py,2026-07-08T15:51:07,backfill
006WR00000wkBVAYA2,1440-1450 E. 52nd Street,Originator__c,(null),005WR00000CXEZyYAP,2026-07-08-backfill-originator.py,2026-07-08T15:51:07,backfill
006WR00000wkBVBYA2,1515-1521 E. 54th Street,Originator__c,(null),005WR00000CXEZyYAP,2026-07-08-backfill-originator.py,2026-07-08T15:51:07,backfill
006WR00000wkBVCYA2,Cedar Park Apartments,Originator__c,(null),005WR00000CXIX7YAP,2026-07-08-backfill-originator.py,2026-07-08T15:51:07,backfill
006WR00000wkBVDYA2,Asbury Park Apartments,Originator__c,(null),005WR00000CXIX7YAP,2026-07-08-backfill-originator.py,2026-07-08T15:51:07,backfill
006WR00000wkBVEYA2,Brazos Park Apartments,Originator__c,(null),005WR00000CXIX7YAP,2026-07-08-backfill-originator.py,2026-07-08T15:51:07,backfill
006WR00000wkBVFYA2,Crystal Falls Crossing,Originator__c,(null),005WR00000CXIX7YAP,2026-07-08-backfill-originator.py,2026-07-08T15:51:07,backfill
006WR00000wkBVGYA2,Clear Creek Meadows,Originator__c,(null),005WR00000CXIX7YAP,2026-07-08-backfill-originator.py,2026-07-08T15:51:07,backfill
006WR00000wkBVHYA2,Belle Oaks Apartments,Originator__c,(null),005WR00000CXIX7YAP,2026-07-08-backfill-originator.py,2026-07-08T15:51:07,backfill
006WR00000wkBVIYA2,Chappell Oaks Apartments,Originator__c,(null),005WR00000CXIX7YAP,2026-07-08-backfill-originator.py,2026-07-08T15:51:07,backfill
006WR00000wkBVJYA2,Country Square,Originator__c,(null),005WR00000CXIX7YAP,2026-07-08-backfill-originator.py,2026-07-08T15:51:07,backfill
006WR00000wkBn3YAE,Cove Village Apartments,Originator__c,(null),005WR00000CXIX7YAP,2026-07-08-backfill-originator.py,2026-07-08T15:51:07,backfill
006WR00000wkBn4YAE,Brookview Village Apartments,Originator__c,(null),005WR00000CXIX7YAP,2026-07-08-backfill-originator.py,2026-07-08T15:51:07,backfill
006WR00000wkBn5YAE,Autumn Chase Apartments,Originator__c,(null),005WR00000CXIX7YAP,2026-07-08-backfill-originator.py,2026-07-08T15:51:07,backfill
006WR00000wkBn6YAE,Centerpoint Landing,Originator__c,(null),005WR00000CXIX7YAP,2026-07-08-backfill-originator.py,2026-07-08T15:51:07,backfill
006WR00000wkBn7YAE,Avana River Park Apartments,Originator__c,(null),005WR00000CXIX7YAP,2026-07-08-backfill-originator.py,2026-07-08T15:51:07,backfill
006WR00000wkBn8YAE,Fox Meadows Apartments,Originator__c,(null),005WR00000CXEZyYAP,2026-07-08-backfill-originator.py,2026-07-08T15:51:07,backfill
006WR00000wkBn9YAE,500 Flats Apartments,Originator__c,(null),005WR00000CXIX7YAP,2026-07-08-backfill-originator.py,2026-07-08T15:51:07,backfill
006WR00000wkBnAYAU,Solstice on the Park,Originator__c,(null),005WR00000CXEZyYAP,2026-07-08-backfill-originator.py,2026-07-08T15:51:07,backfill
006WR00000wkBnBYAU,Butler Place Apartments,Originator__c,(null),005WR00000CXIX7YAP,2026-07-08-backfill-originator.py,2026-07-08T15:51:07,backfill
006WR00000wkBnCYAU,Bear Creek at Hardwood,Originator__c,(null),005WR00000CXIX7YAP,2026-07-08-backfill-originator.py,2026-07-08T15:51:07,backfill
006WR00000wkBnDYAU,Bell City Line,Originator__c,(null),005WR00000CXIX7YAP,2026-07-08-backfill-originator.py,2026-07-08T15:51:07,backfill
006WR00000wkBnEYAU,Belmond,Originator__c,(null),005WR00000CXIX7YAP,2026-07-08-backfill-originator.py,2026-07-08T15:51:07,backfill
006WR00000wkBnFYAU,Bell Tower,Originator__c,(null),005WR00000CXIX7YAP,2026-07-08-backfill-originator.py,2026-07-08T15:51:07,backfill
006WR00000wkBnGYAU,Cameron Creek,Originator__c,(null),005WR00000CXIX7YAP,2026-07-08-backfill-originator.py,2026-07-08T15:51:07,backfill
006WR00000wkBnHYAU,Canopy Homes,Originator__c,(null),005WR00000CXIX7YAP,2026-07-08-backfill-originator.py,2026-07-08T15:51:07,backfill
006WR00000wkBnIYAU,Casa Place Apartments,Originator__c,(null),005WR00000CXIX7YAP,2026-07-08-backfill-originator.py,2026-07-08T15:51:07,backfill
006WR00000wkBnJYAU,Ash Lane,Originator__c,(null),005WR00000CXIX7YAP,2026-07-08-backfill-originator.py,2026-07-08T15:51:07,backfill
006WR00000wkBnKYAU,Community Place Apartments,Originator__c,(null),005WR00000CXIX7YAP,2026-07-08-backfill-originator.py,2026-07-08T15:51:07,backfill
006WR00000wkBnLYAU,AAA Properties dba Chateau Apartments,Originator__c,(null),005WR00000CXIX7YAP,2026-07-08-backfill-originator.py,2026-07-08T15:51:07,backfill
006WR00000wkBnMYAU,Center Point Apartments,Originator__c,(null),005WR00000CXIX7YAP,2026-07-08-backfill-originator.py,2026-07-08T15:51:07,backfill
006WR00000wkBnNYAU,Bridges at Deer Run,Originator__c,(null),005WR00000CXIX7YAP,2026-07-08-backfill-originator.py,2026-07-08T15:51:07,backfill
006WR00000wkBnOYAU,Clark Ridge Canyon,Originator__c,(null),005WR00000CXIX7YAP,2026-07-08-backfill-originator.py,2026-07-08T15:51:07,backfill
006WR00000wkBnPYAU,Chapel Brook Apartments,Originator__c,(null),005WR00000CXIX7YAP,2026-07-08-backfill-originator.py,2026-07-08T15:51:07,backfill
006WR00000wkBnQYAU,Cantera Apartment Homes,Originator__c,(null),005WR00000CXIX7YAP,2026-07-08-backfill-originator.py,2026-07-08T15:51:07,backfill
006WR00000wkBnRYAU,Copperfield Village AKA Morada Victoria East,Originator__c,(null),005WR00000CXIX7YAP,2026-07-08-backfill-originator.py,2026-07-08T15:51:07,backfill
006WR00000wkBnSYAU,Cornell at Midtown,Originator__c,(null),005WR00000CXIX7YAP,2026-07-08-backfill-originator.py,2026-07-08T15:51:07,backfill
006WR00000wkBnTYAU,Chateau Apartments,Originator__c,(null),005WR00000CXIX7YAP,2026-07-08-backfill-originator.py,2026-07-08T15:51:07,backfill
006WR00000wkBnUYAU,Chapel Creek Apartments,Originator__c,(null),005WR00000CXIX7YAP,2026-07-08-backfill-originator.py,2026-07-08T15:51:07,backfill
006WR00000wkBnVYAU,Bear Grounds,Originator__c,(null),005WR00000CXIX7YAP,2026-07-08-backfill-originator.py,2026-07-08T15:51:07,backfill
006WR00000wkBnWYAU,Country Club Apartments,Originator__c,(null),005WR00000CXIX7YAP,2026-07-08-backfill-originator.py,2026-07-08T15:51:07,backfill
006WR00000wkBnXYAU,Chase Place,Originator__c,(null),005WR00000CXIX7YAP,2026-07-08-backfill-originator.py,2026-07-08T15:51:07,backfill
006WR00000wkBnYYAU,Bent Tree Trails Apartments,Originator__c,(null),005WR00000CXIX7YAP,2026-07-08-backfill-originator.py,2026-07-08T15:51:07,backfill
006WR00000wkBnZYAU,2929 Wycliff,Originator__c,(null),005WR00000CXIX7YAP,2026-07-08-backfill-originator.py,2026-07-08T15:51:07,backfill
006WR00000wkBnaYAE,Bella Vista Apartments,Originator__c,(null),005WR00000CXIX7YAP,2026-07-08-backfill-originator.py,2026-07-08T15:51:07,backfill
006WR00000wkBnbYAE,Crest Oasis,Originator__c,(null),005WR00000CXIX7YAP,2026-07-08-backfill-originator.py,2026-07-08T15:51:07,backfill
006WR00000wkBncYAE,Central Square at Frisco Square,Originator__c,(null),005WR00000CXIX7YAP,2026-07-08-backfill-originator.py,2026-07-08T15:51:07,backfill
006WR00000wkBndYAE,Abbey Glenn,Originator__c,(null),005WR00000CXIX7YAP,2026-07-08-backfill-originator.py,2026-07-08T15:51:07,backfill
006WR00000wkBneYAE,Clarendale at Indian Lake,Originator__c,(null),005WR00000CXIX7YAP,2026-07-08-backfill-originator.py,2026-07-08T15:51:07,backfill
006WR00000wkBnfYAE,1809 on Cox Apartments,Originator__c,(null),005WR00000CXIX7YAP,2026-07-08-backfill-originator.py,2026-07-08T15:51:07,backfill
006WR00000wkBngYAE,The Delaney at Lake Waco,Originator__c,(null),005WR00000CXIX7YAP,2026-07-08-backfill-originator.py,2026-07-08T15:51:07,backfill
006WR00000wkBnhYAE,Drexel Grand,Originator__c,(null),005WR00000CXEZyYAP,2026-07-08-backfill-originator.py,2026-07-08T15:51:07,backfill
006WR00000wkBniYAE,The Delaney at Parkway Lakes,Originator__c,(null),005WR00000CXIX7YAP,2026-07-08-backfill-originator.py,2026-07-08T15:51:07,backfill
006WR00000wkBnjYAE,Drexel Terrace,Originator__c,(null),005WR00000CXEZyYAP,2026-07-08-backfill-originator.py,2026-07-08T15:51:07,backfill
006WR00000wkBnkYAE,The Delaney at South Shore,Originator__c,(null),005WR00000CXIX7YAP,2026-07-08-backfill-originator.py,2026-07-08T15:51:07,backfill
006WR00000wkBnlYAE,East Park Tower,Originator__c,(null),005WR00000CXEZyYAP,2026-07-08-backfill-originator.py,2026-07-08T15:51:07,backfill
006WR00000wkBnmYAE,Ellis Court,Originator__c,(null),005WR00000CXEZyYAP,2026-07-08-backfill-originator.py,2026-07-08T15:51:07,backfill
006WR00000wkBnnYAE,Greenwood 5201,Originator__c,(null),005WR00000CXEZyYAP,2026-07-08-backfill-originator.py,2026-07-08T15:51:07,backfill
006WR00000wkBnoYAE,Harper Court,Originator__c,(null),005WR00000CXEZyYAP,2026-07-08-backfill-originator.py,2026-07-08T15:51:07,backfill
006WR00000wkBnpYAE,Adams Bend Apartments,Originator__c,(null),005WR00000CXIX7YAP,2026-07-08-backfill-originator.py,2026-07-08T15:51:07,backfill
006WR00000wkBnqYAE,Kenwood Court,Originator__c,(null),005WR00000CXEZyYAP,2026-07-08-backfill-originator.py,2026-07-08T15:51:07,backfill
006WR00000wkBnrYAE,Branch Creek Apartments,Originator__c,(null),005WR00000CXIX7YAP,2026-07-08-backfill-originator.py,2026-07-08T15:51:07,backfill
006WR00000wkBnsYAE,Carrara at Cole33,Originator__c,(null),005WR00000CXIX7YAP,2026-07-08-backfill-originator.py,2026-07-08T15:51:07,backfill
006WR00000wkBntYAE,Maple Court,Originator__c,(null),005WR00000CXEZyYAP,2026-07-08-backfill-originator.py,2026-07-08T15:51:07,backfill
006WR00000wkBnuYAE,Paramour,Originator__c,(null),005WR00000CXEZyYAP,2026-07-08-backfill-originator.py,2026-07-08T15:51:07,backfill
006WR00000wkBnvYAE,Ashford Apartments,Originator__c,(null),005WR00000CXIX7YAP,2026-07-08-backfill-originator.py,2026-07-08T15:51:07,backfill
006WR00000wkBnwYAE,Shoreland,Originator__c,(null),005WR00000CXEZyYAP,2026-07-08-backfill-originator.py,2026-07-08T15:51:07,backfill
006WR00000wkBnxYAE,Carrollton Park of North Dallas,Originator__c,(null),005WR00000CXIX7YAP,2026-07-08-backfill-originator.py,2026-07-08T15:51:07,backfill
006WR00000wkBnyYAE,The Blackwood,Originator__c,(null),005WR00000CXEZyYAP,2026-07-08-backfill-originator.py,2026-07-08T15:51:07,backfill
006WR00000wkBnzYAE,The Del Prado,Originator__c,(null),005WR00000CXEZyYAP,2026-07-08-backfill-originator.py,2026-07-08T15:51:07,backfill
006WR00000wkBo0YAE,Andalusian Gate,Originator__c,(null),005WR00000CXIX7YAP,2026-07-08-backfill-originator.py,2026-07-08T15:51:07,backfill
006WR00000wkBo1YAE,The Pepperland,Originator__c,(null),005WR00000CXEZyYAP,2026-07-08-backfill-originator.py,2026-07-08T15:51:07,backfill
006WR00000wkBo2YAE,Brookhaven,Originator__c,(null),005WR00000CXIX7YAP,2026-07-08-backfill-originator.py,2026-07-08T15:51:07,backfill
006WR00000wkBo3YAE,The Sutherland,Originator__c,(null),005WR00000CXEZyYAP,2026-07-08-backfill-originator.py,2026-07-08T15:51:07,backfill
006WR00000wkBo4YAE,Courtney Place,Originator__c,(null),005WR00000CXIX7YAP,2026-07-08-backfill-originator.py,2026-07-08T15:51:07,backfill
006WR00000wkBo5YAE,Windermere House,Originator__c,(null),005WR00000CXEZyYAP,2026-07-08-backfill-originator.py,2026-07-08T15:51:07,backfill
006WR00000wkBo6YAE,Cortland Waters Edge,Originator__c,(null),005WR00000CXIX7YAP,2026-07-08-backfill-originator.py,2026-07-08T15:51:07,backfill
006WR00000wkBo7YAE,Aberdeen at Bellmar,Originator__c,(null),005WR00000CXIX7YAP,2026-07-08-backfill-originator.py,2026-07-08T15:51:07,backfill
006WR00000wkBo8YAE,Woodlawn Court,Originator__c,(null),005WR00000CXEZyYAP,2026-07-08-backfill-originator.py,2026-07-08T15:51:07,backfill
006WR00000wkBo9YAE,Crest at Park Central,Originator__c,(null),005WR00000CXIX7YAP,2026-07-08-backfill-originator.py,2026-07-08T15:51:07,backfill
006WR00000wkBoAYAU,Woodlawn Terrace,Originator__c,(null),005WR00000CXEZyYAP,2026-07-08-backfill-originator.py,2026-07-08T15:51:07,backfill
006WR00000wkBoBYAU,Apple Creek,Originator__c,(null),005WR00000CXIX7YAP,2026-07-08-backfill-originator.py,2026-07-08T15:51:07,backfill
006WR00000wkBoCYAU,Cortland at West Village,Originator__c,(null),005WR00000CXIX7YAP,2026-07-08-backfill-originator.py,2026-07-08T15:51:07,backfill
006WR00000wkBoDYAU,Bell Katy Trail,Originator__c,(null),005WR00000CXIX7YAP,2026-07-08-backfill-originator.py,2026-07-08T15:51:07,backfill
006WR00000wkBoEYAU,Cityplace Heights,Originator__c,(null),005WR00000CXIX7YAP,2026-07-08-backfill-originator.py,2026-07-08T15:51:07,backfill
006WR00000wkBoFYAU,4123 Cedar Springs,Originator__c,(null),005WR00000CXIX7YAP,2026-07-08-backfill-originator.py,2026-07-08T15:51:07,backfill
006WR00000wkBoGYAU,Enchanted Hills,Originator__c,(null),005WR00000CXEZyYAP,2026-07-08-backfill-originator.py,2026-07-08T15:51:07,backfill
006WR00000wkBoHYAU,Woods Edge Apartments,Originator__c,(null),005WR00000CXEZyYAP,2026-07-08-backfill-originator.py,2026-07-08T15:51:07,backfill
006WR00000wkBoIYAU,Darby Knox District,Originator__c,(null),005WR00000CXIX7YAP,2026-07-08-backfill-originator.py,2026-07-08T15:51:07,backfill
006WR00000wkBoJYAU,Mallard Court,Originator__c,(null),005WR00000CXEZyYAP,2026-07-08-backfill-originator.py,2026-07-08T15:51:07,backfill
006WR00000wkBoKYAU,7900 at Park Central,Originator__c,(null),005WR00000CXIX7YAP,2026-07-08-backfill-originator.py,2026-07-08T15:51:07,backfill
006WR00000wkBoLYAU,The Village at Elkridge,Originator__c,(null),005WR00000CXEZyYAP,2026-07-08-backfill-originator.py,2026-07-08T15:51:07,backfill
006WR00000wkBoMYAU,Churchill on the Park,Originator__c,(null),005WR00000CXIX7YAP,2026-07-08-backfill-originator.py,2026-07-08T15:51:07,backfill
006WR00000wkBoNYAU,Austin Bluff,Originator__c,(null),005WR00000CXIX7YAP,2026-07-08-backfill-originator.py,2026-07-08T15:51:07,backfill
006WR00000wkBoOYAU,Potomac Garden,Originator__c,(null),005WR00000CXEZyYAP,2026-07-08-backfill-originator.py,2026-07-08T15:51:07,backfill
006WR00000wkBoPYAU,Axis at Wycliff,Originator__c,(null),005WR00000CXIX7YAP,2026-07-08-backfill-originator.py,2026-07-08T15:51:07,backfill
006WR00000wkBoQYAU,Van Allen Apartments,Originator__c,(null),005WR00000CXEZyYAP,2026-07-08-backfill-originator.py,2026-07-08T15:51:07,backfill
006WR00000wkBoRYAU,Sunrise Solar,Originator__c,(null),005WR00000CXEZyYAP,2026-07-08-backfill-originator.py,2026-07-08T15:51:07,backfill
006WR00000wkBoSYAU,Pine Park Terrace,Originator__c,(null),005WR00000CXEZyYAP,2026-07-08-backfill-originator.py,2026-07-08T15:51:07,backfill
006WR00000wkBoTYAU,Mohawk River Apartments,Originator__c,(null),005WR00000CXEZyYAP,2026-07-08-backfill-originator.py,2026-07-08T15:51:07,backfill
006WR00000wkBoUYAU,Long Pond Village,Originator__c,(null),005WR00000CXEZyYAP,2026-07-08-backfill-originator.py,2026-07-08T15:51:07,backfill
006WR00000wkBoVYAU,Homeroom Lofts,Originator__c,(null),005WR00000CXEZyYAP,2026-07-08-backfill-originator.py,2026-07-08T15:51:07,backfill
006WR00000wkBoWYAU,Halfmoon Garden Apartments,Originator__c,(null),005WR00000CXEZyYAP,2026-07-08-backfill-originator.py,2026-07-08T15:51:07,backfill
006WR00000wkBoXYAU,Grover Cleveland Apartments,Originator__c,(null),005WR00000CXEZyYAP,2026-07-08-backfill-originator.py,2026-07-08T15:51:07,backfill
006WR00000wkBoYYAU,Draper Lofts,Originator__c,(null),005WR00000CXEZyYAP,2026-07-08-backfill-originator.py,2026-07-08T15:51:07,backfill
006WR00000wkBoZYAU,Squaw Creek MHP,Originator__c,(null),005WR00000CXEZyYAP,2026-07-08-backfill-originator.py,2026-07-08T15:51:07,backfill
006WR00000wkBoaYAE,Kently Pointe,Originator__c,(null),005WR00000CXEZyYAP,2026-07-08-backfill-originator.py,2026-07-08T15:51:07,backfill
006WR00000wkBobYAE,Country Estates,Originator__c,(null),005WR00000DE3zRYAT,2026-07-08-backfill-originator.py,2026-07-08T15:51:07,backfill
006WR00000wkBocYAE,The Summit,Originator__c,(null),005WR00000CXEZyYAP,2026-07-08-backfill-originator.py,2026-07-08T15:51:07,backfill
006WR00000wkBodYAE,Maris Apartments,Originator__c,(null),005WR00000CXEZyYAP,2026-07-08-backfill-originator.py,2026-07-08T15:51:07,backfill
006WR00000wkBoeYAE,Deer Park,Originator__c,(null),005WR00000DE3zRYAT,2026-07-08-backfill-originator.py,2026-07-08T15:51:07,backfill
006WR00000wkBofYAE,Keelers Corner,Originator__c,(null),005WR00000CXEZyYAP,2026-07-08-backfill-originator.py,2026-07-08T15:51:07,backfill
006WR00000wkBogYAE,Main St Flats,Originator__c,(null),005WR00000CXEZyYAP,2026-07-08-backfill-originator.py,2026-07-08T15:51:07,backfill
006WR00000wkBohYAE,Thornton Place,Originator__c,(null),005WR00000CXEZyYAP,2026-07-08-backfill-originator.py,2026-07-08T15:51:07,backfill
006WR00000wkBoiYAE,Washington Park Tower,Originator__c,(null),005WR00000CXEZyYAP,2026-07-08-backfill-originator.py,2026-07-08T15:51:07,backfill
006WR00000wkBojYAE,The Outlook at Windhaven,Originator__c,(null),005WR00000CXIX7YAP,2026-07-08-backfill-originator.py,2026-07-08T15:51:07,backfill
006WR00000wkBokYAE,Shady Creek Ranch Apartments,Originator__c,(null),005WR00000CXEZyYAP,2026-07-08-backfill-originator.py,2026-07-08T15:51:07,backfill
006WR00000wkBolYAE,Apple Creek Apartments,Originator__c,(null),005WR00000DE3zRYAT,2026-07-08-backfill-originator.py,2026-07-08T15:51:07,backfill
006WR00000wkBomYAE,Unnamed,Originator__c,(null),005WR00000CXEZyYAP,2026-07-08-backfill-originator.py,2026-07-08T15:51:07,backfill
006WR00000wkBonYAE,Aspenwood,Originator__c,(null),005WR00000CXEZyYAP,2026-07-08-backfill-originator.py,2026-07-08T15:51:07,backfill
006WR00000wkBooYAE,Parcwood,Originator__c,(null),005WR00000CXEZyYAP,2026-07-08-backfill-originator.py,2026-07-08T15:51:07,backfill
006WR00000wkBopYAE,San Marquis,Originator__c,(null),005WR00000CXEZyYAP,2026-07-08-backfill-originator.py,2026-07-08T15:51:07,backfill
006WR00000wkBoqYAE,Harbor Cove,Originator__c,(null),005WR00000CXEZyYAP,2026-07-08-backfill-originator.py,2026-07-08T15:51:07,backfill
006WR00000wkBorYAE,La Vina,Originator__c,(null),005WR00000CXEZyYAP,2026-07-08-backfill-originator.py,2026-07-08T15:51:07,backfill
006WR00000wkBosYAE,Park Hacienda,Originator__c,(null),005WR00000CXEZyYAP,2026-07-08-backfill-originator.py,2026-07-08T15:51:07,backfill
006WR00000wkBotYAE,Edgewood Park,Originator__c,(null),005WR00000CXEZyYAP,2026-07-08-backfill-originator.py,2026-07-08T15:51:07,backfill
006WR00000wkBouYAE,Metropolitan Park,Originator__c,(null),005WR00000CXEZyYAP,2026-07-08-backfill-originator.py,2026-07-08T15:51:07,backfill
006WR00000wkBovYAE,Nightingale,Originator__c,(null),005WR00000CXEZyYAP,2026-07-08-backfill-originator.py,2026-07-08T15:51:07,backfill
006WR00000wkBowYAE,Overlook at Lakemont,Originator__c,(null),005WR00000CXEZyYAP,2026-07-08-backfill-originator.py,2026-07-08T15:51:07,backfill
006WR00000wkBoxYAE,Redmond Place Apartments,Originator__c,(null),005WR00000CXEZyYAP,2026-07-08-backfill-originator.py,2026-07-08T15:51:07,backfill
006WR00000wkBoyYAE,Vue Kirkland,Originator__c,(null),005WR00000CXEZyYAP,2026-07-08-backfill-originator.py,2026-07-08T15:51:07,backfill
006WR00000wkBozYAE,Grand Reserve,Originator__c,(null),005WR00000CXEZyYAP,2026-07-08-backfill-originator.py,2026-07-08T15:51:07,backfill
006WR00000wkBp0YAE,Centreport Lake Apartments,Originator__c,(null),005WR00000CXIX7YAP,2026-07-08-backfill-originator.py,2026-07-08T15:51:07,backfill
006WR00000wkBp1YAE,Whispering Pines,Originator__c,(null),005WR00000CXEZyYAP,2026-07-08-backfill-originator.py,2026-07-08T15:51:07,backfill
006WR00000wkBp2YAE,College Park Apartments,Originator__c,(null),005WR00000CXEZyYAP,2026-07-08-backfill-originator.py,2026-07-08T15:51:07,backfill
006WR00000wkBp3YAE,Chase Apartments,Originator__c,(null),005WR00000CXEZyYAP,2026-07-08-backfill-originator.py,2026-07-08T15:51:07,backfill
006WR00000wkBp4YAE,Avocado Court,Originator__c,(null),005WR00000CXEZyYAP,2026-07-08-backfill-originator.py,2026-07-08T15:51:07,backfill
006WR00000wkBp5YAE,Cedar Nettleton Apartments,Originator__c,(null),005WR00000CXIX7YAP,2026-07-08-backfill-originator.py,2026-07-08T15:51:07,backfill
006WR00000wkBp6YAE,Willow Creek Apartments,Originator__c,(null),005WR00000CXIX7YAP,2026-07-08-backfill-originator.py,2026-07-08T15:51:07,backfill
006WR00000wkBp7YAE,Lakeline Apartments,Originator__c,(null),005WR00000CXIX7YAP,2026-07-08-backfill-originator.py,2026-07-08T15:51:07,backfill
006WR00000wkBp8YAE,Holly Oaks Apartments,Originator__c,(null),005WR00000CXIX7YAP,2026-07-08-backfill-originator.py,2026-07-08T15:51:07,backfill
006WR00000wkBp9YAE,River Springs at Barge Ranch,Originator__c,(null),005WR00000CXIX7YAP,2026-07-08-backfill-originator.py,2026-07-08T15:51:07,backfill
006WR00000wkBpAYAU,Oakview Apartments,Originator__c,(null),005WR00000CXIX7YAP,2026-07-08-backfill-originator.py,2026-07-08T15:51:07,backfill
006WR00000wkBpBYAU,Midtown Apartments,Originator__c,(null),005WR00000CXIX7YAP,2026-07-08-backfill-originator.py,2026-07-08T15:51:07,backfill
006WR00000wkBpCYAU,Grove at Nolan Creek,Originator__c,(null),005WR00000CXIX7YAP,2026-07-08-backfill-originator.py,2026-07-08T15:51:07,backfill
006WR00000wkBpDYAU,Heritage Village Apartments,Originator__c,(null),005WR00000CXIX7YAP,2026-07-08-backfill-originator.py,2026-07-08T15:51:07,backfill
006WR00000wkBpEYAU,University Club Apartments,Originator__c,(null),005WR00000CXIX7YAP,2026-07-08-backfill-originator.py,2026-07-08T15:51:07,backfill
006WR00000wkBpFYAU,Eagle Crest Apartments,Originator__c,(null),005WR00000CXIX7YAP,2026-07-08-backfill-originator.py,2026-07-08T15:51:07,backfill
006WR00000wkBpGYAU,Woodbridge Crossing,Originator__c,(null),005WR00000CXIX7YAP,2026-07-08-backfill-originator.py,2026-07-08T15:51:07,backfill
006WR00000wkBpHYAU,Liberty Trails Apartments,Originator__c,(null),005WR00000CXIX7YAP,2026-07-08-backfill-originator.py,2026-07-08T15:51:07,backfill
006WR00000wkBpIYAU,Oasis Apartments,Originator__c,(null),005WR00000CXIX7YAP,2026-07-08-backfill-originator.py,2026-07-08T15:51:07,backfill
006WR00000wkBpJYAU,San Gabriel Crossing,Originator__c,(null),005WR00000CXIX7YAP,2026-07-08-backfill-originator.py,2026-07-08T15:51:07,backfill
006WR00000wkBpKYAU,Oak Ridge,Originator__c,(null),005WR00000CXIX7YAP,2026-07-08-backfill-originator.py,2026-07-08T15:51:07,backfill
006WR00000wkBpLYAU,Pecan Pointe Apartments,Originator__c,(null),005WR00000CXIX7YAP,2026-07-08-backfill-originator.py,2026-07-08T15:51:07,backfill
006WR00000wkBpMYAU,Wildflower VIllas,Originator__c,(null),005WR00000CXIX7YAP,2026-07-08-backfill-originator.py,2026-07-08T15:51:07,backfill
006WR00000wkBpNYAU,Exchange Sunshine Apartments,Originator__c,(null),005WR00000CXIX7YAP,2026-07-08-backfill-originator.py,2026-07-08T15:51:07,backfill
006WR00000wkBpOYAU,West Avenue F Apartments,Originator__c,(null),005WR00000CXIX7YAP,2026-07-08-backfill-originator.py,2026-07-08T15:51:07,backfill
006WR00000wkBpPYAU,The Kyle,Originator__c,(null),005WR00000CXIX7YAP,2026-07-08-backfill-originator.py,2026-07-08T15:51:07,backfill
006WR00000wkBpQYAU,Hunnington Townhomes,Originator__c,(null),005WR00000CXIX7YAP,2026-07-08-backfill-originator.py,2026-07-08T15:51:07,backfill
006WR00000wkBpRYAU,Montrose Place Apartments,Originator__c,(null),005WR00000CXIX7YAP,2026-07-08-backfill-originator.py,2026-07-08T15:51:07,backfill
006WR00000wkBpSYAU,Stubblefield Park,Originator__c,(null),005WR00000CXIX7YAP,2026-07-08-backfill-originator.py,2026-07-08T15:51:07,backfill
006WR00000wkBpTYAU,MAA Willow Creek,Originator__c,(null),005WR00000CXIX7YAP,2026-07-08-backfill-originator.py,2026-07-08T15:51:07,backfill
006WR00000wkBpUYAU,MAA Shoal Creek,Originator__c,(null),005WR00000CXIX7YAP,2026-07-08-backfill-originator.py,2026-07-08T15:51:07,backfill
006WR00000wkBpVYAU,MAA Windmill Hill,Originator__c,(null),005WR00000CXIX7YAP,2026-07-08-backfill-originator.py,2026-07-08T15:51:07,backfill
006WR00000wkBpWYAU,Station 42,Originator__c,(null),005WR00000CXIX7YAP,2026-07-08-backfill-originator.py,2026-07-08T15:51:07,backfill
006WR00000wkBpXYAU,The Atlantic at Kessler Park,Originator__c,(null),005WR00000CXIX7YAP,2026-07-08-backfill-originator.py,2026-07-08T15:51:07,backfill
006WR00000wkBpYYAU,Lakeside Apartments,Originator__c,(null),005WR00000CXIX7YAP,2026-07-08-backfill-originator.py,2026-07-08T15:51:07,backfill
006WR00000wkBpZYAU,The Greens at Hickory Trail,Originator__c,(null),005WR00000CXIX7YAP,2026-07-08-backfill-originator.py,2026-07-08T15:51:07,backfill
006WR00000wkBpaYAE,Gabriella,Originator__c,(null),005WR00000CXIX7YAP,2026-07-08-backfill-originator.py,2026-07-08T15:51:07,backfill
006WR00000wkBpbYAE,Harlowe,Originator__c,(null),005WR00000CXIX7YAP,2026-07-08-backfill-originator.py,2026-07-08T15:51:07,backfill
006WR00000wkBpcYAE,Trinity Union Apartments,Originator__c,(null),005WR00000CXIX7YAP,2026-07-08-backfill-originator.py,2026-07-08T15:51:07,backfill
006WR00000wkBpdYAE,Westdale Hills - Doral,Originator__c,(null),005WR00000CXIX7YAP,2026-07-08-backfill-originator.py,2026-07-08T15:51:07,backfill
006WR00000wkBpeYAE,The Retreat at River Ranch Apartments,Originator__c,(null),005WR00000CXIX7YAP,2026-07-08-backfill-originator.py,2026-07-08T15:51:07,backfill
006WR00000wkBpfYAE,The Barcelona on Chisholm Trail Apartments,Originator__c,(null),005WR00000CXIX7YAP,2026-07-08-backfill-originator.py,2026-07-08T15:51:07,backfill
006WR00000wkBpgYAE,Marine Creek Apartments,Originator__c,(null),005WR00000CXIX7YAP,2026-07-08-backfill-originator.py,2026-07-08T15:51:07,backfill
006WR00000wkBphYAE,Southern Oaks Apartments,Originator__c,(null),005WR00000CXIX7YAP,2026-07-08-backfill-originator.py,2026-07-08T15:51:07,backfill
006WR00000wkBpiYAE,The Creek on Calloway Apartments,Originator__c,(null),005WR00000CXIX7YAP,2026-07-08-backfill-originator.py,2026-07-08T15:51:07,backfill
006WR00000wkBpjYAE,The Sadie Apartments,Originator__c,(null),005WR00000CXIX7YAP,2026-07-08-backfill-originator.py,2026-07-08T15:51:07,backfill
006WR00000wkBpkYAE,The Drake on Summit Apartments,Originator__c,(null),005WR00000CXIX7YAP,2026-07-08-backfill-originator.py,2026-07-08T15:51:07,backfill
006WR00000wkBplYAE,Eastbank at Waterside,Originator__c,(null),005WR00000CXIX7YAP,2026-07-08-backfill-originator.py,2026-07-08T15:51:07,backfill
006WR00000wkBpmYAE,Oaks Apartments,Originator__c,(null),005WR00000CXIX7YAP,2026-07-08-backfill-originator.py,2026-07-08T15:51:07,backfill
006WR00000wkBpnYAE,Tides on Post Oak Apartments,Originator__c,(null),005WR00000CXIX7YAP,2026-07-08-backfill-originator.py,2026-07-08T15:51:07,backfill
006WR00000wkBpoYAE,The Chisholm Apartments,Originator__c,(null),005WR00000CXIX7YAP,2026-07-08-backfill-originator.py,2026-07-08T15:51:07,backfill
006WR00000wkBppYAE,The Jameson at the Bluffs Apartments,Originator__c,(null),005WR00000CXIX7YAP,2026-07-08-backfill-originator.py,2026-07-08T15:51:07,backfill
006WR00000wkBpqYAE,The Cooper Apartments,Originator__c,(null),005WR00000CXIX7YAP,2026-07-08-backfill-originator.py,2026-07-08T15:51:07,backfill
006WR00000wkBprYAE,The Kelton at Clearfork,Originator__c,(null),005WR00000CXIX7YAP,2026-07-08-backfill-originator.py,2026-07-08T15:51:07,backfill
006WR00000wkBpsYAE,The Davis Apartments,Originator__c,(null),005WR00000CXIX7YAP,2026-07-08-backfill-originator.py,2026-07-08T15:51:07,backfill
006WR00000wkBptYAE,Oxford at Lake Worth Apartments,Originator__c,(null),005WR00000CXIX7YAP,2026-07-08-backfill-originator.py,2026-07-08T15:51:07,backfill
006WR00000wkBpuYAE,The George,Originator__c,(null),005WR00000CXIX7YAP,2026-07-08-backfill-originator.py,2026-07-08T15:51:07,backfill
006WR00000wkBpvYAE,Park West Apartments,Originator__c,(null),005WR00000CXIX7YAP,2026-07-08-backfill-originator.py,2026-07-08T15:51:07,backfill
006WR00000wkBpwYAE,Mission Pointe Club,Originator__c,(null),005WR00000CXIX7YAP,2026-07-08-backfill-originator.py,2026-07-08T15:51:07,backfill
006WR00000wkBpxYAE,Kendall Villas,Originator__c,(null),005WR00000CXIX7YAP,2026-07-08-backfill-originator.py,2026-07-08T15:51:07,backfill
006WR00000wkBpyYAE,Station 121 at Town Center,Originator__c,(null),005WR00000CXIX7YAP,2026-07-08-backfill-originator.py,2026-07-08T15:51:07,backfill
006WR00000wkBpzYAE,Linda Drive Apartments,Originator__c,(null),005WR00000CXIX7YAP,2026-07-08-backfill-originator.py,2026-07-08T15:51:07,backfill
006WR00000wkBq0YAE,Mercer 1900 Apartments,Originator__c,(null),005WR00000CXIX7YAP,2026-07-08-backfill-originator.py,2026-07-08T15:51:07,backfill
006WR00000wkBq1YAE,The Bluffs Apartments,Originator__c,(null),005WR00000CXIX7YAP,2026-07-08-backfill-originator.py,2026-07-08T15:51:07,backfill
006WR00000wkBq2YAE,Montfort Place,Originator__c,(null),005WR00000CXIX7YAP,2026-07-08-backfill-originator.py,2026-07-08T15:51:07,backfill
006WR00000wkBq3YAE,Eden Park at Bear Creek,Originator__c,(null),005WR00000CXIX7YAP,2026-07-08-backfill-originator.py,2026-07-08T15:51:07,backfill
006WR00000wkBq4YAE,Virtue on Azalea,Originator__c,(null),005WR00000CXIX7YAP,2026-07-08-backfill-originator.py,2026-07-08T15:51:07,backfill
006WR00000wkBq5YAE,The Canyons Apartments,Originator__c,(null),005WR00000CXIX7YAP,2026-07-08-backfill-originator.py,2026-07-08T15:51:07,backfill
006WR00000wkBq6YAE,Village on Pepper Creek,Originator__c,(null),005WR00000CXIX7YAP,2026-07-08-backfill-originator.py,2026-07-08T15:51:07,backfill
006WR00000wkBq7YAE,Villa Del Mar,Originator__c,(null),005WR00000CXIX7YAP,2026-07-08-backfill-originator.py,2026-07-08T15:51:07,backfill
006WR00000wkBq8YAE,The Preserve at Willow Park,Originator__c,(null),005WR00000CXIX7YAP,2026-07-08-backfill-originator.py,2026-07-08T15:51:07,backfill
006WR00000wkBq9YAE,Neuhaus Lake Worth,Originator__c,(null),005WR00000CXIX7YAP,2026-07-08-backfill-originator.py,2026-07-08T15:51:07,backfill
006WR00000wkBqAYAU,The Bricks on 13th,Originator__c,(null),005WR00000CXIX7YAP,2026-07-08-backfill-originator.py,2026-07-08T15:51:07,backfill
006WR00000wkBqBYAU,Parks at Addison Apartments,Originator__c,(null),005WR00000CXIX7YAP,2026-07-08-backfill-originator.py,2026-07-08T15:51:07,backfill
006WR00000wkBqCYAU,Woodchase Apartments,Originator__c,(null),005WR00000CXIX7YAP,2026-07-08-backfill-originator.py,2026-07-08T15:51:07,backfill
006WR00000wkBqDYAU,Merrit McGowan Manor,Originator__c,(null),005WR00000CXIX7YAP,2026-07-08-backfill-originator.py,2026-07-08T15:51:07,backfill
006WR00000wkBqEYAU,The Atlantic Highland Park,Originator__c,(null),005WR00000CXIX7YAP,2026-07-08-backfill-originator.py,2026-07-08T15:51:07,backfill
006WR00000wkBqFYAU,The Langford,Originator__c,(null),005WR00000CXIX7YAP,2026-07-08-backfill-originator.py,2026-07-08T15:51:07,backfill
006WR00000wkBqGYAU,Parc Plaza,Originator__c,(null),005WR00000CXIX7YAP,2026-07-08-backfill-originator.py,2026-07-08T15:51:07,backfill
006WR00000wkC6PYAU,The Caruth,Originator__c,(null),005WR00000CXIX7YAP,2026-07-08-backfill-originator.py,2026-07-08T15:51:07,backfill
006WR00000wkC6QYAU,Jefferson Innova,Originator__c,(null),005WR00000CXIX7YAP,2026-07-08-backfill-originator.py,2026-07-08T15:51:07,backfill
006WR00000wkC6RYAU,Gables Uptown Trail,Originator__c,(null),005WR00000CXIX7YAP,2026-07-08-backfill-originator.py,2026-07-08T15:51:07,backfill
006WR00000wkC6SYAU,Strata,Originator__c,(null),005WR00000CXIX7YAP,2026-07-08-backfill-originator.py,2026-07-08T15:51:07,backfill
006WR00000wkC6TYAU,Indie Deep Ellum,Originator__c,(null),005WR00000CXIX7YAP,2026-07-08-backfill-originator.py,2026-07-08T15:51:07,backfill
006WR00000wkC6UYAU,Victorian,Originator__c,(null),005WR00000CXIX7YAP,2026-07-08-backfill-originator.py,2026-07-08T15:51:07,backfill
006WR00000wkC6VYAU,The Falls & Oaks Village,Originator__c,(null),005WR00000CXIX7YAP,2026-07-08-backfill-originator.py,2026-07-08T15:51:07,backfill
006WR00000wkC6WYAU,St. Charles Place,Originator__c,(null),005WR00000CXIX7YAP,2026-07-08-backfill-originator.py,2026-07-08T15:51:07,backfill
006WR00000wkC6XYAU,Swivel,Originator__c,(null),005WR00000DE3zRYAT,2026-07-08-backfill-originator.py,2026-07-08T15:51:07,backfill
006WR00000wkC6YYAU,The Centerline Apartments,Originator__c,(null),005WR00000DE3zRYAT,2026-07-08-backfill-originator.py,2026-07-08T15:51:07,backfill
006WR00000wkC6ZYAU,Ocean Hills 55+,Originator__c,(null),005WR00000DE3zRYAT,2026-07-08-backfill-originator.py,2026-07-08T15:51:07,backfill
006WR00000wkC6aYAE,Immanuel Village,Originator__c,(null),005WR00000DE3zRYAT,2026-07-08-backfill-originator.py,2026-07-08T15:51:07,backfill
006WR00000wkC6bYAE,Willows Apartments,Originator__c,(null),005WR00000DE3zRYAT,2026-07-08-backfill-originator.py,2026-07-08T15:51:07,backfill
006WR00000wkC6cYAE,Richland Park Apartments,Originator__c,(null),005WR00000DE3zRYAT,2026-07-08-backfill-originator.py,2026-07-08T15:51:07,backfill
006WR00000wkC6dYAE,Steeplechase On Maple,Originator__c,(null),005WR00000DE3zRYAT,2026-07-08-backfill-originator.py,2026-07-08T15:51:07,backfill
006WR00000wkC6eYAE,LivDomo 1,Originator__c,(null),005WR00000DE3zRYAT,2026-07-08-backfill-originator.py,2026-07-08T15:51:07,backfill
006WR00000wkC6fYAE,LivDomo 2,Originator__c,(null),005WR00000DE3zRYAT,2026-07-08-backfill-originator.py,2026-07-08T15:51:07,backfill
006WR00000wkC6gYAE,LivDomo 3,Originator__c,(null),005WR00000DE3zRYAT,2026-07-08-backfill-originator.py,2026-07-08T15:51:07,backfill
006WR00000wkC6hYAE,LivDomo 4,Originator__c,(null),005WR00000DE3zRYAT,2026-07-08-backfill-originator.py,2026-07-08T15:51:07,backfill
006WR00000wkC6iYAE,LivDomo 5,Originator__c,(null),005WR00000DE3zRYAT,2026-07-08-backfill-originator.py,2026-07-08T15:51:07,backfill
006WR00000wkC6jYAE,LivDomo 7,Originator__c,(null),005WR00000DE3zRYAT,2026-07-08-backfill-originator.py,2026-07-08T15:51:07,backfill
006WR00000wkC6kYAE,Somerset Court,Originator__c,(null),005WR00000DE3zRYAT,2026-07-08-backfill-originator.py,2026-07-08T15:51:07,backfill
006WR00000wkC6lYAE,Robin Hill,Originator__c,(null),005WR00000CXEZyYAP,2026-07-08-backfill-originator.py,2026-07-08T15:51:07,backfill
006WR00000wkC6mYAE,Park Mesa,Originator__c,(null),005WR00000DE44HYAT,2026-07-08-backfill-originator.py,2026-07-08T15:51:07,backfill
006WR00000wkC6nYAE,The Oaks Apartments,Originator__c,(null),005WR00000DE44HYAT,2026-07-08-backfill-originator.py,2026-07-08T15:51:07,backfill
006WR00000wkC6oYAE,The Piedmont,Originator__c,(null),005WR00000CXEZyYAP,2026-07-08-backfill-originator.py,2026-07-08T15:51:07,backfill
006WR00000wkC6pYAE,Vero,Originator__c,(null),005WR00000CXEZyYAP,2026-07-08-backfill-originator.py,2026-07-08T15:51:07,backfill
006WR00000wkC6qYAE,Ten01 on the Lake,Originator__c,(null),005WR00000CXEZyYAP,2026-07-08-backfill-originator.py,2026-07-08T15:51:07,backfill
006WR00000wkC6rYAE,The Access,Originator__c,(null),005WR00000CXEZyYAP,2026-07-08-backfill-originator.py,2026-07-08T15:51:07,backfill
006WR00000wkC6sYAE,Sandshell At Fossil Creek,Originator__c,(null),005WR00000CXEZyYAP,2026-07-08-backfill-originator.py,2026-07-08T15:51:07,backfill
006WR00000wkC6tYAE,Madison Apartments,Originator__c,(null),005WR00000CXEZyYAP,2026-07-08-backfill-originator.py,2026-07-08T15:51:07,backfill
006WR00000wkC6uYAE,Oak Knoll Villas,Originator__c,(null),005WR00000CXEZyYAP,2026-07-08-backfill-originator.py,2026-07-08T15:51:07,backfill
006WR00000wkC6vYAE,Park View Terrace,Originator__c,(null),005WR00000CXEZyYAP,2026-07-08-backfill-originator.py,2026-07-08T15:51:07,backfill
006WR00000wkC6wYAE,The Avenue at Carlsbad,Originator__c,(null),005WR00000CXEZyYAP,2026-07-08-backfill-originator.py,2026-07-08T15:51:07,backfill
006WR00000wkC6xYAE,Terra Pointe Apartments,Originator__c,(null),005WR00000CXEZyYAP,2026-07-08-backfill-originator.py,2026-07-08T15:51:07,backfill
006WR00000wkC6yYAE,Fellowship Square Historic Mesa,Originator__c,(null),005WR00000DE45tYAD,2026-07-08-backfill-originator.py,2026-07-08T15:51:07,backfill
006WR00000wkC6zYAE,Indian Creek,Originator__c,(null),005WR00000CXIX7YAP,2026-07-08-backfill-originator.py,2026-07-08T15:51:07,backfill
006WR00000wkC70YAE,Mac's Mobile Home Park/ Twin Oaks II,Originator__c,(null),005WR00000DEU6oYAH,2026-07-08-backfill-originator.py,2026-07-08T15:51:07,backfill
006WR00000wkC71YAE,Horizon House [LOST],Originator__c,(null),005WR00000DE3zRYAT,2026-07-08-backfill-originator.py,2026-07-08T15:51:07,backfill
006WR00000wkC72YAE,Riviera Mobile Home & RV Park,Originator__c,(null),005WR00000DEU6oYAH,2026-07-08-backfill-originator.py,2026-07-08T15:51:07,backfill
006WR00000wkC73YAE,Loveland by Broadmoor,Originator__c,(null),005WR00000DEU6oYAH,2026-07-08-backfill-originator.py,2026-07-08T15:51:07,backfill
006WR00000wkC74YAE,Shamrock Trailer Park,Originator__c,(null),005WR00000DEU6oYAH,2026-07-08-backfill-originator.py,2026-07-08T15:51:07,backfill
006WR00000wkC75YAE,Sea Aire Mobile Park,Originator__c,(null),005WR00000DEU6oYAH,2026-07-08-backfill-originator.py,2026-07-08T15:51:07,backfill
006WR00000wkC76YAE,West Queen Anne School Condominiums,Originator__c,(null),005WR00000CXEZyYAP,2026-07-08-backfill-originator.py,2026-07-08T15:51:07,backfill
006WR00000wkC77YAE,Tomball Square Apartments,Originator__c,(null),005WR00000CXEZyYAP,2026-07-08-backfill-originator.py,2026-07-08T15:51:07,backfill
006WR00000wkC78YAE,Mezzo Condominiums,Originator__c,(null),005WR00000CXEZyYAP,2026-07-08-backfill-originator.py,2026-07-08T15:51:07,backfill
006WR00000wkC79YAE,Benchmark,Originator__c,(null),005WR00000CXEZyYAP,2026-07-08-backfill-originator.py,2026-07-08T15:51:07,backfill
006WR00000wkC7AYAU,Aviva Mesa,Originator__c,(null),005WR00000DE44HYAT,2026-07-08-backfill-originator.py,2026-07-08T15:51:07,backfill
006WR00000wkC7BYAU,The Village at Sun Valley,Originator__c,(null),005WR00000DE44HYAT,2026-07-08-backfill-originator.py,2026-07-08T15:51:07,backfill
006WR00000wkC7CYAU,Highlander,Originator__c,(null),005WR00000DE3zRYAT,2026-07-08-backfill-originator.py,2026-07-08T15:51:07,backfill
006WR00000wkC7DYAU,Hidden Hills Apartments,Originator__c,(null),005WR00000DE3zRYAT,2026-07-08-backfill-originator.py,2026-07-08T15:51:07,backfill
006WR00000wkC7EYAU,Green Oak Villas,Originator__c,(null),005WR00000DE3zRYAT,2026-07-08-backfill-originator.py,2026-07-08T15:51:07,backfill
006WR00000wkC7FYAU,Green Valley MHP,Originator__c,(null),005WR00000DE3zRYAT,2026-07-08-backfill-originator.py,2026-07-08T15:51:07,backfill
006WR00000wkC7GYAU,Navona,Originator__c,(null),005WR00000DE44HYAT,2026-07-08-backfill-originator.py,2026-07-08T15:51:07,backfill
006WR00000wkC7HYAU,Cheatham Street Flats,Originator__c,(null),005WR00000CXIX7YAP,2026-07-08-backfill-originator.py,2026-07-08T15:51:07,backfill
006WR00000wkC7IYAU,LivDomo 6,Originator__c,(null),005WR00000DE3zRYAT,2026-07-08-backfill-originator.py,2026-07-08T15:51:07,backfill
006WR00000wkC7JYAU,Radius at the Domain,Originator__c,(null),005WR00000DE3zRYAT,2026-07-08-backfill-originator.py,2026-07-08T15:51:07,backfill
006WR00000wkC7KYAU,Lindenwood Court Apartments,Originator__c,(null),005WR00000DE3zRYAT,2026-07-08-backfill-originator.py,2026-07-08T15:51:07,backfill
006WR00000wkC7LYAU,Dana Park Apartments,Originator__c,(null),005WR00000DE44HYAT,2026-07-08-backfill-originator.py,2026-07-08T15:51:07,backfill
006WR00000wkC7MYAU,Tramor at the Oaks Apartments,Originator__c,(null),005WR00000DE3zRYAT,2026-07-08-backfill-originator.py,2026-07-08T15:51:07,backfill
006WR00000wkC7NYAU,1245 W Baseline Rd,Originator__c,(null),005WR00000DE45tYAD,2026-07-08-backfill-originator.py,2026-07-08T15:51:07,backfill
006WR00000wkC7OYAU,Pacific Villas,Originator__c,(null),005WR00000DEU6oYAH,2026-07-08-backfill-originator.py,2026-07-08T15:51:07,backfill
006WR00000wkC7PYAU,Waterworks Condos,Originator__c,(null),005WR00000DEU6oYAH,2026-07-08-backfill-originator.py,2026-07-08T15:51:07,backfill
006WR00000wkC7QYAU,Marlborough Mesa Villas,Originator__c,(null),005WR00000DEU6oYAH,2026-07-08-backfill-originator.py,2026-07-08T15:51:07,backfill
006WR00000wkC7RYAU,Graysill Casitas,Originator__c,(null),005WR00000DEU6oYAH,2026-07-08-backfill-originator.py,2026-07-08T15:51:07,backfill
006WR00000wkC7SYAU,S Karmella Trailer Park,Originator__c,(null),005WR0000030R1hYAE,2026-07-08-backfill-originator.py,2026-07-08T15:51:07,backfill
006WR00000wkC7TYAU,Alma Gardens Mobile Home and RV Park,Originator__c,(null),005WR00000DE44HYAT,2026-07-08-backfill-originator.py,2026-07-08T15:51:07,backfill
006WR00000wkC7UYAU,Mesa Summit Apartments,Originator__c,(null),005WR00000DE44HYAT,2026-07-08-backfill-originator.py,2026-07-08T15:51:07,backfill
006WR00000wkC7VYAU,The PLace at El Prado,Originator__c,(null),005WR00000DEU6oYAH,2026-07-08-backfill-originator.py,2026-07-08T15:51:07,backfill
006WR00000wkC7WYAU,Westmount at Urban Trails,Originator__c,(null),005WR00000DEU6oYAH,2026-07-08-backfill-originator.py,2026-07-08T15:51:07,backfill
006WR00000wkC7XYAU,Villas Mesa 2,Originator__c,(null),005WR00000DEU6oYAH,2026-07-08-backfill-originator.py,2026-07-08T15:51:07,backfill
006WR00000wkC7YYAU,Westmount at The District Apartments,Originator__c,(null),005WR00000DEU6oYAH,2026-07-08-backfill-originator.py,2026-07-08T15:51:07,backfill
006WR00000wkC7ZYAU,The Carondelet,Originator__c,(null),005WR00000DE45tYAD,2026-07-08-backfill-originator.py,2026-07-08T15:51:07,backfill
006WR00000wkC7aYAE,Butler Ridge,Originator__c,(null),005WR00000CXEZyYAP,2026-07-08-backfill-originator.py,2026-07-08T15:51:07,backfill
006WR00000wkC7bYAE,Val Vista Villages RV Park & Resort,Originator__c,(null),005WR00000DEU6oYAH,2026-07-08-backfill-originator.py,2026-07-08T15:51:07,backfill
006WR00000wkC7cYAE,Towerpoint RV Resort,Originator__c,(null),005WR00000DEU6oYAH,2026-07-08-backfill-originator.py,2026-07-08T15:51:07,backfill
006WR00000wkC7dYAE,Mesa Regal Rv Resort,Originator__c,(null),005WR00000DEU6oYAH,2026-07-08-backfill-originator.py,2026-07-08T15:51:07,backfill
006WR00000wkC7eYAE,The Citadel,Originator__c,(null),005WR00000DE45tYAD,2026-07-08-backfill-originator.py,2026-07-08T15:51:07,backfill
006WR00000wkC7fYAE,Vista Grove,Originator__c,(null),005WR00000DE44HYAT,2026-07-08-backfill-originator.py,2026-07-08T15:51:07,backfill
006WR00000wkC7gYAE,Waylon Desert Haven,Originator__c,(null),005WR00000DE44HYAT,2026-07-08-backfill-originator.py,2026-07-08T15:51:07,backfill
006WR00000wkC7hYAE,Patio Gardens MHP,Originator__c,(null),005WR00000DE44HYAT,2026-07-08-backfill-originator.py,2026-07-08T15:51:07,backfill
006WR00000wkC7iYAE,Rambler Mobile Home Park,Originator__c,(null),005WR00000DE44HYAT,2026-07-08-backfill-originator.py,2026-07-08T15:51:07,backfill
006WR00000wkC7jYAE,Talise Apartments,Originator__c,(null),005WR00000DE44HYAT,2026-07-08-backfill-originator.py,2026-07-08T15:51:07,backfill
006WR00000wkC7kYAE,San Cierra,Originator__c,(null),005WR00000DE44HYAT,2026-07-08-backfill-originator.py,2026-07-08T15:51:07,backfill
006WR00000wkC7lYAE,Waterford at Superstition Springs,Originator__c,(null),005WR00000DE44HYAT,2026-07-08-backfill-originator.py,2026-07-08T15:51:07,backfill
006WR00000wkC7mYAE,Cabrillo Pointe,Originator__c,(null),005WR00000DE45tYAD,2026-07-08-backfill-originator.py,2026-07-08T15:51:07,backfill
006WR00000wkC7nYAE,Biscayne Bay,Originator__c,(null),005WR00000DE45tYAD,2026-07-08-backfill-originator.py,2026-07-08T15:51:07,backfill
006WR00000wkC7oYAE,Reflections at Red Mountain,Originator__c,(null),005WR00000DE45tYAD,2026-07-08-backfill-originator.py,2026-07-08T15:51:07,backfill
006WR00000wkC7pYAE,Mirada at the Islands,Originator__c,(null),005WR00000DE45tYAD,2026-07-08-backfill-originator.py,2026-07-08T15:51:07,backfill
006WR00000wkC7qYAE,Lunar Bear 454 West,Originator__c,(null),005WR00000DE45tYAD,2026-07-08-backfill-originator.py,2026-07-08T15:51:07,backfill
006WR00000wkC7rYAE,Mesa Shadows Mobile Home Park,Originator__c,(null),005WR00000DE44HYAT,2026-07-08-backfill-originator.py,2026-07-08T15:51:07,backfill
006WR00000wkC7sYAE,Brentwood West,Originator__c,(null),005WR00000DE45tYAD,2026-07-08-backfill-originator.py,2026-07-08T15:51:07,backfill
006WR00000wkC7tYAE,Woodstream Village Apartments,Originator__c,(null),005WR00000DE44HYAT,2026-07-08-backfill-originator.py,2026-07-08T15:51:07,backfill
006WR00000wkC7uYAE,Sonoran Palms Apartments,Originator__c,(null),005WR00000DE44HYAT,2026-07-08-backfill-originator.py,2026-07-08T15:51:07,backfill
006WR00000wkC7vYAE,Burnett Place Apartments,Originator__c,(null),005WR00000DEU6oYAH,2026-07-08-backfill-originator.py,2026-07-08T15:51:07,backfill
006WR00000wkC7wYAE,The Grove Independent Living,Originator__c,(null),005WR00000DE44HYAT,2026-07-08-backfill-originator.py,2026-07-08T15:51:07,backfill
006WR00000wkC7xYAE,Chateau West Apartments,Originator__c,(null),005WR00000DEU6oYAH,2026-07-08-backfill-originator.py,2026-07-08T15:51:07,backfill
006WR00000wkC7yYAE,Quail Run Apartments,Originator__c,(null),005WR00000DEU6oYAH,2026-07-08-backfill-originator.py,2026-07-08T15:51:07,backfill
006WR00000wkC7zYAE,Williamsburg Townhomes and Apartments,Originator__c,(null),005WR00000DEU6oYAH,2026-07-08-backfill-originator.py,2026-07-08T15:51:07,backfill
006WR00000wkC80YAE,StoneGate Estates Mobile Home Community,Originator__c,(null),005WR00000DEU6oYAH,2026-07-08-backfill-originator.py,2026-07-08T15:51:07,backfill
006WR00000wkC81YAE,The Village at Fox Creek,Originator__c,(null),005WR00000CXIX7YAP,2026-07-08-backfill-originator.py,2026-07-08T15:51:07,backfill
006WR00000wkC82YAE,San Fernando Apartments,Originator__c,(null),005WR00000DEU6oYAH,2026-07-08-backfill-originator.py,2026-07-08T15:51:07,backfill
006WR00000wkCjCYAU,Villas of Omaha at Butler Ridge,Originator__c,(null),005WR00000DE3zRYAT,2026-07-08-backfill-originator.py,2026-07-08T15:51:07,backfill
006WR00000wkCjDYAU,Villa Vinee Apartments,Originator__c,(null),005WR00000DEU6oYAH,2026-07-08-backfill-originator.py,2026-07-08T15:51:07,backfill
006WR00000wkCjEYAU,Sedona Springs,Originator__c,(null),005WR00000DE45tYAD,2026-07-08-backfill-originator.py,2026-07-08T15:51:07,backfill
006WR00000wkCjFYAU,La Mesa Grande Condominiums,Originator__c,(null),005WR00000DEU6oYAH,2026-07-08-backfill-originator.py,2026-07-08T15:51:07,backfill
006WR00000wkCjGYAU,Country Club Villas ESCONDIDO,Originator__c,(null),005WR00000DE3zRYAT,2026-07-08-backfill-originator.py,2026-07-08T15:51:07,backfill
006WR00000wkCjHYAU,Rancho San Luis Rey 55+,Originator__c,(null),005WR0000030RCzYAM,2026-07-08-backfill-originator.py,2026-07-08T15:51:07,backfill
006WR00000wkCjIYAU,Val Vista Gardens,Originator__c,(null),005WR00000DE45tYAD,2026-07-08-backfill-originator.py,2026-07-08T15:51:07,backfill
006WR00000wkCjJYAU,View at Catalina Apartments,Originator__c,(null),005WR00000DE45tYAD,2026-07-08-backfill-originator.py,2026-07-08T15:51:07,backfill
006WR00000wkCjKYAU,Argenta Apartments,Originator__c,(null),005WR00000DE44HYAT,2026-07-08-backfill-originator.py,2026-07-08T15:51:07,backfill
006WR00000wkCjLYAU,Parker Place (Just off Post) Apartments,Originator__c,(null),005WR00000DEU6oYAH,2026-07-08-backfill-originator.py,2026-07-08T15:51:07,backfill
006WR00000wkCjMYAU,Gardens of Taylor,Originator__c,(null),005WR00000DEU6oYAH,2026-07-08-backfill-originator.py,2026-07-08T15:51:07,backfill
006WR00000wkCjNYAU,Sonoran Reserve,Originator__c,(null),005WR00000DE45tYAD,2026-07-08-backfill-originator.py,2026-07-08T15:51:07,backfill
006WR00000wkCjOYAU,Northpoint Villas,Originator__c,(null),005WR00000DEU6oYAH,2026-07-08-backfill-originator.py,2026-07-08T15:51:07,backfill
006WR00000wkCjPYAU,Century Plaza,Originator__c,(null),005WR00000DEU6oYAH,2026-07-08-backfill-originator.py,2026-07-08T15:51:07,backfill
006WR00000wkCjQYAU,Southridge Apartments,Originator__c,(null),005WR00000DEU6oYAH,2026-07-08-backfill-originator.py,2026-07-08T15:51:07,backfill
006WR00000wkCjRYAU,Palm Gardens,Originator__c,(null),005WR00000DE45tYAD,2026-07-08-backfill-originator.py,2026-07-08T15:51:07,backfill
006WR00000wkCjSYAU,Apache East,Originator__c,(null),005WR00000DE45tYAD,2026-07-08-backfill-originator.py,2026-07-08T15:51:07,backfill
006WR00000wkCjTYAU,Copper Village,Originator__c,(null),005WR00000DE45tYAD,2026-07-08-backfill-originator.py,2026-07-08T15:51:07,backfill
006WR00000wkCjUYAU,Desert Skies,Originator__c,(null),005WR00000DE45tYAD,2026-07-08-backfill-originator.py,2026-07-08T15:51:07,backfill
006WR00000wkCjVYAU,215 N Power Rd,Originator__c,(null),005WR00000DE45tYAD,2026-07-08-backfill-originator.py,2026-07-08T15:51:07,backfill
006WR00000wkCjWYAU,Paradise Cove at the Islands,Originator__c,(null),005WR00000DE45tYAD,2026-07-08-backfill-originator.py,2026-07-08T15:51:07,backfill
006WR00000wkCjXYAU,Windsor Park,Originator__c,(null),005WR00000DE45tYAD,2026-07-08-backfill-originator.py,2026-07-08T15:51:07,backfill
006WR00000wkCjYYAU,Carefree Manor,Originator__c,(null),005WR00000DE45tYAD,2026-07-08-backfill-originator.py,2026-07-08T15:51:07,backfill
006WR00000wkCjZYAU,Sabino Vista II,Originator__c,(null),005WR00000DE45tYAD,2026-07-08-backfill-originator.py,2026-07-08T15:51:07,backfill
006WR00000wkCjaYAE,Campbell Ranch on Roger,Originator__c,(null),005WR00000DE45tYAD,2026-07-08-backfill-originator.py,2026-07-08T15:51:07,backfill
006WR00000wkCjbYAE,Sabino Vista I,Originator__c,(null),005WR00000DE45tYAD,2026-07-08-backfill-originator.py,2026-07-08T15:51:07,backfill
006WR00000wkCjcYAE,Deerfield Village on Fort Lowell,Originator__c,(null),005WR00000DE45tYAD,2026-07-08-backfill-originator.py,2026-07-08T15:51:07,backfill
006WR00000wkCjdYAE,Arcadia Park Apartments,Originator__c,(null),005WR00000DE45tYAD,2026-07-08-backfill-originator.py,2026-07-08T15:51:07,backfill
006WR00000wkCjeYAE,Capistrano Apartments,Originator__c,(null),005WR00000DE45tYAD,2026-07-08-backfill-originator.py,2026-07-08T15:51:07,backfill
006WR00000wkCjfYAE,Stone Hill Apartments,Originator__c,(null),005WR00000DEU6oYAH,2026-07-08-backfill-originator.py,2026-07-08T15:51:07,backfill
006WR00000wkCjgYAE,Estates of Bridgeport,Originator__c,(null),005WR00000DEU6oYAH,2026-07-08-backfill-originator.py,2026-07-08T15:51:07,backfill
006WR00000wkCjhYAE,TAYLOR_MDU_DEBUS_APTS AKA Boxwoods at Taylor Condo Community,Originator__c,(null),005WR00000DEU6oYAH,2026-07-08-backfill-originator.py,2026-07-08T15:51:07,backfill
006WR00000wkCjiYAE,Sandstone Dr Townhomes,Originator__c,(null),005WR00000DEU6oYAH,2026-07-08-backfill-originator.py,2026-07-08T15:51:07,backfill
006WR00000wkCjjYAE,Irvington Heights,Originator__c,(null),005WR00000DEU6oYAH,2026-07-08-backfill-originator.py,2026-07-08T15:51:07,backfill
006WR00000wkCjkYAE,Valley of Dreams MHP,Originator__c,(null),005WR00000DEU6oYAH,2026-07-08-backfill-originator.py,2026-07-08T15:51:07,backfill
006WR00000wkCjlYAE,Cantebria Senior Homes,Originator__c,(null),005WR00000DEU6oYAH,2026-07-08-backfill-originator.py,2026-07-08T15:51:07,backfill
006WR00000wkCjmYAE,Spyglass Point,Originator__c,(null),005WR00000DEU6oYAH,2026-07-08-backfill-originator.py,2026-07-08T15:51:07,backfill
006WR00000wkCjnYAE,Sixth Green Townhomes,Originator__c,(null),005WR00000DEU6oYAH,2026-07-08-backfill-originator.py,2026-07-08T15:51:07,backfill
006WR00000wkCjoYAE,Woodgate Townhomes,Originator__c,(null),005WR00000DEU6oYAH,2026-07-08-backfill-originator.py,2026-07-08T15:51:07,backfill
006WR00000wkCjpYAE,Steven's Manor Townhomes,Originator__c,(null),005WR00000DEU6oYAH,2026-07-08-backfill-originator.py,2026-07-08T15:51:07,backfill
006WR00000wkCjqYAE,Hillside Rows Apts,Originator__c,(null),005WR00000DEU6oYAH,2026-07-08-backfill-originator.py,2026-07-08T15:51:07,backfill
006WR00000wkCjrYAE,Su Casa Por Cortez Apartments Community Housing,Originator__c,(null),005WR00000DEU6oYAH,2026-07-08-backfill-originator.py,2026-07-08T15:51:07,backfill
006WR00000wkCjsYAE,Vaughan Manor Apartments,Originator__c,(null),005WR00000DEU6oYAH,2026-07-08-backfill-originator.py,2026-07-08T15:51:07,backfill
006WR00000wkCjtYAE,The Canyons at Linda Vista Trail,Originator__c,(null),005WR00000DE45tYAD,2026-07-08-backfill-originator.py,2026-07-08T15:51:07,backfill
006WR00000wkCjuYAE,Bradley Arms,Originator__c,(null),005WR000003CD6DYAW,2026-07-08-backfill-originator.py,2026-07-08T15:51:07,backfill
006WR00000wkCjvYAE,Pima Canyon,Originator__c,(null),005WR00000DE45tYAD,2026-07-08-backfill-originator.py,2026-07-08T15:51:07,backfill
006WR00000wkCjwYAE,Villas at San Dorado,Originator__c,(null),005WR00000DE45tYAD,2026-07-08-backfill-originator.py,2026-07-08T15:51:07,backfill
006WR00000wkCjxYAE,La Costa View,Originator__c,(null),005WR00000DEU6oYAH,2026-07-08-backfill-originator.py,2026-07-08T15:51:07,backfill
006WR00000wkCjyYAE,Las Palmas Apartments,Originator__c,(null),005WR00000DE3zRYAT,2026-07-08-backfill-originator.py,2026-07-08T15:51:07,backfill
006WR00000wkCjzYAE,The Golf Villas at Oro Valley,Originator__c,(null),005WR00000DE45tYAD,2026-07-08-backfill-originator.py,2026-07-08T15:51:07,backfill
006WR00000wkCk0YAE,Oro Vista Apartments,Originator__c,(null),005WR00000DE45tYAD,2026-07-08-backfill-originator.py,2026-07-08T15:51:07,backfill
006WR00000wkCk1YAE,Sorelle,Originator__c,(null),005WR00000DE3zRYAT,2026-07-08-backfill-originator.py,2026-07-08T15:51:07,backfill
006WR00000wkCk2YAE,The Brooke by ARIUM,Originator__c,(null),005WR00000DE3zRYAT,2026-07-08-backfill-originator.py,2026-07-08T15:51:07,backfill
006WR00000wkCk3YAE,Villas on Sixth,Originator__c,(null),005WR00000DE3zRYAT,2026-07-08-backfill-originator.py,2026-07-08T15:51:07,backfill
006WR00000wkCk4YAE,Callista Hill Country Apts,Originator__c,(null),005WR00000DE3zRYAT,2026-07-08-backfill-originator.py,2026-07-08T15:51:07,backfill
006WR00000wkCk5YAE,Foxfire. BRUSHY CREEK VILLAGE,Originator__c,(null),005WR00000DE3zRYAT,2026-07-08-backfill-originator.py,2026-07-08T15:51:07,backfill
006WR00000wkCk6YAE,Main Street Square,Originator__c,(null),005WR00000DE3zRYAT,2026-07-08-backfill-originator.py,2026-07-08T15:51:07,backfill
006WR00000wkCk7YAE,Stone View on Horne,Originator__c,(null),005WR0000030R1hYAE,2026-07-08-backfill-originator.py,2026-07-08T15:51:07,backfill
006WR00000wkCk8YAE,Bridgewood Townhomes,Originator__c,(null),005WR00000DEU6oYAH,2026-07-08-backfill-originator.py,2026-07-08T15:51:07,backfill
006WR00000wkCk9YAE,Vista Ridge,Originator__c,(null),005WR00000CXIX7YAP,2026-07-08-backfill-originator.py,2026-07-08T15:51:07,backfill
006WR00000wkCkAYAU,Florence Towers,Originator__c,(null),005WR00000DE3zRYAT,2026-07-08-backfill-originator.py,2026-07-08T15:51:07,backfill
006WR00000wkCkBYAU,Evans Tower,Originator__c,(null),005WR00000DE3zRYAT,2026-07-08-backfill-originator.py,2026-07-08T15:51:07,backfill
006WR00000wkCkCYAU,Tre Allagio Condominium,Originator__c,(null),005WR00000DE45tYAD,2026-07-08-backfill-originator.py,2026-07-08T15:51:07,backfill
006WR00000wkCkDYAU,North Chandler Place,Originator__c,(null),005WR00000DE45tYAD,2026-07-08-backfill-originator.py,2026-07-08T15:51:07,backfill
006WR00000wkCkEYAU,Harbor Cove HOA,Originator__c,(null),005WR00000DE45tYAD,2026-07-08-backfill-originator.py,2026-07-08T15:51:07,backfill
006WR00000wkCkFYAU,Villas Las Toronjas II,Originator__c,(null),005WR00000DE45tYAD,2026-07-08-backfill-originator.py,2026-07-08T15:51:07,backfill
006WR00000wkCkGYAU,Huntington Park Apartments,Originator__c,(null),005WR00000DE45tYAD,2026-07-08-backfill-originator.py,2026-07-08T15:51:07,backfill
006WR00000wkCkHYAU,Villas las Naranjas,Originator__c,(null),005WR00000DE45tYAD,2026-07-08-backfill-originator.py,2026-07-08T15:51:07,backfill
006WR00000wkCkIYAU,Ocotillo Apartments,Originator__c,(null),005WR00000DE45tYAD,2026-07-08-backfill-originator.py,2026-07-08T15:51:07,backfill
006WR00000wkCkJYAU,El Conquistador Apartments,Originator__c,(null),005WR00000DE45tYAD,2026-07-08-backfill-originator.py,2026-07-08T15:51:07,backfill
006WR00000wkCkKYAU,Villas las Mandarinas,Originator__c,(null),005WR00000DE45tYAD,2026-07-08-backfill-originator.py,2026-07-08T15:51:07,backfill
006WR00000wkCkLYAU,Villas del Paraiso,Originator__c,(null),005WR00000DE45tYAD,2026-07-08-backfill-originator.py,2026-07-08T15:51:07,backfill
006WR00000wkCkMYAU,The Royal El Con Apartments,Originator__c,(null),005WR00000DE45tYAD,2026-07-08-backfill-originator.py,2026-07-08T15:51:07,backfill
006WR00000wkCkNYAU,Presidio Palms,Originator__c,(null),005WR00000DE45tYAD,2026-07-08-backfill-originator.py,2026-07-08T15:51:07,backfill
006WR00000wkCkOYAU,Council House Apartments,Originator__c,(null),005WR00000DE45tYAD,2026-07-08-backfill-originator.py,2026-07-08T15:51:07,backfill
006WR00000wkCkPYAU,San Marquis,Originator__c,(null),005WR00000DE45tYAD,2026-07-08-backfill-originator.py,2026-07-08T15:51:07,backfill
006WR00000wkCkQYAU,Villas las Toronjas I,Originator__c,(null),005WR00000DE45tYAD,2026-07-08-backfill-originator.py,2026-07-08T15:51:07,backfill
006WR00000wkCkRYAU,Palm Shadows Apartments - Tucson,Originator__c,(null),005WR00000DE45tYAD,2026-07-08-backfill-originator.py,2026-07-08T15:51:07,backfill
006WR00000wkCkSYAU,Sahara Apartments,Originator__c,(null),005WR00000DE45tYAD,2026-07-08-backfill-originator.py,2026-07-08T15:51:07,backfill
006WR00000wkCkTYAU,Villas de la Montaña,Originator__c,(null),005WR00000DE45tYAD,2026-07-08-backfill-originator.py,2026-07-08T15:51:07,backfill
006WR00000wkCkUYAU,Country Club Apartments - Tucson,Originator__c,(null),005WR00000DE45tYAD,2026-07-08-backfill-originator.py,2026-07-08T15:51:07,backfill
006WR00000wkCkVYAU,Villas Las Cerezas,Originator__c,(null),005WR00000DE45tYAD,2026-07-08-backfill-originator.py,2026-07-08T15:51:07,backfill
006WR00000wkCkWYAU,Liberty Landing Apartments,Originator__c,(null),005WR00000DEU6oYAH,2026-07-08-backfill-originator.py,2026-07-08T15:51:07,backfill
006WR00000wkCkXYAU,Mesa_MDU_FiestaRVR,Originator__c,(null),005WR00000DEU6oYAH,2026-07-08-backfill-originator.py,2026-07-08T15:51:07,backfill
006WR00000wkCkYYAU,Mesa_MDU_Greenfields Assisted Living,Originator__c,(null),005WR00000DEU6oYAH,2026-07-08-backfill-originator.py,2026-07-08T15:51:07,backfill
006WR00000wkCkZYAU,New Towne West Apts,Originator__c,(null),005WR00000DEU6oYAH,2026-07-08-backfill-originator.py,2026-07-08T15:51:07,backfill
006WR00000wkCkaYAE,Georgetown_MDU_Mariposa_Senior_Living,Originator__c,(null),005WR00000CXIX7YAP,2026-07-08-backfill-originator.py,2026-07-08T15:51:07,backfill
006WR00000wkCkbYAE,Colina De La Costa HOA,Originator__c,(null),005WR00000DEU6oYAH,2026-07-08-backfill-originator.py,2026-07-08T15:51:07,backfill
006WR00000wkCkcYAE,Caringa Way Condos,Originator__c,(null),005WR00000DEU6oYAH,2026-07-08-backfill-originator.py,2026-07-08T15:51:07,backfill
006WR00000wkCkdYAE,La Costa Casa Grande,Originator__c,(null),005WR00000DEU6oYAH,2026-07-08-backfill-originator.py,2026-07-08T15:51:07,backfill
006WR00000wkCkeYAE,Swanson Towers Condominiums,Originator__c,(null),005WR00000DEU6oYAH,2026-07-08-backfill-originator.py,2026-07-08T15:51:07,backfill
006WR00000wkCkfYAE,Summit & Bloomfield Townhomes,Originator__c,(null),005WR00000DEU6oYAH,2026-07-08-backfill-originator.py,2026-07-08T15:51:07,backfill
006WR00000wkCkgYAE,La Costa Village Townhomes,Originator__c,(null),005WR00000DEU6oYAH,2026-07-08-backfill-originator.py,2026-07-08T15:51:07,backfill
006WR00000wkCkhYAE,Seascape,Originator__c,(null),005WR00000DEU6oYAH,2026-07-08-backfill-originator.py,2026-07-08T15:51:07,backfill
006WR00000wkCkiYAE,Seaturf,Originator__c,(null),005WR00000DEU6oYAH,2026-07-08-backfill-originator.py,2026-07-08T15:51:07,backfill
006WR00000wkCkjYAE,Arroyo Villas,Originator__c,(null),005WR00000DEU6oYAH,2026-07-08-backfill-originator.py,2026-07-08T15:51:07,backfill
006WR00000wkCkkYAE,Coral Way,Originator__c,(null),005WR00000DEU6oYAH,2026-07-08-backfill-originator.py,2026-07-08T15:51:07,backfill
006WR00000wkCklYAE,Villa De La Costa,Originator__c,(null),005WR00000DEU6oYAH,2026-07-08-backfill-originator.py,2026-07-08T15:51:07,backfill
006WR00000wkCkmYAE,Cabanas at Coral Cove,Originator__c,(null),005WR00000DEU6oYAH,2026-07-08-backfill-originator.py,2026-07-08T15:51:07,backfill
006WR00000wkCkoYAE,Saxony Village Apartments,Originator__c,(null),005WR00000DEU6oYAH,2026-07-08-backfill-originator.py,2026-07-08T15:51:07,backfill
006WR00000wkCkpYAE,La Mer Condos,Originator__c,(null),005WR00000DEU6oYAH,2026-07-08-backfill-originator.py,2026-07-08T15:51:07,backfill
006WR00000wkCkqYAE,Lamplighter Apartments,Originator__c,(null),005WR00000DEU6oYAH,2026-07-08-backfill-originator.py,2026-07-08T15:51:07,backfill
006WR00000wkCkrYAE,Town And Country RV Park,Originator__c,(null),005WR00000DEU6oYAH,2026-07-08-backfill-originator.py,2026-07-08T15:51:07,backfill
006WR00000wkCksYAE,Sunset Mesa,Originator__c,(null),005WR00000DEU6oYAH,2026-07-08-backfill-originator.py,2026-07-08T15:51:07,backfill
006WR00000wkCktYAE,The Premiere at Eastmark,Originator__c,(null),005WR00000DE44HYAT,2026-07-08-backfill-originator.py,2026-07-08T15:51:07,backfill
006WR00000wkCkuYAE,Bella Victoria,Originator__c,(null),005WR00000DE44HYAT,2026-07-08-backfill-originator.py,2026-07-08T15:51:07,backfill
006WR00000wkCkvYAE,Western Hills Condos,Originator__c,(null),005WR00000CXIX7YAP,2026-07-08-backfill-originator.py,2026-07-08T15:51:07,backfill
006WR00000wkCkwYAE,Caravelle Townhomes,Originator__c,(null),005WR00000CXIX7YAP,2026-07-08-backfill-originator.py,2026-07-08T15:51:07,backfill
006WR00000wkCkxYAE,Hamilton Village,Originator__c,(null),005WR00000CXIX7YAP,2026-07-08-backfill-originator.py,2026-07-08T15:51:07,backfill
006WR00000wkCkyYAE,Ascot Village,Originator__c,(null),005WR00000DE3zRYAT,2026-07-08-backfill-originator.py,2026-07-08T15:51:07,backfill
006WR00000wkCkzYAE,Millcreek Apartments,Originator__c,(null),005WR00000DE3zRYAT,2026-07-08-backfill-originator.py,2026-07-08T15:51:07,backfill
006WR00000wkCl0YAE,Casa Antiqua Apartments,Originator__c,(null),005WR00000DE3zRYAT,2026-07-08-backfill-originator.py,2026-07-08T15:51:07,backfill
006WR00000wkCl1YAE,The Meadows Apartments,Originator__c,(null),005WR00000DE3zRYAT,2026-07-08-backfill-originator.py,2026-07-08T15:51:07,backfill
006WR00000wkCl2YAE,Vista Manor,Originator__c,(null),005WR00000DE3zRYAT,2026-07-08-backfill-originator.py,2026-07-08T15:51:07,backfill
006WR00000wkCl3YAE,Meridian at the Hermitage,Originator__c,(null),005WR00000CXEZyYAP,2026-07-08-backfill-originator.py,2026-07-08T15:51:07,backfill
006WR00000wkCl4YAE,Woodbine Apartments,Originator__c,(null),005WR00000DE3zRYAT,2026-07-08-backfill-originator.py,2026-07-08T15:51:07,backfill
006WR00000wkCl5YAE,Landings,Originator__c,(null),005WR00000DE44HYAT,2026-07-08-backfill-originator.py,2026-07-08T15:51:07,backfill
006WR00000wkCl6YAE,The Village of Sun Valley Apartments,Originator__c,(null),005WR00000CXIX7YAP,2026-07-08-backfill-originator.py,2026-07-08T15:51:07,backfill
006WR00000wkCl7YAE,Metro 101,Originator__c,(null),005WR00000CXEZyYAP,2026-07-08-backfill-originator.py,2026-07-08T15:51:07,backfill
006WR00000wkCl8YAE,VELA Apartments,Originator__c,(null),005WR00000CXEZyYAP,2026-07-08-backfill-originator.py,2026-07-08T15:51:07,backfill
006WR00000wkCl9YAE,Camden Tempe II,Originator__c,(null),005WR00000CXEZyYAP,2026-07-08-backfill-originator.py,2026-07-08T15:51:07,backfill
006WR00000wkClAYAU,Madison at Westinghouse,Originator__c,(null),005WR00000CXIX7YAP,2026-07-08-backfill-originator.py,2026-07-08T15:51:07,backfill
006WR00000wkClBYAU,Belterra,Originator__c,(null),005WR00000CXIX7YAP,2026-07-08-backfill-originator.py,2026-07-08T15:51:07,backfill
006WR00000wkClCYAU,Vintage Pointe Apartments X,Originator__c,(null),005WR00000DE3zRYAT,2026-07-08-backfill-originator.py,2026-07-08T15:51:07,backfill
006WR00000wkClDYAU,Vintage Pointe II X,Originator__c,(null),005WR00000DE3zRYAT,2026-07-08-backfill-originator.py,2026-07-08T15:51:07,backfill
006WR00000wkClEYAU,Ocean Park Apartments X,Originator__c,(null),005WR00000DE3zRYAT,2026-07-08-backfill-originator.py,2026-07-08T15:51:07,backfill
006WR00000wkClFYAU,Rancho Carillo Apartments X,Originator__c,(null),005WR00000DE3zRYAT,2026-07-08-backfill-originator.py,2026-07-08T15:51:07,backfill
006WR00000wkClGYAU,The Grove at Killeen,Originator__c,(null),005WR00000CXIX7YAP,2026-07-08-backfill-originator.py,2026-07-08T15:51:07,backfill
006WR00000wkClHYAU,The Remington,Originator__c,(null),005WR00000CXIX7YAP,2026-07-08-backfill-originator.py,2026-07-08T15:51:07,backfill
006WR00000wkClIYAU,544 Southern,Originator__c,(null),005WR00000DEU6oYAH,2026-07-08-backfill-originator.py,2026-07-08T15:51:07,backfill
006WR00000wkClJYAU,Indigo Springs Apartments,Originator__c,(null),005WR00000CXIX7YAP,2026-07-08-backfill-originator.py,2026-07-08T15:51:07,backfill
006WR00000wkClKYAU,HUE97,Originator__c,(null),005WR00000DE44HYAT,2026-07-08-backfill-originator.py,2026-07-08T15:51:07,backfill
006WR00000wkClLYAU,Morgan Manor,Originator__c,(null),005WR00000CXIX7YAP,2026-07-08-backfill-originator.py,2026-07-08T15:51:07,backfill
006WR00000wkClMYAU,Southcastle Apartments,Originator__c,(null),005WR00000CXIX7YAP,2026-07-08-backfill-originator.py,2026-07-08T15:51:07,backfill
006WR00000wkClNYAU,Del Mar Beach Club,Originator__c,(null),005WR0000030RCzYAM,2026-07-08-backfill-originator.py,2026-07-08T15:51:07,backfill
006WR00000wkClOYAU,Lakeview Apartments,Originator__c,(null),005WR00000CXIX7YAP,2026-07-08-backfill-originator.py,2026-07-08T15:51:07,backfill
006WR00000wkClPYAU,Crestwood Apartment Homes,Originator__c,(null),005WR00000CXIX7YAP,2026-07-08-backfill-originator.py,2026-07-08T15:51:07,backfill
006WR00000wkClQYAU,Republic Park Vista,Originator__c,(null),005WR00000DEU6oYAH,2026-07-08-backfill-originator.py,2026-07-08T15:51:07,backfill
006WR00000wkClRYAU,Grandridge,Originator__c,(null),005WR00000CXIX7YAP,2026-07-08-backfill-originator.py,2026-07-08T15:51:07,backfill
006WR00000wkClSYAU,Brickstone Villas / Tucker Apts,Originator__c,(null),005WR00000CXIX7YAP,2026-07-08-backfill-originator.py,2026-07-08T15:51:07,backfill
006WR00000wkClTYAU,The Palo Apartments,Originator__c,(null),005WR00000DEU6oYAH,2026-07-08-backfill-originator.py,2026-07-08T15:51:07,backfill
006WR00000wkClUYAU,Villa Lago,Originator__c,(null),005WR00000DEU6oYAH,2026-07-08-backfill-originator.py,2026-07-08T15:51:07,backfill
006WR00000wkClVYAU,Bryce Avenue Apartments,Originator__c,(null),005WR00000CXIX7YAP,2026-07-08-backfill-originator.py,2026-07-08T15:51:07,backfill
006WR00000wkClWYAU,Ashton Park Apartment Homes,Originator__c,(null),005WR00000CXIX7YAP,2026-07-08-backfill-originator.py,2026-07-08T15:51:07,backfill
006WR00000wkClXYAU,Stafford Place,Originator__c,(null),005WR00000CXIX7YAP,2026-07-08-backfill-originator.py,2026-07-08T15:51:07,backfill
006WR00000wkClYYAU,Collection Champions Circle,Originator__c,(null),005WR00000DEU6oYAH,2026-07-08-backfill-originator.py,2026-07-08T15:51:07,backfill
006WR00000wkClZYAU,Paloma Village,Originator__c,(null),005WR00000DEU6oYAH,2026-07-08-backfill-originator.py,2026-07-08T15:51:07,backfill
006WR00000wkClaYAE,Highview Apartments,Originator__c,(null),005WR00000CXIX7YAP,2026-07-08-backfill-originator.py,2026-07-08T15:51:07,backfill
006WR00000wkClbYAE,Solea Keller,Originator__c,(null),005WR00000DEU6oYAH,2026-07-08-backfill-originator.py,2026-07-08T15:51:07,backfill
006WR00000wkClcYAE,The Palo Townhomes,Originator__c,(null),005WR00000DEU6oYAH,2026-07-08-backfill-originator.py,2026-07-08T15:51:07,backfill
006WR00000wkCldYAE,Keystone Apartments,Originator__c,(null),005WR00000CXIX7YAP,2026-07-08-backfill-originator.py,2026-07-08T15:51:07,backfill
006WR00000wkCleYAE,Tucker Apts AKA Brickstone Villas,Originator__c,(null),005WR00000CXIX7YAP,2026-07-08-backfill-originator.py,2026-07-08T15:51:07,backfill
006WR00000wkClfYAE,Album Keller Ranch,Originator__c,(null),005WR00000DEU6oYAH,2026-07-08-backfill-originator.py,2026-07-08T15:51:07,backfill
006WR00000wkClgYAE,Country Place,Originator__c,(null),005WR00000CXIX7YAP,2026-07-08-backfill-originator.py,2026-07-08T15:51:07,backfill
006WR00000wkClhYAE,Hutto Station Apartments,Originator__c,(null),005WR00000CXIX7YAP,2026-07-08-backfill-originator.py,2026-07-08T15:51:07,backfill
006WR00000wkCliYAE,Watermere at the Preserve,Originator__c,(null),005WR00000CXIX7YAP,2026-07-08-backfill-originator.py,2026-07-08T15:51:07,backfill
006WR00000wkCljYAE,Eagle's Point Apartments,Originator__c,(null),005WR00000DEU6oYAH,2026-07-08-backfill-originator.py,2026-07-08T15:51:07,backfill
006WR00000wkClkYAE,Las Brisas,Originator__c,(null),005WR0000030RCzYAM,2026-07-08-backfill-originator.py,2026-07-08T15:51:07,backfill
006WR00000wkCllYAE,Del Mar Shores Terrace,Originator__c,(null),005WR0000030RCzYAM,2026-07-08-backfill-originator.py,2026-07-08T15:51:07,backfill
006WR00000wkClmYAE,The Grandon,Originator__c,(null),005WR000003CD6DYAW,2026-07-08-backfill-originator.py,2026-07-08T15:51:07,backfill
006WR00000wkClnYAE,Resia Hutto Square,Originator__c,(null),005WR00000CXIX7YAP,2026-07-08-backfill-originator.py,2026-07-08T15:51:07,backfill
006WR00000wkCloYAE,Elan at Keller Ranch,Originator__c,(null),005WR00000DEU6oYAH,2026-07-08-backfill-originator.py,2026-07-08T15:51:07,backfill
006WR00000wkClpYAE,Copper Mountain,Originator__c,(null),005WR00000CXIX7YAP,2026-07-08-backfill-originator.py,2026-07-08T15:51:07,backfill
006WR00000wkClqYAE,The Lyric at Keller Center Stage,Originator__c,(null),005WR00000DEU6oYAH,2026-07-08-backfill-originator.py,2026-07-08T15:51:07,backfill
006WR00000wkClrYAE,Enclave at Killeen,Originator__c,(null),005WR00000CXIX7YAP,2026-07-08-backfill-originator.py,2026-07-08T15:51:07,backfill
006WR00000wkClsYAE,The Kimberly,Originator__c,(null),005WR00000CXIX7YAP,2026-07-08-backfill-originator.py,2026-07-08T15:51:07,backfill
006WR00000wkCltYAE,Twin creek,Originator__c,(null),005WR00000CXIX7YAP,2026-07-08-backfill-originator.py,2026-07-08T15:51:07,backfill
006WR00000wkCluYAE,SkyView AKA Hoodview Apartments,Originator__c,(null),005WR00000CXIX7YAP,2026-07-08-backfill-originator.py,2026-07-08T15:51:07,backfill
006WR00000wkClvYAE,Westminster,Originator__c,(null),005WR00000CXIX7YAP,2026-07-08-backfill-originator.py,2026-07-08T15:51:07,backfill
006WR00000wkClwYAE,Wind Chase Apartments,Originator__c,(null),005WR00000CXIX7YAP,2026-07-08-backfill-originator.py,2026-07-08T15:51:07,backfill
006WR00000wkClxYAE,NorthStar Georgetown,Originator__c,(null),005WR00000CXIX7YAP,2026-07-08-backfill-originator.py,2026-07-08T15:51:07,backfill
006WR00000wkClyYAE,The Wesleyan,Originator__c,(null),005WR00000CXIX7YAP,2026-07-08-backfill-originator.py,2026-07-08T15:51:07,backfill
006WR00000wkClzYAE,Woodland Pines,Originator__c,(null),005WR00000CXIX7YAP,2026-07-08-backfill-originator.py,2026-07-08T15:51:07,backfill
006WR00000wkCm0YAE,Westhouse Apartment Flats,Originator__c,(null),005WR00000DEU6oYAH,2026-07-08-backfill-originator.py,2026-07-08T15:51:07,backfill
006WR00000wkCm1YAE,Kessler Apartments,Originator__c,(null),005WR00000DEU6oYAH,2026-07-08-backfill-originator.py,2026-07-08T15:51:07,backfill
006WR00000wkCm2YAE,Legacy Oaks of Azle,Originator__c,(null),005WR00000CXIX7YAP,2026-07-08-backfill-originator.py,2026-07-08T15:51:07,backfill
006WR00000wkCm3YAE,Vida Apartments,Originator__c,(null),005WR00000CXIX7YAP,2026-07-08-backfill-originator.py,2026-07-08T15:51:07,backfill
006WR00000wkCm4YAE,Artisan Village Apartments,Originator__c,(null),005WR00000CXIX7YAP,2026-07-08-backfill-originator.py,2026-07-08T15:51:07,backfill
006WR00000wkCm5YAE,Enclave on Golden Triangle Apartments,Originator__c,(null),005WR00000DEU6oYAH,2026-07-08-backfill-originator.py,2026-07-08T15:51:07,backfill
006WR00000wkCm6YAE,Aztec Springs Apartments,Originator__c,(null),005WR00000DE44HYAT,2026-07-08-backfill-originator.py,2026-07-08T15:51:07,backfill
006WR00000wkCm7YAE,Century Oaks,Originator__c,(null),005WR00000CXIX7YAP,2026-07-08-backfill-originator.py,2026-07-08T15:51:07,backfill
006WR00000wkCm8YAE,Harris Apartments,Originator__c,(null),005WR00000CXIX7YAP,2026-07-08-backfill-originator.py,2026-07-08T15:51:07,backfill
006WR00000wkCm9YAE,Indian Trail Estates MHP,Originator__c,(null),005WR00000CXIX7YAP,2026-07-08-backfill-originator.py,2026-07-08T15:51:07,backfill
006WR00000wkCmAYAU,Elmwood Tower - EXISTING BULK,Originator__c,(null),005WR00000CXIX7YAP,2026-07-08-backfill-originator.py,2026-07-08T15:51:07,backfill
006WR00000wkCmBYAU,Flats on Foothills,Originator__c,(null),005WR00000DE3zRYAT,2026-07-08-backfill-originator.py,2026-07-08T15:51:07,backfill
006WR00000wkCmCYAU,502 North,Originator__c,(null),005WR00000DE3zRYAT,2026-07-08-backfill-originator.py,2026-07-08T15:51:07,backfill
006WR00000wkCmDYAU,Highland Estates,Originator__c,(null),005WR00000DE3zRYAT,2026-07-08-backfill-originator.py,2026-07-08T15:51:07,backfill
006WR00000wkCmEYAU,Avalon Vista X,Originator__c,(null),005WR00000DE3zRYAT,2026-07-08-backfill-originator.py,2026-07-08T15:51:07,backfill
006WR00000wkCmFYAU,Bristol Heights,Originator__c,(null),005WR00000DE3zRYAT,2026-07-08-backfill-originator.py,2026-07-08T15:51:07,backfill
006WR00000wkCmGYAU,Craft at Gilbert and Baseline,Originator__c,(null),005WR00000DE44HYAT,2026-07-08-backfill-originator.py,2026-07-08T15:51:07,backfill
006WR00000wkCmHYAU,Trophy Ridge Apartments,Originator__c,(null),005WR00000CXIX7YAP,2026-07-08-backfill-originator.py,2026-07-08T15:51:07,backfill
006WR00000wkCmIYAU,Camden Old Creek,Originator__c,(null),005WR00000CXIX7YAP,2026-07-08-backfill-originator.py,2026-07-08T15:51:07,backfill
006WR00000wkCmJYAU,Park Encinitas,Originator__c,(null),005WR0000030RCzYAM,2026-07-08-backfill-originator.py,2026-07-08T15:51:07,backfill
006WR00000wkCmKYAU,Brickstone Villas,Originator__c,(null),005WR00000CXIX7YAP,2026-07-08-backfill-originator.py,2026-07-08T15:51:07,backfill
006WR00000wkCmLYAU,The Hillcrest,Originator__c,(null),005WR00000DE44HYAT,2026-07-08-backfill-originator.py,2026-07-08T15:51:07,backfill
006WR00000wkCmMYAU,Allora North Georgetown,Originator__c,(null),005WR00000DEU6oYAH,2026-07-08-backfill-originator.py,2026-07-08T15:51:07,backfill
006WR00000wkCmNYAU,Alta Austin Avenue (AKA Austin Avenue),Originator__c,(null),005WR00000CXIX7YAP,2026-07-08-backfill-originator.py,2026-07-08T15:51:07,backfill
006WR00000wkDLrYAM,Parallax @ Georgetown,Originator__c,(null),005WR00000CXIX7YAP,2026-07-08-backfill-originator.py,2026-07-08T15:51:07,backfill
006WR00000wkDLsYAM,Williamson At The Overlook,Originator__c,(null),005WR00000DEU6oYAH,2026-07-08-backfill-originator.py,2026-07-08T15:51:07,backfill
006WR00000wkDLtYAM,Olympus Town Center,Originator__c,(null),005WR00000DEU6oYAH,2026-07-08-backfill-originator.py,2026-07-08T15:51:07,backfill
006WR00000wkDLuYAM,Two Rivers Apartments,Originator__c,(null),005WR00000CXIX7YAP,2026-07-08-backfill-originator.py,2026-07-08T15:51:07,backfill
006WR00000wkDLvYAM,Rise at Dobson Ranch,Originator__c,(null),005WR00000DEU6oYAH,2026-07-08-backfill-originator.py,2026-07-08T15:51:07,backfill
006WR00000wkDLwYAM,Waterford Place Apartments,Originator__c,(null),005WR00000DEU6oYAH,2026-07-08-backfill-originator.py,2026-07-08T15:51:07,backfill
006WR00000wkDLxYAM,Lemon & Pear Tree Apartments,Originator__c,(null),005WR00000DEU6oYAH,2026-07-08-backfill-originator.py,2026-07-08T15:51:07,backfill
006WR00000wkDLyYAM,Verona Park Apts,Originator__c,(null),005WR00000DEU6oYAH,2026-07-08-backfill-originator.py,2026-07-08T15:51:07,backfill
006WR00000wkDLzYAM,The Joshua Apts,Originator__c,(null),005WR00000DEU6oYAH,2026-07-08-backfill-originator.py,2026-07-08T15:51:07,backfill
006WR00000wkDM0YAM,Vista Valley Apartments,Originator__c,(null),005WR00000DEU6oYAH,2026-07-08-backfill-originator.py,2026-07-08T15:51:07,backfill
006WR00000wkDM1YAM,The District at Fiesta Park Apts,Originator__c,(null),005WR00000DEU6oYAH,2026-07-08-backfill-originator.py,2026-07-08T15:51:07,backfill
006WR00000wkDM2YAM,The Forum Apartments FKA Archstone Apartments,Originator__c,(null),005WR00000DEU6oYAH,2026-07-08-backfill-originator.py,2026-07-08T15:51:07,backfill
006WR00000wkDM3YAM,Luxe at Ocotillo,Originator__c,(null),005WR00000DE44HYAT,2026-07-08-backfill-originator.py,2026-07-08T15:51:07,backfill
006WR00000wkDM4YAM,Ocotillo Bay,Originator__c,(null),005WR00000DE44HYAT,2026-07-08-backfill-originator.py,2026-07-08T15:51:07,backfill
006WR00000wkDM5YAM,Tierra Antigua Apartments,Originator__c,(null),005WR00000DE45tYAD,2026-07-08-backfill-originator.py,2026-07-08T15:51:07,backfill
006WR00000wkDM6YAM,Sandstone Foothills Apartments,Originator__c,(null),005WR00000DEU6oYAH,2026-07-08-backfill-originator.py,2026-07-08T15:51:07,backfill
006WR00000wkDM7YAM,Garden Gate Apartments,Originator__c,(null),005WR00000DEU6oYAH,2026-07-08-backfill-originator.py,2026-07-08T15:51:07,backfill
006WR00000wkDM8YAM,Stone Creek Apartments,Originator__c,(null),005WR00000DEU6oYAH,2026-07-08-backfill-originator.py,2026-07-08T15:51:07,backfill
006WR00000wkDM9YAM,Olympus Stone Glen,Originator__c,(null),005WR00000DEU6oYAH,2026-07-08-backfill-originator.py,2026-07-08T15:51:07,backfill
006WR00000wkDMAYA2,The Peaks Townhomes,Originator__c,(null),005WR00000DEU6oYAH,2026-07-08-backfill-originator.py,2026-07-08T15:51:07,backfill
006WR00000wkDMBYA2,Rivery Park,Originator__c,(null),005WR00000CXIX7YAP,2026-07-08-backfill-originator.py,2026-07-08T15:51:07,backfill
006WR00000wkDMCYA2,Rise at the District,Originator__c,(null),005WR00000DEU6oYAH,2026-07-08-backfill-originator.py,2026-07-08T15:51:07,backfill
006WR00000wkDMDYA2,Charter Oaks,Originator__c,(null),005WR00000DEU6oYAH,2026-07-08-backfill-originator.py,2026-07-08T15:51:07,backfill
006WR00000wkDMEYA2,Corby Street Apartments,Originator__c,(null),005WR00000DEU6oYAH,2026-07-08-backfill-originator.py,2026-07-08T15:51:07,backfill
006WR00000wkDMFYA2,Grand Oaks at Liberty Hill,Originator__c,(null),005WR00000CXIX7YAP,2026-07-08-backfill-originator.py,2026-07-08T15:51:07,backfill
006WR00000wkDMGYA2,North Park Landing Apartments,Originator__c,(null),005WR00000DEU6oYAH,2026-07-08-backfill-originator.py,2026-07-08T15:51:07,backfill
006WR00000wkDMHYA2,Mesa_MDU_Del Corona Apts Del Coronado,Originator__c,(null),005WR00000DEU6oYAH,2026-07-08-backfill-originator.py,2026-07-08T15:51:07,backfill
006WR00000wkDMIYA2,Lakeridge Apartments,Originator__c,(null),005WR00000CXEZyYAP,2026-07-08-backfill-originator.py,2026-07-08T15:51:07,backfill
006WR00000wkDMJYA2,Beacon Hill Apartments,Originator__c,(null),005WR00000DEU6oYAH,2026-07-08-backfill-originator.py,2026-07-08T15:51:07,backfill
006WR00000wkDMKYA2,Legacy Riverside Senior Living,Originator__c,(null),005WR00000DEU6oYAH,2026-07-08-backfill-originator.py,2026-07-08T15:51:07,backfill
006WR00000wkDMLYA2,Harmon Senior Villas,Originator__c,(null),005WR00000DEU6oYAH,2026-07-08-backfill-originator.py,2026-07-08T15:51:07,backfill
006WR00000wkDMMYA2,Vantage at Hutto,Originator__c,(null),005WR00000DEU6oYAH,2026-07-08-backfill-originator.py,2026-07-08T15:51:07,backfill
006WR00000wkDMNYA2,Heights at 701,Originator__c,(null),005WR00000DEU6oYAH,2026-07-08-backfill-originator.py,2026-07-08T15:51:07,backfill
006WR00000wkDMOYA2,Georgetown Place Apartments,Originator__c,(null),005WR00000DEU6oYAH,2026-07-08-backfill-originator.py,2026-07-08T15:51:07,backfill
006WR00000wkDMPYA2,Aspire Fossil Creek,Originator__c,(null),005WR00000DEU6oYAH,2026-07-08-backfill-originator.py,2026-07-08T15:51:07,backfill
006WR00000wkDMQYA2,The Opal Fort Worth,Originator__c,(null),005WR00000DEU6oYAH,2026-07-08-backfill-originator.py,2026-07-08T15:51:07,backfill
006WR00000wkDMRYA2,Royal Gardens,Originator__c,(null),005WR00000DEU6oYAH,2026-07-08-backfill-originator.py,2026-07-08T15:51:07,backfill
006WR00000wkDMSYA2,Creekside at North Beach,Originator__c,(null),005WR00000DEU6oYAH,2026-07-08-backfill-originator.py,2026-07-08T15:51:07,backfill
006WR00000wkDMTYA2,Martinique Apartments,Originator__c,(null),005WR00000DEU6oYAH,2026-07-08-backfill-originator.py,2026-07-08T15:51:07,backfill
006WR00000wkDMUYA2,The Holston,Originator__c,(null),005WR00000DEU6oYAH,2026-07-08-backfill-originator.py,2026-07-08T15:51:07,backfill
006WR00000wkDMVYA2,The Dorel,Originator__c,(null),005WR00000DEU6oYAH,2026-07-08-backfill-originator.py,2026-07-08T15:51:07,backfill
006WR00000wkDMWYA2,Oakwood Trail Apartments,Originator__c,(null),005WR00000DE3zRYAT,2026-07-08-backfill-originator.py,2026-07-08T15:51:07,backfill
006WR00000wkDMXYA2,Pioneer Crossing Apartments,Originator__c,(null),005WR00000DEU6oYAH,2026-07-08-backfill-originator.py,2026-07-08T15:51:07,backfill
006WR00000wkDMYYA2,ZAG Apartments,Originator__c,(null),005WR00000CXIX7YAP,2026-07-08-backfill-originator.py,2026-07-08T15:51:07,backfill
006WR00000wkDMZYA2,Parkside Crossing Condominiums,Originator__c,(null),005WR00000DEU6oYAH,2026-07-08-backfill-originator.py,2026-07-08T15:51:07,backfill
006WR00000wkDMaYAM,Silver Oak Apartments,Originator__c,(null),005WR00000DE3zRYAT,2026-07-08-backfill-originator.py,2026-07-08T15:51:07,backfill
006WR00000wkDMbYAM,Villa Camino,Originator__c,(null),005WR00000DE3zRYAT,2026-07-08-backfill-originator.py,2026-07-08T15:51:07,backfill
006WR00000wkDMcYAM,The Dylan,Originator__c,(null),005WR00000DE3zRYAT,2026-07-08-backfill-originator.py,2026-07-08T15:51:07,backfill
006WR00000wkDMdYAM,Vista Blue,Originator__c,(null),005WR00000DE3zRYAT,2026-07-08-backfill-originator.py,2026-07-08T15:51:07,backfill
006WR00000wkDMeYAM,Riverview Springs,Originator__c,(null),005WR00000DE3zRYAT,2026-07-08-backfill-originator.py,2026-07-08T15:51:07,backfill
006WR00000wkDMfYAM,Lakeshore Gardens,Originator__c,(null),005WR00000DE3zRYAT,2026-07-08-backfill-originator.py,2026-07-08T15:51:07,backfill
006WR00000wkDMgYAM,The Lofts at West 7th,Originator__c,(null),005WR00000CXIX7YAP,2026-07-08-backfill-originator.py,2026-07-08T15:51:07,backfill
006WR00000wkDMhYAM,Highland Park Apartments,Originator__c,(null),005WR00000CXIX7YAP,2026-07-08-backfill-originator.py,2026-07-08T15:51:07,backfill
006WR00000wkDMiYAM,The Berkeley Apartments,Originator__c,(null),005WR00000CXIX7YAP,2026-07-08-backfill-originator.py,2026-07-08T15:51:07,backfill
006WR00000wkDMjYAM,Dixon at Stonegate,Originator__c,(null),005WR00000CXIX7YAP,2026-07-08-backfill-originator.py,2026-07-08T15:51:07,backfill
006WR00000wkDMkYAM,Trinity Heights Apartments,Originator__c,(null),005WR00000CXIX7YAP,2026-07-08-backfill-originator.py,2026-07-08T15:51:07,backfill
006WR00000wkDMlYAM,Sorrento,Originator__c,(null),005WR00000CXIX7YAP,2026-07-08-backfill-originator.py,2026-07-08T15:51:07,backfill
006WR00000wkDMmYAM,Tides on Overton Ridge,Originator__c,(null),005WR00000CXIX7YAP,2026-07-08-backfill-originator.py,2026-07-08T15:51:07,backfill
006WR00000wkDMnYAM,Forest Hill Mobile Home Park,Originator__c,(null),005WR00000CXIX7YAP,2026-07-08-backfill-originator.py,2026-07-08T15:51:07,backfill
006WR00000wkDMoYAM,Lauren Apartments,Originator__c,(null),005WR00000CXIX7YAP,2026-07-08-backfill-originator.py,2026-07-08T15:51:07,backfill
006WR00000wkDMpYAM,Urban House,Originator__c,(null),005WR00000CXIX7YAP,2026-07-08-backfill-originator.py,2026-07-08T15:51:07,backfill
006WR00000wkDMqYAM,Meadow Ridge,Originator__c,(null),005WR00000CXIX7YAP,2026-07-08-backfill-originator.py,2026-07-08T15:51:07,backfill
006WR00000wkDMrYAM,Pacific Crest Apartments [OOF for Lumen],Originator__c,(null),005WR00000CXEZyYAP,2026-07-08-backfill-originator.py,2026-07-08T15:51:07,backfill
006WR00000wkDMsYAM,Casa Grande,Originator__c,(null),005WR00000DE3zRYAT,2026-07-08-backfill-originator.py,2026-07-08T15:51:07,backfill
006WR00000wkDMtYAM,Cedarwest Apartments,Originator__c,(null),005WR00000DE3zRYAT,2026-07-08-backfill-originator.py,2026-07-08T15:51:07,backfill
006WR00000wkDMuYAM,Poway Villas,Originator__c,(null),005WR00000CXEZyYAP,2026-07-08-backfill-originator.py,2026-07-08T15:51:07,backfill
006WR00000wkDMvYAM,Haley Ranch Estates,Originator__c,(null),005WR00000CXIX7YAP,2026-07-08-backfill-originator.py,2026-07-08T15:51:07,backfill
006WR00000wkDMwYAM,Hillside Village Apartments,Originator__c,(null),005WR00000CXEZyYAP,2026-07-08-backfill-originator.py,2026-07-08T15:51:07,backfill
006WR00000wkDMxYAM,The Hacienda at Georgetown,Originator__c,(null),005WR00000CXIX7YAP,2026-07-08-backfill-originator.py,2026-07-08T15:51:07,backfill
006WR00000wkDMyYAM,Stone Arbor,Originator__c,(null),005WR00000DE3zRYAT,2026-07-08-backfill-originator.py,2026-07-08T15:51:07,backfill
006WR00000wkDMzYAM,Apache Bend Apartments,Originator__c,(null),005WR00000CXIX7YAP,2026-07-08-backfill-originator.py,2026-07-08T15:51:07,backfill
006WR00000wkDN0YAM,Meridian MHP,Originator__c,(null),005WR00000CXEZyYAP,2026-07-08-backfill-originator.py,2026-07-08T15:51:07,backfill
006WR00000wkDN1YAM,Meadowbrook,Originator__c,(null),005WR00000DE3zRYAT,2026-07-08-backfill-originator.py,2026-07-08T15:51:07,backfill
006WR00000wkDN2YAM,Elan River Village,Originator__c,(null),005WR00000DE3zRYAT,2026-07-08-backfill-originator.py,2026-07-08T15:51:07,backfill
006WR00000wkDN3YAM,Glenbrook Terrace,Originator__c,(null),005WR00000DE3zRYAT,2026-07-08-backfill-originator.py,2026-07-08T15:51:07,backfill
006WR00000wkDN4YAM,Quail Creek Apartments,Originator__c,(null),005WR00000DE3zRYAT,2026-07-08-backfill-originator.py,2026-07-08T15:51:07,backfill
006WR00000wkDN5YAM,Windsor Gardens,Originator__c,(null),005WR00000DE3zRYAT,2026-07-08-backfill-originator.py,2026-07-08T15:51:07,backfill
006WR00000wkDN6YAM,Overture San Marcos,Originator__c,(null),005WR00000DE3zRYAT,2026-07-08-backfill-originator.py,2026-07-08T15:51:07,backfill
006WR00000wkDN7YAM,The Avenue at San Marcos,Originator__c,(null),005WR00000DE3zRYAT,2026-07-08-backfill-originator.py,2026-07-08T15:51:07,backfill
006WR00000wkDN8YAM,Palomar Estates,Originator__c,(null),005WR00000DE3zRYAT,2026-07-08-backfill-originator.py,2026-07-08T15:51:07,backfill
006WR00000wkDN9YAM,Terra Cotta Apartment,Originator__c,(null),005WR00000DE3zRYAT,2026-07-08-backfill-originator.py,2026-07-08T15:51:07,backfill
006WR00000wkDNAYA2,Crest 850,Originator__c,(null),005WR00000DE3zRYAT,2026-07-08-backfill-originator.py,2026-07-08T15:51:07,backfill
006WR00000wkDNBYA2,Sunset Trails,Originator__c,(null),005WR00000DE3zRYAT,2026-07-08-backfill-originator.py,2026-07-08T15:51:07,backfill
006WR00000wkDNCYA2,La Roca Plaza,Originator__c,(null),005WR00000DE3zRYAT,2026-07-08-backfill-originator.py,2026-07-08T15:51:07,backfill
006WR00000wkDNDYA2,Woodglen Vista Apartments,Originator__c,(null),005WR00000DE3zRYAT,2026-07-08-backfill-originator.py,2026-07-08T15:51:07,backfill
006WR00000wkDNEYA2,Greystone Ridge Townhomes,Originator__c,(null),005WR00000DE3zRYAT,2026-07-08-backfill-originator.py,2026-07-08T15:51:07,backfill
006WR00000wkDNFYA2,Highline Apartment,Originator__c,(null),005WR00000DE3zRYAT,2026-07-08-backfill-originator.py,2026-07-08T15:51:07,backfill
006WR00000wkDNGYA2,Santee Corsican Villas,Originator__c,(null),005WR00000DE3zRYAT,2026-07-08-backfill-originator.py,2026-07-08T15:51:07,backfill
006WR00000wkDNHYA2,Casa De Amigos,Originator__c,(null),005WR00000DE3zRYAT,2026-07-08-backfill-originator.py,2026-07-08T15:51:07,backfill
006WR00000wkDNIYA2,Carefree Ranch MHP,Originator__c,(null),005WR00000DE3zRYAT,2026-07-08-backfill-originator.py,2026-07-08T15:51:07,backfill
006WR00000wkDNJYA2,Casa Escondida,Originator__c,(null),005WR00000DE3zRYAT,2026-07-08-backfill-originator.py,2026-07-08T15:51:07,backfill
006WR00000wkDNKYA2,Friendly Hills Mobile Manor,Originator__c,(null),005WR00000DE3zRYAT,2026-07-08-backfill-originator.py,2026-07-08T15:51:07,backfill
006WR00000wkDNLYA2,Hidden Cove Apartments,Originator__c,(null),005WR00000DE3zRYAT,2026-07-08-backfill-originator.py,2026-07-08T15:51:07,backfill
006WR00000wkDNMYA2,Valle at Mission,Originator__c,(null),005WR00000DE3zRYAT,2026-07-08-backfill-originator.py,2026-07-08T15:51:07,backfill
006WR00000wkDNNYA2,Manzanita Apartments,Originator__c,(null),005WR00000DE3zRYAT,2026-07-08-backfill-originator.py,2026-07-08T15:51:07,backfill
006WR00000wkDNOYA2,Park,Originator__c,(null),005WR00000DE3zRYAT,2026-07-08-backfill-originator.py,2026-07-08T15:51:07,backfill
006WR00000wkDNPYA2,Hadley Apartments,Originator__c,(null),005WR00000DE3zRYAT,2026-07-08-backfill-originator.py,2026-07-08T15:51:07,backfill
006WR00000wkDNQYA2,Mobile Park West,Originator__c,(null),005WR00000DE3zRYAT,2026-07-08-backfill-originator.py,2026-07-08T15:51:07,backfill
006WR00000wkDNRYA2,Ponderosa,Originator__c,(null),005WR00000DE3zRYAT,2026-07-08-backfill-originator.py,2026-07-08T15:51:07,backfill
006WR00000wkDNSYA2,Elan Felicita Creek,Originator__c,(null),005WR00000DE3zRYAT,2026-07-08-backfill-originator.py,2026-07-08T15:51:07,backfill
006WR00000wkDNTYA2,Vida,Originator__c,(null),005WR00000DE3zRYAT,2026-07-08-backfill-originator.py,2026-07-08T15:51:07,backfill
006WR00000wkDNUYA2,Escondido Village,Originator__c,(null),005WR00000DE3zRYAT,2026-07-08-backfill-originator.py,2026-07-08T15:51:07,backfill
006WR00000wkDNVYA2,Alora Apartments,Originator__c,(null),005WR00000DE3zRYAT,2026-07-08-backfill-originator.py,2026-07-08T15:51:07,backfill
006WR00000wkDNWYA2,Barham Villas,Originator__c,(null),005WR00000DE3zRYAT,2026-07-08-backfill-originator.py,2026-07-08T15:51:07,backfill
006WR00000wkDNXYA2,Copper Creek Apartment Homes,Originator__c,(null),005WR00000DE3zRYAT,2026-07-08-backfill-originator.py,2026-07-08T15:51:07,backfill
006WR00000wkDNYYA2,Casitas Del Sol,Originator__c,(null),005WR00000DE3zRYAT,2026-07-08-backfill-originator.py,2026-07-08T15:51:07,backfill
006WR00000wkDNZYA2,Block C at North City,Originator__c,(null),005WR00000DE3zRYAT,2026-07-08-backfill-originator.py,2026-07-08T15:51:07,backfill
006WR00000wkDNaYAM,Westlake Village,Originator__c,(null),005WR00000DE3zRYAT,2026-07-08-backfill-originator.py,2026-07-08T15:51:07,backfill
006WR00000wkDNbYAM,Twin Oaks Valley Park,Originator__c,(null),005WR00000DE3zRYAT,2026-07-08-backfill-originator.py,2026-07-08T15:51:07,backfill
006WR00000wkDNcYAM,San Marcos View Estates,Originator__c,(null),005WR00000DE3zRYAT,2026-07-08-backfill-originator.py,2026-07-08T15:51:07,backfill
006WR00000wkDNdYAM,Viewpoint Luxury Apartments,Originator__c,(null),005WR00000DE3zRYAT,2026-07-08-backfill-originator.py,2026-07-08T15:51:07,backfill
006WR00000wkDNeYAM,San Marcos Mobile Estates,Originator__c,(null),005WR00000DE3zRYAT,2026-07-08-backfill-originator.py,2026-07-08T15:51:07,backfill
006WR00000wkDNfYAM,Madrid Manor,Originator__c,(null),005WR00000DE3zRYAT,2026-07-08-backfill-originator.py,2026-07-08T15:51:07,backfill
006WR00000wkDNgYAM,Sierra Vista,Originator__c,(null),005WR00000DE3zRYAT,2026-07-08-backfill-originator.py,2026-07-08T15:51:07,backfill
006WR00000wkDNhYAM,Meadow Creek Apartments,Originator__c,(null),005WR00000DE3zRYAT,2026-07-08-backfill-originator.py,2026-07-08T15:51:07,backfill
006WR00000wkDNiYAM,Rancho San Marcos MHP,Originator__c,(null),005WR00000DE3zRYAT,2026-07-08-backfill-originator.py,2026-07-08T15:51:07,backfill
006WR00000wkDNjYAM,Corona Del Vista MHP,Originator__c,(null),005WR00000DE3zRYAT,2026-07-08-backfill-originator.py,2026-07-08T15:51:07,backfill
006WR00000wkDNkYAM,Avalon Brea Place,Originator__c,(null),005WR00000DE3zRYAT,2026-07-08-backfill-originator.py,2026-07-08T15:51:07,backfill
006WR00000wkDNlYAM,Birch Hills Apartments,Originator__c,(null),005WR00000DE3zRYAT,2026-07-08-backfill-originator.py,2026-07-08T15:51:07,backfill
006WR00000wkDNmYAM,Country Woods Apartment Homes,Originator__c,(null),005WR00000DE3zRYAT,2026-07-08-backfill-originator.py,2026-07-08T15:51:07,backfill
006WR00000wkDNnYAM,Birchwood Village Apartment Homes,Originator__c,(null),005WR00000DE3zRYAT,2026-07-08-backfill-originator.py,2026-07-08T15:51:07,backfill
006WR00000wkDNoYAM,Rancho Brea,Originator__c,(null),005WR00000DE3zRYAT,2026-07-08-backfill-originator.py,2026-07-08T15:51:07,backfill
006WR00000wkDNpYAM,Town and Country,Originator__c,(null),005WR00000DE3zRYAT,2026-07-08-backfill-originator.py,2026-07-08T15:51:07,backfill
006WR00000wkDNqYAM,Vintage Canyon Senior Apartments,Originator__c,(null),005WR00000DE3zRYAT,2026-07-08-backfill-originator.py,2026-07-08T15:51:07,backfill
006WR00000wkDNrYAM,Raintree Apartment Homes,Originator__c,(null),005WR00000DE3zRYAT,2026-07-08-backfill-originator.py,2026-07-08T15:51:07,backfill
006WR00000wkDNsYAM,Tamarack Woods Apartment Homes,Originator__c,(null),005WR00000DE3zRYAT,2026-07-08-backfill-originator.py,2026-07-08T15:51:07,backfill
006WR00000wkDNtYAM,Hollydale Mobile Home Estates,Originator__c,(null),005WR00000DE3zRYAT,2026-07-08-backfill-originator.py,2026-07-08T15:51:07,backfill
006WR00000wkDNuYAM,The Oaks,Originator__c,(null),005WR00000DE3zRYAT,2026-07-08-backfill-originator.py,2026-07-08T15:51:07,backfill
006WR00000wkDNvYAM,The Arbors,Originator__c,(null),005WR00000DE3zRYAT,2026-07-08-backfill-originator.py,2026-07-08T15:51:07,backfill
006WR00000wkDNwYAM,Crosscreek,Originator__c,(null),005WR00000DE3zRYAT,2026-07-08-backfill-originator.py,2026-07-08T15:51:07,backfill
006WR00000wkDNxYAM,Alta Cima Apartment Homes,Originator__c,(null),005WR00000DE3zRYAT,2026-07-08-backfill-originator.py,2026-07-08T15:51:07,backfill
006WR00000wkDNyYAM,Alta Vista,Originator__c,(null),005WR00000DE3zRYAT,2026-07-08-backfill-originator.py,2026-07-08T15:51:07,backfill
006WR00000wkDNzYAM,Aspire,Originator__c,(null),005WR00000DE3zRYAT,2026-07-08-backfill-originator.py,2026-07-08T15:51:07,backfill
006WR00000wkDO0YAM,Hendrix Apartments,Originator__c,(null),005WR00000DE3zRYAT,2026-07-08-backfill-originator.py,2026-07-08T15:51:07,backfill
006WR00000wkDO1YAM,Rancho Escondido MHP,Originator__c,(null),005WR00000DE3zRYAT,2026-07-08-backfill-originator.py,2026-07-08T15:51:07,backfill
006WR00000wkDO2YAM,Madera Ridge,Originator__c,(null),005WR00000DE3zRYAT,2026-07-08-backfill-originator.py,2026-07-08T15:51:07,backfill
006WR00000wkDO3YAM,Valle at Escondido,Originator__c,(null),005WR00000DE3zRYAT,2026-07-08-backfill-originator.py,2026-07-08T15:51:07,backfill
006WR00000wkDO4YAM,Estancia Apartments,Originator__c,(null),005WR00000DE3zRYAT,2026-07-08-backfill-originator.py,2026-07-08T15:51:07,backfill
006WR00000wkDO5YAM,Valle at Park,Originator__c,(null),005WR00000DE3zRYAT,2026-07-08-backfill-originator.py,2026-07-08T15:51:07,backfill
006WR00000wkDO6YAM,Villa Escondido,Originator__c,(null),005WR00000DE3zRYAT,2026-07-08-backfill-originator.py,2026-07-08T15:51:07,backfill
006WR00000wkDO7YAM,Solana at Grand,Originator__c,(null),005WR00000DE3zRYAT,2026-07-08-backfill-originator.py,2026-07-08T15:51:07,backfill
006WR00000wkDO8YAM,Summit Apartments,Originator__c,(null),005WR00000DE3zRYAT,2026-07-08-backfill-originator.py,2026-07-08T15:51:07,backfill
006WR00000wkDO9YAM,The Terraces at Escondido,Originator__c,(null),005WR00000DE3zRYAT,2026-07-08-backfill-originator.py,2026-07-08T15:51:07,backfill
006WR00000wkDOAYA2,Reidy Ceek II,Originator__c,(null),005WR00000DE3zRYAT,2026-07-08-backfill-originator.py,2026-07-08T15:51:07,backfill
006WR00000wkDOBYA2,Reidy Creek,Originator__c,(null),005WR00000DE3zRYAT,2026-07-08-backfill-originator.py,2026-07-08T15:51:07,backfill
006WR00000wkDOCYA2,Oak Hill Apartments,Originator__c,(null),005WR00000DE3zRYAT,2026-07-08-backfill-originator.py,2026-07-08T15:51:07,backfill
006WR00000wkDODYA2,Escondido Terrace MHP,Originator__c,(null),005WR00000DE3zRYAT,2026-07-08-backfill-originator.py,2026-07-08T15:51:07,backfill
006WR00000wkDOEYA2,Westwinds MHP,Originator__c,(null),005WR00000DE3zRYAT,2026-07-08-backfill-originator.py,2026-07-08T15:51:07,backfill
006WR00000wkDOFYA2,Village Grove Apartments,Originator__c,(null),005WR00000DE3zRYAT,2026-07-08-backfill-originator.py,2026-07-08T15:51:07,backfill
006WR00000wkDOGYA2,Westmont Town Court,Originator__c,(null),005WR00000DE3zRYAT,2026-07-08-backfill-originator.py,2026-07-08T15:51:07,backfill
006WR00000wkDOHYA2,The Springs of Escondido,Originator__c,(null),005WR00000DE3zRYAT,2026-07-08-backfill-originator.py,2026-07-08T15:51:07,backfill
006WR00000wkDOIYA2,Pacifica Palms Apartments,Originator__c,(null),005WR00000DE3zRYAT,2026-07-08-backfill-originator.py,2026-07-08T15:51:07,backfill
006WR00000wkDOJYA2,Midway Gardens,Originator__c,(null),005WR00000DE3zRYAT,2026-07-08-backfill-originator.py,2026-07-08T15:51:07,backfill
006WR00000wkDOKYA2,Coral Tree Manor,Originator__c,(null),005WR00000DE3zRYAT,2026-07-08-backfill-originator.py,2026-07-08T15:51:07,backfill
006WR00000wkDOLYA2,Benchmark Apartments,Originator__c,(null),005WR00000DE3zRYAT,2026-07-08-backfill-originator.py,2026-07-08T15:51:07,backfill
006WR00000wkDOMYA2,Woodland Village,Originator__c,(null),005WR00000DE3zRYAT,2026-07-08-backfill-originator.py,2026-07-08T15:51:07,backfill
006WR00000wkDONYA2,Windsor Manor I,Originator__c,(null),005WR00000DE3zRYAT,2026-07-08-backfill-originator.py,2026-07-08T15:51:07,backfill
006WR00000wkDOOYA2,Paseo Del Oro,Originator__c,(null),005WR00000DE3zRYAT,2026-07-08-backfill-originator.py,2026-07-08T15:51:07,backfill
006WR00000wkDOPYA2,Grandon Village,Originator__c,(null),005WR00000DE3zRYAT,2026-07-08-backfill-originator.py,2026-07-08T15:51:07,backfill
006WR00000wkDOQYA2,Villa Serena Apartments,Originator__c,(null),005WR00000DE3zRYAT,2026-07-08-backfill-originator.py,2026-07-08T15:51:07,backfill
006WR00000wkDORYA2,Royal Oaks Senior Living,Originator__c,(null),005WR00000DE3zRYAT,2026-07-08-backfill-originator.py,2026-07-08T15:51:07,backfill
006WR00000wkDOSYA2,La Mores Estates,Originator__c,(null),005WR00000DE3zRYAT,2026-07-08-backfill-originator.py,2026-07-08T15:51:07,backfill
006WR00000wkDOTYA2,Prominence Luxury Apartments,Originator__c,(null),005WR00000DE3zRYAT,2026-07-08-backfill-originator.py,2026-07-08T15:51:07,backfill
006WR00000wkDOUYA2,Valle Verde Estates,Originator__c,(null),005WR00000DE3zRYAT,2026-07-08-backfill-originator.py,2026-07-08T15:51:07,backfill
006WR00000wkDOVYA2,Las Flores Village,Originator__c,(null),005WR00000DE3zRYAT,2026-07-08-backfill-originator.py,2026-07-08T15:51:07,backfill
006WR00000wkDOWYA2,Widsor Manor II,Originator__c,(null),005WR00000DE3zRYAT,2026-07-08-backfill-originator.py,2026-07-08T15:51:07,backfill
006WR00000wkDOXYA2,Eaves San Marcos,Originator__c,(null),005WR00000DE3zRYAT,2026-07-08-backfill-originator.py,2026-07-08T15:51:07,backfill
006WR00000wkDOYYA2,Melrose Villa Apartments,Originator__c,(null),005WR00000DE3zRYAT,2026-07-08-backfill-originator.py,2026-07-08T15:51:07,backfill
006WR00000wkDOZYA2,Rancho Vallecitos,Originator__c,(null),005WR00000DE3zRYAT,2026-07-08-backfill-originator.py,2026-07-08T15:51:07,backfill
006WR00000wkDOaYAM,Elan Northwoods Apartment Homes,Originator__c,(null),005WR00000DE3zRYAT,2026-07-08-backfill-originator.py,2026-07-08T15:51:07,backfill
006WR00000wkDObYAM,Renaissance Villas,Originator__c,(null),005WR00000DE3zRYAT,2026-07-08-backfill-originator.py,2026-07-08T15:51:07,backfill
006WR00000wkDOcYAM,Estrella De Oro,Originator__c,(null),005WR00000DE3zRYAT,2026-07-08-backfill-originator.py,2026-07-08T15:51:07,backfill
006WR00000wkDOdYAM,Waterleaf Apartment Homes,Originator__c,(null),005WR00000DE3zRYAT,2026-07-08-backfill-originator.py,2026-07-08T15:51:07,backfill
006WR00000wkDOeYAM,Calligraphy,Originator__c,(null),005WR00000DE3zRYAT,2026-07-08-backfill-originator.py,2026-07-08T15:51:07,backfill
006WR00000wkDOfYAM,Country Hills Apartment Homes,Originator__c,(null),005WR00000DE3zRYAT,2026-07-08-backfill-originator.py,2026-07-08T15:51:07,backfill
006WR00000wkDOgYAM,Brea Woods Senior Apartments,Originator__c,(null),005WR00000DE3zRYAT,2026-07-08-backfill-originator.py,2026-07-08T15:51:07,backfill
006WR00000wkDOhYAM,Heritage Plaza,Originator__c,(null),005WR00000DE3zRYAT,2026-07-08-backfill-originator.py,2026-07-08T15:51:07,backfill
006WR00000wkDOiYAM,Tamarack Gardens Apartments,Originator__c,(null),005WR00000DE3zRYAT,2026-07-08-backfill-originator.py,2026-07-08T15:51:07,backfill
006WR00000wkDOjYAM,Carlton Country Club Villas Apartments,Originator__c,(null),005WR00000DE3zRYAT,2026-07-08-backfill-originator.py,2026-07-08T15:51:07,backfill
006WR00000wkDOkYAM,Lantern Crest Senior Living,Originator__c,(null),005WR00000DE3zRYAT,2026-07-08-backfill-originator.py,2026-07-08T15:51:07,backfill
006WR00000wkDOlYAM,Mission Gorge Villa,Originator__c,(null),005WR00000DE3zRYAT,2026-07-08-backfill-originator.py,2026-07-08T15:51:07,backfill
006WR00000wkDOmYAM,Town Center Apts,Originator__c,(null),005WR00000DE3zRYAT,2026-07-08-backfill-originator.py,2026-07-08T15:51:07,backfill
006WR00000wkDOnYAM,Highlands Mobile Home Park,Originator__c,(null),005WR00000DE3zRYAT,2026-07-08-backfill-originator.py,2026-07-08T15:51:07,backfill
006WR00000wkDOoYAM,Laurel Park,Originator__c,(null),005WR00000DE3zRYAT,2026-07-08-backfill-originator.py,2026-07-08T15:51:07,backfill
006WR00000wkDOpYAM,Altair,Originator__c,(null),005WR00000DE3zRYAT,2026-07-08-backfill-originator.py,2026-07-08T15:51:07,backfill
006WR00000wkDOqYAM,Woodlake Apartments,Originator__c,(null),005WR00000DE3zRYAT,2026-07-08-backfill-originator.py,2026-07-08T15:51:07,backfill
006WR00000wkDOrYAM,The Willows,Originator__c,(null),005WR00000DE3zRYAT,2026-07-08-backfill-originator.py,2026-07-08T15:51:07,backfill
006WR00000wkDOsYAM,Forest Glen Apartments,Originator__c,(null),005WR00000DE3zRYAT,2026-07-08-backfill-originator.py,2026-07-08T15:51:07,backfill
006WR00000wkDOtYAM,Lake Bernardo Mobile Estates,Originator__c,(null),005WR00000DE3zRYAT,2026-07-08-backfill-originator.py,2026-07-08T15:51:07,backfill
006WR00000wkDOuYAM,The Grand Rose Apartments,Originator__c,(null),005WR00000DE3zRYAT,2026-07-08-backfill-originator.py,2026-07-08T15:51:07,backfill
006WR00000wkDOvYAM,Rowan Apartments,Originator__c,(null),005WR00000DE3zRYAT,2026-07-08-backfill-originator.py,2026-07-08T15:51:07,backfill
006WR00000wkDOwYAM,Lilac Hills Ranch,Originator__c,(null),005WR00000DE3zRYAT,2026-07-08-backfill-originator.py,2026-07-08T15:51:07,backfill
006WR00000wkDOxYAM,Summer Creek Apartments,Originator__c,(null),005WR00000DE3zRYAT,2026-07-08-backfill-originator.py,2026-07-08T15:51:07,backfill
006WR00000wkDOyYAM,Villa Madeira,Originator__c,(null),005WR00000DE3zRYAT,2026-07-08-backfill-originator.py,2026-07-08T15:51:07,backfill
006WR00000wkDOzYAM,Palomar Heights,Originator__c,(null),005WR00000DE3zRYAT,2026-07-08-backfill-originator.py,2026-07-08T15:51:07,backfill
006WR00000wkDP0YAM,Valley Parkway MHP,Originator__c,(null),005WR00000DE3zRYAT,2026-07-08-backfill-originator.py,2026-07-08T15:51:07,backfill
006WR00000wkDP1YAM,Imperial Escondido Mobile Estates,Originator__c,(null),005WR00000DE3zRYAT,2026-07-08-backfill-originator.py,2026-07-08T15:51:07,backfill
006WR00000wkDP2YAM,Heritage Park Escondido Senior LIving,Originator__c,(null),005WR00000DE3zRYAT,2026-07-08-backfill-originator.py,2026-07-08T15:51:07,backfill
006WR00000wkDP3YAM,Eastwood Meadows,Originator__c,(null),005WR00000DE3zRYAT,2026-07-08-backfill-originator.py,2026-07-08T15:51:07,backfill
006WR00000wkDs6YAE,Rancho Santa Fe Village,Originator__c,(null),005WR00000DE3zRYAT,2026-07-08-backfill-originator.py,2026-07-08T15:51:07,backfill
006WR00000wkDs7YAE,Tuscany Hills,Originator__c,(null),005WR00000DE3zRYAT,2026-07-08-backfill-originator.py,2026-07-08T15:51:07,backfill
006WR00000wkDs8YAE,Whittier Affordable,Originator__c,(null),005WR00000CXEZyYAP,2026-07-08-backfill-originator.py,2026-07-08T15:51:07,backfill
006WR00000wkDs9YAE,Sunland Terrace Apartments_Lumen AZ,Originator__c,(null),005WR00000CXIX7YAP,2026-07-08-backfill-originator.py,2026-07-08T15:51:07,backfill
006WR00000wkDsAYAU,Flats on Liberty,Originator__c,(null),005WR00000CXEZyYAP,2026-07-08-backfill-originator.py,2026-07-08T15:51:07,backfill
006WR00000wkDsBYAU,Eagle Point Apartments Phase 3,Originator__c,(null),005WR00000CXEZyYAP,2026-07-08-backfill-originator.py,2026-07-08T15:51:07,backfill
006WR00000wkDsCYAU,Cedar Hills Apartments [OOF for Lumen],Originator__c,(null),005WR00000CXEZyYAP,2026-07-08-backfill-originator.py,2026-07-08T15:51:07,backfill
006WR00000wkDsDYAU,V at Lake Las Vegas,Originator__c,(null),005WR00000CXEZyYAP,2026-07-08-backfill-originator.py,2026-07-08T15:51:07,backfill
006WR00000wkDsEYAU,The Lark Apartments,Originator__c,(null),005WR00000CXEZyYAP,2026-07-08-backfill-originator.py,2026-07-08T15:51:07,backfill
006WR00000wkDsFYAU,Conifer Place Apartments [OOF for Lumen],Originator__c,(null),005WR00000CXEZyYAP,2026-07-08-backfill-originator.py,2026-07-08T15:51:07,backfill
006WR00000wkDsGYAU,Allegro at Corner Canyon,Originator__c,(null),005WR00000DE3zRYAT,2026-07-08-backfill-originator.py,2026-07-08T15:51:07,backfill
006WR00000wkDsHYAU,West Hills Village,Originator__c,(null),005WR00000DE3zRYAT,2026-07-08-backfill-originator.py,2026-07-08T15:51:07,backfill
006WR00000wkDsIYAU,The Landing at Clearwater,Originator__c,(null),005WR00000DE3zRYAT,2026-07-08-backfill-originator.py,2026-07-08T15:51:07,backfill
006WR00000wkDsJYAU,Courtyard 72,Originator__c,(null),005WR00000DE3zRYAT,2026-07-08-backfill-originator.py,2026-07-08T15:51:07,backfill
006WR00000wkDsKYAU,Ashton Place Apartments,Originator__c,(null),005WR00000CXIX7YAP,2026-07-08-backfill-originator.py,2026-07-08T15:51:07,backfill
006WR00000wkDsLYAU,Cascade View,Originator__c,(null),005WR00000DE3zRYAT,2026-07-08-backfill-originator.py,2026-07-08T15:51:07,backfill
006WR00000wkDsMYAU,Sterling Heights Apartments,Originator__c,(null),005WR00000DE3zRYAT,2026-07-08-backfill-originator.py,2026-07-08T15:51:07,backfill
006WR00000wkDsNYAU,Avalon Park,Originator__c,(null),005WR00000DE3zRYAT,2026-07-08-backfill-originator.py,2026-07-08T15:51:07,backfill
006WR00000wkDsOYAU,Wy'East Pointe,Originator__c,(null),005WR00000DE3zRYAT,2026-07-08-backfill-originator.py,2026-07-08T15:51:07,backfill
006WR00000wkDsPYAU,Tarnhill,Originator__c,(null),005WR00000CXEZyYAP,2026-07-08-backfill-originator.py,2026-07-08T15:51:07,backfill
006WR00000wkDsQYAU,Viviani,Originator__c,(null),005WR00000DE3zRYAT,2026-07-08-backfill-originator.py,2026-07-08T15:51:07,backfill
006WR00000wkDsRYAU,Pepper Ridge Apartments,Originator__c,(null),005WR00000CXEZyYAP,2026-07-08-backfill-originator.py,2026-07-08T15:51:07,backfill
006WR00000wkDsSYAU,Coronado Springs,Originator__c,(null),005WR00000DE3zRYAT,2026-07-08-backfill-originator.py,2026-07-08T15:51:07,backfill
006WR00000wkDsTYAU,Tuscany,Originator__c,(null),005WR00000DE3zRYAT,2026-07-08-backfill-originator.py,2026-07-08T15:51:07,backfill
006WR00000wkDsUYAU,Venicia,Originator__c,(null),005WR00000DE3zRYAT,2026-07-08-backfill-originator.py,2026-07-08T15:51:07,backfill
006WR00000wkDsVYAU,Adiamo,Originator__c,(null),005WR00000DE3zRYAT,2026-07-08-backfill-originator.py,2026-07-08T15:51:07,backfill
006WR00000wkDsWYAU,Madera,Originator__c,(null),005WR00000DE3zRYAT,2026-07-08-backfill-originator.py,2026-07-08T15:51:07,backfill
006WR00000wkDsXYAU,Aspire at Tesora,Originator__c,(null),005WR00000DE3zRYAT,2026-07-08-backfill-originator.py,2026-07-08T15:51:07,backfill
006WR00000wkDsYYAU,Tivoli,Originator__c,(null),005WR00000DE3zRYAT,2026-07-08-backfill-originator.py,2026-07-08T15:51:07,backfill
006WR00000wkDsZYAU,Altessa,Originator__c,(null),005WR00000DE3zRYAT,2026-07-08-backfill-originator.py,2026-07-08T15:51:07,backfill
006WR00000wkDsaYAE,Arzano,Originator__c,(null),005WR00000DE3zRYAT,2026-07-08-backfill-originator.py,2026-07-08T15:51:07,backfill
006WR00000wkDsbYAE,Positano Apartments,Originator__c,(null),005WR00000DE3zRYAT,2026-07-08-backfill-originator.py,2026-07-08T15:51:07,backfill
006WR00000wkDscYAE,Curtis Meadows,Originator__c,(null),005WR00000DE3zRYAT,2026-07-08-backfill-originator.py,2026-07-08T15:51:07,backfill
006WR00000wkDsdYAE,Central Pointe,Originator__c,(null),005WR00000DE3zRYAT,2026-07-08-backfill-originator.py,2026-07-08T15:51:07,backfill
006WR00000wkDseYAE,Venture Out at Mesa (MHP),Originator__c,(null),005WR00000DE44HYAT,2026-07-08-backfill-originator.py,2026-07-08T15:51:07,backfill
006WR00000wkDsfYAE,Aspire Mesa,Originator__c,(null),005WR00000DE44HYAT,2026-07-08-backfill-originator.py,2026-07-08T15:51:07,backfill
006WR00000wkDsgYAE,Trillium Apartments,Originator__c,(null),005WR00000CXEZyYAP,2026-07-08-backfill-originator.py,2026-07-08T15:51:07,backfill
006WR00000wkDshYAE,Auburn Glenn,Originator__c,(null),005WR00000DE3zRYAT,2026-07-08-backfill-originator.py,2026-07-08T15:51:07,backfill
006WR00000wkDsiYAE,Mesa Spirit RV Resort,Originator__c,(null),005WR00000DE45tYAD,2026-07-08-backfill-originator.py,2026-07-08T15:51:07,backfill
006WR00000wkDsjYAE,Lakewood-Townhomes,Originator__c,(null),005WR00000DE3zRYAT,2026-07-08-backfill-originator.py,2026-07-08T15:51:07,backfill
006WR00000wkDskYAE,Westwood Apartments,Originator__c,(null),005WR00000CXIX7YAP,2026-07-08-backfill-originator.py,2026-07-08T15:51:07,backfill
006WR00000wkDslYAE,Eastwood on Grand,Originator__c,(null),005WR00000CXIX7YAP,2026-07-08-backfill-originator.py,2026-07-08T15:51:07,backfill
006WR00000wkDsmYAE,Palm Valley Villas,Originator__c,(null),005WR00000CXEZyYAP,2026-07-08-backfill-originator.py,2026-07-08T15:51:07,backfill
006WR00000wkDsnYAE,Homestead Apartments,Originator__c,(null),005WR00000CXEZyYAP,2026-07-08-backfill-originator.py,2026-07-08T15:51:07,backfill
006WR00000wkDsoYAE,Willamette Estates,Originator__c,(null),005WR00000DE3zRYAT,2026-07-08-backfill-originator.py,2026-07-08T15:51:07,backfill
006WR00000wkDspYAE,McCormick Pier Condo,Originator__c,(null),005WR00000CXIX7YAP,2026-07-08-backfill-originator.py,2026-07-08T15:51:07,backfill
006WR00000wkDsqYAE,Casa Del Sol Envolve,Originator__c,(null),005WR00000CXEZyYAP,2026-07-08-backfill-originator.py,2026-07-08T15:51:07,backfill
006WR00000wkDsrYAE,Emerald Apts,Originator__c,(null),005WR00000CXIX7YAP,2026-07-08-backfill-originator.py,2026-07-08T15:51:07,backfill
006WR00000wkDssYAE,Fiesta Village MH & RV Resort,Originator__c,(null),005WR00000DEU6oYAH,2026-07-08-backfill-originator.py,2026-07-08T15:51:07,backfill
006WR00000wkDstYAE,Southern Palms Mobile Home & RV Park,Originator__c,(null),005WR00000DEU6oYAH,2026-07-08-backfill-originator.py,2026-07-08T15:51:07,backfill
006WR00000wkDsuYAE,Forrest Bluff Senior Apartments,Originator__c,(null),005WR00000CXIX7YAP,2026-07-08-backfill-originator.py,2026-07-08T15:51:07,backfill
006WR00000wkDsvYAE,Park_Place (Care Center),Originator__c,(null),005WR00000DEU6oYAH,2026-07-08-backfill-originator.py,2026-07-08T15:51:07,backfill
006WR00000wkDswYAE,Crown Tower,Originator__c,(null),005WR00000DEU6oYAH,2026-07-08-backfill-originator.py,2026-07-08T15:51:07,backfill
006WR00000wkDsxYAE,Highlander Apartments,Originator__c,(null),005WR00000DEU6oYAH,2026-07-08-backfill-originator.py,2026-07-08T15:51:07,backfill
006WR00000wkDsyYAE,Knoll Creek Apartments,Originator__c,(null),005WR00000DEU6oYAH,2026-07-08-backfill-originator.py,2026-07-08T15:51:07,backfill
006WR00000wkDszYAE,Arbor on Broadway (Now Called) Buenas on Broadway,Originator__c,(null),005WR00000CXIX7YAP,2026-07-08-backfill-originator.py,2026-07-08T15:51:07,backfill
006WR00000wkDt0YAE,Bel-Aire Manor,Originator__c,(null),005WR00000DEU6oYAH,2026-07-08-backfill-originator.py,2026-07-08T15:51:07,backfill
006WR00000wkDt1YAE,The Harrison at Heritage,Originator__c,(null),005WR00000DEU6oYAH,2026-07-08-backfill-originator.py,2026-07-08T15:51:07,backfill
006WR00000wkDt2YAE,25 Space Yucca Trailer Ranch,Originator__c,(null),005WR00000DEU6oYAH,2026-07-08-backfill-originator.py,2026-07-08T15:51:07,backfill
006WR00000wkDt3YAE,Sea Crest Village Retirement Communities,Originator__c,(null),005WR00000CXIX7YAP,2026-07-08-backfill-originator.py,2026-07-08T15:51:07,backfill
006WR00000wkDt4YAE,Charleston Court,Originator__c,(null),005WR00000CXIX7YAP,2026-07-08-backfill-originator.py,2026-07-08T15:51:07,backfill
006WR00000wkDt5YAE,Underwood Senior Housing,Originator__c,(null),005WR00000CXIX7YAP,2026-07-08-backfill-originator.py,2026-07-08T15:51:07,backfill
006WR00000wkDt6YAE,612-616 N 46 St,Originator__c,(null),005WR00000CXIX7YAP,2026-07-08-backfill-originator.py,2026-07-08T15:51:07,backfill
006WR00000wkDt7YAE,Grant Ridge Apartments,Originator__c,(null),005WR00000CXIX7YAP,2026-07-08-backfill-originator.py,2026-07-08T15:51:07,backfill
006WR00000wkDt8YAE,Dimple St MHP,Originator__c,(null),005WR00000DEU6oYAH,2026-07-08-backfill-originator.py,2026-07-08T15:51:07,backfill
006WR00000wkDt9YAE,Indian Creek Duplexes,Originator__c,(null),005WR00000DEU6oYAH,2026-07-08-backfill-originator.py,2026-07-08T15:51:07,backfill
006WR00000wkDtAYAU,Marlboro_Heights_Mobile Home_Park,Originator__c,(null),005WR00000DEU6oYAH,2026-07-08-backfill-originator.py,2026-07-08T15:51:07,backfill
006WR00000wkDtBYAU,KILLEEN_MDU_Henderson_Garden,Originator__c,(null),005WR00000CXIX7YAP,2026-07-08-backfill-originator.py,2026-07-08T15:51:07,backfill
006WR00000wkDtCYAU,DECATUR_MDU_Private_Rd_3176_Mobile_Park,Originator__c,(null),005WR00000CXIX7YAP,2026-07-08-backfill-originator.py,2026-07-08T15:51:07,backfill
006WR00000wkDtDYAU,Nolan Creek Mobile Park,Originator__c,(null),005WR00000DEU6oYAH,2026-07-08-backfill-originator.py,2026-07-08T15:51:07,backfill
006WR00000wkDtEYAU,Killeen_MDU_408-420 E Hallmark Ave,Originator__c,(null),005WR00000DEU6oYAH,2026-07-08-backfill-originator.py,2026-07-08T15:51:07,backfill
006WR00000wkDtFYAU,Kings Arms Apartment II,Originator__c,(null),005WR00000DEU6oYAH,2026-07-08-backfill-originator.py,2026-07-08T15:51:07,backfill
006WR00000wkDtGYAU,HARKER_HEIGHTS_MDU_207-217 W Beeline MHP,Originator__c,(null),005WR00000DEU6oYAH,2026-07-08-backfill-originator.py,2026-07-08T15:51:07,backfill
006WR00000wkDtHYAU,Landmark Oak_Mobile_Park,Originator__c,(null),005WR00000DEU6oYAH,2026-07-08-backfill-originator.py,2026-07-08T15:51:07,backfill
006WR00000wkDtIYAU,John Wesley Arms,Originator__c,(null),005WR00000DEU6oYAH,2026-07-08-backfill-originator.py,2026-07-08T15:51:07,backfill
006WR00000wkDtJYAU,Las Palmas,Originator__c,(null),005WR00000DEU6oYAH,2026-07-08-backfill-originator.py,2026-07-08T15:51:07,backfill
006WR00000wkDtKYAU,Valley View RV Park,Originator__c,(null),005WR00000DEU6oYAH,2026-07-08-backfill-originator.py,2026-07-08T15:51:07,backfill
006WR00000wkDtLYAU,Killeen Housing Authority,Originator__c,(null),005WR00000DEU6oYAH,2026-07-08-backfill-originator.py,2026-07-08T15:51:07,backfill
006WR00000wkDtMYAU,Fort_Hood MHP,Originator__c,(null),005WR00000DEU6oYAH,2026-07-08-backfill-originator.py,2026-07-08T15:51:07,backfill
006WR00000wkDtNYAU,Omaha_MDU_Cherry Tree Apartments,Originator__c,(null),005WR00000DEU6oYAH,2026-07-08-backfill-originator.py,2026-07-08T15:51:07,backfill
006WR00000wkDtOYAU,OMAHA_MDU_58TH_Plaza_CIR,Originator__c,(null),005WR00000DEU6oYAH,2026-07-08-backfill-originator.py,2026-07-08T15:51:07,backfill
006WR00000wkDtPYAU,Yale Park,Originator__c,(null),005WR00000CXEZyYAP,2026-07-08-backfill-originator.py,2026-07-08T15:51:07,backfill
006WR00000wkDtQYAU,Silverado Apartments,Originator__c,(null),005WR00000DEU6oYAH,2026-07-08-backfill-originator.py,2026-07-08T15:51:07,backfill
006WR00000wkDtRYAU,Mac's Mobile Home Park,Originator__c,(null),005WR00000CXIX7YAP,2026-07-08-backfill-originator.py,2026-07-08T15:51:07,backfill
006WR00000wkDtSYAU,Cimarron Hills,Originator__c,(null),005WR00000CXIX7YAP,2026-07-08-backfill-originator.py,2026-07-08T15:51:07,backfill
006WR00000wkDtTYAU,The Oaks at Liberty Hill Apartments,Originator__c,(null),005WR00000CXIX7YAP,2026-07-08-backfill-originator.py,2026-07-08T15:51:07,backfill
006WR00000wkDtUYAU,Mobile Manor Estates,Originator__c,(null),005WR00000CXIX7YAP,2026-07-08-backfill-originator.py,2026-07-08T15:51:07,backfill
006WR00000wkDtVYAU,1301-1315 Quail_CIR_Apts,Originator__c,(null),005WR00000CXIX7YAP,2026-07-08-backfill-originator.py,2026-07-08T15:51:07,backfill
006WR00000wkDtWYAU,GEORGETOWN_MDU_101_FM971 AKA Vered at San Gabriel,Originator__c,(null),005WR00000CXIX7YAP,2026-07-08-backfill-originator.py,2026-07-08T15:51:07,backfill
006WR00000wkDtXYAU,Pelican Cove HOA,Originator__c,(null),005WR00000DEU6oYAH,2026-07-08-backfill-originator.py,2026-07-08T15:51:07,backfill
006WR00000wkDtYYAU,ENCINITAS_MDU_Quail_Gardens,Originator__c,(null),005WR00000CXIX7YAP,2026-07-08-backfill-originator.py,2026-07-08T15:51:07,backfill
006WR00000wkDtZYAU,OMAHA_MDU_Ogden Plaza,Originator__c,(null),005WR00000CXIX7YAP,2026-07-08-backfill-originator.py,2026-07-08T15:51:07,backfill
006WR00000wkDtaYAE,Peony Park West Apartments,Originator__c,(null),005WR00000CXIX7YAP,2026-07-08-backfill-originator.py,2026-07-08T15:51:07,backfill
006WR00000wkDtbYAE,Spindrift Apartments,Originator__c,(null),005WR00000CXIX7YAP,2026-07-08-backfill-originator.py,2026-07-08T15:51:07,backfill
006WR00000wkDtcYAE,OMAHA_MDU_3331-3337 Meredith AVE APTS,Originator__c,(null),005WR00000CXIX7YAP,2026-07-08-backfill-originator.py,2026-07-08T15:51:07,backfill
006WR00000wkDtdYAE,Highland Park Manor (HOA),Originator__c,(null),005WR00000CXIX7YAP,2026-07-08-backfill-originator.py,2026-07-08T15:51:07,backfill
006WR00000wkDteYAE,Lakeside Estates,Originator__c,(null),005WR00000CXIX7YAP,2026-07-08-backfill-originator.py,2026-07-08T15:51:07,backfill
006WR00000wkDtfYAE,Leucadia Rocks,Originator__c,(null),005WR00000CXIX7YAP,2026-07-08-backfill-originator.py,2026-07-08T15:51:07,backfill
006WR00000wkDtgYAE,Encinitas Villas,Originator__c,(null),005WR00000CXIX7YAP,2026-07-08-backfill-originator.py,2026-07-08T15:51:07,backfill
006WR00000wkDthYAE,El Rancho Del Sol Apartments,Originator__c,(null),005WR00000DEU6oYAH,2026-07-08-backfill-originator.py,2026-07-08T15:51:07,backfill
006WR00000wkDtiYAE,Villa Rouge,Originator__c,(null),005WR0000030R9lYAE,2026-07-08-backfill-originator.py,2026-07-08T15:51:07,backfill
006WR00000wkDtjYAE,Ville De Sante townhomes,Originator__c,(null),005WR0000030R9lYAE,2026-07-08-backfill-originator.py,2026-07-08T15:51:07,backfill
006WR00000wkDtkYAE,Maple Place Apartments,Originator__c,(null),005WR00000CXIX7YAP,2026-07-08-backfill-originator.py,2026-07-08T15:51:07,backfill
006WR00000wkDtlYAE,350 E 5th Ave,Originator__c,(null),005WR00000CXEZyYAP,2026-07-08-backfill-originator.py,2026-07-08T15:51:07,backfill
006WR00000wkDtmYAE,Mariposa Apartments,Originator__c,(null),005WR00000CXEZyYAP,2026-07-08-backfill-originator.py,2026-07-08T15:51:07,backfill
006WR00000wkDtnYAE,La Costa at Dobson Ranch,Originator__c,(null),005WR00000CXIX7YAP,2026-07-08-backfill-originator.py,2026-07-08T15:51:07,backfill
006WR00000wkDtoYAE,Sorrento Apartments,Originator__c,(null),005WR00000DEU6oYAH,2026-07-08-backfill-originator.py,2026-07-08T15:51:07,backfill
006WR00000wkDtpYAE,Casa Mesa Estates,Originator__c,(null),005WR00000CXIX7YAP,2026-07-08-backfill-originator.py,2026-07-08T15:51:07,backfill
006WR00000wkDtqYAE,Ellipse on Excelsior,Originator__c,(null),005WR00000CXIX7YAP,2026-07-08-backfill-originator.py,2026-07-08T15:51:07,backfill
006WR00000wkDtrYAE,Indigo at Sunset Park,Originator__c,(null),005WR00000DE3zRYAT,2026-07-08-backfill-originator.py,2026-07-08T15:51:07,backfill
006WR00000wkDtsYAE,The Cliffs at Canyon Ridge,Originator__c,(null),005WR00000CXEZyYAP,2026-07-08-backfill-originator.py,2026-07-08T15:51:07,backfill
006WR00000wkDttYAE,Legend of Fort Worth: Senior Living_OneSource project,Originator__c,(null),005WR00000CXIX7YAP,2026-07-08-backfill-originator.py,2026-07-08T15:51:07,backfill
006WR00000wkDtuYAE,Oak Ridge Apartments,Originator__c,(null),005WR00000DEU6oYAH,2026-07-08-backfill-originator.py,2026-07-08T15:51:07,backfill
006WR00000wkDtvYAE,Eastbrook,Originator__c,(null),005WR00000DE44HYAT,2026-07-08-backfill-originator.py,2026-07-08T15:51:07,backfill
006WR00000wkDtwYAE,Woodglen Square ll,Originator__c,(null),005WR000003CD6DYAW,2026-07-08-backfill-originator.py,2026-07-08T15:51:07,backfill
006WR00000wkDtxYAE,Olive East,Originator__c,(null),005WR00000CXEZyYAP,2026-07-08-backfill-originator.py,2026-07-08T15:51:07,backfill
006WR00000wkDtyYAE,Cambria Apartments,Originator__c,(null),005WR00000DE44HYAT,2026-07-08-backfill-originator.py,2026-07-08T15:51:07,backfill
006WR00000wkDtzYAE,Whispering Hills Apartments,Originator__c,(null),005WR000003CD6DYAW,2026-07-08-backfill-originator.py,2026-07-08T15:51:07,backfill
006WR00000wkDu0YAE,Cielo II Apartments,Originator__c,(null),005WR00000CXEZyYAP,2026-07-08-backfill-originator.py,2026-07-08T15:51:07,backfill
006WR00000wkDu1YAE,The M at Lakeline,Originator__c,(null),005WR00000CXEZyYAP,2026-07-08-backfill-originator.py,2026-07-08T15:51:07,backfill
006WR00000wkDu2YAE,Palmero by the Park (f/k/a Overlook by the Park),Originator__c,(null),005WR00000CXEZyYAP,2026-07-08-backfill-originator.py,2026-07-08T15:51:07,backfill
006WR00000wkDu3YAE,La Costa Paloma,Originator__c,(null),005WR00000DE3zRYAT,2026-07-08-backfill-originator.py,2026-07-08T15:51:07,backfill
006WR00000wkDu4YAE,High Country Villas 5&7,Originator__c,(null),005WR000003CD6DYAW,2026-07-08-backfill-originator.py,2026-07-08T15:51:07,backfill
006WR00000wkDu5YAE,Southwest Patio Home Apartments,Originator__c,(null),005WR00000CXEZyYAP,2026-07-08-backfill-originator.py,2026-07-08T15:51:07,backfill
006WR00000wkDu6YAE,500 NE 70th,Originator__c,(null),005WR00000CXEZyYAP,2026-07-08-backfill-originator.py,2026-07-08T15:51:07,backfill
006WR00000wkDu7YAE,San Montego Luxury Apartments,Originator__c,(null),005WR00000DE44HYAT,2026-07-08-backfill-originator.py,2026-07-08T15:51:07,backfill
006WR00000wkDu8YAE,The Turn Apartments,Originator__c,(null),005WR00000DE44HYAT,2026-07-08-backfill-originator.py,2026-07-08T15:51:07,backfill
006WR00000wkDu9YAE,Oakwood Apartments,Originator__c,(null),005WR00000CXIX7YAP,2026-07-08-backfill-originator.py,2026-07-08T15:51:07,backfill
006WR00000wkDuAYAU,Villas on Horne,Originator__c,(null),005WR00000DE45tYAD,2026-07-08-backfill-originator.py,2026-07-08T15:51:07,backfill
006WR00000wkDuBYAU,Riverview Townhomes,Originator__c,(null),005WR00000DE44HYAT,2026-07-08-backfill-originator.py,2026-07-08T15:51:07,backfill
006WR00000wkDuCYAU,Avenue 8 Apartments,Originator__c,(null),005WR00000DE44HYAT,2026-07-08-backfill-originator.py,2026-07-08T15:51:07,backfill
006WR00000wkDuDYAU,Texana Apartments,Originator__c,(null),005WR00000CXIX7YAP,2026-07-08-backfill-originator.py,2026-07-08T15:51:07,backfill
006WR00000wkDuEYAU,Brookwood Apartments,Originator__c,(null),005WR00000DE44HYAT,2026-07-08-backfill-originator.py,2026-07-08T15:51:07,backfill
006WR00000wkDuFYAU,Bahia Palms Apartments,Originator__c,(null),005WR00000CXIX7YAP,2026-07-08-backfill-originator.py,2026-07-08T15:51:07,backfill
006WR00000wkDuGYAU,Mission Palms Apartments,Originator__c,(null),005WR00000DE44HYAT,2026-07-08-backfill-originator.py,2026-07-08T15:51:07,backfill
006WR00000wkDuHYAU,River Oaks Apartments,Originator__c,(null),005WR00000DE44HYAT,2026-07-08-backfill-originator.py,2026-07-08T15:51:07,backfill
006WR00000wkDuIYAU,Zona Village,Originator__c,(null),005WR00000DE44HYAT,2026-07-08-backfill-originator.py,2026-07-08T15:51:07,backfill
006WR00000wkDuJYAU,Vanderbilt Apartments,Originator__c,(null),005WR00000CXIX7YAP,2026-07-08-backfill-originator.py,2026-07-08T15:51:07,backfill
006WR00000wkDuKYAU,Fowler's RV Park,Originator__c,(null),005WR000003CD6DYAW,2026-07-08-backfill-originator.py,2026-07-08T15:51:07,backfill
006WR00000wkDuLYAU,Mira Vista Apartments,Originator__c,(null),005WR00000CXIX7YAP,2026-07-08-backfill-originator.py,2026-07-08T15:51:07,backfill
006WR00000wkDuMYAU,Colonial Plaza,Originator__c,(null),005WR00000CXIX7YAP,2026-07-08-backfill-originator.py,2026-07-08T15:51:07,backfill
006WR00000wkDuNYAU,6311-6321 Roosevelt,Originator__c,(null),005WR00000CXEZyYAP,2026-07-08-backfill-originator.py,2026-07-08T15:51:07,backfill
006WR00000wkDuOYAU,Stonebridge Gardens,Originator__c,(null),005WR00000DE44HYAT,2026-07-08-backfill-originator.py,2026-07-08T15:51:07,backfill
006WR00000wkDuPYAU,7000 Roosevelt Way Apt,Originator__c,(null),005WR00000CXEZyYAP,2026-07-08-backfill-originator.py,2026-07-08T15:51:07,backfill
006WR00000wkDuQYAU,Copper Commons,Originator__c,(null),005WR00000CXIX7YAP,2026-07-08-backfill-originator.py,2026-07-08T15:51:07,backfill
006WR00000wkDuRYAU,7101 Roosevelt Way Apt,Originator__c,(null),005WR00000CXEZyYAP,2026-07-08-backfill-originator.py,2026-07-08T15:51:07,backfill
006WR00000wkDuSYAU,The Fifth Avenue,Originator__c,(null),005WR00000CXEZyYAP,2026-07-08-backfill-originator.py,2026-07-08T15:51:07,backfill
006WR00000wkDuTYAU,The Sixth Avenue,Originator__c,(null),005WR00000CXEZyYAP,2026-07-08-backfill-originator.py,2026-07-08T15:51:07,backfill
006WR00000wkDuUYAU,Pineforest Park,Originator__c,(null),005WR00000CXIX7YAP,2026-07-08-backfill-originator.py,2026-07-08T15:51:07,backfill
006WR00000wkDuVYAU,Crenshaw Townhouse,Originator__c,(null),005WR00000CXEZyYAP,2026-07-08-backfill-originator.py,2026-07-08T15:51:07,backfill
006WR00000wkDuWYAU,West Creek Townhomes,Originator__c,(null),005WR00000CXIX7YAP,2026-07-08-backfill-originator.py,2026-07-08T15:51:07,backfill
006WR00000wkDuXYAU,Vanowen Manor,Originator__c,(null),005WR00000CXEZyYAP,2026-07-08-backfill-originator.py,2026-07-08T15:51:07,backfill
006WR00000wkDuYYAU,Lord Tennyson,Originator__c,(null),005WR00000CXIX7YAP,2026-07-08-backfill-originator.py,2026-07-08T15:51:07,backfill
006WR00000wkDuZYAU,Crenshaw Manor,Originator__c,(null),005WR00000CXEZyYAP,2026-07-08-backfill-originator.py,2026-07-08T15:51:07,backfill
006WR00000wkDuaYAE,Columbia Apartments,Originator__c,(null),005WR00000CXIX7YAP,2026-07-08-backfill-originator.py,2026-07-08T15:51:07,backfill
006WR00000wkDubYAE,Windfaire Apartments,Originator__c,(null),005WR00000CXEZyYAP,2026-07-08-backfill-originator.py,2026-07-08T15:51:07,backfill
006WR00000wkDucYAE,Woodbury Place Apartments,Originator__c,(null),005WR00000CXIX7YAP,2026-07-08-backfill-originator.py,2026-07-08T15:51:07,backfill
006WR00000wkDudYAE,Strathmore Arms Apartments,Originator__c,(null),005WR00000CXEZyYAP,2026-07-08-backfill-originator.py,2026-07-08T15:51:07,backfill
006WR00000wkDueYAE,University Club Apartments (Nac),Originator__c,(null),005WR00000CXIX7YAP,2026-07-08-backfill-originator.py,2026-07-08T15:51:07,backfill
006WR00000wkDufYAE,714 Veteran,Originator__c,(null),005WR00000CXEZyYAP,2026-07-08-backfill-originator.py,2026-07-08T15:51:07,backfill
006WR00000wkDugYAE,University Square Apartments,Originator__c,(null),005WR00000CXIX7YAP,2026-07-08-backfill-originator.py,2026-07-08T15:51:07,backfill
006WR00000wkDuhYAE,The Park West,Originator__c,(null),005WR00000CXEZyYAP,2026-07-08-backfill-originator.py,2026-07-08T15:51:07,backfill
006WR00000wkDuiYAE,Summerset Village Apartments,Originator__c,(null),005WR00000CXIX7YAP,2026-07-08-backfill-originator.py,2026-07-08T15:51:07,backfill
006WR00000wkDujYAE,Villa Boitano 2,Originator__c,(null),005WR00000CXEZyYAP,2026-07-08-backfill-originator.py,2026-07-08T15:51:07,backfill
006WR00000wkDukYAE,Cimarron Estates,Originator__c,(null),005WR00000CXIX7YAP,2026-07-08-backfill-originator.py,2026-07-08T15:51:07,backfill
006WR00000wkDulYAE,104 North Apt,Originator__c,(null),005WR00000CXEZyYAP,2026-07-08-backfill-originator.py,2026-07-08T15:51:07,backfill
006WR00000wkDumYAE,Misty Ridge,Originator__c,(null),005WR00000CXIX7YAP,2026-07-08-backfill-originator.py,2026-07-08T15:51:07,backfill
006WR00000wkDunYAE,Villa Boitano 3,Originator__c,(null),005WR00000CXEZyYAP,2026-07-08-backfill-originator.py,2026-07-08T15:51:07,backfill
006WR00000wkDuoYAE,Park at Shiloh,Originator__c,(null),005WR00000CXIX7YAP,2026-07-08-backfill-originator.py,2026-07-08T15:51:07,backfill
006WR00000wkDupYAE,8746 Phinney Apt,Originator__c,(null),005WR00000CXEZyYAP,2026-07-08-backfill-originator.py,2026-07-08T15:51:07,backfill
006WR00000wkDuqYAE,Villages at Sugar Road,Originator__c,(null),005WR00000CXIX7YAP,2026-07-08-backfill-originator.py,2026-07-08T15:51:07,backfill
006WR00000wkDurYAE,The Cliffetta,Originator__c,(null),005WR00000CXEZyYAP,2026-07-08-backfill-originator.py,2026-07-08T15:51:07,backfill
006WR00000wkDusYAE,Espana,Originator__c,(null),005WR00000CXEZyYAP,2026-07-08-backfill-originator.py,2026-07-08T15:51:07,backfill
006WR00000wkDutYAE,Windrush Apartments,Originator__c,(null),005WR00000CXIX7YAP,2026-07-08-backfill-originator.py,2026-07-08T15:51:07,backfill
006WR00000wkDuuYAE,Autumn Villas Apartments,Originator__c,(null),005WR00000CXIX7YAP,2026-07-08-backfill-originator.py,2026-07-08T15:51:07,backfill
006WR00000wkDuvYAE,Conquistador Apartments,Originator__c,(null),005WR00000CXIX7YAP,2026-07-08-backfill-originator.py,2026-07-08T15:51:07,backfill
006WR00000wkDuwYAE,Fairways,Originator__c,(null),005WR00000CXIX7YAP,2026-07-08-backfill-originator.py,2026-07-08T15:51:07,backfill
006WR00000wkDuxYAE,Seven Points Apartments,Originator__c,(null),005WR00000CXIX7YAP,2026-07-08-backfill-originator.py,2026-07-08T15:51:07,backfill
006WR00000wkDuyYAE,Sheppard's Edge,Originator__c,(null),005WR00000CXIX7YAP,2026-07-08-backfill-originator.py,2026-07-08T15:51:07,backfill
006WR00000wkDuzYAE,Whispering Oaks Apartments,Originator__c,(null),005WR00000CXIX7YAP,2026-07-08-backfill-originator.py,2026-07-08T15:51:07,backfill
006WR00000wkDv0YAE,Boulder Springs Apartments,Originator__c,(null),005WR00000CXIX7YAP,2026-07-08-backfill-originator.py,2026-07-08T15:51:07,backfill
006WR00000wkDv1YAE,Rose Villa Apartments,Originator__c,(null),005WR00000CXIX7YAP,2026-07-08-backfill-originator.py,2026-07-08T15:51:07,backfill
006WR00000wkDv2YAE,St. John's,Originator__c,(null),005WR00000CXIX7YAP,2026-07-08-backfill-originator.py,2026-07-08T15:51:07,backfill
006WR00000wkDv3YAE,La Villita Apartments,Originator__c,(null),005WR00000CXIX7YAP,2026-07-08-backfill-originator.py,2026-07-08T15:51:07,backfill
006WR00000wkDv4YAE,615 Manhattan,Originator__c,(null),005WR00000CXIX7YAP,2026-07-08-backfill-originator.py,2026-07-08T15:51:07,backfill
006WR00000wkDv5YAE,Mill Creek Square Apartments,Originator__c,(null),005WR00000CXIX7YAP,2026-07-08-backfill-originator.py,2026-07-08T15:51:07,backfill
006WR00000wkDv6YAE,Sunset Street,Originator__c,(null),005WR00000CXIX7YAP,2026-07-08-backfill-originator.py,2026-07-08T15:51:07,backfill
006WR00000wkDv7YAE,Gainesville Gardens Apartments,Originator__c,(null),005WR00000CXIX7YAP,2026-07-08-backfill-originator.py,2026-07-08T15:51:07,backfill
006WR00000wkDv8YAE,Pineforest Place,Originator__c,(null),005WR00000CXIX7YAP,2026-07-08-backfill-originator.py,2026-07-08T15:51:07,backfill
006WR00000wkDv9YAE,Misty Hollow Apartments,Originator__c,(null),005WR00000CXIX7YAP,2026-07-08-backfill-originator.py,2026-07-08T15:51:07,backfill
006WR00000wkDvAYAU,University Club Apartments (Lubbock),Originator__c,(null),005WR00000CXIX7YAP,2026-07-08-backfill-originator.py,2026-07-08T15:51:07,backfill
006WR00000wkDvBYAU,Northpark Apartments,Originator__c,(null),005WR00000CXEZyYAP,2026-07-08-backfill-originator.py,2026-07-08T15:51:07,backfill
006WR00000wkDvCYAU,Chaparral Apts,Originator__c,(null),005WR00000CXIX7YAP,2026-07-08-backfill-originator.py,2026-07-08T15:51:07,backfill
006WR00000wkDvDYAU,Lemoli Apartments,Originator__c,(null),005WR00000CXEZyYAP,2026-07-08-backfill-originator.py,2026-07-08T15:51:07,backfill
006WR00000wkDvEYAU,Willow Lake,Originator__c,(null),005WR00000CXIX7YAP,2026-07-08-backfill-originator.py,2026-07-08T15:51:07,backfill
006WR00000wkDvFYAU,Chadron Apartments,Originator__c,(null),005WR00000CXEZyYAP,2026-07-08-backfill-originator.py,2026-07-08T15:51:07,backfill
006WR00000wkDvGYAU,Forest Gate Apartments,Originator__c,(null),005WR00000CXIX7YAP,2026-07-08-backfill-originator.py,2026-07-08T15:51:07,backfill
006WR00000wkDvHYAU,Vanowen Manor II,Originator__c,(null),005WR00000CXEZyYAP,2026-07-08-backfill-originator.py,2026-07-08T15:51:07,backfill
006WR00000wkDvIYAU,Alameda Palms,Originator__c,(null),005WR00000CXIX7YAP,2026-07-08-backfill-originator.py,2026-07-08T15:51:07,backfill
006WR00000wkEZdYAM,Strathmore Terrace,Originator__c,(null),005WR00000CXEZyYAP,2026-07-08-backfill-originator.py,2026-07-08T15:51:07,backfill
006WR00000wkEZeYAM,Heritage Park,Originator__c,(null),005WR00000CXIX7YAP,2026-07-08-backfill-originator.py,2026-07-08T15:51:07,backfill
006WR00000wkEZfYAM,Crenshaw Terrace Apartments,Originator__c,(null),005WR00000CXEZyYAP,2026-07-08-backfill-originator.py,2026-07-08T15:51:07,backfill
006WR00000wkEZgYAM,University Courtyards Apartments,Originator__c,(null),005WR00000CXIX7YAP,2026-07-08-backfill-originator.py,2026-07-08T15:51:07,backfill
006WR00000wkEZhYAM,Leimert Park,Originator__c,(null),005WR00000CXEZyYAP,2026-07-08-backfill-originator.py,2026-07-08T15:51:07,backfill
006WR00000wkEZiYAM,Saratoga Apartments,Originator__c,(null),005WR00000CXIX7YAP,2026-07-08-backfill-originator.py,2026-07-08T15:51:07,backfill
006WR00000wkEZjYAM,Ladera Apartments,Originator__c,(null),005WR00000CXEZyYAP,2026-07-08-backfill-originator.py,2026-07-08T15:51:07,backfill
006WR00000wkEZkYAM,The Oaks Apartments,Originator__c,(null),005WR00000CXIX7YAP,2026-07-08-backfill-originator.py,2026-07-08T15:51:07,backfill
006WR00000wkEZlYAM,Fallbrook View Apartments,Originator__c,(null),005WR00000CXIX7YAP,2026-07-08-backfill-originator.py,2026-07-08T15:51:07,backfill
006WR00000wkEZmYAM,Turnagain Apartments,Originator__c,(null),005WR00000CXIX7YAP,2026-07-08-backfill-originator.py,2026-07-08T15:51:07,backfill
006WR00000wkEZnYAM,Paris Retirement Village,Originator__c,(null),005WR00000CXIX7YAP,2026-07-08-backfill-originator.py,2026-07-08T15:51:07,backfill
006WR00000wkEZoYAM,Tierra Pointe,Originator__c,(null),005WR00000DE44HYAT,2026-07-08-backfill-originator.py,2026-07-08T15:51:07,backfill
006WR00000wkEZpYAM,Cypress Ridge,Originator__c,(null),005WR00000CXIX7YAP,2026-07-08-backfill-originator.py,2026-07-08T15:51:07,backfill
006WR00000wkEZqYAM,Comanche Wells,Originator__c,(null),005WR00000DE44HYAT,2026-07-08-backfill-originator.py,2026-07-08T15:51:07,backfill
006WR00000wkEZrYAM,Lakeview Park,Originator__c,(null),005WR00000CXIX7YAP,2026-07-08-backfill-originator.py,2026-07-08T15:51:07,backfill
006WR00000wkEZsYAM,Park at Clear Creek,Originator__c,(null),005WR00000CXIX7YAP,2026-07-08-backfill-originator.py,2026-07-08T15:51:07,backfill
006WR00000wkEZtYAM,5307 Ravenna,Originator__c,(null),005WR00000CXEZyYAP,2026-07-08-backfill-originator.py,2026-07-08T15:51:07,backfill
006WR00000wkEZuYAM,Pinnacle Pointe,Originator__c,(null),005WR00000CXIX7YAP,2026-07-08-backfill-originator.py,2026-07-08T15:51:07,backfill
006WR00000wkEZvYAM,1744 Dexter Avenue Apartments,Originator__c,(null),005WR00000CXEZyYAP,2026-07-08-backfill-originator.py,2026-07-08T15:51:07,backfill
006WR00000wkEZwYAM,Western Hills Apartments,Originator__c,(null),005WR00000CXIX7YAP,2026-07-08-backfill-originator.py,2026-07-08T15:51:07,backfill
006WR00000wkEZxYAM,Villa Park Apartments,Originator__c,(null),005WR00000CXEZyYAP,2026-07-08-backfill-originator.py,2026-07-08T15:51:07,backfill
006WR00000wkEZyYAM,Green Lake South,Originator__c,(null),005WR00000CXEZyYAP,2026-07-08-backfill-originator.py,2026-07-08T15:51:07,backfill
006WR00000wkEZzYAM,430 NE Ravenna,Originator__c,(null),005WR00000CXEZyYAP,2026-07-08-backfill-originator.py,2026-07-08T15:51:07,backfill
006WR00000wkEa0YAE,Lakeland,Originator__c,(null),005WR00000CXEZyYAP,2026-07-08-backfill-originator.py,2026-07-08T15:51:07,backfill
006WR00000wkEa1YAE,Vista Hermosa Apartments,Originator__c,(null),005WR00000CXIX7YAP,2026-07-08-backfill-originator.py,2026-07-08T15:51:07,backfill
006WR00000wkEa2YAE,Pecan Creek Apartments,Originator__c,(null),005WR00000CXIX7YAP,2026-07-08-backfill-originator.py,2026-07-08T15:51:07,backfill
006WR00000wkEa3YAE,Stoneridge Apartments,Originator__c,(null),005WR00000CXIX7YAP,2026-07-08-backfill-originator.py,2026-07-08T15:51:07,backfill
006WR00000wkEa4YAE,Woodstock III Apartments,Originator__c,(null),005WR00000CXIX7YAP,2026-07-08-backfill-originator.py,2026-07-08T15:51:07,backfill
006WR00000wkEa5YAE,La Mirage Villas Apartments,Originator__c,(null),005WR00000CXIX7YAP,2026-07-08-backfill-originator.py,2026-07-08T15:51:07,backfill
006WR00000wkEa6YAE,Briarwood Apartments,Originator__c,(null),005WR00000CXIX7YAP,2026-07-08-backfill-originator.py,2026-07-08T15:51:07,backfill
006WR00000wkEa7YAE,Prairie Village Apartments,Originator__c,(null),005WR00000CXIX7YAP,2026-07-08-backfill-originator.py,2026-07-08T15:51:07,backfill
006WR00000wkEa8YAE,La Mirage Apartments,Originator__c,(null),005WR00000CXIX7YAP,2026-07-08-backfill-originator.py,2026-07-08T15:51:07,backfill
006WR00000wkEa9YAE,Hillside Apartments,Originator__c,(null),005WR00000CXIX7YAP,2026-07-08-backfill-originator.py,2026-07-08T15:51:07,backfill
006WR00000wkEaAYAU,Pilot Point Apartments,Originator__c,(null),005WR00000CXIX7YAP,2026-07-08-backfill-originator.py,2026-07-08T15:51:07,backfill
006WR00000wkEaBYAU,May Road Apartments,Originator__c,(null),005WR00000CXIX7YAP,2026-07-08-backfill-originator.py,2026-07-08T15:51:07,backfill
006WR00000wkEaCYAU,Village Place Apartments,Originator__c,(null),005WR00000CXIX7YAP,2026-07-08-backfill-originator.py,2026-07-08T15:51:07,backfill
006WR00000wkEaDYAU,Mesquite Trails Apartments,Originator__c,(null),005WR00000CXIX7YAP,2026-07-08-backfill-originator.py,2026-07-08T15:51:07,backfill
006WR00000wkEaEYAU,Lakeview Court Apartments,Originator__c,(null),005WR00000CXIX7YAP,2026-07-08-backfill-originator.py,2026-07-08T15:51:07,backfill
006WR00000wkEaFYAU,Regency Apartments,Originator__c,(null),005WR00000CXIX7YAP,2026-07-08-backfill-originator.py,2026-07-08T15:51:07,backfill
006WR00000wkEaGYAU,Rio Grande Apartments,Originator__c,(null),005WR00000CXIX7YAP,2026-07-08-backfill-originator.py,2026-07-08T15:51:07,backfill
006WR00000wkEaHYAU,Oxnard Terrace Apartments,Originator__c,(null),005WR00000CXEZyYAP,2026-07-08-backfill-originator.py,2026-07-08T15:51:07,backfill
006WR00000wkEaIYAU,Vassar Terrace Apartments,Originator__c,(null),005WR00000CXEZyYAP,2026-07-08-backfill-originator.py,2026-07-08T15:51:07,backfill
006WR00000wkEaJYAU,9404 Apartments,Originator__c,(null),005WR00000CXEZyYAP,2026-07-08-backfill-originator.py,2026-07-08T15:51:07,backfill
006WR00000wkEaKYAU,Villa Lago Apartments,Originator__c,(null),005WR00000CXEZyYAP,2026-07-08-backfill-originator.py,2026-07-08T15:51:07,backfill
006WR00000wkEaLYAU,The Royce,Originator__c,(null),005WR00000CXEZyYAP,2026-07-08-backfill-originator.py,2026-07-08T15:51:07,backfill
006WR00000wkEaMYAU,Aloha Wey Apartments,Originator__c,(null),005WR00000CXEZyYAP,2026-07-08-backfill-originator.py,2026-07-08T15:51:07,backfill
006WR00000wkEaNYAU,Jem-Wey Apartments,Originator__c,(null),005WR00000CXEZyYAP,2026-07-08-backfill-originator.py,2026-07-08T15:51:07,backfill
006WR00000wkEaOYAU,Regents Park Apartments,Originator__c,(null),005WR00000CXEZyYAP,2026-07-08-backfill-originator.py,2026-07-08T15:51:07,backfill
006WR00000wkEaPYAU,Lake Meadows Apartments,Originator__c,(null),005WR00000CXEZyYAP,2026-07-08-backfill-originator.py,2026-07-08T15:51:07,backfill
006WR00000wkEaQYAU,Woodland Trio The Oaks,Originator__c,(null),005WR00000Ewjj3YAB,2026-07-08-backfill-originator.py,2026-07-08T15:51:07,backfill
006WR00000wkEaRYAU,Baldwin Manor,Originator__c,(null),005WR00000Ewjj3YAB,2026-07-08-backfill-originator.py,2026-07-08T15:51:07,backfill
006WR00000wkEaSYAU,White Oak Terrace,Originator__c,(null),005WR00000Ewjj3YAB,2026-07-08-backfill-originator.py,2026-07-08T15:51:07,backfill
006WR00000wkEaTYAU,Bali Apartments,Originator__c,(null),005WR00000Ewjj3YAB,2026-07-08-backfill-originator.py,2026-07-08T15:51:07,backfill
006WR00000wkEaUYAU,Corbett Avenue Apartments,Originator__c,(null),005WR00000Ewjj3YAB,2026-07-08-backfill-originator.py,2026-07-08T15:51:07,backfill
006WR00000wkEaVYAU,Chatsworth Plaza,Originator__c,(null),005WR00000Ewjj3YAB,2026-07-08-backfill-originator.py,2026-07-08T15:51:07,backfill
006WR00000wkEaWYAU,John Manor,Originator__c,(null),005WR00000Ewjj3YAB,2026-07-08-backfill-originator.py,2026-07-08T15:51:07,backfill
006WR00000wkEaXYAU,Casa Linda,Originator__c,(null),005WR00000Ewjj3YAB,2026-07-08-backfill-originator.py,2026-07-08T15:51:07,backfill
006WR00000wkEaYYAU,Windsor Manor,Originator__c,(null),005WR00000Ewjj3YAB,2026-07-08-backfill-originator.py,2026-07-08T15:51:07,backfill
006WR00000wkEaZYAU,Coliseum Apartments,Originator__c,(null),005WR00000Ewjj3YAB,2026-07-08-backfill-originator.py,2026-07-08T15:51:07,backfill
006WR00000wkEaaYAE,Colonial Manor Apartments,Originator__c,(null),005WR00000Ewjj3YAB,2026-07-08-backfill-originator.py,2026-07-08T15:51:07,backfill
006WR00000wkEabYAE,San Vicente Apartments,Originator__c,(null),005WR00000Ewjj3YAB,2026-07-08-backfill-originator.py,2026-07-08T15:51:07,backfill
006WR00000wkEacYAE,St. Andrews Manor,Originator__c,(null),005WR00000Ewjj3YAB,2026-07-08-backfill-originator.py,2026-07-08T15:51:07,backfill
006WR00000wkEadYAE,Krystal Terrace,Originator__c,(null),005WR00000Ewjj3YAB,2026-07-08-backfill-originator.py,2026-07-08T15:51:07,backfill
006WR00000wkEaeYAE,Parkway Terrace,Originator__c,(null),005WR00000Ewjj3YAB,2026-07-08-backfill-originator.py,2026-07-08T15:51:07,backfill
006WR00000wkEafYAE,Kling Trio Apartments,Originator__c,(null),005WR00000Ewjj3YAB,2026-07-08-backfill-originator.py,2026-07-08T15:51:07,backfill
006WR00000wkEagYAE,Jaclyn Terrace,Originator__c,(null),005WR00000Ewjj3YAB,2026-07-08-backfill-originator.py,2026-07-08T15:51:07,backfill
006WR00000wkEahYAE,Brody Terrace (Riverside),Originator__c,(null),005WR00000Ewjj3YAB,2026-07-08-backfill-originator.py,2026-07-08T15:51:07,backfill
006WR00000wkEaiYAE,Parkview Terrace,Originator__c,(null),005WR00000Ewjj3YAB,2026-07-08-backfill-originator.py,2026-07-08T15:51:07,backfill
006WR00000wkEajYAE,Roxanne Apartments,Originator__c,(null),005WR00000Ewjj3YAB,2026-07-08-backfill-originator.py,2026-07-08T15:51:07,backfill
006WR00000wkEakYAE,Riverside Villa Apartments,Originator__c,(null),005WR00000Ewjj3YAB,2026-07-08-backfill-originator.py,2026-07-08T15:51:07,backfill
006WR00000wkEalYAE,The Banyans,Originator__c,(null),005WR00000Ewjj3YAB,2026-07-08-backfill-originator.py,2026-07-08T15:51:07,backfill
006WR00000wkEamYAE,Topanga Apartments,Originator__c,(null),005WR00000Ewjj3YAB,2026-07-08-backfill-originator.py,2026-07-08T15:51:07,backfill
006WR00000wkEanYAE,Topanga Terrace,Originator__c,(null),005WR00000Ewjj3YAB,2026-07-08-backfill-originator.py,2026-07-08T15:51:07,backfill
006WR00000wkEaoYAE,Vista Apartments,Originator__c,(null),005WR00000Ewjj3YAB,2026-07-08-backfill-originator.py,2026-07-08T15:51:07,backfill
006WR00000wkEapYAE,The Palms,Originator__c,(null),005WR00000Ewjj3YAB,2026-07-08-backfill-originator.py,2026-07-08T15:51:07,backfill
006WR00000wkEaqYAE,Katerina Chalet,Originator__c,(null),005WR00000CXEZyYAP,2026-07-08-backfill-originator.py,2026-07-08T15:51:07,backfill
006WR00000wkEarYAE,8409 5th Ave Apt,Originator__c,(null),005WR00000CXEZyYAP,2026-07-08-backfill-originator.py,2026-07-08T15:51:07,backfill
006WR00000wkEasYAE,Villa Boitano 1,Originator__c,(null),005WR00000CXEZyYAP,2026-07-08-backfill-originator.py,2026-07-08T15:51:07,backfill
006WR00000wkEatYAE,4459 Fremont Ave Apt,Originator__c,(null),005WR00000CXEZyYAP,2026-07-08-backfill-originator.py,2026-07-08T15:51:07,backfill
006WR00000wkEauYAE,Hollypark Knolls Apartments,Originator__c,(null),005WR00000CXEZyYAP,2026-07-08-backfill-originator.py,2026-07-08T15:51:07,backfill
006WR00000wkEavYAE,Saticoy Gardens,Originator__c,(null),005WR00000CXEZyYAP,2026-07-08-backfill-originator.py,2026-07-08T15:51:07,backfill
006WR00000wkEawYAE,Link Canvas (fka The George & The Leonard),Originator__c,(null),005WR00000CXIX7YAP,2026-07-08-backfill-originator.py,2026-07-08T15:51:07,backfill
006WR00000wkEaxYAE,Link West End,Originator__c,(null),005WR00000CXIX7YAP,2026-07-08-backfill-originator.py,2026-07-08T15:51:07,backfill
006WR00000wkEayYAE,Mississippi View,Originator__c,(null),005WR00000CXIX7YAP,2026-07-08-backfill-originator.py,2026-07-08T15:51:07,backfill
006WR00000wkEazYAE,Spring Mountain Apartments,Originator__c,(null),005WR00000CXEZyYAP,2026-07-08-backfill-originator.py,2026-07-08T15:51:07,backfill
006WR00000wkEb0YAE,Aspen Hills,Originator__c,(null),005WR00000DE44HYAT,2026-07-08-backfill-originator.py,2026-07-08T15:51:07,backfill
006WR00000wkEb1YAE,Horizon Heights,Originator__c,(null),005WR000003CD6DYAW,2026-07-08-backfill-originator.py,2026-07-08T15:51:07,backfill
006WR00000wkEb2YAE,Columbine Towers,Originator__c,(null),005WR00000DE45tYAD,2026-07-08-backfill-originator.py,2026-07-08T15:51:07,backfill
006WR00000wkEb3YAE,Sunridge Patio Homes,Originator__c,(null),005WR00000CXIX7YAP,2026-07-08-backfill-originator.py,2026-07-08T15:51:07,backfill
006WR00000wkEb4YAE,Main Street Commons,Originator__c,(null),005WR00000CXIX7YAP,2026-07-08-backfill-originator.py,2026-07-08T15:51:07,backfill
006WR00000wkEb5YAE,Greenfield Village RV Resort,Originator__c,(null),005WR00000DE45tYAD,2026-07-08-backfill-originator.py,2026-07-08T15:51:07,backfill
006WR00000wkEb6YAE,Pecan Acres RV Park,Originator__c,(null),005WR00000CXIX7YAP,2026-07-08-backfill-originator.py,2026-07-08T15:51:07,backfill
006WR00000wkEb7YAE,The Bungalows on 204,Originator__c,(null),005WR00000CXIX7YAP,2026-07-08-backfill-originator.py,2026-07-08T15:51:07,backfill
006WR00000wkEb8YAE,The Bungalows on the Lake at Prairie Queen,Originator__c,(null),005WR00000CXIX7YAP,2026-07-08-backfill-originator.py,2026-07-08T15:51:07,backfill
006WR00000wkEb9YAE,The Bungalows on the Lake at Prairie Queen_The View,Originator__c,(null),005WR00000CXIX7YAP,2026-07-08-backfill-originator.py,2026-07-08T15:51:07,backfill
006WR00000wkEbAYAU,1010 on the Lake,Originator__c,(null),005WR00000CXIX7YAP,2026-07-08-backfill-originator.py,2026-07-08T15:51:07,backfill
006WR00000wkEbBYAU,The Beckham,Originator__c,(null),005WR00000CXIX7YAP,2026-07-08-backfill-originator.py,2026-07-08T15:51:07,backfill
006WR00000wkEbCYAU,Azle Village,Originator__c,(null),005WR00000CXIX7YAP,2026-07-08-backfill-originator.py,2026-07-08T15:51:07,backfill
006WR00000wkEbDYAU,Heritage Oaks,Originator__c,(null),005WR000003CD6DYAW,2026-07-08-backfill-originator.py,2026-07-08T15:51:07,backfill
006WR00000wkEbEYAU,Big Oaks Estates,Originator__c,(null),005WR000003CD6DYAW,2026-07-08-backfill-originator.py,2026-07-08T15:51:07,backfill
006WR00000wkEbFYAU,Southern Hills Manufactured Home Community,Originator__c,(null),005WR000003CD6DYAW,2026-07-08-backfill-originator.py,2026-07-08T15:51:07,backfill
006WR00000wkEbGYAU,Sahara & Playa Palms Apartments,Originator__c,(null),005WR00000CXEZyYAP,2026-07-08-backfill-originator.py,2026-07-08T15:51:07,backfill
006WR00000wkEbHYAU,Arcadia Walk,Originator__c,(null),005WR00000CXEZyYAP,2026-07-08-backfill-originator.py,2026-07-08T15:51:07,backfill
006WR00000wkEbIYAU,First Casa De Marina,Originator__c,(null),005WR00000Ewjj3YAB,2026-07-08-backfill-originator.py,2026-07-08T15:51:07,backfill
006WR00000wkEbJYAU,Lombardi Apartments,Originator__c,(null),005WR00000Ewjj3YAB,2026-07-08-backfill-originator.py,2026-07-08T15:51:07,backfill
006WR00000wkEbKYAU,The Meadows at Westlake Village,Originator__c,(null),005WR00000Ewjj3YAB,2026-07-08-backfill-originator.py,2026-07-08T15:51:07,backfill
006WR00000wkEbLYAU,Brookside Terrace Apartments,Originator__c,(null),005WR00000Ewjj3YAB,2026-07-08-backfill-originator.py,2026-07-08T15:51:07,backfill
006WR00000wkEbMYAU,Gloria Homes,Originator__c,(null),005WR00000CXEZyYAP,2026-07-08-backfill-originator.py,2026-07-08T15:51:07,backfill
006WR00000wkEbNYAU,Parthenia Terrace,Originator__c,(null),005WR00000CXEZyYAP,2026-07-08-backfill-originator.py,2026-07-08T15:51:07,backfill
006WR00000wkEbOYAU,Patriot Place,Originator__c,(null),005WR000003CD6DYAW,2026-07-08-backfill-originator.py,2026-07-08T15:51:07,backfill
006WR00000wkEbPYAU,1507 N 8th Apartments (aka The Gables at 8th),Originator__c,(null),005WR000003CD6DYAW,2026-07-08-backfill-originator.py,2026-07-08T15:51:07,backfill
006WR00000wkEbQYAU,307 N 14th Apartments (aka Paloma Gardens),Originator__c,(null),005WR000003CD6DYAW,2026-07-08-backfill-originator.py,2026-07-08T15:51:07,backfill
006WR00000wkEbRYAU,Jerome Apartments_Colt RE,Originator__c,(null),005WR000003CD6DYAW,2026-07-08-backfill-originator.py,2026-07-08T15:51:07,backfill
006WR00000wkEbSYAU,Saffari Apartments,Originator__c,(null),005WR000003CD6DYAW,2026-07-08-backfill-originator.py,2026-07-08T15:51:07,backfill
006WR00000wkEbTYAU,Soaring Eagle Apartments,Originator__c,(null),005WR000003CD6DYAW,2026-07-08-backfill-originator.py,2026-07-08T15:51:07,backfill
006WR00000wkEbUYAU,1807 Mulford Apartments_Colt RE,Originator__c,(null),005WR000003CD6DYAW,2026-07-08-backfill-originator.py,2026-07-08T15:51:07,backfill
006WR00000wkEbVYAU,CitiFront Apartments,Originator__c,(null),005WR00000CXEZyYAP,2026-07-08-backfill-originator.py,2026-07-08T15:51:07,backfill
006WR00000wkEbWYAU,Waterstone Apartments,Originator__c,(null),005WR000003CD6DYAW,2026-07-08-backfill-originator.py,2026-07-08T15:51:07,backfill
006WR00000wkEbXYAU,Holiday Village Manufactured Home Village,Originator__c,(null),005WR00000CXIX7YAP,2026-07-08-backfill-originator.py,2026-07-08T15:51:07,backfill
006WR00000wkEbYYAU,Trailpoint by Trion Living / Trailpoint on Highline,Originator__c,(null),005WR00000CXEZyYAP,2026-07-08-backfill-originator.py,2026-07-08T15:51:07,backfill
006WR00000wkEbZYAU,Ballantrae Apartments,Originator__c,(null),005WR00000CXIX7YAP,2026-07-08-backfill-originator.py,2026-07-08T15:51:07,backfill
006WR00000wkEbaYAE,Westcliff Apartments,Originator__c,(null),005WR00000DE3zRYAT,2026-07-08-backfill-originator.py,2026-07-08T15:51:07,backfill
006WR00000wkEbbYAE,Sunshine Portland,Originator__c,(null),005WR00000DE3zRYAT,2026-07-08-backfill-originator.py,2026-07-08T15:51:07,backfill
006WR00000wkEbcYAE,Larpenteur Manor Apartments,Originator__c,(null),005WR00000CXIX7YAP,2026-07-08-backfill-originator.py,2026-07-08T15:51:07,backfill
006WR00000wkEbdYAE,Sun Place Apartments,Originator__c,(null),005WR00000CXIX7YAP,2026-07-08-backfill-originator.py,2026-07-08T15:51:07,backfill
006WR00000wkEbeYAE,Parkview Apartments,Originator__c,(null),005WR00000CXIX7YAP,2026-07-08-backfill-originator.py,2026-07-08T15:51:07,backfill
006WR00000wkEbfYAE,Cottage Terrace Apartments,Originator__c,(null),005WR00000CXIX7YAP,2026-07-08-backfill-originator.py,2026-07-08T15:51:07,backfill
006WR00000wkEbgYAE,Edgerton Highlands Apartments,Originator__c,(null),005WR00000CXIX7YAP,2026-07-08-backfill-originator.py,2026-07-08T15:51:07,backfill
006WR00000wkEbhYAE,Johnson Parkway Apartments,Originator__c,(null),005WR00000CXIX7YAP,2026-07-08-backfill-originator.py,2026-07-08T15:51:07,backfill
006WR00000wkEbiYAE,LaBlanche Apartments,Originator__c,(null),005WR00000CXIX7YAP,2026-07-08-backfill-originator.py,2026-07-08T15:51:07,backfill
006WR00000wkEbjYAE,Park Vista Apartments,Originator__c,(null),005WR00000CXIX7YAP,2026-07-08-backfill-originator.py,2026-07-08T15:51:07,backfill
006WR00000wkEbkYAE,Pine Tree Park Apartments,Originator__c,(null),005WR00000CXIX7YAP,2026-07-08-backfill-originator.py,2026-07-08T15:51:07,backfill
006WR00000wkEblYAE,Goldenstar Apartments,Originator__c,(null),005WR00000CXIX7YAP,2026-07-08-backfill-originator.py,2026-07-08T15:51:07,backfill
006WR00000wkEbmYAE,Evergreen East Apartments,Originator__c,(null),005WR00000CXIX7YAP,2026-07-08-backfill-originator.py,2026-07-08T15:51:07,backfill
006WR00000wkEbnYAE,Sherman Forbes Apartments,Originator__c,(null),005WR00000CXIX7YAP,2026-07-08-backfill-originator.py,2026-07-08T15:51:07,backfill
006WR00000wkEboYAE,The Bungalows,Originator__c,(null),005WR000003CD6DYAW,2026-07-08-backfill-originator.py,2026-07-08T15:51:07,backfill
006WR00000wkEbpYAE,Shadow Green Apartments,Originator__c,(null),005WR00000CXIX7YAP,2026-07-08-backfill-originator.py,2026-07-08T15:51:07,backfill
006WR00000wkEbqYAE,Purgatory Creek Townhomes,Originator__c,(null),005WR00000CXIX7YAP,2026-07-08-backfill-originator.py,2026-07-08T15:51:07,backfill
006WR00000wkEbrYAE,Equinox on Indian School,Originator__c,(null),005WR00000CXEZyYAP,2026-07-08-backfill-originator.py,2026-07-08T15:51:07,backfill
006WR00000wkEbsYAE,Pomeroy Court,Originator__c,(null),005WR00000DE3zRYAT,2026-07-08-backfill-originator.py,2026-07-08T15:51:07,backfill
006WR00000wkEbtYAE,Chalk Hill Ranch Phase 1,Originator__c,(null),005WR00000CXIX7YAP,2026-07-08-backfill-originator.py,2026-07-08T15:51:07,backfill
006WR00000wkEbuYAE,Coyote Creek,Originator__c,(null),005WR00000Ewjj3YAB,2026-07-08-backfill-originator.py,2026-07-08T15:51:07,backfill
006WR00000wkEbvYAE,The Traditions Apartments,Originator__c,(null),005WR00000Ewjj3YAB,2026-07-08-backfill-originator.py,2026-07-08T15:51:07,backfill
006WR00000wkEbwYAE,Garden Court Apartments,Originator__c,(null),005WR00000CXIX7YAP,2026-07-08-backfill-originator.py,2026-07-08T15:51:07,backfill
006WR00000wkEbxYAE,Woodcrest Townhomes,Originator__c,(null),005WR00000CXIX7YAP,2026-07-08-backfill-originator.py,2026-07-08T15:51:07,backfill
006WR00000wkEbyYAE,Aspen Oaks,Originator__c,(null),005WR00000CXIX7YAP,2026-07-08-backfill-originator.py,2026-07-08T15:51:07,backfill
006WR00000wkEbzYAE,Highland Shores Apartments,Originator__c,(null),005WR00000CXIX7YAP,2026-07-08-backfill-originator.py,2026-07-08T15:51:07,backfill
006WR00000wkEc0YAE,Barbary Knoll Apartments,Originator__c,(null),005WR00000CXIX7YAP,2026-07-08-backfill-originator.py,2026-07-08T15:51:07,backfill
006WR00000wkEc1YAE,Mountain Terrace,Originator__c,(null),005WR00000CXIX7YAP,2026-07-08-backfill-originator.py,2026-07-08T15:51:07,backfill
006WR00000wkEc2YAE,Meeker Commons,Originator__c,(null),005WR00000CXIX7YAP,2026-07-08-backfill-originator.py,2026-07-08T15:51:07,backfill
006WR00000wkEc3YAE,Capri on Camelback,Originator__c,(null),005WR00000Ewjj3YAB,2026-07-08-backfill-originator.py,2026-07-08T15:51:07,backfill
006WR00000wkEc4YAE,Mansions at Hemingway,Originator__c,(null),005WR00000CXIX7YAP,2026-07-08-backfill-originator.py,2026-07-08T15:51:07,backfill
006WR00000wkEc5YAE,Benson Crest,Originator__c,(null),005WR000003CD6DYAW,2026-07-08-backfill-originator.py,2026-07-08T15:51:07,backfill
006WR00000wkEc6YAE,Wright Senior,Originator__c,(null),005WR00000CXIX7YAP,2026-07-08-backfill-originator.py,2026-07-08T15:51:07,backfill
006WR00000wkEc7YAE,Maple Grove Villas,Originator__c,(null),005WR00000CXIX7YAP,2026-07-08-backfill-originator.py,2026-07-08T15:51:07,backfill
006WR00000wkEc8YAE,Bristol Square Apartments,Originator__c,(null),005WR000003CD6DYAW,2026-07-08-backfill-originator.py,2026-07-08T15:51:07,backfill
006WR00000wkEc9YAE,Heatherwilde Park AKA Cove at Heatherwilde,Originator__c,(null),005WR00000CXIX7YAP,2026-07-08-backfill-originator.py,2026-07-08T15:51:07,backfill
006WR00000wkEcAYAU,Creekside Apartments,Originator__c,(null),005WR000003CD6DYAW,2026-07-08-backfill-originator.py,2026-07-08T15:51:07,backfill
006WR00000wkEcBYAU,Heritage of Newark (FKA Newark Beach Estates),Originator__c,(null),005WR000003CD6DYAW,2026-07-08-backfill-originator.py,2026-07-08T15:51:07,backfill
006WR00000wkEcCYAU,Eastgate Village Apartments,Originator__c,(null),005WR000003CD6DYAW,2026-07-08-backfill-originator.py,2026-07-08T15:51:07,backfill
006WR00000wkEcDYAU,The 1001 Apartments,Originator__c,(null),005WR000003CD6DYAW,2026-07-08-backfill-originator.py,2026-07-08T15:51:07,backfill
006WR00000wkEcEYAU,Northampton Court Condominiums,Originator__c,(null),005WR000003CD6DYAW,2026-07-08-backfill-originator.py,2026-07-08T15:51:07,backfill
006WR00000wkEcFYAU,Equinox on Country Club,Originator__c,(null),005WR00000CXEZyYAP,2026-07-08-backfill-originator.py,2026-07-08T15:51:07,backfill
006WR00000wkEcGYAU,The Retreat at City Center,Originator__c,(null),005WR00000DE3zRYAT,2026-07-08-backfill-originator.py,2026-07-08T15:51:07,backfill
006WR00000wkEcHYAU,Avalon Wolf Ranch (f/k/a Retreat at Wolf Ranch),Originator__c,(null),005WR00000CXEZyYAP,2026-07-08-backfill-originator.py,2026-07-08T15:51:07,backfill
006WR00000wkEcIYAU,Lost Spurs,Originator__c,(null),005WR00000CXIX7YAP,2026-07-08-backfill-originator.py,2026-07-08T15:51:07,backfill
006WR00000wkEcJYAU,Grand Estates at Keller,Originator__c,(null),005WR00000CXIX7YAP,2026-07-08-backfill-originator.py,2026-07-08T15:51:07,backfill
006WR00000wkEcKYAU,Lexington Place (Monterey),Originator__c,(null),005WR000003CD6DYAW,2026-07-08-backfill-originator.py,2026-07-08T15:51:07,backfill
006WR00000wkEcLYAU,Olympus Waterford,Originator__c,(null),005WR000003CD6DYAW,2026-07-08-backfill-originator.py,2026-07-08T15:51:07,backfill
006WR00000wkEcMYAU,Park Vista Townhomes,Originator__c,(null),005WR00000CXIX7YAP,2026-07-08-backfill-originator.py,2026-07-08T15:51:07,backfill
006WR00000wkEcNYAU,Eaves by Avalon (f/k/a Wimberly Apartments),Originator__c,(null),005WR00000CXEZyYAP,2026-07-08-backfill-originator.py,2026-07-08T15:51:07,backfill
006WR00000wkEcOYAU,Avalon at Castle Hills (f/k/a Lakeway Castle Hills),Originator__c,(null),005WR00000CXEZyYAP,2026-07-08-backfill-originator.py,2026-07-08T15:51:07,backfill
006WR00000wkEcPYAU,Liggins Tower,Originator__c,(null),005WR00000CXEZyYAP,2026-07-08-backfill-originator.py,2026-07-08T15:51:07,backfill
006WR00000wkEcQYAU,Laguna Vista Mobile Estates,Originator__c,(null),005WR0000030RCzYAM,2026-07-08-backfill-originator.py,2026-07-08T15:51:07,backfill
006WR00000wkEcRYAU,Villa Del Mar,Originator__c,(null),005WR0000030RCzYAM,2026-07-08-backfill-originator.py,2026-07-08T15:51:07,backfill
006WR00000wkEcSYAU,Dobson Greens Condo HOA,Originator__c,(null),005WR00000DE44HYAT,2026-07-08-backfill-originator.py,2026-07-08T15:51:07,backfill
006WR00000wkEcTYAU,Dobson Bay Club HOA,Originator__c,(null),005WR00000DE44HYAT,2026-07-08-backfill-originator.py,2026-07-08T15:51:07,backfill
006WR00000wkEcUYAU,Dobson Ranch Condos,Originator__c,(null),005WR000003CD6DYAW,2026-07-08-backfill-originator.py,2026-07-08T15:51:07,backfill
006WR00000wkEcVYAU,Woodcreek Townhomes,Originator__c,(null),005WR00000DE44HYAT,2026-07-08-backfill-originator.py,2026-07-08T15:51:07,backfill
006WR00000wkEcWYAU,Twin Palms Condominiums,Originator__c,(null),005WR00000DE44HYAT,2026-07-08-backfill-originator.py,2026-07-08T15:51:07,backfill
006WR00000wkEcXYAU,Lakewood Manufactured Home Community,Originator__c,(null),005WR000003CD6DYAW,2026-07-08-backfill-originator.py,2026-07-08T15:51:07,backfill
006WR00000wkEcYYAU,Waterfront Landing,Originator__c,(null),005WR00000CXEZyYAP,2026-07-08-backfill-originator.py,2026-07-08T15:51:07,backfill
006WR00000wkEcZYAU,Eagle Lake Garden Apartments,Originator__c,(null),005WR00000CXEZyYAP,2026-07-08-backfill-originator.py,2026-07-08T15:51:07,backfill
006WR00000wkEcaYAE,Wheatbaker Patio Home Apartments,Originator__c,(null),005WR00000CXEZyYAP,2026-07-08-backfill-originator.py,2026-07-08T15:51:07,backfill
006WR00000wkEcbYAE,Alexandra Apartments,Originator__c,(null),005WR00000CXEZyYAP,2026-07-08-backfill-originator.py,2026-07-08T15:51:07,backfill
006WR00000wkEccYAE,Arthouse Apartments,Originator__c,(null),005WR00000CXIX7YAP,2026-07-08-backfill-originator.py,2026-07-08T15:51:07,backfill
006WR00000wkEcdYAE,The Retreat on 6th,Originator__c,(null),005WR00000CXEZyYAP,2026-07-08-backfill-originator.py,2026-07-08T15:51:07,backfill
006WR00000wkEceYAE,Pheasant Run Apartments,Originator__c,(null),005WR00000CXEZyYAP,2026-07-08-backfill-originator.py,2026-07-08T15:51:07,backfill
006WR00000wkEcfYAE,Enclave at Westport,Originator__c,(null),005WR00000CXIX7YAP,2026-07-08-backfill-originator.py,2026-07-08T15:51:07,backfill
006WR00000wkEcgYAE,Northampton Arms Apartments,Originator__c,(null),005WR00000DE3zRYAT,2026-07-08-backfill-originator.py,2026-07-08T15:51:07,backfill
006WR00000wkEchYAE,Watervue Apartments,Originator__c,(null),005WR00000CXIX7YAP,2026-07-08-backfill-originator.py,2026-07-08T15:51:07,backfill
006WR00000wkEciYAE,Discovery Village at Alliance Town Center,Originator__c,(null),005WR000003CD6DYAW,2026-07-08-backfill-originator.py,2026-07-08T15:51:07,backfill
006WR00000wkEcjYAE,Lakeside Apartment Homes,Originator__c,(null),005WR00000CXIX7YAP,2026-07-08-backfill-originator.py,2026-07-08T15:51:07,backfill
006WR00000wkEckYAE,Crosspointe Vista,Originator__c,(null),005WR00000CXEZyYAP,2026-07-08-backfill-originator.py,2026-07-08T15:51:07,backfill
006WR00000wkEclYAE,Lucille on Roosevelt,Originator__c,(null),005WR00000CXEZyYAP,2026-07-08-backfill-originator.py,2026-07-08T15:51:07,backfill
006WR00000wkEcmYAE,Arbors of Killeen,Originator__c,(null),005WR00000CXIX7YAP,2026-07-08-backfill-originator.py,2026-07-08T15:51:07,backfill
006WR00000wkEcnYAE,Paloma Gardens Apartments,Originator__c,(null),005WR00000CXIX7YAP,2026-07-08-backfill-originator.py,2026-07-08T15:51:07,backfill
006WR00000wkEcoYAE,Mallard Run Apartments,Originator__c,(null),005WR00000CXIX7YAP,2026-07-08-backfill-originator.py,2026-07-08T15:51:07,backfill
006WR00000wkEcpYAE,Sonterra Apartment Homes,Originator__c,(null),005WR000003CD6DYAW,2026-07-08-backfill-originator.py,2026-07-08T15:51:07,backfill
006WR00000wkEzRYAU,2nd Ave Commons,Originator__c,(null),005WR00000DE44HYAT,2026-07-08-backfill-originator.py,2026-07-08T15:51:07,backfill
006WR00000wkEzSYAU,ACERO Hawes Crossing,Originator__c,(null),005WR00000DE44HYAT,2026-07-08-backfill-originator.py,2026-07-08T15:51:07,backfill
006WR00000wkEzTYAU,The Falls at Crismon Commons,Originator__c,(null),005WR00000DE44HYAT,2026-07-08-backfill-originator.py,2026-07-08T15:51:07,backfill
006WR00000wkEzUYAU,Cabana Southern,Originator__c,(null),005WR00000DE44HYAT,2026-07-08-backfill-originator.py,2026-07-08T15:51:07,backfill
006WR00000wkEzVYAU,Sage Mesa,Originator__c,(null),005WR00000DE44HYAT,2026-07-08-backfill-originator.py,2026-07-08T15:51:07,backfill
006WR00000wkEzWYAU,Hampton East,Originator__c,(null),005WR00000DE44HYAT,2026-07-08-backfill-originator.py,2026-07-08T15:51:07,backfill
006WR00000wkEzXYAU,Bella Encanta,Originator__c,(null),005WR00000DE44HYAT,2026-07-08-backfill-originator.py,2026-07-08T15:51:07,backfill
006WR00000wkEzYYAU,Lumina Mountain Vista,Originator__c,(null),005WR00000DE44HYAT,2026-07-08-backfill-originator.py,2026-07-08T15:51:07,backfill
006WR00000wkEzZYAU,San Piedra,Originator__c,(null),005WR00000DE44HYAT,2026-07-08-backfill-originator.py,2026-07-08T15:51:07,backfill
006WR00000wkEzaYAE,The Logan on Ellsworth,Originator__c,(null),005WR00000DE44HYAT,2026-07-08-backfill-originator.py,2026-07-08T15:51:07,backfill
006WR00000wkEzbYAE,Solstice of Mesa,Originator__c,(null),005WR00000DE44HYAT,2026-07-08-backfill-originator.py,2026-07-08T15:51:07,backfill
006WR00000wkEzcYAE,Azul at Spectrum,Originator__c,(null),005WR00000DE44HYAT,2026-07-08-backfill-originator.py,2026-07-08T15:51:07,backfill
006WR00000wkEzdYAE,The Wyatt at Presidio Junction Apartment Homes,Originator__c,(null),005WR00000CXEZyYAP,2026-07-08-backfill-originator.py,2026-07-08T15:51:07,backfill
006WR00000wkEzeYAE,Sire Wellington Apartments,Originator__c,(null),005WR00000CXEZyYAP,2026-07-08-backfill-originator.py,2026-07-08T15:51:07,backfill
006WR00000wkEzfYAE,Bell Presidio,Originator__c,(null),005WR00000CXEZyYAP,2026-07-08-backfill-originator.py,2026-07-08T15:51:07,backfill
006WR00000wkEzgYAE,SageStone Village,Originator__c,(null),005WR00000CXEZyYAP,2026-07-08-backfill-originator.py,2026-07-08T15:51:07,backfill
006WR00000wkEzhYAE,SageWater Village,Originator__c,(null),005WR00000CXEZyYAP,2026-07-08-backfill-originator.py,2026-07-08T15:51:07,backfill
006WR00000wkEziYAE,Cortland Presidio West,Originator__c,(null),005WR00000CXEZyYAP,2026-07-08-backfill-originator.py,2026-07-08T15:51:07,backfill
006WR00000wkEzjYAE,Avondale Apartments,Originator__c,(null),005WR00000CXEZyYAP,2026-07-08-backfill-originator.py,2026-07-08T15:51:07,backfill
006WR00000wkEzkYAE,Solay Fort Worth Apartments,Originator__c,(null),005WR00000CXEZyYAP,2026-07-08-backfill-originator.py,2026-07-08T15:51:07,backfill
006WR00000wkEzlYAE,Watermere at Southlake,Originator__c,(null),005WR00000CXEZyYAP,2026-07-08-backfill-originator.py,2026-07-08T15:51:07,backfill
006WR00000wkEzmYAE,Alleia at Presidio,Originator__c,(null),005WR00000CXEZyYAP,2026-07-08-backfill-originator.py,2026-07-08T15:51:07,backfill
006WR00000wkEznYAE,Forena Revelstoke Apartments,Originator__c,(null),005WR00000CXEZyYAP,2026-07-08-backfill-originator.py,2026-07-08T15:51:07,backfill
006WR00000wkEzoYAE,The Legends at Eagle Mountain,Originator__c,(null),005WR00000CXEZyYAP,2026-07-08-backfill-originator.py,2026-07-08T15:51:07,backfill
006WR00000wkEzpYAE,Elevation at the Village,Originator__c,(null),005WR00000DE44HYAT,2026-07-08-backfill-originator.py,2026-07-08T15:51:07,backfill
006WR00000wkEzqYAE,Gateway at Cooley Station,Originator__c,(null),005WR00000DE44HYAT,2026-07-08-backfill-originator.py,2026-07-08T15:51:07,backfill
006WR00000wkEzrYAE,The Crossing at Cooley Station,Originator__c,(null),005WR00000DE44HYAT,2026-07-08-backfill-originator.py,2026-07-08T15:51:07,backfill
006WR00000wkEzsYAE,The Maxwell at Cooley Station,Originator__c,(null),005WR00000DE44HYAT,2026-07-08-backfill-originator.py,2026-07-08T15:51:07,backfill
006WR00000wkEztYAE,Acero Eastmark Apartments,Originator__c,(null),005WR00000DE44HYAT,2026-07-08-backfill-originator.py,2026-07-08T15:51:07,backfill
006WR00000wkEzuYAE,Springs at Eastmark,Originator__c,(null),005WR00000DE44HYAT,2026-07-08-backfill-originator.py,2026-07-08T15:51:07,backfill
006WR00000wkEzvYAE,Aiya,Originator__c,(null),005WR00000DE44HYAT,2026-07-08-backfill-originator.py,2026-07-08T15:51:07,backfill
006WR00000wkEzwYAE,Arium,Originator__c,(null),005WR00000DE44HYAT,2026-07-08-backfill-originator.py,2026-07-08T15:51:07,backfill
006WR00000wkEzxYAE,Alta Chandler at the Park,Originator__c,(null),005WR00000DE44HYAT,2026-07-08-backfill-originator.py,2026-07-08T15:51:07,backfill
006WR00000wkEzyYAE,Magnolia on Oak Street,Originator__c,(null),005WR00000CXEZyYAP,2026-07-08-backfill-originator.py,2026-07-08T15:51:07,backfill
006WR00000wkEzzYAE,Eastgate Ridge Apartments,Originator__c,(null),005WR00000CXIX7YAP,2026-07-08-backfill-originator.py,2026-07-08T15:51:07,backfill
006WR00000wkF00YAE,Lake Park Village,Originator__c,(null),005WR00000CXIX7YAP,2026-07-08-backfill-originator.py,2026-07-08T15:51:07,backfill
006WR00000wkF01YAE,Mansions at Timberland Apartments,Originator__c,(null),005WR00000CXEZyYAP,2026-07-08-backfill-originator.py,2026-07-08T15:51:07,backfill
006WR00000wkF02YAE,Presidium Revelstoke Apartments,Originator__c,(null),005WR00000CXIX7YAP,2026-07-08-backfill-originator.py,2026-07-08T15:51:07,backfill
006WR00000wkF03YAE,Skyline Prairie Homes,Originator__c,(null),005WR00000CXIX7YAP,2026-07-08-backfill-originator.py,2026-07-08T15:51:07,backfill
006WR00000wkF04YAE,Three77 Park,Originator__c,(null),005WR00000CXIX7YAP,2026-07-08-backfill-originator.py,2026-07-08T15:51:07,backfill
006WR00000wkF05YAE,Avondale Senior Living,Originator__c,(null),005WR00000CXIX7YAP,2026-07-08-backfill-originator.py,2026-07-08T15:51:07,backfill
006WR00000wkF06YAE,The Wyatt at Presidio Junction Apartment Homes,Originator__c,(null),005WR00000CXIX7YAP,2026-07-08-backfill-originator.py,2026-07-08T15:51:07,backfill
006WR00000wkF07YAE,Dry Creek Ranch Apartments,Originator__c,(null),005WR00000CXIX7YAP,2026-07-08-backfill-originator.py,2026-07-08T15:51:07,backfill
006WR00000wkF08YAE,Watermere at Southlake,Originator__c,(null),005WR00000CXIX7YAP,2026-07-08-backfill-originator.py,2026-07-08T15:51:07,backfill
006WR00000wkF09YAE,Solana Mar Apartments,Originator__c,(null),005WR00000DEU6oYAH,2026-07-08-backfill-originator.py,2026-07-08T15:51:07,backfill
006WR00000wkF0AYAU,Tacara Apartments NKA Bluestem Village,Originator__c,(null),005WR00000CXEZyYAP,2026-07-08-backfill-originator.py,2026-07-08T15:51:07,backfill
006WR00000wkF0BYAU,Churchill at Champions Circle,Originator__c,(null),005WR00000CXIX7YAP,2026-07-08-backfill-originator.py,2026-07-08T15:51:07,backfill
006WR00000wkF0CYAU,Avondale Apartments,Originator__c,(null),005WR00000CXIX7YAP,2026-07-08-backfill-originator.py,2026-07-08T15:51:07,backfill
006WR00000wkF0DYAU,Bexley at Champions Circle,Originator__c,(null),005WR00000CXIX7YAP,2026-07-08-backfill-originator.py,2026-07-08T15:51:07,backfill
006WR00000wkF0EYAU,Rise Creekside,Originator__c,(null),005WR00000CXIX7YAP,2026-07-08-backfill-originator.py,2026-07-08T15:51:07,backfill
006WR00000wkF0FYAU,Watermere Retirement Community,Originator__c,(null),005WR00000CXIX7YAP,2026-07-08-backfill-originator.py,2026-07-08T15:51:07,backfill
006WR00000wkF0GYAU,Flatz487,Originator__c,(null),005WR00000CXIX7YAP,2026-07-08-backfill-originator.py,2026-07-08T15:51:07,backfill
006WR00000wkF0HYAU,Two99 Monroe Apartments,Originator__c,(null),005WR00000CXIX7YAP,2026-07-08-backfill-originator.py,2026-07-08T15:51:07,backfill
006WR00000wkF0IYAU,Bevan Apartments,Originator__c,(null),005WR00000CXIX7YAP,2026-07-08-backfill-originator.py,2026-07-08T15:51:07,backfill
006WR00000wkF0JYAU,Fort Worth_MDU_Avilla Boat Club,Originator__c,(null),005WR00000CXIX7YAP,2026-07-08-backfill-originator.py,2026-07-08T15:51:07,backfill
006WR00000wkF0KYAU,Aspen Grove,Originator__c,(null),005WR00000DE3zRYAT,2026-07-08-backfill-originator.py,2026-07-08T15:51:07,backfill
006WR00000wkF0LYAU,Ruby at Chadwick Commons,Originator__c,(null),005WR00000CXIX7YAP,2026-07-08-backfill-originator.py,2026-07-08T15:51:07,backfill
006WR00000wkF0MYAU,Cortland Presidio West AKA Aspire Presidio West,Originator__c,(null),005WR00000CXIX7YAP,2026-07-08-backfill-originator.py,2026-07-08T15:51:07,backfill
006WR00000wkF0NYAU,Forena Revelstoke Apartments,Originator__c,(null),005WR00000CXIX7YAP,2026-07-08-backfill-originator.py,2026-07-08T15:51:07,backfill
006WR00000wkF0OYAU,The Dawson at Berkshire,Originator__c,(null),005WR00000CXIX7YAP,2026-07-08-backfill-originator.py,2026-07-08T15:51:07,backfill
006WR00000wkF0PYAU,Westvale,Originator__c,(null),005WR00000CXIX7YAP,2026-07-08-backfill-originator.py,2026-07-08T15:51:07,backfill
006WR00000wkF0QYAU,The Carrington Court Condos,Originator__c,(null),005WR00000CXIX7YAP,2026-07-08-backfill-originator.py,2026-07-08T15:51:07,backfill
006WR00000wkF0RYAU,Landing at 2EightySeven Apartments,Originator__c,(null),005WR00000CXIX7YAP,2026-07-08-backfill-originator.py,2026-07-08T15:51:07,backfill
006WR00000wkF0SYAU,Tides on Chadwick,Originator__c,(null),005WR00000CXIX7YAP,2026-07-08-backfill-originator.py,2026-07-08T15:51:07,backfill
006WR00000wkF0TYAU,Jefferson Northlake Apartments,Originator__c,(null),005WR00000CXIX7YAP,2026-07-08-backfill-originator.py,2026-07-08T15:51:07,backfill
006WR00000wkF0UYAU,Conservatory At Keller Town Center,Originator__c,(null),005WR00000CXIX7YAP,2026-07-08-backfill-originator.py,2026-07-08T15:51:07,backfill
006WR00000wkF0VYAU,Monterra Village,Originator__c,(null),005WR00000CXIX7YAP,2026-07-08-backfill-originator.py,2026-07-08T15:51:07,backfill
006WR00000wkF0WYAU,Sire Wellington Apartments,Originator__c,(null),005WR00000CXIX7YAP,2026-07-08-backfill-originator.py,2026-07-08T15:51:07,backfill
006WR00000wkF0XYAU,Solay Fort Worth Apartments,Originator__c,(null),005WR00000CXIX7YAP,2026-07-08-backfill-originator.py,2026-07-08T15:51:07,backfill
006WR00000wkF0YYAU,Overlook Ranch,Originator__c,(null),005WR00000CXIX7YAP,2026-07-08-backfill-originator.py,2026-07-08T15:51:07,backfill
006WR00000wkF0ZYAU,Harmon Villas,Originator__c,(null),005WR00000CXIX7YAP,2026-07-08-backfill-originator.py,2026-07-08T15:51:07,backfill
006WR00000wkF0aYAE,Heritage Park Vista,Originator__c,(null),005WR00000CXIX7YAP,2026-07-08-backfill-originator.py,2026-07-08T15:51:07,backfill
006WR00000wkF0bYAE,Legends at Eagle Mountains,Originator__c,(null),005WR00000CXIX7YAP,2026-07-08-backfill-originator.py,2026-07-08T15:51:07,backfill
006WR00000wkF0cYAE,35 West at Champions Circle,Originator__c,(null),005WR00000CXIX7YAP,2026-07-08-backfill-originator.py,2026-07-08T15:51:07,backfill
006WR00000wkF0dYAE,City Parc of Keller,Originator__c,(null),005WR00000CXIX7YAP,2026-07-08-backfill-originator.py,2026-07-08T15:51:07,backfill
006WR00000wkF0eYAE,Park Creek Apartments,Originator__c,(null),005WR00000CXIX7YAP,2026-07-08-backfill-originator.py,2026-07-08T15:51:07,backfill
006WR00000wkF0fYAE,Aventine Apartments,Originator__c,(null),005WR00000CXIX7YAP,2026-07-08-backfill-originator.py,2026-07-08T15:51:07,backfill
006WR00000wkF0gYAE,The Sovereign Apartments,Originator__c,(null),005WR00000CXIX7YAP,2026-07-08-backfill-originator.py,2026-07-08T15:51:07,backfill
006WR00000wkF0hYAE,Sagewood Village,Originator__c,(null),005WR00000CXIX7YAP,2026-07-08-backfill-originator.py,2026-07-08T15:51:07,backfill
006WR00000wkF0iYAE,Villas at Robinette,Originator__c,(null),005WR00000CXIX7YAP,2026-07-08-backfill-originator.py,2026-07-08T15:51:07,backfill
006WR00000wkF0jYAE,Rhome Apartments,Originator__c,(null),005WR00000CXEZyYAP,2026-07-08-backfill-originator.py,2026-07-08T15:51:07,backfill
006WR00000wkF0kYAE,Lake County Villas,Originator__c,(null),005WR00000CXEZyYAP,2026-07-08-backfill-originator.py,2026-07-08T15:51:07,backfill
006WR00000wkF0lYAE,TX_FTW_MDU_Regatta 55,Originator__c,(null),005WR00000CXIX7YAP,2026-07-08-backfill-originator.py,2026-07-08T15:51:07,backfill
006WR00000wkF0mYAE,Bella Grace,Originator__c,(null),005WR00000DE44HYAT,2026-07-08-backfill-originator.py,2026-07-08T15:51:07,backfill
006WR00000wkF0nYAE,Desert Mirage Luxury Apartments,Originator__c,(null),005WR00000DE44HYAT,2026-07-08-backfill-originator.py,2026-07-08T15:51:07,backfill
006WR00000wkF0oYAE,The Vue at Sugar House Crossing,Originator__c,(null),005WR00000DE44HYAT,2026-07-08-backfill-originator.py,2026-07-08T15:51:07,backfill
006WR00000wkF0pYAE,Providence Place Apartments,Originator__c,(null),005WR00000DE44HYAT,2026-07-08-backfill-originator.py,2026-07-08T15:51:07,backfill
006WR00000wkF0qYAE,Melody on Main,Originator__c,(null),005WR00000DE44HYAT,2026-07-08-backfill-originator.py,2026-07-08T15:51:07,backfill
006WR00000wkF0rYAE,The Grove On Main,Originator__c,(null),005WR00000DE44HYAT,2026-07-08-backfill-originator.py,2026-07-08T15:51:07,backfill
006WR00000wkF0sYAE,Cortland Fossil Creek,Originator__c,(null),005WR00000CXIX7YAP,2026-07-08-backfill-originator.py,2026-07-08T15:51:07,backfill
006WR00000wkF0tYAE,Cortland Ridglea,Originator__c,(null),005WR00000CXIX7YAP,2026-07-08-backfill-originator.py,2026-07-08T15:51:07,backfill
006WR00000wkF0uYAE,Broadstone on Trinity,Originator__c,(null),005WR00000CXIX7YAP,2026-07-08-backfill-originator.py,2026-07-08T15:51:07,backfill
006WR00000wkF0vYAE,Crest Centerpoint,Originator__c,(null),005WR00000CXIX7YAP,2026-07-08-backfill-originator.py,2026-07-08T15:51:07,backfill
006WR00000wkF0wYAE,Presidium at Revelstoke,Originator__c,(null),005WR00000CXIX7YAP,2026-07-08-backfill-originator.py,2026-07-08T15:51:07,backfill
006WR00000wkF0xYAE,Olympus Hudson Oaks,Originator__c,(null),005WR00000CXIX7YAP,2026-07-08-backfill-originator.py,2026-07-08T15:51:07,backfill
006WR00000wkF0yYAE,Birchway Hudson Oaks,Originator__c,(null),005WR00000CXIX7YAP,2026-07-08-backfill-originator.py,2026-07-08T15:51:07,backfill
006WR00000wkF0zYAE,Madera at Leftbank,Originator__c,(null),005WR00000CXIX7YAP,2026-07-08-backfill-originator.py,2026-07-08T15:51:07,backfill
006WR00000wkF10YAE,Trinity Urban Apartments - Bluff & District,Originator__c,(null),005WR00000CXIX7YAP,2026-07-08-backfill-originator.py,2026-07-08T15:51:07,backfill
006WR00000wkF11YAE,Lake Vista Ranch,Originator__c,(null),005WR00000CXIX7YAP,2026-07-08-backfill-originator.py,2026-07-08T15:51:07,backfill
006WR00000wkF12YAE,Laurel Heights at Cityview,Originator__c,(null),005WR00000CXIX7YAP,2026-07-08-backfill-originator.py,2026-07-08T15:51:07,backfill
006WR00000wkF13YAE,Phoenix Commons,Originator__c,(null),005WR00000CXIX7YAP,2026-07-08-backfill-originator.py,2026-07-08T15:51:07,backfill
006WR00000wkFblYAE,Luxia River East,Originator__c,(null),005WR00000CXIX7YAP,2026-07-08-backfill-originator.py,2026-07-08T15:51:07,backfill
006WR00000wkFbmYAE,Lone Oak Apartments,Originator__c,(null),005WR00000CXIX7YAP,2026-07-08-backfill-originator.py,2026-07-08T15:51:07,backfill
006WR00000wkFbnYAE,REVL Crockett Row,Originator__c,(null),005WR00000CXIX7YAP,2026-07-08-backfill-originator.py,2026-07-08T15:51:07,backfill
006WR00000wkFboYAE,Mustang Ridge,Originator__c,(null),005WR00000CXIX7YAP,2026-07-08-backfill-originator.py,2026-07-08T15:51:07,backfill
006WR00000wkFbpYAE,Remington Ridge,Originator__c,(null),005WR00000CXIX7YAP,2026-07-08-backfill-originator.py,2026-07-08T15:51:07,backfill
006WR00000wkFbqYAE,Liv Northgate,Originator__c,(null),005WR00000DE44HYAT,2026-07-08-backfill-originator.py,2026-07-08T15:51:07,backfill
006WR00000wkFbrYAE,The Villas of Lomas Sante Fe,Originator__c,(null),005WR00000DEU6oYAH,2026-07-08-backfill-originator.py,2026-07-08T15:51:07,backfill
006WR00000wkFbsYAE,Elan Quail Point,Originator__c,(null),005WR00000DE3zRYAT,2026-07-08-backfill-originator.py,2026-07-08T15:51:07,backfill
006WR00000wkFbtYAE,El Rancho del Arte Apartments,Originator__c,(null),005WR00000DE44HYAT,2026-07-08-backfill-originator.py,2026-07-08T15:51:07,backfill
006WR00000wkFbuYAE,Keystone Ridge,Originator__c,(null),005WR00000CXIX7YAP,2026-07-08-backfill-originator.py,2026-07-08T15:51:07,backfill
006WR00000wkFbvYAE,Plaza 93 West,Originator__c,(null),005WR00000DE3zRYAT,2026-07-08-backfill-originator.py,2026-07-08T15:51:07,backfill
006WR00000wkFbwYAE,Discovery Village at Southlake,Originator__c,(null),005WR00000CXIX7YAP,2026-07-08-backfill-originator.py,2026-07-08T15:51:07,backfill
006WR00000wkFbxYAE,Apple Valley Apartments,Originator__c,(null),005WR00000DE3zRYAT,2026-07-08-backfill-originator.py,2026-07-08T15:51:07,backfill
006WR00000wkFbyYAE,Beverly Hills Apartments,Originator__c,(null),005WR00000DE3zRYAT,2026-07-08-backfill-originator.py,2026-07-08T15:51:07,backfill
006WR00000wkFbzYAE,The Arthur Apartments,Originator__c,(null),005WR00000DEU6oYAH,2026-07-08-backfill-originator.py,2026-07-08T15:51:07,backfill
006WR00000wkFc0YAE,OMAHA_MDU_London Square Apartments,Originator__c,(null),005WR00000DE3zRYAT,2026-07-08-backfill-originator.py,2026-07-08T15:51:07,backfill
006WR00000wkFc1YAE,Benson Commons Apartments,Originator__c,(null),005WR00000DE3zRYAT,2026-07-08-backfill-originator.py,2026-07-08T15:51:07,backfill
006WR00000wkFc2YAE,Clifton Terrace Apartments,Originator__c,(null),005WR00000DE3zRYAT,2026-07-08-backfill-originator.py,2026-07-08T15:51:07,backfill
006WR00000wkFc3YAE,Maple Crest Condominiums,Originator__c,(null),005WR00000DE3zRYAT,2026-07-08-backfill-originator.py,2026-07-08T15:51:07,backfill
006WR00000wkFc4YAE,The Duke,Originator__c,(null),005WR00000DE3zRYAT,2026-07-08-backfill-originator.py,2026-07-08T15:51:07,backfill
006WR00000wkFc5YAE,Citrus Gardens Mobile Park,Originator__c,(null),005WR00000CXIX7YAP,2026-07-08-backfill-originator.py,2026-07-08T15:51:07,backfill
006WR00000wkFc6YAE,Ascension at Manistee Ranch (Townhomes),Originator__c,(null),005WR00000DE44HYAT,2026-07-08-backfill-originator.py,2026-07-08T15:51:07,backfill
006WR00000wkFc7YAE,Hidden Bluffs Apartments,Originator__c,(null),005WR00000CXIX7YAP,2026-07-08-backfill-originator.py,2026-07-08T15:51:07,backfill
006WR00000wkFc8YAE,Killeen_MDU_Lake Rd,Originator__c,(null),005WR00000CXIX7YAP,2026-07-08-backfill-originator.py,2026-07-08T15:51:07,backfill
006WR00000wkFdlYAE,The Quorum at Trophy Club Townhomes and Apartments,Originator__c,(null),005WR00000CXIX7YAP,2026-07-08-backfill-originator.py,2026-07-08T15:51:07,backfill
006WR00000wkFdmYAE,Legacy trails of Decatur,Originator__c,(null),005WR00000CXIX7YAP,2026-07-08-backfill-originator.py,2026-07-08T15:51:07,backfill
006WR00000wkFdnYAE,Casa Arroya,Originator__c,(null),005WR00000CXIX7YAP,2026-07-08-backfill-originator.py,2026-07-08T15:51:07,backfill
006WR00000wkFdoYAE,B and I Apartments,Originator__c,(null),005WR00000CXIX7YAP,2026-07-08-backfill-originator.py,2026-07-08T15:51:07,backfill
006WR00000wkFdpYAE,Killeen_MDU_Craftsmen Properties,Originator__c,(null),005WR00000CXIX7YAP,2026-07-08-backfill-originator.py,2026-07-08T15:51:07,backfill
006WR00000wkFdqYAE,Taylor Housing Authority,Originator__c,(null),005WR00000CXIX7YAP,2026-07-08-backfill-originator.py,2026-07-08T15:51:07,backfill
006WR00000wkFdrYAE,John Paul II Residence for Priests,Originator__c,(null),005WR00000DEU6oYAH,2026-07-08-backfill-originator.py,2026-07-08T15:51:07,backfill
006WR00000wkFdsYAE,Bridgewood Apartment Homes,Originator__c,(null),005WR00000CXIX7YAP,2026-07-08-backfill-originator.py,2026-07-08T15:51:07,backfill
006WR00000wkFdtYAE,Parkview Residences,Originator__c,(null),005WR00000CXIX7YAP,2026-07-08-backfill-originator.py,2026-07-08T15:51:07,backfill
006WR00000wkFduYAE,Decatur Housing Authority,Originator__c,(null),005WR00000CXIX7YAP,2026-07-08-backfill-originator.py,2026-07-08T15:51:07,backfill
006WR00000wkFdvYAE,Morningside Townhomes,Originator__c,(null),005WR00000CXIX7YAP,2026-07-08-backfill-originator.py,2026-07-08T15:51:07,backfill
006WR00000wkFdwYAE,Janis Apartments,Originator__c,(null),005WR00000CXIX7YAP,2026-07-08-backfill-originator.py,2026-07-08T15:51:07,backfill
006WR00000wkFdxYAE,Bear Creek Apartments,Originator__c,(null),005WR00000CXIX7YAP,2026-07-08-backfill-originator.py,2026-07-08T15:51:07,backfill
006WR00000xnUSpYAM,Go Dogs,Originator__c,(null),005WR000005Ln7hYAC,2026-07-08-backfill-originator.py,2026-07-08T15:51:07,backfill
006WR00000xnfmQYAQ,Denenberg Facial Plastic Surgery,Originator__c,(null),005WR000005Ln7hYAC,2026-07-08-backfill-originator.py,2026-07-08T15:51:07,backfill
006WR00000xnw5jYAA,IT Referral Program Prospect,Originator__c,(null),005WR000005Ln7hYAC,2026-07-08-backfill-originator.py,2026-07-08T15:51:07,backfill
006WR00000xo5k5YAA,Grant Street Bar & Grill,Originator__c,(null),005WR000005Ln7hYAC,2026-07-08-backfill-originator.py,2026-07-08T15:51:07,backfill
006WR00000xoJofYAE,Dee-Sign Landscaping And Garden Shop,Originator__c,(null),005WR000005Ln7hYAC,2026-07-08-backfill-originator.py,2026-07-08T15:51:07,backfill
006WR00000xoe1tYAA,Next Millennium Mystical Books And Gifts,Originator__c,(null),005WR000005Ln7hYAC,2026-07-08-backfill-originator.py,2026-07-08T15:51:07,backfill
006WR00000xtaP4YAI,Omaha_MDU_4822-4826 Sahler St Apartments,Originator__c,(null),005WR0000030R9lYAE,2026-07-08-backfill-originator.py,2026-07-08T15:51:07,backfill
006WR00000xtwz7YAA,Omaha_MDU_Redman Plz,Originator__c,(null),005WR0000030R9lYAE,2026-07-08-backfill-originator.py,2026-07-08T15:51:07,backfill
006WR00000xuAVsYAM,Killeen_MDU_505 Utah St,Originator__c,(null),005WR0000030R1hYAE,2026-07-08-backfill-originator.py,2026-07-08T15:51:07,backfill
006WR00000xuCFqYAM,Omaha_MDU_The Redman Townhomes & Apartments,Originator__c,(null),005WR0000030R9lYAE,2026-07-08-backfill-originator.py,2026-07-08T15:51:07,backfill
006WR00000xuDOrYAM,Omaha_MDU_Birch Tree Plaza,Originator__c,(null),005WR0000030R9lYAE,2026-07-08-backfill-originator.py,2026-07-08T15:51:07,backfill
006WR00000xuFKAYA2,Bridgeport_MDU_Federal Housing Administration,Originator__c,(null),005WR0000030RCzYAM,2026-07-08-backfill-originator.py,2026-07-08T15:51:07,backfill
006WR00000xuM3zYAE,Taylor_MDU_Dahlberg,Originator__c,(null),005WR0000030RCzYAM,2026-07-08-backfill-originator.py,2026-07-08T15:51:07,backfill
006WR00000xuPxsYAE,Omaha_MDU_4723-4725-4727 Cass St,Originator__c,(null),005WR0000030R9lYAE,2026-07-08-backfill-originator.py,2026-07-08T15:51:07,backfill
006WR00000xuTn1YAE,KILLEEN_MDU_4308 Zephyr Rdt_APTS,Originator__c,(null),005WR0000030R1hYAE,2026-07-08-backfill-originator.py,2026-07-08T15:51:07,backfill
006WR00000xuU9cYAE,Killeen_MDU_Versailles North,Originator__c,(null),005WR0000030R1hYAE,2026-07-08-backfill-originator.py,2026-07-08T15:51:07,backfill
006WR00000xuXoyYAE,Omaha_MDU_4616 Redman Ave,Originator__c,(null),005WR0000030R9lYAE,2026-07-08-backfill-originator.py,2026-07-08T15:51:07,backfill
006WR00000xuay7YAA,Omaha_MDU_801 N 48th St,Originator__c,(null),005WR0000030R9lYAE,2026-07-08-backfill-originator.py,2026-07-08T15:51:07,backfill
006WR00000xuca7YAA,Omaha_MDU_621 N 48th St,Originator__c,(null),005WR0000030R9lYAE,2026-07-08-backfill-originator.py,2026-07-08T15:51:07,backfill
006WR00000xudCqYAI,Mesa_MDU_LaMar Apartments,Originator__c,(null),005WR0000030R1hYAE,2026-07-08-backfill-originator.py,2026-07-08T15:51:07,backfill
006WR00000xue0pYAA,Killeen_MDU_404 N 16th St,Originator__c,(null),005WR0000030R1hYAE,2026-07-08-backfill-originator.py,2026-07-08T15:51:07,backfill
006WR00000xuf3NYAQ,Harker Heights_MDU_Dove Lane Apts,Originator__c,(null),005WR0000030RCzYAM,2026-07-08-backfill-originator.py,2026-07-08T15:51:07,backfill
006WR00000xufUnYAI,Omaha_MDU_4923-4925 Webster St,Originator__c,(null),005WR0000030R9lYAE,2026-07-08-backfill-originator.py,2026-07-08T15:51:07,backfill
006WR00000xufudYAA,Killeen_MDU_75 W. Ave E Apartments,Originator__c,(null),005WR0000030R1hYAE,2026-07-08-backfill-originator.py,2026-07-08T15:51:07,backfill
006WR00000xumrOYAQ,New Added Site,Originator__c,(null),005WR0000030R9lYAE,2026-07-08-backfill-originator.py,2026-07-08T15:51:07,backfill
006WR00000xuoRcYAI,Killeen_MDU_Laforce Apts,Originator__c,(null),005WR0000030R1hYAE,2026-07-08-backfill-originator.py,2026-07-08T15:51:07,backfill
006WR00000xuog7YAA,Omaha_MDU_1121 N 48TH ST,Originator__c,(null),005WR0000030R9lYAE,2026-07-08-backfill-originator.py,2026-07-08T15:51:07,backfill
006WR00000xupQsYAI,Killeen_MDU_1711 Mulford St,Originator__c,(null),005WR0000030R1hYAE,2026-07-08-backfill-originator.py,2026-07-08T15:51:07,backfill
006WR00000xuqjXYAQ,Bridgeport_MDU_Edgewood Apartments,Originator__c,(null),005WR0000030RCzYAM,2026-07-08-backfill-originator.py,2026-07-08T15:51:07,backfill
006WR00000xuripYAA,Omaha_MDU_Richland Apartments,Originator__c,(null),005WR0000030R9lYAE,2026-07-08-backfill-originator.py,2026-07-08T15:51:07,backfill
006WR00000xus3rYAA,Keller_MDU_Town and Country Apartments,Originator__c,(null),005WR0000030RCzYAM,2026-07-08-backfill-originator.py,2026-07-08T15:51:07,backfill
006WR00000xuvORYAY,HARKER HEIGHTS_MDU_700 S Amy Ln apt,Originator__c,(null),005WR0000030RCzYAM,2026-07-08-backfill-originator.py,2026-07-08T15:51:07,backfill
006WR00000xuxpsYAA,Omaha_MDU_4618 Redman Ave,Originator__c,(null),005WR0000030R9lYAE,2026-07-08-backfill-originator.py,2026-07-08T15:51:07,backfill
006WR00000xuz6uYAA,Omaha_MDU_Warwick Apts,Originator__c,(null),005WR0000030R9lYAE,2026-07-08-backfill-originator.py,2026-07-08T15:51:07,backfill
006WR00000xuz8YYAQ,Omaha_MDU_4437 Franklin St,Originator__c,(null),005WR0000030R9lYAE,2026-07-08-backfill-originator.py,2026-07-08T15:51:07,backfill
006WR00000xuzq7YAA,Omaha_MDU_4803 Boyd St Apartments,Originator__c,(null),005WR0000030R9lYAE,2026-07-08-backfill-originator.py,2026-07-08T15:51:07,backfill
006WR00000xv174YAA,Omaha_MDU_The Wakeley Pointe,Originator__c,(null),005WR000003CD6DYAW,2026-07-08-backfill-originator.py,2026-07-08T15:51:07,backfill
006WR00000xv1n4YAA,Omaha_MDU_409 N 49th St,Originator__c,(null),005WR0000030R9lYAE,2026-07-08-backfill-originator.py,2026-07-08T15:51:07,backfill
006WR00000xv3nEYAQ,Mesa_MDU_447-451 S Olive,Originator__c,(null),005WR0000030R1hYAE,2026-07-08-backfill-originator.py,2026-07-08T15:51:07,backfill
006WR00000xv5LzYAI,Killeen_MDU_Stringer St Apts,Originator__c,(null),005WR0000030R1hYAE,2026-07-08-backfill-originator.py,2026-07-08T15:51:07,backfill
006WR00000xv6y2YAA,Killeen_MDU_209 E Dean Ave,Originator__c,(null),005WR0000030R1hYAE,2026-07-08-backfill-originator.py,2026-07-08T15:51:07,backfill
006WR00000xv762YAA,Omaha_MDU_4916 Capitol Ave,Originator__c,(null),005WR0000030R9lYAE,2026-07-08-backfill-originator.py,2026-07-08T15:51:07,backfill
006WR00000xv9KmYAI,Omaha_MDU_Century House Apartments,Originator__c,(null),005WR0000030R9lYAE,2026-07-08-backfill-originator.py,2026-07-08T15:51:07,backfill
006WR00000xv9auYAA,Bridgeport_SA01_FDH08_PA02,Originator__c,(null),005WR0000030RCzYAM,2026-07-08-backfill-originator.py,2026-07-08T15:51:07,backfill
006WR00000xvAAMYA2,Omaha_MDU_4527 Decatur St,Originator__c,(null),005WR0000030R9lYAE,2026-07-08-backfill-originator.py,2026-07-08T15:51:07,backfill
006WR00000xvBUcYAM,Omaha_MDU_4023 HAMILTON ST,Originator__c,(null),005WR0000030R9lYAE,2026-07-08-backfill-originator.py,2026-07-08T15:51:07,backfill
006WR00000xvCKIYA2,Omaha_MDU_Ambassador Apartments,Originator__c,(null),005WR0000030R9lYAE,2026-07-08-backfill-originator.py,2026-07-08T15:51:07,backfill
006WR00000xvDg7YAE,Omaha_MDU_817 N 47th St,Originator__c,(null),005WR0000030R9lYAE,2026-07-08-backfill-originator.py,2026-07-08T15:51:07,backfill
006WR00000xvE98YAE,Omaha_MDU_6302 Boyd St,Originator__c,(null),005WR0000030R9lYAE,2026-07-08-backfill-originator.py,2026-07-08T15:51:07,backfill
006WR00000xvEU6YAM,Omaha_MDU_6406 Boyd St,Originator__c,(null),005WR0000030R9lYAE,2026-07-08-backfill-originator.py,2026-07-08T15:51:07,backfill
006WR00000xvElsYAE,Omaha_MDU_1016 N 47TH AVE,Originator__c,(null),005WR0000030R9lYAE,2026-07-08-backfill-originator.py,2026-07-08T15:51:07,backfill
006WR00000xvFDHYA2,Omaha_MDU_The Richards Apartments,Originator__c,(null),005WR0000030R9lYAE,2026-07-08-backfill-originator.py,2026-07-08T15:51:07,backfill
006WR00000xvFEsYAM,Killeen_MDU_813 N Park St Apartments,Originator__c,(null),005WR0000030R1hYAE,2026-07-08-backfill-originator.py,2026-07-08T15:51:07,backfill
006WR00000xvHqCYAU,Omaha_MDU_Northbrook Apartments,Originator__c,(null),005WR0000030R9lYAE,2026-07-08-backfill-originator.py,2026-07-08T15:51:07,backfill
006WR00000xvIPeYAM,Omaha_MDU_4713 Davenport St,Originator__c,(null),005WR0000030R9lYAE,2026-07-08-backfill-originator.py,2026-07-08T15:51:07,backfill
006WR00000xvJNLYA2,Omaha_MDU_108 S 49TH Ave,Originator__c,(null),005WR0000030R9lYAE,2026-07-08-backfill-originator.py,2026-07-08T15:51:07,backfill
006WR00000xvK6UYAU,Omaha_MDU_Beacon Heights Apts,Originator__c,(null),005WR0000030R9lYAE,2026-07-08-backfill-originator.py,2026-07-08T15:51:07,backfill
006WR00000xvKb9YAE,Killeen_MDU_Villa Del North,Originator__c,(null),005WR0000030R1hYAE,2026-07-08-backfill-originator.py,2026-07-08T15:51:07,backfill
006WR00000xvNyrYAE,Omaha_MDU_4716 Cuming St,Originator__c,(null),005WR0000030R9lYAE,2026-07-08-backfill-originator.py,2026-07-08T15:51:07,backfill
006WR00000xvPe3YAE,Killeen_MDU_602 N 2nd St,Originator__c,(null),005WR0000030R1hYAE,2026-07-08-backfill-originator.py,2026-07-08T15:51:07,backfill
006WR00000xvRuNYAU,Omaha_MDU_4501 Lafayette Ave,Originator__c,(null),005WR0000030R9lYAE,2026-07-08-backfill-originator.py,2026-07-08T15:51:07,backfill
006WR00000xvSKBYA2,Omaha_MDU_2313 N 72nd St apts,Originator__c,(null),005WR0000030R9lYAE,2026-07-08-backfill-originator.py,2026-07-08T15:51:07,backfill
006WR00000xvV0KYAU,Killeen_MDU_Paradise Cove,Originator__c,(null),005WR0000030R1hYAE,2026-07-08-backfill-originator.py,2026-07-08T15:51:07,backfill
006WR00000xvVMsYAM,OMAHA_MDU_Elwood Apartments,Originator__c,(null),005WR0000030R9lYAE,2026-07-08-backfill-originator.py,2026-07-08T15:51:07,backfill
006WR00000xvVRkYAM,NE_Omaha_SA12_FDH26_MDU_Arlon Hunt LLC,Originator__c,(null),005WR0000030R9lYAE,2026-07-08-backfill-originator.py,2026-07-08T15:51:07,backfill
006WR00000xvW9GYAU,Taylor_MDU_Vance Apartments,Originator__c,(null),005WR0000030RCzYAM,2026-07-08-backfill-originator.py,2026-07-08T15:51:07,backfill
006WR00000xvWR0YAM,Omaha_MDU_4810-4812 Capital Ave,Originator__c,(null),005WR000003CD6DYAW,2026-07-08-backfill-originator.py,2026-07-08T15:51:07,backfill
006WR00000xvXYPYA2,Omaha_MDU_Sweet Briar,Originator__c,(null),005WR0000030R9lYAE,2026-07-08-backfill-originator.py,2026-07-08T15:51:07,backfill
006WR00000xvY31YAE,NE_Omaha_SA12_FDH12_MDU_Omaha Home for Boys,Originator__c,(null),005WR0000030R9lYAE,2026-07-08-backfill-originator.py,2026-07-08T15:51:07,backfill
006WR00000xvY7sYAE,Killeen_MDU_Dugger Apts,Originator__c,(null),005WR0000030R1hYAE,2026-07-08-backfill-originator.py,2026-07-08T15:51:07,backfill
006WR00000xvYawYAE,Mesa_MDU_Los Pinos Apartments,Originator__c,(null),005WR0000030R1hYAE,2026-07-08-backfill-originator.py,2026-07-08T15:51:07,backfill
006WR00000xvYe6YAE,Omaha_MDU_4484 Redman Ave,Originator__c,(null),005WR0000030R9lYAE,2026-07-08-backfill-originator.py,2026-07-08T15:51:07,backfill
006WR00000xvYz4YAE,Omaha_MDU_Caroline,Originator__c,(null),005WR0000030R9lYAE,2026-07-08-backfill-originator.py,2026-07-08T15:51:07,backfill
006WR00000xvZ3uYAE,Omaha_MDU_The Rose Apartments,Originator__c,(null),005WR0000030R9lYAE,2026-07-08-backfill-originator.py,2026-07-08T15:51:07,backfill
006WR00000xvZ5WYAU,Killeen_MDU_1610 N 8th St,Originator__c,(null),005WR0000030R1hYAE,2026-07-08-backfill-originator.py,2026-07-08T15:51:07,backfill
006WR00000xvbCAYAY,Omaha_MDU_4907 Ames Ave Apartments,Originator__c,(null),005WR0000030R9lYAE,2026-07-08-backfill-originator.py,2026-07-08T15:51:07,backfill
006WR00000xvc1mYAA,Killeen_MDU_Townshires Apartments,Originator__c,(null),005WR0000030R1hYAE,2026-07-08-backfill-originator.py,2026-07-08T15:51:07,backfill
006WR00000xvcBUYAY,Killeen_MDU_308 N 14th St,Originator__c,(null),005WR0000030R1hYAE,2026-07-08-backfill-originator.py,2026-07-08T15:51:07,backfill
006WR00000xvcMkYAI,Omaha_MDU_1015 N 47TH AVE,Originator__c,(null),005WR0000030R9lYAE,2026-07-08-backfill-originator.py,2026-07-08T15:51:07,backfill
006WR00000xvcPzYAI,Omaha_MDU_Stanley Apartments,Originator__c,(null),005WR0000030R9lYAE,2026-07-08-backfill-originator.py,2026-07-08T15:51:07,backfill
006WR00000xvcUoYAI,Omaha_MDU_4644-4648 Cuming St,Originator__c,(null),005WR0000030R9lYAE,2026-07-08-backfill-originator.py,2026-07-08T15:51:07,backfill
006WR00000xvdKRYAY,Omaha_MDU_4804-4806 Capital Ave,Originator__c,(null),005WR0000030R9lYAE,2026-07-08-backfill-originator.py,2026-07-08T15:51:07,backfill
006WR00000xveGUYAY,Omaha_MDU_6201-6261 Ville De Sante Townhomes,Originator__c,(null),005WR0000030R9lYAE,2026-07-08-backfill-originator.py,2026-07-08T15:51:07,backfill
006WR00000xveMwYAI,Mineral Wells_MDU_305-309 NW 4th St Apartments,Originator__c,(null),005WR0000030RCzYAM,2026-07-08-backfill-originator.py,2026-07-08T15:51:07,backfill
006WR00000xvgbfYAA,Killeen_MDU_Gilmer Street Apartments,Originator__c,(null),005WR0000030R1hYAE,2026-07-08-backfill-originator.py,2026-07-08T15:51:07,backfill
006WR00000xvgdJYAQ,Killeen_MDU_305-307 Blair St,Originator__c,(null),005WR0000030R1hYAE,2026-07-08-backfill-originator.py,2026-07-08T15:51:07,backfill
006WR00000xvhSvYAI,Killeen_MDU_1015-1017 Parmer Ave,Originator__c,(null),005WR0000030R1hYAE,2026-07-08-backfill-originator.py,2026-07-08T15:51:07,backfill
006WR00000xviARYAY,Omaha_MDU_9214-9224 Ohio St,Originator__c,(null),005WR0000030R9lYAE,2026-07-08-backfill-originator.py,2026-07-08T15:51:07,backfill
006WR00000xviQYYAY,Omaha_MDU_618-636 N 46th St,Originator__c,(null),005WR0000030R9lYAE,2026-07-08-backfill-originator.py,2026-07-08T15:51:07,backfill
006WR00000xvjmRYAQ,Omaha_MDU_The Frederick,Originator__c,(null),005WR0000030R9lYAE,2026-07-08-backfill-originator.py,2026-07-08T15:51:07,backfill
006WR00000xvk0wYAA,Omaha_MDU_4902_4904 N Chicago St,Originator__c,(null),005WR0000030R9lYAE,2026-07-08-backfill-originator.py,2026-07-08T15:51:07,backfill
006WR00000xvk2bYAA,Omaha_MDU_Buckingham Manor Apartments,Originator__c,(null),005WR0000030R9lYAE,2026-07-08-backfill-originator.py,2026-07-08T15:51:07,backfill
006WR00000xvkCFYAY,Omaha_MDU_Brewer Apartments,Originator__c,(null),005WR0000030R9lYAE,2026-07-08-backfill-originator.py,2026-07-08T15:51:07,backfill
006WR00000xvlMoYAI,Killeen_MDU_Palo Alto Apartments,Originator__c,(null),005WR0000030R1hYAE,2026-07-08-backfill-originator.py,2026-07-08T15:51:07,backfill
006WR00000xvlmdYAA,Killeen_MDU_605-607 Atkinson Ave,Originator__c,(null),005WR0000030R1hYAE,2026-07-08-backfill-originator.py,2026-07-08T15:51:07,backfill
006WR00000xvlrSYAQ,NE_MDU_Larimore Senior Living,Originator__c,(null),005WR0000030R9lYAE,2026-07-08-backfill-originator.py,2026-07-08T15:51:07,backfill
006WR00000xvmPKYAY,Omaha_MDU_Lodestone Apartments,Originator__c,(null),005WR0000030R9lYAE,2026-07-08-backfill-originator.py,2026-07-08T15:51:07,backfill
006WR00000xvmSZYAY,Killeen_MDU_The Links Apts,Originator__c,(null),005WR0000030R1hYAE,2026-07-08-backfill-originator.py,2026-07-08T15:51:07,backfill
006WR00000xvmqkYAA,Killeen_MDU_207 W Young Ave,Originator__c,(null),005WR0000030R1hYAE,2026-07-08-backfill-originator.py,2026-07-08T15:51:07,backfill
006WR00000xvovmYAA,Mesa_MDU_350 E 5th Ave,Originator__c,(null),005WR0000030R1hYAE,2026-07-08-backfill-originator.py,2026-07-08T15:51:07,backfill
006WR00000xvpQTYAY,Killeen_MDU_414 E Avenue A,Originator__c,(null),005WR0000030R1hYAE,2026-07-08-backfill-originator.py,2026-07-08T15:51:07,backfill
006WR00000xvpiBYAQ,KILLEEN_MDU_MCG_Homestead_Rentals,Originator__c,(null),005WR0000030R1hYAE,2026-07-08-backfill-originator.py,2026-07-08T15:51:07,backfill
006WR00000xvrlaYAA,Mesa_MDU_725-732 E Dana,Originator__c,(null),005WR0000030R1hYAE,2026-07-08-backfill-originator.py,2026-07-08T15:51:07,backfill
006WR00000xvsD0YAI,Killeen_MDU_Casa Grande,Originator__c,(null),005WR0000030R1hYAE,2026-07-08-backfill-originator.py,2026-07-08T15:51:07,backfill
006WR00000xvsXyYAI,Omaha_MDU_4318-4324 N 48th St Apartments,Originator__c,(null),005WR0000030R9lYAE,2026-07-08-backfill-originator.py,2026-07-08T15:51:07,backfill
006WR00000xvtfKYAQ,Omaha_MDU_1115-1117 N 48TH ST,Originator__c,(null),005WR0000030R9lYAE,2026-07-08-backfill-originator.py,2026-07-08T15:51:07,backfill
006WR00000xvuTKYAY,Killeen_MDU_Crescent Apts,Originator__c,(null),005WR0000030R1hYAE,2026-07-08-backfill-originator.py,2026-07-08T15:51:07,backfill
006WR00000xvv7fYAA,Omaha_MDU_9026-9032 Ohio St,Originator__c,(null),005WR0000030R9lYAE,2026-07-08-backfill-originator.py,2026-07-08T15:51:07,backfill
006WR00000xvwoUYAQ,Omaha_MDU_4704 Cass St,Originator__c,(null),005WR0000030R9lYAE,2026-07-08-backfill-originator.py,2026-07-08T15:51:07,backfill
006WR00000xvxiwYAA,Omaha_MDU_4502 N 49th St,Originator__c,(null),005WR0000030R9lYAE,2026-07-08-backfill-originator.py,2026-07-08T15:51:07,backfill
006WR00000xvxxTYAQ,Killeen_MDU_803 761st Tank Battalion Ave,Originator__c,(null),005WR0000030R1hYAE,2026-07-08-backfill-originator.py,2026-07-08T15:51:07,backfill
006WR00000xvyiEYAQ,Omaha_MDU_5240 Ames Ave,Originator__c,(null),005WR0000030R9lYAE,2026-07-08-backfill-originator.py,2026-07-08T15:51:07,backfill
006WR00000xvzZSYAY,Omaha_MDU_Kelli-Gene Apts,Originator__c,(null),005WR0000030R9lYAE,2026-07-08-backfill-originator.py,2026-07-08T15:51:07,backfill
006WR00000xw0DmYAI,Omaha_MDU_6641 Military Ave Apartments,Originator__c,(null),005WR0000030R9lYAE,2026-07-08-backfill-originator.py,2026-07-08T15:51:07,backfill
006WR00000xw0DnYAI,Killeen_MDU_122 N College St,Originator__c,(null),005WR0000030R1hYAE,2026-07-08-backfill-originator.py,2026-07-08T15:51:07,backfill
006WR00000xw0IcYAI,Omaha_MDU_Papio Valley Apartments,Originator__c,(null),005WR0000030R9lYAE,2026-07-08-backfill-originator.py,2026-07-08T15:51:07,backfill
006WR00000xw0VXYAY,Omaha_MDU_4822-4824 Cass St,Originator__c,(null),005WR0000030R9lYAE,2026-07-08-backfill-originator.py,2026-07-08T15:51:07,backfill
006WR00000xw0aRYAQ,Omaha_MDU_Wakeley Manor,Originator__c,(null),005WR0000030R9lYAE,2026-07-08-backfill-originator.py,2026-07-08T15:51:07,backfill
006WR00000xw0nJYAQ,Mesa_MDU_707-715 E Dana 135 S Ashland,Originator__c,(null),005WR0000030R1hYAE,2026-07-08-backfill-originator.py,2026-07-08T15:51:07,backfill
006WR00000xw1oAYAQ,KILLEEN_MDU_601_SE_13th_AVE_Mobile_Park,Originator__c,(null),005WR0000030RCzYAM,2026-07-08-backfill-originator.py,2026-07-08T15:51:07,backfill
006WR00000xw2FcYAI,Omaha_MDU_Birchwood Apartments,Originator__c,(null),005WR0000030R9lYAE,2026-07-08-backfill-originator.py,2026-07-08T15:51:07,backfill
006WR00000xw38QYAQ,Omaha_MDU_Windsong Apartments,Originator__c,(null),005WR0000030R9lYAE,2026-07-08-backfill-originator.py,2026-07-08T15:51:07,backfill
006WR00000xw3LLYAY,Bridgeport_MDU_Atrium Garden Apartments,Originator__c,(null),005WR0000030RCzYAM,2026-07-08-backfill-originator.py,2026-07-08T15:51:07,backfill
006WR00000xw41GYAQ,Bridgeport_SA01_FDH08_PA01,Originator__c,(null),005WR0000030RCzYAM,2026-07-08-backfill-originator.py,2026-07-08T15:51:07,backfill
006WR00000xw49MYAQ,Omaha_MDU_4544 NICHOLAS ST,Originator__c,(null),005WR0000030R9lYAE,2026-07-08-backfill-originator.py,2026-07-08T15:51:07,backfill
006WR00000xw4XZYAY,Killeen_MDU_1103-1109 Harbour Ave,Originator__c,(null),005WR0000030R1hYAE,2026-07-08-backfill-originator.py,2026-07-08T15:51:07,backfill
006WR00000xw5JvYAI,Killeen_MDU_191 N 1th St,Originator__c,(null),005WR0000030R1hYAE,2026-07-08-backfill-originator.py,2026-07-08T15:51:07,backfill
006WR00000xw7NKYAY,Killeen_MDU_511 N Gilmer & 512 Wyoming St,Originator__c,(null),005WR0000030R1hYAE,2026-07-08-backfill-originator.py,2026-07-08T15:51:07,backfill
006WR00000xw7SBYAY,Omaha_MDU_4005 Hartman Circle,Originator__c,(null),005WR0000030R9lYAE,2026-07-08-backfill-originator.py,2026-07-08T15:51:07,backfill
006WR00000xw8EYYAY,Omaha_MDU_Carthage Apartments,Originator__c,(null),005WR0000030R9lYAE,2026-07-08-backfill-originator.py,2026-07-08T15:51:07,backfill
006WR00000xw8PrYAI,Killeen_MDU_1809 Nathan Dr,Originator__c,(null),005WR0000030R1hYAE,2026-07-08-backfill-originator.py,2026-07-08T15:51:07,backfill
006WR00000xw8eMYAQ,Omaha_MDU_Cherry Hill Apts,Originator__c,(null),005WR0000030R9lYAE,2026-07-08-backfill-originator.py,2026-07-08T15:51:07,backfill
006WR00000xw8peYAA,Taylor_MDU_Sunny Lane Apartments,Originator__c,(null),005WR0000030RCzYAM,2026-07-08-backfill-originator.py,2026-07-08T15:51:07,backfill
006WR00000xw9XDYAY,Killeen_MDU_127-129 N 1th St,Originator__c,(null),005WR0000030R1hYAE,2026-07-08-backfill-originator.py,2026-07-08T15:51:07,backfill
006WR00000xwAcwYAE,Killeen_MDU_1215 & 1217 N 4th St,Originator__c,(null),005WR0000030R1hYAE,2026-07-08-backfill-originator.py,2026-07-08T15:51:07,backfill
006WR00000xwAl0YAE,Harker Heights_MDU_Mockingbird Ln,Originator__c,(null),005WR0000030RCzYAM,2026-07-08-backfill-originator.py,2026-07-08T15:51:07,backfill
006WR00000xwBIsYAM,Mineral Wells_MDU_707 NW 4TH AVE,Originator__c,(null),005WR0000030RCzYAM,2026-07-08-backfill-originator.py,2026-07-08T15:51:07,backfill
006WR00000xwCd8YAE,Omaha_MDU_5006 Davenport St,Originator__c,(null),005WR0000030R9lYAE,2026-07-08-backfill-originator.py,2026-07-08T15:51:07,backfill
006WR00000xwChyYAE,Omaha_MDU_4907 Davenport St,Originator__c,(null),005WR0000030R9lYAE,2026-07-08-backfill-originator.py,2026-07-08T15:51:07,backfill
006WR00000xwDsYYAU,Killeen_MDU_Triple M Rentals,Originator__c,(null),005WR0000030R1hYAE,2026-07-08-backfill-originator.py,2026-07-08T15:51:07,backfill
006WR00000xwElNYAU,Mesa_MDU_SOUTHERN AND STAPLEY TOWNHOMES,Originator__c,(null),005WR0000030R1hYAE,2026-07-08-backfill-originator.py,2026-07-08T15:51:07,backfill
006WR00000xwEmzYAE,Mesa_MDU_202-228 E 2nd Ave,Originator__c,(null),005WR0000030R1hYAE,2026-07-08-backfill-originator.py,2026-07-08T15:51:07,backfill
006WR00000xwEobYAE,Mesa_MDU_36 S Lesueur,Originator__c,(null),005WR0000030R1hYAE,2026-07-08-backfill-originator.py,2026-07-08T15:51:07,backfill
006WR00000xwEqDYAU,Mesa_MDU_El Rancho Del Sol Apts,Originator__c,(null),005WR0000030R1hYAE,2026-07-08-backfill-originator.py,2026-07-08T15:51:07,backfill
006WR00000xwErpYAE,Mesa_MDU_Blue Ridge Apartments,Originator__c,(null),005WR0000030R1hYAE,2026-07-08-backfill-originator.py,2026-07-08T15:51:07,backfill
006WR00000xwEv3YAE,Omaha_MDU_Hamilton Apartments,Originator__c,(null),005WR0000030R9lYAE,2026-07-08-backfill-originator.py,2026-07-08T15:51:07,backfill
006WR00000xwEwfYAE,OMAHA_MDU_1410 N 45th St_APTS,Originator__c,(null),005WR0000030R9lYAE,2026-07-08-backfill-originator.py,2026-07-08T15:51:07,backfill
006WR00000xwEyHYAU,Omaha_MDU_Margaret Mae,Originator__c,(null),005WR0000030R9lYAE,2026-07-08-backfill-originator.py,2026-07-08T15:51:07,backfill
006WR00000xwEztYAE,Omaha_MDU_Benson Gardens,Originator__c,(null),005WR0000030R9lYAE,2026-07-08-backfill-originator.py,2026-07-08T15:51:07,backfill
006WR00000xwEzuYAE,Omaha_MDU_5314-5322 Corby St,Originator__c,(null),005WR0000030R9lYAE,2026-07-08-backfill-originator.py,2026-07-08T15:51:07,backfill
006WR00000xwF37YAE,Omaha_MDU_Sierra Place,Originator__c,(null),005WR0000030R9lYAE,2026-07-08-backfill-originator.py,2026-07-08T15:51:07,backfill
006WR00000xwF4jYAE,Omaha_MDU_2922 N 54th St Apartments,Originator__c,(null),005WR0000030R9lYAE,2026-07-08-backfill-originator.py,2026-07-08T15:51:07,backfill
006WR00000xwF6LYAU,Omaha_MDU_302 N 48th St,Originator__c,(null),005WR0000030R9lYAE,2026-07-08-backfill-originator.py,2026-07-08T15:51:07,backfill
006WR00000xwF7xYAE,Omaha_MDU_360 Skyview,Originator__c,(null),005WR0000030R9lYAE,2026-07-08-backfill-originator.py,2026-07-08T15:51:07,backfill
006WR00000xwF9ZYAU,Omaha_MDU_Arbor Creek Apartments,Originator__c,(null),005WR0000030R9lYAE,2026-07-08-backfill-originator.py,2026-07-08T15:51:07,backfill
006WR00000xwFBBYA2,Omaha_MDU_Fontenelle Cottages,Originator__c,(null),005WR0000030R9lYAE,2026-07-08-backfill-originator.py,2026-07-08T15:51:07,backfill
006WR00000xwFCnYAM,Omaha_MDU_4015 HAMILTON ST,Originator__c,(null),005WR0000030R9lYAE,2026-07-08-backfill-originator.py,2026-07-08T15:51:07,backfill
006WR00000xwFEPYA2,NE_Omaha_SA06_FDH37_MDU_ Egad LLC,Originator__c,(null),005WR0000030R9lYAE,2026-07-08-backfill-originator.py,2026-07-08T15:51:07,backfill
006WR00000xwFG1YAM,Omaha_MDU_4114-4122 N 48th St Apartments,Originator__c,(null),005WR0000030R9lYAE,2026-07-08-backfill-originator.py,2026-07-08T15:51:07,backfill
006WR00000xwFHdYAM,Omaha_MDU_417 N 49th St,Originator__c,(null),005WR0000030R9lYAE,2026-07-08-backfill-originator.py,2026-07-08T15:51:07,backfill
006WR00000xwFJFYA2,Omaha_MDU_4157 Hamilton St,Originator__c,(null),005WR0000030R9lYAE,2026-07-08-backfill-originator.py,2026-07-08T15:51:07,backfill
006WR00000xwFMTYA2,Omaha_MDU_Birchwood Apts,Originator__c,(null),005WR0000030R9lYAE,2026-07-08-backfill-originator.py,2026-07-08T15:51:07,backfill
006WR00000xwFO5YAM,Omaha_MDU_Rue Charles Apartments,Originator__c,(null),005WR0000030R9lYAE,2026-07-08-backfill-originator.py,2026-07-08T15:51:07,backfill
006WR00000xwFPhYAM,Omaha_MDU_4313 N 65th St,Originator__c,(null),005WR0000030R9lYAE,2026-07-08-backfill-originator.py,2026-07-08T15:51:07,backfill
006WR00000xwFRJYA2,Omaha_MDU_Benson Crest Apartments 1,Originator__c,(null),005WR0000030R9lYAE,2026-07-08-backfill-originator.py,2026-07-08T15:51:07,backfill
006WR00000xwFSvYAM,Omaha_MDU_4455 Franklin St,Originator__c,(null),005WR0000030R9lYAE,2026-07-08-backfill-originator.py,2026-07-08T15:51:07,backfill
006WR00000xwFUXYA2,OMAHA_MDU_Redman AVE APTS,Originator__c,(null),005WR0000030R9lYAE,2026-07-08-backfill-originator.py,2026-07-08T15:51:07,backfill
006WR00000xwFW9YAM,Omaha_MDU_4505 Lafayette Ave Halford Apartments,Originator__c,(null),005WR0000030R9lYAE,2026-07-08-backfill-originator.py,2026-07-08T15:51:07,backfill
006WR00000xwFXlYAM,Omaha_MDU_4509 Lafayette Ave,Originator__c,(null),005WR0000030R9lYAE,2026-07-08-backfill-originator.py,2026-07-08T15:51:07,backfill
006WR00000xwFXmYAM,Omaha_MDU_818 N 46th St,Originator__c,(null),005WR0000030R9lYAE,2026-07-08-backfill-originator.py,2026-07-08T15:51:07,backfill
006WR00000xwFZNYA2,Omaha_MDU_4513 Lafayette Ave,Originator__c,(null),005WR0000030R9lYAE,2026-07-08-backfill-originator.py,2026-07-08T15:51:07,backfill
006WR00000xwFZOYA2,Omaha_MDU_Ames Row Houses,Originator__c,(null),005WR0000030R9lYAE,2026-07-08-backfill-originator.py,2026-07-08T15:51:07,backfill
006WR00000xwFazYAE,Omaha_MDU_4524 Lafayette Ave,Originator__c,(null),005WR0000030R9lYAE,2026-07-08-backfill-originator.py,2026-07-08T15:51:07,backfill
006WR00000xwFcbYAE,Omaha_MDU_4606 Redman Ave,Originator__c,(null),005WR0000030R9lYAE,2026-07-08-backfill-originator.py,2026-07-08T15:51:07,backfill
006WR00000xwFeDYAU,Omaha_MDU_4611-4613 North 56th St,Originator__c,(null),005WR0000030R9lYAE,2026-07-08-backfill-originator.py,2026-07-08T15:51:07,backfill
006WR00000xwFj3YAE,Omaha_MDU_4705 Burdette St,Originator__c,(null),005WR0000030R9lYAE,2026-07-08-backfill-originator.py,2026-07-08T15:51:07,backfill
006WR00000xwFkfYAE,Omaha_MDU_4719-4723 Erskine St,Originator__c,(null),005WR0000030R9lYAE,2026-07-08-backfill-originator.py,2026-07-08T15:51:07,backfill
006WR00000xwFmHYAU,Omaha_MDU_Roosevelt Apartments,Originator__c,(null),005WR0000030R9lYAE,2026-07-08-backfill-originator.py,2026-07-08T15:51:07,backfill
006WR00000xwFntYAE,Omaha_MDU_Parkgate Apartments,Originator__c,(null),005WR0000030R9lYAE,2026-07-08-backfill-originator.py,2026-07-08T15:51:07,backfill
006WR00000xwFpVYAU,Omaha_MDU_4728-4730-4732 Chicago St,Originator__c,(null),005WR0000030R9lYAE,2026-07-08-backfill-originator.py,2026-07-08T15:51:07,backfill
006WR00000xwFsjYAE,Omaha_MDU_4752 NICHOLAS ST,Originator__c,(null),005WR0000030R9lYAE,2026-07-08-backfill-originator.py,2026-07-08T15:51:07,backfill
006WR00000xwFvxYAE,Omaha_MDU_4811 Chicago St,Originator__c,(null),005WR0000030R9lYAE,2026-07-08-backfill-originator.py,2026-07-08T15:51:07,backfill
006WR00000xwFvyYAE,Killeen_MDU_Twin Apartments,Originator__c,(null),005WR0000030R1hYAE,2026-07-08-backfill-originator.py,2026-07-08T15:51:07,backfill
006WR00000xwFzBYAU,Omaha_MDU_Taylor Apartments,Originator__c,(null),005WR0000030R9lYAE,2026-07-08-backfill-originator.py,2026-07-08T15:51:07,backfill
006WR00000xwG0nYAE,Omaha_MDU_4904 Davenport St,Originator__c,(null),005WR0000030R9lYAE,2026-07-08-backfill-originator.py,2026-07-08T15:51:07,backfill
006WR00000xwG41YAE,Omaha_MDU_Venice Apartments,Originator__c,(null),005WR0000030R9lYAE,2026-07-08-backfill-originator.py,2026-07-08T15:51:07,backfill
006WR00000xwG5dYAE,Omaha_MDU_4955-4957 Cuming St,Originator__c,(null),005WR0000030R9lYAE,2026-07-08-backfill-originator.py,2026-07-08T15:51:07,backfill
006WR00000xwG7FYAU,Omaha_MDU_Ellington Apartments,Originator__c,(null),005WR0000030R9lYAE,2026-07-08-backfill-originator.py,2026-07-08T15:51:07,backfill
006WR00000xwG8rYAE,Omaha_MDU_5005-5007 California St,Originator__c,(null),005WR0000030R9lYAE,2026-07-08-backfill-originator.py,2026-07-08T15:51:07,backfill
006WR00000xwGATYA2,Omaha_MDU_California Place,Originator__c,(null),005WR000003CD6DYAW,2026-07-08-backfill-originator.py,2026-07-08T15:51:07,backfill
006WR00000xwGC5YAM,NE_Omaha_SA12_FDH26_PA12,Originator__c,(null),005WR0000030R9lYAE,2026-07-08-backfill-originator.py,2026-07-08T15:51:07,backfill
006WR00000xwGDhYAM,Omaha_MDU_5102 Capital Ave,Originator__c,(null),005WR0000030R9lYAE,2026-07-08-backfill-originator.py,2026-07-08T15:51:07,backfill
006WR00000xwGFJYA2,Omaha_MDU_Park Lane Apartments,Originator__c,(null),005WR0000030R9lYAE,2026-07-08-backfill-originator.py,2026-07-08T15:51:07,backfill
006WR00000xwGIXYA2,Omaha_MDU_6303 Taylor Cir,Originator__c,(null),005WR0000030R9lYAE,2026-07-08-backfill-originator.py,2026-07-08T15:51:07,backfill
006WR00000xwGK9YAM,Omaha_MDU_6414 Boyd St,Originator__c,(null),005WR0000030R9lYAE,2026-07-08-backfill-originator.py,2026-07-08T15:51:07,backfill
006WR00000xwGLlYAM,OMAHA_MDU_6569-6571 Military Ave APTS,Originator__c,(null),005WR0000030R9lYAE,2026-07-08-backfill-originator.py,2026-07-08T15:51:07,backfill
006WR00000xwGOzYAM,Omaha_MDU_706 N 50th St,Originator__c,(null),005WR0000030R9lYAE,2026-07-08-backfill-originator.py,2026-07-08T15:51:07,backfill
006WR00000xwGQbYAM,Omaha_MDU_821 N 47th St,Originator__c,(null),005WR0000030R9lYAE,2026-07-08-backfill-originator.py,2026-07-08T15:51:07,backfill
006WR00000xwGSDYA2,Omaha_MDU_St Frances Apartments,Originator__c,(null),005WR0000030R9lYAE,2026-07-08-backfill-originator.py,2026-07-08T15:51:07,backfill
006WR00000xwGTpYAM,Omaha_MDU_915 N 48TH ST,Originator__c,(null),005WR0000030R9lYAE,2026-07-08-backfill-originator.py,2026-07-08T15:51:07,backfill
006WR00000xwGYfYAM,Killeen_MDU_119-111 N College St,Originator__c,(null),005WR0000030R1hYAE,2026-07-08-backfill-originator.py,2026-07-08T15:51:07,backfill
006WR00000xwGaHYAU,Harker Heights_MDU_Village Apts,Originator__c,(null),005WR0000030RCzYAM,2026-07-08-backfill-originator.py,2026-07-08T15:51:07,backfill
006WR00000xwGbtYAE,Killeen_MDU_Fairway Park,Originator__c,(null),005WR0000030R1hYAE,2026-07-08-backfill-originator.py,2026-07-08T15:51:07,backfill
006WR00000xwGdVYAU,HARKER HEIGHTS_MDU_JR's_Trailer_Park,Originator__c,(null),005WR0000030RCzYAM,2026-07-08-backfill-originator.py,2026-07-08T15:51:07,backfill
006WR00000xwGgjYAE,Jarrell_MDU_Rock Terrace Apartments,Originator__c,(null),005WR0000030RCzYAM,2026-07-08-backfill-originator.py,2026-07-08T15:51:07,backfill
006WR00000xwGiLYAU,Killeen_MDU_Gray St North Apartments,Originator__c,(null),005WR0000030R1hYAE,2026-07-08-backfill-originator.py,2026-07-08T15:51:07,backfill
006WR00000xwGlZYAU,Rhome_MDU_Rhome Apartments,Originator__c,(null),005WR0000030RCzYAM,2026-07-08-backfill-originator.py,2026-07-08T15:51:07,backfill
006WR00000xwGnBYAU,Killeen_MDU_201 W Green Ave,Originator__c,(null),005WR0000030R1hYAE,2026-07-08-backfill-originator.py,2026-07-08T15:51:07,backfill
006WR00000xwGqPYAU,Killeen_MDU_204 E Harrison Ave,Originator__c,(null),005WR0000030R1hYAE,2026-07-08-backfill-originator.py,2026-07-08T15:51:07,backfill
006WR00000xwGs1YAE,Taylor_MDU_Tejas Apartments,Originator__c,(null),005WR0000030RCzYAM,2026-07-08-backfill-originator.py,2026-07-08T15:51:07,backfill
006WR00000xwGtdYAE,HARKER HEIGHTS_MDU_Cedar_Knob_RD MHP,Originator__c,(null),005WR0000030RCzYAM,2026-07-08-backfill-originator.py,2026-07-08T15:51:07,backfill
006WR00000xwGvFYAU,Killeen_MDU_Tee Top Apartments,Originator__c,(null),005WR0000030R1hYAE,2026-07-08-backfill-originator.py,2026-07-08T15:51:07,backfill
006WR00000xwGwrYAE,Killeen_MDU_Magnolia Heights,Originator__c,(null),005WR0000030R1hYAE,2026-07-08-backfill-originator.py,2026-07-08T15:51:07,backfill
006WR00000xwH1hYAE,Killeen_MDU_400-404 Liberty St,Originator__c,(null),005WR0000030R1hYAE,2026-07-08-backfill-originator.py,2026-07-08T15:51:07,backfill
006WR00000xwH3JYAU,Killeen_MDU_12th Street Apartments,Originator__c,(null),005WR0000030R1hYAE,2026-07-08-backfill-originator.py,2026-07-08T15:51:07,backfill
006WR00000xwH4vYAE,Killeen_MDU_Summit Heights Apts,Originator__c,(null),005WR0000030R1hYAE,2026-07-08-backfill-originator.py,2026-07-08T15:51:07,backfill
006WR00000xwH89YAE,Killeen_MDU_425 N Gilmer St,Originator__c,(null),005WR0000030R1hYAE,2026-07-08-backfill-originator.py,2026-07-08T15:51:07,backfill
006WR00000xwH9lYAE,Killeen_MDU_5 W Rancier Ave,Originator__c,(null),005WR0000030R1hYAE,2026-07-08-backfill-originator.py,2026-07-08T15:51:07,backfill
006WR00000xwHBNYA2,Harker Heights_MDU_506-508 E Beeline Ln,Originator__c,(null),005WR0000030RCzYAM,2026-07-08-backfill-originator.py,2026-07-08T15:51:07,backfill
006WR00000xwHCzYAM,Killeen_MDU_601 Harbour Ave,Originator__c,(null),005WR0000030R1hYAE,2026-07-08-backfill-originator.py,2026-07-08T15:51:07,backfill
006WR00000xwHHpYAM,Killeen_MDU_Downtown Manor,Originator__c,(null),005WR0000030R1hYAE,2026-07-08-backfill-originator.py,2026-07-08T15:51:07,backfill
006WR00000xwHJRYA2,Killeen_MDU_703 Gilmer Street Apartments,Originator__c,(null),005WR0000030R1hYAE,2026-07-08-backfill-originator.py,2026-07-08T15:51:07,backfill
006WR00000xwHOHYA2,Killeen_MDU_809 Root Ave,Originator__c,(null),005WR0000030R1hYAE,2026-07-08-backfill-originator.py,2026-07-08T15:51:07,backfill
006WR00000xwHPtYAM,Georgetown_MDU_Mid-Century Park,Originator__c,(null),005WR0000030RCzYAM,2026-07-08-backfill-originator.py,2026-07-08T15:51:07,backfill
006WR00000xwHRVYA2,Killeen_MDU_East Gate Apartments,Originator__c,(null),005WR0000030R1hYAE,2026-07-08-backfill-originator.py,2026-07-08T15:51:07,backfill
006WR00000y24mZYAQ,Solana Beach_MDU_Surfsong Condos,Originator__c,(null),005WR0000030RCzYAM,2026-07-08-backfill-originator.py,2026-07-08T15:51:07,backfill
006WR00000y2DuoYAE,Solana Beach_MDU_Seascape Chateau,Originator__c,(null),005WR0000030RCzYAM,2026-07-08-backfill-originator.py,2026-07-08T15:51:07,backfill
006WR00000y2FzkYAE,Omaha_MDU_4760 LAFAYETTE AVE,Originator__c,(null),005WR000003CD6DYAW,2026-07-08-backfill-originator.py,2026-07-08T15:51:07,backfill
006WR00000y2k2dYAA,Omaha_MDU_3344-3348 Larimore Ave,Originator__c,(null),005WR000003CD6DYAW,2026-07-08-backfill-originator.py,2026-07-08T15:51:07,backfill
006WR00000y3J0LYAU,Omaha_MDU_5004 Davenport St,Originator__c,(null),005WR000003CD6DYAW,2026-07-08-backfill-originator.py,2026-07-08T15:51:07,backfill
006WR00000y3NdSYAU,Omaha_MDU_Benson Crest Apartments 2,Originator__c,(null),005WR000003CD6DYAW,2026-07-08-backfill-originator.py,2026-07-08T15:51:07,backfill
006WR00000y3iV0YAI,Solana Beach_MDU_Seascape Shores Condos,Originator__c,(null),005WR0000030RCzYAM,2026-07-08-backfill-originator.py,2026-07-08T15:51:07,backfill
006WR00000y3jsTYAQ,Encinitas_MDU_Saxonay at Encinitas Ranch,Originator__c,(null),005WR0000030RCzYAM,2026-07-08-backfill-originator.py,2026-07-08T15:51:07,backfill
006WR00000y3jyvYAA,Omaha_MDU_4612 Redman Ave,Originator__c,(null),005WR000003CD6DYAW,2026-07-08-backfill-originator.py,2026-07-08T15:51:07,backfill
006WR00000y3k29YAA,Omaha_MDU_9208 Ohio St,Originator__c,(null),005WR000003CD6DYAW,2026-07-08-backfill-originator.py,2026-07-08T15:51:07,backfill
006WR00000y3k5NYAQ,Decatur_MDU_Smallwood Trailer Park,Originator__c,(null),005WR000003CD6DYAW,2026-07-08-backfill-originator.py,2026-07-08T15:51:07,backfill
006WR00000y46nRYAQ,Omaha_MDU_Farnam Flats,Originator__c,(null),005WR000003CD6DYAW,2026-07-08-backfill-originator.py,2026-07-08T15:51:07,backfill
006WR00000y4ekIYAQ,Mineral Wells_MDU_Shady Oak Circle Housing,Originator__c,(null),005WR0000030R1hYAE,2026-07-08-backfill-originator.py,2026-07-08T15:51:07,backfill
006WR00000ytiKQYAY,Pelican Ridge,Originator__c,(null),005WR0000030RCzYAM,2026-07-08-backfill-originator.py,2026-07-08T15:51:07,backfill
006WR00000ytrE5YAI,Trailer Rancho Mobile,Originator__c,(null),005WR0000030RCzYAM,2026-07-08-backfill-originator.py,2026-07-08T15:51:07,backfill
006WR00000yuOtDYAU,Pacifica Leucadia HOA,Originator__c,(null),005WR0000030RCzYAM,2026-07-08-backfill-originator.py,2026-07-08T15:51:07,backfill
006WR00000yuYsYYAU,Montego Village HOA,Originator__c,(null),005WR0000030RCzYAM,2026-07-08-backfill-originator.py,2026-07-08T15:51:07,backfill
006WR00000yuZv2YAE,Laurel Cove Lane Pvt Road,Originator__c,(null),005WR0000030RCzYAM,2026-07-08-backfill-originator.py,2026-07-08T15:51:07,backfill
006WR00000yueI2YAI,Calypso Legends Heritage,Originator__c,(null),005WR0000030RCzYAM,2026-07-08-backfill-originator.py,2026-07-08T15:51:07,backfill
006WR00000yugutYAA,Ocean View Private Road,Originator__c,(null),005WR0000030RCzYAM,2026-07-08-backfill-originator.py,2026-07-08T15:51:07,backfill
006WR00000yuj1ZYAQ,Emerald Lake Village HOA,Originator__c,(null),005WR0000030RCzYAM,2026-07-08-backfill-originator.py,2026-07-08T15:51:07,backfill
006WR00000yuqW4YAI,Beach Street Encinitas,Originator__c,(null),005WR0000030RCzYAM,2026-07-08-backfill-originator.py,2026-07-08T15:51:07,backfill
006WR00000yur0lYAA,1342 Eolus Ave,Originator__c,(null),005WR0000030RCzYAM,2026-07-08-backfill-originator.py,2026-07-08T15:51:07,backfill
006WR00000yutSHYAY,Cardiff Park,Originator__c,(null),005WR0000030RCzYAM,2026-07-08-backfill-originator.py,2026-07-08T15:51:07,backfill
006WR00000yutTtYAI,Quentin Court,Originator__c,(null),005WR0000030RCzYAM,2026-07-08-backfill-originator.py,2026-07-08T15:51:07,backfill
006WR00000yutvPYAQ,Cardiff Park HOA,Originator__c,(null),005WR0000030RCzYAM,2026-07-08-backfill-originator.py,2026-07-08T15:51:07,backfill
006WR00000yuxKdYAI,Mission Del Oro HOA,Originator__c,(null),005WR0000030RCzYAM,2026-07-08-backfill-originator.py,2026-07-08T15:51:07,backfill
006WR00000yv0X4YAI,Rancho Hermosa HOA,Originator__c,(null),005WR0000030RCzYAM,2026-07-08-backfill-originator.py,2026-07-08T15:51:07,backfill
006WR00000yv47cYAA,Alicante Hills HOA,Originator__c,(null),005WR0000030RCzYAM,2026-07-08-backfill-originator.py,2026-07-08T15:51:07,backfill
006WR00000yv6m8YAA,Camino Cabrillo Pvt Road,Originator__c,(null),005WR0000030RCzYAM,2026-07-08-backfill-originator.py,2026-07-08T15:51:07,backfill
006WR00000yv7YaYAI,FoxtailLoop,Originator__c,(null),005WR0000030RCzYAM,2026-07-08-backfill-originator.py,2026-07-08T15:51:07,backfill
006WR00000yv9vJYAQ,Promenade HOA,Originator__c,(null),005WR0000030RCzYAM,2026-07-08-backfill-originator.py,2026-07-08T15:51:07,backfill
006WR00000yvAMgYAM,Terraces At Cantebria HOA,Originator__c,(null),005WR0000030RCzYAM,2026-07-08-backfill-originator.py,2026-07-08T15:51:07,backfill
006WR00000yvINSYA2,Forrest Bluff Terraces HOA,Originator__c,(null),005WR0000030RCzYAM,2026-07-08-backfill-originator.py,2026-07-08T15:51:07,backfill
006WR00000yvLI6YAM,Riviera Mobile Homes,Originator__c,(null),005WR0000030RCzYAM,2026-07-08-backfill-originator.py,2026-07-08T15:51:07,backfill
006WR00000yvMEBYA2,Hacienda de la Playa HOA,Originator__c,(null),005WR0000030RCzYAM,2026-07-08-backfill-originator.py,2026-07-08T15:51:07,backfill
006WR00000yvMMIYA2,Fairways HOA,Originator__c,(null),005WR0000030RCzYAM,2026-07-08-backfill-originator.py,2026-07-08T15:51:07,backfill
006WR00000yvQkpYAE,Sky Loft HOA,Originator__c,(null),005WR0000030RCzYAM,2026-07-08-backfill-originator.py,2026-07-08T15:51:07,backfill
006WR00000yvR5nYAE,Del Mar Corporate Center,Originator__c,(null),005WR0000030RCzYAM,2026-07-08-backfill-originator.py,2026-07-08T15:51:07,backfill
006WR00000yvSJdYAM,Traditions At La Costa HOA,Originator__c,(null),005WR0000030RCzYAM,2026-07-08-backfill-originator.py,2026-07-08T15:51:07,backfill
006WR00000yvU0RYAU,3152 Levante,Originator__c,(null),005WR0000030RCzYAM,2026-07-08-backfill-originator.py,2026-07-08T15:51:07,backfill
006WR00000yvVsYYAU,3156 Levante,Originator__c,(null),005WR0000030RCzYAM,2026-07-08-backfill-originator.py,2026-07-08T15:51:07,backfill
006WR00000yvY5dYAE,Converge Justin,Originator__c,(null),005WR000003CD6DYAW,2026-07-08-backfill-originator.py,2026-07-08T15:51:07,backfill
006WR00000yvYteYAE,Manzanita Cove HOA,Originator__c,(null),005WR0000030RCzYAM,2026-07-08-backfill-originator.py,2026-07-08T15:51:07,backfill
006WR00000yvdF2YAI,Shamrock Mobile Estates,Originator__c,(null),005WR0000030RCzYAM,2026-07-08-backfill-originator.py,2026-07-08T15:51:07,backfill
006WR00000yviUqYAI,Village At Leucadia HOA,Originator__c,(null),005WR0000030RCzYAM,2026-07-08-backfill-originator.py,2026-07-08T15:51:07,backfill
006WR00000yvmgUYAQ,Cardiff Glen HOA,Originator__c,(null),005WR0000030RCzYAM,2026-07-08-backfill-originator.py,2026-07-08T15:51:07,backfill
006WR00000yvnHbYAI,Hilltop Trailer Park,Originator__c,(null),005WR0000030RCzYAM,2026-07-08-backfill-originator.py,2026-07-08T15:51:07,backfill
006WR00000yvoqPYAQ,Monte Mira HOA,Originator__c,(null),005WR0000030RCzYAM,2026-07-08-backfill-originator.py,2026-07-08T15:51:07,backfill
006WR00000yvv0eYAA,Coral Cove HOA,Originator__c,(null),005WR0000030RCzYAM,2026-07-08-backfill-originator.py,2026-07-08T15:51:07,backfill
006WR00000yvvAJYAY,Santa Fe Trails HOA,Originator__c,(null),005WR0000030RCzYAM,2026-07-08-backfill-originator.py,2026-07-08T15:51:07,backfill
006WR00000yvvNCYAY,950-946-942 Hygeia Avenue,Originator__c,(null),005WR0000030RCzYAM,2026-07-08-backfill-originator.py,2026-07-08T15:51:07,backfill
006WR00000yvvYXYAY,Carlsbad Surfside HOA,Originator__c,(null),005WR0000030RCzYAM,2026-07-08-backfill-originator.py,2026-07-08T15:51:07,backfill
006WR00000yvvrqYAA,Cantaberia HOA,Originator__c,(null),005WR0000030RCzYAM,2026-07-08-backfill-originator.py,2026-07-08T15:51:07,backfill
006WR00000yvxC6YAI,Hygeia Court HOA,Originator__c,(null),005WR0000030RCzYAM,2026-07-08-backfill-originator.py,2026-07-08T15:51:07,backfill
006WR00000yvxP0YAI,Hillside Patio Pvt Road,Originator__c,(null),005WR0000030RCzYAM,2026-07-08-backfill-originator.py,2026-07-08T15:51:07,backfill
006WR00000yvxthYAA,Tiki Village HOA,Originator__c,(null),005WR0000030RCzYAM,2026-07-08-backfill-originator.py,2026-07-08T15:51:07,backfill
006WR00000yvz12YAA,Cambria HOA,Originator__c,(null),005WR0000030RCzYAM,2026-07-08-backfill-originator.py,2026-07-08T15:51:07,backfill
006WR00000yw09zYAA,Beacons Beach Village,Originator__c,(null),005WR0000030RCzYAM,2026-07-08-backfill-originator.py,2026-07-08T15:51:07,backfill
006WR00000yw0RiYAI,Encinitas Ranch HOA,Originator__c,(null),005WR0000030RCzYAM,2026-07-08-backfill-originator.py,2026-07-08T15:51:07,backfill
006WR00000yw26xYAA,The Nest at La Costa,Originator__c,(null),005WR0000030RCzYAM,2026-07-08-backfill-originator.py,2026-07-08T15:51:07,backfill
006WR00000yw3HWYAY,La Costa Oaks South HOA,Originator__c,(null),005WR0000030RCzYAM,2026-07-08-backfill-originator.py,2026-07-08T15:51:07,backfill
006WR00000yw4jqYAA,Encinitas Town and Country Plaza,Originator__c,(null),005WR0000030RCzYAM,2026-07-08-backfill-originator.py,2026-07-08T15:51:07,backfill
006WR00000yw5zGYAQ,Oceanic Drive,Originator__c,(null),005WR0000030RCzYAM,2026-07-08-backfill-originator.py,2026-07-08T15:51:07,backfill
006WR00000yw95EYAQ,Seaside Sanctuary HOA,Originator__c,(null),005WR0000030RCzYAM,2026-07-08-backfill-originator.py,2026-07-08T15:51:07,backfill
006WR00000yw9QBYAY,Mendocino HOA,Originator__c,(null),005WR0000030RCzYAM,2026-07-08-backfill-originator.py,2026-07-08T15:51:07,backfill
006WR00000yw9YHYAY,Seaside Highlannds HOA,Originator__c,(null),005WR0000030RCzYAM,2026-07-08-backfill-originator.py,2026-07-08T15:51:07,backfill
006WR00000ywAsVYAU,Island View - Private Road,Originator__c,(null),005WR0000030RCzYAM,2026-07-08-backfill-originator.py,2026-07-08T15:51:07,backfill
006WR00000ywB2AYAU,Villas De La Costa HOA,Originator__c,(null),005WR0000030RCzYAM,2026-07-08-backfill-originator.py,2026-07-08T15:51:07,backfill
006WR00000ywBJuYAM,Shady Hollow Pvt Road,Originator__c,(null),005WR0000030RCzYAM,2026-07-08-backfill-originator.py,2026-07-08T15:51:07,backfill
006WR00000ywBdGYAU,La Costa Altezza HOA,Originator__c,(null),005WR0000030RCzYAM,2026-07-08-backfill-originator.py,2026-07-08T15:51:07,backfill
006WR00000ywCPfYAM,Encinitas Corporate Center,Originator__c,(null),005WR0000030RCzYAM,2026-07-08-backfill-originator.py,2026-07-08T15:51:07,backfill
006WR00000ywCuIYAU,53 Melrose Promenade HOA,Originator__c,(null),005WR0000030RCzYAM,2026-07-08-backfill-originator.py,2026-07-08T15:51:07,backfill
006WR00000ywEb8YAE,Portico At Rancho Carrillo HOA,Originator__c,(null),005WR0000030RCzYAM,2026-07-08-backfill-originator.py,2026-07-08T15:51:07,backfill
006WR00000ywF2ZYAU,May Private Road,Originator__c,(null),005WR0000030RCzYAM,2026-07-08-backfill-originator.py,2026-07-08T15:51:07,backfill
006WR00000ywF4AYAU,Seapoint Tennis Club,Originator__c,(null),005WR0000030RCzYAM,2026-07-08-backfill-originator.py,2026-07-08T15:51:07,backfill
006WR00000ywG8IYAU,Casitas De La Costa HOA,Originator__c,(null),005WR0000030RCzYAM,2026-07-08-backfill-originator.py,2026-07-08T15:51:07,backfill
006WR00000ywIQEYA2,Rancho Montecito,Originator__c,(null),005WR0000030RCzYAM,2026-07-08-backfill-originator.py,2026-07-08T15:51:07,backfill
006WR00000ywKINYA2,Villa Trieste HOA,Originator__c,(null),005WR0000030RCzYAM,2026-07-08-backfill-originator.py,2026-07-08T15:51:07,backfill
006WR00000ywLuMYAU,Flair Encinitas HOA,Originator__c,(null),005WR0000030RCzYAM,2026-07-08-backfill-originator.py,2026-07-08T15:51:07,backfill
006WR00000ywMAUYA2,"247-263 HWY 101 Solana Beach, CA",Originator__c,(null),005WR0000030RCzYAM,2026-07-08-backfill-originator.py,2026-07-08T15:51:07,backfill
006WR00000ywN6YYAU,On The Park HOA,Originator__c,(null),005WR0000030RCzYAM,2026-07-08-backfill-originator.py,2026-07-08T15:51:07,backfill
006WR00000ywOYtYAM,Carlsbad Arroyo Vista HOA,Originator__c,(null),005WR0000030RCzYAM,2026-07-08-backfill-originator.py,2026-07-08T15:51:07,backfill
006WR00000ywQveYAE,La Costa Town Square,Originator__c,(null),005WR0000030RCzYAM,2026-07-08-backfill-originator.py,2026-07-08T15:51:07,backfill
006WR00000ywSNxYAM,San Pacifico HOA,Originator__c,(null),005WR0000030RCzYAM,2026-07-08-backfill-originator.py,2026-07-08T15:51:07,backfill
006WR00000ywSPbYAM,Village Park Manor,Originator__c,(null),005WR0000030RCzYAM,2026-07-08-backfill-originator.py,2026-07-08T15:51:07,backfill
006WR00000ywSW1YAM,Paseo La Jolla Pvt Road,Originator__c,(null),005WR0000030RCzYAM,2026-07-08-backfill-originator.py,2026-07-08T15:51:07,backfill
006WR00000ywSXdYAM,La Costa Greens HOA,Originator__c,(null),005WR0000030RCzYAM,2026-07-08-backfill-originator.py,2026-07-08T15:51:07,backfill
006WR00000ywSarYAE,Via Casa Del Sol HOA,Originator__c,(null),005WR0000030RCzYAM,2026-07-08-backfill-originator.py,2026-07-08T15:51:07,backfill
006WR00000ywScTYAU,Alga Hills HOA,Originator__c,(null),005WR0000030RCzYAM,2026-07-08-backfill-originator.py,2026-07-08T15:51:07,backfill
006WR00000ywSe5YAE,La Costa Ridge2 HOA,Originator__c,(null),005WR0000030RCzYAM,2026-07-08-backfill-originator.py,2026-07-08T15:51:07,backfill
006WR00000ywSkXYAU,La Costa Ridge1 HOA,Originator__c,(null),005WR0000030RCzYAM,2026-07-08-backfill-originator.py,2026-07-08T15:51:07,backfill
006WR00000ywSm9YAE,North Shore HOA,Originator__c,(null),005WR0000030RCzYAM,2026-07-08-backfill-originator.py,2026-07-08T15:51:07,backfill
006WR00000ywSnlYAE,Seaside Ridge HOA,Originator__c,(null),005WR0000030RCzYAM,2026-07-08-backfill-originator.py,2026-07-08T15:51:07,backfill
006WR00000ywSpNYAU,Seabluffe Villages HOA,Originator__c,(null),005WR0000030RCzYAM,2026-07-08-backfill-originator.py,2026-07-08T15:51:07,backfill
006WR00000ywSqzYAE,Sandalwood HOA,Originator__c,(null),005WR0000030RCzYAM,2026-07-08-backfill-originator.py,2026-07-08T15:51:07,backfill
006WR00000ywSsbYAE,The Summit HOA,Originator__c,(null),005WR0000030RCzYAM,2026-07-08-backfill-originator.py,2026-07-08T15:51:07,backfill
006WR00000ywSuDYAU,Santa Fe Business Park,Originator__c,(null),005WR0000030RCzYAM,2026-07-08-backfill-originator.py,2026-07-08T15:51:07,backfill
006WR00000ywSvpYAE,Encinitas Town and Country Business Park,Originator__c,(null),005WR0000030RCzYAM,2026-07-08-backfill-originator.py,2026-07-08T15:51:07,backfill
006WR00000ywT2HYAU,Village Park HOA,Originator__c,(null),005WR0000030RCzYAM,2026-07-08-backfill-originator.py,2026-07-08T15:51:07,backfill
006WR00000ywT5VYAU,Village Park Shady Tree #2,Originator__c,(null),005WR0000030RCzYAM,2026-07-08-backfill-originator.py,2026-07-08T15:51:07,backfill
006WR00000ywT77YAE,Pacifica HOA,Originator__c,(null),005WR0000030RCzYAM,2026-07-08-backfill-originator.py,2026-07-08T15:51:07,backfill
006WR00000ywT8jYAE,Emerald Point HOA,Originator__c,(null),005WR0000030RCzYAM,2026-07-08-backfill-originator.py,2026-07-08T15:51:07,backfill
006WR00000ywTALYA2,Rancho Santalina HOA,Originator__c,(null),005WR0000030RCzYAM,2026-07-08-backfill-originator.py,2026-07-08T15:51:07,backfill
006WR00000ywTBxYAM,Kb Home The Foothills HOA,Originator__c,(null),005WR0000030RCzYAM,2026-07-08-backfill-originator.py,2026-07-08T15:51:07,backfill
006WR00000ywTDZYA2,512-514 Via De La Valle,Originator__c,(null),005WR0000030RCzYAM,2026-07-08-backfill-originator.py,2026-07-08T15:51:07,backfill
006WR00000ywTFBYA2,Las Vistas HOA,Originator__c,(null),005WR0000030RCzYAM,2026-07-08-backfill-originator.py,2026-07-08T15:51:07,backfill
006WR00000ywTGnYAM,674 Via De La Valle,Originator__c,(null),005WR0000030RCzYAM,2026-07-08-backfill-originator.py,2026-07-08T15:51:07,backfill
006WR00000ywTIPYA2,Haidenger Center,Originator__c,(null),005WR0000030RCzYAM,2026-07-08-backfill-originator.py,2026-07-08T15:51:07,backfill
006WR00000ywTLdYAM,Seagate Terrace,Originator__c,(null),005WR0000030RCzYAM,2026-07-08-backfill-originator.py,2026-07-08T15:51:07,backfill
006WR00000ywTNFYA2,876 Bonita Drive,Originator__c,(null),005WR0000030RCzYAM,2026-07-08-backfill-originator.py,2026-07-08T15:51:07,backfill
006WR00000ywTOrYAM,915-919 Neptune Ave,Originator__c,(null),005WR0000030RCzYAM,2026-07-08-backfill-originator.py,2026-07-08T15:51:07,backfill
006WR00000ywTS5YAM,Valley of Dreams Mobile Village,Originator__c,(null),005WR0000030RCzYAM,2026-07-08-backfill-originator.py,2026-07-08T15:51:07,backfill
006WR00000ywTThYAM,Quail Gardens,Originator__c,(null),005WR0000030RCzYAM,2026-07-08-backfill-originator.py,2026-07-08T15:51:07,backfill
006WR00000ywTVJYA2,1471 Rubenstein,Originator__c,(null),005WR0000030RCzYAM,2026-07-08-backfill-originator.py,2026-07-08T15:51:07,backfill
006WR00000ywTWvYAM,127 W. Glaucus,Originator__c,(null),005WR0000030RCzYAM,2026-07-08-backfill-originator.py,2026-07-08T15:51:07,backfill
006WR00000ywTYXYA2,978 Hygeia Ave,Originator__c,(null),005WR0000030RCzYAM,2026-07-08-backfill-originator.py,2026-07-08T15:51:07,backfill
006WR00000ywTa9YAE,127 W Glaucus St - A,Originator__c,(null),005WR0000030RCzYAM,2026-07-08-backfill-originator.py,2026-07-08T15:51:07,backfill
006WR00000ywTblYAE,"437 S Highway 101, 101-110",Originator__c,(null),005WR0000030RCzYAM,2026-07-08-backfill-originator.py,2026-07-08T15:51:07,backfill
006WR00000ywTdNYAU,"225 S. Hwy 101 , 17",Originator__c,(null),005WR0000030RCzYAM,2026-07-08-backfill-originator.py,2026-07-08T15:51:07,backfill
006WR00000ywTgbYAE,Surfsong,Originator__c,(null),005WR0000030RCzYAM,2026-07-08-backfill-originator.py,2026-07-08T15:51:07,backfill
006WR00000ywU9dYAE,Sandy Point HOA,Originator__c,(null),005WR0000030RCzYAM,2026-07-08-backfill-originator.py,2026-07-08T15:51:07,backfill
006WR00000zvH95YAE,127 W JUANITA AVE MESA AZ 105,Originator__c,(null),005WR000005Ln7hYAC,2026-07-08-backfill-originator.py,2026-07-08T15:51:07,backfill
006WR00000zveAWYAY,127 W JUANITA AVE MESA AZ 106,Originator__c,(null),005WR000005Ln7hYAC,2026-07-08-backfill-originator.py,2026-07-08T15:51:07,backfill
006WR00000zw4xnYAA,127 W JUANITA AVE MESA AZ 109,Originator__c,(null),005WR000005Ln7hYAC,2026-07-08-backfill-originator.py,2026-07-08T15:51:07,backfill
006WR00000zwVEnYAM,127 W JUANITA AVE MESA AZ 101,Originator__c,(null),005WR000005Ln7hYAC,2026-07-08-backfill-originator.py,2026-07-08T15:51:07,backfill
006WR00000zx55NYAQ,127 W JUANITA AVE MESA AZ 108,Originator__c,(null),005WR000005Ln7hYAC,2026-07-08-backfill-originator.py,2026-07-08T15:51:07,backfill
006WR00000zxFfpYAE,127 W JUANITA AVE MESA AZ 110,Originator__c,(null),005WR000005Ln7hYAC,2026-07-08-backfill-originator.py,2026-07-08T15:51:07,backfill
006WR0000110fq9YAA,6910 PACIFIC ST OMAHA NE - UNIT 200,Originator__c,(null),005WR000005Ln7hYAC,2026-07-08-backfill-originator.py,2026-07-08T15:51:07,backfill
006WR0000110khjYAA,6910 PACIFIC ST OMAHA NE - UNIT 313,Originator__c,(null),005WR000005Ln7hYAC,2026-07-08-backfill-originator.py,2026-07-08T15:51:07,backfill
006WR0000110yUZYAY,6910 PACIFIC ST OMAHA NE - UNIT 216,Originator__c,(null),005WR000005Ln7hYAC,2026-07-08-backfill-originator.py,2026-07-08T15:51:07,backfill
006WR00001114IEYAY,6910 PACIFIC ST OMAHA NE - UNIT 102,Originator__c,(null),005WR000005Ln7hYAC,2026-07-08-backfill-originator.py,2026-07-08T15:51:07,backfill
006WR0000111CdzYAE,750 S MAIN ST KELLER TX - UNIT 129,Originator__c,(null),005WR000005Ln7hYAC,2026-07-08-backfill-originator.py,2026-07-08T15:51:07,backfill
006WR0000111SKZYA2,750 S MAIN ST KELLER TX - UNIT 145,Originator__c,(null),005WR000005Ln7hYAC,2026-07-08-backfill-originator.py,2026-07-08T15:51:07,backfill
006WR0000111TtKYAU,750 S MAIN ST KELLER TX - UNIT 127,Originator__c,(null),005WR000005Ln7hYAC,2026-07-08-backfill-originator.py,2026-07-08T15:51:07,backfill
006WR0000111YOPYA2,415 N VAL VISTA DR MESA AZ - UNIT 105,Originator__c,(null),005WR000005Ln7hYAC,2026-07-08-backfill-originator.py,2026-07-08T15:51:07,backfill
006WR0000111bkSYAQ,750 S MAIN ST KELLER TX - UNIT 140,Originator__c,(null),005WR000005Ln7hYAC,2026-07-08-backfill-originator.py,2026-07-08T15:51:07,backfill
006WR0000111jExYAI,750 S MAIN ST KELLER TX - UNIT 100,Originator__c,(null),005WR000005Ln7hYAC,2026-07-08-backfill-originator.py,2026-07-08T15:51:07,backfill
006WR0000111mRLYAY,750 S MAIN ST KELLER TX - UNIT 120,Originator__c,(null),005WR000005Ln7hYAC,2026-07-08-backfill-originator.py,2026-07-08T15:51:07,backfill
006WR0000111qwMYAQ,900 S MAIN ST KELLER TX - UNIT 305,Originator__c,(null),005WR000005Ln7hYAC,2026-07-08-backfill-originator.py,2026-07-08T15:51:07,backfill
006WR0000111r4PYAQ,6910 PACIFIC ST OMAHA NE - UNIT 102B,Originator__c,(null),005WR000005Ln7hYAC,2026-07-08-backfill-originator.py,2026-07-08T15:51:07,backfill
006WR0000111rMAYAY,6910 PACIFIC ST OMAHA NE - UNIT 220,Originator__c,(null),005WR000005Ln7hYAC,2026-07-08-backfill-originator.py,2026-07-08T15:51:07,backfill
006WR0000111sN3YAI,6910 PACIFIC ST OMAHA NE - UNIT 103,Originator__c,(null),005WR000005Ln7hYAC,2026-07-08-backfill-originator.py,2026-07-08T15:51:07,backfill
006WR0000111sy9YAA,6910 PACIFIC ST OMAHA NE - UNIT 105,Originator__c,(null),005WR000005Ln7hYAC,2026-07-08-backfill-originator.py,2026-07-08T15:51:07,backfill
006WR0000111un3YAA,6910 PACIFIC ST OMAHA NE - UNIT 202,Originator__c,(null),005WR000005Ln7hYAC,2026-07-08-backfill-originator.py,2026-07-08T15:51:07,backfill
006WR0000111wNRYAY,6910 PACIFIC ST OMAHA NE - UNIT 204,Originator__c,(null),005WR000005Ln7hYAC,2026-07-08-backfill-originator.py,2026-07-08T15:51:07,backfill
006WR00001120AvYAI,6910 PACIFIC ST OMAHA NE - UNIT 310,Originator__c,(null),005WR000005Ln7hYAC,2026-07-08-backfill-originator.py,2026-07-08T15:51:07,backfill
006WR00001120XWYAY,6910 PACIFIC ST OMAHA NE - UNIT 400,Originator__c,(null),005WR000005Ln7hYAC,2026-07-08-backfill-originator.py,2026-07-08T15:51:07,backfill
006WR00001121GfYAI,6910 PACIFIC ST OMAHA NE - UNIT 315,Originator__c,(null),005WR000005Ln7hYAC,2026-07-08-backfill-originator.py,2026-07-08T15:51:07,backfill
006WR00001121wbYAA,6910 PACIFIC ST OMAHA NE - UNIT 320,Originator__c,(null),005WR000005Ln7hYAC,2026-07-08-backfill-originator.py,2026-07-08T15:51:07,backfill
006WR00001124mPYAQ,750 S MAIN ST KELLER TX - UNIT 110,Originator__c,(null),005WR000005Ln7hYAC,2026-07-08-backfill-originator.py,2026-07-08T15:51:07,backfill
006WR000011275xYAA,750 S MAIN ST KELLER TX - UNIT 120,Originator__c,(null),005WR000005Ln7hYAC,2026-07-08-backfill-originator.py,2026-07-08T15:51:07,backfill
006WR0000112TZXYA2,900 S MAIN ST KELLER TX - UNIT 330,Originator__c,(null),005WR000005Ln7hYAC,2026-07-08-backfill-originator.py,2026-07-08T15:51:07,backfill
006WR0000112VjNYAU,750 S MAIN ST KELLER TX - UNIT 100,Originator__c,(null),005WR000005Ln7hYAC,2026-07-08-backfill-originator.py,2026-07-08T15:51:07,backfill
006WR0000112XLNYA2,750 S MAIN ST KELLER TX - UNIT 135,Originator__c,(null),005WR000005Ln7hYAC,2026-07-08-backfill-originator.py,2026-07-08T15:51:07,backfill
006WR0000112ZF9YAM,900 S MAIN ST KELLER TX - UNIT 351,Originator__c,(null),005WR000005Ln7hYAC,2026-07-08-backfill-originator.py,2026-07-08T15:51:07,backfill
006WR0000112a6LYAQ,750 S MAIN ST KELLER TX - UNIT 138,Originator__c,(null),005WR000005Ln7hYAC,2026-07-08-backfill-originator.py,2026-07-08T15:51:07,backfill
006WR0000112eBaYAI,750 S MAIN ST KELLER TX - UNIT 165,Originator__c,(null),005WR000005Ln7hYAC,2026-07-08-backfill-originator.py,2026-07-08T15:51:07,backfill
006WR0000112fSbYAI,750 S MAIN ST KELLER TX - UNIT 150,Originator__c,(null),005WR000005Ln7hYAC,2026-07-08-backfill-originator.py,2026-07-08T15:51:07,backfill
006WR0000112fikYAA,Fox Point,Originator__c,(null),005WR0000030RCzYAM,2026-07-08-backfill-originator.py,2026-07-08T15:51:07,backfill
006WR0000112kX8YAI,900 S MAIN ST KELLER TX - UNIT 320,Originator__c,(null),005WR000005Ln7hYAC,2026-07-08-backfill-originator.py,2026-07-08T15:51:07,backfill
006WR0000112nRlYAI,900 S MAIN ST KELLER TX - UNIT 325,Originator__c,(null),005WR000005Ln7hYAC,2026-07-08-backfill-originator.py,2026-07-08T15:51:07,backfill
006WR0000112rwqYAA,415 N VAL VISTA DR MESA AZ - UNIT 104,Originator__c,(null),005WR000005Ln7hYAC,2026-07-08-backfill-originator.py,2026-07-08T15:51:07,backfill
006WR0000112sb7YAA,900 S MAIN ST KELLER TX - UNIT 335,Originator__c,(null),005WR000005Ln7hYAC,2026-07-08-backfill-originator.py,2026-07-08T15:51:07,backfill
006WR0000112tKHYAY,900 S MAIN ST KELLER TX - UNIT 340,Originator__c,(null),005WR000005Ln7hYAC,2026-07-08-backfill-originator.py,2026-07-08T15:51:07,backfill
006WR0000112vHHYAY,San Ito,Originator__c,(null),005WR0000030RCzYAM,2026-07-08-backfill-originator.py,2026-07-08T15:51:07,backfill
006WR0000112xnhYAA,900 S MAIN ST KELLER TX - UNIT 355,Originator__c,(null),005WR000005Ln7hYAC,2026-07-08-backfill-originator.py,2026-07-08T15:51:07,backfill
006WR0000112ytSYAQ,900 S MAIN ST KELLER TX - UNIT 357,Originator__c,(null),005WR000005Ln7hYAC,2026-07-08-backfill-originator.py,2026-07-08T15:51:07,backfill
006WR000011367rYAA,Sand Piper Point,Originator__c,(null),005WR0000030RCzYAM,2026-07-08-backfill-originator.py,2026-07-08T15:51:07,backfill
006WR0000113RllYAE,415 N VAL VISTA DR MESA AZ - UNIT 108,Originator__c,(null),005WR000005Ln7hYAC,2026-07-08-backfill-originator.py,2026-07-08T15:51:07,backfill
006WR0000115wgeYAA,6121 N 89TH CIR OMAHA NE,Originator__c,(null),005WR000005Ln7hYAC,2026-07-08-backfill-originator.py,2026-07-08T15:51:07,backfill
006WR0000116hJ2YAI,1145 SOUTHEAST PKWY AZLE TX,Originator__c,(null),005WR000005Ln7hYAC,2026-07-08-backfill-originator.py,2026-07-08T15:51:07,backfill
006WR00001174FXYAY,5139 LEAVENWORTH ST OMAHA NE,Originator__c,(null),005WR000005Ln7hYAC,2026-07-08-backfill-originator.py,2026-07-08T15:51:07,backfill
006WR0000117R7KYAU,6129 N 89TH CIR OMAHA NE,Originator__c,(null),005WR000005Ln7hYAC,2026-07-08-backfill-originator.py,2026-07-08T15:51:07,backfill
006WR0000117YYZYA2,6109 N 89TH CIR OMAHA NE,Originator__c,(null),005WR000005Ln7hYAC,2026-07-08-backfill-originator.py,2026-07-08T15:51:07,backfill
006WR0000117Z01YAE,6205 N 89TH CIR OMAHA NE,Originator__c,(null),005WR000005Ln7hYAC,2026-07-08-backfill-originator.py,2026-07-08T15:51:07,backfill
006WR0000117cHEYAY,5127 LEAVENWORTH ST OMAHA NE,Originator__c,(null),005WR000005Ln7hYAC,2026-07-08-backfill-originator.py,2026-07-08T15:51:07,backfill
006WR0000117rOLYAY,5135 LEAVENWORTH ST OMAHA NE,Originator__c,(null),005WR000005Ln7hYAC,2026-07-08-backfill-originator.py,2026-07-08T15:51:07,backfill
006WR0000117xlTYAQ,1121 SOUTHEAST PKWY AZLE TX,Originator__c,(null),005WR000005Ln7hYAC,2026-07-08-backfill-originator.py,2026-07-08T15:51:07,backfill
006WR0000118BOcYAM,6113 N 89TH CIR OMAHA NE,Originator__c,(null),005WR000005Ln7hYAC,2026-07-08-backfill-originator.py,2026-07-08T15:51:07,backfill
006WR0000118JqoYAE,5119 LEAVENWORTH ST OMAHA NE,Originator__c,(null),005WR000005Ln7hYAC,2026-07-08-backfill-originator.py,2026-07-08T15:51:07,backfill
006WR0000118OH0YAM,6229 N 89TH CIR OMAHA NE,Originator__c,(null),005WR000005Ln7hYAC,2026-07-08-backfill-originator.py,2026-07-08T15:51:07,backfill
006WR0000118UXkYAM,5111 LEAVENWORTH ST OMAHA NE,Originator__c,(null),005WR000005Ln7hYAC,2026-07-08-backfill-originator.py,2026-07-08T15:51:07,backfill
006WR0000118WRTYA2,5103 LEAVENWORTH ST OMAHA NE,Originator__c,(null),005WR000005Ln7hYAC,2026-07-08-backfill-originator.py,2026-07-08T15:51:07,backfill
006WR0000118meHYAQ,6209 N 89TH CIR OMAHA NE,Originator__c,(null),005WR000005Ln7hYAC,2026-07-08-backfill-originator.py,2026-07-08T15:51:07,backfill
006WR0000118pAjYAI,6225 N 89TH CIR OMAHA NE,Originator__c,(null),005WR000005Ln7hYAC,2026-07-08-backfill-originator.py,2026-07-08T15:51:07,backfill
006WR0000118sesYAA,5115 LEAVENWORTH ST OMAHA NE,Originator__c,(null),005WR000005Ln7hYAC,2026-07-08-backfill-originator.py,2026-07-08T15:51:07,backfill
006WR0000118yCPYAY,5107 LEAVENWORTH ST OMAHA NE,Originator__c,(null),005WR000005Ln7hYAC,2026-07-08-backfill-originator.py,2026-07-08T15:51:07,backfill
006WR00001198OiYAI,1169 SOUTHEAST PKWY AZLE TX,Originator__c,(null),005WR000005Ln7hYAC,2026-07-08-backfill-originator.py,2026-07-08T15:51:07,backfill
006WR0000119NxBYAU,1151 SOUTHEAST PKWY AZLE TX,Originator__c,(null),005WR000005Ln7hYAC,2026-07-08-backfill-originator.py,2026-07-08T15:51:07,backfill
006WR0000119P7lYAE,1157 SOUTHEAST PKWY AZLE TX,Originator__c,(null),005WR000005Ln7hYAC,2026-07-08-backfill-originator.py,2026-07-08T15:51:07,backfill
006WR000011a3xbYAA,1404 Chico Hwy MHP,Originator__c,(null),005WR000003CD6DYAW,2026-07-08-backfill-originator.py,2026-07-08T15:51:07,backfill
006WR000011aP8ZYAU,Deerfield Clubhouse Apartments,Originator__c,(null),005WR00000CXEZyYAP,2026-07-08-backfill-originator.py,2026-07-08T15:51:07,backfill
006WR000011aevbYAA,Church Hill Apartments,Originator__c,(null),005WR000003CD6DYAW,2026-07-08-backfill-originator.py,2026-07-08T15:51:07,backfill
006WR000011anIzYAI,Alhambra Apartments,Originator__c,(null),005WR000003CD6DYAW,2026-07-08-backfill-originator.py,2026-07-08T15:51:07,backfill
006WR000011arrAYAQ,740 E 3rd Ave,Originator__c,(null),005WR000003CD6DYAW,2026-07-08-backfill-originator.py,2026-07-08T15:51:07,backfill
006WR000011awSdYAI,Lookout Ridge Apartments,Originator__c,(null),005WR00000CXIX7YAP,2026-07-08-backfill-originator.py,2026-07-08T15:51:07,backfill
006WR000011bOryYAE,Stone Plaza Apartments,Originator__c,(null),005WR000003CD6DYAW,2026-07-08-backfill-originator.py,2026-07-08T15:51:07,backfill
006WR000011bPfxYAE,Dundee Creek Apartments,Originator__c,(null),005WR000003CD6DYAW,2026-07-08-backfill-originator.py,2026-07-08T15:51:07,backfill
006WR000011bcuxYAA,Ville de Sante Apartments,Originator__c,(null),005WR000003CD6DYAW,2026-07-08-backfill-originator.py,2026-07-08T15:51:07,backfill
006WR000011bsupYAA,Benson Apartments,Originator__c,(null),005WR000003CD6DYAW,2026-07-08-backfill-originator.py,2026-07-08T15:51:07,backfill
006WR000011bxo2YAA,Sunset Arms,Originator__c,(null),005WR000003CD6DYAW,2026-07-08-backfill-originator.py,2026-07-08T15:51:07,backfill
006WR000011c5C6YAI,5120-5128 NW Radial Hwy,Originator__c,(null),005WR000003CD6DYAW,2026-07-08-backfill-originator.py,2026-07-08T15:51:07,backfill
006WR000011cBNzYAM,Seaside Commons,Originator__c,(null),005WR0000030RCzYAM,2026-07-08-backfill-originator.py,2026-07-08T15:51:07,backfill
006WR000011cGDyYAM,University Place Townhomes,Originator__c,(null),005WR000003CD6DYAW,2026-07-08-backfill-originator.py,2026-07-08T15:51:07,backfill
006WR000011cMfyYAE,Discovery Village at Alliance Town Center (Riverside),Originator__c,(null),005WR000003CD6DYAW,2026-07-08-backfill-originator.py,2026-07-08T15:51:07,backfill
006WR000011cNVaYAM,Autumn Heights,Originator__c,(null),005WR000003CD6DYAW,2026-07-08-backfill-originator.py,2026-07-08T15:51:07,backfill
006WR000011cWnNYAU,6302 Boyd Street,Originator__c,(null),005WR0000030R9lYAE,2026-07-08-backfill-originator.py,2026-07-08T15:51:07,backfill
006WR000011cWtpYAE,Heritage Apartments,Originator__c,(null),005WR000003CD6DYAW,2026-07-08-backfill-originator.py,2026-07-08T15:51:07,backfill
006WR000011cWvRYAU,Sandra Ann Apartments,Originator__c,(null),005WR000003CD6DYAW,2026-07-08-backfill-originator.py,2026-07-08T15:51:07,backfill
006WR000011caB3YAI,Contestoga Crossing,Originator__c,(null),005WR00000CXEZyYAP,2026-07-08-backfill-originator.py,2026-07-08T15:51:07,backfill
006WR000011fNxGYAU,1177 SOUTHEAST PKWY AZLE TX,Originator__c,(null),005WR000005Ln7hYAC,2026-07-08-backfill-originator.py,2026-07-08T15:51:07,backfill
006WR000011kit1YAA,ROE - 309 E AVENUE C KILLEEN TX,Originator__c,(null),005WR0000030RCzYAM,2026-07-08-backfill-originator.py,2026-07-08T15:51:07,backfill
006WR000011kit2YAA,ROE - 10900 FOUNDERS WAY FORT WORTH TX,Originator__c,(null),005WR0000030R9lYAE,2026-07-08-backfill-originator.py,2026-07-08T15:51:07,backfill
006WR000011kit3YAA,ROE - 1128 BLUE MOUND W RD FORT WORTH TX,Originator__c,(null),005WR0000030R9lYAE,2026-07-08-backfill-originator.py,2026-07-08T15:51:07,backfill
006WR000011kit4YAA,ROE - 1650 S FM 51  DECATUR TX,Originator__c,(null),005WR0000030RCzYAM,2026-07-08-backfill-originator.py,2026-07-08T15:51:07,backfill
006WR000011kit5YAA,ROE - 1925 GOLDEN HEIGHTS RD HASLET TX,Originator__c,(null),005WR0000030R9lYAE,2026-07-08-backfill-originator.py,2026-07-08T15:51:07,backfill
006WR000011kit6YAA,ROE - 200 COUNTY ROAD 306  JARRELL TX,Originator__c,(null),005WR0000030RCzYAM,2026-07-08-backfill-originator.py,2026-07-08T15:51:07,backfill
006WR000011kit7YAA,ROE - 200 N KIMBALL AVE SOUTHLAKE TX,Originator__c,(null),005WR0000030R9lYAE,2026-07-08-backfill-originator.py,2026-07-08T15:51:07,backfill
006WR000011kit8YAA,ROE - 2202 US HIGHWAY 380  BRIDGEPORT TX,Originator__c,(null),005WR0000030RCzYAM,2026-07-08-backfill-originator.py,2026-07-08T15:51:07,backfill
006WR000011kit9YAA,ROE - 2301 S FM 51  DECATUR TX,Originator__c,(null),005WR0000030RCzYAM,2026-07-08-backfill-originator.py,2026-07-08T15:51:07,backfill
006WR000011kitAYAQ,ROE - 2600 E SOUTHLAKE BLVD SOUTHLAKE TX,Originator__c,(null),005WR0000030R9lYAE,2026-07-08-backfill-originator.py,2026-07-08T15:51:07,backfill
006WR000011kitBYAQ,ROE - 2641 BLUE MOUND W RD HASLET TX,Originator__c,(null),005WR0000030R9lYAE,2026-07-08-backfill-originator.py,2026-07-08T15:51:07,backfill
006WR000011kitCYAQ,ROE - 128 GARRETT MORRIS PKWY MINERAL WELLS TX,Originator__c,(null),005WR0000030RCzYAM,2026-07-08-backfill-originator.py,2026-07-08T15:51:07,backfill
006WR000011kitDYAQ,ROE - 500 W SOUTHLAKE BLVD SOUTHLAKE TX,Originator__c,(null),005WR0000030R9lYAE,2026-07-08-backfill-originator.py,2026-07-08T15:51:07,backfill
006WR000011kitEYAQ,ROE - 5250 N TARRANT PKWY FORT WORTH TX,Originator__c,(null),005WR0000030R9lYAE,2026-07-08-backfill-originator.py,2026-07-08T15:51:07,backfill
006WR000011kitFYAQ,ROE - 600 INDIAN TRAIL DR HARKER HEIGHTS TX,Originator__c,(null),005WR0000030RCzYAM,2026-07-08-backfill-originator.py,2026-07-08T15:51:07,backfill
006WR000011kitGYAQ,ROE - 7355 N BEACH ST FORT WORTH TX,Originator__c,(null),005WR0000030R9lYAE,2026-07-08-backfill-originator.py,2026-07-08T15:51:07,backfill
006WR000011kitHYAQ,ROE - 808 SCHOOLHOUSE RD HASLET TX,Originator__c,(null),005WR0000030R9lYAE,2026-07-08-backfill-originator.py,2026-07-08T15:51:07,backfill
006WR000011kitIYAQ,ROE - 8436 DENTON HWY WATAUGA TX,Originator__c,(null),005WR0000030R9lYAE,2026-07-08-backfill-originator.py,2026-07-08T15:51:07,backfill
006WR000011kitJYAQ,ROE - 1538 E SOUTHLAKE BLVD SOUTHLAKE TX,Originator__c,(null),005WR0000030RCzYAM,2026-07-08-backfill-originator.py,2026-07-08T15:51:07,backfill
006WR000011kitKYAQ,ROE - 6430 RUFE SNOW DR N RICHLAND HILLS TX,Originator__c,(null),005WR0000030RCzYAM,2026-07-08-backfill-originator.py,2026-07-08T15:51:07,backfill
006WR000011kitLYAQ,ROE - 104 W RANCIER AVE KILLEEN TX,Originator__c,(null),005WR0000030RCzYAM,2026-07-08-backfill-originator.py,2026-07-08T15:51:07,backfill
006WR000011kitMYAQ,ROE - 318 AVIATOR DR FORT WORTH TX,Originator__c,(null),005WR0000030R9lYAE,2026-07-08-backfill-originator.py,2026-07-08T15:51:07,backfill
006WR000011kitNYAQ,ROE - 1206 W JASPER DR KILLEEN TX,Originator__c,(null),005WR0000030RCzYAM,2026-07-08-backfill-originator.py,2026-07-08T15:51:07,backfill
006WR000011kitOYAQ,ROE - 120 COUNTRY VIEW DR ROANOKE TX,Originator__c,(null),005WR0000030R9lYAE,2026-07-08-backfill-originator.py,2026-07-08T15:51:07,backfill
006WR000011kitPYAQ,ROE - 1212 N HIGHWAY 377  ROANOKE TX,Originator__c,(null),005WR0000030R9lYAE,2026-07-08-backfill-originator.py,2026-07-08T15:51:07,backfill
006WR000011kitQYAQ,ROE - 125 COUNTRY VIEW DR ROANOKE TX,Originator__c,(null),005WR0000030R9lYAE,2026-07-08-backfill-originator.py,2026-07-08T15:51:07,backfill
006WR000011kitRYAQ,ROE - 1401 CATES ST BRIDGEPORT TX,Originator__c,(null),005WR0000030RCzYAM,2026-07-08-backfill-originator.py,2026-07-08T15:51:07,backfill
006WR000011kitSYAQ,ROE - 1401 S HIGHWAY 287  DECATUR TX,Originator__c,(null),005WR0000030RCzYAM,2026-07-08-backfill-originator.py,2026-07-08T15:51:07,backfill
006WR000011kitTYAQ,ROE - 1540 KELLER PKWY KELLER TX,Originator__c,(null),005WR0000030R9lYAE,2026-07-08-backfill-originator.py,2026-07-08T15:51:07,backfill
006WR000011kitUYAQ,ROE - 1741 N HWY 377  ROANOKE TX,Originator__c,(null),005WR0000030R9lYAE,2026-07-08-backfill-originator.py,2026-07-08T15:51:07,backfill
006WR000011kitVYAQ,ROE - 181 GRAND AVE SOUTHLAKE TX,Originator__c,(null),005WR0000030R9lYAE,2026-07-08-backfill-originator.py,2026-07-08T15:51:07,backfill
006WR000011kitWYAQ,ROE - 2001 W SOUTHLAKE DR SOUTHLAKE TX,Originator__c,(null),005WR0000030R9lYAE,2026-07-08-backfill-originator.py,2026-07-08T15:51:07,backfill
006WR000011kitXYAQ,ROE - 2175 E SOUTHLAKE BLVD SOUTHLAKE TX,Originator__c,(null),005WR0000030R9lYAE,2026-07-08-backfill-originator.py,2026-07-08T15:51:07,backfill
006WR000011kitYYAQ,ROE - 2511 TRIMMIER RD KILLEEN TX,Originator__c,(null),005WR0000030RCzYAM,2026-07-08-backfill-originator.py,2026-07-08T15:51:07,backfill
006WR000011kitZYAQ,ROE - 4201 E RANCIER AVE KILLEEN TX,Originator__c,(null),005WR0000030RCzYAM,2026-07-08-backfill-originator.py,2026-07-08T15:51:07,backfill
006WR000011kitaYAA,ROE - 5040 N TARRANT PKWY FORT WORTH TX,Originator__c,(null),005WR0000030R9lYAE,2026-07-08-backfill-originator.py,2026-07-08T15:51:07,backfill
006WR000011kitbYAA,ROE - 5796 E HIGHWAY 114  HASLET TX,Originator__c,(null),005WR0000030R9lYAE,2026-07-08-backfill-originator.py,2026-07-08T15:51:07,backfill
006WR000011kitcYAA,ROE - 6242 RUFE SNOW DR N RICHLAND HILLS TX,Originator__c,(null),005WR0000030R9lYAE,2026-07-08-backfill-originator.py,2026-07-08T15:51:07,backfill
006WR000011kitdYAA,ROE - 6600 DENTON HWY WATAUGA TX,Originator__c,(null),005WR0000030R9lYAE,2026-07-08-backfill-originator.py,2026-07-08T15:51:07,backfill
006WR000011kiteYAA,ROE - 6700 DENTON FWY WATAUGA TX,Originator__c,(null),005WR0000030R9lYAE,2026-07-08-backfill-originator.py,2026-07-08T15:51:07,backfill
006WR000011kitfYAA,ROE - 700 N CARROLL AVE SOUTHLAKE TX,Originator__c,(null),005WR0000030R9lYAE,2026-07-08-backfill-originator.py,2026-07-08T15:51:07,backfill
006WR000011kitgYAA,ROE - 810 W RANCIER AVE KILLEEN TX,Originator__c,(null),005WR0000030RCzYAM,2026-07-08-backfill-originator.py,2026-07-08T15:51:07,backfill
006WR000011kithYAA,ROE - 8300 PRECINCT LINE RD COLLEYVILLE TX,Originator__c,(null),005WR0000030R9lYAE,2026-07-08-backfill-originator.py,2026-07-08T15:51:07,backfill
006WR000011kitiYAA,ROE - 8849 N TARRANT PKWY N RICHLAND HILLS TX,Originator__c,(null),005WR0000030R9lYAE,2026-07-08-backfill-originator.py,2026-07-08T15:51:07,backfill
006WR000011kitjYAA,ROE - 901 HALSELL ST BRIDGEPORT TX,Originator__c,(null),005WR0000030RCzYAM,2026-07-08-backfill-originator.py,2026-07-08T15:51:07,backfill
006WR000011kjHCYAY,ROE - 1930 S ALMA SCHOOL RD MESA AZ,Originator__c,(null),005WR0000030R1hYAE,2026-07-08-backfill-originator.py,2026-07-08T15:51:07,backfill
006WR000011kjHDYAY,ROE - 2045 S VINEYARD  MESA AZ,Originator__c,(null),005WR0000030R1hYAE,2026-07-08-backfill-originator.py,2026-07-08T15:51:07,backfill
006WR000011kjHEYAY,ROE - 1855 W BASELINE RD MESA AZ,Originator__c,(null),005WR0000030R1hYAE,2026-07-08-backfill-originator.py,2026-07-08T15:51:07,backfill
006WR000011kjHFYAY,ROE - 2222 S DOBSON RD MESA AZ,Originator__c,(null),005WR0000030R1hYAE,2026-07-08-backfill-originator.py,2026-07-08T15:51:07,backfill
006WR000011kjHGYAY,ROE - 1660 S ALMA SCHOOL RD MESA AZ,Originator__c,(null),005WR0000030R1hYAE,2026-07-08-backfill-originator.py,2026-07-08T15:51:07,backfill
006WR000011kjHHYAY,ROE - 941 S DOBSON RD MESA AZ,Originator__c,(null),005WR0000030R1hYAE,2026-07-08-backfill-originator.py,2026-07-08T15:51:07,backfill
006WR000011kjHIYAY,ROE - 1839 S ALMA SCHOOL RD MESA AZ,Originator__c,(null),005WR0000030R1hYAE,2026-07-08-backfill-originator.py,2026-07-08T15:51:07,backfill
006WR000011kjHJYAY,ROE - 2602 W BASELINE RD MESA AZ,Originator__c,(null),005WR0000030R1hYAE,2026-07-08-backfill-originator.py,2026-07-08T15:51:07,backfill
006WR000011kjHKYAY,ROE - 5026 E MAIN ST MESA AZ,Originator__c,(null),005WR0000030R1hYAE,2026-07-08-backfill-originator.py,2026-07-08T15:51:07,backfill
006WR000011kjHLYAY,ROE - 535 W IRON AVE MESA AZ,Originator__c,(null),005WR0000030R1hYAE,2026-07-08-backfill-originator.py,2026-07-08T15:51:07,backfill
006WR000011kjHMYAY,ROE - 1811 S ALMA SCHOOL RD MESA AZ,Originator__c,(null),005WR0000030R1hYAE,2026-07-08-backfill-originator.py,2026-07-08T15:51:07,backfill
006WR000011kjHNYAY,ROE - 3050 S COUNTRY CLUB DR MESA AZ,Originator__c,(null),005WR0000030R1hYAE,2026-07-08-backfill-originator.py,2026-07-08T15:51:07,backfill
006WR000011kjHOYAY,ROE - 1455 S STAPLEY DR MESA AZ,Originator__c,(null),005WR0000030R1hYAE,2026-07-08-backfill-originator.py,2026-07-08T15:51:07,backfill
006WR000011kjHPYAY,ROE - 4830 E MAIN ST MESA AZ,Originator__c,(null),005WR0000030R1hYAE,2026-07-08-backfill-originator.py,2026-07-08T15:51:07,backfill
006WR000011kjHQYAY,ROE - 737 W GUADALUPE RD MESA AZ,Originator__c,(null),005WR0000030R1hYAE,2026-07-08-backfill-originator.py,2026-07-08T15:51:07,backfill
006WR000011kjHRYAY,ROE - 2653 W GUADALUPE RD MESA AZ,Originator__c,(null),005WR0000030R1hYAE,2026-07-08-backfill-originator.py,2026-07-08T15:51:07,backfill
006WR000011kjHSYAY,ROE - 2815 S ALMA SCHOOL RD MESA AZ,Originator__c,(null),005WR0000030R1hYAE,2026-07-08-backfill-originator.py,2026-07-08T15:51:07,backfill
006WR000011kjHTYAY,ROE - 745 W BASELINE RD MESA AZ,Originator__c,(null),005WR0000030R1hYAE,2026-07-08-backfill-originator.py,2026-07-08T15:51:07,backfill
006WR000011kjHUYAY,ROE - 305 E MAIN ST MESA AZ,Originator__c,(null),005WR0000030R1hYAE,2026-07-08-backfill-originator.py,2026-07-08T15:51:07,backfill
006WR000011kjHVYAY,ROE - 1855 E SOUTHERN AVE MESA AZ,Originator__c,(null),005WR0000030R1hYAE,2026-07-08-backfill-originator.py,2026-07-08T15:51:07,backfill
006WR000011kjHWYAY,ROE - 1941 W GUADALUPE RD MESA AZ,Originator__c,(null),005WR0000030R1hYAE,2026-07-08-backfill-originator.py,2026-07-08T15:51:07,backfill
006WR000011kjHXYAY,ROE - 1837 W GUADALUPE RD MESA AZ,Originator__c,(null),005WR0000030R1hYAE,2026-07-08-backfill-originator.py,2026-07-08T15:51:07,backfill
006WR000011kjHYYAY,ROE - 1745 S ALMA SCHOOL RD MESA AZ,Originator__c,(null),005WR0000030R1hYAE,2026-07-08-backfill-originator.py,2026-07-08T15:51:07,backfill
006WR000011kjHZYAY,ROE - 1830 S ALMA SCHOOL RD MESA AZ,Originator__c,(null),005WR0000030R1hYAE,2026-07-08-backfill-originator.py,2026-07-08T15:51:07,backfill
006WR000011kjHaYAI,ROE - 535 E SOUTHERN AVE MESA AZ,Originator__c,(null),005WR0000030R1hYAE,2026-07-08-backfill-originator.py,2026-07-08T15:51:07,backfill
006WR000011kjHbYAI,ROE - 1012 S STAPLEY DR MESA AZ,Originator__c,(null),005WR0000030R1hYAE,2026-07-08-backfill-originator.py,2026-07-08T15:51:07,backfill
006WR000011kjHcYAI,ROE - 127 W JUANITA AVE MESA AZ,Originator__c,(null),005WR0000030R1hYAE,2026-07-08-backfill-originator.py,2026-07-08T15:51:07,backfill
006WR000011kjHdYAI,ROE - 2111 S ALMA SCHOOL RD MESA AZ,Originator__c,(null),005WR0000030R1hYAE,2026-07-08-backfill-originator.py,2026-07-08T15:51:07,backfill
006WR000011kjHeYAI,ROE - 2120 W GUADALUPE RD MESA AZ,Originator__c,(null),005WR0000030R1hYAE,2026-07-08-backfill-originator.py,2026-07-08T15:51:07,backfill
006WR000011kjHfYAI,ROE - 2058 S DOBSON RD MESA AZ,Originator__c,(null),005WR0000030R1hYAE,2026-07-08-backfill-originator.py,2026-07-08T15:51:07,backfill
006WR000011kjHgYAI,ROE - 2051 S DOBSON RD MESA AZ,Originator__c,(null),005WR0000030R1hYAE,2026-07-08-backfill-originator.py,2026-07-08T15:51:07,backfill
006WR000011kjHhYAI,ROE - 320 E 10TH DR MESA AZ,Originator__c,(null),005WR0000030R1hYAE,2026-07-08-backfill-originator.py,2026-07-08T15:51:07,backfill
006WR000011kjHiYAI,ROE - 4930 E MAIN ST MESA AZ,Originator__c,(null),005WR0000030R1hYAE,2026-07-08-backfill-originator.py,2026-07-08T15:51:07,backfill
006WR000011kjHjYAI,ROE - 1845 S DOBSON RD MESA AZ,Originator__c,(null),005WR0000030R1hYAE,2026-07-08-backfill-originator.py,2026-07-08T15:51:07,backfill
006WR000011kjHkYAI,ROE - 2050 W GUADALUPE RD MESA AZ,Originator__c,(null),005WR0000030R1hYAE,2026-07-08-backfill-originator.py,2026-07-08T15:51:07,backfill
006WR000011kjHlYAI,ROE - 2345 S ALMA SCHOOL RD MESA AZ,Originator__c,(null),005WR0000030R1hYAE,2026-07-08-backfill-originator.py,2026-07-08T15:51:07,backfill
006WR000011kjHmYAI,ROE - 2740 S ALMA SCHOOL RD MESA AZ,Originator__c,(null),005WR0000030R1hYAE,2026-07-08-backfill-originator.py,2026-07-08T15:51:07,backfill
006WR000011kjHnYAI,ROE - 835 E SOUTHERN AVE MESA AZ,Originator__c,(null),005WR0000030R1hYAE,2026-07-08-backfill-originator.py,2026-07-08T15:51:07,backfill
006WR000011kjHoYAI,ROE - 1731 W BASELINE RD MESA AZ,Originator__c,(null),005WR0000030R1hYAE,2026-07-08-backfill-originator.py,2026-07-08T15:51:07,backfill
006WR000011kjHpYAI,ROE - 1916 W BASELINE RD MESA AZ,Originator__c,(null),005WR0000030R1hYAE,2026-07-08-backfill-originator.py,2026-07-08T15:51:07,backfill
006WR000011kjHqYAI,ROE - 4355 E UNIVERSITY DR MESA AZ,Originator__c,(null),005WR0000030R1hYAE,2026-07-08-backfill-originator.py,2026-07-08T15:51:07,backfill
006WR000011kjHrYAI,ROE - 145 W JUANITA AVE MESA AZ,Originator__c,(null),005WR0000030R1hYAE,2026-07-08-backfill-originator.py,2026-07-08T15:51:07,backfill
006WR000011kjHsYAI,ROE - 1840 W SOUTHERN AVE MESA AZ,Originator__c,(null),005WR0000030R1hYAE,2026-07-08-backfill-originator.py,2026-07-08T15:51:07,backfill
006WR000011kjHtYAI,ROE - 1955 W BASELINE RD MESA AZ,Originator__c,(null),005WR0000030R1hYAE,2026-07-08-backfill-originator.py,2026-07-08T15:51:07,backfill
006WR000011kjHuYAI,ROE - 303 E SOUTHERN AVE MESA AZ,Originator__c,(null),005WR0000030R1hYAE,2026-07-08-backfill-originator.py,2026-07-08T15:51:07,backfill
006WR000011kjHvYAI,ROE - 3820 E MAIN ST MESA AZ,Originator__c,(null),005WR0000030R1hYAE,2026-07-08-backfill-originator.py,2026-07-08T15:51:07,backfill
006WR000011kjHwYAI,ROE - 1240 W SOUTHERN AVE MESA AZ,Originator__c,(null),005WR0000030R1hYAE,2026-07-08-backfill-originator.py,2026-07-08T15:51:07,backfill
006WR000011kjHxYAI,ROE - 1245 E SOUTHERN AVE MESA AZ,Originator__c,(null),005WR0000030R1hYAE,2026-07-08-backfill-originator.py,2026-07-08T15:51:07,backfill
006WR000011kjHyYAI,ROE - 1855 S COUNTRY CLUB DR MESA AZ,Originator__c,(null),005WR0000030R1hYAE,2026-07-08-backfill-originator.py,2026-07-08T15:51:07,backfill
006WR000011kjHzYAI,ROE - 2023 W GUADALUPE RD MESA AZ,Originator__c,(null),005WR0000030R1hYAE,2026-07-08-backfill-originator.py,2026-07-08T15:51:07,backfill
006WR000011kjI0YAI,ROE - 3660 E UNIVERSITY DR MESA AZ,Originator__c,(null),005WR0000030R1hYAE,2026-07-08-backfill-originator.py,2026-07-08T15:51:07,backfill
006WR000011kjI1YAI,ROE - 645 S COUNTRY CLUB DR MESA AZ,Originator__c,(null),005WR0000030R1hYAE,2026-07-08-backfill-originator.py,2026-07-08T15:51:07,backfill
006WR000011kjI2YAI,ROE - 1818 E SOUTHERN AVE MESA AZ,Originator__c,(null),005WR0000030R1hYAE,2026-07-08-backfill-originator.py,2026-07-08T15:51:07,backfill
006WR000011kjI3YAI,ROE - 1819 S DOBSON RD MESA AZ,Originator__c,(null),005WR0000030R1hYAE,2026-07-08-backfill-originator.py,2026-07-08T15:51:07,backfill
006WR000011kjI4YAI,ROE - 1924 S MACDONALD  MESA AZ,Originator__c,(null),005WR0000030R1hYAE,2026-07-08-backfill-originator.py,2026-07-08T15:51:07,backfill
006WR000011kjI5YAI,ROE - 1121 S WILBUR  MESA AZ,Originator__c,(null),005WR0000030R1hYAE,2026-07-08-backfill-originator.py,2026-07-08T15:51:07,backfill
006WR000011kjI6YAI,ROE - 1832 S MACDONALD  MESA AZ,Originator__c,(null),005WR0000030R1hYAE,2026-07-08-backfill-originator.py,2026-07-08T15:51:07,backfill
006WR000011kjI7YAI,ROE - 1940 S COUNTRY CLUB DR MESA AZ,Originator__c,(null),005WR0000030R1hYAE,2026-07-08-backfill-originator.py,2026-07-08T15:51:07,backfill
006WR000011kjI8YAI,ROE - 1950 S COUNTRY CLUB DR MESA AZ,Originator__c,(null),005WR0000030R1hYAE,2026-07-08-backfill-originator.py,2026-07-08T15:51:07,backfill
006WR000011kjI9YAI,ROE - 4446 E UNIVERSITY DR MESA AZ,Originator__c,(null),005WR0000030R1hYAE,2026-07-08-backfill-originator.py,2026-07-08T15:51:07,backfill
006WR000011kjIAYAY,ROE - 63 N GREENFIELD RD MESA AZ,Originator__c,(null),005WR0000030R1hYAE,2026-07-08-backfill-originator.py,2026-07-08T15:51:07,backfill
006WR000011kjIBYAY,ROE - 1118 S ORACLE  MESA AZ,Originator__c,(null),005WR0000030R1hYAE,2026-07-08-backfill-originator.py,2026-07-08T15:51:07,backfill
006WR000011kjICYAY,ROE - 1136 E HARMONY AVE MESA AZ,Originator__c,(null),005WR0000030R1hYAE,2026-07-08-backfill-originator.py,2026-07-08T15:51:07,backfill
006WR000011kjIDYAY,ROE - 1310 E SOUTHERN AVE MESA AZ,Originator__c,(null),005WR0000030R1hYAE,2026-07-08-backfill-originator.py,2026-07-08T15:51:07,backfill
006WR000011kjIEYAY,ROE - 1819 E SOUTHERN AVE MESA AZ,Originator__c,(null),005WR0000030R1hYAE,2026-07-08-backfill-originator.py,2026-07-08T15:51:07,backfill
006WR000011kjIFYAY,ROE - 2220 S COUNTRY CLUB DR MESA AZ,Originator__c,(null),005WR0000030R1hYAE,2026-07-08-backfill-originator.py,2026-07-08T15:51:07,backfill
006WR000011kjIGYAY,ROE - 255 E SOUTHERN AVE MESA AZ,Originator__c,(null),005WR0000030R1hYAE,2026-07-08-backfill-originator.py,2026-07-08T15:51:07,backfill
006WR000011kjIHYAY,ROE - 420 E SOUTHERN AVE MESA AZ,Originator__c,(null),005WR0000030R1hYAE,2026-07-08-backfill-originator.py,2026-07-08T15:51:07,backfill
006WR000011kjIIYAY,ROE - 101 E 1ST AVE MESA AZ,Originator__c,(null),005WR0000030R1hYAE,2026-07-08-backfill-originator.py,2026-07-08T15:51:07,backfill
006WR000011kjIJYAY,ROE - 1134 S STAPLEY DR MESA AZ,Originator__c,(null),005WR0000030R1hYAE,2026-07-08-backfill-originator.py,2026-07-08T15:51:07,backfill
006WR000011kjIKYAY,ROE - 1859 W GUADALUPE RD MESA AZ,Originator__c,(null),005WR0000030R1hYAE,2026-07-08-backfill-originator.py,2026-07-08T15:51:07,backfill
006WR000011kjILYAY,ROE - 2121 W GUADALUPE RD MESA AZ,Originator__c,(null),005WR0000030R1hYAE,2026-07-08-backfill-originator.py,2026-07-08T15:51:07,backfill
006WR000011kjIMYAY,ROE - 330 E SOUTHERN AVE MESA AZ,Originator__c,(null),005WR0000030R1hYAE,2026-07-08-backfill-originator.py,2026-07-08T15:51:07,backfill
006WR000011kjINYAY,ROE - 4406 E MAIN ST MESA AZ,Originator__c,(null),005WR0000030R1hYAE,2026-07-08-backfill-originator.py,2026-07-08T15:51:07,backfill
006WR000011kjIOYAY,ROE - 935 E MAIN ST MESA AZ,Originator__c,(null),005WR0000030R1hYAE,2026-07-08-backfill-originator.py,2026-07-08T15:51:07,backfill
006WR000011kjIPYAY,ROE - 2667 W BASELINE RD MESA AZ,Originator__c,(null),005WR0000030R1hYAE,2026-07-08-backfill-originator.py,2026-07-08T15:51:07,backfill
006WR000011kjIQYAY,ROE - 1060 E SOUTHERN AVE MESA AZ,Originator__c,(null),005WR0000030R1hYAE,2026-07-08-backfill-originator.py,2026-07-08T15:51:07,backfill
006WR000011kjIRYAY,ROE - 1116 S STAPLEY DR MESA AZ,Originator__c,(null),005WR0000030R1hYAE,2026-07-08-backfill-originator.py,2026-07-08T15:51:07,backfill
006WR000011kjISYAY,ROE - 347 E SOUTHERN AVE MESA AZ,Originator__c,(null),005WR0000030R1hYAE,2026-07-08-backfill-originator.py,2026-07-08T15:51:07,backfill
006WR000011kjITYAY,ROE - 3918 E MAIN ST MESA AZ,Originator__c,(null),005WR0000030R1hYAE,2026-07-08-backfill-originator.py,2026-07-08T15:51:07,backfill
006WR000011kjIUYAY,ROE - 415 N VAL VISTA DR MESA AZ,Originator__c,(null),005WR0000030R1hYAE,2026-07-08-backfill-originator.py,2026-07-08T15:51:07,backfill
006WR000011kjIVYAY,ROE - 4410 E UNIVERSITY DR MESA AZ,Originator__c,(null),005WR0000030R1hYAE,2026-07-08-backfill-originator.py,2026-07-08T15:51:07,backfill
006WR000011kjIWYAY,ROE - 535 W BASELINE RD MESA AZ,Originator__c,(null),005WR0000030R1hYAE,2026-07-08-backfill-originator.py,2026-07-08T15:51:07,backfill
006WR000011kjIXYAY,ROE - 555 W IRON AVE MESA AZ,Originator__c,(null),005WR0000030R1hYAE,2026-07-08-backfill-originator.py,2026-07-08T15:51:07,backfill
006WR000011kjIYYAY,ROE - 10000 CALIFORNIA ST OMAHA NE,Originator__c,(null),005WR0000030R9lYAE,2026-07-08-backfill-originator.py,2026-07-08T15:51:07,backfill
006WR000011kjIZYAY,ROE - 7220 AMES CIR OMAHA NE,Originator__c,(null),005WR0000030R9lYAE,2026-07-08-backfill-originator.py,2026-07-08T15:51:07,backfill
006WR000011kjIaYAI,ROE - 6910 PACIFIC ST OMAHA NE,Originator__c,(null),005WR0000030R9lYAE,2026-07-08-backfill-originator.py,2026-07-08T15:51:07,backfill
006WR000011kjIbYAI,ROE - 7101 NEWPORT AVE OMAHA NE,Originator__c,(null),005WR0000030R9lYAE,2026-07-08-backfill-originator.py,2026-07-08T15:51:07,backfill
006WR000011kjIcYAI,ROE - 7602 PACIFIC ST OMAHA NE,Originator__c,(null),005WR0000030R9lYAE,2026-07-08-backfill-originator.py,2026-07-08T15:51:07,backfill
006WR000011kjIdYAI,ROE - 900 S 74TH PLZ OMAHA NE,Originator__c,(null),005WR0000030R9lYAE,2026-07-08-backfill-originator.py,2026-07-08T15:51:07,backfill
006WR000011kjIeYAI,ROE - 7410 N 30TH ST OMAHA NE,Originator__c,(null),005WR0000030R9lYAE,2026-07-08-backfill-originator.py,2026-07-08T15:51:07,backfill
006WR000011kjIfYAI,ROE - 6901 DODGE ST OMAHA NE,Originator__c,(null),005WR0000030R9lYAE,2026-07-08-backfill-originator.py,2026-07-08T15:51:07,backfill
006WR000011kjIgYAI,ROE - 8909 BEDFORD CIR OMAHA NE,Originator__c,(null),005WR0000030R9lYAE,2026-07-08-backfill-originator.py,2026-07-08T15:51:07,backfill
006WR000011kjIhYAI,ROE - 9202 W DODGE RD OMAHA NE,Originator__c,(null),005WR0000030R9lYAE,2026-07-08-backfill-originator.py,2026-07-08T15:51:07,backfill
006WR000011kjIiYAI,ROE - 9300 UNDERWOOD AVE OMAHA NE,Originator__c,(null),005WR0000030R9lYAE,2026-07-08-backfill-originator.py,2026-07-08T15:51:07,backfill
006WR000011kjIjYAI,ROE - 9802 NICHOLAS ST OMAHA NE,Originator__c,(null),005WR0000030R9lYAE,2026-07-08-backfill-originator.py,2026-07-08T15:51:07,backfill
006WR000011kjIkYAI,ROE - 8111 DODGE ST OMAHA NE,Originator__c,(null),005WR0000030R9lYAE,2026-07-08-backfill-originator.py,2026-07-08T15:51:07,backfill
006WR000011kjIlYAI,ROE - 3313 N 88TH PLZ OMAHA NE,Originator__c,(null),005WR0000030R9lYAE,2026-07-08-backfill-originator.py,2026-07-08T15:51:07,backfill
006WR000011kjImYAI,ROE - 6916 N 97TH CIR OMAHA NE,Originator__c,(null),005WR0000030R9lYAE,2026-07-08-backfill-originator.py,2026-07-08T15:51:07,backfill
006WR000011kjInYAI,ROE - 8420 W DODGE RD OMAHA NE,Originator__c,(null),005WR0000030R9lYAE,2026-07-08-backfill-originator.py,2026-07-08T15:51:07,backfill
006WR000011kjIoYAI,ROE - 1110 S 71ST ST OMAHA NE,Originator__c,(null),005WR0000030R9lYAE,2026-07-08-backfill-originator.py,2026-07-08T15:51:07,backfill
006WR000011kjIpYAI,ROE - 5139 LEAVENWORTH ST OMAHA NE,Originator__c,(null),005WR0000030R9lYAE,2026-07-08-backfill-originator.py,2026-07-08T15:51:07,backfill
006WR000011kjIqYAI,ROE - 9900 NICHOLAS ST OMAHA NE,Originator__c,(null),005WR0000030R9lYAE,2026-07-08-backfill-originator.py,2026-07-08T15:51:07,backfill
006WR000011kjIrYAI,ROE - 6237 N 89TH CIR OMAHA NE,Originator__c,(null),005WR0000030R9lYAE,2026-07-08-backfill-originator.py,2026-07-08T15:51:07,backfill
006WR000011kjIsYAI,ROE - 7928 W DODGE RD OMAHA NE,Originator__c,(null),005WR0000030R9lYAE,2026-07-08-backfill-originator.py,2026-07-08T15:51:07,backfill
006WR000011kjItYAI,ROE - 10110 NICHOLAS ST OMAHA NE,Originator__c,(null),005WR0000030R9lYAE,2026-07-08-backfill-originator.py,2026-07-08T15:51:07,backfill
006WR000011kjIuYAI,ROE - 6304 N 73RD PLZ OMAHA NE,Originator__c,(null),005WR0000030R9lYAE,2026-07-08-backfill-originator.py,2026-07-08T15:51:07,backfill
006WR000011kjIvYAI,ROE - 7010 N 97TH CIR OMAHA NE,Originator__c,(null),005WR0000030R9lYAE,2026-07-08-backfill-originator.py,2026-07-08T15:51:07,backfill
006WR000011kjIwYAI,ROE - 9375 BURT ST OMAHA NE,Originator__c,(null),005WR0000030R9lYAE,2026-07-08-backfill-originator.py,2026-07-08T15:51:07,backfill
006WR000011kjIxYAI,ROE - 7813 WAKELEY PLZ OMAHA NE,Originator__c,(null),005WR0000030R9lYAE,2026-07-08-backfill-originator.py,2026-07-08T15:51:07,backfill
006WR000011kjIyYAI,ROE - 2100 S WS YOUNG DR KILLEEN TX,Originator__c,(null),005WR0000030RCzYAM,2026-07-08-backfill-originator.py,2026-07-08T15:51:07,backfill
006WR000011kjIzYAI,ROE - 4451 DALE EARNHARDT WAY ROANOKE TX,Originator__c,(null),005WR0000030R9lYAE,2026-07-08-backfill-originator.py,2026-07-08T15:51:07,backfill
006WR000011kjJ0YAI,ROE - 201 E CENTRAL TEXAS EXPY HARKER HEIGHTS TX,Originator__c,(null),005WR0000030RCzYAM,2026-07-08-backfill-originator.py,2026-07-08T15:51:07,backfill
006WR000011kjJ1YAI,ROE - 10011 HARMON RD FORT WORTH TX,Originator__c,(null),005WR0000030R9lYAE,2026-07-08-backfill-originator.py,2026-07-08T15:51:07,backfill
006WR000011kjJ2YAI,ROE - 1953 GOLDEN HEIGHTS RD HASLET TX,Originator__c,(null),005WR0000030R9lYAE,2026-07-08-backfill-originator.py,2026-07-08T15:51:07,backfill
006WR000011kjJ3YAI,ROE - 1150 BLUE MOUND W RD FORT WORTH TX,Originator__c,(null),005WR0000030R9lYAE,2026-07-08-backfill-originator.py,2026-07-08T15:51:07,backfill
006WR000011kjJ4YAI,ROE - 850 BLUE MOUND W RD FORT WORTH TX,Originator__c,(null),005WR0000030R9lYAE,2026-07-08-backfill-originator.py,2026-07-08T15:51:07,backfill
006WR000011kjJ5YAI,ROE - 1013 W UNIVERSITY AVE GEORGETOWN TX,Originator__c,(null),005WR0000030RCzYAM,2026-07-08-backfill-originator.py,2026-07-08T15:51:07,backfill
006WR000011kjJ6YAI,ROE - 1711 E CENTRAL TEXAS EXPY KILLEEN TX,Originator__c,(null),005WR0000030RCzYAM,2026-07-08-backfill-originator.py,2026-07-08T15:51:07,backfill
006WR000011kjJ7YAI,ROE - 900 N AUSTIN AVE GEORGETOWN TX,Originator__c,(null),005WR0000030RCzYAM,2026-07-08-backfill-originator.py,2026-07-08T15:51:07,backfill
006WR000011kjJ8YAI,ROE - 10027 HARMON RD FORT WORTH TX,Originator__c,(null),005WR0000030R9lYAE,2026-07-08-backfill-originator.py,2026-07-08T15:51:07,backfill
006WR000011kjJ9YAI,ROE - 1929 GOLDEN HEIGHTS RD FORT WORTH TX,Originator__c,(null),005WR0000030R9lYAE,2026-07-08-backfill-originator.py,2026-07-08T15:51:07,backfill
006WR000011kjJAYAY,ROE - 410 W 7TH ST TAYLOR TX,Originator__c,(null),005WR0000030RCzYAM,2026-07-08-backfill-originator.py,2026-07-08T15:51:07,backfill
006WR000011kjJBYAY,ROE - 1019 W UNIVERSITY AVE GEORGETOWN TX,Originator__c,(null),005WR0000030RCzYAM,2026-07-08-backfill-originator.py,2026-07-08T15:51:07,backfill
006WR000011kjJCYAY,ROE - 1120 BLUE MOUND W RD FORT WORTH TX,Originator__c,(null),005WR0000030R9lYAE,2026-07-08-backfill-originator.py,2026-07-08T15:51:07,backfill
006WR000011kjJDYAY,ROE - 3600 E UNIVERSITY AVE GEORGETOWN TX,Originator__c,(null),005WR0000030RCzYAM,2026-07-08-backfill-originator.py,2026-07-08T15:51:07,backfill
006WR000011kjJEYAY,ROE - 1816 S FM 51  DECATUR TX,Originator__c,(null),005WR0000030RCzYAM,2026-07-08-backfill-originator.py,2026-07-08T15:51:07,backfill
006WR000011kjJFYAY,ROE - 15520 HIGHWAY 114  JUSTIN TX,Originator__c,(null),005WR0000030R9lYAE,2026-07-08-backfill-originator.py,2026-07-08T15:51:07,backfill
006WR000011kjJGYAY,ROE - 100 W SOUTHLAKE BLVD SOUTHLAKE TX,Originator__c,(null),005WR0000030R9lYAE,2026-07-08-backfill-originator.py,2026-07-08T15:51:07,backfill
006WR000011kjJHYAY,ROE - 15520 HWY 114  JUSTIN TX,Originator__c,(null),005WR0000030R9lYAE,2026-07-08-backfill-originator.py,2026-07-08T15:51:07,backfill
006WR000011kjJIYAY,ROE - 1919 GOLDEN HEIGHTS RD HASLET TX,Originator__c,(null),005WR0000030R9lYAE,2026-07-08-backfill-originator.py,2026-07-08T15:51:07,backfill
006WR000011kjJJYAY,ROE - 501 W ELMS RD KILLEEN TX,Originator__c,(null),005WR0000030RCzYAM,2026-07-08-backfill-originator.py,2026-07-08T15:51:07,backfill
006WR000011kjJKYAY,ROE - 1015 W UNIVERSITY AVE GEORGETOWN TX,Originator__c,(null),005WR0000030RCzYAM,2026-07-08-backfill-originator.py,2026-07-08T15:51:07,backfill
006WR000011kjJLYAY,ROE - 1207 S WHITE CHAPEL BLVD SOUTHLAKE TX,Originator__c,(null),005WR0000030R9lYAE,2026-07-08-backfill-originator.py,2026-07-08T15:51:07,backfill
006WR000011kjJMYAY,ROE - 1911 N AUSTIN AVE GEORGETOWN TX,Originator__c,(null),005WR0000030RCzYAM,2026-07-08-backfill-originator.py,2026-07-08T15:51:07,backfill
006WR000011kjJNYAY,ROE - 301 E AVENUE D KILLEEN TX,Originator__c,(null),005WR0000030RCzYAM,2026-07-08-backfill-originator.py,2026-07-08T15:51:07,backfill
006WR000011kjJOYAY,ROE - 107 HALMAR CV GEORGETOWN TX,Originator__c,(null),005WR0000030RCzYAM,2026-07-08-backfill-originator.py,2026-07-08T15:51:07,backfill
006WR000011kjJPYAY,ROE - 1500 CORPORATE CIR SOUTHLAKE TX,Originator__c,(null),005WR0000030R9lYAE,2026-07-08-backfill-originator.py,2026-07-08T15:51:07,backfill
006WR000011kjJQYAY,ROE - 211 E SOUTHLAKE BLVD SOUTHLAKE TX,Originator__c,(null),005WR0000030R9lYAE,2026-07-08-backfill-originator.py,2026-07-08T15:51:07,backfill
006WR000011kjJRYAY,ROE - 880 BLUE MOUND W RD FORT WORTH TX,Originator__c,(null),005WR0000030R9lYAE,2026-07-08-backfill-originator.py,2026-07-08T15:51:07,backfill
006WR000011kjJSYAY,ROE - 2904 TRIMMIER RD KILLEEN TX,Originator__c,(null),005WR0000030RCzYAM,2026-07-08-backfill-originator.py,2026-07-08T15:51:07,backfill
006WR000011kjJTYAY,ROE - 302 MILLERS XING HARKER HEIGHTS TX,Originator__c,(null),005WR0000030RCzYAM,2026-07-08-backfill-originator.py,2026-07-08T15:51:07,backfill
006WR000011kjJUYAY,ROE - 5601 BASSWOOD BLVD FORT WORTH TX,Originator__c,(null),005WR0000030R9lYAE,2026-07-08-backfill-originator.py,2026-07-08T15:51:07,backfill
006WR000011kjJVYAY,ROE - 5751 KROGER DR FORT WORTH TX,Originator__c,(null),005WR0000030R9lYAE,2026-07-08-backfill-originator.py,2026-07-08T15:51:07,backfill
006WR000011kjJWYAY,ROE - 2829 HERITAGE TRACE DR FORT WORTH TX,Originator__c,(null),005WR0000030R9lYAE,2026-07-08-backfill-originator.py,2026-07-08T15:51:07,backfill
006WR000011kjJXYAY,ROE - 105 HALMAR CV GEORGETOWN TX,Originator__c,(null),005WR0000030RCzYAM,2026-07-08-backfill-originator.py,2026-07-08T15:51:07,backfill
006WR000011kjJYYAY,ROE - 108 E FM 2410 RD HARKER HEIGHTS TX,Originator__c,(null),005WR0000030RCzYAM,2026-07-08-backfill-originator.py,2026-07-08T15:51:07,backfill
006WR000011kjJZYAY,ROE - 2801 E US HIGHWAY 180  MINERAL WELLS TX,Originator__c,(null),005WR0000030RCzYAM,2026-07-08-backfill-originator.py,2026-07-08T15:51:07,backfill
006WR000011kjJaYAI,ROE - 2801 HIGHWAY 180 E MINERAL WELLS TX,Originator__c,(null),005WR0000030RCzYAM,2026-07-08-backfill-originator.py,2026-07-08T15:51:07,backfill
006WR000011kjJbYAI,ROE - 7420 N BEACH ST FORT WORTH TX,Originator__c,(null),005WR0000030R9lYAE,2026-07-08-backfill-originator.py,2026-07-08T15:51:07,backfill
006WR000011kjJcYAI,ROE - 8645 N BEACH ST FORT WORTH TX,Originator__c,(null),005WR0000030R9lYAE,2026-07-08-backfill-originator.py,2026-07-08T15:51:07,backfill
006WR000011kjJdYAI,ROE - 1000 MEDICAL DR KILLEEN TX,Originator__c,(null),005WR0000030RCzYAM,2026-07-08-backfill-originator.py,2026-07-08T15:51:07,backfill
006WR000011kjJeYAI,ROE - 1130 BLUE MOUND W RD FORT WORTH TX,Originator__c,(null),005WR0000030R9lYAE,2026-07-08-backfill-originator.py,2026-07-08T15:51:07,backfill
006WR000011kjJfYAI,ROE - 1208 S FM 51  DECATUR TX,Originator__c,(null),005WR0000030RCzYAM,2026-07-08-backfill-originator.py,2026-07-08T15:51:07,backfill
006WR000011kjJgYAI,ROE - 17515 MATANY RD JUSTIN TX,Originator__c,(null),005WR0000030R9lYAE,2026-07-08-backfill-originator.py,2026-07-08T15:51:07,backfill
006WR000011kjJhYAI,ROE - 1943 GOLDEN HEIGHTS RD FORT WORTH TX,Originator__c,(null),005WR0000030R9lYAE,2026-07-08-backfill-originator.py,2026-07-08T15:51:07,backfill
006WR000011kjJiYAI,ROE - 2140 E SOUTHLAKE BLVD SOUTHLAKE TX,Originator__c,(null),005WR0000030R9lYAE,2026-07-08-backfill-originator.py,2026-07-08T15:51:07,backfill
006WR000011kjJjYAI,ROE - 515 W SOUTHLAKE BLVD SOUTHLAKE TX,Originator__c,(null),005WR0000030R9lYAE,2026-07-08-backfill-originator.py,2026-07-08T15:51:07,backfill
006WR000011kjJkYAI,ROE - 1179 SOUTHEAST PKWY AZLE TX,Originator__c,(null),005WR0000030RCzYAM,2026-07-08-backfill-originator.py,2026-07-08T15:51:07,backfill
006WR000011kjJlYAI,ROE - 1103 KELLER PKWY KELLER TX,Originator__c,(null),005WR0000030R9lYAE,2026-07-08-backfill-originator.py,2026-07-08T15:51:07,backfill
006WR000011kjJmYAI,ROE - 1161 E SOUTHLAKE BLVD SOUTHLAKE TX,Originator__c,(null),005WR0000030R9lYAE,2026-07-08-backfill-originator.py,2026-07-08T15:51:07,backfill
006WR000011kjJnYAI,ROE - 180 TOWN CENTER BLVD JARRELL TX,Originator__c,(null),005WR0000030RCzYAM,2026-07-08-backfill-originator.py,2026-07-08T15:51:07,backfill
006WR000011kjJoYAI,ROE - 1927 GOLDEN HEIGHTS RD FORT WORTH TX,Originator__c,(null),005WR0000030R9lYAE,2026-07-08-backfill-originator.py,2026-07-08T15:51:07,backfill
006WR000011kjJpYAI,ROE - 2163 GOLDEN HEIGHTS RD HASLET TX,Originator__c,(null),005WR0000030R9lYAE,2026-07-08-backfill-originator.py,2026-07-08T15:51:07,backfill
006WR000011kjJqYAI,ROE - 2617 BLUE MOUND W LN HASLET TX,Originator__c,(null),005WR0000030R9lYAE,2026-07-08-backfill-originator.py,2026-07-08T15:51:07,backfill
006WR000011kjJrYAI,ROE - 4003 W STAN SCHLUETER LOOP KILLEEN TX,Originator__c,(null),005WR0000030RCzYAM,2026-07-08-backfill-originator.py,2026-07-08T15:51:07,backfill
006WR000011kjJsYAI,ROE - 500 N HIGHWAY 377  ROANOKE TX,Originator__c,(null),005WR0000030R9lYAE,2026-07-08-backfill-originator.py,2026-07-08T15:51:07,backfill
006WR000011kjJtYAI,ROE - 6245 RUFE SNOW DR WATAUGA TX,Originator__c,(null),005WR0000030R9lYAE,2026-07-08-backfill-originator.py,2026-07-08T15:51:07,backfill
006WR000011kjJuYAI,ROE - 630 E SOUTHLAKE BLVD SOUTHLAKE TX,Originator__c,(null),005WR0000030R9lYAE,2026-07-08-backfill-originator.py,2026-07-08T15:51:07,backfill
006WR000011kjJvYAI,ROE - 710 W RANCIER AVE KILLEEN TX,Originator__c,(null),005WR0000030RCzYAM,2026-07-08-backfill-originator.py,2026-07-08T15:51:07,backfill
006WR000011kjJwYAI,ROE - 716 INDIAN TRAIL DR HARKER HEIGHTS TX,Originator__c,(null),005WR0000030RCzYAM,2026-07-08-backfill-originator.py,2026-07-08T15:51:07,backfill
006WR000011kjJxYAI,ROE - 750 S MAIN ST KELLER TX,Originator__c,(null),005WR0000030R9lYAE,2026-07-08-backfill-originator.py,2026-07-08T15:51:07,backfill
006WR000011kjJyYAI,ROE - 8245 PRECINCT LINE RD NORTH RICHLAND HILLS TX,Originator__c,(null),005WR0000030R9lYAE,2026-07-08-backfill-originator.py,2026-07-08T15:51:07,backfill
006WR000011kjJzYAI,ROE - 900 N BLUE MOUND RD SAGINAW TX,Originator__c,(null),005WR0000030R9lYAE,2026-07-08-backfill-originator.py,2026-07-08T15:51:07,backfill
006WR000011kjK0YAI,ROE - 242 STATE ST SOUTHLAKE TX,Originator__c,(null),005WR0000030RCzYAM,2026-07-08-backfill-originator.py,2026-07-08T15:51:07,backfill
006WR000011kjK1YAI,ROE - 1010 W JASPER DR KILLEEN TX,Originator__c,(null),005WR0000030RCzYAM,2026-07-08-backfill-originator.py,2026-07-08T15:51:07,backfill
006WR000011kjK2YAI,ROE - 1200 LOWES BLVD KILLEEN TX,Originator__c,(null),005WR0000030RCzYAM,2026-07-08-backfill-originator.py,2026-07-08T15:51:07,backfill
006WR000011kjK3YAI,ROE - 1937 GOLDEN HEIGHTS RD FORT WORTH TX,Originator__c,(null),005WR0000030R9lYAE,2026-07-08-backfill-originator.py,2026-07-08T15:51:07,backfill
006WR000011kjK4YAI,ROE - 2006 N WS YOUNG DR KILLEEN TX,Originator__c,(null),005WR0000030RCzYAM,2026-07-08-backfill-originator.py,2026-07-08T15:51:07,backfill
006WR000011kjK5YAI,ROE - 875 KELLER PKWY KELLER TX,Originator__c,(null),005WR0000030R9lYAE,2026-07-08-backfill-originator.py,2026-07-08T15:51:07,backfill
006WR000011kjK6YAI,ROE - 2701 FM 1460  GEORGETOWN TX,Originator__c,(null),005WR0000030RCzYAM,2026-07-08-backfill-originator.py,2026-07-08T15:51:07,backfill
006WR000011kjK7YAI,ROE - 3106 S WS YOUNG DR KILLEEN TX,Originator__c,(null),005WR0000030RCzYAM,2026-07-08-backfill-originator.py,2026-07-08T15:51:07,backfill
006WR000011kjK8YAI,ROE - 2502 E US HIGHWAY 180 MINERAL WELLS TX,Originator__c,(null),005WR0000030RCzYAM,2026-07-08-backfill-originator.py,2026-07-08T15:51:07,backfill
006WR000011kjK9YAI,ROE - 6500 DENTON HWY WATAUGA TX,Originator__c,(null),005WR0000030R9lYAE,2026-07-08-backfill-originator.py,2026-07-08T15:51:07,backfill
006WR000011kjKAYAY,ROE - 701 GATEWAY PKWY ROANOKE TX,Originator__c,(null),005WR0000030RCzYAM,2026-07-08-backfill-originator.py,2026-07-08T15:51:07,backfill
006WR000011kjKBYAY,ROE - 8801 DAVIS BLVD KELLER TX,Originator__c,(null),005WR0000030R9lYAE,2026-07-08-backfill-originator.py,2026-07-08T15:51:07,backfill
006WR000011kjKCYAY,ROE - 902 W CENTRAL TEXAS EXPY KILLEEN TX,Originator__c,(null),005WR0000030RCzYAM,2026-07-08-backfill-originator.py,2026-07-08T15:51:07,backfill
006WR000011kjKDYAY,ROE - 950 S FM 156  JUSTIN TX,Originator__c,(null),005WR0000030R9lYAE,2026-07-08-backfill-originator.py,2026-07-08T15:51:07,backfill
006WR000011kjKEYAY,ROE - 1021 W UNIVERSITY AVE GEORGETOWN TX,Originator__c,(null),005WR0000030RCzYAM,2026-07-08-backfill-originator.py,2026-07-08T15:51:07,backfill
006WR000011kjKFYAY,ROE - 200 N GRAY ST KILLEEN TX,Originator__c,(null),005WR0000030RCzYAM,2026-07-08-backfill-originator.py,2026-07-08T15:51:07,backfill
006WR000011kjKGYAY,ROE - 6651 WATAUGA RD WATAUGA TX,Originator__c,(null),005WR0000030R9lYAE,2026-07-08-backfill-originator.py,2026-07-08T15:51:07,backfill
006WR000011kjKHYAY,ROE - 810 N WS YOUNG DR KILLEEN TX,Originator__c,(null),005WR0000030RCzYAM,2026-07-08-backfill-originator.py,2026-07-08T15:51:07,backfill
006WR000011kjKIYAY,ROE - 828 BOYD RD AZLE TX,Originator__c,(null),005WR0000030R9lYAE,2026-07-08-backfill-originator.py,2026-07-08T15:51:07,backfill
006WR000011kjKJYAY,ROE - 8420 DENTON HWY WATAUGA TX,Originator__c,(null),005WR0000030R9lYAE,2026-07-08-backfill-originator.py,2026-07-08T15:51:07,backfill
006WR000011kjKKYAY,ROE - 8653 N BEACH ST FORT WORTH TX,Originator__c,(null),005WR0000030R9lYAE,2026-07-08-backfill-originator.py,2026-07-08T15:51:07,backfill
006WR000011kjKLYAY,ROE - 900 S MAIN ST KELLER TX,Originator__c,(null),005WR0000030R9lYAE,2026-07-08-backfill-originator.py,2026-07-08T15:51:07,backfill
006WR000011kjKMYAY,ROE - 937 FM 1821 HWY MINERAL WELLS TX,Originator__c,(null),005WR0000030RCzYAM,2026-07-08-backfill-originator.py,2026-07-08T15:51:07,backfill
006WR000011kjKNYAY,ROE - 6723 MID-CITIES BLVD N RICHLAND HILLS TX,Originator__c,(null),005WR0000030RCzYAM,2026-07-08-backfill-originator.py,2026-07-08T15:51:07,backfill
006WR000011kjKOYAY,ROE - 5420 BASSWOOD BLVD FORT WORTH TX,Originator__c,(null),005WR0000030R9lYAE,2026-07-08-backfill-originator.py,2026-07-08T15:51:07,backfill
006WR000011kjVhYAI,ROE - 6900 DENTON HWY WATAUGA TX,Originator__c,(null),005WR0000030R9lYAE,2026-07-08-backfill-originator.py,2026-07-08T15:51:07,backfill
006WR000011rYnIYAU,SMB ROE Project- 1208 S FM 51 DECATUR TX,Originator__c,(null),005WR000005Ln7hYAC,2026-07-08-backfill-originator.py,2026-07-08T15:51:07,backfill
006WR000011ry0DYAQ,SMB ROE Project- 1208 S FM 51 DECATUR TX,Originator__c,(null),005WR000005Ln7hYAC,2026-07-08-backfill-originator.py,2026-07-08T15:51:07,backfill
006WR000011sxepYAA,SMB ROE Project- 1208 S FM 51 DECATUR TX,Originator__c,(null),005WR000005Ln7hYAC,2026-07-08-backfill-originator.py,2026-07-08T15:51:07,backfill
006WR000011tAwvYAE,SMB ROE Project- 1208 S FM 51 DECATUR TX,Originator__c,(null),005WR000005Ln7hYAC,2026-07-08-backfill-originator.py,2026-07-08T15:51:07,backfill
006WR000011tCp3YAE,SMB ROE Project- 1208 S FM 51 DECATUR TX,Originator__c,(null),005WR000005Ln7hYAC,2026-07-08-backfill-originator.py,2026-07-08T15:51:07,backfill
006WR000011tDy2YAE,SMB ROE Project- 1208 S FM 51 DECATUR TX,Originator__c,(null),005WR000005Ln7hYAC,2026-07-08-backfill-originator.py,2026-07-08T15:51:07,backfill
006WR000011tip3YAA,SMB ROE Project- 1208 S FM 51 DECATUR TX,Originator__c,(null),005WR000005Ln7hYAC,2026-07-08-backfill-originator.py,2026-07-08T15:51:07,backfill
006WR000011ujcTYAQ,SMB ROE Project- 1208 S FM 51 DECATUR TX,Originator__c,(null),005WR000005Ln7hYAC,2026-07-08-backfill-originator.py,2026-07-08T15:51:07,backfill
006WR000011zWhtYAE,SMB ROE PROJECT- 410 W 7TH ST TAYLOR TX,Originator__c,(null),005WR000005Ln7hYAC,2026-07-08-backfill-originator.py,2026-07-08T15:51:07,backfill
006WR000011zhJxYAI,SMB ROE PROJECT- 410 W 7TH ST TAYLOR TX,Originator__c,(null),005WR000005Ln7hYAC,2026-07-08-backfill-originator.py,2026-07-08T15:51:07,backfill
006WR000011zhetYAA,SMB ROE PROJECT- 410 W 7TH ST TAYLOR TX,Originator__c,(null),005WR000005Ln7hYAC,2026-07-08-backfill-originator.py,2026-07-08T15:51:07,backfill
006WR00001208FLYAY,SMB ROE PROJECT- 410 W 7TH ST TAYLOR TX,Originator__c,(null),005WR000005Ln7hYAC,2026-07-08-backfill-originator.py,2026-07-08T15:51:07,backfill
006WR00001209RTYAY,SMB ROE PROJECT- 410 W 7TH ST TAYLOR TX,Originator__c,(null),005WR000005Ln7hYAC,2026-07-08-backfill-originator.py,2026-07-08T15:51:07,backfill
006WR0000120KGQYA2,SMB ROE PROJECT- 410 W 7TH ST TAYLOR TX,Originator__c,(null),005WR000005Ln7hYAC,2026-07-08-backfill-originator.py,2026-07-08T15:51:07,backfill
006WR0000120feDYAQ,SMB ROE PROJECT- 410 W 7TH ST TAYLOR TX,Originator__c,(null),005WR000005Ln7hYAC,2026-07-08-backfill-originator.py,2026-07-08T15:51:07,backfill
006WR000012N8jEYAS,ROE - 4210 E MAIN ST MESA AZ,Originator__c,(null),005WR0000030R1hYAE,2026-07-08-backfill-originator.py,2026-07-08T15:51:07,backfill
006WR000012NNaCYAW,ROE - 2651 W GUADALUPE RD MESA AZ,Originator__c,(null),005WR0000030R1hYAE,2026-07-08-backfill-originator.py,2026-07-08T15:51:07,backfill
006WR000012NOXtYAO,ROE - 540 W IRON AVE MESA AZ,Originator__c,(null),005WR0000030R1hYAE,2026-07-08-backfill-originator.py,2026-07-08T15:51:07,backfill
006WR000012NeWFYA0,ROE - 806 13TH ST BRIDGEPORT TX,Originator__c,(null),005WR0000030R9lYAE,2026-07-08-backfill-originator.py,2026-07-08T15:51:07,backfill
006WR000012NkIIYA0,ROE - 4115 LAKE ST OMAHA NE,Originator__c,(null),005WR0000030R9lYAE,2026-07-08-backfill-originator.py,2026-07-08T15:51:07,backfill
006WR000012No2XYAS,ROE - 8811 MAPLE ST OMAHA NE,Originator__c,(null),005WR0000030R9lYAE,2026-07-08-backfill-originator.py,2026-07-08T15:51:07,backfill
006WR000012NpTJYA0,ROE - 724 W COMMERCE AVE GILBERT AZ,Originator__c,(null),005WR0000030R1hYAE,2026-07-08-backfill-originator.py,2026-07-08T15:51:07,backfill
006WR000012O6p0YAC,ROE - 616 COUNTY ROAD 4841 HASLET TX,Originator__c,(null),005WR0000030R9lYAE,2026-07-08-backfill-originator.py,2026-07-08T15:51:07,backfill
006WR000012OCzLYAW,Omaha_MDU_5004 N 33rd St,Originator__c,(null),005WR0000030R9lYAE,2026-07-08-backfill-originator.py,2026-07-08T15:51:07,backfill
006WR000012OLJOYA4,Omaha_MDU_6506 Boyd,Originator__c,(null),005WR0000030R9lYAE,2026-07-08-backfill-originator.py,2026-07-08T15:51:07,backfill
006WR000012OTQcYAO,ROE - 4460 E MAIN ST MESA AZ,Originator__c,(null),005WR0000030R1hYAE,2026-07-08-backfill-originator.py,2026-07-08T15:51:07,backfill
006WR000012OW0LYAW,ROE - 2150 S DOBSON RD MESA AZ,Originator__c,(null),005WR0000030R1hYAE,2026-07-08-backfill-originator.py,2026-07-08T15:51:07,backfill
006WR000012OWQ6YAO,ROE - 2655 W GUADALUPE RD MESA AZ,Originator__c,(null),005WR0000030R1hYAE,2026-07-08-backfill-originator.py,2026-07-08T15:51:07,backfill
006WR000012Oh0aYAC,ROE - 4614 DODGE ST OMAHA NE,Originator__c,(null),005WR0000030R9lYAE,2026-07-08-backfill-originator.py,2026-07-08T15:51:07,backfill
006WR000012OkZYYA0,ROE - 5404 AMES AVE OMAHA NE,Originator__c,(null),005WR0000030R9lYAE,2026-07-08-backfill-originator.py,2026-07-08T15:51:07,backfill
006WR000012OkcmYAC,ROE - 5020 N 72ND ST OMAHA NE,Originator__c,(null),005WR0000030R9lYAE,2026-07-08-backfill-originator.py,2026-07-08T15:51:07,backfill
006WR000012OompYAC,ROE - 791 S MAIN ST KELLER TX,Originator__c,(null),005WR0000030R9lYAE,2026-07-08-backfill-originator.py,2026-07-08T15:51:07,backfill
006WR000012OtcpYAC,Omaha_MDU_5511 N 30th St,Originator__c,(null),005WR0000030R9lYAE,2026-07-08-backfill-originator.py,2026-07-08T15:51:07,backfill
006WR000012Ouc9YAC,ROE - 2152 S VINEYARD MESA AZ,Originator__c,(null),005WR0000030R1hYAE,2026-07-08-backfill-originator.py,2026-07-08T15:51:07,backfill
006WR000012OwFmYAK,Omaha_MDU_6301 Military Ave,Originator__c,(null),005WR0000030R9lYAE,2026-07-08-backfill-originator.py,2026-07-08T15:51:07,backfill
006WR000012Owu2YAC,ROE - 1231 W BASELINE RD MESA AZ,Originator__c,(null),005WR0000030R1hYAE,2026-07-08-backfill-originator.py,2026-07-08T15:51:07,backfill
006WR000012P0nzYAC,Omaha_MDU_4038 Hamilton St,Originator__c,(null),005WR0000030R9lYAE,2026-07-08-backfill-originator.py,2026-07-08T15:51:07,backfill
006WR000012P3QsYAK,ROE - 6703 MID-CITIES BLVD N RICHLAND HILLS TX,Originator__c,(null),005WR0000030RCzYAM,2026-07-08-backfill-originator.py,2026-07-08T15:51:07,backfill
006WR000012P6qAYAS,"SMB ROE PROJECT- 745 W Baseline Rd, Mesa AZ",Originator__c,(null),005WR000005Ln7hYAC,2026-07-08-backfill-originator.py,2026-07-08T15:51:07,backfill
006WR000012PEffYAG,Omaha_MDU_4415 N 62nd St,Originator__c,(null),005WR0000030R9lYAE,2026-07-08-backfill-originator.py,2026-07-08T15:51:07,backfill
006WR000012PJqbYAG,ROE - 1835 S EXTENSION RD MESA AZ,Originator__c,(null),005WR0000030R1hYAE,2026-07-08-backfill-originator.py,2026-07-08T15:51:07,backfill
006WR000012PK9xYAG,ROE - 4454 E UNIVERSITY DR MESA AZ,Originator__c,(null),005WR0000030R1hYAE,2026-07-08-backfill-originator.py,2026-07-08T15:51:07,backfill
006WR000012PKJdYAO,ROE - 459 N VAL VISTA DR MESA AZ,Originator__c,(null),005WR0000030R1hYAE,2026-07-08-backfill-originator.py,2026-07-08T15:51:07,backfill
006WR000012PKMrYAO,ROE - 540 W IRON AVE MESA AZ,Originator__c,(null),005WR0000030R1hYAE,2026-07-08-backfill-originator.py,2026-07-08T15:51:07,backfill
006WR000012PKczYAG,ROE - 830 E SOUTHERN AVE MESA AZ,Originator__c,(null),005WR0000030R1hYAE,2026-07-08-backfill-originator.py,2026-07-08T15:51:07,backfill
006WR000012PPJNYA4,ROE - 708 W HUBBARD ST MINERAL WELLS TX,Originator__c,(null),005WR0000030R9lYAE,2026-07-08-backfill-originator.py,2026-07-08T15:51:07,backfill
006WR000012PYMdYAO,"SMB ROE PROJECT- 745 W Baseline Rd, Mesa AZ",Originator__c,(null),005WR000005Ln7hYAC,2026-07-08-backfill-originator.py,2026-07-08T15:51:07,backfill
006WR000012PbluYAC,Omaha_MDU_8021 Maple Street,Originator__c,(null),005WR0000030R9lYAE,2026-07-08-backfill-originator.py,2026-07-08T15:51:07,backfill
006WR000012PhRXYA0,"SMB ROE PROJECT-  745 W Baseline Rd, Mesa AZ",Originator__c,(null),005WR000005Ln7hYAC,2026-07-08-backfill-originator.py,2026-07-08T15:51:07,backfill
006WR000012PiiYYAS,"SMB ROE PROJECT- 745 W Baseline Rd, Mesa AZ",Originator__c,(null),005WR000005Ln7hYAC,2026-07-08-backfill-originator.py,2026-07-08T15:51:07,backfill
006WR000012PmNyYAK,ROE - 891 KELLER PKWY KELLER TX,Originator__c,(null),005WR0000030R9lYAE,2026-07-08-backfill-originator.py,2026-07-08T15:51:07,backfill
006WR000012Po1aYAC,Omaha_MDU_4407 N 62nd St,Originator__c,(null),005WR0000030R9lYAE,2026-07-08-backfill-originator.py,2026-07-08T15:51:07,backfill
006WR000012Pp46YAC,ROE - 5022 UNDERWOOD AVE OMAHA NE,Originator__c,(null),005WR0000030R9lYAE,2026-07-08-backfill-originator.py,2026-07-08T15:51:07,backfill
006WR000012PzQ2YAK,Omaha_MDU_4411 N 62nd St,Originator__c,(null),005WR0000030R9lYAE,2026-07-08-backfill-originator.py,2026-07-08T15:51:07,backfill
006WR000012Q0sPYAS,"SMB ROE PROJECT-  745 W Baseline Rd, Mesa AZ",Originator__c,(null),005WR000005Ln7hYAC,2026-07-08-backfill-originator.py,2026-07-08T15:51:07,backfill
006WR000012Q2XaYAK,Omaha_MDU_4402 N 60th Ave,Originator__c,(null),005WR0000030R9lYAE,2026-07-08-backfill-originator.py,2026-07-08T15:51:07,backfill
006WR000012Q35RYAS,ROE - 5019 UNDERWOOD AVE OMAHA NE,Originator__c,(null),005WR0000030R9lYAE,2026-07-08-backfill-originator.py,2026-07-08T15:51:07,backfill
006WR000012Q3ILYA0,ROE - 5148 N 90TH ST OMAHA NE,Originator__c,(null),005WR0000030R9lYAE,2026-07-08-backfill-originator.py,2026-07-08T15:51:07,backfill
006WR000012Q3a5YAC,Omaha_MDU_5511 N 30th St (additional units),Originator__c,(null),005WR0000030R9lYAE,2026-07-08-backfill-originator.py,2026-07-08T15:51:07,backfill
006WR000012Q3mzYAC,Omaha_MDU_4440 N 61st St,Originator__c,(null),005WR0000030R9lYAE,2026-07-08-backfill-originator.py,2026-07-08T15:51:07,backfill
006WR000012QB1PYAW,"SMB ROE PROJECT- 745 W Baseline Rd, Mesa AZ",Originator__c,(null),005WR000005Ln7hYAC,2026-07-08-backfill-originator.py,2026-07-08T15:51:07,backfill
006WR000012QINpYAO,ROE - 11477 WOODLAND SPRINGS DR FORT WORTH TX,Originator__c,(null),005WR0000030R9lYAE,2026-07-08-backfill-originator.py,2026-07-08T15:51:07,backfill
006WR000012QIm1YAG,ROE - 2880 TINSLEY LN FORT WORTH TX,Originator__c,(null),005WR0000030R9lYAE,2026-07-08-backfill-originator.py,2026-07-08T15:51:07,backfill
006WR000012QQ8TYAW,ROE - 4115 LAKE ST OMAHA NE,Originator__c,(null),005WR0000030R9lYAE,2026-07-08-backfill-originator.py,2026-07-08T15:51:07,backfill
006WR000012QQEvYAO,ROE - 8361 MORMON BRIDGE RD OMAHA NE,Originator__c,(null),005WR0000030R9lYAE,2026-07-08-backfill-originator.py,2026-07-08T15:51:07,backfill
006WR000012QQLNYA4,ROE - 4521 N 30TH ST OMAHA NE,Originator__c,(null),005WR0000030R9lYAE,2026-07-08-backfill-originator.py,2026-07-08T15:51:07,backfill
006WR000012QQZtYAO,Omaha_MDU_7610 Ohio Plaza,Originator__c,(null),005WR0000030R9lYAE,2026-07-08-backfill-originator.py,2026-07-08T15:51:07,backfill
006WR000012QQgLYAW,Omaha_MDU_5511 N 30th St (3rd),Originator__c,(null),005WR0000030R9lYAE,2026-07-08-backfill-originator.py,2026-07-08T15:51:07,backfill
006WR000012QpzkYAC,"SMB ROE PROJECT-  745 W Baseline Rd, Mesa AZ",Originator__c,(null),005WR000005Ln7hYAC,2026-07-08-backfill-originator.py,2026-07-08T15:51:07,backfill
006WR000012QuuaYAC,"SMB ROE PROJECT-  745 W Baseline Rd, Mesa AZ",Originator__c,(null),005WR000005Ln7hYAC,2026-07-08-backfill-originator.py,2026-07-08T15:51:07,backfill
006WR000012RGrqYAG,"SMB ROE PROJECT-  745 W Baseline Rd, Mesa AZ",Originator__c,(null),005WR000005Ln7hYAC,2026-07-08-backfill-originator.py,2026-07-08T15:51:07,backfill
006WR000012RHXpYAO,ROE - 5400 BASSWOOD BLVD FORT WORTH TX,Originator__c,(null),005WR0000030R9lYAE,2026-07-08-backfill-originator.py,2026-07-08T15:51:07,backfill
006WR000012Rt8QYAS,ROE - 7808 W DODGE RD OMAHA NE,Originator__c,(null),005WR0000030R9lYAE,2026-07-08-backfill-originator.py,2026-07-08T15:51:07,backfill
006WR000012S5xdYAC,ROE - 102 GARRETT MORRIS PKWY MINERAL WELLS TX,Originator__c,(null),005WR0000030RCzYAM,2026-07-08-backfill-originator.py,2026-07-08T15:51:07,backfill
006WR000012SH5tYAG,ROE - 2651 W BASELINE RD MESA AZ,Originator__c,(null),005WR0000030R1hYAE,2026-07-08-backfill-originator.py,2026-07-08T15:51:07,backfill
006WR000012SH7VYAW,ROE - 6201 N 89TH CIR OMAHA NE,Originator__c,(null),005WR0000030R9lYAE,2026-07-08-backfill-originator.py,2026-07-08T15:51:07,backfill
006WR000012SHAjYAO,ROE - 2801 HERITAGE TRACE DR FORT WORTH TX,Originator__c,(null),005WR0000030R9lYAE,2026-07-08-backfill-originator.py,2026-07-08T15:51:07,backfill
006WR000012SHCLYA4,ROE - 8533 N BEACH ST FORT WORTH TX,Originator__c,(null),005WR0000030R9lYAE,2026-07-08-backfill-originator.py,2026-07-08T15:51:07,backfill
006WR000012SHDxYAO,ROE - 1246 MAIN ST SOUTHLAKE TX,Originator__c,(null),005WR0000030RCzYAM,2026-07-08-backfill-originator.py,2026-07-08T15:51:07,backfill
006WR000012SHFZYA4,ROE - 1050 REPUBLIC DR ROANOKE TX,Originator__c,(null),005WR0000030RCzYAM,2026-07-08-backfill-originator.py,2026-07-08T15:51:07,backfill
006WR000012SHHBYA4,ROE - 801 KELLER PKWY KELLER TX,Originator__c,(null),005WR0000030R9lYAE,2026-07-08-backfill-originator.py,2026-07-08T15:51:07,backfill
006WR000012SHInYAO,ROE - 1510 E SOUTHLAKE BLVD SOUTHLAKE TX,Originator__c,(null),005WR0000030RCzYAM,2026-07-08-backfill-originator.py,2026-07-08T15:51:07,backfill
006WR000012SHKPYA4,ROE - 6402 RUFE SNOW DR N RICHLAND HILLS TX,Originator__c,(null),005WR0000030RCzYAM,2026-07-08-backfill-originator.py,2026-07-08T15:51:07,backfill
006WR000012SHM1YAO,ROE - 209 AVIATOR DR FORT WORTH TX,Originator__c,(null),005WR0000030R9lYAE,2026-07-08-backfill-originator.py,2026-07-08T15:51:07,backfill
006WR000012yRzoYAE,"SMB ROE Project-535 E Southern Ave, Mesa AZ 85204",Originator__c,(null),005WR000005Ln7hYAC,2026-07-08-backfill-originator.py,2026-07-08T15:51:07,backfill
006WR000012z9XnYAI,"SMB ROE Project-535 E Southern Ave, Mesa AZ 85204",Originator__c,(null),005WR000005Ln7hYAC,2026-07-08-backfill-originator.py,2026-07-08T15:51:07,backfill
006WR000012zQ5aYAE,"SMB ROE Project-535 E Southern Ave, Mesa AZ 85204",Originator__c,(null),005WR000005Ln7hYAC,2026-07-08-backfill-originator.py,2026-07-08T15:51:07,backfill
006WR000012zS8zYAE,"SMB ROE Project-535 E Southern Ave, Mesa AZ 85204",Originator__c,(null),005WR000005Ln7hYAC,2026-07-08-backfill-originator.py,2026-07-08T15:51:07,backfill
006WR000012zaWLYAY,"SMB ROE Project-535 E Southern Ave, Mesa AZ 85204",Originator__c,(null),005WR000005Ln7hYAC,2026-07-08-backfill-originator.py,2026-07-08T15:51:07,backfill
006WR000012zi48YAA,"SMB ROE Project- 1731 W Baseline Rd, Mesa AZ 85202",Originator__c,(null),005WR000005Ln7hYAC,2026-07-08-backfill-originator.py,2026-07-08T15:51:07,backfill
006WR000012zpdRYAQ,"SMB ROE Project-535 E Southern Ave, Mesa AZ 85204",Originator__c,(null),005WR000005Ln7hYAC,2026-07-08-backfill-originator.py,2026-07-08T15:51:07,backfill
006WR000012zwbjYAA,"SMB ROE Project-535 E Southern Ave, Mesa AZ 85204",Originator__c,(null),005WR000005Ln7hYAC,2026-07-08-backfill-originator.py,2026-07-08T15:51:07,backfill
006WR000012zz9nYAA,"SMB ROE Project-535 E Southern Ave, Mesa AZ 85204",Originator__c,(null),005WR000005Ln7hYAC,2026-07-08-backfill-originator.py,2026-07-08T15:51:07,backfill
006WR000013094JYAQ,"SMB ROE Project-535 E Southern Ave, Mesa AZ 85204",Originator__c,(null),005WR000005Ln7hYAC,2026-07-08-backfill-originator.py,2026-07-08T15:51:07,backfill
006WR0000130DB7YAM,"SMB ROE Project-535 E Southern Ave, Mesa AZ 85204",Originator__c,(null),005WR000005Ln7hYAC,2026-07-08-backfill-originator.py,2026-07-08T15:51:07,backfill
006WR0000130EyPYAU,"SMB ROE Project-535 E Southern Ave, Mesa AZ 85204",Originator__c,(null),005WR000005Ln7hYAC,2026-07-08-backfill-originator.py,2026-07-08T15:51:07,backfill
006WR0000130YYwYAM,"SMB ROE Project- 1731 W Baseline Rd, Mesa AZ 85202",Originator__c,(null),005WR000005Ln7hYAC,2026-07-08-backfill-originator.py,2026-07-08T15:51:07,backfill
006WR0000130i6sYAA,"SMB ROE Project-535 E Southern Ave, Mesa AZ 85204",Originator__c,(null),005WR000005Ln7hYAC,2026-07-08-backfill-originator.py,2026-07-08T15:51:07,backfill
006WR0000131WreYAE,"SMB ROE Project- 1731 W Baseline Rd, Mesa AZ 85202",Originator__c,(null),005WR000005Ln7hYAC,2026-07-08-backfill-originator.py,2026-07-08T15:51:07,backfill
006WR0000131dMrYAI,"SMB ROE Project- 1731 W Baseline Rd, Mesa AZ 85202",Originator__c,(null),005WR000005Ln7hYAC,2026-07-08-backfill-originator.py,2026-07-08T15:51:07,backfill
006WR0000139tPgYAI,"SMB ROE Project- 1731 W Baseline Rd, Mesa AZ 85202",Originator__c,(null),005WR000005Ln7hYAC,2026-07-08-backfill-originator.py,2026-07-08T15:51:07,backfill
006WR000013ARZPYA4,"SMB ROE Project- 1731 W Baseline Rd, Mesa AZ 85202",Originator__c,(null),005WR000005Ln7hYAC,2026-07-08-backfill-originator.py,2026-07-08T15:51:07,backfill
006WR000013B3wTYAS,"SMB ROE Project- 1731 W Baseline Rd, Mesa AZ 85202",Originator__c,(null),005WR000005Ln7hYAC,2026-07-08-backfill-originator.py,2026-07-08T15:51:07,backfill
006WR000013CXagYAG,"SMB ROE Project- 1731 W Baseline Rd, Mesa AZ 85202",Originator__c,(null),005WR000005Ln7hYAC,2026-07-08-backfill-originator.py,2026-07-08T15:51:07,backfill
006WR000013CmjNYAS,"SMB ROE Project- 1731 W Baseline Rd, Mesa AZ 85202",Originator__c,(null),005WR000005Ln7hYAC,2026-07-08-backfill-originator.py,2026-07-08T15:51:07,backfill
006WR000013NaDUYA0,Walker's Park,Originator__c,(null),005WR000003CD6DYAW,2026-07-08-backfill-originator.py,2026-07-08T15:51:07,backfill
006WR000013OkHCYA0,Stagecoach Crossing,Originator__c,(null),005WR000003CD6DYAW,2026-07-08-backfill-originator.py,2026-07-08T15:51:07,backfill
006WR000013OnjhYAC,Dry Creek,Originator__c,(null),005WR000003CD6DYAW,2026-07-08-backfill-originator.py,2026-07-08T15:51:07,backfill
006WR000013P1ulYAC,1810 N 8th St_Colt RE,Originator__c,(null),005WR000003CD6DYAW,2026-07-08-backfill-originator.py,2026-07-08T15:51:07,backfill
006WR000013cAx4YAE,"SMB ROE PROJECT-  8245 Precinct Line Rd, N Richland Hills",Originator__c,(null),005WR000005Ln7hYAC,2026-07-08-backfill-originator.py,2026-07-08T15:51:07,backfill
006WR000013dRMOYA2,"SMB ROE PROJECT-  8245 Precinct Line Rd, N Richland Hills",Originator__c,(null),005WR000005Ln7hYAC,2026-07-08-backfill-originator.py,2026-07-08T15:51:07,backfill
006WR000013dWnOYAU,"SMB ROE PROJECT-  8245 Precinct Line Rd, N Richland Hills",Originator__c,(null),005WR000005Ln7hYAC,2026-07-08-backfill-originator.py,2026-07-08T15:51:07,backfill
006WR000013deWRYAY,"SMB ROE PROJECT-  8245 Precinct Line Rd, N Richland Hills",Originator__c,(null),005WR000005Ln7hYAC,2026-07-08-backfill-originator.py,2026-07-08T15:51:07,backfill
006WR000013dwQ6YAI,"SMB ROE PROJECT-  8245 Precinct Line Rd, N Richland Hills",Originator__c,(null),005WR000005Ln7hYAC,2026-07-08-backfill-originator.py,2026-07-08T15:51:07,backfill
006WR000013e05YYAQ,"SMB ROE PROJECT-  8245 Precinct Line Rd, N Richland Hills",Originator__c,(null),005WR000005Ln7hYAC,2026-07-08-backfill-originator.py,2026-07-08T15:51:07,backfill
006WR000013eDfWYAU,"SMB ROE PROJECT-  8245 Precinct Line Rd, N Richland Hills",Originator__c,(null),005WR000005Ln7hYAC,2026-07-08-backfill-originator.py,2026-07-08T15:51:07,backfill
006WR000013eERsYAM,SMB ROE PROJECT- 8420 Denton Hwy Watauga TX 76148,Originator__c,(null),005WR000005Ln7hYAC,2026-07-08-backfill-originator.py,2026-07-08T15:51:07,backfill
006WR000013eRVXYA2,"SMB ROE PROJECT-  8245 Precinct Line Rd, N Richland Hills",Originator__c,(null),005WR000005Ln7hYAC,2026-07-08-backfill-originator.py,2026-07-08T15:51:07,backfill
006WR000013eTPHYA2,"SMB ROE PROJECT-  8245 Precinct Line Rd, N Richland Hills",Originator__c,(null),005WR000005Ln7hYAC,2026-07-08-backfill-originator.py,2026-07-08T15:51:07,backfill
006WR000013eY7IYAU,SMB ROE PROJECT- 8420 Denton Hwy Watauga TX 76148,Originator__c,(null),005WR000005Ln7hYAC,2026-07-08-backfill-originator.py,2026-07-08T15:51:07,backfill
006WR000013eaIfYAI,"SMB ROE PROJECT-  8245 Precinct Line Rd, N Richland Hills",Originator__c,(null),005WR000005Ln7hYAC,2026-07-08-backfill-originator.py,2026-07-08T15:51:07,backfill
006WR000013ewW5YAI,"SMB ROE PROJECT-  8245 Precinct Line Rd, N Richland Hills",Originator__c,(null),005WR000005Ln7hYAC,2026-07-08-backfill-originator.py,2026-07-08T15:51:07,backfill
006WR000013f56MYAQ,"SMB ROE PROJECT-  8420 Denton Hwy, Watauga TX 76148",Originator__c,(null),005WR000005Ln7hYAC,2026-07-08-backfill-originator.py,2026-07-08T15:51:07,backfill
006WR000013fIDHYA2,"SMB ROE PROJECT-  8420 Denton Hwy, Watauga TX 76148",Originator__c,(null),005WR000005Ln7hYAC,2026-07-08-backfill-originator.py,2026-07-08T15:51:07,backfill
006WR000013fkELYAY,SMB ROE PROJECT- 8420 Denton Hwy Watauga TX 76148,Originator__c,(null),005WR000005Ln7hYAC,2026-07-08-backfill-originator.py,2026-07-08T15:51:07,backfill
006WR000013fmEXYAY,SMB ROE PROJECT- 8420 Denton Hwy Watauga TX 76148,Originator__c,(null),005WR000005Ln7hYAC,2026-07-08-backfill-originator.py,2026-07-08T15:51:07,backfill
006WR000013fowHYAQ,SMB ROE PROJECT- 8420 Denton Hwy Watauga TX 76148,Originator__c,(null),005WR000005Ln7hYAC,2026-07-08-backfill-originator.py,2026-07-08T15:51:07,backfill
006WR000013zuntYAA,"SMB ROE Project- 8436 Denton Hwy, Watauga TX 76148",Originator__c,(null),005WR000005Ln7hYAC,2026-07-08-backfill-originator.py,2026-07-08T15:51:07,backfill
006WR0000140AFzYAM,"SMB ROE Project- 8436 Denton Hwy, Watauga TX 76148",Originator__c,(null),005WR000005Ln7hYAC,2026-07-08-backfill-originator.py,2026-07-08T15:51:07,backfill
006WR0000140z3xYAA,"SMB ROE Project-6700 Denton Fwy, Watauga TX 76148",Originator__c,(null),005WR000005Ln7hYAC,2026-07-08-backfill-originator.py,2026-07-08T15:51:07,backfill
006WR0000141NPdYAM,"SMB ROE Project-6700 Denton Fwy, Watauga TX 76148",Originator__c,(null),005WR000005Ln7hYAC,2026-07-08-backfill-originator.py,2026-07-08T15:51:07,backfill
006WR0000141a1pYAA,"SMB ROE Project- 8436 Denton Hwy, Watauga TX 76148",Originator__c,(null),005WR000005Ln7hYAC,2026-07-08-backfill-originator.py,2026-07-08T15:51:07,backfill
006WR0000141dvlYAA,"SMB ROE Project- 8436 Denton Hwy, Watauga TX 76148",Originator__c,(null),005WR000005Ln7hYAC,2026-07-08-backfill-originator.py,2026-07-08T15:51:07,backfill
006WR0000141mSnYAI,"SMB ROE Project- 8436 Denton Hwy, Watauga TX 76148",Originator__c,(null),005WR000005Ln7hYAC,2026-07-08-backfill-originator.py,2026-07-08T15:51:07,backfill
006WR0000141uYPYAY,"SMB ROE Project- 8436 Denton Hwy, Watauga TX 76148",Originator__c,(null),005WR000005Ln7hYAC,2026-07-08-backfill-originator.py,2026-07-08T15:51:07,backfill
006WR0000141wjtYAA,"SMB ROE Project- 8436 Denton Hwy, Watauga TX 76148",Originator__c,(null),005WR000005Ln7hYAC,2026-07-08-backfill-originator.py,2026-07-08T15:51:07,backfill
006WR00001420QvYAI,"SMB ROE Project-6700 Denton Fwy, Watauga TX 76148",Originator__c,(null),005WR000005Ln7hYAC,2026-07-08-backfill-originator.py,2026-07-08T15:51:07,backfill
006WR0000142ClTYAU,"SMB ROE Project-6700 Denton Fwy, Watauga TX 76148",Originator__c,(null),005WR000005Ln7hYAC,2026-07-08-backfill-originator.py,2026-07-08T15:51:07,backfill
006WR0000142P7aYAE,"SMB ROE Project-6700 Denton Fwy, Watauga TX 76148",Originator__c,(null),005WR000005Ln7hYAC,2026-07-08-backfill-originator.py,2026-07-08T15:51:07,backfill
006WR0000142X8MYAU,"SMB ROE Project-6900 Denton Fwy, Watauga TX 76148",Originator__c,(null),005WR000005Ln7hYAC,2026-07-08-backfill-originator.py,2026-07-08T15:51:07,backfill
006WR0000142cUcYAI,"SMB ROE Project-6700 Denton Fwy, Watauga TX 76148",Originator__c,(null),005WR000005Ln7hYAC,2026-07-08-backfill-originator.py,2026-07-08T15:51:07,backfill
006WR0000142kFGYAY,"SMB ROE Project-6700 Denton Fwy, Watauga TX 76148",Originator__c,(null),005WR000005Ln7hYAC,2026-07-08-backfill-originator.py,2026-07-08T15:51:07,backfill
006WR00001435raYAA,"SMB ROE Project-6900 Denton Fwy, Watauga TX 76148",Originator__c,(null),005WR000005Ln7hYAC,2026-07-08-backfill-originator.py,2026-07-08T15:51:07,backfill
006WR0000143CQ1YAM,"SMB ROE Project-6900 Denton Fwy, Watauga TX 76148",Originator__c,(null),005WR000005Ln7hYAC,2026-07-08-backfill-originator.py,2026-07-08T15:51:07,backfill
006WR0000157GCoYAM,Solaris Encinitas,Originator__c,(null),005WR0000030RCzYAM,2026-07-08-backfill-originator.py,2026-07-08T15:51:07,backfill
006WR0000158MT0YAM,Dos Lunas,Originator__c,(null),005WR0000030RCzYAM,2026-07-08-backfill-originator.py,2026-07-08T15:51:07,backfill
006WR000015OlaIYAS,Cardiff Executive Centre,Originator__c,(null),005WR0000030RCzYAM,2026-07-08-backfill-originator.py,2026-07-08T15:51:07,backfill
006WR000015bWdRYAU,1142 E Southern Ave,Originator__c,(null),005WR0000030R1hYAE,2026-07-08-backfill-originator.py,2026-07-08T15:51:07,backfill
006WR000018oU5pYAE,La Costa Meadows HOA,Originator__c,(null),005WR0000030RCzYAM,2026-07-08-backfill-originator.py,2026-07-08T15:51:07,backfill
006WR000019Y2BPYA0,Liberty Manor II,Originator__c,(null),005WR000003CD6DYAW,2026-07-08-backfill-originator.py,2026-07-08T15:51:07,backfill
006WR00001BOcmrYAD,Decatur 1816 S FM 51,Originator__c,(null),005WR000005Ln7hYAC,2026-07-08-backfill-originator.py,2026-07-08T15:51:07,backfill
006WR00001CDrgjYAD,ROE - 1002 CARPENTER STREET BRIDGEPORT TX,Originator__c,(null),005WR000002ieYTYAY,2026-07-08-backfill-originator.py,2026-07-08T15:51:07,backfill
006WR00001CEAJUYA5,ROE - 5030 NORTH 72ND STREET OMAHA NE,Originator__c,(null),005WR000002ieYTYAY,2026-07-08-backfill-originator.py,2026-07-08T15:51:07,backfill
006WR00001CEovCYAT,ROE - 610 NORTH AUSTIN AVENUE GEORGETOWN TX,Originator__c,(null),005WR000002ieYTYAY,2026-07-08-backfill-originator.py,2026-07-08T15:51:07,backfill
006WR00001CF0usYAD,ROE - 600 NORTHWEST 6TH STREET MINERAL WELLS TX,Originator__c,(null),005WR000002ieYTYAY,2026-07-08-backfill-originator.py,2026-07-08T15:51:07,backfill
006WR00001CFcggYAD,ROE - 660 W FM 2410 RD HARKER HEIGHTS TX,Originator__c,(null),005WR000002ieYTYAY,2026-07-08-backfill-originator.py,2026-07-08T15:51:07,backfill
006WR00001CFyyxYAD,ROE - 7254 N 30TH ST OMAHA NE,Originator__c,(null),005WR000002ieYTYAY,2026-07-08-backfill-originator.py,2026-07-08T15:51:07,backfill
006WR00001CGUSYYA5,ROE - 1519 NORTH MAIN STREET TAYLOR TX,Originator__c,(null),005WR000002ieYTYAY,2026-07-08-backfill-originator.py,2026-07-08T15:51:07,backfill
006WR00001CGV3eYAH,ROE - 100-248 PARK ST AZLE TX,Originator__c,(null),005WR000002ieYTYAY,2026-07-08-backfill-originator.py,2026-07-08T15:51:07,backfill
006WR00001CGhROYA1,ROE - 6330 NORTH 56TH STREET OMAHA NE,Originator__c,(null),005WR000002ieYTYAY,2026-07-08-backfill-originator.py,2026-07-08T15:51:07,backfill
006WR00001CGkHDYA1,ROE - 4910 NORTH 72ND STREET OMAHA NE,Originator__c,(null),005WR000002ieYTYAY,2026-07-08-backfill-originator.py,2026-07-08T15:51:07,backfill
006WR00001CGttzYAD,ROE - 9502 FORT STREET OMAHA NE,Originator__c,(null),005WR000002ieYTYAY,2026-07-08-backfill-originator.py,2026-07-08T15:51:07,backfill
006WR00001CGtvbYAD,ROE - 40134 INDUSTRIAL PARK CIRCLE GEORGETOWN TX,Originator__c,(null),005WR000002ieYTYAY,2026-07-08-backfill-originator.py,2026-07-08T15:51:07,backfill
006WR00001CGuV5YAL,ROE - 3116 CAPITAL WAY FORT WORTH TX,Originator__c,(null),005WR000002ieYTYAY,2026-07-08-backfill-originator.py,2026-07-08T15:51:07,backfill
006WR00001CGwwhYAD,ROE - 100 EAST SPRING STREET GEORGETOWN TX,Originator__c,(null),005WR000002ieYTYAY,2026-07-08-backfill-originator.py,2026-07-08T15:51:07,backfill
006WR00001CH2E5YAL,ROE - 1568 FM3433 NEWARK TX,Originator__c,(null),005WR000002ieYTYAY,2026-07-08-backfill-originator.py,2026-07-08T15:51:07,backfill
006WR00001CH2KXYA1,ROE - 2100 TRIMMIER ROAD KILLEEN TX,Originator__c,(null),005WR000002ieYTYAY,2026-07-08-backfill-originator.py,2026-07-08T15:51:07,backfill
006WR00001CH2M9YAL,ROE - 11640 NORTH INTERSTATE 35 JARRELL TX,Originator__c,(null),005WR000002ieYTYAY,2026-07-08-backfill-originator.py,2026-07-08T15:51:07,backfill
006WR00001CH2PNYA1,ROE - 913 WEST RANCIER AVENUE KILLEEN TX,Originator__c,(null),005WR000002ieYTYAY,2026-07-08-backfill-originator.py,2026-07-08T15:51:07,backfill
006WR00001CH2UDYA1,ROE - 5001 NORTH 42ND STREET OMAHA NE,Originator__c,(null),005WR000002ieYTYAY,2026-07-08-backfill-originator.py,2026-07-08T15:51:07,backfill
006WR00001CH2afYAD,ROE - 7301 NORTH 28TH AVENUE OMAHA NE,Originator__c,(null),005WR000002ieYTYAY,2026-07-08-backfill-originator.py,2026-07-08T15:51:07,backfill
006WR00001CH2cHYAT,ROE - 135 OLD MILL ROAD RHOME TX,Originator__c,(null),005WR000002ieYTYAY,2026-07-08-backfill-originator.py,2026-07-08T15:51:07,backfill
006WR00001DFggWYAT,Colonial Court Apartments,Originator__c,(null),005WR000003CD6DYAW,2026-07-08-backfill-originator.py,2026-07-08T15:51:07,backfill
006WR00001DG5gZYAT,4430 Redman Ave,Originator__c,(null),005WR000003CD6DYAW,2026-07-08-backfill-originator.py,2026-07-08T15:51:07,backfill
006WR00001DGZ6fYAH,Blondo Crest Apartments,Originator__c,(null),005WR000003CD6DYAW,2026-07-08-backfill-originator.py,2026-07-08T15:51:07,backfill
