SF_Id,Name,Field,Before,After,Source,Timestamp,Action
006WR00000wiNnYYAU,Talavera,Franchise_Type__c,(null),In-Franchise,franchise_mapping.json (Monday-derived),2026-04-24T13:49:49,backfill
006WR00000wiNnZYAU,Grandes Cortes Apartments,Franchise_Type__c,(null),In-Franchise,franchise_mapping.json (Monday-derived),2026-04-24T13:49:49,backfill
006WR00000wiNnaYAE,Garden Grove,Franchise_Type__c,(null),In-Franchise,franchise_mapping.json (Monday-derived),2026-04-24T13:49:49,backfill
006WR00000wiNnbYAE,Rancho Las Palmas,Franchise_Type__c,(null),In-Franchise,franchise_mapping.json (Monday-derived),2026-04-24T13:49:49,backfill
006WR00000wiNncYAE,University Valley Apartments,Franchise_Type__c,(null),In-Franchise,franchise_mapping.json (Monday-derived),2026-04-24T13:49:49,backfill
006WR00000wiNndYAE,The Lennox @ Tempe,Franchise_Type__c,(null),In-Franchise,franchise_mapping.json (Monday-derived),2026-04-24T13:49:49,backfill
006WR00000wiNneYAE,Tempe Park Place,Franchise_Type__c,(null),In-Franchise,franchise_mapping.json (Monday-derived),2026-04-24T13:49:49,backfill
006WR00000wiNnfYAE,Chesapeake,Franchise_Type__c,(null),In-Franchise,franchise_mapping.json (Monday-derived),2026-04-24T13:49:49,backfill
006WR00000wiNngYAE,Apache Terrace Apartments,Franchise_Type__c,(null),In-Franchise,franchise_mapping.json (Monday-derived),2026-04-24T13:49:49,backfill
006WR00000wiNnhYAE,Avana Tempe,Franchise_Type__c,(null),In-Franchise,franchise_mapping.json (Monday-derived),2026-04-24T13:49:49,backfill
006WR00000wiNniYAE,La Estancia,Franchise_Type__c,(null),In-Franchise,franchise_mapping.json (Monday-derived),2026-04-24T13:49:49,backfill
006WR00000wiNnjYAE,Highland Park (Tempe),Franchise_Type__c,(null),In-Franchise,franchise_mapping.json (Monday-derived),2026-04-24T13:49:49,backfill
006WR00000wiNnkYAE,Omnia Baseline,Franchise_Type__c,(null),In-Franchise,franchise_mapping.json (Monday-derived),2026-04-24T13:49:49,backfill
006WR00000wiNnlYAE,San Palmilla,Franchise_Type__c,(null),In-Franchise,franchise_mapping.json (Monday-derived),2026-04-24T13:49:49,backfill
006WR00000wiNnmYAE,The Halston,Franchise_Type__c,(null),In-Franchise,franchise_mapping.json (Monday-derived),2026-04-24T13:49:49,backfill
006WR00000wiNnnYAE,Villa Real,Franchise_Type__c,(null),In-Franchise,franchise_mapping.json (Monday-derived),2026-04-24T13:49:49,backfill
006WR00000wiNnoYAE,Gila Springs Apartments,Franchise_Type__c,(null),In-Franchise,franchise_mapping.json (Monday-derived),2026-04-24T13:49:49,backfill
006WR00000wiNnpYAE,Reflections at Gila Springs Apartment Homes,Franchise_Type__c,(null),In-Franchise,franchise_mapping.json (Monday-derived),2026-04-24T13:49:49,backfill
006WR00000wiNnqYAE,Stonebridge Ranch Apartments,Franchise_Type__c,(null),In-Franchise,franchise_mapping.json (Monday-derived),2026-04-24T13:49:49,backfill
006WR00000wiNnrYAE,2150 Apartments,Franchise_Type__c,(null),In-Franchise,franchise_mapping.json (Monday-derived),2026-04-24T13:49:49,backfill
006WR00000wiNnsYAE,Cantera,Franchise_Type__c,(null),In-Franchise,franchise_mapping.json (Monday-derived),2026-04-24T13:49:49,backfill
006WR00000wiNntYAE,Chandler Meadows,Franchise_Type__c,(null),In-Franchise,franchise_mapping.json (Monday-derived),2026-04-24T13:49:49,backfill
006WR00000wiNnuYAE,Montage at Pecos Ranch,Franchise_Type__c,(null),In-Franchise,franchise_mapping.json (Monday-derived),2026-04-24T13:49:49,backfill
006WR00000wiNnvYAE,Lumiere Chandler Condominiums,Franchise_Type__c,(null),In-Franchise,franchise_mapping.json (Monday-derived),2026-04-24T13:49:49,backfill
006WR00000wiNnwYAE,Caldera,Franchise_Type__c,(null),In-Franchise,franchise_mapping.json (Monday-derived),2026-04-24T13:49:49,backfill
006WR00000wiNnxYAE,The Linq,Franchise_Type__c,(null),In-Franchise,franchise_mapping.json (Monday-derived),2026-04-24T13:49:49,backfill
006WR00000wiNnyYAE,Park Tower,Franchise_Type__c,(null),In-Franchise,franchise_mapping.json (Monday-derived),2026-04-24T13:49:49,backfill
006WR00000wiNnzYAE,909 West Apartments,Franchise_Type__c,(null),In-Franchise,franchise_mapping.json (Monday-derived),2026-04-24T13:49:49,backfill
006WR00000wiNo0YAE,CityScape at Lakeshore Apartments,Franchise_Type__c,(null),In-Franchise,franchise_mapping.json (Monday-derived),2026-04-24T13:49:49,backfill
006WR00000wiNo1YAE,Finisterra,Franchise_Type__c,(null),In-Franchise,franchise_mapping.json (Monday-derived),2026-04-24T13:49:49,backfill
006WR00000wiNo2YAE,Emerson Square,Franchise_Type__c,(null),In-Franchise,franchise_mapping.json (Monday-derived),2026-04-24T13:49:49,backfill
006WR00000wiNo3YAE,Tamarak Apartments,Franchise_Type__c,(null),In-Franchise,franchise_mapping.json (Monday-derived),2026-04-24T13:49:49,backfill
006WR00000wiNo4YAE,Tremezzo on the Lake,Franchise_Type__c,(null),In-Franchise,franchise_mapping.json (Monday-derived),2026-04-24T13:49:49,backfill
006WR00000wiNo5YAE,The Township,Franchise_Type__c,(null),In-Franchise,franchise_mapping.json (Monday-derived),2026-04-24T13:49:49,backfill
006WR00000wiNo6YAE,Waterside at Ocotillo,Franchise_Type__c,(null),In-Franchise,franchise_mapping.json (Monday-derived),2026-04-24T13:49:49,backfill
006WR00000wiNo7YAE,Tempe Vista,Franchise_Type__c,(null),In-Franchise,franchise_mapping.json (Monday-derived),2026-04-24T13:49:49,backfill
006WR00000wiNo8YAE,IMT Chandler,Franchise_Type__c,(null),In-Franchise,franchise_mapping.json (Monday-derived),2026-04-24T13:49:49,backfill
006WR00000wiNo9YAE,Eastridge Apartments,Franchise_Type__c,(null),In-Franchise,franchise_mapping.json (Monday-derived),2026-04-24T13:49:49,backfill
006WR00000wiNoAYAU,Tanque Verde,Franchise_Type__c,(null),In-Franchise,franchise_mapping.json (Monday-derived),2026-04-24T13:49:49,backfill
006WR00000wiNoBYAU,Villas Los Duranzos,Franchise_Type__c,(null),In-Franchise,franchise_mapping.json (Monday-derived),2026-04-24T13:49:49,backfill
006WR00000wiNoCYAU,Promontory Apartment Homes,Franchise_Type__c,(null),In-Franchise,franchise_mapping.json (Monday-derived),2026-04-24T13:49:49,backfill
006WR00000wiNoDYAU,Coronado Villas,Franchise_Type__c,(null),In-Franchise,franchise_mapping.json (Monday-derived),2026-04-24T13:49:49,backfill
006WR00000wiNoEYAU,Trails West MHP,Franchise_Type__c,(null),In-Franchise,franchise_mapping.json (Monday-derived),2026-04-24T13:49:49,backfill
006WR00000wiNoFYAU,Riverstone,Franchise_Type__c,(null),In-Franchise,franchise_mapping.json (Monday-derived),2026-04-24T13:49:49,backfill
006WR00000wiNoGYAU,Avana River Ranch,Franchise_Type__c,(null),In-Franchise,franchise_mapping.json (Monday-derived),2026-04-24T13:49:49,backfill
006WR00000wiNoHYAU,Tides at Parkview,Franchise_Type__c,(null),In-Franchise,franchise_mapping.json (Monday-derived),2026-04-24T13:49:49,backfill
006WR00000wiNoIYAU,Canyon Oaks,Franchise_Type__c,(null),In-Franchise,franchise_mapping.json (Monday-derived),2026-04-24T13:49:49,backfill
006WR00000wiNoJYAU,Rincon Valley MHP,Franchise_Type__c,(null),In-Franchise,franchise_mapping.json (Monday-derived),2026-04-24T13:49:49,backfill
006WR00000wiNoKYAU,Ascension at Ironwood,Franchise_Type__c,(null),In-Franchise,franchise_mapping.json (Monday-derived),2026-04-24T13:49:49,backfill
006WR00000wiNoLYAU,Fellowship Square - Tucson,Franchise_Type__c,(null),In-Franchise,franchise_mapping.json (Monday-derived),2026-04-24T13:49:49,backfill
006WR00000wiNoMYAU,Sycamore Creek Apartments,Franchise_Type__c,(null),In-Franchise,franchise_mapping.json (Monday-derived),2026-04-24T13:49:49,backfill
006WR00000wiNoNYAU,Sorensen Heights,Franchise_Type__c,(null),In-Franchise,franchise_mapping.json (Monday-derived),2026-04-24T13:49:49,backfill
006WR00000wiNoOYAU,Plaza Del Sol MHP,Franchise_Type__c,(null),In-Franchise,franchise_mapping.json (Monday-derived),2026-04-24T13:49:49,backfill
006WR00000wiNoPYAU,Lake Pointe Apartments,Franchise_Type__c,(null),In-Franchise,franchise_mapping.json (Monday-derived),2026-04-24T13:49:49,backfill
006WR00000wiNoQYAU,Villa Pacific Apartments - Oceanside,Franchise_Type__c,(null),In-Franchise,franchise_mapping.json (Monday-derived),2026-04-24T13:49:49,backfill
006WR00000wiNoRYAU,Sonoran Vista,Franchise_Type__c,(null),In-Franchise,franchise_mapping.json (Monday-derived),2026-04-24T13:49:49,backfill
006WR00000wiNoSYAU,Haciendas de la Playa,Franchise_Type__c,(null),In-Franchise,franchise_mapping.json (Monday-derived),2026-04-24T13:49:49,backfill
006WR00000wiNoTYAU,Charleston Gardens,Franchise_Type__c,(null),In-Franchise,franchise_mapping.json (Monday-derived),2026-04-24T13:49:49,backfill
006WR00000wiNoUYAU,Finn Apartments,Franchise_Type__c,(null),In-Franchise,franchise_mapping.json (Monday-derived),2026-04-24T13:49:49,backfill
006WR00000wiNoVYAU,Haven at Lone Mountain Apartments,Franchise_Type__c,(null),In-Franchise,franchise_mapping.json (Monday-derived),2026-04-24T13:49:49,backfill
006WR00000wiNoWYAU,Lumina on 19th Apartments,Franchise_Type__c,(null),In-Franchise,franchise_mapping.json (Monday-derived),2026-04-24T13:49:49,backfill
006WR00000wiNoXYAU,Olive Queen Creek,Franchise_Type__c,(null),In-Franchise,franchise_mapping.json (Monday-derived),2026-04-24T13:49:49,backfill
006WR00000wiNoYYAU,Casa Santa Fe,Franchise_Type__c,(null),In-Franchise,franchise_mapping.json (Monday-derived),2026-04-24T13:49:49,backfill
006WR00000wiNoZYAU,Kaia Pointe,Franchise_Type__c,(null),In-Franchise,franchise_mapping.json (Monday-derived),2026-04-24T13:49:49,backfill
006WR00000wiNoaYAE,Southgate Glen,Franchise_Type__c,(null),In-Franchise,franchise_mapping.json (Monday-derived),2026-04-24T13:49:49,backfill
006WR00000wiNobYAE,Gardens of Weatherford,Franchise_Type__c,(null),In-Franchise,franchise_mapping.json (Monday-derived),2026-04-24T13:49:49,backfill
006WR00000wiNocYAE,Jones13,Franchise_Type__c,(null),In-Franchise,franchise_mapping.json (Monday-derived),2026-04-24T13:49:49,backfill
006WR00000wiNodYAE,Paisley & Pointe at Centennial Hills,Franchise_Type__c,(null),In-Franchise,franchise_mapping.json (Monday-derived),2026-04-24T13:49:49,backfill
006WR00000wiNoeYAE,Country Oaks Apartments,Franchise_Type__c,(null),In-Franchise,franchise_mapping.json (Monday-derived),2026-04-24T13:49:49,backfill
006WR00000wiNofYAE,Woodridge Villas,Franchise_Type__c,(null),In-Franchise,franchise_mapping.json (Monday-derived),2026-04-24T13:49:49,backfill
006WR00000wiNogYAE,Senator Richard Bryon Senior Apartments,Franchise_Type__c,(null),In-Franchise,franchise_mapping.json (Monday-derived),2026-04-24T13:49:49,backfill
006WR00000wiNohYAE,Noel Crest Condos HOA,Franchise_Type__c,(null),In-Franchise,franchise_mapping.json (Monday-derived),2026-04-24T13:49:49,backfill
006WR00000wiNoiYAE,Lattitude,Franchise_Type__c,(null),In-Franchise,franchise_mapping.json (Monday-derived),2026-04-24T13:49:49,backfill
006WR00000wiNojYAE,Elysian at Post,Franchise_Type__c,(null),In-Franchise,franchise_mapping.json (Monday-derived),2026-04-24T13:49:49,backfill
006WR00000wiNokYAE,Foster Greens Apartments,Franchise_Type__c,(null),In-Franchise,franchise_mapping.json (Monday-derived),2026-04-24T13:49:49,backfill
006WR00000wiNolYAE,Talisman Condos,Franchise_Type__c,(null),In-Franchise,franchise_mapping.json (Monday-derived),2026-04-24T13:49:49,backfill
006WR00000wiNomYAE,Fiesta Condos,Franchise_Type__c,(null),In-Franchise,franchise_mapping.json (Monday-derived),2026-04-24T13:49:49,backfill
006WR00000wiNonYAE,Wyndham Villas - Broadmoor,Franchise_Type__c,(null),In-Franchise,franchise_mapping.json (Monday-derived),2026-04-24T13:49:49,backfill
006WR00000wiNooYAE,The Ridge & Shores Apartments,Franchise_Type__c,(null),In-Franchise,franchise_mapping.json (Monday-derived),2026-04-24T13:49:49,backfill
006WR00000wiNopYAE,Western Sun Apartments,Franchise_Type__c,(null),In-Franchise,franchise_mapping.json (Monday-derived),2026-04-24T13:49:49,backfill
006WR00000wiNoqYAE,Viewpoint Apartment Homes,Franchise_Type__c,(null),In-Franchise,franchise_mapping.json (Monday-derived),2026-04-24T13:49:49,backfill
006WR00000wiNorYAE,Jerome Apartments,Franchise_Type__c,(null),In-Franchise,franchise_mapping.json (Monday-derived),2026-04-24T13:49:49,backfill
006WR00000wiNosYAE,Sandstone Apartments,Franchise_Type__c,(null),In-Franchise,franchise_mapping.json (Monday-derived),2026-04-24T13:49:49,backfill
006WR00000wiNotYAE,Lyn Terrace Apartments _Lumen Fl_Marvin,Franchise_Type__c,(null),In-Franchise,franchise_mapping.json (Monday-derived),2026-04-24T13:49:49,backfill
006WR00000wiNouYAE,Lakeside Heights,Franchise_Type__c,(null),In-Franchise,franchise_mapping.json (Monday-derived),2026-04-24T13:49:49,backfill
006WR00000wiNovYAE,Clarendon,Franchise_Type__c,(null),In-Franchise,franchise_mapping.json (Monday-derived),2026-04-24T13:49:49,backfill
006WR00000wiNowYAE,Cinnabar Apts.,Franchise_Type__c,(null),In-Franchise,franchise_mapping.json (Monday-derived),2026-04-24T13:49:49,backfill
006WR00000wiNoxYAE,Jasper,Franchise_Type__c,(null),In-Franchise,franchise_mapping.json (Monday-derived),2026-04-24T13:49:49,backfill
006WR00000wiNoyYAE,University Gardens Apartment,Franchise_Type__c,(null),In-Franchise,franchise_mapping.json (Monday-derived),2026-04-24T13:49:49,backfill
006WR00000wiNozYAE,Cliffs at North Mountain,Franchise_Type__c,(null),In-Franchise,franchise_mapping.json (Monday-derived),2026-04-24T13:49:49,backfill
006WR00000wiNp0YAE,Palm Aire Apts.,Franchise_Type__c,(null),In-Franchise,franchise_mapping.json (Monday-derived),2026-04-24T13:49:49,backfill
006WR00000wiNp1YAE,Landes - Thrive Communities,Franchise_Type__c,(null),In-Franchise,franchise_mapping.json (Monday-derived),2026-04-24T13:49:49,backfill
006WR00000wiNp2YAE,Big Trout Lodge,Franchise_Type__c,(null),In-Franchise,franchise_mapping.json (Monday-derived),2026-04-24T13:49:49,backfill
006WR00000wiNp3YAE,Cimarron Apartments LV,Franchise_Type__c,(null),In-Franchise,franchise_mapping.json (Monday-derived),2026-04-24T13:49:49,backfill
006WR00000wiNp4YAE,Lyons Glen Apartments,Franchise_Type__c,(null),In-Franchise,franchise_mapping.json (Monday-derived),2026-04-24T13:49:49,backfill
006WR00000wiNp5YAE,Regency Woods Apartments,Franchise_Type__c,(null),In-Franchise,franchise_mapping.json (Monday-derived),2026-04-24T13:49:49,backfill
006WR00000wiNp6YAE,Soundview Apartment Homes,Franchise_Type__c,(null),In-Franchise,franchise_mapping.json (Monday-derived),2026-04-24T13:49:49,backfill
006WR00000wj8JOYAY,The Link,Franchise_Type__c,(null),In-Franchise,franchise_mapping.json (Monday-derived),2026-04-24T13:49:49,backfill
006WR00000wj8JPYAY,The Flats at SanTan,Franchise_Type__c,(null),In-Franchise,franchise_mapping.json (Monday-derived),2026-04-24T13:49:49,backfill
006WR00000wj8JQYAY,Oasis in Mesa,Franchise_Type__c,(null),In-Franchise,franchise_mapping.json (Monday-derived),2026-04-24T13:49:49,backfill
006WR00000wj8JRYAY,The Madison,Franchise_Type__c,(null),In-Franchise,franchise_mapping.json (Monday-derived),2026-04-24T13:49:49,backfill
006WR00000wj8JSYAY,The Wyatt,Franchise_Type__c,(null),In-Franchise,franchise_mapping.json (Monday-derived),2026-04-24T13:49:49,backfill
006WR00000wj8JTYAY,Acero Val Vista,Franchise_Type__c,(null),In-Franchise,franchise_mapping.json (Monday-derived),2026-04-24T13:49:49,backfill
006WR00000wj8JUYAY,Mesa Village,Franchise_Type__c,(null),In-Franchise,franchise_mapping.json (Monday-derived),2026-04-24T13:49:49,backfill
006WR00000wj8JVYAY,Avana Gilbert,Franchise_Type__c,(null),In-Franchise,franchise_mapping.json (Monday-derived),2026-04-24T13:49:49,backfill
006WR00000wj8JWYAY,Fiesta Village Furnished Apartments,Franchise_Type__c,(null),In-Franchise,franchise_mapping.json (Monday-derived),2026-04-24T13:49:49,backfill
006WR00000wj8JXYAY,Town Germann,Franchise_Type__c,(null),In-Franchise,franchise_mapping.json (Monday-derived),2026-04-24T13:49:49,backfill
006WR00000wj8JYYAY,Marigold Ranch at San Tan Village,Franchise_Type__c,(null),In-Franchise,franchise_mapping.json (Monday-derived),2026-04-24T13:49:49,backfill
006WR00000wj8JZYAY,College Park Woods,Franchise_Type__c,(null),In-Franchise,franchise_mapping.json (Monday-derived),2026-04-24T13:49:49,backfill
006WR00000wj8JaYAI,SunVilla Apartments,Franchise_Type__c,(null),In-Franchise,franchise_mapping.json (Monday-derived),2026-04-24T13:49:49,backfill
006WR00000wj8JbYAI,El Mirage Mobile Home Park ( Saguaro Sun ),Franchise_Type__c,(null),In-Franchise,franchise_mapping.json (Monday-derived),2026-04-24T13:49:49,backfill
006WR00000wj8JcYAI,Royal Palms Village (MHP),Franchise_Type__c,(null),In-Franchise,franchise_mapping.json (Monday-derived),2026-04-24T13:49:49,backfill
006WR00000wj8JdYAI,Sunset Resort-520 Spaces (MHP),Franchise_Type__c,(null),In-Franchise,franchise_mapping.json (Monday-derived),2026-04-24T13:49:49,backfill
006WR00000wj8JeYAI,Avia 266,Franchise_Type__c,(null),In-Franchise,franchise_mapping.json (Monday-derived),2026-04-24T13:49:49,backfill
006WR00000wj8JfYAI,Cadia Crossing,Franchise_Type__c,(null),In-Franchise,franchise_mapping.json (Monday-derived),2026-04-24T13:49:49,backfill
006WR00000wj8JgYAI,Apache Wells Trailer Rv Resort (MHP),Franchise_Type__c,(null),In-Franchise,franchise_mapping.json (Monday-derived),2026-04-24T13:49:49,backfill
006WR00000wj8JhYAI,Agave Apartments,Franchise_Type__c,(null),In-Franchise,franchise_mapping.json (Monday-derived),2026-04-24T13:49:49,backfill
006WR00000wj8JiYAI,Ascend at Red Mountain,Franchise_Type__c,(null),In-Franchise,franchise_mapping.json (Monday-derived),2026-04-24T13:49:49,backfill
006WR00000wj8JjYAI,Ascend at Longbow Highpoint,Franchise_Type__c,(null),In-Franchise,franchise_mapping.json (Monday-derived),2026-04-24T13:49:49,backfill
006WR00000wj8JkYAI,Album Mountain Vista,Franchise_Type__c,(null),In-Franchise,franchise_mapping.json (Monday-derived),2026-04-24T13:49:49,backfill
006WR00000wj8JlYAI,Candela Park,Franchise_Type__c,(null),In-Franchise,franchise_mapping.json (Monday-derived),2026-04-24T13:49:49,backfill
006WR00000wj8JmYAI,Dartmouth Trace,Franchise_Type__c,(null),In-Franchise,franchise_mapping.json (Monday-derived),2026-04-24T13:49:49,backfill
006WR00000wj8JnYAI,Aspenwood Mobile Home Park (MHP),Franchise_Type__c,(null),In-Franchise,franchise_mapping.json (Monday-derived),2026-04-24T13:49:49,backfill
006WR00000wj8JoYAI,Brookview Apartments,Franchise_Type__c,(null),In-Franchise,franchise_mapping.json (Monday-derived),2026-04-24T13:49:49,backfill
006WR00000wj8JpYAI,Alta Uptown (Chandler AZ),Franchise_Type__c,(null),In-Franchise,franchise_mapping.json (Monday-derived),2026-04-24T13:49:49,backfill
006WR00000wj8JqYAI,Calusa Trace,Franchise_Type__c,(null),In-Franchise,franchise_mapping.json (Monday-derived),2026-04-24T13:49:49,backfill
006WR00000wj8JrYAI,Broadway Estates,Franchise_Type__c,(null),In-Franchise,franchise_mapping.json (Monday-derived),2026-04-24T13:49:49,backfill
006WR00000wj8JsYAI,BB Living at Val Vista,Franchise_Type__c,(null),In-Franchise,franchise_mapping.json (Monday-derived),2026-04-24T13:49:49,backfill
006WR00000wj8JtYAI,Camden Tempe,Franchise_Type__c,(null),In-Franchise,franchise_mapping.json (Monday-derived),2026-04-24T13:49:49,backfill
006WR00000wj8JuYAI,Agave Village,Franchise_Type__c,(null),In-Franchise,franchise_mapping.json (Monday-derived),2026-04-24T13:49:49,backfill
006WR00000wj8JvYAI,Crismon Gateway Rentals,Franchise_Type__c,(null),In-Franchise,franchise_mapping.json (Monday-derived),2026-04-24T13:49:49,backfill
006WR00000wj8JwYAI,Cactus Wren (MHP),Franchise_Type__c,(null),In-Franchise,franchise_mapping.json (Monday-derived),2026-04-24T13:49:49,backfill
006WR00000wj8JxYAI,Tuscan Isle,Franchise_Type__c,(null),In-Franchise,franchise_mapping.json (Monday-derived),2026-04-24T13:49:49,backfill
006WR00000wj8JyYAI,Beverly Mobile Home Park,Franchise_Type__c,(null),In-Franchise,franchise_mapping.json (Monday-derived),2026-04-24T13:49:49,backfill
006WR00000wj8JzYAI,Centennial Village,Franchise_Type__c,(null),In-Franchise,franchise_mapping.json (Monday-derived),2026-04-24T13:49:49,backfill
006WR00000wj8K0YAI,Castillo Nuevo,Franchise_Type__c,(null),In-Franchise,franchise_mapping.json (Monday-derived),2026-04-24T13:49:49,backfill
006WR00000wj8K1YAI,Westchase Apartments,Franchise_Type__c,(null),In-Franchise,franchise_mapping.json (Monday-derived),2026-04-24T13:49:49,backfill
006WR00000wj8K2YAI,Copper Point,Franchise_Type__c,(null),In-Franchise,franchise_mapping.json (Monday-derived),2026-04-24T13:49:49,backfill
006WR00000wj8K3YAI,Casa Serena (MHP),Franchise_Type__c,(null),In-Franchise,franchise_mapping.json (Monday-derived),2026-04-24T13:49:49,backfill
006WR00000wj8K4YAI,Arizona Acres Resort,Franchise_Type__c,(null),In-Franchise,franchise_mapping.json (Monday-derived),2026-04-24T13:49:49,backfill
006WR00000wj8K5YAI,1758 S Val Vista Dr,Franchise_Type__c,(null),In-Franchise,franchise_mapping.json (Monday-derived),2026-04-24T13:49:49,backfill
006WR00000wj8K6YAI,Annex at Cadence,Franchise_Type__c,(null),In-Franchise,franchise_mapping.json (Monday-derived),2026-04-24T13:49:49,backfill
006WR00000wj8K7YAI,Alta Vista Apartments,Franchise_Type__c,(null),In-Franchise,franchise_mapping.json (Monday-derived),2026-04-24T13:49:49,backfill
006WR00000wj8K8YAI,9736 E Main St (MHP),Franchise_Type__c,(null),In-Franchise,franchise_mapping.json (Monday-derived),2026-04-24T13:49:49,backfill
006WR00000wj8K9YAI,315-321 N Higley Rd,Franchise_Type__c,(null),In-Franchise,franchise_mapping.json (Monday-derived),2026-04-24T13:49:49,backfill
006WR00000wj8KAYAY,Buenas on Broadway,Franchise_Type__c,(null),In-Franchise,franchise_mapping.json (Monday-derived),2026-04-24T13:49:49,backfill
006WR00000wj8KBYAY,Centennial Village Corp,Franchise_Type__c,(null),In-Franchise,franchise_mapping.json (Monday-derived),2026-04-24T13:49:49,backfill
006WR00000wj8KCYAY,1151 W Dragoon Cir,Franchise_Type__c,(null),In-Franchise,franchise_mapping.json (Monday-derived),2026-04-24T13:49:49,backfill
006WR00000wj8KDYAY,Brighthaven Estates,Franchise_Type__c,(null),In-Franchise,franchise_mapping.json (Monday-derived),2026-04-24T13:49:49,backfill
006WR00000wj8KEYAY,Encore on First West,Franchise_Type__c,(null),In-Franchise,franchise_mapping.json (Monday-derived),2026-04-24T13:49:49,backfill
006WR00000wj8KFYAY,Mesa Artspace Lofts,Franchise_Type__c,(null),In-Franchise,franchise_mapping.json (Monday-derived),2026-04-24T13:49:49,backfill
006WR00000wj8KGYAY,4455 Greenwood Avenue,Franchise_Type__c,(null),In-Franchise,franchise_mapping.json (Monday-derived),2026-04-24T13:49:49,backfill
006WR00000wj8KHYAY,Kings Gate Senior Apartments,Franchise_Type__c,(null),In-Franchise,franchise_mapping.json (Monday-derived),2026-04-24T13:49:49,backfill
006WR00000wj8KIYAY,Prairie Spring Apartments,Franchise_Type__c,(null),In-Franchise,franchise_mapping.json (Monday-derived),2026-04-24T13:49:49,backfill
006WR00000wj8KJYAY,5301-5307 S. Maryland Avenue,Franchise_Type__c,(null),In-Franchise,franchise_mapping.json (Monday-derived),2026-04-24T13:49:49,backfill
006WR00000wj8KKYAY,Mesa Station,Franchise_Type__c,(null),In-Franchise,franchise_mapping.json (Monday-derived),2026-04-24T13:49:49,backfill
006WR00000wj8KLYAY,Juniper Gardens,Franchise_Type__c,(null),In-Franchise,franchise_mapping.json (Monday-derived),2026-04-24T13:49:49,backfill
006WR00000wj8KMYAY,5049 S. Drexel Boulevard,Franchise_Type__c,(null),In-Franchise,franchise_mapping.json (Monday-derived),2026-04-24T13:49:49,backfill
006WR00000wj8KNYAY,Avondale Apartments Envolve (copy),Franchise_Type__c,(null),In-Franchise,franchise_mapping.json (Monday-derived),2026-04-24T13:49:49,backfill
006WR00000wj8KOYAY,Ocean Crest Apartments,Franchise_Type__c,(null),In-Franchise,franchise_mapping.json (Monday-derived),2026-04-24T13:49:49,backfill
006WR00000wj8KPYAY,Albany Apartments,Franchise_Type__c,(null),In-Franchise,franchise_mapping.json (Monday-derived),2026-04-24T13:49:49,backfill
006WR00000wj8KQYAY,Arboretum Village,Franchise_Type__c,(null),In-Franchise,franchise_mapping.json (Monday-derived),2026-04-24T13:49:49,backfill
006WR00000wj8KRYAY,5053 S. Ellis Avenue,Franchise_Type__c,(null),In-Franchise,franchise_mapping.json (Monday-derived),2026-04-24T13:49:49,backfill
006WR00000wj8KSYAY,Biltmore Terrace Condominiums,Franchise_Type__c,(null),In-Franchise,franchise_mapping.json (Monday-derived),2026-04-24T13:49:49,backfill
006WR00000wj8KTYAY,Embassy Park Apartments,Franchise_Type__c,(null),In-Franchise,franchise_mapping.json (Monday-derived),2026-04-24T13:49:49,backfill
006WR00000wj8KUYAY,Alta Rise,Franchise_Type__c,(null),In-Franchise,franchise_mapping.json (Monday-derived),2026-04-24T13:49:49,backfill
006WR00000wj8KVYAY,Greentree Place Apartments,Franchise_Type__c,(null),In-Franchise,franchise_mapping.json (Monday-derived),2026-04-24T13:49:49,backfill
006WR00000wj8KWYAY,102 West 9th Place Apartments,Franchise_Type__c,(null),In-Franchise,franchise_mapping.json (Monday-derived),2026-04-24T13:49:49,backfill
006WR00000wj8KXYAY,Residences at Sorensen Square,Franchise_Type__c,(null),In-Franchise,franchise_mapping.json (Monday-derived),2026-04-24T13:49:49,backfill
006WR00000wj8KYYAY,5100-5120 S. Ellis Avenue,Franchise_Type__c,(null),In-Franchise,franchise_mapping.json (Monday-derived),2026-04-24T13:49:49,backfill
006WR00000wj8KZYAY,4721-29 S. Ellis St,Franchise_Type__c,(null),In-Franchise,franchise_mapping.json (Monday-derived),2026-04-24T13:49:49,backfill
006WR00000wj8KaYAI,The Village at Grant Square,Franchise_Type__c,(null),In-Franchise,franchise_mapping.json (Monday-derived),2026-04-24T13:49:49,backfill
006WR00000wj8KbYAI,5111 S. Kimbark Avenue,Franchise_Type__c,(null),In-Franchise,franchise_mapping.json (Monday-derived),2026-04-24T13:49:49,backfill
006WR00000wj8KcYAI,Camelot Village,Franchise_Type__c,(null),In-Franchise,franchise_mapping.json (Monday-derived),2026-04-24T13:49:49,backfill
006WR00000wj8KdYAI,5350-5358 S. Maryland,Franchise_Type__c,(null),In-Franchise,franchise_mapping.json (Monday-derived),2026-04-24T13:49:49,backfill
006WR00000wj8KeYAI,Peony Village,Franchise_Type__c,(null),In-Franchise,franchise_mapping.json (Monday-derived),2026-04-24T13:49:49,backfill
006WR00000wj8KfYAI,Sunrise on the Rail,Franchise_Type__c,(null),In-Franchise,franchise_mapping.json (Monday-derived),2026-04-24T13:49:49,backfill
006WR00000wj8KgYAI,5118-5120 S. Greenwood Avenue,Franchise_Type__c,(null),In-Franchise,franchise_mapping.json (Monday-derived),2026-04-24T13:49:49,backfill
006WR00000wj8KhYAI,5120 S. Hyde Park Boulevard,Franchise_Type__c,(null),In-Franchise,franchise_mapping.json (Monday-derived),2026-04-24T13:49:49,backfill
006WR00000wj8KiYAI,Discovery at Daybreak HOA,Franchise_Type__c,(null),In-Franchise,franchise_mapping.json (Monday-derived),2026-04-24T13:49:49,backfill
006WR00000wj8KjYAI,5400-5406 S. Maryland,Franchise_Type__c,(null),In-Franchise,franchise_mapping.json (Monday-derived),2026-04-24T13:49:49,backfill
006WR00000wj8KkYAI,5128-5132 S. Cornell Avenue,Franchise_Type__c,(null),In-Franchise,franchise_mapping.json (Monday-derived),2026-04-24T13:49:49,backfill
006WR00000wj8KlYAI,5202-5210 S. Cornell Avenue,Franchise_Type__c,(null),In-Franchise,franchise_mapping.json (Monday-derived),2026-04-24T13:49:49,backfill
006WR00000wj8KmYAI,Shadow Pointe HOA,Franchise_Type__c,(null),In-Franchise,franchise_mapping.json (Monday-derived),2026-04-24T13:49:49,backfill
006WR00000wj8KnYAI,5218-5220 S. Kimbark Avenue,Franchise_Type__c,(null),In-Franchise,franchise_mapping.json (Monday-derived),2026-04-24T13:49:49,backfill
006WR00000wj8KoYAI,Siena Apartments,Franchise_Type__c,(null),In-Franchise,franchise_mapping.json (Monday-derived),2026-04-24T13:49:49,backfill
006WR00000wj8KpYAI,4859 S. Champlain Avenue,Franchise_Type__c,(null),In-Franchise,franchise_mapping.json (Monday-derived),2026-04-24T13:49:49,backfill
006WR00000wj8KqYAI,Parkview (AKA Elevate Apartments),Franchise_Type__c,(null),In-Franchise,franchise_mapping.json (Monday-derived),2026-04-24T13:49:49,backfill
006WR00000wj8KrYAI,5222-38 S Drexel Ave.,Franchise_Type__c,(null),In-Franchise,franchise_mapping.json (Monday-derived),2026-04-24T13:49:49,backfill
006WR00000wj8KsYAI,Pine Tree Apartments,Franchise_Type__c,(null),In-Franchise,franchise_mapping.json (Monday-derived),2026-04-24T13:49:49,backfill
006WR00000wj8KtYAI,5229 S. Drexel Avenue,Franchise_Type__c,(null),In-Franchise,franchise_mapping.json (Monday-derived),2026-04-24T13:49:49,backfill
006WR00000wj8KuYAI,5232 S. Hyde Park,Franchise_Type__c,(null),In-Franchise,franchise_mapping.json (Monday-derived),2026-04-24T13:49:49,backfill
006WR00000wj8KvYAI,5234-5244 S. Ingleside Avenue,Franchise_Type__c,(null),In-Franchise,franchise_mapping.json (Monday-derived),2026-04-24T13:49:49,backfill
006WR00000wj8KwYAI,Willow Ridge Townhomes,Franchise_Type__c,(null),In-Franchise,franchise_mapping.json (Monday-derived),2026-04-24T13:49:49,backfill
006WR00000wj8KxYAI,Silver Creek - Mesa,Franchise_Type__c,(null),In-Franchise,franchise_mapping.json (Monday-derived),2026-04-24T13:49:49,backfill
006WR00000wj8KyYAI,5237-5245 S. Kenwood Avenue,Franchise_Type__c,(null),In-Franchise,franchise_mapping.json (Monday-derived),2026-04-24T13:49:49,backfill
006WR00000wjKFlYAM,Chapel Hill Apartments,Franchise_Type__c,(null),In-Franchise,franchise_mapping.json (Monday-derived),2026-04-24T13:49:49,backfill
006WR00000wjKFmYAM,Ascend at Westinghouse,Franchise_Type__c,(null),In-Franchise,franchise_mapping.json (Monday-derived),2026-04-24T13:49:49,backfill
006WR00000wjKFnYAM,Alta Berry Creek,Franchise_Type__c,(null),In-Franchise,franchise_mapping.json (Monday-derived),2026-04-24T13:49:49,backfill
006WR00000wjKFoYAM,Versante Apartment Homes,Franchise_Type__c,(null),In-Franchise,franchise_mapping.json (Monday-derived),2026-04-24T13:49:49,backfill
006WR00000wjKFpYAM,Cinnabar Apartments,Franchise_Type__c,(null),In-Franchise,franchise_mapping.json (Monday-derived),2026-04-24T13:49:49,backfill
006WR00000wjKFqYAM,Palm Aire Apartments,Franchise_Type__c,(null),In-Franchise,franchise_mapping.json (Monday-derived),2026-04-24T13:49:49,backfill
006WR00000wjKFrYAM,Strada Apartments,Franchise_Type__c,(null),In-Franchise,franchise_mapping.json (Monday-derived),2026-04-24T13:49:49,backfill
006WR00000wjKFsYAM,Evergreen At Keller,Franchise_Type__c,(null),In-Franchise,franchise_mapping.json (Monday-derived),2026-04-24T13:49:49,backfill
006WR00000wjKFtYAM,Whitley Place,Franchise_Type__c,(null),In-Franchise,franchise_mapping.json (Monday-derived),2026-04-24T13:49:49,backfill
006WR00000wjKFuYAM,Adley at Gleannloch,Franchise_Type__c,(null),In-Franchise,franchise_mapping.json (Monday-derived),2026-04-24T13:49:49,backfill
006WR00000wjKFvYAM,Alleia Long Meadow Farms,Franchise_Type__c,(null),In-Franchise,franchise_mapping.json (Monday-derived),2026-04-24T13:49:49,backfill
006WR00000wjKFwYAM,Ariza Plum Creek,Franchise_Type__c,(null),In-Franchise,franchise_mapping.json (Monday-derived),2026-04-24T13:49:49,backfill
006WR00000wjKFxYAM,Auberry at Twin Creeks,Franchise_Type__c,(null),In-Franchise,franchise_mapping.json (Monday-derived),2026-04-24T13:49:49,backfill
006WR00000wjKFyYAM,Aura 36Hundred,Franchise_Type__c,(null),In-Franchise,franchise_mapping.json (Monday-derived),2026-04-24T13:49:49,backfill
006WR00000wjKFzYAM,Aura Benbrook,Franchise_Type__c,(null),In-Franchise,franchise_mapping.json (Monday-derived),2026-04-24T13:49:49,backfill
006WR00000wjKG0YAM,Bluff Creek,Franchise_Type__c,(null),In-Franchise,franchise_mapping.json (Monday-derived),2026-04-24T13:49:49,backfill
006WR00000wjKG1YAM,Brandon Place,Franchise_Type__c,(null),In-Franchise,franchise_mapping.json (Monday-derived),2026-04-24T13:49:49,backfill
006WR00000wjKG2YAM,Bridgeport,Franchise_Type__c,(null),In-Franchise,franchise_mapping.json (Monday-derived),2026-04-24T13:49:49,backfill
006WR00000wjKG3YAM,Satori Frisco,Franchise_Type__c,(null),In-Franchise,franchise_mapping.json (Monday-derived),2026-04-24T13:49:49,backfill
006WR00000wjKG4YAM,Hangar 19,Franchise_Type__c,(null),In-Franchise,franchise_mapping.json (Monday-derived),2026-04-24T13:49:49,backfill
006WR00000wjKG5YAM,Lakes at Westview I,Franchise_Type__c,(null),In-Franchise,franchise_mapping.json (Monday-derived),2026-04-24T13:49:49,backfill
006WR00000wjKG6YAM,Lakes at Westview II,Franchise_Type__c,(null),In-Franchise,franchise_mapping.json (Monday-derived),2026-04-24T13:49:49,backfill
006WR00000wjKG7YAM,Markham Oaks,Franchise_Type__c,(null),In-Franchise,franchise_mapping.json (Monday-derived),2026-04-24T13:49:49,backfill
006WR00000wjKG8YAM,Riverhill,Franchise_Type__c,(null),In-Franchise,franchise_mapping.json (Monday-derived),2026-04-24T13:49:49,backfill
006WR00000wjKG9YAM,Satori at Long Meadow,Franchise_Type__c,(null),In-Franchise,franchise_mapping.json (Monday-derived),2026-04-24T13:49:49,backfill
006WR00000wjKGAYA2,Vale Frisco,Franchise_Type__c,(null),In-Franchise,franchise_mapping.json (Monday-derived),2026-04-24T13:49:49,backfill
006WR00000wjKGBYA2,Vale Luxury,Franchise_Type__c,(null),In-Franchise,franchise_mapping.json (Monday-derived),2026-04-24T13:49:49,backfill
006WR00000wjKGCYA2,Volterra at Westlake,Franchise_Type__c,(null),In-Franchise,franchise_mapping.json (Monday-derived),2026-04-24T13:49:49,backfill
006WR00000wjKGDYA2,Westwood Park,Franchise_Type__c,(null),In-Franchise,franchise_mapping.json (Monday-derived),2026-04-24T13:49:49,backfill
006WR00000wjKGEYA2,Wimbledon Green,Franchise_Type__c,(null),In-Franchise,franchise_mapping.json (Monday-derived),2026-04-24T13:49:49,backfill
006WR00000wjKGFYA2,Wimbledon Green II,Franchise_Type__c,(null),In-Franchise,franchise_mapping.json (Monday-derived),2026-04-24T13:49:49,backfill
006WR00000wjKGGYA2,Woodrun Village,Franchise_Type__c,(null),In-Franchise,franchise_mapping.json (Monday-derived),2026-04-24T13:49:49,backfill
006WR00000wjKGHYA2,Springpointe Condominiums,Franchise_Type__c,(null),In-Franchise,franchise_mapping.json (Monday-derived),2026-04-24T13:49:49,backfill
006WR00000wjKGIYA2,Manor at Aliante,Franchise_Type__c,(null),In-Franchise,franchise_mapping.json (Monday-derived),2026-04-24T13:49:49,backfill
006WR00000wjKGJYA2,Sterling Court,Franchise_Type__c,(null),In-Franchise,franchise_mapping.json (Monday-derived),2026-04-24T13:49:49,backfill
006WR00000wjKGKYA2,High Noon at Arlington Ranch,Franchise_Type__c,(null),In-Franchise,franchise_mapping.json (Monday-derived),2026-04-24T13:49:49,backfill
006WR00000wjKGLYA2,Regency Village,Franchise_Type__c,(null),In-Franchise,franchise_mapping.json (Monday-derived),2026-04-24T13:49:49,backfill
006WR00000wjKGMYA2,Travata and Montage at Summerlin Centre,Franchise_Type__c,(null),In-Franchise,franchise_mapping.json (Monday-derived),2026-04-24T13:49:49,backfill
006WR00000wjKGNYA2,Western Oaks Apartments,Franchise_Type__c,(null),In-Franchise,franchise_mapping.json (Monday-derived),2026-04-24T13:49:49,backfill
006WR00000wjKGOYA2,Mitchell Farm,Franchise_Type__c,(null),In-Franchise,franchise_mapping.json (Monday-derived),2026-04-24T13:49:49,backfill
006WR00000wjKGPYA2,Reynolds Crossing,Franchise_Type__c,(null),In-Franchise,franchise_mapping.json (Monday-derived),2026-04-24T13:49:49,backfill
006WR00000wjKGQYA2,Anthem Country Club,Franchise_Type__c,(null),In-Franchise,franchise_mapping.json (Monday-derived),2026-04-24T13:49:49,backfill
006WR00000wjKGRYA2,Falls At Borough Park,Franchise_Type__c,(null),In-Franchise,franchise_mapping.json (Monday-derived),2026-04-24T13:49:49,backfill
006WR00000wjKGSYA2,Frisco Satori,Franchise_Type__c,(null),In-Franchise,franchise_mapping.json (Monday-derived),2026-04-24T13:49:49,backfill
006WR00000wjKGTYA2,Cienega Springs,Franchise_Type__c,(null),In-Franchise,franchise_mapping.json (Monday-derived),2026-04-24T13:49:49,backfill
006WR00000wjKGUYA2,Forest Manor,Franchise_Type__c,(null),In-Franchise,franchise_mapping.json (Monday-derived),2026-04-24T13:49:49,backfill
006WR00000wjKGVYA2,Fox Street,Franchise_Type__c,(null),In-Franchise,franchise_mapping.json (Monday-derived),2026-04-24T13:49:49,backfill
006WR00000wjKGWYA2,Capri-Riverstone,Franchise_Type__c,(null),In-Franchise,franchise_mapping.json (Monday-derived),2026-04-24T13:49:49,backfill
006WR00000wjKGXYA2,Madison Hill,Franchise_Type__c,(null),In-Franchise,franchise_mapping.json (Monday-derived),2026-04-24T13:49:49,backfill
006WR00000wjKGYYA2,Riviera,Franchise_Type__c,(null),In-Franchise,franchise_mapping.json (Monday-derived),2026-04-24T13:49:49,backfill
006WR00000wjKGZYA2,Mountain Valley MHC,Franchise_Type__c,(null),In-Franchise,franchise_mapping.json (Monday-derived),2026-04-24T13:49:49,backfill
006WR00000wjKGaYAM,Vallejo Terrace Apts,Franchise_Type__c,(null),In-Franchise,franchise_mapping.json (Monday-derived),2026-04-24T13:49:49,backfill
006WR00000wjKGbYAM,Prentice Place,Franchise_Type__c,(null),In-Franchise,franchise_mapping.json (Monday-derived),2026-04-24T13:49:49,backfill
006WR00000wjKGcYAM,Bransons Resort,Franchise_Type__c,(null),In-Franchise,franchise_mapping.json (Monday-derived),2026-04-24T13:49:49,backfill
006WR00000wjKGdYAM,Aspen Basalt MHC,Franchise_Type__c,(null),In-Franchise,franchise_mapping.json (Monday-derived),2026-04-24T13:49:49,backfill
006WR00000wjKGeYAM,Min Ari,Franchise_Type__c,(null),In-Franchise,franchise_mapping.json (Monday-derived),2026-04-24T13:49:49,backfill
006WR00000wjKGfYAM,Miracle Mile,Franchise_Type__c,(null),In-Franchise,franchise_mapping.json (Monday-derived),2026-04-24T13:49:49,backfill
006WR00000wjKGgYAM,Crisman Apartments,Franchise_Type__c,(null),In-Franchise,franchise_mapping.json (Monday-derived),2026-04-24T13:49:49,backfill
006WR00000wjKGhYAM,Chesney Kleinjohn Apts,Franchise_Type__c,(null),In-Franchise,franchise_mapping.json (Monday-derived),2026-04-24T13:49:49,backfill
006WR00000wjKGiYAM,Quail Ridge Estates,Franchise_Type__c,(null),In-Franchise,franchise_mapping.json (Monday-derived),2026-04-24T13:49:49,backfill
006WR00000wjKGjYAM,"Castle Park MHC, LLC",Franchise_Type__c,(null),In-Franchise,franchise_mapping.json (Monday-derived),2026-04-24T13:49:49,backfill
006WR00000wjKGkYAM,LincolnPointe Lofts I,Franchise_Type__c,(null),In-Franchise,franchise_mapping.json (Monday-derived),2026-04-24T13:49:49,backfill
006WR00000wjKGlYAM,Alma Meadows,Franchise_Type__c,(null),In-Franchise,franchise_mapping.json (Monday-derived),2026-04-24T13:49:49,backfill
006WR00000wjKGmYAM,Wildcreek Garden,Franchise_Type__c,(null),In-Franchise,franchise_mapping.json (Monday-derived),2026-04-24T13:49:49,backfill
006WR00000wjKGnYAM,Juan Diego Apts,Franchise_Type__c,(null),In-Franchise,franchise_mapping.json (Monday-derived),2026-04-24T13:49:49,backfill
006WR00000wjKGoYAM,Canada Hills,Franchise_Type__c,(null),In-Franchise,franchise_mapping.json (Monday-derived),2026-04-24T13:49:49,backfill
006WR00000wjKGpYAM,Lumien at Fitzsimons,Franchise_Type__c,(null),In-Franchise,franchise_mapping.json (Monday-derived),2026-04-24T13:49:49,backfill
006WR00000wjKGqYAM,Mountain View Mobile Home Park,Franchise_Type__c,(null),In-Franchise,franchise_mapping.json (Monday-derived),2026-04-24T13:49:49,backfill
006WR00000wjKGrYAM,Clarkson Park Condos,Franchise_Type__c,(null),In-Franchise,franchise_mapping.json (Monday-derived),2026-04-24T13:49:49,backfill
006WR00000wjKGsYAM,"Chaparral Homeowners Association, Inc.",Franchise_Type__c,(null),In-Franchise,franchise_mapping.json (Monday-derived),2026-04-24T13:49:49,backfill
006WR00000wjKGtYAM,Veterans Apts,Franchise_Type__c,(null),In-Franchise,franchise_mapping.json (Monday-derived),2026-04-24T13:49:49,backfill
006WR00000wjKGuYAM,Orpheus Condos,Franchise_Type__c,(null),In-Franchise,franchise_mapping.json (Monday-derived),2026-04-24T13:49:49,backfill
006WR00000wjKGvYAM,Terrace Park- IPG,Franchise_Type__c,(null),In-Franchise,franchise_mapping.json (Monday-derived),2026-04-24T13:49:49,backfill
006WR00000wjKGwYAM,The Pines at Pinehurst,Franchise_Type__c,(null),In-Franchise,franchise_mapping.json (Monday-derived),2026-04-24T13:49:49,backfill
006WR00000wjKGxYAM,Saxony Apts,Franchise_Type__c,(null),In-Franchise,franchise_mapping.json (Monday-derived),2026-04-24T13:49:49,backfill
006WR00000wjKGyYAM,Villas Glendale Townhouse,Franchise_Type__c,(null),In-Franchise,franchise_mapping.json (Monday-derived),2026-04-24T13:49:49,backfill
006WR00000wjKGzYAM,Aspen Meadows New Development,Franchise_Type__c,(null),In-Franchise,franchise_mapping.json (Monday-derived),2026-04-24T13:49:49,backfill
006WR00000wjKH0YAM,Carriage Lane / Carriage Court,Franchise_Type__c,(null),In-Franchise,franchise_mapping.json (Monday-derived),2026-04-24T13:49:49,backfill
006WR00000wjKH1YAM,"Alpine Vista MHC, LLC",Franchise_Type__c,(null),In-Franchise,franchise_mapping.json (Monday-derived),2026-04-24T13:49:49,backfill
006WR00000wjKH2YAM,Tallmadge Boyer Block,Franchise_Type__c,(null),In-Franchise,franchise_mapping.json (Monday-derived),2026-04-24T13:49:49,backfill
006WR00000wjKH3YAM,Country Club of LaCholla,Franchise_Type__c,(null),In-Franchise,franchise_mapping.json (Monday-derived),2026-04-24T13:49:49,backfill
006WR00000wjKH4YAM,"Patriot Mobile Home Park NV, LLC",Franchise_Type__c,(null),In-Franchise,franchise_mapping.json (Monday-derived),2026-04-24T13:49:49,backfill
006WR00000wjKH5YAM,Freedom Springs,Franchise_Type__c,(null),In-Franchise,franchise_mapping.json (Monday-derived),2026-04-24T13:49:49,backfill
006WR00000wjKH6YAM,Evoke Capitol LLC,Franchise_Type__c,(null),In-Franchise,franchise_mapping.json (Monday-derived),2026-04-24T13:49:49,backfill
006WR00000wjKH7YAM,Lafayette Gardens,Franchise_Type__c,(null),In-Franchise,franchise_mapping.json (Monday-derived),2026-04-24T13:49:49,backfill
006WR00000wjKH8YAM,1135 Logan St. Apts,Franchise_Type__c,(null),In-Franchise,franchise_mapping.json (Monday-derived),2026-04-24T13:49:49,backfill
006WR00000wjKH9YAM,Sandstone at Eldorado Homeowners Association,Franchise_Type__c,(null),In-Franchise,franchise_mapping.json (Monday-derived),2026-04-24T13:49:49,backfill
006WR00000wjKHAYA2,Barcelona Manor,Franchise_Type__c,(null),In-Franchise,franchise_mapping.json (Monday-derived),2026-04-24T13:49:49,backfill
006WR00000wjKHBYA2,Normandy Gardens,Franchise_Type__c,(null),In-Franchise,franchise_mapping.json (Monday-derived),2026-04-24T13:49:49,backfill
006WR00000wjKHCYA2,Jasmine Falls Homeowners Association,Franchise_Type__c,(null),In-Franchise,franchise_mapping.json (Monday-derived),2026-04-24T13:49:49,backfill
006WR00000wjKHDYA2,San Pedro Resort,Franchise_Type__c,(null),In-Franchise,franchise_mapping.json (Monday-derived),2026-04-24T13:49:49,backfill
006WR00000wjKHEYA2,Presidential Arms,Franchise_Type__c,(null),In-Franchise,franchise_mapping.json (Monday-derived),2026-04-24T13:49:49,backfill
006WR00000wjKHFYA2,The Regent at Town Centre Homeowners Association,Franchise_Type__c,(null),In-Franchise,franchise_mapping.json (Monday-derived),2026-04-24T13:49:49,backfill
006WR00000wjKHGYA2,Trail Creek Ranch,Franchise_Type__c,(null),In-Franchise,franchise_mapping.json (Monday-derived),2026-04-24T13:49:49,backfill
006WR00000wjKHHYA2,Wheat Ridge Town Center North,Franchise_Type__c,(null),In-Franchise,franchise_mapping.json (Monday-derived),2026-04-24T13:49:49,backfill
006WR00000wjKHIYA2,The Groves,Franchise_Type__c,(null),In-Franchise,franchise_mapping.json (Monday-derived),2026-04-24T13:49:49,backfill
006WR00000wjdjoYAA,Metropolitan Towers,Franchise_Type__c,(null),In-Franchise,franchise_mapping.json (Monday-derived),2026-04-24T13:49:49,backfill
006WR00000wjdjpYAA,Hunt Club Apartments,Franchise_Type__c,(null),In-Franchise,franchise_mapping.json (Monday-derived),2026-04-24T13:49:49,backfill
006WR00000wjdjqYAA,Civic Plaza,Franchise_Type__c,(null),In-Franchise,franchise_mapping.json (Monday-derived),2026-04-24T13:49:49,backfill
006WR00000wjdjrYAA,Vincent Marie,Franchise_Type__c,(null),In-Franchise,franchise_mapping.json (Monday-derived),2026-04-24T13:49:49,backfill
006WR00000wjdjsYAA,Granite Village Condominiums,Franchise_Type__c,(null),In-Franchise,franchise_mapping.json (Monday-derived),2026-04-24T13:49:49,backfill
006WR00000wjdjtYAA,Eagan Gables,Franchise_Type__c,(null),In-Franchise,franchise_mapping.json (Monday-derived),2026-04-24T13:49:49,backfill
006WR00000wjdjuYAA,Chambers Creek Estates,Franchise_Type__c,(null),In-Franchise,franchise_mapping.json (Monday-derived),2026-04-24T13:49:49,backfill
006WR00000wjdjvYAA,Valley Place,Franchise_Type__c,(null),In-Franchise,franchise_mapping.json (Monday-derived),2026-04-24T13:49:49,backfill
006WR00000wjdjwYAA,Ridgepoint Apartments,Franchise_Type__c,(null),In-Franchise,franchise_mapping.json (Monday-derived),2026-04-24T13:49:49,backfill
006WR00000wjdjxYAA,The Sedges,Franchise_Type__c,(null),In-Franchise,franchise_mapping.json (Monday-derived),2026-04-24T13:49:49,backfill
006WR00000wjdjyYAA,University Village Apartments,Franchise_Type__c,(null),In-Franchise,franchise_mapping.json (Monday-derived),2026-04-24T13:49:49,backfill
006WR00000wjdjzYAA,Boulevard 100,Franchise_Type__c,(null),In-Franchise,franchise_mapping.json (Monday-derived),2026-04-24T13:49:49,backfill
006WR00000wjdk0YAA,Neo at Four Corners,Franchise_Type__c,(null),In-Franchise,franchise_mapping.json (Monday-derived),2026-04-24T13:49:49,backfill
006WR00000wjdk1YAA,Park Ridgeway,Franchise_Type__c,(null),In-Franchise,franchise_mapping.json (Monday-derived),2026-04-24T13:49:49,backfill
006WR00000wjdk2YAA,University Gardens,Franchise_Type__c,(null),In-Franchise,franchise_mapping.json (Monday-derived),2026-04-24T13:49:49,backfill
006WR00000wjdk3YAA,Bass Lake Crossing,Franchise_Type__c,(null),In-Franchise,franchise_mapping.json (Monday-derived),2026-04-24T13:49:49,backfill
006WR00000wjdk4YAA,Allegro Winter Park,Franchise_Type__c,(null),In-Franchise,franchise_mapping.json (Monday-derived),2026-04-24T13:49:49,backfill
006WR00000wjdk5YAA,University Park Apts,Franchise_Type__c,(null),In-Franchise,franchise_mapping.json (Monday-derived),2026-04-24T13:49:49,backfill
006WR00000wjdk6YAA,Palm Aire,Franchise_Type__c,(null),In-Franchise,franchise_mapping.json (Monday-derived),2026-04-24T13:49:49,backfill
006WR00000wjdk7YAA,Urban Park,Franchise_Type__c,(null),In-Franchise,franchise_mapping.json (Monday-derived),2026-04-24T13:49:49,backfill
006WR00000wjdk8YAA,Eagan Place,Franchise_Type__c,(null),In-Franchise,franchise_mapping.json (Monday-derived),2026-04-24T13:49:49,backfill
006WR00000wjdk9YAA,The Junction at Iron Horse,Franchise_Type__c,(null),In-Franchise,franchise_mapping.json (Monday-derived),2026-04-24T13:49:49,backfill
006WR00000wjdkAYAQ,Pinewood Park Apartments,Franchise_Type__c,(null),In-Franchise,franchise_mapping.json (Monday-derived),2026-04-24T13:49:49,backfill
006WR00000wjdkBYAQ,Groves,Franchise_Type__c,(null),In-Franchise,franchise_mapping.json (Monday-derived),2026-04-24T13:49:49,backfill
006WR00000wjdkCYAQ,Maple Ridge,Franchise_Type__c,(null),In-Franchise,franchise_mapping.json (Monday-derived),2026-04-24T13:49:49,backfill
006WR00000wjdkDYAQ,The Residences at Emerson Park,Franchise_Type__c,(null),In-Franchise,franchise_mapping.json (Monday-derived),2026-04-24T13:49:49,backfill
006WR00000wjdkEYAQ,Pantano Crossings,Franchise_Type__c,(null),In-Franchise,franchise_mapping.json (Monday-derived),2026-04-24T13:49:49,backfill
006WR00000wjdkFYAQ,Meadowview,Franchise_Type__c,(null),In-Franchise,franchise_mapping.json (Monday-derived),2026-04-24T13:49:49,backfill
006WR00000wjdkGYAQ,Arroyo Villas,Franchise_Type__c,(null),In-Franchise,franchise_mapping.json (Monday-derived),2026-04-24T13:49:49,backfill
006WR00000wjdkHYAQ,The Neo Apartments,Franchise_Type__c,(null),In-Franchise,franchise_mapping.json (Monday-derived),2026-04-24T13:49:49,backfill
006WR00000wjdkIYAQ,Bristol Village,Franchise_Type__c,(null),In-Franchise,franchise_mapping.json (Monday-derived),2026-04-24T13:49:49,backfill
006WR00000wjdkJYAQ,Benmark Apartments,Franchise_Type__c,(null),In-Franchise,franchise_mapping.json (Monday-derived),2026-04-24T13:49:49,backfill
006WR00000wjdkKYAQ,Chateau,Franchise_Type__c,(null),In-Franchise,franchise_mapping.json (Monday-derived),2026-04-24T13:49:49,backfill
006WR00000wjdkLYAQ,Westridge Apartments,Franchise_Type__c,(null),In-Franchise,franchise_mapping.json (Monday-derived),2026-04-24T13:49:49,backfill
006WR00000wjdkMYAQ,Palmetto Apartments,Franchise_Type__c,(null),In-Franchise,franchise_mapping.json (Monday-derived),2026-04-24T13:49:49,backfill
006WR00000wjdkNYAQ,SIerra Meadows,Franchise_Type__c,(null),In-Franchise,franchise_mapping.json (Monday-derived),2026-04-24T13:49:49,backfill
006WR00000wjdkOYAQ,Briarwood Manor Phase 1,Franchise_Type__c,(null),In-Franchise,franchise_mapping.json (Monday-derived),2026-04-24T13:49:49,backfill
006WR00000wjdkPYAQ,Woodland Park,Franchise_Type__c,(null),In-Franchise,franchise_mapping.json (Monday-derived),2026-04-24T13:49:49,backfill
006WR00000wjdkQYAQ,Encino Gardens,Franchise_Type__c,(null),In-Franchise,franchise_mapping.json (Monday-derived),2026-04-24T13:49:49,backfill
006WR00000wjdkRYAQ,Rembrandt Park Apartments,Franchise_Type__c,(null),In-Franchise,franchise_mapping.json (Monday-derived),2026-04-24T13:49:49,backfill
006WR00000wjdkSYAQ,Briarwood Manor Phase 2,Franchise_Type__c,(null),In-Franchise,franchise_mapping.json (Monday-derived),2026-04-24T13:49:49,backfill
006WR00000wjdkTYAQ,Highland Park (Fridley),Franchise_Type__c,(null),In-Franchise,franchise_mapping.json (Monday-derived),2026-04-24T13:49:49,backfill
006WR00000wjdkUYAQ,Aspens,Franchise_Type__c,(null),In-Franchise,franchise_mapping.json (Monday-derived),2026-04-24T13:49:49,backfill
006WR00000wjdkVYAQ,Royal American,Franchise_Type__c,(null),In-Franchise,franchise_mapping.json (Monday-derived),2026-04-24T13:49:49,backfill
006WR00000wjdkWYAQ,Oakdale Apartments,Franchise_Type__c,(null),In-Franchise,franchise_mapping.json (Monday-derived),2026-04-24T13:49:49,backfill
006WR00000wjdkXYAQ,River Quarry,Franchise_Type__c,(null),In-Franchise,franchise_mapping.json (Monday-derived),2026-04-24T13:49:49,backfill
006WR00000wjdkYYAQ,Cedar gate,Franchise_Type__c,(null),In-Franchise,franchise_mapping.json (Monday-derived),2026-04-24T13:49:49,backfill
006WR00000wjdkZYAQ,Ash Street Courtyard,Franchise_Type__c,(null),In-Franchise,franchise_mapping.json (Monday-derived),2026-04-24T13:49:49,backfill
006WR00000wjdkaYAA,Park at Murano,Franchise_Type__c,(null),In-Franchise,franchise_mapping.json (Monday-derived),2026-04-24T13:49:49,backfill
006WR00000wjdkbYAA,Woodbridge Apartments,Franchise_Type__c,(null),In-Franchise,franchise_mapping.json (Monday-derived),2026-04-24T13:49:49,backfill
006WR00000wjdkcYAA,Hampshire Hill,Franchise_Type__c,(null),In-Franchise,franchise_mapping.json (Monday-derived),2026-04-24T13:49:49,backfill
006WR00000wjdkdYAA,Harbour Court / 910 North,Franchise_Type__c,(null),In-Franchise,franchise_mapping.json (Monday-derived),2026-04-24T13:49:49,backfill
006WR00000wjdkeYAA,Park at Veneto,Franchise_Type__c,(null),In-Franchise,franchise_mapping.json (Monday-derived),2026-04-24T13:49:49,backfill
006WR00000wjdkfYAA,Layton Pointe,Franchise_Type__c,(null),In-Franchise,franchise_mapping.json (Monday-derived),2026-04-24T13:49:49,backfill
006WR00000wjdkgYAA,Park at Pasitano,Franchise_Type__c,(null),In-Franchise,franchise_mapping.json (Monday-derived),2026-04-24T13:49:49,backfill
006WR00000wjdkhYAA,Soll,Franchise_Type__c,(null),In-Franchise,franchise_mapping.json (Monday-derived),2026-04-24T13:49:49,backfill
006WR00000wjdkiYAA,Colonial Court,Franchise_Type__c,(null),In-Franchise,franchise_mapping.json (Monday-derived),2026-04-24T13:49:49,backfill
006WR00000wjdkjYAA,Winhall at Williams Point,Franchise_Type__c,(null),In-Franchise,franchise_mapping.json (Monday-derived),2026-04-24T13:49:49,backfill
006WR00000wjdkkYAA,The Seville,Franchise_Type__c,(null),In-Franchise,franchise_mapping.json (Monday-derived),2026-04-24T13:49:49,backfill
006WR00000wjdklYAA,Lost Creek,Franchise_Type__c,(null),In-Franchise,franchise_mapping.json (Monday-derived),2026-04-24T13:49:49,backfill
006WR00000wjdkmYAA,Greenfield Mobile Home Estates,Franchise_Type__c,(null),In-Franchise,franchise_mapping.json (Monday-derived),2026-04-24T13:49:49,backfill
006WR00000wjdknYAA,Rancho La Vista Mobile Estates,Franchise_Type__c,(null),In-Franchise,franchise_mapping.json (Monday-derived),2026-04-24T13:49:49,backfill
006WR00000wjdkoYAA,Starlight Mobile Home Park,Franchise_Type__c,(null),In-Franchise,franchise_mapping.json (Monday-derived),2026-04-24T13:49:49,backfill
006WR00000wjdkpYAA,Laurel Canyon,Franchise_Type__c,(null),In-Franchise,franchise_mapping.json (Monday-derived),2026-04-24T13:49:49,backfill
006WR00000wjdkqYAA,Mendota Garden,Franchise_Type__c,(null),In-Franchise,franchise_mapping.json (Monday-derived),2026-04-24T13:49:49,backfill
006WR00000wjdkrYAA,Skandia Mobile Country Club,Franchise_Type__c,(null),In-Franchise,franchise_mapping.json (Monday-derived),2026-04-24T13:49:49,backfill
006WR00000wjdksYAA,Oak Hill Apartments,Franchise_Type__c,(null),In-Franchise,franchise_mapping.json (Monday-derived),2026-04-24T13:49:49,backfill
006WR00000wjdktYAA,Parkside Apartments,Franchise_Type__c,(null),In-Franchise,franchise_mapping.json (Monday-derived),2026-04-24T13:49:49,backfill
006WR00000wjdkuYAA,Regatta Apartments,Franchise_Type__c,(null),In-Franchise,franchise_mapping.json (Monday-derived),2026-04-24T13:49:49,backfill
006WR00000wjdkvYAA,Spinnaker Landing,Franchise_Type__c,(null),In-Franchise,franchise_mapping.json (Monday-derived),2026-04-24T13:49:49,backfill
006WR00000wjdkwYAA,Pleasant View Estates,Franchise_Type__c,(null),In-Franchise,franchise_mapping.json (Monday-derived),2026-04-24T13:49:49,backfill
006WR00000wjdkxYAA,The Meadows,Franchise_Type__c,(null),In-Franchise,franchise_mapping.json (Monday-derived),2026-04-24T13:49:49,backfill
006WR00000wjdkyYAA,Valley View Ephrata II,Franchise_Type__c,(null),In-Franchise,franchise_mapping.json (Monday-derived),2026-04-24T13:49:49,backfill
006WR00000wjdkzYAA,Valley View Ephrata I,Franchise_Type__c,(null),In-Franchise,franchise_mapping.json (Monday-derived),2026-04-24T13:49:49,backfill
006WR00000wjdl0YAA,Crescent Valley,Franchise_Type__c,(null),In-Franchise,franchise_mapping.json (Monday-derived),2026-04-24T13:49:49,backfill
006WR00000wjdl1YAA,Fairway Estates MHC,Franchise_Type__c,(null),In-Franchise,franchise_mapping.json (Monday-derived),2026-04-24T13:49:49,backfill
006WR00000wjdl2YAA,Lamplighter Camarillo,Franchise_Type__c,(null),In-Franchise,franchise_mapping.json (Monday-derived),2026-04-24T13:49:49,backfill
006WR00000wjdl3YAA,Royal Garden Estates,Franchise_Type__c,(null),In-Franchise,franchise_mapping.json (Monday-derived),2026-04-24T13:49:49,backfill
006WR00000wjdl4YAA,Sunset Estates,Franchise_Type__c,(null),In-Franchise,franchise_mapping.json (Monday-derived),2026-04-24T13:49:49,backfill
006WR00000wjdl5YAA,Aspen Basalt Mobile Home Park,Franchise_Type__c,(null),In-Franchise,franchise_mapping.json (Monday-derived),2026-04-24T13:49:49,backfill
006WR00000wjdl6YAA,Country Estates Mobile Home Park,Franchise_Type__c,(null),In-Franchise,franchise_mapping.json (Monday-derived),2026-04-24T13:49:49,backfill
006WR00000wjdl7YAA,IPG Capital Mountain View,Franchise_Type__c,(null),In-Franchise,franchise_mapping.json (Monday-derived),2026-04-24T13:49:49,backfill
006WR00000wjdl8YAA,Glenbrier Park,Franchise_Type__c,(null),In-Franchise,franchise_mapping.json (Monday-derived),2026-04-24T13:49:49,backfill
006WR00000wjdl9YAA,Granger Senior Estates,Franchise_Type__c,(null),In-Franchise,franchise_mapping.json (Monday-derived),2026-04-24T13:49:49,backfill
006WR00000wjdlAYAQ,Rustic Acres MHC,Franchise_Type__c,(null),In-Franchise,franchise_mapping.json (Monday-derived),2026-04-24T13:49:49,backfill
006WR00000wjdlBYAQ,Windemere Meadows -Aumsville,Franchise_Type__c,(null),In-Franchise,franchise_mapping.json (Monday-derived),2026-04-24T13:49:49,backfill
006WR00000wjdlCYAQ,Big Valley Woods,Franchise_Type__c,(null),In-Franchise,franchise_mapping.json (Monday-derived),2026-04-24T13:49:49,backfill
006WR00000wjdlDYAQ,Camelot Mobile Estates,Franchise_Type__c,(null),In-Franchise,franchise_mapping.json (Monday-derived),2026-04-24T13:49:49,backfill
006WR00000wjdlEYAQ,Concord Terrace,Franchise_Type__c,(null),In-Franchise,franchise_mapping.json (Monday-derived),2026-04-24T13:49:49,backfill
006WR00000wjdlFYAQ,Excalibur Village,Franchise_Type__c,(null),In-Franchise,franchise_mapping.json (Monday-derived),2026-04-24T13:49:49,backfill
006WR00000wjdlGYAQ,Golden Oaks,Franchise_Type__c,(null),In-Franchise,franchise_mapping.json (Monday-derived),2026-04-24T13:49:49,backfill
006WR00000wjdlHYAQ,Mill Creek Estates,Franchise_Type__c,(null),In-Franchise,franchise_mapping.json (Monday-derived),2026-04-24T13:49:49,backfill
006WR00000wjdlIYAQ,Remington Arms,Franchise_Type__c,(null),In-Franchise,franchise_mapping.json (Monday-derived),2026-04-24T13:49:49,backfill
006WR00000wjdlJYAQ,The Pines (aka Windstone),Franchise_Type__c,(null),In-Franchise,franchise_mapping.json (Monday-derived),2026-04-24T13:49:49,backfill
006WR00000wjdlKYAQ,Viking Estates,Franchise_Type__c,(null),In-Franchise,franchise_mapping.json (Monday-derived),2026-04-24T13:49:49,backfill
006WR00000wjdlLYAQ,Wildwood Mobile Villa,Franchise_Type__c,(null),In-Franchise,franchise_mapping.json (Monday-derived),2026-04-24T13:49:49,backfill
006WR00000wjdlMYAQ,Willow Pines,Franchise_Type__c,(null),In-Franchise,franchise_mapping.json (Monday-derived),2026-04-24T13:49:49,backfill
006WR00000wjnOAYAY,Higley Apartments,Franchise_Type__c,(null),In-Franchise,franchise_mapping.json (Monday-derived),2026-04-24T13:49:49,backfill
006WR00000wjnOBYAY,Rivulon,Franchise_Type__c,(null),In-Franchise,franchise_mapping.json (Monday-derived),2026-04-24T13:49:49,backfill
006WR00000wjnOCYAY,Murietta at ASU,Franchise_Type__c,(null),In-Franchise,franchise_mapping.json (Monday-derived),2026-04-24T13:49:49,backfill
006WR00000wjnODYAY,Sonoma Landing Luxury Apartments,Franchise_Type__c,(null),In-Franchise,franchise_mapping.json (Monday-derived),2026-04-24T13:49:49,backfill
006WR00000wjnOEYAY,Lotus Point,Franchise_Type__c,(null),In-Franchise,franchise_mapping.json (Monday-derived),2026-04-24T13:49:49,backfill
006WR00000wjnOFYAY,Karmella Mobile Home Park,Franchise_Type__c,(null),In-Franchise,franchise_mapping.json (Monday-derived),2026-04-24T13:49:49,backfill
006WR00000wjnOGYAY,Mera Greenfield,Franchise_Type__c,(null),In-Franchise,franchise_mapping.json (Monday-derived),2026-04-24T13:49:49,backfill
006WR00000wjnOHYAY,Encore On MacDonald,Franchise_Type__c,(null),In-Franchise,franchise_mapping.json (Monday-derived),2026-04-24T13:49:49,backfill
006WR00000wjnOIYAY,Juanita Mobile Home Park,Franchise_Type__c,(null),In-Franchise,franchise_mapping.json (Monday-derived),2026-04-24T13:49:49,backfill
006WR00000wjnOJYAY,Stillwater Superstition Apartments,Franchise_Type__c,(null),In-Franchise,franchise_mapping.json (Monday-derived),2026-04-24T13:49:49,backfill
006WR00000wjnOKYAY,Villas On Hampton Avenue,Franchise_Type__c,(null),In-Franchise,franchise_mapping.json (Monday-derived),2026-04-24T13:49:49,backfill
006WR00000wjnOLYAY,The Palms on Scottsdale,Franchise_Type__c,(null),In-Franchise,franchise_mapping.json (Monday-derived),2026-04-24T13:49:49,backfill
006WR00000wjnOMYAY,Peralta Vista (Apt. homes rent),Franchise_Type__c,(null),In-Franchise,franchise_mapping.json (Monday-derived),2026-04-24T13:49:49,backfill
006WR00000wjnONYAY,Smith + Rio,Franchise_Type__c,(null),In-Franchise,franchise_mapping.json (Monday-derived),2026-04-24T13:49:49,backfill
006WR00000wjnOOYAY,Imperial Broadmoor,Franchise_Type__c,(null),In-Franchise,franchise_mapping.json (Monday-derived),2026-04-24T13:49:49,backfill
006WR00000wjnOPYAY,Keller at Town Square,Franchise_Type__c,(null),In-Franchise,franchise_mapping.json (Monday-derived),2026-04-24T13:49:49,backfill
006WR00000wjnOQYAY,Golf View Apartments,Franchise_Type__c,(null),In-Franchise,franchise_mapping.json (Monday-derived),2026-04-24T13:49:49,backfill
006WR00000wjnORYAY,Sunridge Manor Apts - NOW - The Manhattan,Franchise_Type__c,(null),In-Franchise,franchise_mapping.json (Monday-derived),2026-04-24T13:49:49,backfill
006WR00000wjnOSYAY,The Grid,Franchise_Type__c,(null),In-Franchise,franchise_mapping.json (Monday-derived),2026-04-24T13:49:49,backfill
006WR00000wjnOTYAY,Pueblo Mesa (MHP),Franchise_Type__c,(null),In-Franchise,franchise_mapping.json (Monday-derived),2026-04-24T13:49:49,backfill
006WR00000wjnOUYAY,The Resort (MHP),Franchise_Type__c,(null),In-Franchise,franchise_mapping.json (Monday-derived),2026-04-24T13:49:49,backfill
006WR00000wjnOVYAY,The Aster at Mountain Vista,Franchise_Type__c,(null),In-Franchise,franchise_mapping.json (Monday-derived),2026-04-24T13:49:49,backfill
006WR00000wjnOWYAY,The Havenly Gilbert,Franchise_Type__c,(null),In-Franchise,franchise_mapping.json (Monday-derived),2026-04-24T13:49:49,backfill
006WR00000wjnOXYAY,Garden Spot Mobile Home Park,Franchise_Type__c,(null),In-Franchise,franchise_mapping.json (Monday-derived),2026-04-24T13:49:49,backfill
006WR00000wjnOYYAY,Medina Station- Phase 2,Franchise_Type__c,(null),In-Franchise,franchise_mapping.json (Monday-derived),2026-04-24T13:49:49,backfill
006WR00000wjnOZYAY,Golden West Apartments,Franchise_Type__c,(null),In-Franchise,franchise_mapping.json (Monday-derived),2026-04-24T13:49:49,backfill
006WR00000wjnOaYAI,Modera Rio Salado,Franchise_Type__c,(null),In-Franchise,franchise_mapping.json (Monday-derived),2026-04-24T13:49:49,backfill
006WR00000wjnObYAI,Hilo Tempe,Franchise_Type__c,(null),In-Franchise,franchise_mapping.json (Monday-derived),2026-04-24T13:49:49,backfill
006WR00000wjnOcYAI,Gallery Park,Franchise_Type__c,(null),In-Franchise,franchise_mapping.json (Monday-derived),2026-04-24T13:49:49,backfill
006WR00000wjnOdYAI,Melrose Place,Franchise_Type__c,(null),In-Franchise,franchise_mapping.json (Monday-derived),2026-04-24T13:49:49,backfill
006WR00000wjnOeYAI,Ramblewood Condos,Franchise_Type__c,(null),In-Franchise,franchise_mapping.json (Monday-derived),2026-04-24T13:49:49,backfill
006WR00000wjnOfYAI,Painted Trails Apartments,Franchise_Type__c,(null),In-Franchise,franchise_mapping.json (Monday-derived),2026-04-24T13:49:49,backfill
006WR00000wjnOgYAI,Park Place at Gallery Park,Franchise_Type__c,(null),In-Franchise,franchise_mapping.json (Monday-derived),2026-04-24T13:49:49,backfill
006WR00000wjnOhYAI,Trailing R Mobile Ranch-64 Spaces,Franchise_Type__c,(null),In-Franchise,franchise_mapping.json (Monday-derived),2026-04-24T13:49:49,backfill
006WR00000wjnOiYAI,Silveridge Resort (MHP),Franchise_Type__c,(null),In-Franchise,franchise_mapping.json (Monday-derived),2026-04-24T13:49:49,backfill
006WR00000wjnOjYAI,Springs at Red Mountain,Franchise_Type__c,(null),In-Franchise,franchise_mapping.json (Monday-derived),2026-04-24T13:49:49,backfill
006WR00000wjnOkYAI,Medina Station Phase 1,Franchise_Type__c,(null),In-Franchise,franchise_mapping.json (Monday-derived),2026-04-24T13:49:49,backfill
006WR00000wjnOlYAI,Sunny Crest (MHP),Franchise_Type__c,(null),In-Franchise,franchise_mapping.json (Monday-derived),2026-04-24T13:49:49,backfill
006WR00000wjnOmYAI,Silver Spur Village,Franchise_Type__c,(null),In-Franchise,franchise_mapping.json (Monday-derived),2026-04-24T13:49:49,backfill
006WR00000wjnOnYAI,The ONE at Mountain Vista,Franchise_Type__c,(null),In-Franchise,franchise_mapping.json (Monday-derived),2026-04-24T13:49:49,backfill
006WR00000wjnOoYAI,Shadow Run Condos,Franchise_Type__c,(null),In-Franchise,franchise_mapping.json (Monday-derived),2026-04-24T13:49:49,backfill
006WR00000wjnOpYAI,The Groves Apartments,Franchise_Type__c,(null),In-Franchise,franchise_mapping.json (Monday-derived),2026-04-24T13:49:49,backfill
006WR00000wjnOqYAI,Southbank - Lot 6,Franchise_Type__c,(null),In-Franchise,franchise_mapping.json (Monday-derived),2026-04-24T13:49:49,backfill
006WR00000wjnOrYAI,First & Farmer,Franchise_Type__c,(null),In-Franchise,franchise_mapping.json (Monday-derived),2026-04-24T13:49:49,backfill
006WR00000wjnOsYAI,Garden View Apts/Deckz Townhomes,Franchise_Type__c,(null),In-Franchise,franchise_mapping.json (Monday-derived),2026-04-24T13:49:49,backfill
006WR00000wjnOtYAI,Suncourt Villas Apartments,Franchise_Type__c,(null),In-Franchise,franchise_mapping.json (Monday-derived),2026-04-24T13:49:49,backfill
006WR00000wjnOuYAI,Village Crossing at Broadway,Franchise_Type__c,(null),In-Franchise,franchise_mapping.json (Monday-derived),2026-04-24T13:49:49,backfill
006WR00000wjnOvYAI,Mountain View Condo Rentals,Franchise_Type__c,(null),In-Franchise,franchise_mapping.json (Monday-derived),2026-04-24T13:49:49,backfill
006WR00000wjnOwYAI,Horne Apartments,Franchise_Type__c,(null),In-Franchise,franchise_mapping.json (Monday-derived),2026-04-24T13:49:49,backfill
006WR00000wjnOxYAI,The Davenport,Franchise_Type__c,(null),In-Franchise,franchise_mapping.json (Monday-derived),2026-04-24T13:49:49,backfill
006WR00000wjnOyYAI,Sundial,Franchise_Type__c,(null),In-Franchise,franchise_mapping.json (Monday-derived),2026-04-24T13:49:49,backfill
006WR00000wjnOzYAI,Sunflower/Rio Salada Place Apartments,Franchise_Type__c,(null),In-Franchise,franchise_mapping.json (Monday-derived),2026-04-24T13:49:49,backfill
006WR00000wjnP0YAI,Villa Del Prado Apts,Franchise_Type__c,(null),In-Franchise,franchise_mapping.json (Monday-derived),2026-04-24T13:49:49,backfill
006WR00000wjnP1YAI,Silver Spur Ranch (MHP),Franchise_Type__c,(null),In-Franchise,franchise_mapping.json (Monday-derived),2026-04-24T13:49:49,backfill
006WR00000wjnP2YAI,Mesa Sunset (MHP),Franchise_Type__c,(null),In-Franchise,franchise_mapping.json (Monday-derived),2026-04-24T13:49:49,backfill
006WR00000wjnP3YAI,Mountain View (MHP),Franchise_Type__c,(null),In-Franchise,franchise_mapping.json (Monday-derived),2026-04-24T13:49:49,backfill
006WR00000wjnP4YAI,Los Racimos Condos,Franchise_Type__c,(null),In-Franchise,franchise_mapping.json (Monday-derived),2026-04-24T13:49:49,backfill
006WR00000wjnP5YAI,The Residences at Mesa & Main,Franchise_Type__c,(null),In-Franchise,franchise_mapping.json (Monday-derived),2026-04-24T13:49:49,backfill
006WR00000wjnP6YAI,Saratoga Apartments,Franchise_Type__c,(null),In-Franchise,franchise_mapping.json (Monday-derived),2026-04-24T13:49:49,backfill
006WR00000wjnP7YAI,Elliot Place,Franchise_Type__c,(null),In-Franchise,franchise_mapping.json (Monday-derived),2026-04-24T13:49:49,backfill
006WR00000wjnP8YAI,Lincoln South Bank,Franchise_Type__c,(null),In-Franchise,franchise_mapping.json (Monday-derived),2026-04-24T13:49:49,backfill
006WR00000wjnP9YAI,Lakeside Villas,Franchise_Type__c,(null),In-Franchise,franchise_mapping.json (Monday-derived),2026-04-24T13:49:49,backfill
006WR00000wjnPAYAY,District at Cooley Station,Franchise_Type__c,(null),In-Franchise,franchise_mapping.json (Monday-derived),2026-04-24T13:49:49,backfill
006WR00000wjnPBYAY,Gilbert Commons,Franchise_Type__c,(null),In-Franchise,franchise_mapping.json (Monday-derived),2026-04-24T13:49:49,backfill
006WR00000wjnPCYAY,Norte Town Lake,Franchise_Type__c,(null),In-Franchise,franchise_mapping.json (Monday-derived),2026-04-24T13:49:49,backfill
006WR00000wjnPDYAY,Northbend,Franchise_Type__c,(null),In-Franchise,franchise_mapping.json (Monday-derived),2026-04-24T13:49:49,backfill
006WR00000wjnPEYAY,Marquis at Chandler,Franchise_Type__c,(null),In-Franchise,franchise_mapping.json (Monday-derived),2026-04-24T13:49:49,backfill
006WR00000wjnPFYAY,Skye Tempe,Franchise_Type__c,(null),In-Franchise,franchise_mapping.json (Monday-derived),2026-04-24T13:49:49,backfill
006WR00000wjnPGYAY,South Pier at Tempe Town Lake,Franchise_Type__c,(null),In-Franchise,franchise_mapping.json (Monday-derived),2026-04-24T13:49:49,backfill
006WR00000wjnPHYAY,The Curry Road Apartments,Franchise_Type__c,(null),In-Franchise,franchise_mapping.json (Monday-derived),2026-04-24T13:49:49,backfill
006WR00000wjnPIYAY,Tempe Cascade (MHP),Franchise_Type__c,(null),In-Franchise,franchise_mapping.json (Monday-derived),2026-04-24T13:49:49,backfill
006WR00000wjnPJYAY,St. James Manor Apartments,Franchise_Type__c,(null),In-Franchise,franchise_mapping.json (Monday-derived),2026-04-24T13:49:49,backfill
006WR00000wjnPKYAY,Whelan Ranch Condominiums,Franchise_Type__c,(null),In-Franchise,franchise_mapping.json (Monday-derived),2026-04-24T13:49:49,backfill
006WR00000wjnPLYAY,The Normandy,Franchise_Type__c,(null),In-Franchise,franchise_mapping.json (Monday-derived),2026-04-24T13:49:49,backfill
006WR00000wjnPMYAY,The Mill,Franchise_Type__c,(null),In-Franchise,franchise_mapping.json (Monday-derived),2026-04-24T13:49:49,backfill
006WR00000wjnPNYAY,Cypress Pointe II Senior Housing,Franchise_Type__c,(null),In-Franchise,franchise_mapping.json (Monday-derived),2026-04-24T13:49:49,backfill
006WR00000wjnPOYAY,Riviera Court,Franchise_Type__c,(null),In-Franchise,franchise_mapping.json (Monday-derived),2026-04-24T13:49:49,backfill
006WR00000wjnPPYAY,Hamburg MHP,Franchise_Type__c,(null),In-Franchise,franchise_mapping.json (Monday-derived),2026-04-24T13:49:49,backfill
006WR00000wjnPQYAY,Chaucer Estates,Franchise_Type__c,(null),In-Franchise,franchise_mapping.json (Monday-derived),2026-04-24T13:49:49,backfill
006WR00000wjnPRYAY,Cedar Creek,Franchise_Type__c,(null),In-Franchise,franchise_mapping.json (Monday-derived),2026-04-24T13:49:49,backfill
006WR00000wjnPSYAY,Hillside CP LLC,Franchise_Type__c,(null),In-Franchise,franchise_mapping.json (Monday-derived),2026-04-24T13:49:49,backfill
006WR00000wjnPTYAY,North Bay Estates,Franchise_Type__c,(null),In-Franchise,franchise_mapping.json (Monday-derived),2026-04-24T13:49:49,backfill
006WR00000wjnPUYAY,Fredonia Estates CP LLC,Franchise_Type__c,(null),In-Franchise,franchise_mapping.json (Monday-derived),2026-04-24T13:49:49,backfill
006WR00000wjnPVYAY,"Forest MHP, LLC",Franchise_Type__c,(null),In-Franchise,franchise_mapping.json (Monday-derived),2026-04-24T13:49:49,backfill
006WR00000wjnPWYAY,Lynchburg (fka Suburban Trailer Town),Franchise_Type__c,(null),In-Franchise,franchise_mapping.json (Monday-derived),2026-04-24T13:49:49,backfill
006WR00000wjnPXYAY,Lake Side MHC (Part of Buckeye Lake MHP above),Franchise_Type__c,(null),In-Franchise,franchise_mapping.json (Monday-derived),2026-04-24T13:49:49,backfill
006WR00000wjnPYYAY,Morgantown Hills (Jarret Brothers),Franchise_Type__c,(null),In-Franchise,franchise_mapping.json (Monday-derived),2026-04-24T13:49:49,backfill
006WR00000wjnPZYAY,Fairplay MHP,Franchise_Type__c,(null),In-Franchise,franchise_mapping.json (Monday-derived),2026-04-24T13:49:49,backfill
006WR00000wjnPaYAI,Gold Pan MHP,Franchise_Type__c,(null),In-Franchise,franchise_mapping.json (Monday-derived),2026-04-24T13:49:49,backfill
006WR00000wjnPbYAI,Dotsero MHP,Franchise_Type__c,(null),In-Franchise,franchise_mapping.json (Monday-derived),2026-04-24T13:49:49,backfill
006WR00000wjnPcYAI,Greeley RV Park,Franchise_Type__c,(null),In-Franchise,franchise_mapping.json (Monday-derived),2026-04-24T13:49:49,backfill
006WR00000wjnPdYAI,Walnut Manor,Franchise_Type__c,(null),In-Franchise,franchise_mapping.json (Monday-derived),2026-04-24T13:49:49,backfill
006WR00000wjnPeYAI,Oxford Woods,Franchise_Type__c,(null),In-Franchise,franchise_mapping.json (Monday-derived),2026-04-24T13:49:49,backfill
006WR00000wjnPfYAI,Stanton Hills MHP,Franchise_Type__c,(null),In-Franchise,franchise_mapping.json (Monday-derived),2026-04-24T13:49:49,backfill
006WR00000wjnPgYAI,Sandy Hills Estates,Franchise_Type__c,(null),In-Franchise,franchise_mapping.json (Monday-derived),2026-04-24T13:49:49,backfill
006WR00000wjnPhYAI,Riverbend Estates (Oakridge),Franchise_Type__c,(null),In-Franchise,franchise_mapping.json (Monday-derived),2026-04-24T13:49:49,backfill
006WR00000wjnPiYAI,RV Retreat,Franchise_Type__c,(null),In-Franchise,franchise_mapping.json (Monday-derived),2026-04-24T13:49:49,backfill
006WR00000wjnPjYAI,Beaver Dam,Franchise_Type__c,(null),In-Franchise,franchise_mapping.json (Monday-derived),2026-04-24T13:49:49,backfill
006WR00000wjnPkYAI,City Gate,Franchise_Type__c,(null),In-Franchise,franchise_mapping.json (Monday-derived),2026-04-24T13:49:49,backfill
006WR00000wjnkrYAA,Landmark on Lovers,Franchise_Type__c,(null),In-Franchise,franchise_mapping.json (Monday-derived),2026-04-24T13:49:49,backfill
006WR00000wjnksYAA,Berkshire Auburn,Franchise_Type__c,(null),In-Franchise,franchise_mapping.json (Monday-derived),2026-04-24T13:49:49,backfill
006WR00000wjnktYAA,Andulusian Gate,Franchise_Type__c,(null),In-Franchise,franchise_mapping.json (Monday-derived),2026-04-24T13:49:49,backfill
006WR00000wjnkuYAA,South Side Flats,Franchise_Type__c,(null),In-Franchise,franchise_mapping.json (Monday-derived),2026-04-24T13:49:49,backfill
006WR00000wjnkvYAA,Berkshire Amber,Franchise_Type__c,(null),In-Franchise,franchise_mapping.json (Monday-derived),2026-04-24T13:49:49,backfill
006WR00000wjnkwYAA,Stonegate Apts,Franchise_Type__c,(null),In-Franchise,franchise_mapping.json (Monday-derived),2026-04-24T13:49:49,backfill
006WR00000wjnkxYAA,Fiesta Park Village Condos,Franchise_Type__c,(null),In-Franchise,franchise_mapping.json (Monday-derived),2026-04-24T13:49:49,backfill
006WR00000wjnkyYAA,Fiesta Village Furnished Apts,Franchise_Type__c,(null),In-Franchise,franchise_mapping.json (Monday-derived),2026-04-24T13:49:49,backfill
006WR00000wjnkzYAA,Shorebird,Franchise_Type__c,(null),In-Franchise,franchise_mapping.json (Monday-derived),2026-04-24T13:49:49,backfill
006WR00000wjnl0YAA,Country Cousins Mobile Home & RV Park,Franchise_Type__c,(null),In-Franchise,franchise_mapping.json (Monday-derived),2026-04-24T13:49:49,backfill
006WR00000wjnl1YAA,Skyline Trinity,Franchise_Type__c,(null),In-Franchise,franchise_mapping.json (Monday-derived),2026-04-24T13:49:49,backfill
006WR00000wjnl2YAA,Broadstone 51/51,Franchise_Type__c,(null),In-Franchise,franchise_mapping.json (Monday-derived),2026-04-24T13:49:49,backfill
006WR00000wjnl3YAA,Larq Henderson,Franchise_Type__c,(null),In-Franchise,franchise_mapping.json (Monday-derived),2026-04-24T13:49:49,backfill
006WR00000wjnl4YAA,Camden Belmont,Franchise_Type__c,(null),In-Franchise,franchise_mapping.json (Monday-derived),2026-04-24T13:49:49,backfill
006WR00000wjnl5YAA,Buckeye Trails Commons,Franchise_Type__c,(null),In-Franchise,franchise_mapping.json (Monday-derived),2026-04-24T13:49:49,backfill
006WR00000wjnl6YAA,Melody Villa Condominiums,Franchise_Type__c,(null),In-Franchise,franchise_mapping.json (Monday-derived),2026-04-24T13:49:49,backfill
006WR00000wjnl7YAA,Ponderosa Pine Apartments (Pine Gardens),Franchise_Type__c,(null),In-Franchise,franchise_mapping.json (Monday-derived),2026-04-24T13:49:49,backfill
006WR00000wjnl8YAA,Alexan Lower Greenville,Franchise_Type__c,(null),In-Franchise,franchise_mapping.json (Monday-derived),2026-04-24T13:49:49,backfill
006WR00000wjnl9YAA,New Village at Lakewest,Franchise_Type__c,(null),In-Franchise,franchise_mapping.json (Monday-derived),2026-04-24T13:49:49,backfill
006WR00000wjnlAYAQ,Alara Uptown,Franchise_Type__c,(null),In-Franchise,franchise_mapping.json (Monday-derived),2026-04-24T13:49:49,backfill
006WR00000wjnlBYAQ,Bishop North,Franchise_Type__c,(null),In-Franchise,franchise_mapping.json (Monday-derived),2026-04-24T13:49:49,backfill
006WR00000wjnlCYAQ,Thirty377,Franchise_Type__c,(null),In-Franchise,franchise_mapping.json (Monday-derived),2026-04-24T13:49:49,backfill
006WR00000wjnlDYAQ,Stella,Franchise_Type__c,(null),In-Franchise,franchise_mapping.json (Monday-derived),2026-04-24T13:49:49,backfill
006WR00000wjnlEYAQ,The Monterey,Franchise_Type__c,(null),In-Franchise,franchise_mapping.json (Monday-derived),2026-04-24T13:49:49,backfill
006WR00000wjnlFYAQ,Temple View Condos,Franchise_Type__c,(null),In-Franchise,franchise_mapping.json (Monday-derived),2026-04-24T13:49:49,backfill
006WR00000wjnlGYAQ,Tamarron Village,Franchise_Type__c,(null),In-Franchise,franchise_mapping.json (Monday-derived),2026-04-24T13:49:49,backfill
006WR00000wjnlHYAQ,Four Mile Village Condominium Association,Franchise_Type__c,(null),In-Franchise,franchise_mapping.json (Monday-derived),2026-04-24T13:49:49,backfill
006WR00000wjnlIYAQ,Pearl Studios,Franchise_Type__c,(null),In-Franchise,franchise_mapping.json (Monday-derived),2026-04-24T13:49:49,backfill
006WR00000wjnlJYAQ,Portola East Mesa,Franchise_Type__c,(null),In-Franchise,franchise_mapping.json (Monday-derived),2026-04-24T13:49:49,backfill
006WR00000wjnlKYAQ,Tremont Sr Apartment Homes,Franchise_Type__c,(null),In-Franchise,franchise_mapping.json (Monday-derived),2026-04-24T13:49:49,backfill
006WR00000wjnlLYAQ,Ridge Point,Franchise_Type__c,(null),In-Franchise,franchise_mapping.json (Monday-derived),2026-04-24T13:49:49,backfill
006WR00000wjnlMYAQ,Riverside Apartments,Franchise_Type__c,(null),In-Franchise,franchise_mapping.json (Monday-derived),2026-04-24T13:49:49,backfill
006WR00000wjnlNYAQ,Riverside Mobile Estates,Franchise_Type__c,(null),In-Franchise,franchise_mapping.json (Monday-derived),2026-04-24T13:49:49,backfill
006WR00000wjnlOYAQ,Chaska Place Apartments,Franchise_Type__c,(null),In-Franchise,franchise_mapping.json (Monday-derived),2026-04-24T13:49:49,backfill
006WR00000wjnlPYAQ,Seven Palms,Franchise_Type__c,(null),In-Franchise,franchise_mapping.json (Monday-derived),2026-04-24T13:49:49,backfill
006WR00000wjnlQYAQ,Marina South at Cape Harbor,Franchise_Type__c,(null),In-Franchise,franchise_mapping.json (Monday-derived),2026-04-24T13:49:49,backfill
006WR00000wjnlRYAQ,Lodges at Deer Valley,Franchise_Type__c,(null),In-Franchise,franchise_mapping.json (Monday-derived),2026-04-24T13:49:49,backfill
006WR00000wjnlSYAQ,Dolce Vita,Franchise_Type__c,(null),In-Franchise,franchise_mapping.json (Monday-derived),2026-04-24T13:49:49,backfill
006WR00000wjnlTYAQ,Heather Brook Apartments,Franchise_Type__c,(null),In-Franchise,franchise_mapping.json (Monday-derived),2026-04-24T13:49:49,backfill
006WR00000wjnlUYAQ,The Upland,Franchise_Type__c,(null),In-Franchise,franchise_mapping.json (Monday-derived),2026-04-24T13:49:49,backfill
006WR00000wjnlVYAQ,MAA Copper Ridge,Franchise_Type__c,(null),In-Franchise,franchise_mapping.json (Monday-derived),2026-04-24T13:49:49,backfill
006WR00000wjnlWYAQ,MAA Watermark,Franchise_Type__c,(null),In-Franchise,franchise_mapping.json (Monday-derived),2026-04-24T13:49:49,backfill
006WR00000wjnlXYAQ,MAA Boulder Ridge,Franchise_Type__c,(null),In-Franchise,franchise_mapping.json (Monday-derived),2026-04-24T13:49:49,backfill
006WR00000wjnlYYAQ,Wintercove Park,Franchise_Type__c,(null),In-Franchise,franchise_mapping.json (Monday-derived),2026-04-24T13:49:49,backfill
006WR00000wjnlZYAQ,Bentley By Broadmoor,Franchise_Type__c,(null),In-Franchise,franchise_mapping.json (Monday-derived),2026-04-24T13:49:49,backfill
006WR00000wjnlaYAA,The Colonial Apartments Broadmoor,Franchise_Type__c,(null),In-Franchise,franchise_mapping.json (Monday-derived),2026-04-24T13:49:49,backfill
006WR00000wjnlbYAA,Bellrock Crystal Springs Apartments,Franchise_Type__c,(null),In-Franchise,franchise_mapping.json (Monday-derived),2026-04-24T13:49:49,backfill
006WR00000wjnlcYAA,Dayton Commons,Franchise_Type__c,(null),In-Franchise,franchise_mapping.json (Monday-derived),2026-04-24T13:49:49,backfill
006WR00000wjnldYAA,Town and Country Apartments,Franchise_Type__c,(null),In-Franchise,franchise_mapping.json (Monday-derived),2026-04-24T13:49:49,backfill
006WR00000wjnleYAA,Salem Village at Miami Heights,Franchise_Type__c,(null),In-Franchise,franchise_mapping.json (Monday-derived),2026-04-24T13:49:49,backfill
006WR00000wjnlfYAA,"Cardinal Farms Subdivision, Phase 1",Franchise_Type__c,(null),In-Franchise,franchise_mapping.json (Monday-derived),2026-04-24T13:49:49,backfill
006WR00000wjnlgYAA,Catalina Ridge,Franchise_Type__c,(null),In-Franchise,franchise_mapping.json (Monday-derived),2026-04-24T13:49:49,backfill
006WR00000wjnlhYAA,Island Palms,Franchise_Type__c,(null),In-Franchise,franchise_mapping.json (Monday-derived),2026-04-24T13:49:49,backfill
006WR00000wjnliYAA,The Highlands at Brentwood,Franchise_Type__c,(null),In-Franchise,franchise_mapping.json (Monday-derived),2026-04-24T13:49:49,backfill
006WR00000wjnljYAA,Courtyard Towers,Franchise_Type__c,(null),In-Franchise,franchise_mapping.json (Monday-derived),2026-04-24T13:49:49,backfill
006WR00000wjnlkYAA,Seventeen 805,Franchise_Type__c,(null),In-Franchise,franchise_mapping.json (Monday-derived),2026-04-24T13:49:49,backfill
006WR00000wjnllYAA,Country Club Commons,Franchise_Type__c,(null),In-Franchise,franchise_mapping.json (Monday-derived),2026-04-24T13:49:49,backfill
006WR00000wjnlmYAA,Gold Run Condos,Franchise_Type__c,(null),In-Franchise,franchise_mapping.json (Monday-derived),2026-04-24T13:49:49,backfill
006WR00000wjnlnYAA,Country View Garden Homes,Franchise_Type__c,(null),In-Franchise,franchise_mapping.json (Monday-derived),2026-04-24T13:49:49,backfill
006WR00000wjnloYAA,Outrigger Village,Franchise_Type__c,(null),In-Franchise,franchise_mapping.json (Monday-derived),2026-04-24T13:49:49,backfill
006WR00000wjnlpYAA,Bella Vista LOST,Franchise_Type__c,(null),In-Franchise,franchise_mapping.json (Monday-derived),2026-04-24T13:49:49,backfill
006WR00000wjnlqYAA,Cedar Park Apartments [WA],Franchise_Type__c,(null),In-Franchise,franchise_mapping.json (Monday-derived),2026-04-24T13:49:49,backfill
006WR00000wjnlrYAA,Oak Haven RV,Franchise_Type__c,(null),In-Franchise,franchise_mapping.json (Monday-derived),2026-04-24T13:49:49,backfill
006WR00000wjnlsYAA,The Residences of Holland Lake,Franchise_Type__c,(null),In-Franchise,franchise_mapping.json (Monday-derived),2026-04-24T13:49:49,backfill
006WR00000wjnltYAA,Residences at Holly Oaks,Franchise_Type__c,(null),In-Franchise,franchise_mapping.json (Monday-derived),2026-04-24T13:49:49,backfill
006WR00000wjnluYAA,Parkside Townhomes,Franchise_Type__c,(null),In-Franchise,franchise_mapping.json (Monday-derived),2026-04-24T13:49:49,backfill
006WR00000wjnlvYAA,Triple Crown Estates,Franchise_Type__c,(null),In-Franchise,franchise_mapping.json (Monday-derived),2026-04-24T13:49:49,backfill
006WR00000wjnlwYAA,The Ridge Apartments,Franchise_Type__c,(null),In-Franchise,franchise_mapping.json (Monday-derived),2026-04-24T13:49:49,backfill
006WR00000wjnlxYAA,Montana Condos,Franchise_Type__c,(null),In-Franchise,franchise_mapping.json (Monday-derived),2026-04-24T13:49:49,backfill
006WR00000wjnlyYAA,Vintage Hill Coop of Prairie Trail,Franchise_Type__c,(null),In-Franchise,franchise_mapping.json (Monday-derived),2026-04-24T13:49:49,backfill
006WR00000wjnlzYAA,Perrine Court Apartments,Franchise_Type__c,(null),In-Franchise,franchise_mapping.json (Monday-derived),2026-04-24T13:49:49,backfill
006WR00000wjnm0YAA,O'Malley Apartments,Franchise_Type__c,(null),In-Franchise,franchise_mapping.json (Monday-derived),2026-04-24T13:49:49,backfill
006WR00000wjnm1YAA,Graymayre Crossing [LOST],Franchise_Type__c,(null),In-Franchise,franchise_mapping.json (Monday-derived),2026-04-24T13:49:49,backfill
006WR00000wjnm2YAA,Park Capitol Apartments,Franchise_Type__c,(null),In-Franchise,franchise_mapping.json (Monday-derived),2026-04-24T13:49:49,backfill
006WR00000wjnm3YAA,Winchester Court,Franchise_Type__c,(null),In-Franchise,franchise_mapping.json (Monday-derived),2026-04-24T13:49:49,backfill
006WR00000wjnm4YAA,Loggerhead Cay,Franchise_Type__c,(null),In-Franchise,franchise_mapping.json (Monday-derived),2026-04-24T13:49:49,backfill
006WR00000wjnm5YAA,Lincoln Village,Franchise_Type__c,(null),In-Franchise,franchise_mapping.json (Monday-derived),2026-04-24T13:49:49,backfill
006WR00000wjnm6YAA,Mission View Manor West,Franchise_Type__c,(null),In-Franchise,franchise_mapping.json (Monday-derived),2026-04-24T13:49:49,backfill
006WR00000wjnm7YAA,Westerly,Franchise_Type__c,(null),In-Franchise,franchise_mapping.json (Monday-derived),2026-04-24T13:49:49,backfill
006WR00000wjnm8YAA,Destinations Alexander,Franchise_Type__c,(null),In-Franchise,franchise_mapping.json (Monday-derived),2026-04-24T13:49:49,backfill
006WR00000wjnm9YAA,Rosewood Club,Franchise_Type__c,(null),In-Franchise,franchise_mapping.json (Monday-derived),2026-04-24T13:49:49,backfill
006WR00000wjnmAYAQ,The Cornelius,Franchise_Type__c,(null),In-Franchise,franchise_mapping.json (Monday-derived),2026-04-24T13:49:49,backfill
006WR00000wjnmBYAQ,Habitat Apartments [LOST],Franchise_Type__c,(null),In-Franchise,franchise_mapping.json (Monday-derived),2026-04-24T13:49:49,backfill
006WR00000wjnmCYAQ,Summit Townomes,Franchise_Type__c,(null),In-Franchise,franchise_mapping.json (Monday-derived),2026-04-24T13:49:49,backfill
006WR00000wjnmDYAQ,Spring Haven RV resort,Franchise_Type__c,(null),In-Franchise,franchise_mapping.json (Monday-derived),2026-04-24T13:49:49,backfill
006WR00000wjnmEYAQ,Horizon Senior Apartments,Franchise_Type__c,(null),In-Franchise,franchise_mapping.json (Monday-derived),2026-04-24T13:49:49,backfill
006WR00000wjnmFYAQ,Crescent Ridge Apartments,Franchise_Type__c,(null),In-Franchise,franchise_mapping.json (Monday-derived),2026-04-24T13:49:49,backfill
006WR00000wjnmGYAQ,Colonial Square,Franchise_Type__c,(null),In-Franchise,franchise_mapping.json (Monday-derived),2026-04-24T13:49:49,backfill
006WR00000wjnmHYAQ,Mesa Grande MHP-110 Spaces,Franchise_Type__c,(null),In-Franchise,franchise_mapping.json (Monday-derived),2026-04-24T13:49:49,backfill
006WR00000wjnmIYAQ,The Port Apartments,Franchise_Type__c,(null),In-Franchise,franchise_mapping.json (Monday-derived),2026-04-24T13:49:49,backfill
006WR00000wjnmJYAQ,Moda Shoreline,Franchise_Type__c,(null),In-Franchise,franchise_mapping.json (Monday-derived),2026-04-24T13:49:49,backfill
006WR00000wjnmKYAQ,University Apartments,Franchise_Type__c,(null),In-Franchise,franchise_mapping.json (Monday-derived),2026-04-24T13:49:49,backfill
006WR00000wjqCNYAY,Frankford Flats,Franchise_Type__c,(null),In-Franchise,franchise_mapping.json (Monday-derived),2026-04-24T13:49:49,backfill
006WR00000wjqCOYAY,Summit Park Apartments,Franchise_Type__c,(null),In-Franchise,franchise_mapping.json (Monday-derived),2026-04-24T13:49:49,backfill
006WR00000wjqCPYAY,Villas of Josey Ranch,Franchise_Type__c,(null),In-Franchise,franchise_mapping.json (Monday-derived),2026-04-24T13:49:49,backfill
006WR00000wjqCQYAY,Greenbriar Park,Franchise_Type__c,(null),In-Franchise,franchise_mapping.json (Monday-derived),2026-04-24T13:49:49,backfill
006WR00000wjqCRYAY,The Timbers Apartment Homes,Franchise_Type__c,(null),In-Franchise,franchise_mapping.json (Monday-derived),2026-04-24T13:49:49,backfill
006WR00000wjqCSYAY,Walnut Creek Apartments,Franchise_Type__c,(null),In-Franchise,franchise_mapping.json (Monday-derived),2026-04-24T13:49:49,backfill
006WR00000wjqCTYAY,Winsted at White Rock Lake Apartments,Franchise_Type__c,(null),In-Franchise,franchise_mapping.json (Monday-derived),2026-04-24T13:49:49,backfill
006WR00000wjqCUYAY,Skye at Love,Franchise_Type__c,(null),In-Franchise,franchise_mapping.json (Monday-derived),2026-04-24T13:49:49,backfill
006WR00000wjqCVYAY,Overlook at Bear Creek,Franchise_Type__c,(null),In-Franchise,franchise_mapping.json (Monday-derived),2026-04-24T13:49:49,backfill
006WR00000wjqCWYAY,Pike West Commerce,Franchise_Type__c,(null),In-Franchise,franchise_mapping.json (Monday-derived),2026-04-24T13:49:49,backfill
006WR00000wjqCXYAY,Northaven Terrace,Franchise_Type__c,(null),In-Franchise,franchise_mapping.json (Monday-derived),2026-04-24T13:49:49,backfill
006WR00000wjqCYYAY,Josey Place Apartments,Franchise_Type__c,(null),In-Franchise,franchise_mapping.json (Monday-derived),2026-04-24T13:49:49,backfill
006WR00000wjqCZYAY,Monarch Pass,Franchise_Type__c,(null),In-Franchise,franchise_mapping.json (Monday-derived),2026-04-24T13:49:49,backfill
006WR00000wjqCaYAI,Horizons at Sunridge,Franchise_Type__c,(null),In-Franchise,franchise_mapping.json (Monday-derived),2026-04-24T13:49:49,backfill
006WR00000wjqCbYAI,The Carling on Frankford,Franchise_Type__c,(null),In-Franchise,franchise_mapping.json (Monday-derived),2026-04-24T13:49:49,backfill
006WR00000wjqCcYAI,Peters Colony apartments,Franchise_Type__c,(null),In-Franchise,franchise_mapping.json (Monday-derived),2026-04-24T13:49:49,backfill
006WR00000wjqCdYAI,Switchyard,Franchise_Type__c,(null),In-Franchise,franchise_mapping.json (Monday-derived),2026-04-24T13:49:49,backfill
006WR00000wjqCeYAI,The Isaac,Franchise_Type__c,(null),In-Franchise,franchise_mapping.json (Monday-derived),2026-04-24T13:49:49,backfill
006WR00000wjqCfYAI,Park View Terrace,Franchise_Type__c,(null),In-Franchise,franchise_mapping.json (Monday-derived),2026-04-24T13:49:49,backfill
006WR00000wjqCgYAI,Parks on the Green,Franchise_Type__c,(null),In-Franchise,franchise_mapping.json (Monday-derived),2026-04-24T13:49:49,backfill
006WR00000wjqChYAI,Gates de Provence,Franchise_Type__c,(null),In-Franchise,franchise_mapping.json (Monday-derived),2026-04-24T13:49:49,backfill
006WR00000wjqCiYAI,Modera Walsh,Franchise_Type__c,(null),In-Franchise,franchise_mapping.json (Monday-derived),2026-04-24T13:49:49,backfill
006WR00000wjqCjYAI,Edentree Apatments,Franchise_Type__c,(null),In-Franchise,franchise_mapping.json (Monday-derived),2026-04-24T13:49:49,backfill
006WR00000wjqCkYAI,Monaco on the Trail,Franchise_Type__c,(null),In-Franchise,franchise_mapping.json (Monday-derived),2026-04-24T13:49:49,backfill
006WR00000wjqClYAI,The Stream at High Pointe,Franchise_Type__c,(null),In-Franchise,franchise_mapping.json (Monday-derived),2026-04-24T13:49:49,backfill
006WR00000wjqCmYAI,Treymore North,Franchise_Type__c,(null),In-Franchise,franchise_mapping.json (Monday-derived),2026-04-24T13:49:49,backfill
006WR00000wjqCnYAI,The Burgundy Condos and Apartments,Franchise_Type__c,(null),In-Franchise,franchise_mapping.json (Monday-derived),2026-04-24T13:49:49,backfill
006WR00000wjqCoYAI,Galleria Townhomes,Franchise_Type__c,(null),In-Franchise,franchise_mapping.json (Monday-derived),2026-04-24T13:49:49,backfill
006WR00000wjqCpYAI,Lynn Villa APartments,Franchise_Type__c,(null),In-Franchise,franchise_mapping.json (Monday-derived),2026-04-24T13:49:49,backfill
006WR00000wjqCqYAI,Preston Village,Franchise_Type__c,(null),In-Franchise,franchise_mapping.json (Monday-derived),2026-04-24T13:49:49,backfill
006WR00000wjqCrYAI,Midtown,Franchise_Type__c,(null),In-Franchise,franchise_mapping.json (Monday-derived),2026-04-24T13:49:49,backfill
006WR00000wjqCsYAI,Trinity Mills Apartments,Franchise_Type__c,(null),In-Franchise,franchise_mapping.json (Monday-derived),2026-04-24T13:49:49,backfill
006WR00000wjqCtYAI,IMT Prestonwood,Franchise_Type__c,(null),In-Franchise,franchise_mapping.json (Monday-derived),2026-04-24T13:49:49,backfill
006WR00000wjqCuYAI,River Junction,Franchise_Type__c,(null),In-Franchise,franchise_mapping.json (Monday-derived),2026-04-24T13:49:49,backfill
006WR00000wjqCvYAI,The Edge at Glade Parks,Franchise_Type__c,(null),In-Franchise,franchise_mapping.json (Monday-derived),2026-04-24T13:49:49,backfill
006WR00000wjqCwYAI,Enclave at Bear Creek,Franchise_Type__c,(null),In-Franchise,franchise_mapping.json (Monday-derived),2026-04-24T13:49:49,backfill
006WR00000wjqCxYAI,Lux on Main,Franchise_Type__c,(null),In-Franchise,franchise_mapping.json (Monday-derived),2026-04-24T13:49:49,backfill
006WR00000wjqCyYAI,The Georgian,Franchise_Type__c,(null),In-Franchise,franchise_mapping.json (Monday-derived),2026-04-24T13:49:49,backfill
006WR00000wjqCzYAI,Northhaven Apartments,Franchise_Type__c,(null),In-Franchise,franchise_mapping.json (Monday-derived),2026-04-24T13:49:49,backfill
006WR00000wjqD0YAI,Wildwood Villas,Franchise_Type__c,(null),In-Franchise,franchise_mapping.json (Monday-derived),2026-04-24T13:49:49,backfill
006WR00000wjqD1YAI,LaSalle,Franchise_Type__c,(null),In-Franchise,franchise_mapping.json (Monday-derived),2026-04-24T13:49:49,backfill
006WR00000wjqD2YAI,Greyson's Gate,Franchise_Type__c,(null),In-Franchise,franchise_mapping.json (Monday-derived),2026-04-24T13:49:49,backfill
006WR00000wjqD3YAI,Midway Urban Village,Franchise_Type__c,(null),In-Franchise,franchise_mapping.json (Monday-derived),2026-04-24T13:49:49,backfill
006WR00000wjqD4YAI,Windsor Westbridge,Franchise_Type__c,(null),In-Franchise,franchise_mapping.json (Monday-derived),2026-04-24T13:49:49,backfill
006WR00000wjqD5YAI,Villas del Zocalo,Franchise_Type__c,(null),In-Franchise,franchise_mapping.json (Monday-derived),2026-04-24T13:49:49,backfill
006WR00000wjqD6YAI,Vista Arbor Apartments,Franchise_Type__c,(null),In-Franchise,franchise_mapping.json (Monday-derived),2026-04-24T13:49:49,backfill
006WR00000wjqD7YAI,Spanish Villas,Franchise_Type__c,(null),In-Franchise,franchise_mapping.json (Monday-derived),2026-04-24T13:49:49,backfill
006WR00000wjqD8YAI,Tides on Larga,Franchise_Type__c,(null),In-Franchise,franchise_mapping.json (Monday-derived),2026-04-24T13:49:49,backfill
006WR00000wjqD9YAI,Summit Ridge,Franchise_Type__c,(null),In-Franchise,franchise_mapping.json (Monday-derived),2026-04-24T13:49:49,backfill
006WR00000wjqDAYAY,Trinity Square,Franchise_Type__c,(null),In-Franchise,franchise_mapping.json (Monday-derived),2026-04-24T13:49:49,backfill
006WR00000wjqDBYAY,LYV Broadway,Franchise_Type__c,(null),In-Franchise,franchise_mapping.json (Monday-derived),2026-04-24T13:49:49,backfill
006WR00000wjqDCYAY,The Gardens Of Josey Lane,Franchise_Type__c,(null),In-Franchise,franchise_mapping.json (Monday-derived),2026-04-24T13:49:49,backfill
006WR00000wjqDDYAY,The Drake on Summit,Franchise_Type__c,(null),In-Franchise,franchise_mapping.json (Monday-derived),2026-04-24T13:49:49,backfill
006WR00000wjqDEYAY,Ridgeline Townhomes,Franchise_Type__c,(null),In-Franchise,franchise_mapping.json (Monday-derived),2026-04-24T13:49:49,backfill
006WR00000wjqDFYAY,The Continental,Franchise_Type__c,(null),In-Franchise,franchise_mapping.json (Monday-derived),2026-04-24T13:49:49,backfill
006WR00000wjqDGYAY,Treymore at Cityplace,Franchise_Type__c,(null),In-Franchise,franchise_mapping.json (Monday-derived),2026-04-24T13:49:49,backfill
006WR00000wjqDHYAY,Sevilla Condos,Franchise_Type__c,(null),In-Franchise,franchise_mapping.json (Monday-derived),2026-04-24T13:49:49,backfill
006WR00000wjqDIYAY,The Village Dakota,Franchise_Type__c,(null),In-Franchise,franchise_mapping.json (Monday-derived),2026-04-24T13:49:49,backfill
006WR00000wjqDJYAY,Villa Siena Apartments,Franchise_Type__c,(null),In-Franchise,franchise_mapping.json (Monday-derived),2026-04-24T13:49:49,backfill
006WR00000wjqDKYAY,Heritage at Brentwood,Franchise_Type__c,(null),In-Franchise,franchise_mapping.json (Monday-derived),2026-04-24T13:49:49,backfill
006WR00000wjqDLYAY,Keller Oaks,Franchise_Type__c,(null),In-Franchise,franchise_mapping.json (Monday-derived),2026-04-24T13:49:49,backfill
006WR00000wjqDMYAY,Frankford Station,Franchise_Type__c,(null),In-Franchise,franchise_mapping.json (Monday-derived),2026-04-24T13:49:49,backfill
006WR00000wjqDNYAY,The Brooke Apartments,Franchise_Type__c,(null),In-Franchise,franchise_mapping.json (Monday-derived),2026-04-24T13:49:49,backfill
006WR00000wjqDOYAY,The Katy,Franchise_Type__c,(null),In-Franchise,franchise_mapping.json (Monday-derived),2026-04-24T13:49:49,backfill
006WR00000wjqDPYAY,Hazel by the Galleria,Franchise_Type__c,(null),In-Franchise,franchise_mapping.json (Monday-derived),2026-04-24T13:49:49,backfill
006WR00000wjqDQYAY,Yorktown Luxary Apartments,Franchise_Type__c,(null),In-Franchise,franchise_mapping.json (Monday-derived),2026-04-24T13:49:49,backfill
006WR00000wjqDRYAY,Vance at Bishop Union,Franchise_Type__c,(null),In-Franchise,franchise_mapping.json (Monday-derived),2026-04-24T13:49:49,backfill
006WR00000wjqDSYAY,The Lockley,Franchise_Type__c,(null),In-Franchise,franchise_mapping.json (Monday-derived),2026-04-24T13:49:49,backfill
006WR00000wjqDTYAY,Rise 120,Franchise_Type__c,(null),In-Franchise,franchise_mapping.json (Monday-derived),2026-04-24T13:49:49,backfill
006WR00000wjqDUYAY,Embry,Franchise_Type__c,(null),In-Franchise,franchise_mapping.json (Monday-derived),2026-04-24T13:49:49,backfill
006WR00000wjqDVYAY,Lone Star Gas Lofts,Franchise_Type__c,(null),In-Franchise,franchise_mapping.json (Monday-derived),2026-04-24T13:49:49,backfill
006WR00000wjqDWYAY,LTD West Commerce,Franchise_Type__c,(null),In-Franchise,franchise_mapping.json (Monday-derived),2026-04-24T13:49:49,backfill
006WR00000wjqDXYAY,Newsome Homes,Franchise_Type__c,(null),In-Franchise,franchise_mapping.json (Monday-derived),2026-04-24T13:49:49,backfill
006WR00000wjqDYYAY,Rocklyn Apartments,Franchise_Type__c,(null),In-Franchise,franchise_mapping.json (Monday-derived),2026-04-24T13:49:49,backfill
006WR00000wjqDZYAY,Heatherstone Apartments,Franchise_Type__c,(null),In-Franchise,franchise_mapping.json (Monday-derived),2026-04-24T13:49:49,backfill
006WR00000wjqDaYAI,Vail Quarters,Franchise_Type__c,(null),In-Franchise,franchise_mapping.json (Monday-derived),2026-04-24T13:49:49,backfill
006WR00000wjqDbYAI,Sterlingshire Apartments,Franchise_Type__c,(null),In-Franchise,franchise_mapping.json (Monday-derived),2026-04-24T13:49:49,backfill
006WR00000wjqDcYAI,Vail Village Club Apartments,Franchise_Type__c,(null),In-Franchise,franchise_mapping.json (Monday-derived),2026-04-24T13:49:49,backfill
006WR00000wjqDdYAI,The Brisco,Franchise_Type__c,(null),In-Franchise,franchise_mapping.json (Monday-derived),2026-04-24T13:49:49,backfill
006WR00000wjqDeYAI,Windsor Turtle Creek,Franchise_Type__c,(null),In-Franchise,franchise_mapping.json (Monday-derived),2026-04-24T13:49:49,backfill
006WR00000wjqDfYAI,Modera Georgetown,Franchise_Type__c,(null),In-Franchise,franchise_mapping.json (Monday-derived),2026-04-24T13:49:49,backfill
006WR00000wjqDgYAI,Victor Prosper,Franchise_Type__c,(null),In-Franchise,franchise_mapping.json (Monday-derived),2026-04-24T13:49:49,backfill
006WR00000wjqDhYAI,Wildwood,Franchise_Type__c,(null),In-Franchise,franchise_mapping.json (Monday-derived),2026-04-24T13:49:49,backfill
006WR00000wjqDiYAI,Palencia,Franchise_Type__c,(null),In-Franchise,franchise_mapping.json (Monday-derived),2026-04-24T13:49:49,backfill
006WR00000wjqDjYAI,Vinewood Apartments,Franchise_Type__c,(null),In-Franchise,franchise_mapping.json (Monday-derived),2026-04-24T13:49:49,backfill
006WR00000wjqDkYAI,Oaks at Creekside,Franchise_Type__c,(null),In-Franchise,franchise_mapping.json (Monday-derived),2026-04-24T13:49:49,backfill
006WR00000wjqDlYAI,The Woods of Five Mile Creek,Franchise_Type__c,(null),In-Franchise,franchise_mapping.json (Monday-derived),2026-04-24T13:49:49,backfill
006WR00000wjqDmYAI,Pinnacle Ridge,Franchise_Type__c,(null),In-Franchise,franchise_mapping.json (Monday-derived),2026-04-24T13:49:49,backfill
006WR00000wjqDnYAI,Park Hill Apartments,Franchise_Type__c,(null),In-Franchise,franchise_mapping.json (Monday-derived),2026-04-24T13:49:49,backfill
006WR00000wjqDoYAI,Ridge Parc,Franchise_Type__c,(null),In-Franchise,franchise_mapping.json (Monday-derived),2026-04-24T13:49:49,backfill
006WR00000wjqDpYAI,Villas on the Hill,Franchise_Type__c,(null),In-Franchise,franchise_mapping.json (Monday-derived),2026-04-24T13:49:49,backfill
006WR00000wjqDqYAI,The Mark at Midtown Park,Franchise_Type__c,(null),In-Franchise,franchise_mapping.json (Monday-derived),2026-04-24T13:49:49,backfill
006WR00000wjqDrYAI,The Tallows Apartments,Franchise_Type__c,(null),In-Franchise,franchise_mapping.json (Monday-derived),2026-04-24T13:49:49,backfill
006WR00000wjqDsYAI,Pleasant Run Apartments,Franchise_Type__c,(null),In-Franchise,franchise_mapping.json (Monday-derived),2026-04-24T13:49:49,backfill
006WR00000wjqDtYAI,Windsor West Lemon,Franchise_Type__c,(null),In-Franchise,franchise_mapping.json (Monday-derived),2026-04-24T13:49:49,backfill
006WR00000wjqDuYAI,Gallery at Turtle Creek,Franchise_Type__c,(null),In-Franchise,franchise_mapping.json (Monday-derived),2026-04-24T13:49:49,backfill
006WR00000wjqDvYAI,Gables Villa Rosa,Franchise_Type__c,(null),In-Franchise,franchise_mapping.json (Monday-derived),2026-04-24T13:49:49,backfill
006WR00000wjqDwYAI,Eleven10 at Farmers Market Apartments,Franchise_Type__c,(null),In-Franchise,franchise_mapping.json (Monday-derived),2026-04-24T13:49:49,backfill
006WR00000wk1EEYAY,Henderson Terrace Apartments,Franchise_Type__c,(null),In-Franchise,franchise_mapping.json (Monday-derived),2026-04-24T13:49:49,backfill
006WR00000wk1EFYAY,Affordable Storage,Franchise_Type__c,(null),In-Franchise,franchise_mapping.json (Monday-derived),2026-04-24T13:49:49,backfill
006WR00000wk1EGYAY,Monaghan Apartments,Franchise_Type__c,(null),In-Franchise,franchise_mapping.json (Monday-derived),2026-04-24T13:49:49,backfill
006WR00000wk1EHYAY,Boyd South Apartments,Franchise_Type__c,(null),In-Franchise,franchise_mapping.json (Monday-derived),2026-04-24T13:49:49,backfill
006WR00000wk1EIYAY,Eagle Ridge Terrace Apartments,Franchise_Type__c,(null),In-Franchise,franchise_mapping.json (Monday-derived),2026-04-24T13:49:49,backfill
006WR00000wk1EJYAY,Aspen Ridge,Franchise_Type__c,(null),In-Franchise,franchise_mapping.json (Monday-derived),2026-04-24T13:49:49,backfill
006WR00000wk1EKYAY,Overlook 380,Franchise_Type__c,(null),In-Franchise,franchise_mapping.json (Monday-derived),2026-04-24T13:49:49,backfill
006WR00000wk1ELYAY,Arcos De Mesa,Franchise_Type__c,(null),In-Franchise,franchise_mapping.json (Monday-derived),2026-04-24T13:49:49,backfill
006WR00000wk1EMYAY,Hunters Pointe (Mesa),Franchise_Type__c,(null),In-Franchise,franchise_mapping.json (Monday-derived),2026-04-24T13:49:49,backfill
006WR00000wk1ENYAY,Valencia Apartments,Franchise_Type__c,(null),In-Franchise,franchise_mapping.json (Monday-derived),2026-04-24T13:49:49,backfill
006WR00000wk1EOYAY,Midwest Patio Home Apartments,Franchise_Type__c,(null),In-Franchise,franchise_mapping.json (Monday-derived),2026-04-24T13:49:49,backfill
006WR00000wk1EPYAY,Big Sky Patio Home Apartments,Franchise_Type__c,(null),In-Franchise,franchise_mapping.json (Monday-derived),2026-04-24T13:49:49,backfill
006WR00000wk1EQYAY,Hitt Road Patio Home Apartments,Franchise_Type__c,(null),In-Franchise,franchise_mapping.json (Monday-derived),2026-04-24T13:49:49,backfill
006WR00000wk1ERYAY,Indian Hills Terrace,Franchise_Type__c,(null),In-Franchise,franchise_mapping.json (Monday-derived),2026-04-24T13:49:49,backfill
006WR00000wk1ESYAY,Willow Creek,Franchise_Type__c,(null),In-Franchise,franchise_mapping.json (Monday-derived),2026-04-24T13:49:49,backfill
006WR00000wk1ETYAY,Centennial Patio Home Apartments,Franchise_Type__c,(null),In-Franchise,franchise_mapping.json (Monday-derived),2026-04-24T13:49:49,backfill
006WR00000wk1EUYAY,Parkway Plaza,Franchise_Type__c,(null),In-Franchise,franchise_mapping.json (Monday-derived),2026-04-24T13:49:49,backfill
006WR00000wk1EVYAY,The Reserve,Franchise_Type__c,(null),In-Franchise,franchise_mapping.json (Monday-derived),2026-04-24T13:49:49,backfill
006WR00000wk1EWYAY,Ladera Townhouse,Franchise_Type__c,(null),In-Franchise,franchise_mapping.json (Monday-derived),2026-04-24T13:49:49,backfill
006WR00000wk1EXYAY,Crestview Place Apartments,Franchise_Type__c,(null),In-Franchise,franchise_mapping.json (Monday-derived),2026-04-24T13:49:49,backfill
006WR00000wk1EYYAY,Cielo Apartments,Franchise_Type__c,(null),In-Franchise,franchise_mapping.json (Monday-derived),2026-04-24T13:49:49,backfill
006WR00000wk1EZYAY,The Overlook at Thornton,Franchise_Type__c,(null),In-Franchise,franchise_mapping.json (Monday-derived),2026-04-24T13:49:49,backfill
006WR00000wk1EaYAI,Southgate Apartments,Franchise_Type__c,(null),In-Franchise,franchise_mapping.json (Monday-derived),2026-04-24T13:49:49,backfill
006WR00000wk1EbYAI,Valley View Estates,Franchise_Type__c,(null),In-Franchise,franchise_mapping.json (Monday-derived),2026-04-24T13:49:49,backfill
006WR00000wk1EcYAI,Terrace Heights Apartments,Franchise_Type__c,(null),In-Franchise,franchise_mapping.json (Monday-derived),2026-04-24T13:49:49,backfill
006WR00000wk1EdYAI,Cougar Creek Apartments,Franchise_Type__c,(null),In-Franchise,franchise_mapping.json (Monday-derived),2026-04-24T13:49:49,backfill
006WR00000wk1EeYAI,The Sterling Apartments,Franchise_Type__c,(null),In-Franchise,franchise_mapping.json (Monday-derived),2026-04-24T13:49:49,backfill
006WR00000wk1EfYAI,Navajo Hills,Franchise_Type__c,(null),In-Franchise,franchise_mapping.json (Monday-derived),2026-04-24T13:49:49,backfill
006WR00000wk1EgYAI,Sun Valley Ranch Apartments,Franchise_Type__c,(null),In-Franchise,franchise_mapping.json (Monday-derived),2026-04-24T13:49:49,backfill
006WR00000wk1EhYAI,Tallgrass Village,Franchise_Type__c,(null),In-Franchise,franchise_mapping.json (Monday-derived),2026-04-24T13:49:49,backfill
006WR00000wk1EiYAI,Yavapai Hills Apartments,Franchise_Type__c,(null),In-Franchise,franchise_mapping.json (Monday-derived),2026-04-24T13:49:49,backfill
006WR00000wk1EjYAI,The Renaissance at Stoney Creek,Franchise_Type__c,(null),In-Franchise,franchise_mapping.json (Monday-derived),2026-04-24T13:49:49,backfill
006WR00000wk1EkYAI,Cielo on 5th (f/k/a Equinox on 5th),Franchise_Type__c,(null),In-Franchise,franchise_mapping.json (Monday-derived),2026-04-24T13:49:49,backfill
006WR00000wk1ElYAI,The Bluffs of Brookside,Franchise_Type__c,(null),In-Franchise,franchise_mapping.json (Monday-derived),2026-04-24T13:49:49,backfill
006WR00000wk1EmYAI,Bay Colony Apartments,Franchise_Type__c,(null),In-Franchise,franchise_mapping.json (Monday-derived),2026-04-24T13:49:49,backfill
006WR00000wk1EnYAI,Hallcraft Villas Mesa 1,Franchise_Type__c,(null),In-Franchise,franchise_mapping.json (Monday-derived),2026-04-24T13:49:49,backfill
006WR00000wk1EoYAI,Villa Pacifica Apartments - Tucson,Franchise_Type__c,(null),In-Franchise,franchise_mapping.json (Monday-derived),2026-04-24T13:49:49,backfill
006WR00000wk1EpYAI,Linea Stillwater,Franchise_Type__c,(null),In-Franchise,franchise_mapping.json (Monday-derived),2026-04-24T13:49:49,backfill
006WR00000wk1EqYAI,Villages of Georgetown,Franchise_Type__c,(null),In-Franchise,franchise_mapping.json (Monday-derived),2026-04-24T13:49:49,backfill
006WR00000wk1ErYAI,Reveal 54,Franchise_Type__c,(null),In-Franchise,franchise_mapping.json (Monday-derived),2026-04-24T13:49:49,backfill
006WR00000wk1EsYAI,Arco and Pilare,Franchise_Type__c,(null),In-Franchise,franchise_mapping.json (Monday-derived),2026-04-24T13:49:49,backfill
006WR00000wk1EtYAI,Shores At McIntosh Lake,Franchise_Type__c,(null),In-Franchise,franchise_mapping.json (Monday-derived),2026-04-24T13:49:49,backfill
006WR00000wk1EuYAI,Mission Cove Apartments X,Franchise_Type__c,(null),In-Franchise,franchise_mapping.json (Monday-derived),2026-04-24T13:49:49,backfill
006WR00000wk1EvYAI,Montecito Village,Franchise_Type__c,(null),In-Franchise,franchise_mapping.json (Monday-derived),2026-04-24T13:49:49,backfill
006WR00000wk1EwYAI,Island Club Apartments X,Franchise_Type__c,(null),In-Franchise,franchise_mapping.json (Monday-derived),2026-04-24T13:49:49,backfill
006WR00000wk1ExYAI,Alta Oceanside X,Franchise_Type__c,(null),In-Franchise,franchise_mapping.json (Monday-derived),2026-04-24T13:49:49,backfill
006WR00000wk1EyYAI,Creekwood Villas X,Franchise_Type__c,(null),In-Franchise,franchise_mapping.json (Monday-derived),2026-04-24T13:49:49,backfill
006WR00000wk1EzYAI,The Lofts at Carlsbad Village X,Franchise_Type__c,(null),In-Franchise,franchise_mapping.json (Monday-derived),2026-04-24T13:49:49,backfill
006WR00000wk1F0YAI,The Avenue at Carlsbad X,Franchise_Type__c,(null),In-Franchise,franchise_mapping.json (Monday-derived),2026-04-24T13:49:49,backfill
006WR00000wk1F1YAI,"Vitruvian West I, II and III",Franchise_Type__c,(null),In-Franchise,franchise_mapping.json (Monday-derived),2026-04-24T13:49:49,backfill
006WR00000wk1F2YAI,Monecito Apartments,Franchise_Type__c,(null),In-Franchise,franchise_mapping.json (Monday-derived),2026-04-24T13:49:49,backfill
006WR00000wk1F3YAI,Aventerra at Dobson Ranch Apts,Franchise_Type__c,(null),In-Franchise,franchise_mapping.json (Monday-derived),2026-04-24T13:49:49,backfill
006WR00000wk1F4YAI,Landings at Dobson Ranch,Franchise_Type__c,(null),In-Franchise,franchise_mapping.json (Monday-derived),2026-04-24T13:49:49,backfill
006WR00000wk1F5YAI,Reflect at Dobson Ranch,Franchise_Type__c,(null),In-Franchise,franchise_mapping.json (Monday-derived),2026-04-24T13:49:49,backfill
006WR00000wk1F6YAI,San Posada Apts,Franchise_Type__c,(null),In-Franchise,franchise_mapping.json (Monday-derived),2026-04-24T13:49:49,backfill
006WR00000wk1F7YAI,The Landing at Fiesta Village,Franchise_Type__c,(null),In-Franchise,franchise_mapping.json (Monday-derived),2026-04-24T13:49:49,backfill
006WR00000wk1F8YAI,Circle Tree Condominiums,Franchise_Type__c,(null),In-Franchise,franchise_mapping.json (Monday-derived),2026-04-24T13:49:49,backfill
006WR00000wk1F9YAI,Southern Avenue Villas,Franchise_Type__c,(null),In-Franchise,franchise_mapping.json (Monday-derived),2026-04-24T13:49:49,backfill
006WR00000wk1FAYAY,The Palms at Mesa,Franchise_Type__c,(null),In-Franchise,franchise_mapping.json (Monday-derived),2026-04-24T13:49:49,backfill
006WR00000wk1FBYAY,Now Called (The Clifford) Tides on Country Club,Franchise_Type__c,(null),In-Franchise,franchise_mapping.json (Monday-derived),2026-04-24T13:49:49,backfill
006WR00000wk1FCYAY,Residences on First,Franchise_Type__c,(null),In-Franchise,franchise_mapping.json (Monday-derived),2026-04-24T13:49:49,backfill
006WR00000wk1FDYAY,Arcadia Place X,Franchise_Type__c,(null),In-Franchise,franchise_mapping.json (Monday-derived),2026-04-24T13:49:49,backfill
006WR00000wk1FEYAY,Folio Apartments,Franchise_Type__c,(null),In-Franchise,franchise_mapping.json (Monday-derived),2026-04-24T13:49:49,backfill
006WR00000wk1FFYAY,Shadowridge Heights X,Franchise_Type__c,(null),In-Franchise,franchise_mapping.json (Monday-derived),2026-04-24T13:49:49,backfill
006WR00000wk1FGYAY,Shadowridge Village East X,Franchise_Type__c,(null),In-Franchise,franchise_mapping.json (Monday-derived),2026-04-24T13:49:49,backfill
006WR00000wk1FHYAY,Skye Apartments X,Franchise_Type__c,(null),In-Franchise,franchise_mapping.json (Monday-derived),2026-04-24T13:49:49,backfill
006WR00000wk1FIYAY,Artisan Luxury Apartments [JEFFERSON CENTER I],Franchise_Type__c,(null),In-Franchise,franchise_mapping.json (Monday-derived),2026-04-24T13:49:49,backfill
006WR00000wk1FJYAY,Cortland Southpark Terraces [ESTATES AT SOUTHPARK MEADOWS]\,Franchise_Type__c,(null),In-Franchise,franchise_mapping.json (Monday-derived),2026-04-24T13:49:49,backfill
006WR00000wk1FKYAY,Preserve at Melrose X,Franchise_Type__c,(null),In-Franchise,franchise_mapping.json (Monday-derived),2026-04-24T13:49:49,backfill
006WR00000wk1FLYAY,Alcove Apartments,Franchise_Type__c,(null),In-Franchise,franchise_mapping.json (Monday-derived),2026-04-24T13:49:49,backfill
006WR00000wk1FMYAY,Santee Villas X,Franchise_Type__c,(null),In-Franchise,franchise_mapping.json (Monday-derived),2026-04-24T13:49:49,backfill
006WR00000wk1FNYAY,Shadowridge Country Club Villas X,Franchise_Type__c,(null),In-Franchise,franchise_mapping.json (Monday-derived),2026-04-24T13:49:49,backfill
006WR00000wk1FOYAY,The Aspect,Franchise_Type__c,(null),In-Franchise,franchise_mapping.json (Monday-derived),2026-04-24T13:49:49,backfill
006WR00000wk1FPYAY,Autumn Terrace X,Franchise_Type__c,(null),In-Franchise,franchise_mapping.json (Monday-derived),2026-04-24T13:49:49,backfill
006WR00000wk1FQYAY,Vela Santee Apartments X,Franchise_Type__c,(null),In-Franchise,franchise_mapping.json (Monday-derived),2026-04-24T13:49:49,backfill
006WR00000wk1FRYAY,The Grove at Austin,Franchise_Type__c,(null),In-Franchise,franchise_mapping.json (Monday-derived),2026-04-24T13:49:49,backfill
006WR00000wk1FSYAY,Terrace Cove Apartments,Franchise_Type__c,(null),In-Franchise,franchise_mapping.json (Monday-derived),2026-04-24T13:49:49,backfill
006WR00000wk1FTYAY,Promenade at Creekside X,Franchise_Type__c,(null),In-Franchise,franchise_mapping.json (Monday-derived),2026-04-24T13:49:49,backfill
006WR00000wk1FUYAY,Anden X,Franchise_Type__c,(null),In-Franchise,franchise_mapping.json (Monday-derived),2026-04-24T13:49:49,backfill
006WR00000wk1FVYAY,Tramor at the Quest,Franchise_Type__c,(null),In-Franchise,franchise_mapping.json (Monday-derived),2026-04-24T13:49:49,backfill
006WR00000wk1FWYAY,Crest [Solace] on Peachtree,Franchise_Type__c,(null),In-Franchise,franchise_mapping.json (Monday-derived),2026-04-24T13:49:49,backfill
006WR00000wk1FXYAY,The Lola,Franchise_Type__c,(null),In-Franchise,franchise_mapping.json (Monday-derived),2026-04-24T13:49:49,backfill
006WR00000wk1FYYAY,30 Metro,Franchise_Type__c,(null),In-Franchise,franchise_mapping.json (Monday-derived),2026-04-24T13:49:49,backfill
006WR00000wk1FZYAY,Summit at Hyde Park,Franchise_Type__c,(null),In-Franchise,franchise_mapping.json (Monday-derived),2026-04-24T13:49:49,backfill
006WR00000wk1FaYAI,latitude33,Franchise_Type__c,(null),In-Franchise,franchise_mapping.json (Monday-derived),2026-04-24T13:49:49,backfill
006WR00000wk1FbYAI,The Rylan X,Franchise_Type__c,(null),In-Franchise,franchise_mapping.json (Monday-derived),2026-04-24T13:49:49,backfill
006WR00000wk1FcYAI,Southwind Point X,Franchise_Type__c,(null),In-Franchise,franchise_mapping.json (Monday-derived),2026-04-24T13:49:49,backfill
006WR00000wk1FdYAI,Sunset Springs Apartments X,Franchise_Type__c,(null),In-Franchise,franchise_mapping.json (Monday-derived),2026-04-24T13:49:49,backfill
006WR00000wk1FeYAI,Bella Terra X,Franchise_Type__c,(null),In-Franchise,franchise_mapping.json (Monday-derived),2026-04-24T13:49:49,backfill
006WR00000wk1FfYAI,Nobility Pointe,Franchise_Type__c,(null),In-Franchise,franchise_mapping.json (Monday-derived),2026-04-24T13:49:49,backfill
006WR00000wk1FgYAI,Shadow Ridge Woodbend X,Franchise_Type__c,(null),In-Franchise,franchise_mapping.json (Monday-derived),2026-04-24T13:49:49,backfill
006WR00000wk1FhYAI,Summer Wind X,Franchise_Type__c,(null),In-Franchise,franchise_mapping.json (Monday-derived),2026-04-24T13:49:49,backfill
006WR00000wk1FiYAI,Persea X,Franchise_Type__c,(null),In-Franchise,franchise_mapping.json (Monday-derived),2026-04-24T13:49:49,backfill
006WR00000wk1FjYAI,Passage Buena Vista X,Franchise_Type__c,(null),In-Franchise,franchise_mapping.json (Monday-derived),2026-04-24T13:49:49,backfill
006WR00000wk1FkYAI,Parc One X,Franchise_Type__c,(null),In-Franchise,franchise_mapping.json (Monday-derived),2026-04-24T13:49:49,backfill
006WR00000wk1FlYAI,Benson Lights,Franchise_Type__c,(null),In-Franchise,franchise_mapping.json (Monday-derived),2026-04-24T13:49:49,backfill
006WR00000wk1FmYAI,MAA Lyon's Gate,Franchise_Type__c,(null),In-Franchise,franchise_mapping.json (Monday-derived),2026-04-24T13:49:49,backfill
006WR00000wk1FnYAI,MAA Sky View,Franchise_Type__c,(null),In-Franchise,franchise_mapping.json (Monday-derived),2026-04-24T13:49:49,backfill
006WR00000wk1FoYAI,The Premiere at Dana Park,Franchise_Type__c,(null),In-Franchise,franchise_mapping.json (Monday-derived),2026-04-24T13:49:49,backfill
006WR00000wk3O6YAI,Estates at East Riverside,Franchise_Type__c,(null),In-Franchise,franchise_mapping.json (Monday-derived),2026-04-24T13:49:49,backfill
006WR00000wk3O7YAI,Stone Vista,Franchise_Type__c,(null),In-Franchise,franchise_mapping.json (Monday-derived),2026-04-24T13:49:49,backfill
006WR00000wk3O8YAI,Elm Grove Estates,Franchise_Type__c,(null),In-Franchise,franchise_mapping.json (Monday-derived),2026-04-24T13:49:49,backfill
006WR00000wk3O9YAI,Icon Apartments,Franchise_Type__c,(null),In-Franchise,franchise_mapping.json (Monday-derived),2026-04-24T13:49:49,backfill
006WR00000wk3OAYAY,El Camino 76 Mobile Estates,Franchise_Type__c,(null),In-Franchise,franchise_mapping.json (Monday-derived),2026-04-24T13:49:49,backfill
006WR00000wk3OBYAY,Village Park Apartments,Franchise_Type__c,(null),In-Franchise,franchise_mapping.json (Monday-derived),2026-04-24T13:49:49,backfill
006WR00000wk3OCYAY,The Hamptons,Franchise_Type__c,(null),In-Franchise,franchise_mapping.json (Monday-derived),2026-04-24T13:49:49,backfill
006WR00000wk3ODYAY,Terra Vida Apts,Franchise_Type__c,(null),In-Franchise,franchise_mapping.json (Monday-derived),2026-04-24T13:49:49,backfill
006WR00000wk3OEYAY,The Palms at Augusta Ranch,Franchise_Type__c,(null),In-Franchise,franchise_mapping.json (Monday-derived),2026-04-24T13:49:49,backfill
006WR00000wk3OFYAY,Pala Mesa Apartments,Franchise_Type__c,(null),In-Franchise,franchise_mapping.json (Monday-derived),2026-04-24T13:49:49,backfill
006WR00000wk3OGYAY,The Enclave at Gilbert Senior Living,Franchise_Type__c,(null),In-Franchise,franchise_mapping.json (Monday-derived),2026-04-24T13:49:49,backfill
006WR00000wk3OHYAY,Riggs Circle,Franchise_Type__c,(null),In-Franchise,franchise_mapping.json (Monday-derived),2026-04-24T13:49:49,backfill
006WR00000wk3OIYAY,The Springs at Alta Mesa,Franchise_Type__c,(null),In-Franchise,franchise_mapping.json (Monday-derived),2026-04-24T13:49:49,backfill
006WR00000wk3OJYAY,The Bronte East,Franchise_Type__c,(null),In-Franchise,franchise_mapping.json (Monday-derived),2026-04-24T13:49:49,backfill
006WR00000wk3OKYAY,The Heritage,Franchise_Type__c,(null),In-Franchise,franchise_mapping.json (Monday-derived),2026-04-24T13:49:49,backfill
006WR00000wk3OLYAY,Skyline at Cooley Station,Franchise_Type__c,(null),In-Franchise,franchise_mapping.json (Monday-derived),2026-04-24T13:49:49,backfill
006WR00000wk3OMYAY,University Palms Apartments,Franchise_Type__c,(null),In-Franchise,franchise_mapping.json (Monday-derived),2026-04-24T13:49:49,backfill
006WR00000wk3ONYAY,Southwest Villas,Franchise_Type__c,(null),In-Franchise,franchise_mapping.json (Monday-derived),2026-04-24T13:49:49,backfill
006WR00000wk3OOYAY,The Mark at 87,Franchise_Type__c,(null),In-Franchise,franchise_mapping.json (Monday-derived),2026-04-24T13:49:49,backfill
006WR00000wk3OPYAY,The Pacifica,Franchise_Type__c,(null),In-Franchise,franchise_mapping.json (Monday-derived),2026-04-24T13:49:49,backfill
006WR00000wk3OQYAY,Williams Gateway,Franchise_Type__c,(null),In-Franchise,franchise_mapping.json (Monday-derived),2026-04-24T13:49:49,backfill
006WR00000wk3ORYAY,Tides at Mesa,Franchise_Type__c,(null),In-Franchise,franchise_mapping.json (Monday-derived),2026-04-24T13:49:49,backfill
006WR00000wk3OSYAY,Serrano Gardens,Franchise_Type__c,(null),In-Franchise,franchise_mapping.json (Monday-derived),2026-04-24T13:49:49,backfill
006WR00000wk3OTYAY,Trails at Harris,Franchise_Type__c,(null),In-Franchise,franchise_mapping.json (Monday-derived),2026-04-24T13:49:49,backfill
006WR00000wk3OUYAY,Tides on Gilbert West,Franchise_Type__c,(null),In-Franchise,franchise_mapping.json (Monday-derived),2026-04-24T13:49:49,backfill
006WR00000wk3OVYAY,Wintercove Apartments,Franchise_Type__c,(null),In-Franchise,franchise_mapping.json (Monday-derived),2026-04-24T13:49:49,backfill
006WR00000wk3OWYAY,Paradise Palms-100 Spaces,Franchise_Type__c,(null),In-Franchise,franchise_mapping.json (Monday-derived),2026-04-24T13:49:49,backfill
006WR00000wk3OXYAY,Tides on Southern,Franchise_Type__c,(null),In-Franchise,franchise_mapping.json (Monday-derived),2026-04-24T13:49:49,backfill
006WR00000wk3OYYAY,The Village at Lindsay Park Apartments,Franchise_Type__c,(null),In-Franchise,franchise_mapping.json (Monday-derived),2026-04-24T13:49:49,backfill
006WR00000wk3OZYAY,Superstition Canyon Luxury Apartments,Franchise_Type__c,(null),In-Franchise,franchise_mapping.json (Monday-derived),2026-04-24T13:49:49,backfill
006WR00000wk3OaYAI,The Courtyards,Franchise_Type__c,(null),In-Franchise,franchise_mapping.json (Monday-derived),2026-04-24T13:49:49,backfill
006WR00000wk3ObYAI,Valor on Eighth,Franchise_Type__c,(null),In-Franchise,franchise_mapping.json (Monday-derived),2026-04-24T13:49:49,backfill
006WR00000wk3OcYAI,Village at Royal Palms,Franchise_Type__c,(null),In-Franchise,franchise_mapping.json (Monday-derived),2026-04-24T13:49:49,backfill
006WR00000wk3OdYAI,Sands Apartments,Franchise_Type__c,(null),In-Franchise,franchise_mapping.json (Monday-derived),2026-04-24T13:49:49,backfill
006WR00000wk3OeYAI,Palm Shadows Apartments,Franchise_Type__c,(null),In-Franchise,franchise_mapping.json (Monday-derived),2026-04-24T13:49:49,backfill
006WR00000wk3OfYAI,Page Commons,Franchise_Type__c,(null),In-Franchise,franchise_mapping.json (Monday-derived),2026-04-24T13:49:49,backfill
006WR00000wk3OgYAI,Summit Lake,Franchise_Type__c,(null),In-Franchise,franchise_mapping.json (Monday-derived),2026-04-24T13:49:49,backfill
006WR00000wk3OhYAI,Westwood Townhomes,Franchise_Type__c,(null),In-Franchise,franchise_mapping.json (Monday-derived),2026-04-24T13:49:49,backfill
006WR00000wk3OiYAI,Skyline Park,Franchise_Type__c,(null),In-Franchise,franchise_mapping.json (Monday-derived),2026-04-24T13:49:49,backfill
006WR00000wk3OjYAI,Villas Valencia Townhouses,Franchise_Type__c,(null),In-Franchise,franchise_mapping.json (Monday-derived),2026-04-24T13:49:49,backfill
006WR00000wk3OkYAI,Genoa Lakes,Franchise_Type__c,(null),In-Franchise,franchise_mapping.json (Monday-derived),2026-04-24T13:49:49,backfill
006WR00000wk3OlYAI,Ventana Estates,Franchise_Type__c,(null),In-Franchise,franchise_mapping.json (Monday-derived),2026-04-24T13:49:49,backfill
006WR00000wk3OmYAI,Stone Canyon Apartments,Franchise_Type__c,(null),In-Franchise,franchise_mapping.json (Monday-derived),2026-04-24T13:49:49,backfill
006WR00000wk3OnYAI,Indigo Lofts,Franchise_Type__c,(null),In-Franchise,franchise_mapping.json (Monday-derived),2026-04-24T13:49:49,backfill
006WR00000wk3OoYAI,Wasatch Club,Franchise_Type__c,(null),In-Franchise,franchise_mapping.json (Monday-derived),2026-04-24T13:49:49,backfill
006WR00000wk3OpYAI,Chandler Ridge,Franchise_Type__c,(null),In-Franchise,franchise_mapping.json (Monday-derived),2026-04-24T13:49:49,backfill
006WR00000wk3OqYAI,Deserama Mobile Home Community,Franchise_Type__c,(null),In-Franchise,franchise_mapping.json (Monday-derived),2026-04-24T13:49:49,backfill
006WR00000wk3OrYAI,Orangewood Shadows RV Resort,Franchise_Type__c,(null),In-Franchise,franchise_mapping.json (Monday-derived),2026-04-24T13:49:49,backfill
006WR00000wk3OsYAI,Seyenna Vistas,Franchise_Type__c,(null),In-Franchise,franchise_mapping.json (Monday-derived),2026-04-24T13:49:49,backfill
006WR00000wk3OtYAI,Windhaven III,Franchise_Type__c,(null),In-Franchise,franchise_mapping.json (Monday-derived),2026-04-24T13:49:49,backfill
006WR00000wk3OuYAI,Palm Harbor Estates,Franchise_Type__c,(null),In-Franchise,franchise_mapping.json (Monday-derived),2026-04-24T13:49:49,backfill
006WR00000wk3OvYAI,Tides at Chandler,Franchise_Type__c,(null),In-Franchise,franchise_mapping.json (Monday-derived),2026-04-24T13:49:49,backfill
006WR00000wk3OwYAI,Azure Wexford Apartments,Franchise_Type__c,(null),In-Franchise,franchise_mapping.json (Monday-derived),2026-04-24T13:49:49,backfill
006WR00000wk3OxYAI,Biltmore Palms Condominium,Franchise_Type__c,(null),In-Franchise,franchise_mapping.json (Monday-derived),2026-04-24T13:49:49,backfill
006WR00000wk3OyYAI,Campus View,Franchise_Type__c,(null),In-Franchise,franchise_mapping.json (Monday-derived),2026-04-24T13:49:49,backfill
006WR00000wk3OzYAI,Bridgemoor Apartments,Franchise_Type__c,(null),In-Franchise,franchise_mapping.json (Monday-derived),2026-04-24T13:49:49,backfill
006WR00000wk3P0YAI,Fountain Springs Apartments,Franchise_Type__c,(null),In-Franchise,franchise_mapping.json (Monday-derived),2026-04-24T13:49:49,backfill
006WR00000wk3P1YAI,Tela Verde,Franchise_Type__c,(null),In-Franchise,franchise_mapping.json (Monday-derived),2026-04-24T13:49:49,backfill
006WR00000wk3P2YAI,Westdale Court Apartments,Franchise_Type__c,(null),In-Franchise,franchise_mapping.json (Monday-derived),2026-04-24T13:49:49,backfill
006WR00000wk3P3YAI,Whitewater II,Franchise_Type__c,(null),In-Franchise,franchise_mapping.json (Monday-derived),2026-04-24T13:49:49,backfill
006WR00000wk3P4YAI,River House at the Trailhead,Franchise_Type__c,(null),In-Franchise,franchise_mapping.json (Monday-derived),2026-04-24T13:49:49,backfill
006WR00000wk3P5YAI,Sapphire on the Talbot,Franchise_Type__c,(null),In-Franchise,franchise_mapping.json (Monday-derived),2026-04-24T13:49:49,backfill
006WR00000wk3P6YAI,Shady Oaks,Franchise_Type__c,(null),In-Franchise,franchise_mapping.json (Monday-derived),2026-04-24T13:49:49,backfill
006WR00000wk3P7YAI,Live Oak Apartment Homes,Franchise_Type__c,(null),In-Franchise,franchise_mapping.json (Monday-derived),2026-04-24T13:49:49,backfill
006WR00000wk3P8YAI,Gateway Northwest Apartments,Franchise_Type__c,(null),In-Franchise,franchise_mapping.json (Monday-derived),2026-04-24T13:49:49,backfill
006WR00000wk3P9YAI,The Hudson at Killeen,Franchise_Type__c,(null),In-Franchise,franchise_mapping.json (Monday-derived),2026-04-24T13:49:49,backfill
006WR00000wk3PAYAY,The Stella,Franchise_Type__c,(null),In-Franchise,franchise_mapping.json (Monday-derived),2026-04-24T13:49:49,backfill
006WR00000wk3PBYAY,Independence Place,Franchise_Type__c,(null),In-Franchise,franchise_mapping.json (Monday-derived),2026-04-24T13:49:49,backfill
006WR00000wk3PCYAY,Silverway Apartments,Franchise_Type__c,(null),In-Franchise,franchise_mapping.json (Monday-derived),2026-04-24T13:49:49,backfill
006WR00000wk3PDYAY,The Arbors of Taylor,Franchise_Type__c,(null),In-Franchise,franchise_mapping.json (Monday-derived),2026-04-24T13:49:49,backfill
006WR00000wk3PEYAY,El Dorado Apartments,Franchise_Type__c,(null),In-Franchise,franchise_mapping.json (Monday-derived),2026-04-24T13:49:49,backfill
006WR00000wk3PFYAY,Liberty Manor,Franchise_Type__c,(null),In-Franchise,franchise_mapping.json (Monday-derived),2026-04-24T13:49:49,backfill
006WR00000wk3PGYAY,Village Creek Townhomes,Franchise_Type__c,(null),In-Franchise,franchise_mapping.json (Monday-derived),2026-04-24T13:49:49,backfill
006WR00000wk3PHYAY,Rio Apartments,Franchise_Type__c,(null),In-Franchise,franchise_mapping.json (Monday-derived),2026-04-24T13:49:49,backfill
006WR00000wk3PIYAY,The Foundry Apartments,Franchise_Type__c,(null),In-Franchise,franchise_mapping.json (Monday-derived),2026-04-24T13:49:49,backfill
006WR00000wk3PJYAY,Pecan Branch,Franchise_Type__c,(null),In-Franchise,franchise_mapping.json (Monday-derived),2026-04-24T13:49:49,backfill
006WR00000wk3PKYAY,Be Mesa,Franchise_Type__c,(null),In-Franchise,franchise_mapping.json (Monday-derived),2026-04-24T13:49:49,backfill
006WR00000wk3PLYAY,Clay Gardens Apartments,Franchise_Type__c,(null),In-Franchise,franchise_mapping.json (Monday-derived),2026-04-24T13:49:49,backfill
006WR00000wk3PMYAY,Laguna Knolls Apartments,Franchise_Type__c,(null),In-Franchise,franchise_mapping.json (Monday-derived),2026-04-24T13:49:49,backfill
006WR00000wk3PNYAY,Park West Townhouses,Franchise_Type__c,(null),In-Franchise,franchise_mapping.json (Monday-derived),2026-04-24T13:49:49,backfill
006WR00000wk3POYAY,Lachen Tara Apartments,Franchise_Type__c,(null),In-Franchise,franchise_mapping.json (Monday-derived),2026-04-24T13:49:49,backfill
006WR00000wk3PPYAY,Villas at Higuera,Franchise_Type__c,(null),In-Franchise,franchise_mapping.json (Monday-derived),2026-04-24T13:49:49,backfill
006WR00000wk3PQYAY,Quail Ridge Apartments,Franchise_Type__c,(null),In-Franchise,franchise_mapping.json (Monday-derived),2026-04-24T13:49:49,backfill
006WR00000wk3PRYAY,Birchwood,Franchise_Type__c,(null),In-Franchise,franchise_mapping.json (Monday-derived),2026-04-24T13:49:49,backfill
006WR00000wk3PSYAY,Hidden Oaks,Franchise_Type__c,(null),In-Franchise,franchise_mapping.json (Monday-derived),2026-04-24T13:49:49,backfill
006WR00000wk3PTYAY,Cloverdale Garden,Franchise_Type__c,(null),In-Franchise,franchise_mapping.json (Monday-derived),2026-04-24T13:49:49,backfill
006WR00000wk3PUYAY,Corning Apts,Franchise_Type__c,(null),In-Franchise,franchise_mapping.json (Monday-derived),2026-04-24T13:49:49,backfill
006WR00000wk3PVYAY,Maywood Apartments,Franchise_Type__c,(null),In-Franchise,franchise_mapping.json (Monday-derived),2026-04-24T13:49:49,backfill
006WR00000wk3PWYAY,Bardsley Garden,Franchise_Type__c,(null),In-Franchise,franchise_mapping.json (Monday-derived),2026-04-24T13:49:49,backfill
006WR00000wk3PXYAY,Willows Apartments,Franchise_Type__c,(null),In-Franchise,franchise_mapping.json (Monday-derived),2026-04-24T13:49:49,backfill
006WR00000wk3PYYAY,Marisol Apartments,Franchise_Type__c,(null),In-Franchise,franchise_mapping.json (Monday-derived),2026-04-24T13:49:49,backfill
006WR00000wk3PZYAY,Shoreline Apartments,Franchise_Type__c,(null),In-Franchise,franchise_mapping.json (Monday-derived),2026-04-24T13:49:49,backfill
006WR00000wk3PaYAI,Three Crown Apartments,Franchise_Type__c,(null),In-Franchise,franchise_mapping.json (Monday-derived),2026-04-24T13:49:49,backfill
006WR00000wk3PbYAI,Pinecrest Apartments,Franchise_Type__c,(null),In-Franchise,franchise_mapping.json (Monday-derived),2026-04-24T13:49:49,backfill
006WR00000wk3PcYAI,D Street Apartments,Franchise_Type__c,(null),In-Franchise,franchise_mapping.json (Monday-derived),2026-04-24T13:49:49,backfill
006WR00000wk3PdYAI,Redwood Highway Apartments,Franchise_Type__c,(null),In-Franchise,franchise_mapping.json (Monday-derived),2026-04-24T13:49:49,backfill
006WR00000wk3PeYAI,La Brea Apartments,Franchise_Type__c,(null),In-Franchise,franchise_mapping.json (Monday-derived),2026-04-24T13:49:49,backfill
006WR00000wk3PfYAI,College Park,Franchise_Type__c,(null),In-Franchise,franchise_mapping.json (Monday-derived),2026-04-24T13:49:49,backfill
006WR00000wk3PgYAI,The Ridge,Franchise_Type__c,(null),In-Franchise,franchise_mapping.json (Monday-derived),2026-04-24T13:49:49,backfill
006WR00000wk9RtYAI,117 and 121 E Avenue A Apartments,Franchise_Type__c,(null),In-Franchise,franchise_mapping.json (Monday-derived),2026-04-24T13:49:49,backfill
006WR00000wk9RuYAI,Town East,Franchise_Type__c,(null),In-Franchise,franchise_mapping.json (Monday-derived),2026-04-24T13:49:49,backfill
006WR00000wk9RvYAI,120 Sunset Dr,Franchise_Type__c,(null),In-Franchise,franchise_mapping.json (Monday-derived),2026-04-24T13:49:49,backfill
006WR00000wk9RwYAI,424 Avenida Granada,Franchise_Type__c,(null),In-Franchise,franchise_mapping.json (Monday-derived),2026-04-24T13:49:49,backfill
006WR00000wk9RxYAI,Hazel Park,Franchise_Type__c,(null),In-Franchise,franchise_mapping.json (Monday-derived),2026-04-24T13:49:49,backfill
006WR00000wk9RyYAI,Rivers Edge,Franchise_Type__c,(null),In-Franchise,franchise_mapping.json (Monday-derived),2026-04-24T13:49:49,backfill
006WR00000wk9RzYAI,Chateau Apartments,Franchise_Type__c,(null),In-Franchise,franchise_mapping.json (Monday-derived),2026-04-24T13:49:49,backfill
006WR00000wk9S0YAI,Kirshenbaum Apartments,Franchise_Type__c,(null),In-Franchise,franchise_mapping.json (Monday-derived),2026-04-24T13:49:49,backfill
006WR00000wk9S1YAI,Sunterra Apartments,Franchise_Type__c,(null),In-Franchise,franchise_mapping.json (Monday-derived),2026-04-24T13:49:49,backfill
006WR00000wk9S2YAI,The Veranda at Twin Creek Apartments,Franchise_Type__c,(null),In-Franchise,franchise_mapping.json (Monday-derived),2026-04-24T13:49:49,backfill
006WR00000wk9S3YAI,Woodglen Square l,Franchise_Type__c,(null),In-Franchise,franchise_mapping.json (Monday-derived),2026-04-24T13:49:49,backfill
006WR00000wk9S4YAI,Skyview Townhomes,Franchise_Type__c,(null),In-Franchise,franchise_mapping.json (Monday-derived),2026-04-24T13:49:49,backfill
006WR00000wk9S5YAI,Temple Square Apts,Franchise_Type__c,(null),In-Franchise,franchise_mapping.json (Monday-derived),2026-04-24T13:49:49,backfill
006WR00000wk9S6YAI,Hidden Valley Apartments,Franchise_Type__c,(null),In-Franchise,franchise_mapping.json (Monday-derived),2026-04-24T13:49:49,backfill
006WR00000wk9S7YAI,Park Village West,Franchise_Type__c,(null),In-Franchise,franchise_mapping.json (Monday-derived),2026-04-24T13:49:49,backfill
006WR00000wk9S8YAI,Capitol Ave Apartments,Franchise_Type__c,(null),In-Franchise,franchise_mapping.json (Monday-derived),2026-04-24T13:49:49,backfill
006WR00000wk9S9YAI,Davenport Apartments,Franchise_Type__c,(null),In-Franchise,franchise_mapping.json (Monday-derived),2026-04-24T13:49:49,backfill
006WR00000wk9SAYAY,Artistry on 10th,Franchise_Type__c,(null),In-Franchise,franchise_mapping.json (Monday-derived),2026-04-24T13:49:49,backfill
006WR00000wk9SBYAY,Enclave Villas Condominiums,Franchise_Type__c,(null),In-Franchise,franchise_mapping.json (Monday-derived),2026-04-24T13:49:49,backfill
006WR00000wk9SCYAY,Cabrillo Apartments,Franchise_Type__c,(null),In-Franchise,franchise_mapping.json (Monday-derived),2026-04-24T13:49:49,backfill
006WR00000wk9SDYAY,Meadow Glen Mobile Home Park,Franchise_Type__c,(null),In-Franchise,franchise_mapping.json (Monday-derived),2026-04-24T13:49:49,backfill
006WR00000wk9SEYAY,La Mesa Village Apartments,Franchise_Type__c,(null),In-Franchise,franchise_mapping.json (Monday-derived),2026-04-24T13:49:49,backfill
006WR00000wk9SFYAY,Sun View,Franchise_Type__c,(null),In-Franchise,franchise_mapping.json (Monday-derived),2026-04-24T13:49:49,backfill
006WR00000wk9SGYAY,Taschner Apartments,Franchise_Type__c,(null),In-Franchise,franchise_mapping.json (Monday-derived),2026-04-24T13:49:49,backfill
006WR00000wk9SHYAY,Atria Villa Apartments,Franchise_Type__c,(null),In-Franchise,franchise_mapping.json (Monday-derived),2026-04-24T13:49:49,backfill
006WR00000wk9SIYAY,Park Winds Apartments,Franchise_Type__c,(null),In-Franchise,franchise_mapping.json (Monday-derived),2026-04-24T13:49:49,backfill
006WR00000wk9SJYAY,Prairie Winds Apartments,Franchise_Type__c,(null),In-Franchise,franchise_mapping.json (Monday-derived),2026-04-24T13:49:49,backfill
006WR00000wk9SKYAY,Bayshore at Agua Hedionda,Franchise_Type__c,(null),In-Franchise,franchise_mapping.json (Monday-derived),2026-04-24T13:49:49,backfill
006WR00000wk9SLYAY,Sierra G Ranch,Franchise_Type__c,(null),In-Franchise,franchise_mapping.json (Monday-derived),2026-04-24T13:49:49,backfill
006WR00000wk9SMYAY,Wolf Lodge Condos,Franchise_Type__c,(null),In-Franchise,franchise_mapping.json (Monday-derived),2026-04-24T13:49:49,backfill
006WR00000wk9SNYAY,Equinox on Columbus,Franchise_Type__c,(null),In-Franchise,franchise_mapping.json (Monday-derived),2026-04-24T13:49:49,backfill
006WR00000wk9SOYAY,Plumwood Terrace HOA,Franchise_Type__c,(null),In-Franchise,franchise_mapping.json (Monday-derived),2026-04-24T13:49:49,backfill
006WR00000wk9SPYAY,Timberland at Crestbruck Park 1_Lumen IA_Bryce,Franchise_Type__c,(null),In-Franchise,franchise_mapping.json (Monday-derived),2026-04-24T13:49:49,backfill
006WR00000wk9SQYAY,Timberland at Crestbruck Park 2_Lumen IA_Bryce,Franchise_Type__c,(null),In-Franchise,franchise_mapping.json (Monday-derived),2026-04-24T13:49:49,backfill
006WR00000wk9SRYAY,Ashley Square _Lumen IA_Bryce,Franchise_Type__c,(null),In-Franchise,franchise_mapping.json (Monday-derived),2026-04-24T13:49:49,backfill
006WR00000wk9SSYAY,Waters Haven Apartments,Franchise_Type__c,(null),In-Franchise,franchise_mapping.json (Monday-derived),2026-04-24T13:49:49,backfill
006WR00000wk9STYAY,Stone Ranch,Franchise_Type__c,(null),In-Franchise,franchise_mapping.json (Monday-derived),2026-04-24T13:49:49,backfill
006WR00000wk9SUYAY,Kachina Apartments,Franchise_Type__c,(null),In-Franchise,franchise_mapping.json (Monday-derived),2026-04-24T13:49:49,backfill
006WR00000wk9SVYAY,Cottonwood Crossings,Franchise_Type__c,(null),In-Franchise,franchise_mapping.json (Monday-derived),2026-04-24T13:49:49,backfill
006WR00000wk9SWYAY,Sterling Point,Franchise_Type__c,(null),In-Franchise,franchise_mapping.json (Monday-derived),2026-04-24T13:49:49,backfill
006WR00000wk9SXYAY,Prospector's Point,Franchise_Type__c,(null),In-Franchise,franchise_mapping.json (Monday-derived),2026-04-24T13:49:49,backfill
006WR00000wk9SYYAY,Garden Place Apartments,Franchise_Type__c,(null),In-Franchise,franchise_mapping.json (Monday-derived),2026-04-24T13:49:49,backfill
006WR00000wk9SZYAY,Falcon Glen Apartments,Franchise_Type__c,(null),In-Franchise,franchise_mapping.json (Monday-derived),2026-04-24T13:49:49,backfill
006WR00000wk9SaYAI,Dundee Court,Franchise_Type__c,(null),In-Franchise,franchise_mapping.json (Monday-derived),2026-04-24T13:49:49,backfill
006WR00000wk9SbYAI,Benson Gardens Blvd,Franchise_Type__c,(null),In-Franchise,franchise_mapping.json (Monday-derived),2026-04-24T13:49:49,backfill
006WR00000wk9ScYAI,Cass Street Apartments,Franchise_Type__c,(null),In-Franchise,franchise_mapping.json (Monday-derived),2026-04-24T13:49:49,backfill
006WR00000wk9SdYAI,The Laredo Apartments,Franchise_Type__c,(null),In-Franchise,franchise_mapping.json (Monday-derived),2026-04-24T13:49:49,backfill
006WR00000wk9SeYAI,Ave at Johnston Commons,Franchise_Type__c,(null),In-Franchise,franchise_mapping.json (Monday-derived),2026-04-24T13:49:49,backfill
006WR00000wk9SfYAI,Georgetown Square Apartments,Franchise_Type__c,(null),In-Franchise,franchise_mapping.json (Monday-derived),2026-04-24T13:49:49,backfill
006WR00000wk9SgYAI,Fisher's Mill,Franchise_Type__c,(null),In-Franchise,franchise_mapping.json (Monday-derived),2026-04-24T13:49:49,backfill
006WR00000wk9ShYAI,Centennial Apartments,Franchise_Type__c,(null),In-Franchise,franchise_mapping.json (Monday-derived),2026-04-24T13:49:49,backfill
006WR00000wk9SiYAI,Millennium Park Apartments,Franchise_Type__c,(null),In-Franchise,franchise_mapping.json (Monday-derived),2026-04-24T13:49:49,backfill
006WR00000wk9SjYAI,Chalet Apartments,Franchise_Type__c,(null),In-Franchise,franchise_mapping.json (Monday-derived),2026-04-24T13:49:49,backfill
006WR00000wk9SkYAI,Chalet Apartments,Franchise_Type__c,(null),In-Franchise,franchise_mapping.json (Monday-derived),2026-04-24T13:49:49,backfill
006WR00000wk9SlYAI,Mariposa Apartment Homes at River Bend,Franchise_Type__c,(null),In-Franchise,franchise_mapping.json (Monday-derived),2026-04-24T13:49:49,backfill
006WR00000wk9SmYAI,Golden Vista RV Resort,Franchise_Type__c,(null),In-Franchise,franchise_mapping.json (Monday-derived),2026-04-24T13:49:49,backfill
006WR00000wk9SnYAI,Seascape Sur,Franchise_Type__c,(null),In-Franchise,franchise_mapping.json (Monday-derived),2026-04-24T13:49:49,backfill
006WR00000wk9SoYAI,Stone Hill,Franchise_Type__c,(null),In-Franchise,franchise_mapping.json (Monday-derived),2026-04-24T13:49:49,backfill
006WR00000wk9SpYAI,Carmel Creekside,Franchise_Type__c,(null),In-Franchise,franchise_mapping.json (Monday-derived),2026-04-24T13:49:49,backfill
006WR00000wk9SqYAI,Hunter's Glen Apartments,Franchise_Type__c,(null),In-Franchise,franchise_mapping.json (Monday-derived),2026-04-24T13:49:49,backfill
006WR00000wk9SrYAI,Cottonwood Apartments East,Franchise_Type__c,(null),In-Franchise,franchise_mapping.json (Monday-derived),2026-04-24T13:49:49,backfill
006WR00000wk9SsYAI,Sandpiper Pointe,Franchise_Type__c,(null),In-Franchise,franchise_mapping.json (Monday-derived),2026-04-24T13:49:49,backfill
006WR00000wk9StYAI,Summer Park _ FF Freddy,Franchise_Type__c,(null),In-Franchise,franchise_mapping.json (Monday-derived),2026-04-24T13:49:49,backfill
006WR00000wk9SuYAI,Riverside Villas,Franchise_Type__c,(null),In-Franchise,franchise_mapping.json (Monday-derived),2026-04-24T13:49:49,backfill
006WR00000wk9SvYAI,Park_Place,Franchise_Type__c,(null),In-Franchise,franchise_mapping.json (Monday-derived),2026-04-24T13:49:49,backfill
006WR00000wk9SwYAI,Spindrift Del Mar HOA,Franchise_Type__c,(null),In-Franchise,franchise_mapping.json (Monday-derived),2026-04-24T13:49:49,backfill
006WR00000wk9SxYAI,Cottonwood Apartments West,Franchise_Type__c,(null),In-Franchise,franchise_mapping.json (Monday-derived),2026-04-24T13:49:49,backfill
006WR00000wk9SyYAI,Redwood Linden Oaks One,Franchise_Type__c,(null),In-Franchise,franchise_mapping.json (Monday-derived),2026-04-24T13:49:49,backfill
006WR00000wk9SzYAI,Redwood Linden Oaks Two,Franchise_Type__c,(null),In-Franchise,franchise_mapping.json (Monday-derived),2026-04-24T13:49:49,backfill
006WR00000wk9T0YAI,Redwood Havenwood One,Franchise_Type__c,(null),In-Franchise,franchise_mapping.json (Monday-derived),2026-04-24T13:49:49,backfill
006WR00000wk9T1YAI,Redwood Havenwood Two,Franchise_Type__c,(null),In-Franchise,franchise_mapping.json (Monday-derived),2026-04-24T13:49:49,backfill
006WR00000wk9T2YAI,Cicada Springs RV Park,Franchise_Type__c,(null),In-Franchise,franchise_mapping.json (Monday-derived),2026-04-24T13:49:49,backfill
006WR00000wk9T3YAI,Mcqueen Landing HOA,Franchise_Type__c,(null),In-Franchise,franchise_mapping.json (Monday-derived),2026-04-24T13:49:49,backfill
006WR00000wk9T4YAI,La Costa Hills HOA,Franchise_Type__c,(null),In-Franchise,franchise_mapping.json (Monday-derived),2026-04-24T13:49:49,backfill
006WR00000wk9T5YAI,Park Place Village Condominium,Franchise_Type__c,(null),In-Franchise,franchise_mapping.json (Monday-derived),2026-04-24T13:49:49,backfill
006WR00000wk9T6YAI,Terrace Villa_Morris RE,Franchise_Type__c,(null),In-Franchise,franchise_mapping.json (Monday-derived),2026-04-24T13:49:49,backfill
006WR00000wk9T7YAI,Village West Apartments_Morris RE,Franchise_Type__c,(null),In-Franchise,franchise_mapping.json (Monday-derived),2026-04-24T13:49:49,backfill
006WR00000wk9T8YAI,Quail Hollow Apts_Morris RE,Franchise_Type__c,(null),In-Franchise,franchise_mapping.json (Monday-derived),2026-04-24T13:49:49,backfill
006WR00000wk9T9YAI,Killeen_MDU_512 W Green Ave_Morris RE,Franchise_Type__c,(null),In-Franchise,franchise_mapping.json (Monday-derived),2026-04-24T13:49:49,backfill
006WR00000wk9TAYAY,Arcadia Lofts,Franchise_Type__c,(null),In-Franchise,franchise_mapping.json (Monday-derived),2026-04-24T13:49:49,backfill
006WR00000wk9TBYAY,San Clemente,Franchise_Type__c,(null),In-Franchise,franchise_mapping.json (Monday-derived),2026-04-24T13:49:49,backfill
006WR00000wk9TCYAY,San Angelin,Franchise_Type__c,(null),In-Franchise,franchise_mapping.json (Monday-derived),2026-04-24T13:49:49,backfill
006WR00000wk9TDYAY,Waters Edge Apartment Homes,Franchise_Type__c,(null),In-Franchise,franchise_mapping.json (Monday-derived),2026-04-24T13:49:49,backfill
006WR00000wk9TEYAY,The Summit Lofts,Franchise_Type__c,(null),In-Franchise,franchise_mapping.json (Monday-derived),2026-04-24T13:49:49,backfill
006WR00000wk9TFYAY,Creekwood Apartments,Franchise_Type__c,(null),In-Franchise,franchise_mapping.json (Monday-derived),2026-04-24T13:49:49,backfill
006WR00000wk9TGYAY,San Miguel Apartments,Franchise_Type__c,(null),In-Franchise,franchise_mapping.json (Monday-derived),2026-04-24T13:49:49,backfill
006WR00000wk9THYAY,Canyon Club Apartments,Franchise_Type__c,(null),In-Franchise,franchise_mapping.json (Monday-derived),2026-04-24T13:49:49,backfill
006WR00000wk9TIYAY,Stoney Brook Apartments,Franchise_Type__c,(null),In-Franchise,franchise_mapping.json (Monday-derived),2026-04-24T13:49:49,backfill
006WR00000wk9TJYAY,Carlsbad View Apartments,Franchise_Type__c,(null),In-Franchise,franchise_mapping.json (Monday-derived),2026-04-24T13:49:49,backfill
006WR00000wk9TKYAY,Ocean Hills Senior Living Apartments,Franchise_Type__c,(null),In-Franchise,franchise_mapping.json (Monday-derived),2026-04-24T13:49:49,backfill
006WR00000wk9TLYAY,Oceana Apartment Homes,Franchise_Type__c,(null),In-Franchise,franchise_mapping.json (Monday-derived),2026-04-24T13:49:49,backfill
006WR00000wk9TMYAY,Mira Mar Mobile Home Community,Franchise_Type__c,(null),In-Franchise,franchise_mapping.json (Monday-derived),2026-04-24T13:49:49,backfill
006WR00000wk9TNYAY,Pierside South,Franchise_Type__c,(null),In-Franchise,franchise_mapping.json (Monday-derived),2026-04-24T13:49:49,backfill
006WR00000wk9TOYAY,Boulevard Apartments,Franchise_Type__c,(null),In-Franchise,franchise_mapping.json (Monday-derived),2026-04-24T13:49:49,backfill
006WR00000wk9TPYAY,Elan Milano,Franchise_Type__c,(null),In-Franchise,franchise_mapping.json (Monday-derived),2026-04-24T13:49:49,backfill
006WR00000wk9TQYAY,Edson,Franchise_Type__c,(null),In-Franchise,franchise_mapping.json (Monday-derived),2026-04-24T13:49:49,backfill
006WR00000wk9TRYAY,Elan Oceano at Rancho Del Oro,Franchise_Type__c,(null),In-Franchise,franchise_mapping.json (Monday-derived),2026-04-24T13:49:49,backfill
006WR00000wk9TSYAY,Canyon Creek,Franchise_Type__c,(null),In-Franchise,franchise_mapping.json (Monday-derived),2026-04-24T13:49:49,backfill
006WR00000wk9TTYAY,Ocean Vista Apartments,Franchise_Type__c,(null),In-Franchise,franchise_mapping.json (Monday-derived),2026-04-24T13:49:49,backfill
006WR00000wk9TUYAY,Cavalier Mobile Estates,Franchise_Type__c,(null),In-Franchise,franchise_mapping.json (Monday-derived),2026-04-24T13:49:49,backfill
006WR00000wk9TVYAY,Westwood Village,Franchise_Type__c,(null),In-Franchise,franchise_mapping.json (Monday-derived),2026-04-24T13:49:49,backfill
006WR00000wk9TWYAY,Piazza D'Oro Townhomes,Franchise_Type__c,(null),In-Franchise,franchise_mapping.json (Monday-derived),2026-04-24T13:49:49,backfill
006WR00000wk9TXYAY,River Oaks,Franchise_Type__c,(null),In-Franchise,franchise_mapping.json (Monday-derived),2026-04-24T13:49:49,backfill
006WR00000wk9TYYAY,Pacific View,Franchise_Type__c,(null),In-Franchise,franchise_mapping.json (Monday-derived),2026-04-24T13:49:49,backfill
006WR00000wk9TZYAY,Sunset View,Franchise_Type__c,(null),In-Franchise,franchise_mapping.json (Monday-derived),2026-04-24T13:49:49,backfill
006WR00000wk9TaYAI,Parkside Villa Apartments,Franchise_Type__c,(null),In-Franchise,franchise_mapping.json (Monday-derived),2026-04-24T13:49:49,backfill
006WR00000wk9TbYAI,Sofi Ocean Hills,Franchise_Type__c,(null),In-Franchise,franchise_mapping.json (Monday-derived),2026-04-24T13:49:49,backfill
006WR00000wk9TcYAI,Shadow Way Apartments,Franchise_Type__c,(null),In-Franchise,franchise_mapping.json (Monday-derived),2026-04-24T13:49:49,backfill
006WR00000wk9TdYAI,DeLuz Family Housing,Franchise_Type__c,(null),In-Franchise,franchise_mapping.json (Monday-derived),2026-04-24T13:49:49,backfill
006WR00000wk9TeYAI,Aviara Apartments,Franchise_Type__c,(null),In-Franchise,franchise_mapping.json (Monday-derived),2026-04-24T13:49:49,backfill
006WR00000wk9TfYAI,Santa Fe Ranch,Franchise_Type__c,(null),In-Franchise,franchise_mapping.json (Monday-derived),2026-04-24T13:49:49,backfill
006WR00000wk9TgYAI,Hunters Pointe,Franchise_Type__c,(null),In-Franchise,franchise_mapping.json (Monday-derived),2026-04-24T13:49:49,backfill
006WR00000wk9ThYAI,The Tradition,Franchise_Type__c,(null),In-Franchise,franchise_mapping.json (Monday-derived),2026-04-24T13:49:49,backfill
006WR00000wk9TiYAI,Portola Senior Housing,Franchise_Type__c,(null),In-Franchise,franchise_mapping.json (Monday-derived),2026-04-24T13:49:49,backfill
006WR00000wk9TjYAI,Villas at Carlsbad,Franchise_Type__c,(null),In-Franchise,franchise_mapping.json (Monday-derived),2026-04-24T13:49:49,backfill
006WR00000wk9TkYAI,Laurel Tree Apartments,Franchise_Type__c,(null),In-Franchise,franchise_mapping.json (Monday-derived),2026-04-24T13:49:49,backfill
006WR00000wk9TlYAI,Lanikai Lane,Franchise_Type__c,(null),In-Franchise,franchise_mapping.json (Monday-derived),2026-04-24T13:49:49,backfill
006WR00000wk9TmYAI,Mariposa Apartments,Franchise_Type__c,(null),In-Franchise,franchise_mapping.json (Monday-derived),2026-04-24T13:49:49,backfill
006WR00000wk9TnYAI,Rising Glen,Franchise_Type__c,(null),In-Franchise,franchise_mapping.json (Monday-derived),2026-04-24T13:49:49,backfill
006WR00000wk9ToYAI,Villa Loma Apartments,Franchise_Type__c,(null),In-Franchise,franchise_mapping.json (Monday-derived),2026-04-24T13:49:49,backfill
006WR00000wk9TpYAI,Ocean View Terrace,Franchise_Type__c,(null),In-Franchise,franchise_mapping.json (Monday-derived),2026-04-24T13:49:49,backfill
006WR00000wk9TqYAI,Legante Paseo,Franchise_Type__c,(null),In-Franchise,franchise_mapping.json (Monday-derived),2026-04-24T13:49:49,backfill
006WR00000wk9TrYAI,The Rail at Georgetown,Franchise_Type__c,(null),In-Franchise,franchise_mapping.json (Monday-derived),2026-04-24T13:49:49,backfill
006WR00000wk9TsYAI,Oaks At Georgetown,Franchise_Type__c,(null),In-Franchise,franchise_mapping.json (Monday-derived),2026-04-24T13:49:49,backfill
006WR00000wk9TtYAI,Radius Wolf Ranch,Franchise_Type__c,(null),In-Franchise,franchise_mapping.json (Monday-derived),2026-04-24T13:49:49,backfill
006WR00000wk9TuYAI,302 North,Franchise_Type__c,(null),In-Franchise,franchise_mapping.json (Monday-derived),2026-04-24T13:49:49,backfill
006WR00000wk9TvYAI,Dobson Glen,Franchise_Type__c,(null),In-Franchise,franchise_mapping.json (Monday-derived),2026-04-24T13:49:49,backfill
006WR00000wk9TwYAI,Dobson Villas,Franchise_Type__c,(null),In-Franchise,franchise_mapping.json (Monday-derived),2026-04-24T13:49:49,backfill
006WR00000wk9TxYAI,La Jolla Cove Condos,Franchise_Type__c,(null),In-Franchise,franchise_mapping.json (Monday-derived),2026-04-24T13:49:49,backfill
006WR00000wk9TyYAI,Brookside AMD Condos,Franchise_Type__c,(null),In-Franchise,franchise_mapping.json (Monday-derived),2026-04-24T13:49:49,backfill
006WR00000wk9TzYAI,"Skyview Mesa Unit Two Homeowners Association, Mesa AZ",Franchise_Type__c,(null),In-Franchise,franchise_mapping.json (Monday-derived),2026-04-24T13:49:49,backfill
006WR00000wk9U0YAI,Emelita Place,Franchise_Type__c,(null),In-Franchise,franchise_mapping.json (Monday-derived),2026-04-24T13:49:49,backfill
006WR00000wk9U1YAI,CottonWood Villas Condominiums,Franchise_Type__c,(null),In-Franchise,franchise_mapping.json (Monday-derived),2026-04-24T13:49:49,backfill
006WR00000wk9U2YAI,Exchange on the 8,Franchise_Type__c,(null),In-Franchise,franchise_mapping.json (Monday-derived),2026-04-24T13:49:49,backfill
006WR00000wk9U3YAI,Mesa Ridge Apartments,Franchise_Type__c,(null),In-Franchise,franchise_mapping.json (Monday-derived),2026-04-24T13:49:49,backfill
006WR00000wk9U4YAI,Beacon at 601/Crestwood Apartments,Franchise_Type__c,(null),In-Franchise,franchise_mapping.json (Monday-derived),2026-04-24T13:49:49,backfill
006WR00000wk9U5YAI,Madera Point Apartments,Franchise_Type__c,(null),In-Franchise,franchise_mapping.json (Monday-derived),2026-04-24T13:49:49,backfill
006WR00000wk9U6YAI,Central on Broadway Apartments,Franchise_Type__c,(null),In-Franchise,franchise_mapping.json (Monday-derived),2026-04-24T13:49:49,backfill
006WR00000wk9U7YAI,Broadway Vista Apartments,Franchise_Type__c,(null),In-Franchise,franchise_mapping.json (Monday-derived),2026-04-24T13:49:49,backfill
006WR00000wk9U8YAI,Mesa Coronado II,Franchise_Type__c,(null),In-Franchise,franchise_mapping.json (Monday-derived),2026-04-24T13:49:49,backfill
006WR00000wk9U9YAI,San Jose Manor Apts,Franchise_Type__c,(null),In-Franchise,franchise_mapping.json (Monday-derived),2026-04-24T13:49:49,backfill
006WR00000wk9UAYAY,The Flats Apts,Franchise_Type__c,(null),In-Franchise,franchise_mapping.json (Monday-derived),2026-04-24T13:49:49,backfill
006WR00000wk9UBYAY,Continental Townhomes,Franchise_Type__c,(null),In-Franchise,franchise_mapping.json (Monday-derived),2026-04-24T13:49:49,backfill
006WR00000wk9UCYAY,Sycamore Square,Franchise_Type__c,(null),In-Franchise,franchise_mapping.json (Monday-derived),2026-04-24T13:49:49,backfill
006WR00000wk9UDYAY,Mesa Coronado Condos,Franchise_Type__c,(null),In-Franchise,franchise_mapping.json (Monday-derived),2026-04-24T13:49:49,backfill
006WR00000wk9UEYAY,Fiesta Villas Condos,Franchise_Type__c,(null),In-Franchise,franchise_mapping.json (Monday-derived),2026-04-24T13:49:49,backfill
006WR00000wk9UFYAY,Villa Fiesta Apts,Franchise_Type__c,(null),In-Franchise,franchise_mapping.json (Monday-derived),2026-04-24T13:49:49,backfill
006WR00000wk9UGYAY,Paragon Place,Franchise_Type__c,(null),In-Franchise,franchise_mapping.json (Monday-derived),2026-04-24T13:49:49,backfill
006WR00000wk9UHYAY,Pebble Creek Apartments,Franchise_Type__c,(null),In-Franchise,franchise_mapping.json (Monday-derived),2026-04-24T13:49:49,backfill
006WR00000wk9UIYAY,Spanish Arcos Apartments,Franchise_Type__c,(null),In-Franchise,franchise_mapping.json (Monday-derived),2026-04-24T13:49:49,backfill
006WR00000wk9UJYAY,Ovation at Tempe,Franchise_Type__c,(null),In-Franchise,franchise_mapping.json (Monday-derived),2026-04-24T13:49:49,backfill
006WR00000wk9UKYAY,Hacienda de Valencia,Franchise_Type__c,(null),In-Franchise,franchise_mapping.json (Monday-derived),2026-04-24T13:49:49,backfill
006WR00000wk9ULYAY,Cottages of Edina,Franchise_Type__c,(null),In-Franchise,franchise_mapping.json (Monday-derived),2026-04-24T13:49:49,backfill
006WR00000wk9UMYAY,Boardwalk Caper,Franchise_Type__c,(null),In-Franchise,franchise_mapping.json (Monday-derived),2026-04-24T13:49:49,backfill
006WR00000wk9UNYAY,Enclave at Arrowhead Apartments,Franchise_Type__c,(null),In-Franchise,franchise_mapping.json (Monday-derived),2026-04-24T13:49:49,backfill
006WR00000wk9UOYAY,The Orchard on Gilbert,Franchise_Type__c,(null),In-Franchise,franchise_mapping.json (Monday-derived),2026-04-24T13:49:49,backfill
006WR00000wk9UPYAY,Marabrisa Condominiums,Franchise_Type__c,(null),In-Franchise,franchise_mapping.json (Monday-derived),2026-04-24T13:49:49,backfill
006WR00000wk9UQYAY,Hunters Woods Apartments,Franchise_Type__c,(null),In-Franchise,franchise_mapping.json (Monday-derived),2026-04-24T13:49:49,backfill
006WR00000wk9URYAY,Irving Schoolhouse,Franchise_Type__c,(null),In-Franchise,franchise_mapping.json (Monday-derived),2026-04-24T13:49:49,backfill
006WR00000wk9USYAY,Ponderosa Apartments,Franchise_Type__c,(null),In-Franchise,franchise_mapping.json (Monday-derived),2026-04-24T13:49:49,backfill
006WR00000wk9UTYAY,Stonebridge at Paradise Valley,Franchise_Type__c,(null),In-Franchise,franchise_mapping.json (Monday-derived),2026-04-24T13:49:49,backfill
006WR00000wk9UUYAY,Park Village Apartments,Franchise_Type__c,(null),In-Franchise,franchise_mapping.json (Monday-derived),2026-04-24T13:49:49,backfill
006WR00000wk9UVYAY,Sky at P83,Franchise_Type__c,(null),In-Franchise,franchise_mapping.json (Monday-derived),2026-04-24T13:49:49,backfill
006WR00000wk9UWYAY,The Enclave at Paradise Valley,Franchise_Type__c,(null),In-Franchise,franchise_mapping.json (Monday-derived),2026-04-24T13:49:49,backfill
006WR00000wk9UXYAY,Scott Mountain By the Brook Apartments,Franchise_Type__c,(null),In-Franchise,franchise_mapping.json (Monday-derived),2026-04-24T13:49:49,backfill
006WR00000wk9UYYAY,Jarrell RV Park,Franchise_Type__c,(null),In-Franchise,franchise_mapping.json (Monday-derived),2026-04-24T13:49:49,backfill
006WR00000wk9UZYAY,Bethlehem's Pioneer Place,Franchise_Type__c,(null),In-Franchise,franchise_mapping.json (Monday-derived),2026-04-24T13:49:49,backfill
006WR00000wk9UaYAI,Harris Gardens,Franchise_Type__c,(null),In-Franchise,franchise_mapping.json (Monday-derived),2026-04-24T13:49:49,backfill
006WR00000wk9UbYAI,The Meadows MHP,Franchise_Type__c,(null),In-Franchise,franchise_mapping.json (Monday-derived),2026-04-24T13:49:49,backfill
006WR00000wk9UcYAI,Legacy Trails Apartments,Franchise_Type__c,(null),In-Franchise,franchise_mapping.json (Monday-derived),2026-04-24T13:49:49,backfill
006WR00000wk9UdYAI,The Palms at South Mountain,Franchise_Type__c,(null),In-Franchise,franchise_mapping.json (Monday-derived),2026-04-24T13:49:49,backfill
006WR00000wk9UeYAI,Ritz colony,Franchise_Type__c,(null),In-Franchise,franchise_mapping.json (Monday-derived),2026-04-24T13:49:49,backfill
006WR00000wk9UfYAI,Sea Point Tennis Club at La Costa,Franchise_Type__c,(null),In-Franchise,franchise_mapping.json (Monday-derived),2026-04-24T13:49:49,backfill
006WR00000wk9UgYAI,Firenze Apartments,Franchise_Type__c,(null),In-Franchise,franchise_mapping.json (Monday-derived),2026-04-24T13:49:49,backfill
006WR00000wk9UhYAI,Villas of La Costa,Franchise_Type__c,(null),In-Franchise,franchise_mapping.json (Monday-derived),2026-04-24T13:49:49,backfill
006WR00000wk9UiYAI,The Enclave,Franchise_Type__c,(null),In-Franchise,franchise_mapping.json (Monday-derived),2026-04-24T13:49:49,backfill
006WR00000wk9UjYAI,Casitas La Costa,Franchise_Type__c,(null),In-Franchise,franchise_mapping.json (Monday-derived),2026-04-24T13:49:49,backfill
006WR00000wk9UkYAI,Monarch Villas,Franchise_Type__c,(null),In-Franchise,franchise_mapping.json (Monday-derived),2026-04-24T13:49:49,backfill
006WR00000wk9UlYAI,Tooele Gateway,Franchise_Type__c,(null),In-Franchise,franchise_mapping.json (Monday-derived),2026-04-24T13:49:49,backfill
006WR00000wk9UmYAI,Essex Heights Apartments,Franchise_Type__c,(null),In-Franchise,franchise_mapping.json (Monday-derived),2026-04-24T13:49:49,backfill
006WR00000wk9UnYAI,Encinitas Terrace Senior Apts,Franchise_Type__c,(null),In-Franchise,franchise_mapping.json (Monday-derived),2026-04-24T13:49:49,backfill
006WR00000wk9UoYAI,Village Park Apartments,Franchise_Type__c,(null),In-Franchise,franchise_mapping.json (Monday-derived),2026-04-24T13:49:49,backfill
006WR00000wk9UpYAI,Elan Pacifico,Franchise_Type__c,(null),In-Franchise,franchise_mapping.json (Monday-derived),2026-04-24T13:49:49,backfill
006WR00000wk9UqYAI,Elan Cardiff By the Sea Apartments,Franchise_Type__c,(null),In-Franchise,franchise_mapping.json (Monday-derived),2026-04-24T13:49:49,backfill
006WR00000wk9UrYAI,West Hampton Cove,Franchise_Type__c,(null),In-Franchise,franchise_mapping.json (Monday-derived),2026-04-24T13:49:49,backfill
006WR00000wk9UsYAI,Pacific Pines,Franchise_Type__c,(null),In-Franchise,franchise_mapping.json (Monday-derived),2026-04-24T13:49:49,backfill
006WR00000wk9UtYAI,Regal View HOA,Franchise_Type__c,(null),In-Franchise,franchise_mapping.json (Monday-derived),2026-04-24T13:49:49,backfill
006WR00000wk9UuYAI,Fox Point Farms,Franchise_Type__c,(null),In-Franchise,franchise_mapping.json (Monday-derived),2026-04-24T13:49:49,backfill
006WR00000wk9UvYAI,The Resort at Encinitas,Franchise_Type__c,(null),In-Franchise,franchise_mapping.json (Monday-derived),2026-04-24T13:49:49,backfill
006WR00000wk9UwYAI,The Maddox,Franchise_Type__c,(null),In-Franchise,franchise_mapping.json (Monday-derived),2026-04-24T13:49:49,backfill
006WR00000wk9UxYAI,La Mirage Apartments (Tempe),Franchise_Type__c,(null),In-Franchise,franchise_mapping.json (Monday-derived),2026-04-24T13:49:49,backfill
006WR00000wk9UyYAI,Nines at Lakeside,Franchise_Type__c,(null),In-Franchise,franchise_mapping.json (Monday-derived),2026-04-24T13:49:49,backfill
006WR00000wk9UzYAI,Mira Santi,Franchise_Type__c,(null),In-Franchise,franchise_mapping.json (Monday-derived),2026-04-24T13:49:49,backfill
006WR00000wk9V0YAI,Carino Villas Condominiums,Franchise_Type__c,(null),In-Franchise,franchise_mapping.json (Monday-derived),2026-04-24T13:49:49,backfill
006WR00000wk9V1YAI,Villagio Apartment Homes,Franchise_Type__c,(null),In-Franchise,franchise_mapping.json (Monday-derived),2026-04-24T13:49:49,backfill
006WR00000wk9V2YAI,505 West Apartment Homes,Franchise_Type__c,(null),In-Franchise,franchise_mapping.json (Monday-derived),2026-04-24T13:49:49,backfill
006WR00000wk9V3YAI,Sentry Tempe,Franchise_Type__c,(null),In-Franchise,franchise_mapping.json (Monday-derived),2026-04-24T13:49:49,backfill
006WR00000wk9V4YAI,Rise at the Retreat,Franchise_Type__c,(null),In-Franchise,franchise_mapping.json (Monday-derived),2026-04-24T13:49:49,backfill
006WR00000wk9V5YAI,Lakeview at the Bay,Franchise_Type__c,(null),In-Franchise,franchise_mapping.json (Monday-derived),2026-04-24T13:49:49,backfill
006WR00000wk9V6YAI,Sono Tempe (Prev Tides at S Tempe),Franchise_Type__c,(null),In-Franchise,franchise_mapping.json (Monday-derived),2026-04-24T13:49:49,backfill
006WR00000wk9YLYAY,Watercrest Apartments,Franchise_Type__c,(null),In-Franchise,franchise_mapping.json (Monday-derived),2026-04-24T13:49:49,backfill
006WR00000wk9YMYAY,The Cove,Franchise_Type__c,(null),In-Franchise,franchise_mapping.json (Monday-derived),2026-04-24T13:49:49,backfill
006WR00000wk9YNYAY,Solana Highlands,Franchise_Type__c,(null),In-Franchise,franchise_mapping.json (Monday-derived),2026-04-24T13:49:49,backfill
006WR00000wk9YOYAY,Oregon 42,Franchise_Type__c,(null),In-Franchise,franchise_mapping.json (Monday-derived),2026-04-24T13:49:49,backfill
006WR00000wk9YPYAY,Cassi And Lyra,Franchise_Type__c,(null),In-Franchise,franchise_mapping.json (Monday-derived),2026-04-24T13:49:49,backfill
006WR00000wk9YQYAY,St James Tower Apartments,Franchise_Type__c,(null),In-Franchise,franchise_mapping.json (Monday-derived),2026-04-24T13:49:49,backfill
006WR00000wk9YRYAY,Images Springcreek,Franchise_Type__c,(null),In-Franchise,franchise_mapping.json (Monday-derived),2026-04-24T13:49:49,backfill
006WR00000wk9YSYAY,Lake Crest,Franchise_Type__c,(null),In-Franchise,franchise_mapping.json (Monday-derived),2026-04-24T13:49:49,backfill
006WR00000wk9YTYAY,Solana Beach and Tennis Club,Franchise_Type__c,(null),In-Franchise,franchise_mapping.json (Monday-derived),2026-04-24T13:49:49,backfill
006WR00000wk9YUYAY,Pioneer Ridge,Franchise_Type__c,(null),In-Franchise,franchise_mapping.json (Monday-derived),2026-04-24T13:49:49,backfill
006WR00000wk9YVYAY,Lomas Santa Fe Country Club Villas,Franchise_Type__c,(null),In-Franchise,franchise_mapping.json (Monday-derived),2026-04-24T13:49:49,backfill
006WR00000wk9YWYAY,The Reserve At Metolius,Franchise_Type__c,(null),In-Franchise,franchise_mapping.json (Monday-derived),2026-04-24T13:49:49,backfill
006WR00000wk9YXYAY,The Springs Apartments In Sisters,Franchise_Type__c,(null),In-Franchise,franchise_mapping.json (Monday-derived),2026-04-24T13:49:49,backfill
006WR00000wk9YYYAY,Park Winds,Franchise_Type__c,(null),In-Franchise,franchise_mapping.json (Monday-derived),2026-04-24T13:49:49,backfill
006WR00000wk9YZYAY,Prairie Winds,Franchise_Type__c,(null),In-Franchise,franchise_mapping.json (Monday-derived),2026-04-24T13:49:49,backfill
006WR00000wk9YaYAI,PrairieGrass at Jordan Creek,Franchise_Type__c,(null),In-Franchise,franchise_mapping.json (Monday-derived),2026-04-24T13:49:49,backfill
006WR00000wk9YbYAI,Mesa Senior Meadows,Franchise_Type__c,(null),In-Franchise,franchise_mapping.json (Monday-derived),2026-04-24T13:49:49,backfill
006WR00000wk9YcYAI,PrairieGrass at Waukee,Franchise_Type__c,(null),In-Franchise,franchise_mapping.json (Monday-derived),2026-04-24T13:49:49,backfill
006WR00000wk9YdYAI,Redwood Altoona Linden Oaks One,Franchise_Type__c,(null),In-Franchise,franchise_mapping.json (Monday-derived),2026-04-24T13:49:49,backfill
006WR00000wk9YeYAI,Redwood Altoona Linden Oaks Two,Franchise_Type__c,(null),In-Franchise,franchise_mapping.json (Monday-derived),2026-04-24T13:49:49,backfill
006WR00000wk9YfYAI,Redwood Ankeny Havenwood One,Franchise_Type__c,(null),In-Franchise,franchise_mapping.json (Monday-derived),2026-04-24T13:49:49,backfill
006WR00000wk9YgYAI,The Village at Hampton Court,Franchise_Type__c,(null),In-Franchise,franchise_mapping.json (Monday-derived),2026-04-24T13:49:49,backfill
006WR00000wk9YhYAI,Redwood Ankeny Havenwood Two,Franchise_Type__c,(null),In-Franchise,franchise_mapping.json (Monday-derived),2026-04-24T13:49:49,backfill
006WR00000wk9YiYAI,417 4TH AVE (Portfolio),Franchise_Type__c,(null),In-Franchise,franchise_mapping.json (Monday-derived),2026-04-24T13:49:49,backfill
006WR00000wk9YjYAI,Redwood Grimes,Franchise_Type__c,(null),In-Franchise,franchise_mapping.json (Monday-derived),2026-04-24T13:49:49,backfill
006WR00000wk9YkYAI,Redwood Waukee Somerset Oaks One,Franchise_Type__c,(null),In-Franchise,franchise_mapping.json (Monday-derived),2026-04-24T13:49:49,backfill
006WR00000wk9YlYAI,Redwood Waukee Somerset Oaks Two,Franchise_Type__c,(null),In-Franchise,franchise_mapping.json (Monday-derived),2026-04-24T13:49:49,backfill
006WR00000wk9YmYAI,Westbrook Gardens,Franchise_Type__c,(null),In-Franchise,franchise_mapping.json (Monday-derived),2026-04-24T13:49:49,backfill
006WR00000wk9YnYAI,Summerplace Apartments,Franchise_Type__c,(null),In-Franchise,franchise_mapping.json (Monday-derived),2026-04-24T13:49:49,backfill
006WR00000wk9YoYAI,Sunridge Apartments,Franchise_Type__c,(null),In-Franchise,franchise_mapping.json (Monday-derived),2026-04-24T13:49:49,backfill
006WR00000wk9YpYAI,Deer Creek Village,Franchise_Type__c,(null),In-Franchise,franchise_mapping.json (Monday-derived),2026-04-24T13:49:49,backfill
006WR00000wk9YqYAI,Desert Rose Apartments,Franchise_Type__c,(null),In-Franchise,franchise_mapping.json (Monday-derived),2026-04-24T13:49:49,backfill
006WR00000wk9YrYAI,Slate Canyon Apartments,Franchise_Type__c,(null),In-Franchise,franchise_mapping.json (Monday-derived),2026-04-24T13:49:49,backfill
006WR00000wk9YsYAI,Fox Meadow,Franchise_Type__c,(null),In-Franchise,franchise_mapping.json (Monday-derived),2026-04-24T13:49:49,backfill
006WR00000wk9YtYAI,The Lodge at Maple Grove,Franchise_Type__c,(null),In-Franchise,franchise_mapping.json (Monday-derived),2026-04-24T13:49:49,backfill
006WR00000wk9YuYAI,Westpointe,Franchise_Type__c,(null),In-Franchise,franchise_mapping.json (Monday-derived),2026-04-24T13:49:49,backfill
006WR00000wk9YvYAI,The Oaks Gracious Retirement Living,Franchise_Type__c,(null),In-Franchise,franchise_mapping.json (Monday-derived),2026-04-24T13:49:49,backfill
006WR00000wk9YwYAI,San Gabriel Senior Village Apartments,Franchise_Type__c,(null),In-Franchise,franchise_mapping.json (Monday-derived),2026-04-24T13:49:49,backfill
006WR00000wk9YxYAI,Fort Hood Family Housing,Franchise_Type__c,(null),In-Franchise,franchise_mapping.json (Monday-derived),2026-04-24T13:49:49,backfill
006WR00000wk9YyYAI,Oak Creek & Cedar Knob Mobile Home Park,Franchise_Type__c,(null),In-Franchise,franchise_mapping.json (Monday-derived),2026-04-24T13:49:49,backfill
006WR00000wk9YzYAI,Northcliffe Duplexes,Franchise_Type__c,(null),In-Franchise,franchise_mapping.json (Monday-derived),2026-04-24T13:49:49,backfill
006WR00000wk9Z0YAI,Westwind of Killeen Apartments,Franchise_Type__c,(null),In-Franchise,franchise_mapping.json (Monday-derived),2026-04-24T13:49:49,backfill
006WR00000wk9Z1YAI,Hyde Estates,Franchise_Type__c,(null),In-Franchise,franchise_mapping.json (Monday-derived),2026-04-24T13:49:49,backfill
006WR00000wk9Z2YAI,The Brownstone at The Summit,Franchise_Type__c,(null),In-Franchise,franchise_mapping.json (Monday-derived),2026-04-24T13:49:49,backfill
006WR00000wk9Z3YAI,Georgetown heights,Franchise_Type__c,(null),In-Franchise,franchise_mapping.json (Monday-derived),2026-04-24T13:49:49,backfill
006WR00000wk9Z4YAI,Taylor Square Apartments,Franchise_Type__c,(null),In-Franchise,franchise_mapping.json (Monday-derived),2026-04-24T13:49:49,backfill
006WR00000wk9Z5YAI,The Summit Brownstones,Franchise_Type__c,(null),In-Franchise,franchise_mapping.json (Monday-derived),2026-04-24T13:49:49,backfill
006WR00000wk9Z6YAI,Stillhouse Flats,Franchise_Type__c,(null),In-Franchise,franchise_mapping.json (Monday-derived),2026-04-24T13:49:49,backfill
006WR00000wk9Z7YAI,Hillcrest Apartments,Franchise_Type__c,(null),In-Franchise,franchise_mapping.json (Monday-derived),2026-04-24T13:49:49,backfill
006WR00000wk9Z8YAI,Stonehaven,Franchise_Type__c,(null),In-Franchise,franchise_mapping.json (Monday-derived),2026-04-24T13:49:49,backfill
006WR00000wk9Z9YAI,Residences of Stillwater,Franchise_Type__c,(null),In-Franchise,franchise_mapping.json (Monday-derived),2026-04-24T13:49:49,backfill
006WR00000wk9ZAYAY,Allegro Apartment Homes,Franchise_Type__c,(null),In-Franchise,franchise_mapping.json (Monday-derived),2026-04-24T13:49:49,backfill
006WR00000wk9ZBYAY,Altamont Summit,Franchise_Type__c,(null),In-Franchise,franchise_mapping.json (Monday-derived),2026-04-24T13:49:49,backfill
006WR00000wk9ZCYAY,Alturas at Bell Tower,Franchise_Type__c,(null),In-Franchise,franchise_mapping.json (Monday-derived),2026-04-24T13:49:49,backfill
006WR00000wk9ZDYAY,Avalon Meydenbauer,Franchise_Type__c,(null),In-Franchise,franchise_mapping.json (Monday-derived),2026-04-24T13:49:49,backfill
006WR00000wk9ZEYAY,Avalon Towers,Franchise_Type__c,(null),In-Franchise,franchise_mapping.json (Monday-derived),2026-04-24T13:49:49,backfill
006WR00000wk9ZFYAY,Avondale Housing Development,Franchise_Type__c,(null),In-Franchise,franchise_mapping.json (Monday-derived),2026-04-24T13:49:49,backfill
006WR00000wk9ZGYAY,Azure Creek,Franchise_Type__c,(null),In-Franchise,franchise_mapping.json (Monday-derived),2026-04-24T13:49:49,backfill
006WR00000wk9ZHYAY,Ballard on the Park,Franchise_Type__c,(null),In-Franchise,franchise_mapping.json (Monday-derived),2026-04-24T13:49:49,backfill
006WR00000wk9ZIYAY,Beau Rivage,Franchise_Type__c,(null),In-Franchise,franchise_mapping.json (Monday-derived),2026-04-24T13:49:49,backfill
006WR00000wk9ZJYAY,Bellaire Ranch,Franchise_Type__c,(null),In-Franchise,franchise_mapping.json (Monday-derived),2026-04-24T13:49:49,backfill
006WR00000wk9ZKYAY,Villa Storia,Franchise_Type__c,(null),In-Franchise,franchise_mapping.json (Monday-derived),2026-04-24T13:49:49,backfill
006WR00000wk9ZLYAY,Old Grove,Franchise_Type__c,(null),In-Franchise,franchise_mapping.json (Monday-derived),2026-04-24T13:49:49,backfill
006WR00000wk9ZMYAY,Centre Ridge,Franchise_Type__c,(null),In-Franchise,franchise_mapping.json (Monday-derived),2026-04-24T13:49:49,backfill
006WR00000wk9ZNYAY,Applewood Pointe Apartments,Franchise_Type__c,(null),In-Franchise,franchise_mapping.json (Monday-derived),2026-04-24T13:49:49,backfill
006WR00000wk9ZOYAY,Capitol Place,Franchise_Type__c,(null),In-Franchise,franchise_mapping.json (Monday-derived),2026-04-24T13:49:49,backfill
006WR00000wk9ZPYAY,Crossroads Village Apartments,Franchise_Type__c,(null),In-Franchise,franchise_mapping.json (Monday-derived),2026-04-24T13:49:49,backfill
006WR00000wk9ZQYAY,Cambridge Villas,Franchise_Type__c,(null),In-Franchise,franchise_mapping.json (Monday-derived),2026-04-24T13:49:49,backfill
006WR00000wk9ZRYAY,Bluffs at Cherry Hills,Franchise_Type__c,(null),In-Franchise,franchise_mapping.json (Monday-derived),2026-04-24T13:49:49,backfill
006WR00000wk9ZSYAY,Castle Creek,Franchise_Type__c,(null),In-Franchise,franchise_mapping.json (Monday-derived),2026-04-24T13:49:49,backfill
006WR00000wk9ZTYAY,Georgetowne,Franchise_Type__c,(null),In-Franchise,franchise_mapping.json (Monday-derived),2026-04-24T13:49:49,backfill
006WR00000wk9ZUYAY,West Haven,Franchise_Type__c,(null),In-Franchise,franchise_mapping.json (Monday-derived),2026-04-24T13:49:49,backfill
006WR00000wk9ZVYAY,Pacific Winds,Franchise_Type__c,(null),In-Franchise,franchise_mapping.json (Monday-derived),2026-04-24T13:49:49,backfill
006WR00000wk9ZWYAY,Park on Center,Franchise_Type__c,(null),In-Franchise,franchise_mapping.json (Monday-derived),2026-04-24T13:49:49,backfill
006WR00000wk9ZXYAY,Elan Playa Mar Apartment Homes,Franchise_Type__c,(null),In-Franchise,franchise_mapping.json (Monday-derived),2026-04-24T13:49:49,backfill
006WR00000wk9ZYYAY,La Mision Village,Franchise_Type__c,(null),In-Franchise,franchise_mapping.json (Monday-derived),2026-04-24T13:49:49,backfill
006WR00000wk9ZZYAY,Rosebay Falls,Franchise_Type__c,(null),In-Franchise,franchise_mapping.json (Monday-derived),2026-04-24T13:49:49,backfill
006WR00000wk9ZaYAI,Garden Valley Court,Franchise_Type__c,(null),In-Franchise,franchise_mapping.json (Monday-derived),2026-04-24T13:49:49,backfill
006WR00000wk9ZbYAI,Spencer Apartments,Franchise_Type__c,(null),In-Franchise,franchise_mapping.json (Monday-derived),2026-04-24T13:49:49,backfill
006WR00000wk9ZcYAI,Park Place Bluffs,Franchise_Type__c,(null),In-Franchise,franchise_mapping.json (Monday-derived),2026-04-24T13:49:49,backfill
006WR00000wk9ZdYAI,Westbrook Gardens Apartments,Franchise_Type__c,(null),In-Franchise,franchise_mapping.json (Monday-derived),2026-04-24T13:49:49,backfill
006WR00000wk9ZeYAI,Glenwood Manor,Franchise_Type__c,(null),In-Franchise,franchise_mapping.json (Monday-derived),2026-04-24T13:49:49,backfill
006WR00000wk9ZfYAI,Highlander Overlook and Burdette + Wade,Franchise_Type__c,(null),In-Franchise,franchise_mapping.json (Monday-derived),2026-04-24T13:49:49,backfill
006WR00000wk9ZgYAI,Hello Apartments,Franchise_Type__c,(null),In-Franchise,franchise_mapping.json (Monday-derived),2026-04-24T13:49:49,backfill
006WR00000wk9ZhYAI,Whispering Ridge,Franchise_Type__c,(null),In-Franchise,franchise_mapping.json (Monday-derived),2026-04-24T13:49:49,backfill
006WR00000wk9ZiYAI,Midtown Crossing Contemporary Apartments,Franchise_Type__c,(null),In-Franchise,franchise_mapping.json (Monday-derived),2026-04-24T13:49:49,backfill
006WR00000wk9ZjYAI,Highpoint,Franchise_Type__c,(null),In-Franchise,franchise_mapping.json (Monday-derived),2026-04-24T13:49:49,backfill
006WR00000wk9ZkYAI,Elk Hills Apartments,Franchise_Type__c,(null),In-Franchise,franchise_mapping.json (Monday-derived),2026-04-24T13:49:49,backfill
006WR00000wk9ZlYAI,Springhill Ridge in Omaha,Franchise_Type__c,(null),In-Franchise,franchise_mapping.json (Monday-derived),2026-04-24T13:49:49,backfill
006WR00000wk9ZmYAI,Torello on Maple,Franchise_Type__c,(null),In-Franchise,franchise_mapping.json (Monday-derived),2026-04-24T13:49:49,backfill
006WR00000wk9ZnYAI,Orchard Mesa,Franchise_Type__c,(null),In-Franchise,franchise_mapping.json (Monday-derived),2026-04-24T13:49:49,backfill
006WR00000wk9ZoYAI,The Marvely,Franchise_Type__c,(null),In-Franchise,franchise_mapping.json (Monday-derived),2026-04-24T13:49:49,backfill
006WR00000wk9ZpYAI,Rolling Hills Ranch Senior Living,Franchise_Type__c,(null),In-Franchise,franchise_mapping.json (Monday-derived),2026-04-24T13:49:49,backfill
006WR00000wk9ZqYAI,The Slate,Franchise_Type__c,(null),In-Franchise,franchise_mapping.json (Monday-derived),2026-04-24T13:49:49,backfill
006WR00000wk9ZrYAI,Pacific Gardens Apartments,Franchise_Type__c,(null),In-Franchise,franchise_mapping.json (Monday-derived),2026-04-24T13:49:49,backfill
006WR00000wk9ZsYAI,Maplewood Estates,Franchise_Type__c,(null),In-Franchise,franchise_mapping.json (Monday-derived),2026-04-24T13:49:49,backfill
006WR00000wk9ZtYAI,Wellington Park,Franchise_Type__c,(null),In-Franchise,franchise_mapping.json (Monday-derived),2026-04-24T13:49:49,backfill
006WR00000wk9ZuYAI,Stonegate Park,Franchise_Type__c,(null),In-Franchise,franchise_mapping.json (Monday-derived),2026-04-24T13:49:49,backfill
006WR00000wk9ZvYAI,The Reserve at The Knolls,Franchise_Type__c,(null),In-Franchise,franchise_mapping.json (Monday-derived),2026-04-24T13:49:49,backfill
006WR00000wk9ZwYAI,Tranquility Pointe,Franchise_Type__c,(null),In-Franchise,franchise_mapping.json (Monday-derived),2026-04-24T13:49:49,backfill
006WR00000wk9ZxYAI,Southside Terrace Phase 2,Franchise_Type__c,(null),In-Franchise,franchise_mapping.json (Monday-derived),2026-04-24T13:49:49,backfill
006WR00000wk9ZyYAI,Camelot VI,Franchise_Type__c,(null),In-Franchise,franchise_mapping.json (Monday-derived),2026-04-24T13:49:49,backfill
006WR00000wk9ZzYAI,4651 Dodge St,Franchise_Type__c,(null),In-Franchise,franchise_mapping.json (Monday-derived),2026-04-24T13:49:49,backfill
006WR00000wkA6DYAU,46 Dodge Apartments,Franchise_Type__c,(null),In-Franchise,franchise_mapping.json (Monday-derived),2026-04-24T13:49:49,backfill
006WR00000wkA6EYAU,Chateau at Hillsborough,Franchise_Type__c,(null),In-Franchise,franchise_mapping.json (Monday-derived),2026-04-24T13:49:49,backfill
006WR00000wkA6FYAU,Avidor Omaha,Franchise_Type__c,(null),In-Franchise,franchise_mapping.json (Monday-derived),2026-04-24T13:49:49,backfill
006WR00000wkA6GYAU,Bel Court Apartments,Franchise_Type__c,(null),In-Franchise,franchise_mapping.json (Monday-derived),2026-04-24T13:49:49,backfill
006WR00000wkA6HYAU,148th Place,Franchise_Type__c,(null),In-Franchise,franchise_mapping.json (Monday-derived),2026-04-24T13:49:49,backfill
006WR00000wkA6IYAU,Piraeus Point,Franchise_Type__c,(null),In-Franchise,franchise_mapping.json (Monday-derived),2026-04-24T13:49:49,backfill
006WR00000wkA6JYAU,Oak Leaf Apartments,Franchise_Type__c,(null),In-Franchise,franchise_mapping.json (Monday-derived),2026-04-24T13:49:49,backfill
006WR00000wkA6KYAU,Bella Vista Senior Living Community,Franchise_Type__c,(null),In-Franchise,franchise_mapping.json (Monday-derived),2026-04-24T13:49:49,backfill
006WR00000wkA6LYAU,Mission Flats,Franchise_Type__c,(null),In-Franchise,franchise_mapping.json (Monday-derived),2026-04-24T13:49:49,backfill
006WR00000wkA6MYAU,Trico Mobile Estates,Franchise_Type__c,(null),In-Franchise,franchise_mapping.json (Monday-derived),2026-04-24T13:49:49,backfill
006WR00000wkA6NYAU,View House,Franchise_Type__c,(null),In-Franchise,franchise_mapping.json (Monday-derived),2026-04-24T13:49:49,backfill
006WR00000wkA6OYAU,Sea Bluff,Franchise_Type__c,(null),In-Franchise,franchise_mapping.json (Monday-derived),2026-04-24T13:49:49,backfill
006WR00000wkA6PYAU,Nobility Point,Franchise_Type__c,(null),In-Franchise,franchise_mapping.json (Monday-derived),2026-04-24T13:49:49,backfill
006WR00000wkA6QYAU,Oak Brook Park Apartments,Franchise_Type__c,(null),In-Franchise,franchise_mapping.json (Monday-derived),2026-04-24T13:49:49,backfill
006WR00000wkA6RYAU,Langston Loge,Franchise_Type__c,(null),In-Franchise,franchise_mapping.json (Monday-derived),2026-04-24T13:49:49,backfill
006WR00000wkA6SYAU,Old Mill Apartments,Franchise_Type__c,(null),In-Franchise,franchise_mapping.json (Monday-derived),2026-04-24T13:49:49,backfill
006WR00000wkA6TYAU,Mission View Manor,Franchise_Type__c,(null),In-Franchise,franchise_mapping.json (Monday-derived),2026-04-24T13:49:49,backfill
006WR00000wkA6UYAU,Whispering Hills,Franchise_Type__c,(null),In-Franchise,franchise_mapping.json (Monday-derived),2026-04-24T13:49:49,backfill
006WR00000wkA6VYAU,Dundee View,Franchise_Type__c,(null),In-Franchise,franchise_mapping.json (Monday-derived),2026-04-24T13:49:49,backfill
006WR00000wkA6WYAU,Dundee Flats,Franchise_Type__c,(null),In-Franchise,franchise_mapping.json (Monday-derived),2026-04-24T13:49:49,backfill
006WR00000wkA6XYAU,Fox Ridge,Franchise_Type__c,(null),In-Franchise,franchise_mapping.json (Monday-derived),2026-04-24T13:49:49,backfill
006WR00000wkA6YYAU,The Club at Highland Park Apartments,Franchise_Type__c,(null),In-Franchise,franchise_mapping.json (Monday-derived),2026-04-24T13:49:49,backfill
006WR00000wkA6ZYAU,Eagle Run Apartments,Franchise_Type__c,(null),In-Franchise,franchise_mapping.json (Monday-derived),2026-04-24T13:49:49,backfill
006WR00000wkA6aYAE,Park Place Apartments,Franchise_Type__c,(null),In-Franchise,franchise_mapping.json (Monday-derived),2026-04-24T13:49:49,backfill
006WR00000wkA6bYAE,Woodgate Townhomes,Franchise_Type__c,(null),In-Franchise,franchise_mapping.json (Monday-derived),2026-04-24T13:49:49,backfill
006WR00000wkA6cYAE,Regency Lakeside Apartments,Franchise_Type__c,(null),In-Franchise,franchise_mapping.json (Monday-derived),2026-04-24T13:49:49,backfill
006WR00000wkA6dYAE,Howard Street,Franchise_Type__c,(null),In-Franchise,franchise_mapping.json (Monday-derived),2026-04-24T13:49:49,backfill
006WR00000wkA6eYAE,Ovation Heartwood Preserve-Independent Living,Franchise_Type__c,(null),In-Franchise,franchise_mapping.json (Monday-derived),2026-04-24T13:49:49,backfill
006WR00000wkA6fYAE,Bedford Square [fmr Maplewood Court],Franchise_Type__c,(null),In-Franchise,franchise_mapping.json (Monday-derived),2026-04-24T13:49:49,backfill
006WR00000wkA6gYAE,Atlas Apartments,Franchise_Type__c,(null),In-Franchise,franchise_mapping.json (Monday-derived),2026-04-24T13:49:49,backfill
006WR00000wkA6hYAE,Citadel Apartments,Franchise_Type__c,(null),In-Franchise,franchise_mapping.json (Monday-derived),2026-04-24T13:49:49,backfill
006WR00000wkA6iYAE,Green Valley Mobile Estates Encinitas,Franchise_Type__c,(null),In-Franchise,franchise_mapping.json (Monday-derived),2026-04-24T13:49:49,backfill
006WR00000wkA6jYAE,JC Wade Senior Villas,Franchise_Type__c,(null),In-Franchise,franchise_mapping.json (Monday-derived),2026-04-24T13:49:49,backfill
006WR00000wkA6kYAE,Preserve at Evans Place [Tudor Heights],Franchise_Type__c,(null),In-Franchise,franchise_mapping.json (Monday-derived),2026-04-24T13:49:49,backfill
006WR00000wkA6lYAE,Park 125,Franchise_Type__c,(null),In-Franchise,franchise_mapping.json (Monday-derived),2026-04-24T13:49:49,backfill
006WR00000wkA6mYAE,The Biltmore Apartments,Franchise_Type__c,(null),In-Franchise,franchise_mapping.json (Monday-derived),2026-04-24T13:49:49,backfill
006WR00000wkA6nYAE,Raintree Apartments,Franchise_Type__c,(null),In-Franchise,franchise_mapping.json (Monday-derived),2026-04-24T13:49:49,backfill
006WR00000wkA6oYAE,The Vanderbilt Apartments,Franchise_Type__c,(null),In-Franchise,franchise_mapping.json (Monday-derived),2026-04-24T13:49:49,backfill
006WR00000wkA6pYAE,Vivo Living Omaha,Franchise_Type__c,(null),In-Franchise,franchise_mapping.json (Monday-derived),2026-04-24T13:49:49,backfill
006WR00000wkA6qYAE,Woodland Meadows,Franchise_Type__c,(null),In-Franchise,franchise_mapping.json (Monday-derived),2026-04-24T13:49:49,backfill
006WR00000wkA6rYAE,Tides on University,Franchise_Type__c,(null),In-Franchise,franchise_mapping.json (Monday-derived),2026-04-24T13:49:49,backfill
006WR00000wkA6sYAE,Quintana at Cooley Station,Franchise_Type__c,(null),In-Franchise,franchise_mapping.json (Monday-derived),2026-04-24T13:49:49,backfill
006WR00000wkA6tYAE,Mahoney Village,Franchise_Type__c,(null),In-Franchise,franchise_mapping.json (Monday-derived),2026-04-24T13:49:49,backfill
006WR00000wkA6uYAE,Cielo on Gilbert,Franchise_Type__c,(null),In-Franchise,franchise_mapping.json (Monday-derived),2026-04-24T13:49:49,backfill
006WR00000wkA6vYAE,Georgetown Park Apartment Homes,Franchise_Type__c,(null),In-Franchise,franchise_mapping.json (Monday-derived),2026-04-24T13:49:49,backfill
006WR00000wkA6wYAE,San Gabriel Apartments,Franchise_Type__c,(null),In-Franchise,franchise_mapping.json (Monday-derived),2026-04-24T13:49:49,backfill
006WR00000wkA6xYAE,Kensington Apartments,Franchise_Type__c,(null),In-Franchise,franchise_mapping.json (Monday-derived),2026-04-24T13:49:49,backfill
006WR00000wkA6yYAE,Irvington Heights,Franchise_Type__c,(null),In-Franchise,franchise_mapping.json (Monday-derived),2026-04-24T13:49:49,backfill
006WR00000wkA6zYAE,Promontory Point,Franchise_Type__c,(null),In-Franchise,franchise_mapping.json (Monday-derived),2026-04-24T13:49:49,backfill
006WR00000wkA70YAE,Shamrock Arrowride Apartments,Franchise_Type__c,(null),In-Franchise,franchise_mapping.json (Monday-derived),2026-04-24T13:49:49,backfill
006WR00000wkA71YAE,Campus Town,Franchise_Type__c,(null),In-Franchise,franchise_mapping.json (Monday-derived),2026-04-24T13:49:49,backfill
006WR00000wkA72YAE,Trails at Carmel Creek,Franchise_Type__c,(null),In-Franchise,franchise_mapping.json (Monday-derived),2026-04-24T13:49:49,backfill
006WR00000wkA73YAE,Heritage District,Franchise_Type__c,(null),In-Franchise,franchise_mapping.json (Monday-derived),2026-04-24T13:49:49,backfill
006WR00000wkA74YAE,Goldfinch Meadows,Franchise_Type__c,(null),In-Franchise,franchise_mapping.json (Monday-derived),2026-04-24T13:49:49,backfill
006WR00000wkA75YAE,Grand View Apartments,Franchise_Type__c,(null),In-Franchise,franchise_mapping.json (Monday-derived),2026-04-24T13:49:49,backfill
006WR00000wkA76YAE,One East Tucson,Franchise_Type__c,(null),In-Franchise,franchise_mapping.json (Monday-derived),2026-04-24T13:49:49,backfill
006WR00000wkA77YAE,Carver Ridge Townhomes,Franchise_Type__c,(null),In-Franchise,franchise_mapping.json (Monday-derived),2026-04-24T13:49:49,backfill
006WR00000wkA78YAE,The Place at Canyon Ridge,Franchise_Type__c,(null),In-Franchise,franchise_mapping.json (Monday-derived),2026-04-24T13:49:49,backfill
006WR00000wkA79YAE,The Quin,Franchise_Type__c,(null),In-Franchise,franchise_mapping.json (Monday-derived),2026-04-24T13:49:49,backfill
006WR00000wkA7AYAU,Lincoln Apartments _ FF Freddy,Franchise_Type__c,(null),In-Franchise,franchise_mapping.json (Monday-derived),2026-04-24T13:49:49,backfill
006WR00000wkA7BYAU,Town & Country Mobile Homes,Franchise_Type__c,(null),In-Franchise,franchise_mapping.json (Monday-derived),2026-04-24T13:49:49,backfill
006WR00000wkA7CYAU,Aurora Meadows Apartments (Lumen CO),Franchise_Type__c,(null),In-Franchise,franchise_mapping.json (Monday-derived),2026-04-24T13:49:49,backfill
006WR00000wkA7DYAU,Coral Point Apartments,Franchise_Type__c,(null),In-Franchise,franchise_mapping.json (Monday-derived),2026-04-24T13:49:49,backfill
006WR00000wkA7EYAU,Ivy Crossing Apartment Homes (Lumen CO),Franchise_Type__c,(null),In-Franchise,franchise_mapping.json (Monday-derived),2026-04-24T13:49:49,backfill
006WR00000wkA7FYAU,Gilbert Square Apts,Franchise_Type__c,(null),In-Franchise,franchise_mapping.json (Monday-derived),2026-04-24T13:49:49,backfill
006WR00000wkA7GYAU,Landry on 56,Franchise_Type__c,(null),In-Franchise,franchise_mapping.json (Monday-derived),2026-04-24T13:49:49,backfill
006WR00000wkA7HYAU,Envision Apartments,Franchise_Type__c,(null),In-Franchise,franchise_mapping.json (Monday-derived),2026-04-24T13:49:49,backfill
006WR00000wkA7IYAU,Sawgrass Links Townhomes_Lumen IA_Bryce,Franchise_Type__c,(null),In-Franchise,franchise_mapping.json (Monday-derived),2026-04-24T13:49:49,backfill
006WR00000wkA7JYAU,Noahs Landing (Lumen FL_Starwood),Franchise_Type__c,(null),In-Franchise,franchise_mapping.json (Monday-derived),2026-04-24T13:49:49,backfill
006WR00000wkA7KYAU,Whistler's Cove Apartments (Lumen FL_Starwood),Franchise_Type__c,(null),In-Franchise,franchise_mapping.json (Monday-derived),2026-04-24T13:49:49,backfill
006WR00000wkA7LYAU,La Petite Chateau Apartments,Franchise_Type__c,(null),In-Franchise,franchise_mapping.json (Monday-derived),2026-04-24T13:49:49,backfill
006WR00000wkA7MYAU,Discovery Point,Franchise_Type__c,(null),In-Franchise,franchise_mapping.json (Monday-derived),2026-04-24T13:49:49,backfill
006WR00000wkA7NYAU,Buena Vista Point Apartments (Lumen FL_Starwood),Franchise_Type__c,(null),In-Franchise,franchise_mapping.json (Monday-derived),2026-04-24T13:49:49,backfill
006WR00000wkA7OYAU,Emparrado Apartments,Franchise_Type__c,(null),In-Franchise,franchise_mapping.json (Monday-derived),2026-04-24T13:49:49,backfill
006WR00000wkA7PYAU,Ocean Hills Country Club HOA,Franchise_Type__c,(null),In-Franchise,franchise_mapping.json (Monday-derived),2026-04-24T13:49:49,backfill
006WR00000wkA7QYAU,Fountain East (MHP),Franchise_Type__c,(null),In-Franchise,franchise_mapping.json (Monday-derived),2026-04-24T13:49:49,backfill
006WR00000wkA7RYAU,Alante at the Islands,Franchise_Type__c,(null),In-Franchise,franchise_mapping.json (Monday-derived),2026-04-24T13:49:49,backfill
006WR00000wkA7SYAU,Vineyards at Trophy Club,Franchise_Type__c,(null),In-Franchise,franchise_mapping.json (Monday-derived),2026-04-24T13:49:49,backfill
006WR00000wkA7TYAU,Level 550,Franchise_Type__c,(null),In-Franchise,franchise_mapping.json (Monday-derived),2026-04-24T13:49:49,backfill
006WR00000wkA7UYAU,Coronado Mobile Home Park,Franchise_Type__c,(null),In-Franchise,franchise_mapping.json (Monday-derived),2026-04-24T13:49:49,backfill
006WR00000wkA7VYAU,Seacrest Village,Franchise_Type__c,(null),In-Franchise,franchise_mapping.json (Monday-derived),2026-04-24T13:49:49,backfill
006WR00000wkA7WYAU,Chandler Meadows Unfurnished Apartments,Franchise_Type__c,(null),In-Franchise,franchise_mapping.json (Monday-derived),2026-04-24T13:49:49,backfill
006WR00000wkA7XYAU,Lucera Apartments,Franchise_Type__c,(null),In-Franchise,franchise_mapping.json (Monday-derived),2026-04-24T13:49:49,backfill
006WR00000wkA7YYAU,Desert Jewel Apartments,Franchise_Type__c,(null),In-Franchise,franchise_mapping.json (Monday-derived),2026-04-24T13:49:49,backfill
006WR00000wkA7ZYAU,Revere Ridge Apartments,Franchise_Type__c,(null),In-Franchise,franchise_mapping.json (Monday-derived),2026-04-24T13:49:49,backfill
006WR00000wkA7aYAE,Amberwood Manor,Franchise_Type__c,(null),In-Franchise,franchise_mapping.json (Monday-derived),2026-04-24T13:49:49,backfill
006WR00000wkA7bYAE,Delano Apartments,Franchise_Type__c,(null),In-Franchise,franchise_mapping.json (Monday-derived),2026-04-24T13:49:49,backfill
006WR00000wkA7cYAE,Desert Valley Oasis (MHP),Franchise_Type__c,(null),In-Franchise,franchise_mapping.json (Monday-derived),2026-04-24T13:49:49,backfill
006WR00000wkA7dYAE,Crescent Run (MHP),Franchise_Type__c,(null),In-Franchise,franchise_mapping.json (Monday-derived),2026-04-24T13:49:49,backfill
006WR00000wkA7eYAE,Luxe 1930,Franchise_Type__c,(null),In-Franchise,franchise_mapping.json (Monday-derived),2026-04-24T13:49:49,backfill
006WR00000wkA7fYAE,Christian Care Manor,Franchise_Type__c,(null),In-Franchise,franchise_mapping.json (Monday-derived),2026-04-24T13:49:49,backfill
006WR00000wkA7gYAE,Las Palmas Grand (MHP),Franchise_Type__c,(null),In-Franchise,franchise_mapping.json (Monday-derived),2026-04-24T13:49:49,backfill
006WR00000wkA7hYAE,Montero at Dana Park,Franchise_Type__c,(null),In-Franchise,franchise_mapping.json (Monday-derived),2026-04-24T13:49:49,backfill
006WR00000wkA7iYAE,Lindsay Palms Apartments,Franchise_Type__c,(null),In-Franchise,franchise_mapping.json (Monday-derived),2026-04-24T13:49:49,backfill
006WR00000wkA7jYAE,Encore on First,Franchise_Type__c,(null),In-Franchise,franchise_mapping.json (Monday-derived),2026-04-24T13:49:49,backfill
006WR00000wkA7kYAE,Desert Palms Apartments,Franchise_Type__c,(null),In-Franchise,franchise_mapping.json (Monday-derived),2026-04-24T13:49:49,backfill
006WR00000wkA7lYAE,Ashland Manor Apartments,Franchise_Type__c,(null),In-Franchise,franchise_mapping.json (Monday-derived),2026-04-24T13:49:49,backfill
006WR00000wkA7mYAE,Modera Gilbert,Franchise_Type__c,(null),In-Franchise,franchise_mapping.json (Monday-derived),2026-04-24T13:49:49,backfill
006WR00000wkA7nYAE,German Oaks,Franchise_Type__c,(null),In-Franchise,franchise_mapping.json (Monday-derived),2026-04-24T13:49:49,backfill
006WR00000wkA7oYAE,Terrace Garden Apartments,Franchise_Type__c,(null),In-Franchise,franchise_mapping.json (Monday-derived),2026-04-24T13:49:49,backfill
006WR00000wkA7pYAE,Whispering Pines Townhomes,Franchise_Type__c,(null),In-Franchise,franchise_mapping.json (Monday-derived),2026-04-24T13:49:49,backfill
006WR00000wkA7qYAE,Cortland Mountain Vista,Franchise_Type__c,(null),In-Franchise,franchise_mapping.json (Monday-derived),2026-04-24T13:49:49,backfill
006WR00000wkA7rYAE,Chateau Gardens Apartments,Franchise_Type__c,(null),In-Franchise,franchise_mapping.json (Monday-derived),2026-04-24T13:49:49,backfill
006WR00000wkA7sYAE,Fairview Apartments,Franchise_Type__c,(null),In-Franchise,franchise_mapping.json (Monday-derived),2026-04-24T13:49:49,backfill
006WR00000wkA7tYAE,Gentry's Walk,Franchise_Type__c,(null),In-Franchise,franchise_mapping.json (Monday-derived),2026-04-24T13:49:49,backfill
006WR00000wkA7uYAE,Sunrise Village(MHP),Franchise_Type__c,(null),In-Franchise,franchise_mapping.json (Monday-derived),2026-04-24T13:49:49,backfill
006WR00000wkA7vYAE,Country Club Verandas Apartments,Franchise_Type__c,(null),In-Franchise,franchise_mapping.json (Monday-derived),2026-04-24T13:49:49,backfill
006WR00000wkA7wYAE,Autumn Creek Apartments,Franchise_Type__c,(null),In-Franchise,franchise_mapping.json (Monday-derived),2026-04-24T13:49:49,backfill
006WR00000wkA7xYAE,Missouri Meadows Apartments,Franchise_Type__c,(null),In-Franchise,franchise_mapping.json (Monday-derived),2026-04-24T13:49:49,backfill
006WR00000wkA7yYAE,Habitat Condos,Franchise_Type__c,(null),In-Franchise,franchise_mapping.json (Monday-derived),2026-04-24T13:49:49,backfill
006WR00000wkA7zYAE,Wyndham Hill,Franchise_Type__c,(null),In-Franchise,franchise_mapping.json (Monday-derived),2026-04-24T13:49:49,backfill
006WR00000wkA80YAE,Cortina Apartments,Franchise_Type__c,(null),In-Franchise,franchise_mapping.json (Monday-derived),2026-04-24T13:49:49,backfill
006WR00000wkA81YAE,Avana Chandler,Franchise_Type__c,(null),In-Franchise,franchise_mapping.json (Monday-derived),2026-04-24T13:49:49,backfill
006WR00000wkA82YAE,Benson Gardens Apartments,Franchise_Type__c,(null),In-Franchise,franchise_mapping.json (Monday-derived),2026-04-24T13:49:49,backfill
006WR00000wkA83YAE,Cactus Gardens,Franchise_Type__c,(null),In-Franchise,franchise_mapping.json (Monday-derived),2026-04-24T13:49:49,backfill
006WR00000wkA84YAE,Palmas Del Sol,Franchise_Type__c,(null),In-Franchise,franchise_mapping.json (Monday-derived),2026-04-24T13:49:49,backfill
006WR00000wkA85YAE,Cimarron Apartments,Franchise_Type__c,(null),In-Franchise,franchise_mapping.json (Monday-derived),2026-04-24T13:49:49,backfill
006WR00000wkA86YAE,Pueblo Grande (MHP),Franchise_Type__c,(null),In-Franchise,franchise_mapping.json (Monday-derived),2026-04-24T13:49:49,backfill
006WR00000wkA87YAE,Camino del Rey (HOA),Franchise_Type__c,(null),In-Franchise,franchise_mapping.json (Monday-derived),2026-04-24T13:49:49,backfill
006WR00000wkA88YAE,Cottonwood Apartments (Mesa),Franchise_Type__c,(null),In-Franchise,franchise_mapping.json (Monday-derived),2026-04-24T13:49:49,backfill
006WR00000wkA89YAE,Club 715,Franchise_Type__c,(null),In-Franchise,franchise_mapping.json (Monday-derived),2026-04-24T13:49:49,backfill
006WR00000wkA8AYAU,The Grove at Hickman,Franchise_Type__c,(null),In-Franchise,franchise_mapping.json (Monday-derived),2026-04-24T13:49:49,backfill
006WR00000wkA8BYAU,Pennytree Apartments,Franchise_Type__c,(null),In-Franchise,franchise_mapping.json (Monday-derived),2026-04-24T13:49:49,backfill
006WR00000wkA8CYAU,Avilla Lehi Crossing,Franchise_Type__c,(null),In-Franchise,franchise_mapping.json (Monday-derived),2026-04-24T13:49:49,backfill
006WR00000wkA8DYAU,Country Club Greens,Franchise_Type__c,(null),In-Franchise,franchise_mapping.json (Monday-derived),2026-04-24T13:49:49,backfill
006WR00000wkA8EYAU,Canal on Baseline,Franchise_Type__c,(null),In-Franchise,franchise_mapping.json (Monday-derived),2026-04-24T13:49:49,backfill
006WR00000wkA8FYAU,Maplewood Court Apartments,Franchise_Type__c,(null),In-Franchise,franchise_mapping.json (Monday-derived),2026-04-24T13:49:49,backfill
006WR00000wkA8GYAU,Dahcotah View (copy) (copy),Franchise_Type__c,(null),In-Franchise,franchise_mapping.json (Monday-derived),2026-04-24T13:49:49,backfill
006WR00000wkA8HYAU,Rise Country Club,Franchise_Type__c,(null),In-Franchise,franchise_mapping.json (Monday-derived),2026-04-24T13:49:49,backfill
006WR00000wkA8IYAU,Keystone Park Apartments,Franchise_Type__c,(null),In-Franchise,franchise_mapping.json (Monday-derived),2026-04-24T13:49:49,backfill
006WR00000wkA8JYAU,Dartmoor Apartments,Franchise_Type__c,(null),In-Franchise,franchise_mapping.json (Monday-derived),2026-04-24T13:49:49,backfill
006WR00000wkA8KYAU,Desert Village(MHP),Franchise_Type__c,(null),In-Franchise,franchise_mapping.json (Monday-derived),2026-04-24T13:49:49,backfill
006WR00000wkA8LYAU,Elan Sandpiper,Franchise_Type__c,(null),In-Franchise,franchise_mapping.json (Monday-derived),2026-04-24T13:49:49,backfill
006WR00000wkA8MYAU,Colores Del Sol,Franchise_Type__c,(null),In-Franchise,franchise_mapping.json (Monday-derived),2026-04-24T13:49:49,backfill
006WR00000wkA8NYAU,225 S Highway 101 Apartments,Franchise_Type__c,(null),In-Franchise,franchise_mapping.json (Monday-derived),2026-04-24T13:49:49,backfill
006WR00000wkA8OYAU,Elan Solana Pointe,Franchise_Type__c,(null),In-Franchise,franchise_mapping.json (Monday-derived),2026-04-24T13:49:49,backfill
006WR00000wkA8PYAU,Connect on University,Franchise_Type__c,(null),In-Franchise,franchise_mapping.json (Monday-derived),2026-04-24T13:49:49,backfill
006WR00000wkA8QYAU,Cornerstone Manor Apartments,Franchise_Type__c,(null),In-Franchise,franchise_mapping.json (Monday-derived),2026-04-24T13:49:49,backfill
006WR00000wkA8RYAU,Lakeview at Superstition Springs Amentspart,Franchise_Type__c,(null),In-Franchise,franchise_mapping.json (Monday-derived),2026-04-24T13:49:49,backfill
006WR00000wkA8SYAU,Horne Patio Homes,Franchise_Type__c,(null),In-Franchise,franchise_mapping.json (Monday-derived),2026-04-24T13:49:49,backfill
006WR00000wkA8TYAU,Saratoga West Condominiums,Franchise_Type__c,(null),In-Franchise,franchise_mapping.json (Monday-derived),2026-04-24T13:49:49,backfill
006WR00000wkA8UYAU,Gateway Village Apartments,Franchise_Type__c,(null),In-Franchise,franchise_mapping.json (Monday-derived),2026-04-24T13:49:49,backfill
006WR00000wkA8VYAU,Copperstone Apartments,Franchise_Type__c,(null),In-Franchise,franchise_mapping.json (Monday-derived),2026-04-24T13:49:49,backfill
006WR00000wkA8WYAU,Olive Tree Vistas,Franchise_Type__c,(null),In-Franchise,franchise_mapping.json (Monday-derived),2026-04-24T13:49:49,backfill
006WR00000wkA8XYAU,Corals Apartments,Franchise_Type__c,(null),In-Franchise,franchise_mapping.json (Monday-derived),2026-04-24T13:49:49,backfill
006WR00000wkA8YYAU,Vaseo Apartments,Franchise_Type__c,(null),In-Franchise,franchise_mapping.json (Monday-derived),2026-04-24T13:49:49,backfill
006WR00000wkA8ZYAU,Del Mar Downs Condos,Franchise_Type__c,(null),In-Franchise,franchise_mapping.json (Monday-derived),2026-04-24T13:49:49,backfill
006WR00000wkA8aYAE,Beau Manor Townhomes,Franchise_Type__c,(null),In-Franchise,franchise_mapping.json (Monday-derived),2026-04-24T13:49:49,backfill
006WR00000wkA8bYAE,Glen at Mesa,Franchise_Type__c,(null),In-Franchise,franchise_mapping.json (Monday-derived),2026-04-24T13:49:49,backfill
006WR00000wkA8cYAE,Eucalyptus Apartments,Franchise_Type__c,(null),In-Franchise,franchise_mapping.json (Monday-derived),2026-04-24T13:49:49,backfill
006WR00000wkA8dYAE,Glenhaven Estates,Franchise_Type__c,(null),In-Franchise,franchise_mapping.json (Monday-derived),2026-04-24T13:49:49,backfill
006WR00000wkA8eYAE,Park Crest,Franchise_Type__c,(null),In-Franchise,franchise_mapping.json (Monday-derived),2026-04-24T13:49:49,backfill
006WR00000wkA8fYAE,Bernard Richard Apartments,Franchise_Type__c,(null),In-Franchise,franchise_mapping.json (Monday-derived),2026-04-24T13:49:49,backfill
006WR00000wkA8gYAE,Hillside Park Apartments,Franchise_Type__c,(null),In-Franchise,franchise_mapping.json (Monday-derived),2026-04-24T13:49:49,backfill
006WR00000wkA8hYAE,Mesa Royale Apts,Franchise_Type__c,(null),In-Franchise,franchise_mapping.json (Monday-derived),2026-04-24T13:49:49,backfill
006WR00000wkA8iYAE,La Cascada,Franchise_Type__c,(null),In-Franchise,franchise_mapping.json (Monday-derived),2026-04-24T13:49:49,backfill
006WR00000wkA8jYAE,La Casita MHP,Franchise_Type__c,(null),In-Franchise,franchise_mapping.json (Monday-derived),2026-04-24T13:49:49,backfill
006WR00000wkA8kYAE,Santa Helena Park Condominiums,Franchise_Type__c,(null),In-Franchise,franchise_mapping.json (Monday-derived),2026-04-24T13:49:49,backfill
006WR00000wkA8lYAE,La Mer Condos,Franchise_Type__c,(null),In-Franchise,franchise_mapping.json (Monday-derived),2026-04-24T13:49:49,backfill
006WR00000wkA8mYAE,4813-4823 Boyd St Apartments,Franchise_Type__c,(null),In-Franchise,franchise_mapping.json (Monday-derived),2026-04-24T13:49:49,backfill
006WR00000wkA8nYAE,Ville de Sante Terrace Apartments (1),Franchise_Type__c,(null),In-Franchise,franchise_mapping.json (Monday-derived),2026-04-24T13:49:49,backfill
006WR00000wkA8oYAE,Buenas North Harris (Harris Place Apts old name),Franchise_Type__c,(null),In-Franchise,franchise_mapping.json (Monday-derived),2026-04-24T13:49:49,backfill
006WR00000wkA8pYAE,Caravelle Apartments,Franchise_Type__c,(null),In-Franchise,franchise_mapping.json (Monday-derived),2026-04-24T13:49:49,backfill
006WR00000wkA8qYAE,Aspen Condos,Franchise_Type__c,(null),In-Franchise,franchise_mapping.json (Monday-derived),2026-04-24T13:49:49,backfill
006WR00000wkA8rYAE,Laurel Hill Apartments,Franchise_Type__c,(null),In-Franchise,franchise_mapping.json (Monday-derived),2026-04-24T13:49:49,backfill
006WR00000wkA8sYAE,Magana Apartments,Franchise_Type__c,(null),In-Franchise,franchise_mapping.json (Monday-derived),2026-04-24T13:49:49,backfill
006WR00000wkA8tYAE,Corby Castle Apts,Franchise_Type__c,(null),In-Franchise,franchise_mapping.json (Monday-derived),2026-04-24T13:49:49,backfill
006WR00000wkA8uYAE,Lepuy Apartments,Franchise_Type__c,(null),In-Franchise,franchise_mapping.json (Monday-derived),2026-04-24T13:49:49,backfill
006WR00000wkA8vYAE,Coronado Condominiums,Franchise_Type__c,(null),In-Franchise,franchise_mapping.json (Monday-derived),2026-04-24T13:49:49,backfill
006WR00000wkA8wYAE,Cypress Pointe II Apartment Complex,Franchise_Type__c,(null),In-Franchise,franchise_mapping.json (Monday-derived),2026-04-24T13:49:49,backfill
006WR00000wkA8xYAE,IMT Desert Palm Village,Franchise_Type__c,(null),In-Franchise,franchise_mapping.json (Monday-derived),2026-04-24T13:49:49,backfill
006WR00000wkA8yYAE,78th Place Apartments,Franchise_Type__c,(null),In-Franchise,franchise_mapping.json (Monday-derived),2026-04-24T13:49:49,backfill
006WR00000wkA8zYAE,6314 Boyd Street,Franchise_Type__c,(null),In-Franchise,franchise_mapping.json (Monday-derived),2026-04-24T13:49:49,backfill
006WR00000wkA90YAE,Villa Del Rey _ FF Freddy,Franchise_Type__c,(null),In-Franchise,franchise_mapping.json (Monday-derived),2026-04-24T13:49:49,backfill
006WR00000wkA91YAE,Bloomfield Forum,Franchise_Type__c,(null),In-Franchise,franchise_mapping.json (Monday-derived),2026-04-24T13:49:49,backfill
006WR00000wkA92YAE,The Springs at 1100,Franchise_Type__c,(null),In-Franchise,franchise_mapping.json (Monday-derived),2026-04-24T13:49:49,backfill
006WR00000wkA93YAE,Woodstone Townhomes,Franchise_Type__c,(null),In-Franchise,franchise_mapping.json (Monday-derived),2026-04-24T13:49:49,backfill
006WR00000wkA94YAE,Cortland Riverside Apartments,Franchise_Type__c,(null),In-Franchise,franchise_mapping.json (Monday-derived),2026-04-24T13:49:49,backfill
006WR00000wkA95YAE,Parkwood Apartments,Franchise_Type__c,(null),In-Franchise,franchise_mapping.json (Monday-derived),2026-04-24T13:49:49,backfill
006WR00000wkA96YAE,Birchway Quarry Falls Apartments,Franchise_Type__c,(null),In-Franchise,franchise_mapping.json (Monday-derived),2026-04-24T13:49:49,backfill
006WR00000wkA97YAE,Arbol Residences of Santa Rosa,Franchise_Type__c,(null),In-Franchise,franchise_mapping.json (Monday-derived),2026-04-24T13:49:49,backfill
006WR00000wkA98YAE,Churchill at Golden Triangle,Franchise_Type__c,(null),In-Franchise,franchise_mapping.json (Monday-derived),2026-04-24T13:49:49,backfill
006WR00000wkA99YAE,Oasis at Mesa Palms,Franchise_Type__c,(null),In-Franchise,franchise_mapping.json (Monday-derived),2026-04-24T13:49:49,backfill
006WR00000wkA9AYAU,Partridge Place,Franchise_Type__c,(null),In-Franchise,franchise_mapping.json (Monday-derived),2026-04-24T13:49:49,backfill
006WR00000wkA9BYAU,Cedar Ridge Apartments,Franchise_Type__c,(null),In-Franchise,franchise_mapping.json (Monday-derived),2026-04-24T13:49:49,backfill
006WR00000wkA9CYAU,Brookside,Franchise_Type__c,(null),In-Franchise,franchise_mapping.json (Monday-derived),2026-04-24T13:49:49,backfill
006WR00000wkA9DYAU,College Park Apartments,Franchise_Type__c,(null),In-Franchise,franchise_mapping.json (Monday-derived),2026-04-24T13:49:49,backfill
006WR00000wkA9EYAU,Allora Georgetown,Franchise_Type__c,(null),In-Franchise,franchise_mapping.json (Monday-derived),2026-04-24T13:49:49,backfill
006WR00000wkA9FYAU,Azle Creek Apartments,Franchise_Type__c,(null),In-Franchise,franchise_mapping.json (Monday-derived),2026-04-24T13:49:49,backfill
006WR00000wkA9GYAU,College Park,Franchise_Type__c,(null),In-Franchise,franchise_mapping.json (Monday-derived),2026-04-24T13:49:49,backfill
006WR00000wkA9HYAU,Cypress View Villas,Franchise_Type__c,(null),In-Franchise,franchise_mapping.json (Monday-derived),2026-04-24T13:49:49,backfill
006WR00000wkA9IYAU,Clear Creek Mobile Home Park,Franchise_Type__c,(null),In-Franchise,franchise_mapping.json (Monday-derived),2026-04-24T13:49:49,backfill
006WR00000wkA9JYAU,Park Centre Casitas Condos,Franchise_Type__c,(null),In-Franchise,franchise_mapping.json (Monday-derived),2026-04-24T13:49:49,backfill
006WR00000wkA9KYAU,River Oaks Apartments,Franchise_Type__c,(null),In-Franchise,franchise_mapping.json (Monday-derived),2026-04-24T13:49:49,backfill
006WR00000wkA9LYAU,Stepping Stone Apartments,Franchise_Type__c,(null),In-Franchise,franchise_mapping.json (Monday-derived),2026-04-24T13:49:49,backfill
006WR00000wkA9MYAU,Grace Place Apartments,Franchise_Type__c,(null),In-Franchise,franchise_mapping.json (Monday-derived),2026-04-24T13:49:49,backfill
006WR00000wkA9NYAU,Village at East Riverside,Franchise_Type__c,(null),In-Franchise,franchise_mapping.json (Monday-derived),2026-04-24T13:49:49,backfill
006WR00000wkAB3YAM,Persimmon Terrace Apartments,Franchise_Type__c,(null),In-Franchise,franchise_mapping.json (Monday-derived),2026-04-24T13:49:49,backfill
006WR00000wkAB4YAM,Vista Torre,Franchise_Type__c,(null),In-Franchise,franchise_mapping.json (Monday-derived),2026-04-24T13:49:49,backfill
006WR00000wkAB5YAM,Oakwood,Franchise_Type__c,(null),In-Franchise,franchise_mapping.json (Monday-derived),2026-04-24T13:49:49,backfill
006WR00000wkAB6YAM,Tuscana Townhomes,Franchise_Type__c,(null),In-Franchise,franchise_mapping.json (Monday-derived),2026-04-24T13:49:49,backfill
006WR00000wkAB7YAM,Moonlight,Franchise_Type__c,(null),In-Franchise,franchise_mapping.json (Monday-derived),2026-04-24T13:49:49,backfill
006WR00000wkAB8YAM,Porvenir Estates II,Franchise_Type__c,(null),In-Franchise,franchise_mapping.json (Monday-derived),2026-04-24T13:49:49,backfill
006WR00000wkAB9YAM,Porvenir Estates I,Franchise_Type__c,(null),In-Franchise,franchise_mapping.json (Monday-derived),2026-04-24T13:49:49,backfill
006WR00000wkABAYA2,Huron Plaza,Franchise_Type__c,(null),In-Franchise,franchise_mapping.json (Monday-derived),2026-04-24T13:49:49,backfill
006WR00000wkABBYA2,Niland,Franchise_Type__c,(null),In-Franchise,franchise_mapping.json (Monday-derived),2026-04-24T13:49:49,backfill
006WR00000wkABCYA2,Placer West,Franchise_Type__c,(null),In-Franchise,franchise_mapping.json (Monday-derived),2026-04-24T13:49:49,backfill
006WR00000wkABDYA2,The Shadows Garden Apts,Franchise_Type__c,(null),In-Franchise,franchise_mapping.json (Monday-derived),2026-04-24T13:49:49,backfill
006WR00000wkABEYA2,Harvard,Franchise_Type__c,(null),In-Franchise,franchise_mapping.json (Monday-derived),2026-04-24T13:49:49,backfill
006WR00000wkABFYA2,12th & D Apartments,Franchise_Type__c,(null),In-Franchise,franchise_mapping.json (Monday-derived),2026-04-24T13:49:49,backfill
006WR00000wkABGYA2,Creekside Colony Apartments,Franchise_Type__c,(null),In-Franchise,franchise_mapping.json (Monday-derived),2026-04-24T13:49:49,backfill
006WR00000wkABHYA2,Park on Riley,Franchise_Type__c,(null),In-Franchise,franchise_mapping.json (Monday-derived),2026-04-24T13:49:49,backfill
006WR00000wkABIYA2,Sierra Oaks Apartments,Franchise_Type__c,(null),In-Franchise,franchise_mapping.json (Monday-derived),2026-04-24T13:49:49,backfill
006WR00000wkABJYA2,Walnut Hill Apartments,Franchise_Type__c,(null),In-Franchise,franchise_mapping.json (Monday-derived),2026-04-24T13:49:49,backfill
006WR00000wkABKYA2,Katy Creek,Franchise_Type__c,(null),In-Franchise,franchise_mapping.json (Monday-derived),2026-04-24T13:49:49,backfill
006WR00000wkABLYA2,Breckenridge Apartments,Franchise_Type__c,(null),In-Franchise,franchise_mapping.json (Monday-derived),2026-04-24T13:49:49,backfill
006WR00000wkABMYA2,Crestmoor Park South,Franchise_Type__c,(null),In-Franchise,franchise_mapping.json (Monday-derived),2026-04-24T13:49:49,backfill
006WR00000wkABNYA2,Crestmoor Park West,Franchise_Type__c,(null),In-Franchise,franchise_mapping.json (Monday-derived),2026-04-24T13:49:49,backfill
006WR00000wkABOYA2,Comanche Retirement Village,Franchise_Type__c,(null),In-Franchise,franchise_mapping.json (Monday-derived),2026-04-24T13:49:49,backfill
006WR00000wkABPYA2,Dekalb Apartments,Franchise_Type__c,(null),In-Franchise,franchise_mapping.json (Monday-derived),2026-04-24T13:49:49,backfill
006WR00000wkABQYA2,Colony Park Apartments,Franchise_Type__c,(null),In-Franchise,franchise_mapping.json (Monday-derived),2026-04-24T13:49:49,backfill
006WR00000wkABRYA2,Camelot Square Apartments,Franchise_Type__c,(null),In-Franchise,franchise_mapping.json (Monday-derived),2026-04-24T13:49:49,backfill
006WR00000wkABSYA2,Somervell Apartments,Franchise_Type__c,(null),In-Franchise,franchise_mapping.json (Monday-derived),2026-04-24T13:49:49,backfill
006WR00000wkABTYA2,Glen Rose Apartments,Franchise_Type__c,(null),In-Franchise,franchise_mapping.json (Monday-derived),2026-04-24T13:49:49,backfill
006WR00000wkABUYA2,Emerald RV,Franchise_Type__c,(null),In-Franchise,franchise_mapping.json (Monday-derived),2026-04-24T13:49:49,backfill
006WR00000wkABVYA2,Allen's Point Apartments,Franchise_Type__c,(null),In-Franchise,franchise_mapping.json (Monday-derived),2026-04-24T13:49:49,backfill
006WR00000wkABWYA2,Hillside Apartments,Franchise_Type__c,(null),In-Franchise,franchise_mapping.json (Monday-derived),2026-04-24T13:49:49,backfill
006WR00000wkABXYA2,Kaufman Retirement Village (fka Cedar Ridge),Franchise_Type__c,(null),In-Franchise,franchise_mapping.json (Monday-derived),2026-04-24T13:49:49,backfill
006WR00000wkABYYA2,Commonwealth I,Franchise_Type__c,(null),In-Franchise,franchise_mapping.json (Monday-derived),2026-04-24T13:49:49,backfill
006WR00000wkABZYA2,Regal Apartments,Franchise_Type__c,(null),In-Franchise,franchise_mapping.json (Monday-derived),2026-04-24T13:49:49,backfill
006WR00000wkABaYAM,Waterwood Apartments,Franchise_Type__c,(null),In-Franchise,franchise_mapping.json (Monday-derived),2026-04-24T13:49:49,backfill
006WR00000wkABbYAM,Venus Retirement Village,Franchise_Type__c,(null),In-Franchise,franchise_mapping.json (Monday-derived),2026-04-24T13:49:49,backfill
006WR00000wkABcYAM,Whitney Place Apartments,Franchise_Type__c,(null),In-Franchise,franchise_mapping.json (Monday-derived),2026-04-24T13:49:49,backfill
006WR00000wkABdYAM,Whitney Retirement Village,Franchise_Type__c,(null),In-Franchise,franchise_mapping.json (Monday-derived),2026-04-24T13:49:49,backfill
006WR00000wkABeYAM,Azlewood,Franchise_Type__c,(null),In-Franchise,franchise_mapping.json (Monday-derived),2026-04-24T13:49:49,backfill
006WR00000wkABfYAM,Ingersoll Square Phase I/II,Franchise_Type__c,(null),In-Franchise,franchise_mapping.json (Monday-derived),2026-04-24T13:49:49,backfill
006WR00000wkABgYAM,Ingersoll Square Phase III,Franchise_Type__c,(null),In-Franchise,franchise_mapping.json (Monday-derived),2026-04-24T13:49:49,backfill
006WR00000wkABhYAM,Northpointe Apartments,Franchise_Type__c,(null),In-Franchise,franchise_mapping.json (Monday-derived),2026-04-24T13:49:49,backfill
006WR00000wkABiYAM,Bexley Apartments,Franchise_Type__c,(null),In-Franchise,franchise_mapping.json (Monday-derived),2026-04-24T13:49:49,backfill
006WR00000wkABjYAM,Country Oaks Apartments,Franchise_Type__c,(null),In-Franchise,franchise_mapping.json (Monday-derived),2026-04-24T13:49:49,backfill
006WR00000wkABkYAM,Black Rock Ridge Townhomes,Franchise_Type__c,(null),In-Franchise,franchise_mapping.json (Monday-derived),2026-04-24T13:49:49,backfill
006WR00000wkABlYAM,Canyon Ranch Condos,Franchise_Type__c,(null),In-Franchise,franchise_mapping.json (Monday-derived),2026-04-24T13:49:49,backfill
006WR00000wkABmYAM,Kings Court Apartments [M street],Franchise_Type__c,(null),In-Franchise,franchise_mapping.json (Monday-derived),2026-04-24T13:49:49,backfill
006WR00000wkABnYAM,2121 Belmont,Franchise_Type__c,(null),In-Franchise,franchise_mapping.json (Monday-derived),2026-04-24T13:49:49,backfill
006WR00000wkABoYAM,Beachwalk Condos,Franchise_Type__c,(null),In-Franchise,franchise_mapping.json (Monday-derived),2026-04-24T13:49:49,backfill
006WR00000wkABpYAM,Liberty Manor,Franchise_Type__c,(null),In-Franchise,franchise_mapping.json (Monday-derived),2026-04-24T13:49:49,backfill
006WR00000wkABqYAM,The Dalton Apartments,Franchise_Type__c,(null),In-Franchise,franchise_mapping.json (Monday-derived),2026-04-24T13:49:49,backfill
006WR00000wkABrYAM,Star Estates MHP,Franchise_Type__c,(null),In-Franchise,franchise_mapping.json (Monday-derived),2026-04-24T13:49:49,backfill
006WR00000wkABsYAM,Heritage Manor,Franchise_Type__c,(null),In-Franchise,franchise_mapping.json (Monday-derived),2026-04-24T13:49:49,backfill
006WR00000wkABtYAM,Elan Alicante Apartments,Franchise_Type__c,(null),In-Franchise,franchise_mapping.json (Monday-derived),2026-04-24T13:49:49,backfill
006WR00000wkABuYAM,Park Del Mar Condos,Franchise_Type__c,(null),In-Franchise,franchise_mapping.json (Monday-derived),2026-04-24T13:49:49,backfill
006WR00000wkABvYAM,Elan Seacrest Encinitas Apartments,Franchise_Type__c,(null),In-Franchise,franchise_mapping.json (Monday-derived),2026-04-24T13:49:49,backfill
006WR00000wkABwYAM,Pleasant View MHP,Franchise_Type__c,(null),In-Franchise,franchise_mapping.json (Monday-derived),2026-04-24T13:49:49,backfill
006WR00000wkABxYAM,Liberty Landing AKA Century Park Apartments,Franchise_Type__c,(null),In-Franchise,franchise_mapping.json (Monday-derived),2026-04-24T13:49:49,backfill
006WR00000wkAByYAM,New Life RV Park,Franchise_Type__c,(null),In-Franchise,franchise_mapping.json (Monday-derived),2026-04-24T13:49:49,backfill
006WR00000wkABzYAM,KILLEEN_MDU_Lowrance HOA,Franchise_Type__c,(null),In-Franchise,franchise_mapping.json (Monday-derived),2026-04-24T13:49:49,backfill
006WR00000wkAC0YAM,Bull Run Apts,Franchise_Type__c,(null),In-Franchise,franchise_mapping.json (Monday-derived),2026-04-24T13:49:49,backfill
006WR00000wkAC1YAM,Paul Mark Apts,Franchise_Type__c,(null),In-Franchise,franchise_mapping.json (Monday-derived),2026-04-24T13:49:49,backfill
006WR00000wkAC2YAM,Palomar Estates East X,Franchise_Type__c,(null),In-Franchise,franchise_mapping.json (Monday-derived),2026-04-24T13:49:49,backfill
006WR00000wkAC3YAM,Mesa Garden Apartments,Franchise_Type__c,(null),In-Franchise,franchise_mapping.json (Monday-derived),2026-04-24T13:49:49,backfill
006WR00000wkAC4YAM,Sycamore Greens,Franchise_Type__c,(null),In-Franchise,franchise_mapping.json (Monday-derived),2026-04-24T13:49:49,backfill
006WR00000wkAC5YAM,Sycamore Ridge Apartments,Franchise_Type__c,(null),In-Franchise,franchise_mapping.json (Monday-derived),2026-04-24T13:49:49,backfill
006WR00000wkAC6YAM,Elan Shadowridge Meadows,Franchise_Type__c,(null),In-Franchise,franchise_mapping.json (Monday-derived),2026-04-24T13:49:49,backfill
006WR00000wkAC7YAM,Sofi Shadowridge,Franchise_Type__c,(null),In-Franchise,franchise_mapping.json (Monday-derived),2026-04-24T13:49:49,backfill
006WR00000wkAC8YAM,Shadow Ridge Park Apartments,Franchise_Type__c,(null),In-Franchise,franchise_mapping.json (Monday-derived),2026-04-24T13:49:49,backfill
006WR00000wkAC9YAM,Sycamore Hills Village,Franchise_Type__c,(null),In-Franchise,franchise_mapping.json (Monday-derived),2026-04-24T13:49:49,backfill
006WR00000wkACAYA2,Pepperwood Apartments,Franchise_Type__c,(null),In-Franchise,franchise_mapping.json (Monday-derived),2026-04-24T13:49:49,backfill
006WR00000wkACBYA2,Oak Manor,Franchise_Type__c,(null),In-Franchise,franchise_mapping.json (Monday-derived),2026-04-24T13:49:49,backfill
006WR00000wkACCYA2,Foothill Courtyards,Franchise_Type__c,(null),In-Franchise,franchise_mapping.json (Monday-derived),2026-04-24T13:49:49,backfill
006WR00000wkACDYA2,Mariposa Apartments [Vista,Franchise_Type__c,(null),In-Franchise,franchise_mapping.json (Monday-derived),2026-04-24T13:49:49,backfill
006WR00000wkACEYA2,Birchwood Apts,Franchise_Type__c,(null),In-Franchise,franchise_mapping.json (Monday-derived),2026-04-24T13:49:49,backfill
006WR00000wkACFYA2,Blondo Plaza Apartments,Franchise_Type__c,(null),In-Franchise,franchise_mapping.json (Monday-derived),2026-04-24T13:49:49,backfill
006WR00000wkACGYA2,Bella Vita,Franchise_Type__c,(null),In-Franchise,franchise_mapping.json (Monday-derived),2026-04-24T13:49:49,backfill
006WR00000wkACHYA2,Maryland Lakes,Franchise_Type__c,(null),In-Franchise,franchise_mapping.json (Monday-derived),2026-04-24T13:49:49,backfill
006WR00000wkACIYA2,"Sun City, Georgetown, TX",Franchise_Type__c,(null),In-Franchise,franchise_mapping.json (Monday-derived),2026-04-24T13:49:49,backfill
006WR00000wkACJYA2,Aventura,Franchise_Type__c,(null),In-Franchise,franchise_mapping.json (Monday-derived),2026-04-24T13:49:49,backfill
006WR00000wkACKYA2,Cactas Flats,Franchise_Type__c,(null),In-Franchise,franchise_mapping.json (Monday-derived),2026-04-24T13:49:49,backfill
006WR00000wkACLYA2,Camelview Greens,Franchise_Type__c,(null),In-Franchise,franchise_mapping.json (Monday-derived),2026-04-24T13:49:49,backfill
006WR00000wkACMYA2,Casa Granada,Franchise_Type__c,(null),In-Franchise,franchise_mapping.json (Monday-derived),2026-04-24T13:49:49,backfill
006WR00000wkACNYA2,Concorde Condominiums,Franchise_Type__c,(null),In-Franchise,franchise_mapping.json (Monday-derived),2026-04-24T13:49:49,backfill
006WR00000wkACOYA2,Discovery at Tatum II,Franchise_Type__c,(null),In-Franchise,franchise_mapping.json (Monday-derived),2026-04-24T13:49:49,backfill
006WR00000wkACPYA2,Dream Creek,Franchise_Type__c,(null),In-Franchise,franchise_mapping.json (Monday-derived),2026-04-24T13:49:49,backfill
006WR00000wkACQYA2,Lakeshores at Anderson Springs,Franchise_Type__c,(null),In-Franchise,franchise_mapping.json (Monday-derived),2026-04-24T13:49:49,backfill
006WR00000wkACRYA2,Larronata Condominiums,Franchise_Type__c,(null),In-Franchise,franchise_mapping.json (Monday-derived),2026-04-24T13:49:49,backfill
006WR00000wkACSYA2,Las Hadas Villas,Franchise_Type__c,(null),In-Franchise,franchise_mapping.json (Monday-derived),2026-04-24T13:49:49,backfill
006WR00000wkACTYA2,Mira Vista,Franchise_Type__c,(null),In-Franchise,franchise_mapping.json (Monday-derived),2026-04-24T13:49:49,backfill
006WR00000wkACUYA2,Mistwood Condominium,Franchise_Type__c,(null),In-Franchise,franchise_mapping.json (Monday-derived),2026-04-24T13:49:49,backfill
006WR00000wkACVYA2,Paradise Park II,Franchise_Type__c,(null),In-Franchise,franchise_mapping.json (Monday-derived),2026-04-24T13:49:49,backfill
006WR00000wkACWYA2,Providence on Central,Franchise_Type__c,(null),In-Franchise,franchise_mapping.json (Monday-derived),2026-04-24T13:49:49,backfill
006WR00000wkACXYA2,Scottsdale Bay Club,Franchise_Type__c,(null),In-Franchise,franchise_mapping.json (Monday-derived),2026-04-24T13:49:49,backfill
006WR00000wkACYYA2,The Townes at PV Landing Condo (The Vistas),Franchise_Type__c,(null),In-Franchise,franchise_mapping.json (Monday-derived),2026-04-24T13:49:49,backfill
006WR00000wkACZYA2,The Village at Stone Creek Condominiums,Franchise_Type__c,(null),In-Franchise,franchise_mapping.json (Monday-derived),2026-04-24T13:49:49,backfill
006WR00000wkACaYAM,Village at Gilbert Warner,Franchise_Type__c,(null),In-Franchise,franchise_mapping.json (Monday-derived),2026-04-24T13:49:49,backfill
006WR00000wkACbYAM,Walden Condo,Franchise_Type__c,(null),In-Franchise,franchise_mapping.json (Monday-derived),2026-04-24T13:49:49,backfill
006WR00000wkACcYAM,Larkspur Apartments,Franchise_Type__c,(null),In-Franchise,franchise_mapping.json (Monday-derived),2026-04-24T13:49:49,backfill
006WR00000wkACdYAM,Carroll at Rivery Ranch,Franchise_Type__c,(null),In-Franchise,franchise_mapping.json (Monday-derived),2026-04-24T13:49:49,backfill
006WR00000wkACeYAM,Caroline at Georgtown,Franchise_Type__c,(null),In-Franchise,franchise_mapping.json (Monday-derived),2026-04-24T13:49:49,backfill
006WR00000wkACfYAM,Bexley Wolf Ranch,Franchise_Type__c,(null),In-Franchise,franchise_mapping.json (Monday-derived),2026-04-24T13:49:49,backfill
006WR00000wkAUPYA2,Lara Lea,Franchise_Type__c,(null),In-Franchise,franchise_mapping.json (Monday-derived),2026-04-24T13:49:49,backfill
006WR00000wkAUQYA2,Blue Heron Estates,Franchise_Type__c,(null),In-Franchise,franchise_mapping.json (Monday-derived),2026-04-24T13:49:49,backfill
006WR00000wkAURYA2,Chinook Winds,Franchise_Type__c,(null),In-Franchise,franchise_mapping.json (Monday-derived),2026-04-24T13:49:49,backfill
006WR00000wkAUSYA2,Rincon Country,Franchise_Type__c,(null),In-Franchise,franchise_mapping.json (Monday-derived),2026-04-24T13:49:49,backfill
006WR00000wkAUTYA2,Canterbury Apartments,Franchise_Type__c,(null),In-Franchise,franchise_mapping.json (Monday-derived),2026-04-24T13:49:49,backfill
006WR00000wkAUUYA2,Arborwood,Franchise_Type__c,(null),In-Franchise,franchise_mapping.json (Monday-derived),2026-04-24T13:49:49,backfill
006WR00000wkAUVYA2,Slo-Hi Flats,Franchise_Type__c,(null),In-Franchise,franchise_mapping.json (Monday-derived),2026-04-24T13:49:49,backfill
006WR00000wkAUWYA2,Ridgewood MHP,Franchise_Type__c,(null),In-Franchise,franchise_mapping.json (Monday-derived),2026-04-24T13:49:49,backfill
006WR00000wkAUXYA2,Lake Powell,Franchise_Type__c,(null),In-Franchise,franchise_mapping.json (Monday-derived),2026-04-24T13:49:49,backfill
006WR00000wkAUYYA2,Westside Mobile,Franchise_Type__c,(null),In-Franchise,franchise_mapping.json (Monday-derived),2026-04-24T13:49:49,backfill
006WR00000wkAUZYA2,Edge Point Apartments,Franchise_Type__c,(null),In-Franchise,franchise_mapping.json (Monday-derived),2026-04-24T13:49:49,backfill
006WR00000wkAUaYAM,Shangri La,Franchise_Type__c,(null),In-Franchise,franchise_mapping.json (Monday-derived),2026-04-24T13:49:49,backfill
006WR00000wkAUbYAM,Shiloh Townhomes,Franchise_Type__c,(null),In-Franchise,franchise_mapping.json (Monday-derived),2026-04-24T13:49:49,backfill
006WR00000wkAUcYAM,Oasis at Magic Ranch Homeowners Association,Franchise_Type__c,(null),In-Franchise,franchise_mapping.json (Monday-derived),2026-04-24T13:49:49,backfill
006WR00000wkAUdYAM,Lumien Apartments,Franchise_Type__c,(null),In-Franchise,franchise_mapping.json (Monday-derived),2026-04-24T13:49:49,backfill
006WR00000wkAUeYAM,Greenway Flats,Franchise_Type__c,(null),In-Franchise,franchise_mapping.json (Monday-derived),2026-04-24T13:49:49,backfill
006WR00000wkAUfYAM,Orchard Grove,Franchise_Type__c,(null),In-Franchise,franchise_mapping.json (Monday-derived),2026-04-24T13:49:49,backfill
006WR00000wkAUgYAM,Trilogy at Power Ranch,Franchise_Type__c,(null),In-Franchise,franchise_mapping.json (Monday-derived),2026-04-24T13:49:49,backfill
006WR00000wkAUhYAM,Falls at Legend Trail,Franchise_Type__c,(null),In-Franchise,franchise_mapping.json (Monday-derived),2026-04-24T13:49:49,backfill
006WR00000wkAUiYAM,Warren Village,Franchise_Type__c,(null),In-Franchise,franchise_mapping.json (Monday-derived),2026-04-24T13:49:49,backfill
006WR00000wkAUjYAM,The Apartments at University Station,Franchise_Type__c,(null),In-Franchise,franchise_mapping.json (Monday-derived),2026-04-24T13:49:49,backfill
006WR00000wkAUkYAM,North County Village,Franchise_Type__c,(null),In-Franchise,franchise_mapping.json (Monday-derived),2026-04-24T13:49:49,backfill
006WR00000wkAUlYAM,Fronterra Village,Franchise_Type__c,(null),In-Franchise,franchise_mapping.json (Monday-derived),2026-04-24T13:49:49,backfill
006WR00000wkAUmYAM,PCP-Mile High MHP,Franchise_Type__c,(null),In-Franchise,franchise_mapping.json (Monday-derived),2026-04-24T13:49:49,backfill
006WR00000wkAUnYAM,Aviana at Tuscany,Franchise_Type__c,(null),In-Franchise,franchise_mapping.json (Monday-derived),2026-04-24T13:49:49,backfill
006WR00000wkAUoYAM,"Anthem Country Club Community Association, Inc",Franchise_Type__c,(null),In-Franchise,franchise_mapping.json (Monday-derived),2026-04-24T13:49:49,backfill
006WR00000wkAUpYAM,The Apartments at Yale Station,Franchise_Type__c,(null),In-Franchise,franchise_mapping.json (Monday-derived),2026-04-24T13:49:49,backfill
006WR00000wkAUqYAM,Clyburn At Stapleton,Franchise_Type__c,(null),In-Franchise,franchise_mapping.json (Monday-derived),2026-04-24T13:49:49,backfill
006WR00000wkAUrYAM,Del Norte Accessible Apts,Franchise_Type__c,(null),In-Franchise,franchise_mapping.json (Monday-derived),2026-04-24T13:49:49,backfill
006WR00000wkAUsYAM,Lodge at Black Forest,Franchise_Type__c,(null),In-Franchise,franchise_mapping.json (Monday-derived),2026-04-24T13:49:49,backfill
006WR00000wkAUtYAM,Mercury on Mill ABACUS,Franchise_Type__c,(null),In-Franchise,franchise_mapping.json (Monday-derived),2026-04-24T13:49:49,backfill
006WR00000wkAUuYAM,Sun Villa,Franchise_Type__c,(null),In-Franchise,franchise_mapping.json (Monday-derived),2026-04-24T13:49:49,backfill
006WR00000wkAUvYAM,Garden Court at Yale Station,Franchise_Type__c,(null),In-Franchise,franchise_mapping.json (Monday-derived),2026-04-24T13:49:49,backfill
006WR00000wkAUwYAM,Ashewood,Franchise_Type__c,(null),In-Franchise,franchise_mapping.json (Monday-derived),2026-04-24T13:49:49,backfill
006WR00000wkAUxYAM,Murdock Apts,Franchise_Type__c,(null),In-Franchise,franchise_mapping.json (Monday-derived),2026-04-24T13:49:49,backfill
006WR00000wkAUyYAM,Mountain Vista,Franchise_Type__c,(null),In-Franchise,franchise_mapping.json (Monday-derived),2026-04-24T13:49:49,backfill
006WR00000wkAUzYAM,Chaparral 1,Franchise_Type__c,(null),In-Franchise,franchise_mapping.json (Monday-derived),2026-04-24T13:49:49,backfill
006WR00000wkAV0YAM,The Foundry,Franchise_Type__c,(null),In-Franchise,franchise_mapping.json (Monday-derived),2026-04-24T13:49:49,backfill
006WR00000wkAV1YAM,Dakota Station I Condominiums,Franchise_Type__c,(null),In-Franchise,franchise_mapping.json (Monday-derived),2026-04-24T13:49:49,backfill
006WR00000wkAV2YAM,Carson Highlands,Franchise_Type__c,(null),In-Franchise,franchise_mapping.json (Monday-derived),2026-04-24T13:49:49,backfill
006WR00000wkAV3YAM,Chaparral Ranch,Franchise_Type__c,(null),In-Franchise,franchise_mapping.json (Monday-derived),2026-04-24T13:49:49,backfill
006WR00000wkAV4YAM,Willow Street Residences,Franchise_Type__c,(null),In-Franchise,franchise_mapping.json (Monday-derived),2026-04-24T13:49:49,backfill
006WR00000wkAV5YAM,Gun Club Green,Franchise_Type__c,(null),In-Franchise,franchise_mapping.json (Monday-derived),2026-04-24T13:49:49,backfill
006WR00000wkAV6YAM,Greenspot Village,Franchise_Type__c,(null),In-Franchise,franchise_mapping.json (Monday-derived),2026-04-24T13:49:49,backfill
006WR00000wkAV7YAM,Northfield,Franchise_Type__c,(null),In-Franchise,franchise_mapping.json (Monday-derived),2026-04-24T13:49:49,backfill
006WR00000wkAV8YAM,Welby Hill,Franchise_Type__c,(null),In-Franchise,franchise_mapping.json (Monday-derived),2026-04-24T13:49:49,backfill
006WR00000wkAV9YAM,Haigan-Canino Terrace,Franchise_Type__c,(null),In-Franchise,franchise_mapping.json (Monday-derived),2026-04-24T13:49:49,backfill
006WR00000wkAVAYA2,Copper Kettle/Paradise Valley Ranch,Franchise_Type__c,(null),In-Franchise,franchise_mapping.json (Monday-derived),2026-04-24T13:49:49,backfill
006WR00000wkAVBYA2,LincolnPointe Lofts II,Franchise_Type__c,(null),In-Franchise,franchise_mapping.json (Monday-derived),2026-04-24T13:49:49,backfill
006WR00000wkAVCYA2,Cypress Gardens,Franchise_Type__c,(null),In-Franchise,franchise_mapping.json (Monday-derived),2026-04-24T13:49:49,backfill
006WR00000wkAVDYA2,Grosvenor Arms,Franchise_Type__c,(null),In-Franchise,franchise_mapping.json (Monday-derived),2026-04-24T13:49:49,backfill
006WR00000wkAVEYA2,Villa Carmel,Franchise_Type__c,(null),In-Franchise,franchise_mapping.json (Monday-derived),2026-04-24T13:49:49,backfill
006WR00000wkAVFYA2,Niblock-Yavovette Terrace,Franchise_Type__c,(null),In-Franchise,franchise_mapping.json (Monday-derived),2026-04-24T13:49:49,backfill
006WR00000wkAVGYA2,Ridgeview Eagle Bend,Franchise_Type__c,(null),In-Franchise,franchise_mapping.json (Monday-derived),2026-04-24T13:49:49,backfill
006WR00000wkAVHYA2,Santiago Estates,Franchise_Type__c,(null),In-Franchise,franchise_mapping.json (Monday-derived),2026-04-24T13:49:49,backfill
006WR00000wkAVIYA2,Aspen Leaf,Franchise_Type__c,(null),In-Franchise,franchise_mapping.json (Monday-derived),2026-04-24T13:49:49,backfill
006WR00000wkAVJYA2,Castle Pines North,Franchise_Type__c,(null),In-Franchise,franchise_mapping.json (Monday-derived),2026-04-24T13:49:49,backfill
006WR00000wkAVKYA2,Caraway,Franchise_Type__c,(null),In-Franchise,franchise_mapping.json (Monday-derived),2026-04-24T13:49:49,backfill
006WR00000wkAVLYA2,Sunrise Gardens,Franchise_Type__c,(null),In-Franchise,franchise_mapping.json (Monday-derived),2026-04-24T13:49:49,backfill
006WR00000wkAVMYA2,Timber Ridge,Franchise_Type__c,(null),In-Franchise,franchise_mapping.json (Monday-derived),2026-04-24T13:49:49,backfill
006WR00000wkAVNYA2,Wheat Ridge Town Center,Franchise_Type__c,(null),In-Franchise,franchise_mapping.json (Monday-derived),2026-04-24T13:49:49,backfill
006WR00000wkAVOYA2,Emerson Street Apts,Franchise_Type__c,(null),In-Franchise,franchise_mapping.json (Monday-derived),2026-04-24T13:49:49,backfill
006WR00000wkAVPYA2,Benedict Park Place,Franchise_Type__c,(null),In-Franchise,franchise_mapping.json (Monday-derived),2026-04-24T13:49:49,backfill
006WR00000wkAVQYA2,Sunrise Estates,Franchise_Type__c,(null),In-Franchise,franchise_mapping.json (Monday-derived),2026-04-24T13:49:49,backfill
006WR00000wkAVRYA2,Silva-Markham Partners,Franchise_Type__c,(null),In-Franchise,franchise_mapping.json (Monday-derived),2026-04-24T13:49:49,backfill
006WR00000wkAVSYA2,Silverado,Franchise_Type__c,(null),In-Franchise,franchise_mapping.json (Monday-derived),2026-04-24T13:49:49,backfill
006WR00000wkAVTYA2,Gateway at 2534,Franchise_Type__c,(null),In-Franchise,franchise_mapping.json (Monday-derived),2026-04-24T13:49:49,backfill
006WR00000wkAVUYA2,Palm Grove,Franchise_Type__c,(null),In-Franchise,franchise_mapping.json (Monday-derived),2026-04-24T13:49:49,backfill
006WR00000wkAVVYA2,El Adobe Estates,Franchise_Type__c,(null),In-Franchise,franchise_mapping.json (Monday-derived),2026-04-24T13:49:49,backfill
006WR00000wkAVWYA2,The Promenade at Lowry,Franchise_Type__c,(null),In-Franchise,franchise_mapping.json (Monday-derived),2026-04-24T13:49:49,backfill
006WR00000wkAVXYA2,The Boulders,Franchise_Type__c,(null),In-Franchise,franchise_mapping.json (Monday-derived),2026-04-24T13:49:49,backfill
006WR00000wkAVYYA2,French Quarter,Franchise_Type__c,(null),In-Franchise,franchise_mapping.json (Monday-derived),2026-04-24T13:49:49,backfill
006WR00000wkAVZYA2,Atlantis Envolve,Franchise_Type__c,(null),In-Franchise,franchise_mapping.json (Monday-derived),2026-04-24T13:49:49,backfill
006WR00000wkAVaYAM,Trail Ridge at Woodland Park,Franchise_Type__c,(null),In-Franchise,franchise_mapping.json (Monday-derived),2026-04-24T13:49:49,backfill
006WR00000wkAVbYAM,Alpenglow Village,Franchise_Type__c,(null),In-Franchise,franchise_mapping.json (Monday-derived),2026-04-24T13:49:49,backfill
006WR00000wkAVcYAM,Moline At Stapleton,Franchise_Type__c,(null),In-Franchise,franchise_mapping.json (Monday-derived),2026-04-24T13:49:49,backfill
006WR00000wkAVdYAM,Stonehedge Place Apartments,Franchise_Type__c,(null),In-Franchise,franchise_mapping.json (Monday-derived),2026-04-24T13:49:49,backfill
006WR00000wkAVeYAM,Bella Vista MHC,Franchise_Type__c,(null),In-Franchise,franchise_mapping.json (Monday-derived),2026-04-24T13:49:49,backfill
006WR00000wkAVfYAM,Regal Apts,Franchise_Type__c,(null),In-Franchise,franchise_mapping.json (Monday-derived),2026-04-24T13:49:49,backfill
006WR00000wkAVgYAM,HAWC Apartments,Franchise_Type__c,(null),In-Franchise,franchise_mapping.json (Monday-derived),2026-04-24T13:49:49,backfill
006WR00000wkAVhYAM,Dave's Place,Franchise_Type__c,(null),In-Franchise,franchise_mapping.json (Monday-derived),2026-04-24T13:49:49,backfill
006WR00000wkAViYAM,Strada I & II - UP,Franchise_Type__c,(null),In-Franchise,franchise_mapping.json (Monday-derived),2026-04-24T13:49:49,backfill
006WR00000wkAVjYAM,Hillsborough,Franchise_Type__c,(null),In-Franchise,franchise_mapping.json (Monday-derived),2026-04-24T13:49:49,backfill
006WR00000wkAVkYAM,Court Avenue Lofts,Franchise_Type__c,(null),In-Franchise,franchise_mapping.json (Monday-derived),2026-04-24T13:49:49,backfill
006WR00000wkAVlYAM,Kings Kourt Apartrments,Franchise_Type__c,(null),In-Franchise,franchise_mapping.json (Monday-derived),2026-04-24T13:49:49,backfill
006WR00000wkAVmYAM,Pinnacle Apartments,Franchise_Type__c,(null),In-Franchise,franchise_mapping.json (Monday-derived),2026-04-24T13:49:49,backfill
006WR00000wkAVnYAM,Waterside Cove,Franchise_Type__c,(null),In-Franchise,franchise_mapping.json (Monday-derived),2026-04-24T13:49:49,backfill
006WR00000wkAVoYAM,Tides at East Glendale - UP,Franchise_Type__c,(null),In-Franchise,franchise_mapping.json (Monday-derived),2026-04-24T13:49:49,backfill
006WR00000wkAVpYAM,Willowbrook,Franchise_Type__c,(null),In-Franchise,franchise_mapping.json (Monday-derived),2026-04-24T13:49:49,backfill
006WR00000wkAVqYAM,Melbourne,Franchise_Type__c,(null),In-Franchise,franchise_mapping.json (Monday-derived),2026-04-24T13:49:49,backfill
006WR00000wkAVrYAM,Wyngate Townhomes,Franchise_Type__c,(null),In-Franchise,franchise_mapping.json (Monday-derived),2026-04-24T13:49:49,backfill
006WR00000wkAVsYAM,Platinum Point Townhomes,Franchise_Type__c,(null),In-Franchise,franchise_mapping.json (Monday-derived),2026-04-24T13:49:49,backfill
006WR00000wkAVtYAM,The Becksted,Franchise_Type__c,(null),In-Franchise,franchise_mapping.json (Monday-derived),2026-04-24T13:49:49,backfill
006WR00000wkAVuYAM,Riverwood Apartments,Franchise_Type__c,(null),In-Franchise,franchise_mapping.json (Monday-derived),2026-04-24T13:49:49,backfill
006WR00000wkAVvYAM,Avondale Trace,Franchise_Type__c,(null),In-Franchise,franchise_mapping.json (Monday-derived),2026-04-24T13:49:49,backfill
006WR00000wkAVwYAM,Oakdale of West Saint Paul,Franchise_Type__c,(null),In-Franchise,franchise_mapping.json (Monday-derived),2026-04-24T13:49:49,backfill
006WR00000wkAVxYAM,River Tower Apartments,Franchise_Type__c,(null),In-Franchise,franchise_mapping.json (Monday-derived),2026-04-24T13:49:49,backfill
006WR00000wkAVyYAM,Pembrooke Apartments,Franchise_Type__c,(null),In-Franchise,franchise_mapping.json (Monday-derived),2026-04-24T13:49:49,backfill
006WR00000wkAVzYAM,Adam Ridge,Franchise_Type__c,(null),In-Franchise,franchise_mapping.json (Monday-derived),2026-04-24T13:49:49,backfill
006WR00000wkAW0YAM,Joseph's Pointe at Upper Landing,Franchise_Type__c,(null),In-Franchise,franchise_mapping.json (Monday-derived),2026-04-24T13:49:49,backfill
006WR00000wkAW1YAM,Maple Pointe Apartments,Franchise_Type__c,(null),In-Franchise,franchise_mapping.json (Monday-derived),2026-04-24T13:49:49,backfill
006WR00000wkAW2YAM,RiverEast,Franchise_Type__c,(null),In-Franchise,franchise_mapping.json (Monday-derived),2026-04-24T13:49:49,backfill
006WR00000wkAW3YAM,Diamond Fork Apartments,Franchise_Type__c,(null),In-Franchise,franchise_mapping.json (Monday-derived),2026-04-24T13:49:49,backfill
006WR00000wkAW4YAM,Horizon Place Apartments,Franchise_Type__c,(null),In-Franchise,franchise_mapping.json (Monday-derived),2026-04-24T13:49:49,backfill
006WR00000wkAivYAE,Woodburn Senior Estates Mobile Home Community,Franchise_Type__c,(null),In-Franchise,franchise_mapping.json (Monday-derived),2026-04-24T13:49:49,backfill
006WR00000wkAiwYAE,Apple Acres,Franchise_Type__c,(null),In-Franchise,franchise_mapping.json (Monday-derived),2026-04-24T13:49:49,backfill
006WR00000wkAixYAE,Bonneville Gardens,Franchise_Type__c,(null),In-Franchise,franchise_mapping.json (Monday-derived),2026-04-24T13:49:49,backfill
006WR00000wkAiyYAE,Cambridge (Mobile Home Park),Franchise_Type__c,(null),In-Franchise,franchise_mapping.json (Monday-derived),2026-04-24T13:49:49,backfill
006WR00000wkAizYAE,Cinnamon Ridge,Franchise_Type__c,(null),In-Franchise,franchise_mapping.json (Monday-derived),2026-04-24T13:49:49,backfill
006WR00000wkAj0YAE,Cottonwood Coves MHC,Franchise_Type__c,(null),In-Franchise,franchise_mapping.json (Monday-derived),2026-04-24T13:49:49,backfill
006WR00000wkAj1YAE,IPG Capital Green Acres,Franchise_Type__c,(null),In-Franchise,franchise_mapping.json (Monday-derived),2026-04-24T13:49:49,backfill
006WR00000wkAj2YAE,Palatial Living,Franchise_Type__c,(null),In-Franchise,franchise_mapping.json (Monday-derived),2026-04-24T13:49:49,backfill
006WR00000wkAj3YAE,Ridgewood Estates,Franchise_Type__c,(null),In-Franchise,franchise_mapping.json (Monday-derived),2026-04-24T13:49:49,backfill
006WR00000wkAj4YAE,Windemere Meadows,Franchise_Type__c,(null),In-Franchise,franchise_mapping.json (Monday-derived),2026-04-24T13:49:49,backfill
006WR00000wkAj5YAE,Wood Haven,Franchise_Type__c,(null),In-Franchise,franchise_mapping.json (Monday-derived),2026-04-24T13:49:49,backfill
006WR00000wkAj6YAE,Alpine Mobile Estates,Franchise_Type__c,(null),In-Franchise,franchise_mapping.json (Monday-derived),2026-04-24T13:49:49,backfill
006WR00000wkAj7YAE,Brookhallow RV,Franchise_Type__c,(null),In-Franchise,franchise_mapping.json (Monday-derived),2026-04-24T13:49:49,backfill
006WR00000wkAj8YAE,Brookhollow MHP,Franchise_Type__c,(null),In-Franchise,franchise_mapping.json (Monday-derived),2026-04-24T13:49:49,backfill
006WR00000wkAj9YAE,Country Manor Mobile Village,Franchise_Type__c,(null),In-Franchise,franchise_mapping.json (Monday-derived),2026-04-24T13:49:49,backfill
006WR00000wkAjAYAU,Duvall Highlands,Franchise_Type__c,(null),In-Franchise,franchise_mapping.json (Monday-derived),2026-04-24T13:49:49,backfill
006WR00000wkAjBYAU,Majestic Mobile Manor(64) and RV Park(88),Franchise_Type__c,(null),In-Franchise,franchise_mapping.json (Monday-derived),2026-04-24T13:49:49,backfill
006WR00000wkAjCYAU,Portage Green,Franchise_Type__c,(null),In-Franchise,franchise_mapping.json (Monday-derived),2026-04-24T13:49:49,backfill
006WR00000wkAjDYAU,Skylark Village Estates II,Franchise_Type__c,(null),In-Franchise,franchise_mapping.json (Monday-derived),2026-04-24T13:49:49,backfill
006WR00000wkAjEYAU,Edwards Mobile Home Park,Franchise_Type__c,(null),In-Franchise,franchise_mapping.json (Monday-derived),2026-04-24T13:49:49,backfill
006WR00000wkAjFYAU,Bel Bo Mobile Home Park,Franchise_Type__c,(null),In-Franchise,franchise_mapping.json (Monday-derived),2026-04-24T13:49:49,backfill
006WR00000wkAjGYAU,Hilltop Mobile Home Park,Franchise_Type__c,(null),In-Franchise,franchise_mapping.json (Monday-derived),2026-04-24T13:49:49,backfill
006WR00000wkAjHYAU,Parktown Mobile Home Park,Franchise_Type__c,(null),In-Franchise,franchise_mapping.json (Monday-derived),2026-04-24T13:49:49,backfill
006WR00000wkAjIYAU,Ridge Village Mobile Home Park,Franchise_Type__c,(null),In-Franchise,franchise_mapping.json (Monday-derived),2026-04-24T13:49:49,backfill
006WR00000wkAjJYAU,Specialville Estates,Franchise_Type__c,(null),In-Franchise,franchise_mapping.json (Monday-derived),2026-04-24T13:49:49,backfill
006WR00000wkAjKYAU,Meadowbrook Mobile Home Park,Franchise_Type__c,(null),In-Franchise,franchise_mapping.json (Monday-derived),2026-04-24T13:49:49,backfill
006WR00000wkAjLYAU,Apache Manor,Franchise_Type__c,(null),In-Franchise,franchise_mapping.json (Monday-derived),2026-04-24T13:49:49,backfill
006WR00000wkAjMYAU,Blueridge,Franchise_Type__c,(null),In-Franchise,franchise_mapping.json (Monday-derived),2026-04-24T13:49:49,backfill
006WR00000wkAjNYAU,Colonial Village,Franchise_Type__c,(null),In-Franchise,franchise_mapping.json (Monday-derived),2026-04-24T13:49:49,backfill
006WR00000wkAjOYAU,Haden Park Mobile Homes,Franchise_Type__c,(null),In-Franchise,franchise_mapping.json (Monday-derived),2026-04-24T13:49:49,backfill
006WR00000wkAjPYAU,J&L Mobile Home Park,Franchise_Type__c,(null),In-Franchise,franchise_mapping.json (Monday-derived),2026-04-24T13:49:49,backfill
006WR00000wkAjQYAU,Northridge,Franchise_Type__c,(null),In-Franchise,franchise_mapping.json (Monday-derived),2026-04-24T13:49:49,backfill
006WR00000wkAjRYAU,Oakridge Mobile Home Park,Franchise_Type__c,(null),In-Franchise,franchise_mapping.json (Monday-derived),2026-04-24T13:49:49,backfill
006WR00000wkAjSYAU,Rustic Meadows,Franchise_Type__c,(null),In-Franchise,franchise_mapping.json (Monday-derived),2026-04-24T13:49:49,backfill
006WR00000wkAjTYAU,Whitton Heights,Franchise_Type__c,(null),In-Franchise,franchise_mapping.json (Monday-derived),2026-04-24T13:49:49,backfill
006WR00000wkAjUYAU,98 Mobile Home Park,Franchise_Type__c,(null),In-Franchise,franchise_mapping.json (Monday-derived),2026-04-24T13:49:49,backfill
006WR00000wkAjVYAU,Aurora Acres,Franchise_Type__c,(null),In-Franchise,franchise_mapping.json (Monday-derived),2026-04-24T13:49:49,backfill
006WR00000wkAjWYAU,Avon Park Village,Franchise_Type__c,(null),In-Franchise,franchise_mapping.json (Monday-derived),2026-04-24T13:49:49,backfill
006WR00000wkAjXYAU,Big Oaks River Resort,Franchise_Type__c,(null),In-Franchise,franchise_mapping.json (Monday-derived),2026-04-24T13:49:49,backfill
006WR00000wkAjYYAU,Cedar Circle,Franchise_Type__c,(null),In-Franchise,franchise_mapping.json (Monday-derived),2026-04-24T13:49:49,backfill
006WR00000wkAjZYAU,Coach Light Villa,Franchise_Type__c,(null),In-Franchise,franchise_mapping.json (Monday-derived),2026-04-24T13:49:49,backfill
006WR00000wkAjaYAE,Fontana Cove Mobile Home Park,Franchise_Type__c,(null),In-Franchise,franchise_mapping.json (Monday-derived),2026-04-24T13:49:49,backfill
006WR00000wkAjbYAE,Friendly Mobile Home Park,Franchise_Type__c,(null),In-Franchise,franchise_mapping.json (Monday-derived),2026-04-24T13:49:49,backfill
006WR00000wkAjcYAE,Holiday Haven Mobile Home Park,Franchise_Type__c,(null),In-Franchise,franchise_mapping.json (Monday-derived),2026-04-24T13:49:49,backfill
006WR00000wkAjdYAE,Lake Bonnet Estates,Franchise_Type__c,(null),In-Franchise,franchise_mapping.json (Monday-derived),2026-04-24T13:49:49,backfill
006WR00000wkAjeYAE,Shadow Ridge Apartments,Franchise_Type__c,(null),In-Franchise,franchise_mapping.json (Monday-derived),2026-04-24T13:49:49,backfill
006WR00000wkAjfYAE,Summit By The Lake,Franchise_Type__c,(null),In-Franchise,franchise_mapping.json (Monday-derived),2026-04-24T13:49:49,backfill
006WR00000wkAjgYAE,Lakeside Gardens,Franchise_Type__c,(null),In-Franchise,franchise_mapping.json (Monday-derived),2026-04-24T13:49:49,backfill
006WR00000wkAjhYAE,Lloyd's Mobile Home Park,Franchise_Type__c,(null),In-Franchise,franchise_mapping.json (Monday-derived),2026-04-24T13:49:49,backfill
006WR00000wkAjiYAE,Marietta Mobile Court,Franchise_Type__c,(null),In-Franchise,franchise_mapping.json (Monday-derived),2026-04-24T13:49:49,backfill
006WR00000wkAjjYAE,Oak Shores,Franchise_Type__c,(null),In-Franchise,franchise_mapping.json (Monday-derived),2026-04-24T13:49:49,backfill
006WR00000wkAjkYAE,Sunshine RV Resort MH / RV (3),Franchise_Type__c,(null),In-Franchise,franchise_mapping.json (Monday-derived),2026-04-24T13:49:49,backfill
006WR00000wkAjlYAE,Titusville Estates Mobile Home Community,Franchise_Type__c,(null),In-Franchise,franchise_mapping.json (Monday-derived),2026-04-24T13:49:49,backfill
006WR00000wkAjmYAE,Countryview Jonesboro,Franchise_Type__c,(null),In-Franchise,franchise_mapping.json (Monday-derived),2026-04-24T13:49:49,backfill
006WR00000wkAjnYAE,First Point,Franchise_Type__c,(null),In-Franchise,franchise_mapping.json (Monday-derived),2026-04-24T13:49:49,backfill
006WR00000wkAjoYAE,Cape Woods Resorts,Franchise_Type__c,(null),In-Franchise,franchise_mapping.json (Monday-derived),2026-04-24T13:49:49,backfill
006WR00000wkAjpYAE,Ernie's Mobile Home Park,Franchise_Type__c,(null),In-Franchise,franchise_mapping.json (Monday-derived),2026-04-24T13:49:49,backfill
006WR00000wkAjqYAE,Riverside Mobile Estates,Franchise_Type__c,(null),In-Franchise,franchise_mapping.json (Monday-derived),2026-04-24T13:49:49,backfill
006WR00000wkAjrYAE,Green Acres Mobile Home Park,Franchise_Type__c,(null),In-Franchise,franchise_mapping.json (Monday-derived),2026-04-24T13:49:49,backfill
006WR00000wkAjsYAE,Pleasant Acres Mobile Home Park,Franchise_Type__c,(null),In-Franchise,franchise_mapping.json (Monday-derived),2026-04-24T13:49:49,backfill
006WR00000wkAjtYAE,Camino Colony,Franchise_Type__c,(null),In-Franchise,franchise_mapping.json (Monday-derived),2026-04-24T13:49:49,backfill
006WR00000wkAjuYAE,Country Villas,Franchise_Type__c,(null),In-Franchise,franchise_mapping.json (Monday-derived),2026-04-24T13:49:49,backfill
006WR00000wkAjvYAE,The Villages of Monterey,Franchise_Type__c,(null),In-Franchise,franchise_mapping.json (Monday-derived),2026-04-24T13:49:49,backfill
006WR00000wkAjwYAE,Presidio at Rancho Del Oro,Franchise_Type__c,(null),In-Franchise,franchise_mapping.json (Monday-derived),2026-04-24T13:49:49,backfill
006WR00000wkAjxYAE,Mission Hills,Franchise_Type__c,(null),In-Franchise,franchise_mapping.json (Monday-derived),2026-04-24T13:49:49,backfill
006WR00000wkAjyYAE,Valley View,Franchise_Type__c,(null),In-Franchise,franchise_mapping.json (Monday-derived),2026-04-24T13:49:49,backfill
006WR00000wkAjzYAE,Ocean Breeze Senior Village,Franchise_Type__c,(null),In-Franchise,franchise_mapping.json (Monday-derived),2026-04-24T13:49:49,backfill
006WR00000wkAk0YAE,Windsor Aviara,Franchise_Type__c,(null),In-Franchise,franchise_mapping.json (Monday-derived),2026-04-24T13:49:49,backfill
006WR00000wkAk1YAE,The Bluffs at Carlsbad,Franchise_Type__c,(null),In-Franchise,franchise_mapping.json (Monday-derived),2026-04-24T13:49:49,backfill
006WR00000wkAk2YAE,Carlsbad Station,Franchise_Type__c,(null),In-Franchise,franchise_mapping.json (Monday-derived),2026-04-24T13:49:49,backfill
006WR00000wkAk3YAE,Inwood Station,Franchise_Type__c,(null),In-Franchise,franchise_mapping.json (Monday-derived),2026-04-24T13:49:49,backfill
006WR00000wkAk4YAE,Maple at Med Center,Franchise_Type__c,(null),In-Franchise,franchise_mapping.json (Monday-derived),2026-04-24T13:49:49,backfill
006WR00000wkAk5YAE,Flower Fields,Franchise_Type__c,(null),In-Franchise,franchise_mapping.json (Monday-derived),2026-04-24T13:49:49,backfill
006WR00000wkAk6YAE,Seagate Condominium Rentals,Franchise_Type__c,(null),In-Franchise,franchise_mapping.json (Monday-derived),2026-04-24T13:49:49,backfill
006WR00000wkAk7YAE,Fiori on Vitruvian Park,Franchise_Type__c,(null),In-Franchise,franchise_mapping.json (Monday-derived),2026-04-24T13:49:49,backfill
006WR00000wkAk8YAE,Camp Pendleton,Franchise_Type__c,(null),In-Franchise,franchise_mapping.json (Monday-derived),2026-04-24T13:49:49,backfill
006WR00000wkAk9YAE,Four Seasons Condominiums of Winter Park,Franchise_Type__c,(null),In-Franchise,franchise_mapping.json (Monday-derived),2026-04-24T13:49:49,backfill
006WR00000wkAkAYAU,Estates at Park Central,Franchise_Type__c,(null),In-Franchise,franchise_mapping.json (Monday-derived),2026-04-24T13:49:49,backfill
006WR00000wkAkBYAU,River Oaks Condos,Franchise_Type__c,(null),In-Franchise,franchise_mapping.json (Monday-derived),2026-04-24T13:49:49,backfill
006WR00000wkAkCYAU,Arbors of Central Park,Franchise_Type__c,(null),In-Franchise,franchise_mapping.json (Monday-derived),2026-04-24T13:49:49,backfill
006WR00000wkAkDYAU,South Side on Lamar,Franchise_Type__c,(null),In-Franchise,franchise_mapping.json (Monday-derived),2026-04-24T13:49:49,backfill
006WR00000wkAkEYAU,Butler Brothers Building,Franchise_Type__c,(null),In-Franchise,franchise_mapping.json (Monday-derived),2026-04-24T13:49:49,backfill
006WR00000wkAkFYAU,Townhomes of Bent Tree,Franchise_Type__c,(null),In-Franchise,franchise_mapping.json (Monday-derived),2026-04-24T13:49:49,backfill
006WR00000wkAkGYAU,Old West Manor II Homeowners Association Inc,Franchise_Type__c,(null),In-Franchise,franchise_mapping.json (Monday-derived),2026-04-24T13:49:49,backfill
006WR00000wkAkHYAU,Adiamo Palm Valley,Franchise_Type__c,(null),In-Franchise,franchise_mapping.json (Monday-derived),2026-04-24T13:49:49,backfill
006WR00000wkAkIYAU,The Mayflower Dallas,Franchise_Type__c,(null),In-Franchise,franchise_mapping.json (Monday-derived),2026-04-24T13:49:49,backfill
006WR00000wkAkJYAU,State Thomas Ravello,Franchise_Type__c,(null),In-Franchise,franchise_mapping.json (Monday-derived),2026-04-24T13:49:49,backfill
006WR00000wkAkKYAU,MAA McKinney Avenue,Franchise_Type__c,(null),In-Franchise,franchise_mapping.json (Monday-derived),2026-04-24T13:49:49,backfill
006WR00000wkAkLYAU,Village on the Green,Franchise_Type__c,(null),In-Franchise,franchise_mapping.json (Monday-derived),2026-04-24T13:49:49,backfill
006WR00000wkAkMYAU,Teak at the Branch,Franchise_Type__c,(null),In-Franchise,franchise_mapping.json (Monday-derived),2026-04-24T13:49:49,backfill
006WR00000wkAkNYAU,Cedar at the Branch,Franchise_Type__c,(null),In-Franchise,franchise_mapping.json (Monday-derived),2026-04-24T13:49:49,backfill
006WR00000wkAkOYAU,The Ash at the Branch,Franchise_Type__c,(null),In-Franchise,franchise_mapping.json (Monday-derived),2026-04-24T13:49:49,backfill
006WR00000wkAkPYAU,Camden Greenville,Franchise_Type__c,(null),In-Franchise,franchise_mapping.json (Monday-derived),2026-04-24T13:49:49,backfill
006WR00000wkAkQYAU,Villeta Apartments,Franchise_Type__c,(null),In-Franchise,franchise_mapping.json (Monday-derived),2026-04-24T13:49:49,backfill
006WR00000wkAkRYAU,2 Vista Vallley Apartments/LONGMORE ESTATES CONDOS NORTH & SOUTH,Franchise_Type__c,(null),In-Franchise,franchise_mapping.json (Monday-derived),2026-04-24T13:49:49,backfill
006WR00000wkAkSYAU,Santa Fe Villas,Franchise_Type__c,(null),In-Franchise,franchise_mapping.json (Monday-derived),2026-04-24T13:49:49,backfill
006WR00000wkAkTYAU,Fiesta Pointe,Franchise_Type__c,(null),In-Franchise,franchise_mapping.json (Monday-derived),2026-04-24T13:49:49,backfill
006WR00000wkAkUYAU,The Cove Apartments,Franchise_Type__c,(null),In-Franchise,franchise_mapping.json (Monday-derived),2026-04-24T13:49:49,backfill
006WR00000wkAkVYAU,Monterey Point Condominiums,Franchise_Type__c,(null),In-Franchise,franchise_mapping.json (Monday-derived),2026-04-24T13:49:49,backfill
006WR00000wkAkWYAU,Rise Broadway (old name - Broadway Gardens Condominiums),Franchise_Type__c,(null),In-Franchise,franchise_mapping.json (Monday-derived),2026-04-24T13:49:49,backfill
006WR00000wkAkXYAU,Alma Meadows MHC,Franchise_Type__c,(null),In-Franchise,franchise_mapping.json (Monday-derived),2026-04-24T13:49:49,backfill
006WR00000wkAkYYAU,Alma Park Apartments,Franchise_Type__c,(null),In-Franchise,franchise_mapping.json (Monday-derived),2026-04-24T13:49:49,backfill
006WR00000wkAkZYAU,Villas Mesa 3,Franchise_Type__c,(null),In-Franchise,franchise_mapping.json (Monday-derived),2026-04-24T13:49:49,backfill
006WR00000wkAqzYAE,Primrose Estates,Franchise_Type__c,(null),In-Franchise,franchise_mapping.json (Monday-derived),2026-04-24T13:49:49,backfill
006WR00000wkAr0YAE,Village Green,Franchise_Type__c,(null),In-Franchise,franchise_mapping.json (Monday-derived),2026-04-24T13:49:49,backfill
006WR00000wkAr1YAE,Rockcliffe Apartments,Franchise_Type__c,(null),In-Franchise,franchise_mapping.json (Monday-derived),2026-04-24T13:49:49,backfill
006WR00000wkAr2YAE,Midland Heights,Franchise_Type__c,(null),In-Franchise,franchise_mapping.json (Monday-derived),2026-04-24T13:49:49,backfill
006WR00000wkAr3YAE,Salt,Franchise_Type__c,(null),In-Franchise,franchise_mapping.json (Monday-derived),2026-04-24T13:49:49,backfill
006WR00000wkAr4YAE,Parkwood Terrace,Franchise_Type__c,(null),In-Franchise,franchise_mapping.json (Monday-derived),2026-04-24T13:49:49,backfill
006WR00000wkAr5YAE,Pinewood Estates,Franchise_Type__c,(null),In-Franchise,franchise_mapping.json (Monday-derived),2026-04-24T13:49:49,backfill
006WR00000wkAr6YAE,Mountain Run Apartments,Franchise_Type__c,(null),In-Franchise,franchise_mapping.json (Monday-derived),2026-04-24T13:49:49,backfill
006WR00000wkAr7YAE,Windsong Apartments,Franchise_Type__c,(null),In-Franchise,franchise_mapping.json (Monday-derived),2026-04-24T13:49:49,backfill
006WR00000wkAr8YAE,Ascent Apartments,Franchise_Type__c,(null),In-Franchise,franchise_mapping.json (Monday-derived),2026-04-24T13:49:49,backfill
006WR00000wkAr9YAE,Stone Oaks Apartments,Franchise_Type__c,(null),In-Franchise,franchise_mapping.json (Monday-derived),2026-04-24T13:49:49,backfill
006WR00000wkArAYAU,Milo at Mountain Park,Franchise_Type__c,(null),In-Franchise,franchise_mapping.json (Monday-derived),2026-04-24T13:49:49,backfill
006WR00000wkArBYAU,Lamplighter Estates,Franchise_Type__c,(null),In-Franchise,franchise_mapping.json (Monday-derived),2026-04-24T13:49:49,backfill
006WR00000wkArCYAU,Maddox Apartments,Franchise_Type__c,(null),In-Franchise,franchise_mapping.json (Monday-derived),2026-04-24T13:49:49,backfill
006WR00000wkArDYAU,Harbor Steps [LOST],Franchise_Type__c,(null),In-Franchise,franchise_mapping.json (Monday-derived),2026-04-24T13:49:49,backfill
006WR00000wkArEYAU,River Walk Apartments,Franchise_Type__c,(null),In-Franchise,franchise_mapping.json (Monday-derived),2026-04-24T13:49:49,backfill
006WR00000wkArFYAU,River10 Apartments,Franchise_Type__c,(null),In-Franchise,franchise_mapping.json (Monday-derived),2026-04-24T13:49:49,backfill
006WR00000wkArGYAU,Eden West,Franchise_Type__c,(null),In-Franchise,franchise_mapping.json (Monday-derived),2026-04-24T13:49:49,backfill
006WR00000wkArHYAU,Rya Suites,Franchise_Type__c,(null),In-Franchise,franchise_mapping.json (Monday-derived),2026-04-24T13:49:49,backfill
006WR00000wkArIYAU,Westchester Square,Franchise_Type__c,(null),In-Franchise,franchise_mapping.json (Monday-derived),2026-04-24T13:49:49,backfill
006WR00000wkArJYAU,Riverview Highlands,Franchise_Type__c,(null),In-Franchise,franchise_mapping.json (Monday-derived),2026-04-24T13:49:49,backfill
006WR00000wkArKYAU,Lawrence Lofts,Franchise_Type__c,(null),In-Franchise,franchise_mapping.json (Monday-derived),2026-04-24T13:49:49,backfill
006WR00000wkArLYAU,Vivace at Gateway Place,Franchise_Type__c,(null),In-Franchise,franchise_mapping.json (Monday-derived),2026-04-24T13:49:49,backfill
006WR00000wkArMYAU,Madison Crossing,Franchise_Type__c,(null),In-Franchise,franchise_mapping.json (Monday-derived),2026-04-24T13:49:49,backfill
006WR00000wkArNYAU,The Vue at Spring Creek,Franchise_Type__c,(null),In-Franchise,franchise_mapping.json (Monday-derived),2026-04-24T13:49:49,backfill
006WR00000wkArOYAU,Shannon South AVE5,Franchise_Type__c,(null),In-Franchise,franchise_mapping.json (Monday-derived),2026-04-24T13:49:49,backfill
006WR00000wkArPYAU,Phillipi Plaza,Franchise_Type__c,(null),In-Franchise,franchise_mapping.json (Monday-derived),2026-04-24T13:49:49,backfill
006WR00000wkArQYAU,Burnsville Parkway Apartments,Franchise_Type__c,(null),In-Franchise,franchise_mapping.json (Monday-derived),2026-04-24T13:49:49,backfill
006WR00000wkArRYAU,Hamline Pointe [LOST],Franchise_Type__c,(null),In-Franchise,franchise_mapping.json (Monday-derived),2026-04-24T13:49:49,backfill
006WR00000wkArSYAU,Peppermill Lofts,Franchise_Type__c,(null),In-Franchise,franchise_mapping.json (Monday-derived),2026-04-24T13:49:49,backfill
006WR00000wkArTYAU,Reserve at Metolius [LOST],Franchise_Type__c,(null),In-Franchise,franchise_mapping.json (Monday-derived),2026-04-24T13:49:49,backfill
006WR00000wkArUYAU,Maple Park,Franchise_Type__c,(null),In-Franchise,franchise_mapping.json (Monday-derived),2026-04-24T13:49:49,backfill
006WR00000wkArVYAU,Skywater at Town Lake,Franchise_Type__c,(null),In-Franchise,franchise_mapping.json (Monday-derived),2026-04-24T13:49:49,backfill
006WR00000wkArWYAU,Woodland West,Franchise_Type__c,(null),In-Franchise,franchise_mapping.json (Monday-derived),2026-04-24T13:49:49,backfill
006WR00000wkArXYAU,Cascade Apartments,Franchise_Type__c,(null),In-Franchise,franchise_mapping.json (Monday-derived),2026-04-24T13:49:49,backfill
006WR00000wkArYYAU,Colonial Village,Franchise_Type__c,(null),In-Franchise,franchise_mapping.json (Monday-derived),2026-04-24T13:49:49,backfill
006WR00000wkArZYAU,Brookside Condos,Franchise_Type__c,(null),In-Franchise,franchise_mapping.json (Monday-derived),2026-04-24T13:49:49,backfill
006WR00000wkAraYAE,Jefferson West,Franchise_Type__c,(null),In-Franchise,franchise_mapping.json (Monday-derived),2026-04-24T13:49:49,backfill
006WR00000wkArbYAE,Greenhouse Apartments,Franchise_Type__c,(null),In-Franchise,franchise_mapping.json (Monday-derived),2026-04-24T13:49:49,backfill
006WR00000wkArcYAE,Audenn Apartments,Franchise_Type__c,(null),In-Franchise,franchise_mapping.json (Monday-derived),2026-04-24T13:49:49,backfill
006WR00000wkArdYAE,Shoreview Grand Apartments,Franchise_Type__c,(null),In-Franchise,franchise_mapping.json (Monday-derived),2026-04-24T13:49:49,backfill
006WR00000wkAreYAE,Saddlebrook Apartments,Franchise_Type__c,(null),In-Franchise,franchise_mapping.json (Monday-derived),2026-04-24T13:49:49,backfill
006WR00000wkArfYAE,Jasper Apartments,Franchise_Type__c,(null),In-Franchise,franchise_mapping.json (Monday-derived),2026-04-24T13:49:49,backfill
006WR00000wkArgYAE,Arioso Apartments,Franchise_Type__c,(null),In-Franchise,franchise_mapping.json (Monday-derived),2026-04-24T13:49:49,backfill
006WR00000wkArhYAE,Perry & Rio Salado,Franchise_Type__c,(null),In-Franchise,franchise_mapping.json (Monday-derived),2026-04-24T13:49:49,backfill
006WR00000wkAriYAE,High Pointe,Franchise_Type__c,(null),In-Franchise,franchise_mapping.json (Monday-derived),2026-04-24T13:49:49,backfill
006WR00000wkArjYAE,Symphony,Franchise_Type__c,(null),In-Franchise,franchise_mapping.json (Monday-derived),2026-04-24T13:49:49,backfill
006WR00000wkArkYAE,Pines at Marston Lake,Franchise_Type__c,(null),In-Franchise,franchise_mapping.json (Monday-derived),2026-04-24T13:49:49,backfill
006WR00000wkArlYAE,Ingersoll Towers,Franchise_Type__c,(null),In-Franchise,franchise_mapping.json (Monday-derived),2026-04-24T13:49:49,backfill
006WR00000wkArmYAE,Plaza Manor,Franchise_Type__c,(null),In-Franchise,franchise_mapping.json (Monday-derived),2026-04-24T13:49:49,backfill
006WR00000wkArnYAE,Mansions at Jordan Creek,Franchise_Type__c,(null),In-Franchise,franchise_mapping.json (Monday-derived),2026-04-24T13:49:49,backfill
006WR00000wkAroYAE,Crescent Chase,Franchise_Type__c,(null),In-Franchise,franchise_mapping.json (Monday-derived),2026-04-24T13:49:49,backfill
006WR00000wkArpYAE,Sugar Pine,Franchise_Type__c,(null),In-Franchise,franchise_mapping.json (Monday-derived),2026-04-24T13:49:49,backfill
006WR00000wkArqYAE,Alterra Apartments,Franchise_Type__c,(null),In-Franchise,franchise_mapping.json (Monday-derived),2026-04-24T13:49:49,backfill
006WR00000wkArrYAE,Astoria Senior Living,Franchise_Type__c,(null),In-Franchise,franchise_mapping.json (Monday-derived),2026-04-24T13:49:49,backfill
006WR00000wkArsYAE,Castlebrook Condos,Franchise_Type__c,(null),In-Franchise,franchise_mapping.json (Monday-derived),2026-04-24T13:49:49,backfill
006WR00000wkArtYAE,Bridlewood Apartments,Franchise_Type__c,(null),In-Franchise,franchise_mapping.json (Monday-derived),2026-04-24T13:49:49,backfill
006WR00000wkAruYAE,The Village at Westchester,Franchise_Type__c,(null),In-Franchise,franchise_mapping.json (Monday-derived),2026-04-24T13:49:49,backfill
006WR00000wkArvYAE,Sherwood Glen,Franchise_Type__c,(null),In-Franchise,franchise_mapping.json (Monday-derived),2026-04-24T13:49:49,backfill
006WR00000wkArwYAE,Palm Terrace,Franchise_Type__c,(null),In-Franchise,franchise_mapping.json (Monday-derived),2026-04-24T13:49:49,backfill
006WR00000wkArxYAE,The Towers Apartments,Franchise_Type__c,(null),In-Franchise,franchise_mapping.json (Monday-derived),2026-04-24T13:49:49,backfill
006WR00000wkAryYAE,Verve,Franchise_Type__c,(null),In-Franchise,franchise_mapping.json (Monday-derived),2026-04-24T13:49:49,backfill
006WR00000wkArzYAE,Wellington Apartments,Franchise_Type__c,(null),In-Franchise,franchise_mapping.json (Monday-derived),2026-04-24T13:49:49,backfill
006WR00000wkAs0YAE,Deer Creek,Franchise_Type__c,(null),In-Franchise,franchise_mapping.json (Monday-derived),2026-04-24T13:49:49,backfill
006WR00000wkAs1YAE,Selway Apartments,Franchise_Type__c,(null),In-Franchise,franchise_mapping.json (Monday-derived),2026-04-24T13:49:49,backfill
006WR00000wkAs2YAE,Washington Manor,Franchise_Type__c,(null),In-Franchise,franchise_mapping.json (Monday-derived),2026-04-24T13:49:49,backfill
006WR00000wkAs3YAE,Tropicana Villas,Franchise_Type__c,(null),In-Franchise,franchise_mapping.json (Monday-derived),2026-04-24T13:49:49,backfill
006WR00000wkAs4YAE,San Palmas,Franchise_Type__c,(null),In-Franchise,franchise_mapping.json (Monday-derived),2026-04-24T13:49:49,backfill
006WR00000wkAs5YAE,Seattle Heights,Franchise_Type__c,(null),In-Franchise,franchise_mapping.json (Monday-derived),2026-04-24T13:49:49,backfill
006WR00000wkAs6YAE,The Cassidy at Western Hills,Franchise_Type__c,(null),In-Franchise,franchise_mapping.json (Monday-derived),2026-04-24T13:49:49,backfill
006WR00000wkAs7YAE,Canterbury at Riverwalk,Franchise_Type__c,(null),In-Franchise,franchise_mapping.json (Monday-derived),2026-04-24T13:49:49,backfill
006WR00000wkAs8YAE,CW Moore Apartments,Franchise_Type__c,(null),In-Franchise,franchise_mapping.json (Monday-derived),2026-04-24T13:49:49,backfill
006WR00000wkAs9YAE,Westerley,Franchise_Type__c,(null),In-Franchise,franchise_mapping.json (Monday-derived),2026-04-24T13:49:49,backfill
006WR00000wkAsAYAU,Bellaire Ranch Apartments,Franchise_Type__c,(null),In-Franchise,franchise_mapping.json (Monday-derived),2026-04-24T13:49:49,backfill
006WR00000wkAsBYAU,Trails at San Tan,Franchise_Type__c,(null),In-Franchise,franchise_mapping.json (Monday-derived),2026-04-24T13:49:49,backfill
006WR00000wkAsCYAU,Alcove at the Islands,Franchise_Type__c,(null),In-Franchise,franchise_mapping.json (Monday-derived),2026-04-24T13:49:49,backfill
006WR00000wkAsDYAU,Stillwater Rivulon,Franchise_Type__c,(null),In-Franchise,franchise_mapping.json (Monday-derived),2026-04-24T13:49:49,backfill
006WR00000wkAsEYAU,West Sixth Tempe,Franchise_Type__c,(null),In-Franchise,franchise_mapping.json (Monday-derived),2026-04-24T13:49:49,backfill
006WR00000wkAsFYAU,Novus 3G,Franchise_Type__c,(null),In-Franchise,franchise_mapping.json (Monday-derived),2026-04-24T13:49:49,backfill
006WR00000wkAsGYAU,Studio 710,Franchise_Type__c,(null),In-Franchise,franchise_mapping.json (Monday-derived),2026-04-24T13:49:49,backfill
006WR00000wkAsHYAU,Town Chandler,Franchise_Type__c,(null),In-Franchise,franchise_mapping.json (Monday-derived),2026-04-24T13:49:49,backfill
006WR00000wkAsIYAU,The Reserve at Gilbert Towne Center,Franchise_Type__c,(null),In-Franchise,franchise_mapping.json (Monday-derived),2026-04-24T13:49:49,backfill
006WR00000wkAsJYAU,Espiral Apartments,Franchise_Type__c,(null),In-Franchise,franchise_mapping.json (Monday-derived),2026-04-24T13:49:49,backfill
006WR00000wkAsKYAU,The Gilmore,Franchise_Type__c,(null),In-Franchise,franchise_mapping.json (Monday-derived),2026-04-24T13:49:49,backfill
006WR00000wkAsLYAU,Tempe Station,Franchise_Type__c,(null),In-Franchise,franchise_mapping.json (Monday-derived),2026-04-24T13:49:49,backfill
006WR00000wkAsMYAU,Verena at Gilbert,Franchise_Type__c,(null),In-Franchise,franchise_mapping.json (Monday-derived),2026-04-24T13:49:49,backfill
006WR00000wkAsNYAU,Dobson Towne Centre Apartments,Franchise_Type__c,(null),In-Franchise,franchise_mapping.json (Monday-derived),2026-04-24T13:49:49,backfill
006WR00000wkAsOYAU,Tuscany at Gabriella Pointe,Franchise_Type__c,(null),In-Franchise,franchise_mapping.json (Monday-derived),2026-04-24T13:49:49,backfill
006WR00000wkAsPYAU,Skyview,Franchise_Type__c,(null),In-Franchise,franchise_mapping.json (Monday-derived),2026-04-24T13:49:49,backfill
006WR00000wkAsQYAU,The Alyssa,Franchise_Type__c,(null),In-Franchise,franchise_mapping.json (Monday-derived),2026-04-24T13:49:49,backfill
006WR00000wkAsRYAU,Trevi,Franchise_Type__c,(null),In-Franchise,franchise_mapping.json (Monday-derived),2026-04-24T13:49:49,backfill
006WR00000wkAsSYAU,La Vida Del Mar [Assisted Living],Franchise_Type__c,(null),In-Franchise,franchise_mapping.json (Monday-derived),2026-04-24T13:49:49,backfill
006WR00000wkAsTYAU,Vue Nineteen 01,Franchise_Type__c,(null),In-Franchise,franchise_mapping.json (Monday-derived),2026-04-24T13:49:49,backfill
006WR00000wkAsUYAU,Nollie,Franchise_Type__c,(null),In-Franchise,franchise_mapping.json (Monday-derived),2026-04-24T13:49:49,backfill
006WR00000wkAsVYAU,The Local,Franchise_Type__c,(null),In-Franchise,franchise_mapping.json (Monday-derived),2026-04-24T13:49:49,backfill
006WR00000wkAsWYAU,Paseo on University,Franchise_Type__c,(null),In-Franchise,franchise_mapping.json (Monday-derived),2026-04-24T13:49:49,backfill
006WR00000wkAsXYAU,Trovita Rio,Franchise_Type__c,(null),In-Franchise,franchise_mapping.json (Monday-derived),2026-04-24T13:49:49,backfill
006WR00000wkAsYYAU,Nexa Apartments,Franchise_Type__c,(null),In-Franchise,franchise_mapping.json (Monday-derived),2026-04-24T13:49:49,backfill
006WR00000wkAsZYAU,Skye at McClintock Station,Franchise_Type__c,(null),In-Franchise,franchise_mapping.json (Monday-derived),2026-04-24T13:49:49,backfill
006WR00000wkAsaYAE,San Cervantes,Franchise_Type__c,(null),In-Franchise,franchise_mapping.json (Monday-derived),2026-04-24T13:49:49,backfill
006WR00000wkAsbYAE,The Cameron,Franchise_Type__c,(null),In-Franchise,franchise_mapping.json (Monday-derived),2026-04-24T13:49:49,backfill
006WR00000wkAscYAE,The Curve at Gilbert,Franchise_Type__c,(null),In-Franchise,franchise_mapping.json (Monday-derived),2026-04-24T13:49:49,backfill
006WR00000wkAsdYAE,Pier 202,Franchise_Type__c,(null),In-Franchise,franchise_mapping.json (Monday-derived),2026-04-24T13:49:49,backfill
006WR00000wkAseYAE,The Hyve,Franchise_Type__c,(null),In-Franchise,franchise_mapping.json (Monday-derived),2026-04-24T13:49:49,backfill
006WR00000wkAsfYAE,Vista Way Village,Franchise_Type__c,(null),In-Franchise,franchise_mapping.json (Monday-derived),2026-04-24T13:49:49,backfill
006WR00000wkAsgYAE,The Aubrey,Franchise_Type__c,(null),In-Franchise,franchise_mapping.json (Monday-derived),2026-04-24T13:49:49,backfill
006WR00000wkAshYAE,Soltra at SanTan Village,Franchise_Type__c,(null),In-Franchise,franchise_mapping.json (Monday-derived),2026-04-24T13:49:49,backfill
006WR00000wkAsiYAE,The Higley,Franchise_Type__c,(null),In-Franchise,franchise_mapping.json (Monday-derived),2026-04-24T13:49:49,backfill
006WR00000wkBFBYA2,Connect at First Creek,Franchise_Type__c,(null),In-Franchise,franchise_mapping.json (Monday-derived),2026-04-24T13:49:49,backfill
006WR00000wkBFCYA2,Delphi Falls,Franchise_Type__c,(null),In-Franchise,franchise_mapping.json (Monday-derived),2026-04-24T13:49:49,backfill
006WR00000wkBFDYA2,Bay Country MHP,Franchise_Type__c,(null),In-Franchise,franchise_mapping.json (Monday-derived),2026-04-24T13:49:49,backfill
006WR00000wkBFEYA2,Grove City MHP,Franchise_Type__c,(null),In-Franchise,franchise_mapping.json (Monday-derived),2026-04-24T13:49:49,backfill
006WR00000wkBFFYA2,Luxor MHP,Franchise_Type__c,(null),In-Franchise,franchise_mapping.json (Monday-derived),2026-04-24T13:49:49,backfill
006WR00000wkBFGYA2,Hannibal Estates,Franchise_Type__c,(null),In-Franchise,franchise_mapping.json (Monday-derived),2026-04-24T13:49:49,backfill
006WR00000wkBFHYA2,Dover Bridge Park,Franchise_Type__c,(null),In-Franchise,franchise_mapping.json (Monday-derived),2026-04-24T13:49:49,backfill
006WR00000wkBFIYA2,Echo Ridge at North Hills,Franchise_Type__c,(null),In-Franchise,franchise_mapping.json (Monday-derived),2026-04-24T13:49:49,backfill
006WR00000wkBFJYA2,Sunny Creek Estates,Franchise_Type__c,(null),In-Franchise,franchise_mapping.json (Monday-derived),2026-04-24T13:49:49,backfill
006WR00000wkBFKYA2,White Pines,Franchise_Type__c,(null),In-Franchise,franchise_mapping.json (Monday-derived),2026-04-24T13:49:49,backfill
006WR00000wkBFLYA2,Pine Valley Estates,Franchise_Type__c,(null),In-Franchise,franchise_mapping.json (Monday-derived),2026-04-24T13:49:49,backfill
006WR00000wkBFMYA2,Pinehurst Manor,Franchise_Type__c,(null),In-Franchise,franchise_mapping.json (Monday-derived),2026-04-24T13:49:49,backfill
006WR00000wkBFNYA2,Winstead MHP,Franchise_Type__c,(null),In-Franchise,franchise_mapping.json (Monday-derived),2026-04-24T13:49:49,backfill
006WR00000wkBFOYA2,Roberts MHC,Franchise_Type__c,(null),In-Franchise,franchise_mapping.json (Monday-derived),2026-04-24T13:49:49,backfill
006WR00000wkBFPYA2,Suburban Acres,Franchise_Type__c,(null),In-Franchise,franchise_mapping.json (Monday-derived),2026-04-24T13:49:49,backfill
006WR00000wkBFQYA2,The Oaks(Asset E),Franchise_Type__c,(null),In-Franchise,franchise_mapping.json (Monday-derived),2026-04-24T13:49:49,backfill
006WR00000wkBFRYA2,Perry MHC,Franchise_Type__c,(null),In-Franchise,franchise_mapping.json (Monday-derived),2026-04-24T13:49:49,backfill
006WR00000wkBFSYA2,Oak Hills,Franchise_Type__c,(null),In-Franchise,franchise_mapping.json (Monday-derived),2026-04-24T13:49:49,backfill
006WR00000wkBFTYA2,The Station Apartments,Franchise_Type__c,(null),In-Franchise,franchise_mapping.json (Monday-derived),2026-04-24T13:49:49,backfill
006WR00000wkBFUYA2,Osito Ridge,Franchise_Type__c,(null),In-Franchise,franchise_mapping.json (Monday-derived),2026-04-24T13:49:49,backfill
006WR00000wkBFVYA2,Western Estates,Franchise_Type__c,(null),In-Franchise,franchise_mapping.json (Monday-derived),2026-04-24T13:49:49,backfill
006WR00000wkBFWYA2,Buckeye Lake MHP,Franchise_Type__c,(null),In-Franchise,franchise_mapping.json (Monday-derived),2026-04-24T13:49:49,backfill
006WR00000wkBFXYA2,Bernie's MHP,Franchise_Type__c,(null),In-Franchise,franchise_mapping.json (Monday-derived),2026-04-24T13:49:49,backfill
006WR00000wkBFYYA2,Baxters,Franchise_Type__c,(null),In-Franchise,franchise_mapping.json (Monday-derived),2026-04-24T13:49:49,backfill
006WR00000wkBFZYA2,Deerwood MHC,Franchise_Type__c,(null),In-Franchise,franchise_mapping.json (Monday-derived),2026-04-24T13:49:49,backfill
006WR00000wkBFaYAM,Long Meadow MHP,Franchise_Type__c,(null),In-Franchise,franchise_mapping.json (Monday-derived),2026-04-24T13:49:49,backfill
006WR00000wkBFbYAM,HC - Flanders MHP,Franchise_Type__c,(null),In-Franchise,franchise_mapping.json (Monday-derived),2026-04-24T13:49:49,backfill
006WR00000wkBFcYAM,Easy Living Community,Franchise_Type__c,(null),In-Franchise,franchise_mapping.json (Monday-derived),2026-04-24T13:49:49,backfill
006WR00000wkBFdYAM,Jones Estates Greentree OH LLC,Franchise_Type__c,(null),In-Franchise,franchise_mapping.json (Monday-derived),2026-04-24T13:49:49,backfill
006WR00000wkBFeYAM,Jones Estates Miamisport IN LLC,Franchise_Type__c,(null),In-Franchise,franchise_mapping.json (Monday-derived),2026-04-24T13:49:49,backfill
006WR00000wkBFfYAM,Green Hill,Franchise_Type__c,(null),In-Franchise,franchise_mapping.json (Monday-derived),2026-04-24T13:49:49,backfill
006WR00000wkBFgYAM,Mill Road Estates,Franchise_Type__c,(null),In-Franchise,franchise_mapping.json (Monday-derived),2026-04-24T13:49:49,backfill
006WR00000wkBFhYAM,Lake Shore Court (Part of Buckeye Lake MHP above),Franchise_Type__c,(null),In-Franchise,franchise_mapping.json (Monday-derived),2026-04-24T13:49:49,backfill
006WR00000wkBFiYAM,Glen Lake MHP,Franchise_Type__c,(null),In-Franchise,franchise_mapping.json (Monday-derived),2026-04-24T13:49:49,backfill
006WR00000wkBFjYAM,Franklin Village,Franchise_Type__c,(null),In-Franchise,franchise_mapping.json (Monday-derived),2026-04-24T13:49:49,backfill
006WR00000wkBFkYAM,Mill 8,Franchise_Type__c,(null),In-Franchise,franchise_mapping.json (Monday-derived),2026-04-24T13:49:49,backfill
006WR00000wkBFlYAM,Valley View (Asset E),Franchise_Type__c,(null),In-Franchise,franchise_mapping.json (Monday-derived),2026-04-24T13:49:49,backfill
006WR00000wkBFmYAM,Skyview Terrace,Franchise_Type__c,(null),In-Franchise,franchise_mapping.json (Monday-derived),2026-04-24T13:49:49,backfill
006WR00000wkBFnYAM,The Pines,Franchise_Type__c,(null),In-Franchise,franchise_mapping.json (Monday-derived),2026-04-24T13:49:49,backfill
006WR00000wkBFoYAM,Princeton Village,Franchise_Type__c,(null),In-Franchise,franchise_mapping.json (Monday-derived),2026-04-24T13:49:49,backfill
006WR00000wkBFpYAM,Waterside (fka Staton MHP),Franchise_Type__c,(null),In-Franchise,franchise_mapping.json (Monday-derived),2026-04-24T13:49:49,backfill
006WR00000wkBFqYAM,Tropicana MHP,Franchise_Type__c,(null),In-Franchise,franchise_mapping.json (Monday-derived),2026-04-24T13:49:49,backfill
006WR00000wkBFrYAM,Salamonie Estates,Franchise_Type__c,(null),In-Franchise,franchise_mapping.json (Monday-derived),2026-04-24T13:49:49,backfill
006WR00000wkBFsYAM,Osage,Franchise_Type__c,(null),In-Franchise,franchise_mapping.json (Monday-derived),2026-04-24T13:49:49,backfill
006WR00000wkBFtYAM,58 Space Garden Spot Mobile Home Park,Franchise_Type__c,(null),In-Franchise,franchise_mapping.json (Monday-derived),2026-04-24T13:49:49,backfill
006WR00000wkBFuYAM,Copper Springs Retirement Community,Franchise_Type__c,(null),In-Franchise,franchise_mapping.json (Monday-derived),2026-04-24T13:49:49,backfill
006WR00000wkBFvYAM,Country Club Heights Condominiums,Franchise_Type__c,(null),In-Franchise,franchise_mapping.json (Monday-derived),2026-04-24T13:49:49,backfill
006WR00000wkBFwYAM,American Groves,Franchise_Type__c,(null),In-Franchise,franchise_mapping.json (Monday-derived),2026-04-24T13:49:49,backfill
006WR00000wkBFxYAM,Culdesac Tempe,Franchise_Type__c,(null),In-Franchise,franchise_mapping.json (Monday-derived),2026-04-24T13:49:49,backfill
006WR00000wkBFyYAM,Holiday Palms Active 55+ Community(MHP),Franchise_Type__c,(null),In-Franchise,franchise_mapping.json (Monday-derived),2026-04-24T13:49:49,backfill
006WR00000wkBFzYAM,Legacy on Main II,Franchise_Type__c,(null),In-Franchise,franchise_mapping.json (Monday-derived),2026-04-24T13:49:49,backfill
006WR00000wkBG0YAM,Escobedo at Verde Vista,Franchise_Type__c,(null),In-Franchise,franchise_mapping.json (Monday-derived),2026-04-24T13:49:49,backfill
006WR00000wkBG1YAM,Parkhaven Estates & RV Resort (MHP),Franchise_Type__c,(null),In-Franchise,franchise_mapping.json (Monday-derived),2026-04-24T13:49:49,backfill
006WR00000wkBG2YAM,Vivo Living Mesa,Franchise_Type__c,(null),In-Franchise,franchise_mapping.json (Monday-derived),2026-04-24T13:49:49,backfill
006WR00000wkBG3YAM,NOVEL Val Vista,Franchise_Type__c,(null),In-Franchise,franchise_mapping.json (Monday-derived),2026-04-24T13:49:49,backfill
006WR00000wkBG4YAM,Westmount at Downtown Tempe,Franchise_Type__c,(null),In-Franchise,franchise_mapping.json (Monday-derived),2026-04-24T13:49:49,backfill
006WR00000wkBG5YAM,1st Avenue Apartments (Old Name - Southwest Villa),Franchise_Type__c,(null),In-Franchise,franchise_mapping.json (Monday-derived),2026-04-24T13:49:49,backfill
006WR00000wkBG6YAM,Villas on Ash,Franchise_Type__c,(null),In-Franchise,franchise_mapping.json (Monday-derived),2026-04-24T13:49:49,backfill
006WR00000wkBG7YAM,Gilbert Greens,Franchise_Type__c,(null),In-Franchise,franchise_mapping.json (Monday-derived),2026-04-24T13:49:49,backfill
006WR00000wkBG8YAM,Atlas Mesa,Franchise_Type__c,(null),In-Franchise,franchise_mapping.json (Monday-derived),2026-04-24T13:49:49,backfill
006WR00000wkBG9YAM,201 S Crismon Rd (MHP),Franchise_Type__c,(null),In-Franchise,franchise_mapping.json (Monday-derived),2026-04-24T13:49:49,backfill
006WR00000wkBGAYA2,Asteria Apartment Homes,Franchise_Type__c,(null),In-Franchise,franchise_mapping.json (Monday-derived),2026-04-24T13:49:49,backfill
006WR00000wkBGBYA2,Aura Watermark,Franchise_Type__c,(null),In-Franchise,franchise_mapping.json (Monday-derived),2026-04-24T13:49:49,backfill
006WR00000wkBGCYA2,Avana Coronado,Franchise_Type__c,(null),In-Franchise,franchise_mapping.json (Monday-derived),2026-04-24T13:49:49,backfill
006WR00000wkBGDYA2,Arches at Hidden Creek,Franchise_Type__c,(null),In-Franchise,franchise_mapping.json (Monday-derived),2026-04-24T13:49:49,backfill
006WR00000wkBGEYA2,Borrego at Spectrum,Franchise_Type__c,(null),In-Franchise,franchise_mapping.json (Monday-derived),2026-04-24T13:49:49,backfill
006WR00000wkBGFYA2,BB Living at Higley Park,Franchise_Type__c,(null),In-Franchise,franchise_mapping.json (Monday-derived),2026-04-24T13:49:49,backfill
006WR00000wkBGGYA2,Avanterra Town Square,Franchise_Type__c,(null),In-Franchise,franchise_mapping.json (Monday-derived),2026-04-24T13:49:49,backfill
006WR00000wkBGHYA2,Metro on Main,Franchise_Type__c,(null),In-Franchise,franchise_mapping.json (Monday-derived),2026-04-24T13:49:49,backfill
006WR00000wkBGIYA2,IMT Riverview,Franchise_Type__c,(null),In-Franchise,franchise_mapping.json (Monday-derived),2026-04-24T13:49:49,backfill
006WR00000wkBGJYA2,MAA City Gate,Franchise_Type__c,(null),In-Franchise,franchise_mapping.json (Monday-derived),2026-04-24T13:49:49,backfill
006WR00000wkBGKYA2,Inspira Gateway,Franchise_Type__c,(null),In-Franchise,franchise_mapping.json (Monday-derived),2026-04-24T13:49:49,backfill
006WR00000wkBGLYA2,Moxie,Franchise_Type__c,(null),In-Franchise,franchise_mapping.json (Monday-derived),2026-04-24T13:49:49,backfill
006WR00000wkBGMYA2,Elevation San Tan,Franchise_Type__c,(null),In-Franchise,franchise_mapping.json (Monday-derived),2026-04-24T13:49:49,backfill
006WR00000wkBGNYA2,Lakeside,Franchise_Type__c,(null),In-Franchise,franchise_mapping.json (Monday-derived),2026-04-24T13:49:49,backfill
006WR00000wkBGOYA2,Gateway at Cooley Station,Franchise_Type__c,(null),In-Franchise,franchise_mapping.json (Monday-derived),2026-04-24T13:49:49,backfill
006WR00000wkBGPYA2,Vantage Point Apartments,Franchise_Type__c,(null),In-Franchise,franchise_mapping.json (Monday-derived),2026-04-24T13:49:49,backfill
006WR00000wkBGQYA2,Vistara at SanTan Village,Franchise_Type__c,(null),In-Franchise,franchise_mapping.json (Monday-derived),2026-04-24T13:49:49,backfill
006WR00000wkBGRYA2,Redstone at SanTan Village,Franchise_Type__c,(null),In-Franchise,franchise_mapping.json (Monday-derived),2026-04-24T13:49:49,backfill
006WR00000wkBGSYA2,Sierra Estates (MHP),Franchise_Type__c,(null),In-Franchise,franchise_mapping.json (Monday-derived),2026-04-24T13:49:49,backfill
006WR00000wkBGTYA2,Trax at Cooley Station,Franchise_Type__c,(null),In-Franchise,franchise_mapping.json (Monday-derived),2026-04-24T13:49:49,backfill
006WR00000wkBGUYA2,San Villante,Franchise_Type__c,(null),In-Franchise,franchise_mapping.json (Monday-derived),2026-04-24T13:49:49,backfill
006WR00000wkBGVYA2,The District Lofts,Franchise_Type__c,(null),In-Franchise,franchise_mapping.json (Monday-derived),2026-04-24T13:49:49,backfill
006WR00000wkBGWYA2,Serena Shores,Franchise_Type__c,(null),In-Franchise,franchise_mapping.json (Monday-derived),2026-04-24T13:49:49,backfill
006WR00000wkBGXYA2,Station21,Franchise_Type__c,(null),In-Franchise,franchise_mapping.json (Monday-derived),2026-04-24T13:49:49,backfill
006WR00000wkBGYYA2,Olive Apartments,Franchise_Type__c,(null),In-Franchise,franchise_mapping.json (Monday-derived),2026-04-24T13:49:49,backfill
006WR00000wkBGZYA2,The Julia,Franchise_Type__c,(null),In-Franchise,franchise_mapping.json (Monday-derived),2026-04-24T13:49:49,backfill
006WR00000wkBGaYAM,Metro at Downtown Mesa,Franchise_Type__c,(null),In-Franchise,franchise_mapping.json (Monday-derived),2026-04-24T13:49:49,backfill
006WR00000wkBGbYAM,6th St & South Rural Rd,Franchise_Type__c,(null),In-Franchise,franchise_mapping.json (Monday-derived),2026-04-24T13:49:49,backfill
006WR00000wkBGcYAM,211 E 7th St,Franchise_Type__c,(null),In-Franchise,franchise_mapping.json (Monday-derived),2026-04-24T13:49:49,backfill
006WR00000wkBGdYAM,Aura Apache,Franchise_Type__c,(null),In-Franchise,franchise_mapping.json (Monday-derived),2026-04-24T13:49:49,backfill
006WR00000wkBGeYAM,Highlands At Spectrum,Franchise_Type__c,(null),In-Franchise,franchise_mapping.json (Monday-derived),2026-04-24T13:49:49,backfill
006WR00000wkBGfYAM,Icon at Cooley Station,Franchise_Type__c,(null),In-Franchise,franchise_mapping.json (Monday-derived),2026-04-24T13:49:49,backfill
006WR00000wkBGgYAM,Legacy on Main,Franchise_Type__c,(null),In-Franchise,franchise_mapping.json (Monday-derived),2026-04-24T13:49:49,backfill
006WR00000wkBGhYAM,SanTan by Baron,Franchise_Type__c,(null),In-Franchise,franchise_mapping.json (Monday-derived),2026-04-24T13:49:49,backfill
006WR00000wkBGiYAM,Town Commons,Franchise_Type__c,(null),In-Franchise,franchise_mapping.json (Monday-derived),2026-04-24T13:49:49,backfill
006WR00000wkBGjYAM,Valle Del Oro (MHP),Franchise_Type__c,(null),In-Franchise,franchise_mapping.json (Monday-derived),2026-04-24T13:49:49,backfill
006WR00000wkBGkYAM,The Tyler,Franchise_Type__c,(null),In-Franchise,franchise_mapping.json (Monday-derived),2026-04-24T13:49:49,backfill
006WR00000wkBGlYAM,X-b Trailer Ranch-107 Spaces (MHP),Franchise_Type__c,(null),In-Franchise,franchise_mapping.json (Monday-derived),2026-04-24T13:49:49,backfill
006WR00000wkBGmYAM,San Privada,Franchise_Type__c,(null),In-Franchise,franchise_mapping.json (Monday-derived),2026-04-24T13:49:49,backfill
006WR00000wkBGnYAM,The Villages at Park Center,Franchise_Type__c,(null),In-Franchise,franchise_mapping.json (Monday-derived),2026-04-24T13:49:49,backfill
006WR00000wkBThYAM,5252 S Cornell Ave,Franchise_Type__c,(null),In-Franchise,franchise_mapping.json (Monday-derived),2026-04-24T13:49:49,backfill
006WR00000wkBTiYAM,Clove Apartments,Franchise_Type__c,(null),In-Franchise,franchise_mapping.json (Monday-derived),2026-04-24T13:49:49,backfill
006WR00000wkBTjYAM,5300-5308 S. Greenwood Avenue,Franchise_Type__c,(null),In-Franchise,franchise_mapping.json (Monday-derived),2026-04-24T13:49:49,backfill
006WR00000wkBTkYAM,Sun Life RV Resort,Franchise_Type__c,(null),In-Franchise,franchise_mapping.json (Monday-derived),2026-04-24T13:49:49,backfill
006WR00000wkBTlYAM,5300-5308 S. Hyde Park Boulevard,Franchise_Type__c,(null),In-Franchise,franchise_mapping.json (Monday-derived),2026-04-24T13:49:49,backfill
006WR00000wkBTmYAM,Azle Oaks Apartments,Franchise_Type__c,(null),In-Franchise,franchise_mapping.json (Monday-derived),2026-04-24T13:49:49,backfill
006WR00000wkBTnYAM,5300 South Drexel,Franchise_Type__c,(null),In-Franchise,franchise_mapping.json (Monday-derived),2026-04-24T13:49:49,backfill
006WR00000wkBToYAM,Orchard Park Apartments,Franchise_Type__c,(null),In-Franchise,franchise_mapping.json (Monday-derived),2026-04-24T13:49:49,backfill
006WR00000wkBTpYAM,5034-5046 S. Woodlawn Avenue,Franchise_Type__c,(null),In-Franchise,franchise_mapping.json (Monday-derived),2026-04-24T13:49:49,backfill
006WR00000wkBTqYAM,Woodbridge Senior Living [Connect55+],Franchise_Type__c,(null),In-Franchise,franchise_mapping.json (Monday-derived),2026-04-24T13:49:49,backfill
006WR00000wkBTrYAM,5320-5326.5 S. Drexel Boulevard,Franchise_Type__c,(null),In-Franchise,franchise_mapping.json (Monday-derived),2026-04-24T13:49:49,backfill
006WR00000wkBTsYAM,The Cape,Franchise_Type__c,(null),In-Franchise,franchise_mapping.json (Monday-derived),2026-04-24T13:49:49,backfill
006WR00000wkBTtYAM,5325 S. Hyde Park Boulevard,Franchise_Type__c,(null),In-Franchise,franchise_mapping.json (Monday-derived),2026-04-24T13:49:49,backfill
006WR00000wkBTuYAM,Indian Hills Village Apartments,Franchise_Type__c,(null),In-Franchise,franchise_mapping.json (Monday-derived),2026-04-24T13:49:49,backfill
006WR00000wkBTvYAM,5326-5336 S. Greenwood Avenue,Franchise_Type__c,(null),In-Franchise,franchise_mapping.json (Monday-derived),2026-04-24T13:49:49,backfill
006WR00000wkBTwYAM,5335-5337 S. Woodlawn Avenue,Franchise_Type__c,(null),In-Franchise,franchise_mapping.json (Monday-derived),2026-04-24T13:49:49,backfill
006WR00000wkBTxYAM,The Springs,Franchise_Type__c,(null),In-Franchise,franchise_mapping.json (Monday-derived),2026-04-24T13:49:49,backfill
006WR00000wkBTyYAM,5335-5345 S. Kimbark Avenue,Franchise_Type__c,(null),In-Franchise,franchise_mapping.json (Monday-derived),2026-04-24T13:49:49,backfill
006WR00000wkBTzYAM,Luma Lane Apartments,Franchise_Type__c,(null),In-Franchise,franchise_mapping.json (Monday-derived),2026-04-24T13:49:49,backfill
006WR00000wkBU0YAM,5336-5338 S. Hyde Park Boulevard,Franchise_Type__c,(null),In-Franchise,franchise_mapping.json (Monday-derived),2026-04-24T13:49:49,backfill
006WR00000wkBU1YAM,5337 S. Hyde Park Boulevard,Franchise_Type__c,(null),In-Franchise,franchise_mapping.json (Monday-derived),2026-04-24T13:49:49,backfill
006WR00000wkBU2YAM,Emerson Mill Avenue,Franchise_Type__c,(null),In-Franchise,franchise_mapping.json (Monday-derived),2026-04-24T13:49:49,backfill
006WR00000wkBU3YAM,5339-5345 S. Woodlawn,Franchise_Type__c,(null),In-Franchise,franchise_mapping.json (Monday-derived),2026-04-24T13:49:49,backfill
006WR00000wkBU4YAM,Copper Ridge HOA,Franchise_Type__c,(null),In-Franchise,franchise_mapping.json (Monday-derived),2026-04-24T13:49:49,backfill
006WR00000wkBU5YAM,5355-5361 S. Cottage Grove,Franchise_Type__c,(null),In-Franchise,franchise_mapping.json (Monday-derived),2026-04-24T13:49:49,backfill
006WR00000wkBU6YAM,5400-5408 S. Ingleside,Franchise_Type__c,(null),In-Franchise,franchise_mapping.json (Monday-derived),2026-04-24T13:49:49,backfill
006WR00000wkBU7YAM,5401-5403 S. Woodlawn,Franchise_Type__c,(null),In-Franchise,franchise_mapping.json (Monday-derived),2026-04-24T13:49:49,backfill
006WR00000wkBU8YAM,5401-5405 S. Drexel Boulevard,Franchise_Type__c,(null),In-Franchise,franchise_mapping.json (Monday-derived),2026-04-24T13:49:49,backfill
006WR00000wkBU9YAM,5401-5409 S. Cottage Grove Avenue,Franchise_Type__c,(null),In-Franchise,franchise_mapping.json (Monday-derived),2026-04-24T13:49:49,backfill
006WR00000wkBUAYA2,5405-5407 S. Woodlawn Avenue,Franchise_Type__c,(null),In-Franchise,franchise_mapping.json (Monday-derived),2026-04-24T13:49:49,backfill
006WR00000wkBUBYA2,5409 S. Blackstone,Franchise_Type__c,(null),In-Franchise,franchise_mapping.json (Monday-derived),2026-04-24T13:49:49,backfill
006WR00000wkBUCYA2,5411-5421 S. Ellis Avenue,Franchise_Type__c,(null),In-Franchise,franchise_mapping.json (Monday-derived),2026-04-24T13:49:49,backfill
006WR00000wkBUDYA2,Chisholm Trail Senior Village,Franchise_Type__c,(null),In-Franchise,franchise_mapping.json (Monday-derived),2026-04-24T13:49:49,backfill
006WR00000wkBUEYA2,5415 S. Woodlawn Avenue,Franchise_Type__c,(null),In-Franchise,franchise_mapping.json (Monday-derived),2026-04-24T13:49:49,backfill
006WR00000wkBUFYA2,5416 S. Woodlawn Avenue,Franchise_Type__c,(null),In-Franchise,franchise_mapping.json (Monday-derived),2026-04-24T13:49:49,backfill
006WR00000wkBUGYA2,5427 S. Greenwood,Franchise_Type__c,(null),In-Franchise,franchise_mapping.json (Monday-derived),2026-04-24T13:49:49,backfill
006WR00000wkBUHYA2,5429 S. Woodlawn Avenue,Franchise_Type__c,(null),In-Franchise,franchise_mapping.json (Monday-derived),2026-04-24T13:49:49,backfill
006WR00000wkBUIYA2,5452-5466 S. Ellis Avenue,Franchise_Type__c,(null),In-Franchise,franchise_mapping.json (Monday-derived),2026-04-24T13:49:49,backfill
006WR00000wkBUJYA2,5457-5459 S. Blackstone Avenue,Franchise_Type__c,(null),In-Franchise,franchise_mapping.json (Monday-derived),2026-04-24T13:49:49,backfill
006WR00000wkBUKYA2,5468-70 S. Hyde Park Boulevard,Franchise_Type__c,(null),In-Franchise,franchise_mapping.json (Monday-derived),2026-04-24T13:49:49,backfill
006WR00000wkBULYA2,Aviator West 7th Apartments,Franchise_Type__c,(null),In-Franchise,franchise_mapping.json (Monday-derived),2026-04-24T13:49:49,backfill
006WR00000wkBUMYA2,5474-5480 S. Hyde Park Boulevard,Franchise_Type__c,(null),In-Franchise,franchise_mapping.json (Monday-derived),2026-04-24T13:49:49,backfill
006WR00000wkBUNYA2,5487-5491 S. Hyde Park Boulevard,Franchise_Type__c,(null),In-Franchise,franchise_mapping.json (Monday-derived),2026-04-24T13:49:49,backfill
006WR00000wkBUOYA2,5500 S. Cornell,Franchise_Type__c,(null),In-Franchise,franchise_mapping.json (Monday-derived),2026-04-24T13:49:49,backfill
006WR00000wkBUPYA2,520 Samuels Ave - The Franklin At Samuels Ave Apartments,Franchise_Type__c,(null),In-Franchise,franchise_mapping.json (Monday-derived),2026-04-24T13:49:49,backfill
006WR00000wkBUQYA2,5501 S. Cornell,Franchise_Type__c,(null),In-Franchise,franchise_mapping.json (Monday-derived),2026-04-24T13:49:49,backfill
006WR00000wkBURYA2,5507-5509 S. Hyde Park Boulevard,Franchise_Type__c,(null),In-Franchise,franchise_mapping.json (Monday-derived),2026-04-24T13:49:49,backfill
006WR00000wkBUSYA2,5508 S. Cornell Avenue,Franchise_Type__c,(null),In-Franchise,franchise_mapping.json (Monday-derived),2026-04-24T13:49:49,backfill
006WR00000wkBUTYA2,5512 S. Hyde Park Boulevard,Franchise_Type__c,(null),In-Franchise,franchise_mapping.json (Monday-derived),2026-04-24T13:49:49,backfill
006WR00000wkBUUYA2,5524-5526 S. Everett Avenue,Franchise_Type__c,(null),In-Franchise,franchise_mapping.json (Monday-derived),2026-04-24T13:49:49,backfill
006WR00000wkBUVYA2,5528-5532 S. Everett Avenue,Franchise_Type__c,(null),In-Franchise,franchise_mapping.json (Monday-derived),2026-04-24T13:49:49,backfill
006WR00000wkBUWYA2,5528 S. Cornell Avenue,Franchise_Type__c,(null),In-Franchise,franchise_mapping.json (Monday-derived),2026-04-24T13:49:49,backfill
006WR00000wkBUXYA2,5532 S. Kimbark Avenue,Franchise_Type__c,(null),In-Franchise,franchise_mapping.json (Monday-derived),2026-04-24T13:49:49,backfill
006WR00000wkBUYYA2,5533 S. Blackstone,Franchise_Type__c,(null),In-Franchise,franchise_mapping.json (Monday-derived),2026-04-24T13:49:49,backfill
006WR00000wkBUZYA2,5535 S. Kimbark Avenue,Franchise_Type__c,(null),In-Franchise,franchise_mapping.json (Monday-derived),2026-04-24T13:49:49,backfill
006WR00000wkBUaYAM,5557-59 S. University Avenue,Franchise_Type__c,(null),In-Franchise,franchise_mapping.json (Monday-derived),2026-04-24T13:49:49,backfill
006WR00000wkBUbYAM,5623 S. Dorchester,Franchise_Type__c,(null),In-Franchise,franchise_mapping.json (Monday-derived),2026-04-24T13:49:49,backfill
006WR00000wkBUcYAM,Bexley at Left Bank II Apartments,Franchise_Type__c,(null),In-Franchise,franchise_mapping.json (Monday-derived),2026-04-24T13:49:49,backfill
006WR00000wkBUdYAM,5700 S. Blackstone,Franchise_Type__c,(null),In-Franchise,franchise_mapping.json (Monday-derived),2026-04-24T13:49:49,backfill
006WR00000wkBUeYAM,Riviera park Apartments,Franchise_Type__c,(null),In-Franchise,franchise_mapping.json (Monday-derived),2026-04-24T13:49:49,backfill
006WR00000wkBUfYAM,5706-10 S. Blackstone Ave,Franchise_Type__c,(null),In-Franchise,franchise_mapping.json (Monday-derived),2026-04-24T13:49:49,backfill
006WR00000wkBUgYAM,Axis Waterfront Apartments,Franchise_Type__c,(null),In-Franchise,franchise_mapping.json (Monday-derived),2026-04-24T13:49:49,backfill
006WR00000wkBUhYAM,5715-5725 S. Kimbark Avenue,Franchise_Type__c,(null),In-Franchise,franchise_mapping.json (Monday-derived),2026-04-24T13:49:49,backfill
006WR00000wkBUiYAM,918 E. Hyde Park Boulevard,Franchise_Type__c,(null),In-Franchise,franchise_mapping.json (Monday-derived),2026-04-24T13:49:49,backfill
006WR00000wkBUjYAM,925 E. 46th Street Apartments,Franchise_Type__c,(null),In-Franchise,franchise_mapping.json (Monday-derived),2026-04-24T13:49:49,backfill
006WR00000wkBUkYAM,Algonquin Apartments,Franchise_Type__c,(null),In-Franchise,franchise_mapping.json (Monday-derived),2026-04-24T13:49:49,backfill
006WR00000wkBUlYAM,City Hyde Park,Franchise_Type__c,(null),In-Franchise,franchise_mapping.json (Monday-derived),2026-04-24T13:49:49,backfill
006WR00000wkBUmYAM,Ascend at Chisholm Trail Apartments,Franchise_Type__c,(null),In-Franchise,franchise_mapping.json (Monday-derived),2026-04-24T13:49:49,backfill
006WR00000wkBUnYAM,Cloisters,Franchise_Type__c,(null),In-Franchise,franchise_mapping.json (Monday-derived),2026-04-24T13:49:49,backfill
006WR00000wkBUoYAM,Cornell Terrace,Franchise_Type__c,(null),In-Franchise,franchise_mapping.json (Monday-derived),2026-04-24T13:49:49,backfill
006WR00000wkBUpYAM,Marland Place,Franchise_Type__c,(null),In-Franchise,franchise_mapping.json (Monday-derived),2026-04-24T13:49:49,backfill
006WR00000wkBUqYAM,Canfield Apartments,Franchise_Type__c,(null),In-Franchise,franchise_mapping.json (Monday-derived),2026-04-24T13:49:49,backfill
006WR00000wkBUrYAM,3445 S Rhodes Ave,Franchise_Type__c,(null),In-Franchise,franchise_mapping.json (Monday-derived),2026-04-24T13:49:49,backfill
006WR00000wkBUsYAM,Adams Park Apartments,Franchise_Type__c,(null),In-Franchise,franchise_mapping.json (Monday-derived),2026-04-24T13:49:49,backfill
006WR00000wkBUtYAM,Encore Landing Apartment Homes,Franchise_Type__c,(null),In-Franchise,franchise_mapping.json (Monday-derived),2026-04-24T13:49:49,backfill
006WR00000wkBUuYAM,3440 S Cottage Grove,Franchise_Type__c,(null),In-Franchise,franchise_mapping.json (Monday-derived),2026-04-24T13:49:49,backfill
006WR00000wkBUvYAM,Canal Station,Franchise_Type__c,(null),In-Franchise,franchise_mapping.json (Monday-derived),2026-04-24T13:49:49,backfill
006WR00000wkBUwYAM,1018 E. 54th Street,Franchise_Type__c,(null),In-Franchise,franchise_mapping.json (Monday-derived),2026-04-24T13:49:49,backfill
006WR00000wkBUxYAM,Bristol Park at Eagle Mountain,Franchise_Type__c,(null),In-Franchise,franchise_mapping.json (Monday-derived),2026-04-24T13:49:49,backfill
006WR00000wkBUyYAM,1101 E. Hyde Park Boulevard,Franchise_Type__c,(null),In-Franchise,franchise_mapping.json (Monday-derived),2026-04-24T13:49:49,backfill
006WR00000wkBUzYAM,1154-56 E. 56th Street,Franchise_Type__c,(null),In-Franchise,franchise_mapping.json (Monday-derived),2026-04-24T13:49:49,backfill
006WR00000wkBV0YAM,1321 E. 57th St,Franchise_Type__c,(null),In-Franchise,franchise_mapping.json (Monday-derived),2026-04-24T13:49:49,backfill
006WR00000wkBV1YAM,1323 E. 57th St,Franchise_Type__c,(null),In-Franchise,franchise_mapping.json (Monday-derived),2026-04-24T13:49:49,backfill
006WR00000wkBV2YAM,1358 E. 58th Street,Franchise_Type__c,(null),In-Franchise,franchise_mapping.json (Monday-derived),2026-04-24T13:49:49,backfill
006WR00000wkBV3YAM,1400 E. 57th Street,Franchise_Type__c,(null),In-Franchise,franchise_mapping.json (Monday-derived),2026-04-24T13:49:49,backfill
006WR00000wkBV4YAM,Amber Court,Franchise_Type__c,(null),In-Franchise,franchise_mapping.json (Monday-derived),2026-04-24T13:49:49,backfill
006WR00000wkBV5YAM,Bridges of San Ramon,Franchise_Type__c,(null),In-Franchise,franchise_mapping.json (Monday-derived),2026-04-24T13:49:49,backfill
006WR00000wkBV6YAM,Carlyle,Franchise_Type__c,(null),In-Franchise,franchise_mapping.json (Monday-derived),2026-04-24T13:49:49,backfill
006WR00000wkBV7YAM,Cotton Wood,Franchise_Type__c,(null),In-Franchise,franchise_mapping.json (Monday-derived),2026-04-24T13:49:49,backfill
006WR00000wkBV8YAM,Campbell Run,Franchise_Type__c,(null),In-Franchise,franchise_mapping.json (Monday-derived),2026-04-24T13:49:49,backfill
006WR00000wkBV9YAM,1413-15 E. 57th St,Franchise_Type__c,(null),In-Franchise,franchise_mapping.json (Monday-derived),2026-04-24T13:49:49,backfill
006WR00000wkBVAYA2,1440-1450 E. 52nd Street,Franchise_Type__c,(null),In-Franchise,franchise_mapping.json (Monday-derived),2026-04-24T13:49:49,backfill
006WR00000wkBVBYA2,1515-1521 E. 54th Street,Franchise_Type__c,(null),In-Franchise,franchise_mapping.json (Monday-derived),2026-04-24T13:49:49,backfill
006WR00000wkBVCYA2,Cedar Park Apartments,Franchise_Type__c,(null),In-Franchise,franchise_mapping.json (Monday-derived),2026-04-24T13:49:49,backfill
006WR00000wkBVDYA2,Asbury Park Apartments,Franchise_Type__c,(null),In-Franchise,franchise_mapping.json (Monday-derived),2026-04-24T13:49:49,backfill
006WR00000wkBVEYA2,Brazos Park Apartments,Franchise_Type__c,(null),In-Franchise,franchise_mapping.json (Monday-derived),2026-04-24T13:49:49,backfill
006WR00000wkBVFYA2,Crystal Falls Crossing,Franchise_Type__c,(null),In-Franchise,franchise_mapping.json (Monday-derived),2026-04-24T13:49:49,backfill
006WR00000wkBVGYA2,Clear Creek Meadows,Franchise_Type__c,(null),In-Franchise,franchise_mapping.json (Monday-derived),2026-04-24T13:49:49,backfill
006WR00000wkBVHYA2,Belle Oaks Apartments,Franchise_Type__c,(null),In-Franchise,franchise_mapping.json (Monday-derived),2026-04-24T13:49:49,backfill
006WR00000wkBVIYA2,Chappell Oaks Apartments,Franchise_Type__c,(null),In-Franchise,franchise_mapping.json (Monday-derived),2026-04-24T13:49:49,backfill
006WR00000wkBVJYA2,Country Square,Franchise_Type__c,(null),In-Franchise,franchise_mapping.json (Monday-derived),2026-04-24T13:49:49,backfill
006WR00000wkBn3YAE,Cove Village Apartments,Franchise_Type__c,(null),In-Franchise,franchise_mapping.json (Monday-derived),2026-04-24T13:49:49,backfill
006WR00000wkBn4YAE,Brookview Village Apartments,Franchise_Type__c,(null),In-Franchise,franchise_mapping.json (Monday-derived),2026-04-24T13:49:49,backfill
006WR00000wkBn5YAE,Autumn Chase Apartments,Franchise_Type__c,(null),In-Franchise,franchise_mapping.json (Monday-derived),2026-04-24T13:49:49,backfill
006WR00000wkBn6YAE,Centerpoint Landing,Franchise_Type__c,(null),In-Franchise,franchise_mapping.json (Monday-derived),2026-04-24T13:49:49,backfill
006WR00000wkBn7YAE,Avana River Park Apartments,Franchise_Type__c,(null),In-Franchise,franchise_mapping.json (Monday-derived),2026-04-24T13:49:49,backfill
006WR00000wkBn8YAE,Fox Meadows Apartments,Franchise_Type__c,(null),In-Franchise,franchise_mapping.json (Monday-derived),2026-04-24T13:49:49,backfill
006WR00000wkBn9YAE,500 Flats Apartments,Franchise_Type__c,(null),In-Franchise,franchise_mapping.json (Monday-derived),2026-04-24T13:49:49,backfill
006WR00000wkBnAYAU,Solstice on the Park,Franchise_Type__c,(null),In-Franchise,franchise_mapping.json (Monday-derived),2026-04-24T13:49:49,backfill
006WR00000wkBnBYAU,Butler Place Apartments,Franchise_Type__c,(null),In-Franchise,franchise_mapping.json (Monday-derived),2026-04-24T13:49:49,backfill
006WR00000wkBnCYAU,Bear Creek at Hardwood,Franchise_Type__c,(null),In-Franchise,franchise_mapping.json (Monday-derived),2026-04-24T13:49:49,backfill
006WR00000wkBnDYAU,Bell City Line,Franchise_Type__c,(null),In-Franchise,franchise_mapping.json (Monday-derived),2026-04-24T13:49:49,backfill
006WR00000wkBnEYAU,Belmond,Franchise_Type__c,(null),In-Franchise,franchise_mapping.json (Monday-derived),2026-04-24T13:49:49,backfill
006WR00000wkBnFYAU,Bell Tower,Franchise_Type__c,(null),In-Franchise,franchise_mapping.json (Monday-derived),2026-04-24T13:49:49,backfill
006WR00000wkBnGYAU,Cameron Creek,Franchise_Type__c,(null),In-Franchise,franchise_mapping.json (Monday-derived),2026-04-24T13:49:49,backfill
006WR00000wkBnHYAU,Canopy Homes,Franchise_Type__c,(null),In-Franchise,franchise_mapping.json (Monday-derived),2026-04-24T13:49:49,backfill
006WR00000wkBnIYAU,Casa Place Apartments,Franchise_Type__c,(null),In-Franchise,franchise_mapping.json (Monday-derived),2026-04-24T13:49:49,backfill
006WR00000wkBnJYAU,Ash Lane,Franchise_Type__c,(null),In-Franchise,franchise_mapping.json (Monday-derived),2026-04-24T13:49:49,backfill
006WR00000wkBnKYAU,Community Place Apartments,Franchise_Type__c,(null),In-Franchise,franchise_mapping.json (Monday-derived),2026-04-24T13:49:49,backfill
006WR00000wkBnLYAU,AAA Properties dba Chateau Apartments,Franchise_Type__c,(null),In-Franchise,franchise_mapping.json (Monday-derived),2026-04-24T13:49:49,backfill
006WR00000wkBnMYAU,Center Point Apartments,Franchise_Type__c,(null),In-Franchise,franchise_mapping.json (Monday-derived),2026-04-24T13:49:49,backfill
006WR00000wkBnNYAU,Bridges at Deer Run,Franchise_Type__c,(null),In-Franchise,franchise_mapping.json (Monday-derived),2026-04-24T13:49:49,backfill
006WR00000wkBnOYAU,Clark Ridge Canyon,Franchise_Type__c,(null),In-Franchise,franchise_mapping.json (Monday-derived),2026-04-24T13:49:49,backfill
006WR00000wkBnPYAU,Chapel Brook Apartments,Franchise_Type__c,(null),In-Franchise,franchise_mapping.json (Monday-derived),2026-04-24T13:49:49,backfill
006WR00000wkBnQYAU,Cantera Apartment Homes,Franchise_Type__c,(null),In-Franchise,franchise_mapping.json (Monday-derived),2026-04-24T13:49:49,backfill
006WR00000wkBnRYAU,Copperfield Village AKA Morada Victoria East,Franchise_Type__c,(null),In-Franchise,franchise_mapping.json (Monday-derived),2026-04-24T13:49:49,backfill
006WR00000wkBnSYAU,Cornell at Midtown,Franchise_Type__c,(null),In-Franchise,franchise_mapping.json (Monday-derived),2026-04-24T13:49:49,backfill
006WR00000wkBnTYAU,Chateau Apartments,Franchise_Type__c,(null),In-Franchise,franchise_mapping.json (Monday-derived),2026-04-24T13:49:49,backfill
006WR00000wkBnUYAU,Chapel Creek Apartments,Franchise_Type__c,(null),In-Franchise,franchise_mapping.json (Monday-derived),2026-04-24T13:49:49,backfill
006WR00000wkBnVYAU,Bear Grounds,Franchise_Type__c,(null),In-Franchise,franchise_mapping.json (Monday-derived),2026-04-24T13:49:49,backfill
006WR00000wkBnWYAU,Country Club Apartments,Franchise_Type__c,(null),In-Franchise,franchise_mapping.json (Monday-derived),2026-04-24T13:49:49,backfill
006WR00000wkBnXYAU,Chase Place,Franchise_Type__c,(null),In-Franchise,franchise_mapping.json (Monday-derived),2026-04-24T13:49:49,backfill
006WR00000wkBnYYAU,Bent Tree Trails Apartments,Franchise_Type__c,(null),In-Franchise,franchise_mapping.json (Monday-derived),2026-04-24T13:49:49,backfill
006WR00000wkBnZYAU,2929 Wycliff,Franchise_Type__c,(null),In-Franchise,franchise_mapping.json (Monday-derived),2026-04-24T13:49:49,backfill
006WR00000wkBnaYAE,Bella Vista Apartments,Franchise_Type__c,(null),In-Franchise,franchise_mapping.json (Monday-derived),2026-04-24T13:49:49,backfill
006WR00000wkBnbYAE,Crest Oasis,Franchise_Type__c,(null),In-Franchise,franchise_mapping.json (Monday-derived),2026-04-24T13:49:49,backfill
006WR00000wkBncYAE,Central Square at Frisco Square,Franchise_Type__c,(null),In-Franchise,franchise_mapping.json (Monday-derived),2026-04-24T13:49:49,backfill
006WR00000wkBndYAE,Abbey Glenn,Franchise_Type__c,(null),In-Franchise,franchise_mapping.json (Monday-derived),2026-04-24T13:49:49,backfill
006WR00000wkBneYAE,Clarendale at Indian Lake,Franchise_Type__c,(null),In-Franchise,franchise_mapping.json (Monday-derived),2026-04-24T13:49:49,backfill
006WR00000wkBnfYAE,1809 on Cox Apartments,Franchise_Type__c,(null),In-Franchise,franchise_mapping.json (Monday-derived),2026-04-24T13:49:49,backfill
006WR00000wkBngYAE,The Delaney at Lake Waco,Franchise_Type__c,(null),In-Franchise,franchise_mapping.json (Monday-derived),2026-04-24T13:49:49,backfill
006WR00000wkBnhYAE,Drexel Grand,Franchise_Type__c,(null),In-Franchise,franchise_mapping.json (Monday-derived),2026-04-24T13:49:49,backfill
006WR00000wkBniYAE,The Delaney at Parkway Lakes,Franchise_Type__c,(null),In-Franchise,franchise_mapping.json (Monday-derived),2026-04-24T13:49:49,backfill
006WR00000wkBnjYAE,Drexel Terrace,Franchise_Type__c,(null),In-Franchise,franchise_mapping.json (Monday-derived),2026-04-24T13:49:49,backfill
006WR00000wkBnkYAE,The Delaney at South Shore,Franchise_Type__c,(null),In-Franchise,franchise_mapping.json (Monday-derived),2026-04-24T13:49:49,backfill
006WR00000wkBnlYAE,East Park Tower,Franchise_Type__c,(null),In-Franchise,franchise_mapping.json (Monday-derived),2026-04-24T13:49:49,backfill
006WR00000wkBnmYAE,Ellis Court,Franchise_Type__c,(null),In-Franchise,franchise_mapping.json (Monday-derived),2026-04-24T13:49:49,backfill
006WR00000wkBnnYAE,Greenwood 5201,Franchise_Type__c,(null),In-Franchise,franchise_mapping.json (Monday-derived),2026-04-24T13:49:49,backfill
006WR00000wkBnoYAE,Harper Court,Franchise_Type__c,(null),In-Franchise,franchise_mapping.json (Monday-derived),2026-04-24T13:49:49,backfill
006WR00000wkBnpYAE,Adams Bend Apartments,Franchise_Type__c,(null),In-Franchise,franchise_mapping.json (Monday-derived),2026-04-24T13:49:49,backfill
006WR00000wkBnqYAE,Kenwood Court,Franchise_Type__c,(null),In-Franchise,franchise_mapping.json (Monday-derived),2026-04-24T13:49:49,backfill
006WR00000wkBnrYAE,Branch Creek Apartments,Franchise_Type__c,(null),In-Franchise,franchise_mapping.json (Monday-derived),2026-04-24T13:49:49,backfill
006WR00000wkBnsYAE,Carrara at Cole33,Franchise_Type__c,(null),In-Franchise,franchise_mapping.json (Monday-derived),2026-04-24T13:49:49,backfill
006WR00000wkBntYAE,Maple Court,Franchise_Type__c,(null),In-Franchise,franchise_mapping.json (Monday-derived),2026-04-24T13:49:49,backfill
006WR00000wkBnuYAE,Paramour,Franchise_Type__c,(null),In-Franchise,franchise_mapping.json (Monday-derived),2026-04-24T13:49:49,backfill
006WR00000wkBnvYAE,Ashford Apartments,Franchise_Type__c,(null),In-Franchise,franchise_mapping.json (Monday-derived),2026-04-24T13:49:49,backfill
006WR00000wkBnwYAE,Shoreland,Franchise_Type__c,(null),In-Franchise,franchise_mapping.json (Monday-derived),2026-04-24T13:49:49,backfill
006WR00000wkBnxYAE,Carrollton Park of North Dallas,Franchise_Type__c,(null),In-Franchise,franchise_mapping.json (Monday-derived),2026-04-24T13:49:49,backfill
006WR00000wkBnyYAE,The Blackwood,Franchise_Type__c,(null),In-Franchise,franchise_mapping.json (Monday-derived),2026-04-24T13:49:49,backfill
006WR00000wkBnzYAE,The Del Prado,Franchise_Type__c,(null),In-Franchise,franchise_mapping.json (Monday-derived),2026-04-24T13:49:49,backfill
006WR00000wkBo0YAE,Andalusian Gate,Franchise_Type__c,(null),In-Franchise,franchise_mapping.json (Monday-derived),2026-04-24T13:49:49,backfill
006WR00000wkBo1YAE,The Pepperland,Franchise_Type__c,(null),In-Franchise,franchise_mapping.json (Monday-derived),2026-04-24T13:49:49,backfill
006WR00000wkBo2YAE,Brookhaven,Franchise_Type__c,(null),In-Franchise,franchise_mapping.json (Monday-derived),2026-04-24T13:49:49,backfill
006WR00000wkBo3YAE,The Sutherland,Franchise_Type__c,(null),In-Franchise,franchise_mapping.json (Monday-derived),2026-04-24T13:49:49,backfill
006WR00000wkBo4YAE,Courtney Place,Franchise_Type__c,(null),In-Franchise,franchise_mapping.json (Monday-derived),2026-04-24T13:49:49,backfill
006WR00000wkBo5YAE,Windermere House,Franchise_Type__c,(null),In-Franchise,franchise_mapping.json (Monday-derived),2026-04-24T13:49:49,backfill
006WR00000wkBo6YAE,Cortland Waters Edge,Franchise_Type__c,(null),In-Franchise,franchise_mapping.json (Monday-derived),2026-04-24T13:49:49,backfill
006WR00000wkBo7YAE,Aberdeen at Bellmar,Franchise_Type__c,(null),In-Franchise,franchise_mapping.json (Monday-derived),2026-04-24T13:49:49,backfill
006WR00000wkBo8YAE,Woodlawn Court,Franchise_Type__c,(null),In-Franchise,franchise_mapping.json (Monday-derived),2026-04-24T13:49:49,backfill
006WR00000wkBo9YAE,Crest at Park Central,Franchise_Type__c,(null),In-Franchise,franchise_mapping.json (Monday-derived),2026-04-24T13:49:49,backfill
006WR00000wkBoAYAU,Woodlawn Terrace,Franchise_Type__c,(null),In-Franchise,franchise_mapping.json (Monday-derived),2026-04-24T13:49:49,backfill
006WR00000wkBoBYAU,Apple Creek,Franchise_Type__c,(null),In-Franchise,franchise_mapping.json (Monday-derived),2026-04-24T13:49:49,backfill
006WR00000wkBoCYAU,Cortland at West Village,Franchise_Type__c,(null),In-Franchise,franchise_mapping.json (Monday-derived),2026-04-24T13:49:49,backfill
006WR00000wkBoDYAU,Bell Katy Trail,Franchise_Type__c,(null),In-Franchise,franchise_mapping.json (Monday-derived),2026-04-24T13:49:49,backfill
006WR00000wkBoEYAU,Cityplace Heights,Franchise_Type__c,(null),In-Franchise,franchise_mapping.json (Monday-derived),2026-04-24T13:49:49,backfill
006WR00000wkBoFYAU,4123 Cedar Springs,Franchise_Type__c,(null),In-Franchise,franchise_mapping.json (Monday-derived),2026-04-24T13:49:49,backfill
006WR00000wkBoGYAU,Enchanted Hills,Franchise_Type__c,(null),In-Franchise,franchise_mapping.json (Monday-derived),2026-04-24T13:49:49,backfill
006WR00000wkBoHYAU,Woods Edge Apartments,Franchise_Type__c,(null),In-Franchise,franchise_mapping.json (Monday-derived),2026-04-24T13:49:49,backfill
006WR00000wkBoIYAU,Darby Knox District,Franchise_Type__c,(null),In-Franchise,franchise_mapping.json (Monday-derived),2026-04-24T13:49:49,backfill
006WR00000wkBoJYAU,Mallard Court,Franchise_Type__c,(null),In-Franchise,franchise_mapping.json (Monday-derived),2026-04-24T13:49:49,backfill
006WR00000wkBoKYAU,7900 at Park Central,Franchise_Type__c,(null),In-Franchise,franchise_mapping.json (Monday-derived),2026-04-24T13:49:49,backfill
006WR00000wkBoLYAU,The Village at Elkridge,Franchise_Type__c,(null),In-Franchise,franchise_mapping.json (Monday-derived),2026-04-24T13:49:49,backfill
006WR00000wkBoMYAU,Churchill on the Park,Franchise_Type__c,(null),In-Franchise,franchise_mapping.json (Monday-derived),2026-04-24T13:49:49,backfill
006WR00000wkBoNYAU,Austin Bluff,Franchise_Type__c,(null),In-Franchise,franchise_mapping.json (Monday-derived),2026-04-24T13:49:49,backfill
006WR00000wkBoOYAU,Potomac Garden,Franchise_Type__c,(null),In-Franchise,franchise_mapping.json (Monday-derived),2026-04-24T13:49:49,backfill
006WR00000wkBoPYAU,Axis at Wycliff,Franchise_Type__c,(null),In-Franchise,franchise_mapping.json (Monday-derived),2026-04-24T13:49:49,backfill
006WR00000wkBoQYAU,Van Allen Apartments,Franchise_Type__c,(null),In-Franchise,franchise_mapping.json (Monday-derived),2026-04-24T13:49:49,backfill
006WR00000wkBoRYAU,Sunrise Solar,Franchise_Type__c,(null),In-Franchise,franchise_mapping.json (Monday-derived),2026-04-24T13:49:49,backfill
006WR00000wkBoSYAU,Pine Park Terrace,Franchise_Type__c,(null),In-Franchise,franchise_mapping.json (Monday-derived),2026-04-24T13:49:49,backfill
006WR00000wkBoTYAU,Mohawk River Apartments,Franchise_Type__c,(null),In-Franchise,franchise_mapping.json (Monday-derived),2026-04-24T13:49:49,backfill
006WR00000wkBoUYAU,Long Pond Village,Franchise_Type__c,(null),In-Franchise,franchise_mapping.json (Monday-derived),2026-04-24T13:49:49,backfill
006WR00000wkBoVYAU,Homeroom Lofts,Franchise_Type__c,(null),In-Franchise,franchise_mapping.json (Monday-derived),2026-04-24T13:49:49,backfill
006WR00000wkBoWYAU,Halfmoon Garden Apartments,Franchise_Type__c,(null),In-Franchise,franchise_mapping.json (Monday-derived),2026-04-24T13:49:49,backfill
006WR00000wkBoXYAU,Grover Cleveland Apartments,Franchise_Type__c,(null),In-Franchise,franchise_mapping.json (Monday-derived),2026-04-24T13:49:49,backfill
006WR00000wkBoYYAU,Draper Lofts,Franchise_Type__c,(null),In-Franchise,franchise_mapping.json (Monday-derived),2026-04-24T13:49:49,backfill
006WR00000wkBoZYAU,Squaw Creek MHP,Franchise_Type__c,(null),In-Franchise,franchise_mapping.json (Monday-derived),2026-04-24T13:49:49,backfill
006WR00000wkBoaYAE,Kently Pointe,Franchise_Type__c,(null),In-Franchise,franchise_mapping.json (Monday-derived),2026-04-24T13:49:49,backfill
006WR00000wkBobYAE,Country Estates,Franchise_Type__c,(null),In-Franchise,franchise_mapping.json (Monday-derived),2026-04-24T13:49:49,backfill
006WR00000wkBocYAE,The Summit,Franchise_Type__c,(null),In-Franchise,franchise_mapping.json (Monday-derived),2026-04-24T13:49:49,backfill
006WR00000wkBodYAE,Maris Apartments,Franchise_Type__c,(null),In-Franchise,franchise_mapping.json (Monday-derived),2026-04-24T13:49:49,backfill
006WR00000wkBoeYAE,Deer Park,Franchise_Type__c,(null),In-Franchise,franchise_mapping.json (Monday-derived),2026-04-24T13:49:49,backfill
006WR00000wkBofYAE,Keelers Corner,Franchise_Type__c,(null),In-Franchise,franchise_mapping.json (Monday-derived),2026-04-24T13:49:49,backfill
006WR00000wkBogYAE,Main St Flats,Franchise_Type__c,(null),In-Franchise,franchise_mapping.json (Monday-derived),2026-04-24T13:49:49,backfill
006WR00000wkBohYAE,Thornton Place,Franchise_Type__c,(null),In-Franchise,franchise_mapping.json (Monday-derived),2026-04-24T13:49:49,backfill
006WR00000wkBoiYAE,Washington Park Tower,Franchise_Type__c,(null),In-Franchise,franchise_mapping.json (Monday-derived),2026-04-24T13:49:49,backfill
006WR00000wkBojYAE,The Outlook at Windhaven,Franchise_Type__c,(null),In-Franchise,franchise_mapping.json (Monday-derived),2026-04-24T13:49:49,backfill
006WR00000wkBokYAE,Shady Creek Ranch Apartments,Franchise_Type__c,(null),In-Franchise,franchise_mapping.json (Monday-derived),2026-04-24T13:49:49,backfill
006WR00000wkBolYAE,Apple Creek Apartments,Franchise_Type__c,(null),In-Franchise,franchise_mapping.json (Monday-derived),2026-04-24T13:49:49,backfill
006WR00000wkBomYAE,Unnamed,Franchise_Type__c,(null),In-Franchise,franchise_mapping.json (Monday-derived),2026-04-24T13:49:49,backfill
006WR00000wkBonYAE,Aspenwood,Franchise_Type__c,(null),In-Franchise,franchise_mapping.json (Monday-derived),2026-04-24T13:49:49,backfill
006WR00000wkBooYAE,Parcwood,Franchise_Type__c,(null),In-Franchise,franchise_mapping.json (Monday-derived),2026-04-24T13:49:49,backfill
006WR00000wkBopYAE,San Marquis,Franchise_Type__c,(null),In-Franchise,franchise_mapping.json (Monday-derived),2026-04-24T13:49:49,backfill
006WR00000wkBoqYAE,Harbor Cove,Franchise_Type__c,(null),In-Franchise,franchise_mapping.json (Monday-derived),2026-04-24T13:49:49,backfill
006WR00000wkBorYAE,La Vina,Franchise_Type__c,(null),In-Franchise,franchise_mapping.json (Monday-derived),2026-04-24T13:49:49,backfill
006WR00000wkBosYAE,Park Hacienda,Franchise_Type__c,(null),In-Franchise,franchise_mapping.json (Monday-derived),2026-04-24T13:49:49,backfill
006WR00000wkBotYAE,Edgewood Park,Franchise_Type__c,(null),In-Franchise,franchise_mapping.json (Monday-derived),2026-04-24T13:49:49,backfill
006WR00000wkBouYAE,Metropolitan Park,Franchise_Type__c,(null),In-Franchise,franchise_mapping.json (Monday-derived),2026-04-24T13:49:49,backfill
006WR00000wkBovYAE,Nightingale,Franchise_Type__c,(null),In-Franchise,franchise_mapping.json (Monday-derived),2026-04-24T13:49:49,backfill
006WR00000wkBowYAE,Overlook at Lakemont,Franchise_Type__c,(null),In-Franchise,franchise_mapping.json (Monday-derived),2026-04-24T13:49:49,backfill
006WR00000wkBoxYAE,Redmond Place Apartments,Franchise_Type__c,(null),In-Franchise,franchise_mapping.json (Monday-derived),2026-04-24T13:49:49,backfill
006WR00000wkBoyYAE,Vue Kirkland,Franchise_Type__c,(null),In-Franchise,franchise_mapping.json (Monday-derived),2026-04-24T13:49:49,backfill
006WR00000wkBozYAE,Grand Reserve,Franchise_Type__c,(null),In-Franchise,franchise_mapping.json (Monday-derived),2026-04-24T13:49:49,backfill
006WR00000wkBp0YAE,Centreport Lake Apartments,Franchise_Type__c,(null),In-Franchise,franchise_mapping.json (Monday-derived),2026-04-24T13:49:49,backfill
006WR00000wkBp1YAE,Whispering Pines,Franchise_Type__c,(null),In-Franchise,franchise_mapping.json (Monday-derived),2026-04-24T13:49:49,backfill
006WR00000wkBp2YAE,College Park Apartments,Franchise_Type__c,(null),In-Franchise,franchise_mapping.json (Monday-derived),2026-04-24T13:49:49,backfill
006WR00000wkBp3YAE,Chase Apartments,Franchise_Type__c,(null),In-Franchise,franchise_mapping.json (Monday-derived),2026-04-24T13:49:49,backfill
006WR00000wkBp4YAE,Avocado Court,Franchise_Type__c,(null),In-Franchise,franchise_mapping.json (Monday-derived),2026-04-24T13:49:49,backfill
006WR00000wkBp5YAE,Cedar Nettleton Apartments,Franchise_Type__c,(null),In-Franchise,franchise_mapping.json (Monday-derived),2026-04-24T13:49:49,backfill
006WR00000wkBp6YAE,Willow Creek Apartments,Franchise_Type__c,(null),In-Franchise,franchise_mapping.json (Monday-derived),2026-04-24T13:49:49,backfill
006WR00000wkBp7YAE,Lakeline Apartments,Franchise_Type__c,(null),In-Franchise,franchise_mapping.json (Monday-derived),2026-04-24T13:49:49,backfill
006WR00000wkBp8YAE,Holly Oaks Apartments,Franchise_Type__c,(null),In-Franchise,franchise_mapping.json (Monday-derived),2026-04-24T13:49:49,backfill
006WR00000wkBp9YAE,River Springs at Barge Ranch,Franchise_Type__c,(null),In-Franchise,franchise_mapping.json (Monday-derived),2026-04-24T13:49:49,backfill
006WR00000wkBpAYAU,Oakview Apartments,Franchise_Type__c,(null),In-Franchise,franchise_mapping.json (Monday-derived),2026-04-24T13:49:49,backfill
006WR00000wkBpBYAU,Midtown Apartments,Franchise_Type__c,(null),In-Franchise,franchise_mapping.json (Monday-derived),2026-04-24T13:49:49,backfill
006WR00000wkBpCYAU,Grove at Nolan Creek,Franchise_Type__c,(null),In-Franchise,franchise_mapping.json (Monday-derived),2026-04-24T13:49:49,backfill
006WR00000wkBpDYAU,Heritage Village Apartments,Franchise_Type__c,(null),In-Franchise,franchise_mapping.json (Monday-derived),2026-04-24T13:49:49,backfill
006WR00000wkBpEYAU,University Club Apartments,Franchise_Type__c,(null),In-Franchise,franchise_mapping.json (Monday-derived),2026-04-24T13:49:49,backfill
006WR00000wkBpFYAU,Eagle Crest Apartments,Franchise_Type__c,(null),In-Franchise,franchise_mapping.json (Monday-derived),2026-04-24T13:49:49,backfill
006WR00000wkBpGYAU,Woodbridge Crossing,Franchise_Type__c,(null),In-Franchise,franchise_mapping.json (Monday-derived),2026-04-24T13:49:49,backfill
006WR00000wkBpHYAU,Liberty Trails Apartments,Franchise_Type__c,(null),In-Franchise,franchise_mapping.json (Monday-derived),2026-04-24T13:49:49,backfill
006WR00000wkBpIYAU,Oasis Apartments,Franchise_Type__c,(null),In-Franchise,franchise_mapping.json (Monday-derived),2026-04-24T13:49:49,backfill
006WR00000wkBpJYAU,San Gabriel Crossing,Franchise_Type__c,(null),In-Franchise,franchise_mapping.json (Monday-derived),2026-04-24T13:49:49,backfill
006WR00000wkBpKYAU,Oak Ridge,Franchise_Type__c,(null),In-Franchise,franchise_mapping.json (Monday-derived),2026-04-24T13:49:49,backfill
006WR00000wkBpLYAU,Pecan Pointe Apartments,Franchise_Type__c,(null),In-Franchise,franchise_mapping.json (Monday-derived),2026-04-24T13:49:49,backfill
006WR00000wkBpMYAU,Wildflower VIllas,Franchise_Type__c,(null),In-Franchise,franchise_mapping.json (Monday-derived),2026-04-24T13:49:49,backfill
006WR00000wkBpNYAU,Exchange Sunshine Apartments,Franchise_Type__c,(null),In-Franchise,franchise_mapping.json (Monday-derived),2026-04-24T13:49:49,backfill
006WR00000wkBpOYAU,West Avenue F Apartments,Franchise_Type__c,(null),In-Franchise,franchise_mapping.json (Monday-derived),2026-04-24T13:49:49,backfill
006WR00000wkBpPYAU,The Kyle,Franchise_Type__c,(null),In-Franchise,franchise_mapping.json (Monday-derived),2026-04-24T13:49:49,backfill
006WR00000wkBpQYAU,Hunnington Townhomes,Franchise_Type__c,(null),In-Franchise,franchise_mapping.json (Monday-derived),2026-04-24T13:49:49,backfill
006WR00000wkBpRYAU,Montrose Place Apartments,Franchise_Type__c,(null),In-Franchise,franchise_mapping.json (Monday-derived),2026-04-24T13:49:49,backfill
006WR00000wkBpSYAU,Stubblefield Park,Franchise_Type__c,(null),In-Franchise,franchise_mapping.json (Monday-derived),2026-04-24T13:49:49,backfill
006WR00000wkBpTYAU,MAA Willow Creek,Franchise_Type__c,(null),In-Franchise,franchise_mapping.json (Monday-derived),2026-04-24T13:49:49,backfill
006WR00000wkBpUYAU,MAA Shoal Creek,Franchise_Type__c,(null),In-Franchise,franchise_mapping.json (Monday-derived),2026-04-24T13:49:49,backfill
006WR00000wkBpVYAU,MAA Windmill Hill,Franchise_Type__c,(null),In-Franchise,franchise_mapping.json (Monday-derived),2026-04-24T13:49:49,backfill
006WR00000wkBpWYAU,Station 42,Franchise_Type__c,(null),In-Franchise,franchise_mapping.json (Monday-derived),2026-04-24T13:49:49,backfill
006WR00000wkBpXYAU,The Atlantic at Kessler Park,Franchise_Type__c,(null),In-Franchise,franchise_mapping.json (Monday-derived),2026-04-24T13:49:49,backfill
006WR00000wkBpYYAU,Lakeside Apartments,Franchise_Type__c,(null),In-Franchise,franchise_mapping.json (Monday-derived),2026-04-24T13:49:49,backfill
006WR00000wkBpZYAU,The Greens at Hickory Trail,Franchise_Type__c,(null),In-Franchise,franchise_mapping.json (Monday-derived),2026-04-24T13:49:49,backfill
006WR00000wkBpaYAE,Gabriella,Franchise_Type__c,(null),In-Franchise,franchise_mapping.json (Monday-derived),2026-04-24T13:49:49,backfill
006WR00000wkBpbYAE,Harlowe,Franchise_Type__c,(null),In-Franchise,franchise_mapping.json (Monday-derived),2026-04-24T13:49:49,backfill
006WR00000wkBpcYAE,Trinity Union Apartments,Franchise_Type__c,(null),In-Franchise,franchise_mapping.json (Monday-derived),2026-04-24T13:49:49,backfill
006WR00000wkBpdYAE,Westdale Hills - Doral,Franchise_Type__c,(null),In-Franchise,franchise_mapping.json (Monday-derived),2026-04-24T13:49:49,backfill
006WR00000wkBpeYAE,The Retreat at River Ranch Apartments,Franchise_Type__c,(null),In-Franchise,franchise_mapping.json (Monday-derived),2026-04-24T13:49:49,backfill
006WR00000wkBpfYAE,The Barcelona on Chisholm Trail Apartments,Franchise_Type__c,(null),In-Franchise,franchise_mapping.json (Monday-derived),2026-04-24T13:49:49,backfill
006WR00000wkBpgYAE,Marine Creek Apartments,Franchise_Type__c,(null),In-Franchise,franchise_mapping.json (Monday-derived),2026-04-24T13:49:49,backfill
006WR00000wkBphYAE,Southern Oaks Apartments,Franchise_Type__c,(null),In-Franchise,franchise_mapping.json (Monday-derived),2026-04-24T13:49:49,backfill
006WR00000wkBpiYAE,The Creek on Calloway Apartments,Franchise_Type__c,(null),In-Franchise,franchise_mapping.json (Monday-derived),2026-04-24T13:49:49,backfill
006WR00000wkBpjYAE,The Sadie Apartments,Franchise_Type__c,(null),In-Franchise,franchise_mapping.json (Monday-derived),2026-04-24T13:49:49,backfill
006WR00000wkBpkYAE,The Drake on Summit Apartments,Franchise_Type__c,(null),In-Franchise,franchise_mapping.json (Monday-derived),2026-04-24T13:49:49,backfill
006WR00000wkBplYAE,Eastbank at Waterside,Franchise_Type__c,(null),In-Franchise,franchise_mapping.json (Monday-derived),2026-04-24T13:49:49,backfill
006WR00000wkBpmYAE,Oaks Apartments,Franchise_Type__c,(null),In-Franchise,franchise_mapping.json (Monday-derived),2026-04-24T13:49:49,backfill
006WR00000wkBpnYAE,Tides on Post Oak Apartments,Franchise_Type__c,(null),In-Franchise,franchise_mapping.json (Monday-derived),2026-04-24T13:49:49,backfill
006WR00000wkBpoYAE,The Chisholm Apartments,Franchise_Type__c,(null),In-Franchise,franchise_mapping.json (Monday-derived),2026-04-24T13:49:49,backfill
006WR00000wkBppYAE,The Jameson at the Bluffs Apartments,Franchise_Type__c,(null),In-Franchise,franchise_mapping.json (Monday-derived),2026-04-24T13:49:49,backfill
006WR00000wkBpqYAE,The Cooper Apartments,Franchise_Type__c,(null),In-Franchise,franchise_mapping.json (Monday-derived),2026-04-24T13:49:49,backfill
006WR00000wkBprYAE,The Kelton at Clearfork,Franchise_Type__c,(null),In-Franchise,franchise_mapping.json (Monday-derived),2026-04-24T13:49:49,backfill
006WR00000wkBpsYAE,The Davis Apartments,Franchise_Type__c,(null),In-Franchise,franchise_mapping.json (Monday-derived),2026-04-24T13:49:49,backfill
006WR00000wkBptYAE,Oxford at Lake Worth Apartments,Franchise_Type__c,(null),In-Franchise,franchise_mapping.json (Monday-derived),2026-04-24T13:49:49,backfill
006WR00000wkBpuYAE,The George,Franchise_Type__c,(null),In-Franchise,franchise_mapping.json (Monday-derived),2026-04-24T13:49:49,backfill
006WR00000wkBpvYAE,Park West Apartments,Franchise_Type__c,(null),In-Franchise,franchise_mapping.json (Monday-derived),2026-04-24T13:49:49,backfill
006WR00000wkBpwYAE,Mission Pointe Club,Franchise_Type__c,(null),In-Franchise,franchise_mapping.json (Monday-derived),2026-04-24T13:49:49,backfill
006WR00000wkBpxYAE,Kendall Villas,Franchise_Type__c,(null),In-Franchise,franchise_mapping.json (Monday-derived),2026-04-24T13:49:49,backfill
006WR00000wkBpyYAE,Station 121 at Town Center,Franchise_Type__c,(null),In-Franchise,franchise_mapping.json (Monday-derived),2026-04-24T13:49:49,backfill
006WR00000wkBpzYAE,Linda Drive Apartments,Franchise_Type__c,(null),In-Franchise,franchise_mapping.json (Monday-derived),2026-04-24T13:49:49,backfill
006WR00000wkBq0YAE,Mercer 1900 Apartments,Franchise_Type__c,(null),In-Franchise,franchise_mapping.json (Monday-derived),2026-04-24T13:49:49,backfill
006WR00000wkBq1YAE,The Bluffs Apartments,Franchise_Type__c,(null),In-Franchise,franchise_mapping.json (Monday-derived),2026-04-24T13:49:49,backfill
006WR00000wkBq2YAE,Montfort Place,Franchise_Type__c,(null),In-Franchise,franchise_mapping.json (Monday-derived),2026-04-24T13:49:49,backfill
006WR00000wkBq3YAE,Eden Park at Bear Creek,Franchise_Type__c,(null),In-Franchise,franchise_mapping.json (Monday-derived),2026-04-24T13:49:49,backfill
006WR00000wkBq4YAE,Virtue on Azalea,Franchise_Type__c,(null),In-Franchise,franchise_mapping.json (Monday-derived),2026-04-24T13:49:49,backfill
006WR00000wkBq5YAE,The Canyons Apartments,Franchise_Type__c,(null),In-Franchise,franchise_mapping.json (Monday-derived),2026-04-24T13:49:49,backfill
006WR00000wkBq6YAE,Village on Pepper Creek,Franchise_Type__c,(null),In-Franchise,franchise_mapping.json (Monday-derived),2026-04-24T13:49:49,backfill
006WR00000wkBq7YAE,Villa Del Mar,Franchise_Type__c,(null),In-Franchise,franchise_mapping.json (Monday-derived),2026-04-24T13:49:49,backfill
006WR00000wkBq8YAE,The Preserve at Willow Park,Franchise_Type__c,(null),In-Franchise,franchise_mapping.json (Monday-derived),2026-04-24T13:49:49,backfill
006WR00000wkBq9YAE,Neuhaus Lake Worth,Franchise_Type__c,(null),In-Franchise,franchise_mapping.json (Monday-derived),2026-04-24T13:49:49,backfill
006WR00000wkBqAYAU,The Bricks on 13th,Franchise_Type__c,(null),In-Franchise,franchise_mapping.json (Monday-derived),2026-04-24T13:49:49,backfill
006WR00000wkBqBYAU,Parks at Addison Apartments,Franchise_Type__c,(null),In-Franchise,franchise_mapping.json (Monday-derived),2026-04-24T13:49:49,backfill
006WR00000wkBqCYAU,Woodchase Apartments,Franchise_Type__c,(null),In-Franchise,franchise_mapping.json (Monday-derived),2026-04-24T13:49:49,backfill
006WR00000wkBqDYAU,Merrit McGowan Manor,Franchise_Type__c,(null),In-Franchise,franchise_mapping.json (Monday-derived),2026-04-24T13:49:49,backfill
006WR00000wkBqEYAU,The Atlantic Highland Park,Franchise_Type__c,(null),In-Franchise,franchise_mapping.json (Monday-derived),2026-04-24T13:49:49,backfill
006WR00000wkBqFYAU,The Langford,Franchise_Type__c,(null),In-Franchise,franchise_mapping.json (Monday-derived),2026-04-24T13:49:49,backfill
006WR00000wkBqGYAU,Parc Plaza,Franchise_Type__c,(null),In-Franchise,franchise_mapping.json (Monday-derived),2026-04-24T13:49:49,backfill
006WR00000wkC6PYAU,The Caruth,Franchise_Type__c,(null),In-Franchise,franchise_mapping.json (Monday-derived),2026-04-24T13:49:49,backfill
006WR00000wkC6QYAU,Jefferson Innova,Franchise_Type__c,(null),In-Franchise,franchise_mapping.json (Monday-derived),2026-04-24T13:49:49,backfill
006WR00000wkC6RYAU,Gables Uptown Trail,Franchise_Type__c,(null),In-Franchise,franchise_mapping.json (Monday-derived),2026-04-24T13:49:49,backfill
006WR00000wkC6SYAU,Strata,Franchise_Type__c,(null),In-Franchise,franchise_mapping.json (Monday-derived),2026-04-24T13:49:49,backfill
006WR00000wkC6TYAU,Indie Deep Ellum,Franchise_Type__c,(null),In-Franchise,franchise_mapping.json (Monday-derived),2026-04-24T13:49:49,backfill
006WR00000wkC6UYAU,Victorian,Franchise_Type__c,(null),In-Franchise,franchise_mapping.json (Monday-derived),2026-04-24T13:49:49,backfill
006WR00000wkC6VYAU,The Falls & Oaks Village,Franchise_Type__c,(null),In-Franchise,franchise_mapping.json (Monday-derived),2026-04-24T13:49:49,backfill
006WR00000wkC6WYAU,St. Charles Place,Franchise_Type__c,(null),In-Franchise,franchise_mapping.json (Monday-derived),2026-04-24T13:49:49,backfill
006WR00000wkC6XYAU,Swivel,Franchise_Type__c,(null),In-Franchise,franchise_mapping.json (Monday-derived),2026-04-24T13:49:49,backfill
006WR00000wkC6YYAU,The Centerline Apartments,Franchise_Type__c,(null),In-Franchise,franchise_mapping.json (Monday-derived),2026-04-24T13:49:49,backfill
006WR00000wkC6ZYAU,Ocean Hills 55+,Franchise_Type__c,(null),In-Franchise,franchise_mapping.json (Monday-derived),2026-04-24T13:49:49,backfill
006WR00000wkC6aYAE,Immanuel Village,Franchise_Type__c,(null),In-Franchise,franchise_mapping.json (Monday-derived),2026-04-24T13:49:49,backfill
006WR00000wkC6bYAE,Willows Apartments,Franchise_Type__c,(null),In-Franchise,franchise_mapping.json (Monday-derived),2026-04-24T13:49:49,backfill
006WR00000wkC6cYAE,Richland Park Apartments,Franchise_Type__c,(null),In-Franchise,franchise_mapping.json (Monday-derived),2026-04-24T13:49:49,backfill
006WR00000wkC6dYAE,Steeplechase On Maple,Franchise_Type__c,(null),In-Franchise,franchise_mapping.json (Monday-derived),2026-04-24T13:49:49,backfill
006WR00000wkC6eYAE,LivDomo 1,Franchise_Type__c,(null),In-Franchise,franchise_mapping.json (Monday-derived),2026-04-24T13:49:49,backfill
006WR00000wkC6fYAE,LivDomo 2,Franchise_Type__c,(null),In-Franchise,franchise_mapping.json (Monday-derived),2026-04-24T13:49:49,backfill
006WR00000wkC6gYAE,LivDomo 3,Franchise_Type__c,(null),In-Franchise,franchise_mapping.json (Monday-derived),2026-04-24T13:49:49,backfill
006WR00000wkC6hYAE,LivDomo 4,Franchise_Type__c,(null),In-Franchise,franchise_mapping.json (Monday-derived),2026-04-24T13:49:49,backfill
006WR00000wkC6iYAE,LivDomo 5,Franchise_Type__c,(null),In-Franchise,franchise_mapping.json (Monday-derived),2026-04-24T13:49:49,backfill
006WR00000wkC6jYAE,LivDomo 7,Franchise_Type__c,(null),In-Franchise,franchise_mapping.json (Monday-derived),2026-04-24T13:49:49,backfill
006WR00000wkC6kYAE,Somerset Court,Franchise_Type__c,(null),In-Franchise,franchise_mapping.json (Monday-derived),2026-04-24T13:49:49,backfill
006WR00000wkC6lYAE,Robin Hill,Franchise_Type__c,(null),In-Franchise,franchise_mapping.json (Monday-derived),2026-04-24T13:49:49,backfill
006WR00000wkC6mYAE,Park Mesa,Franchise_Type__c,(null),In-Franchise,franchise_mapping.json (Monday-derived),2026-04-24T13:49:49,backfill
006WR00000wkC6nYAE,The Oaks Apartments,Franchise_Type__c,(null),In-Franchise,franchise_mapping.json (Monday-derived),2026-04-24T13:49:49,backfill
006WR00000wkC6oYAE,The Piedmont,Franchise_Type__c,(null),In-Franchise,franchise_mapping.json (Monday-derived),2026-04-24T13:49:49,backfill
006WR00000wkC6pYAE,Vero,Franchise_Type__c,(null),In-Franchise,franchise_mapping.json (Monday-derived),2026-04-24T13:49:49,backfill
006WR00000wkC6qYAE,Ten01 on the Lake,Franchise_Type__c,(null),In-Franchise,franchise_mapping.json (Monday-derived),2026-04-24T13:49:49,backfill
006WR00000wkC6rYAE,The Access,Franchise_Type__c,(null),In-Franchise,franchise_mapping.json (Monday-derived),2026-04-24T13:49:49,backfill
006WR00000wkC6sYAE,Sandshell At Fossil Creek,Franchise_Type__c,(null),In-Franchise,franchise_mapping.json (Monday-derived),2026-04-24T13:49:49,backfill
006WR00000wkC6tYAE,Madison Apartments,Franchise_Type__c,(null),In-Franchise,franchise_mapping.json (Monday-derived),2026-04-24T13:49:49,backfill
006WR00000wkC6uYAE,Oak Knoll Villas,Franchise_Type__c,(null),In-Franchise,franchise_mapping.json (Monday-derived),2026-04-24T13:49:49,backfill
006WR00000wkC6vYAE,Park View Terrace,Franchise_Type__c,(null),In-Franchise,franchise_mapping.json (Monday-derived),2026-04-24T13:49:49,backfill
006WR00000wkC6wYAE,The Avenue at Carlsbad,Franchise_Type__c,(null),In-Franchise,franchise_mapping.json (Monday-derived),2026-04-24T13:49:49,backfill
006WR00000wkC6xYAE,Terra Pointe Apartments,Franchise_Type__c,(null),In-Franchise,franchise_mapping.json (Monday-derived),2026-04-24T13:49:49,backfill
006WR00000wkC6yYAE,Fellowship Square Historic Mesa,Franchise_Type__c,(null),In-Franchise,franchise_mapping.json (Monday-derived),2026-04-24T13:49:49,backfill
006WR00000wkC6zYAE,Indian Creek,Franchise_Type__c,(null),In-Franchise,franchise_mapping.json (Monday-derived),2026-04-24T13:49:49,backfill
006WR00000wkC70YAE,Mac's Mobile Home Park/ Twin Oaks II,Franchise_Type__c,(null),In-Franchise,franchise_mapping.json (Monday-derived),2026-04-24T13:49:49,backfill
006WR00000wkC71YAE,Horizon House [LOST],Franchise_Type__c,(null),In-Franchise,franchise_mapping.json (Monday-derived),2026-04-24T13:49:49,backfill
006WR00000wkC72YAE,Riviera Mobile Home & RV Park,Franchise_Type__c,(null),In-Franchise,franchise_mapping.json (Monday-derived),2026-04-24T13:49:49,backfill
006WR00000wkC73YAE,Loveland by Broadmoor,Franchise_Type__c,(null),In-Franchise,franchise_mapping.json (Monday-derived),2026-04-24T13:49:49,backfill
006WR00000wkC74YAE,Shamrock Trailer Park,Franchise_Type__c,(null),In-Franchise,franchise_mapping.json (Monday-derived),2026-04-24T13:49:49,backfill
006WR00000wkC75YAE,Sea Aire Mobile Park,Franchise_Type__c,(null),In-Franchise,franchise_mapping.json (Monday-derived),2026-04-24T13:49:49,backfill
006WR00000wkC76YAE,West Queen Anne School Condominiums,Franchise_Type__c,(null),In-Franchise,franchise_mapping.json (Monday-derived),2026-04-24T13:49:49,backfill
006WR00000wkC77YAE,Tomball Square Apartments,Franchise_Type__c,(null),In-Franchise,franchise_mapping.json (Monday-derived),2026-04-24T13:49:49,backfill
006WR00000wkC78YAE,Mezzo Condominiums,Franchise_Type__c,(null),In-Franchise,franchise_mapping.json (Monday-derived),2026-04-24T13:49:49,backfill
006WR00000wkC79YAE,Benchmark,Franchise_Type__c,(null),In-Franchise,franchise_mapping.json (Monday-derived),2026-04-24T13:49:49,backfill
006WR00000wkC7AYAU,Aviva Mesa,Franchise_Type__c,(null),In-Franchise,franchise_mapping.json (Monday-derived),2026-04-24T13:49:49,backfill
006WR00000wkC7BYAU,The Village at Sun Valley,Franchise_Type__c,(null),In-Franchise,franchise_mapping.json (Monday-derived),2026-04-24T13:49:49,backfill
006WR00000wkC7CYAU,Highlander,Franchise_Type__c,(null),In-Franchise,franchise_mapping.json (Monday-derived),2026-04-24T13:49:49,backfill
006WR00000wkC7DYAU,Hidden Hills Apartments,Franchise_Type__c,(null),In-Franchise,franchise_mapping.json (Monday-derived),2026-04-24T13:49:49,backfill
006WR00000wkC7EYAU,Green Oak Villas,Franchise_Type__c,(null),In-Franchise,franchise_mapping.json (Monday-derived),2026-04-24T13:49:49,backfill
006WR00000wkC7FYAU,Green Valley MHP,Franchise_Type__c,(null),In-Franchise,franchise_mapping.json (Monday-derived),2026-04-24T13:49:49,backfill
006WR00000wkC7GYAU,Navona,Franchise_Type__c,(null),In-Franchise,franchise_mapping.json (Monday-derived),2026-04-24T13:49:49,backfill
006WR00000wkC7HYAU,Cheatham Street Flats,Franchise_Type__c,(null),In-Franchise,franchise_mapping.json (Monday-derived),2026-04-24T13:49:49,backfill
006WR00000wkC7IYAU,LivDomo 6,Franchise_Type__c,(null),In-Franchise,franchise_mapping.json (Monday-derived),2026-04-24T13:49:49,backfill
006WR00000wkC7JYAU,Radius at the Domain,Franchise_Type__c,(null),In-Franchise,franchise_mapping.json (Monday-derived),2026-04-24T13:49:49,backfill
006WR00000wkC7KYAU,Lindenwood Court Apartments,Franchise_Type__c,(null),In-Franchise,franchise_mapping.json (Monday-derived),2026-04-24T13:49:49,backfill
006WR00000wkC7LYAU,Dana Park Apartments,Franchise_Type__c,(null),In-Franchise,franchise_mapping.json (Monday-derived),2026-04-24T13:49:49,backfill
006WR00000wkC7MYAU,Tramor at the Oaks Apartments,Franchise_Type__c,(null),In-Franchise,franchise_mapping.json (Monday-derived),2026-04-24T13:49:49,backfill
006WR00000wkC7NYAU,1245 W Baseline Rd,Franchise_Type__c,(null),In-Franchise,franchise_mapping.json (Monday-derived),2026-04-24T13:49:49,backfill
006WR00000wkC7OYAU,Pacific Villas,Franchise_Type__c,(null),In-Franchise,franchise_mapping.json (Monday-derived),2026-04-24T13:49:49,backfill
006WR00000wkC7PYAU,Waterworks Condos,Franchise_Type__c,(null),In-Franchise,franchise_mapping.json (Monday-derived),2026-04-24T13:49:49,backfill
006WR00000wkC7QYAU,Marlborough Mesa Villas,Franchise_Type__c,(null),In-Franchise,franchise_mapping.json (Monday-derived),2026-04-24T13:49:49,backfill
006WR00000wkC7RYAU,Graysill Casitas,Franchise_Type__c,(null),In-Franchise,franchise_mapping.json (Monday-derived),2026-04-24T13:49:49,backfill
006WR00000wkC7SYAU,S Karmella Trailer Park,Franchise_Type__c,(null),In-Franchise,franchise_mapping.json (Monday-derived),2026-04-24T13:49:49,backfill
006WR00000wkC7TYAU,Alma Gardens Mobile Home and RV Park,Franchise_Type__c,(null),In-Franchise,franchise_mapping.json (Monday-derived),2026-04-24T13:49:49,backfill
006WR00000wkC7UYAU,Mesa Summit Apartments,Franchise_Type__c,(null),In-Franchise,franchise_mapping.json (Monday-derived),2026-04-24T13:49:49,backfill
006WR00000wkC7VYAU,The PLace at El Prado,Franchise_Type__c,(null),In-Franchise,franchise_mapping.json (Monday-derived),2026-04-24T13:49:49,backfill
006WR00000wkC7WYAU,Westmount at Urban Trails,Franchise_Type__c,(null),In-Franchise,franchise_mapping.json (Monday-derived),2026-04-24T13:49:49,backfill
006WR00000wkC7XYAU,Villas Mesa 2,Franchise_Type__c,(null),In-Franchise,franchise_mapping.json (Monday-derived),2026-04-24T13:49:49,backfill
006WR00000wkC7YYAU,Westmount at The District Apartments,Franchise_Type__c,(null),In-Franchise,franchise_mapping.json (Monday-derived),2026-04-24T13:49:49,backfill
006WR00000wkC7ZYAU,The Carondelet,Franchise_Type__c,(null),In-Franchise,franchise_mapping.json (Monday-derived),2026-04-24T13:49:49,backfill
006WR00000wkC7aYAE,Butler Ridge,Franchise_Type__c,(null),In-Franchise,franchise_mapping.json (Monday-derived),2026-04-24T13:49:49,backfill
006WR00000wkC7bYAE,Val Vista Villages RV Park & Resort,Franchise_Type__c,(null),In-Franchise,franchise_mapping.json (Monday-derived),2026-04-24T13:49:49,backfill
006WR00000wkC7cYAE,Towerpoint RV Resort,Franchise_Type__c,(null),In-Franchise,franchise_mapping.json (Monday-derived),2026-04-24T13:49:49,backfill
006WR00000wkC7dYAE,Mesa Regal Rv Resort,Franchise_Type__c,(null),In-Franchise,franchise_mapping.json (Monday-derived),2026-04-24T13:49:49,backfill
006WR00000wkC7eYAE,The Citadel,Franchise_Type__c,(null),In-Franchise,franchise_mapping.json (Monday-derived),2026-04-24T13:49:49,backfill
006WR00000wkC7fYAE,Vista Grove,Franchise_Type__c,(null),In-Franchise,franchise_mapping.json (Monday-derived),2026-04-24T13:49:49,backfill
006WR00000wkC7gYAE,Waylon Desert Haven,Franchise_Type__c,(null),In-Franchise,franchise_mapping.json (Monday-derived),2026-04-24T13:49:49,backfill
006WR00000wkC7hYAE,Patio Gardens MHP,Franchise_Type__c,(null),In-Franchise,franchise_mapping.json (Monday-derived),2026-04-24T13:49:49,backfill
006WR00000wkC7iYAE,Rambler Mobile Home Park,Franchise_Type__c,(null),In-Franchise,franchise_mapping.json (Monday-derived),2026-04-24T13:49:49,backfill
006WR00000wkC7jYAE,Talise Apartments,Franchise_Type__c,(null),In-Franchise,franchise_mapping.json (Monday-derived),2026-04-24T13:49:49,backfill
006WR00000wkC7kYAE,San Cierra,Franchise_Type__c,(null),In-Franchise,franchise_mapping.json (Monday-derived),2026-04-24T13:49:49,backfill
006WR00000wkC7lYAE,Waterford at Superstition Springs,Franchise_Type__c,(null),In-Franchise,franchise_mapping.json (Monday-derived),2026-04-24T13:49:49,backfill
006WR00000wkC7mYAE,Cabrillo Pointe,Franchise_Type__c,(null),In-Franchise,franchise_mapping.json (Monday-derived),2026-04-24T13:49:49,backfill
006WR00000wkC7nYAE,Biscayne Bay,Franchise_Type__c,(null),In-Franchise,franchise_mapping.json (Monday-derived),2026-04-24T13:49:49,backfill
006WR00000wkC7oYAE,Reflections at Red Mountain,Franchise_Type__c,(null),In-Franchise,franchise_mapping.json (Monday-derived),2026-04-24T13:49:49,backfill
006WR00000wkC7pYAE,Mirada at the Islands,Franchise_Type__c,(null),In-Franchise,franchise_mapping.json (Monday-derived),2026-04-24T13:49:49,backfill
006WR00000wkC7qYAE,Lunar Bear 454 West,Franchise_Type__c,(null),In-Franchise,franchise_mapping.json (Monday-derived),2026-04-24T13:49:49,backfill
006WR00000wkC7rYAE,Mesa Shadows Mobile Home Park,Franchise_Type__c,(null),In-Franchise,franchise_mapping.json (Monday-derived),2026-04-24T13:49:49,backfill
006WR00000wkC7sYAE,Brentwood West,Franchise_Type__c,(null),In-Franchise,franchise_mapping.json (Monday-derived),2026-04-24T13:49:49,backfill
006WR00000wkC7tYAE,Woodstream Village Apartments,Franchise_Type__c,(null),In-Franchise,franchise_mapping.json (Monday-derived),2026-04-24T13:49:49,backfill
006WR00000wkC7uYAE,Sonoran Palms Apartments,Franchise_Type__c,(null),In-Franchise,franchise_mapping.json (Monday-derived),2026-04-24T13:49:49,backfill
006WR00000wkC7vYAE,Burnett Place Apartments,Franchise_Type__c,(null),In-Franchise,franchise_mapping.json (Monday-derived),2026-04-24T13:49:49,backfill
006WR00000wkC7wYAE,The Grove Independent Living,Franchise_Type__c,(null),In-Franchise,franchise_mapping.json (Monday-derived),2026-04-24T13:49:49,backfill
006WR00000wkC7xYAE,Chateau West Apartments,Franchise_Type__c,(null),In-Franchise,franchise_mapping.json (Monday-derived),2026-04-24T13:49:49,backfill
006WR00000wkC7yYAE,Quail Run Apartments,Franchise_Type__c,(null),In-Franchise,franchise_mapping.json (Monday-derived),2026-04-24T13:49:49,backfill
006WR00000wkC7zYAE,Williamsburg Townhomes and Apartments,Franchise_Type__c,(null),In-Franchise,franchise_mapping.json (Monday-derived),2026-04-24T13:49:49,backfill
006WR00000wkC80YAE,StoneGate Estates Mobile Home Community,Franchise_Type__c,(null),In-Franchise,franchise_mapping.json (Monday-derived),2026-04-24T13:49:49,backfill
006WR00000wkC81YAE,The Village at Fox Creek,Franchise_Type__c,(null),In-Franchise,franchise_mapping.json (Monday-derived),2026-04-24T13:49:49,backfill
006WR00000wkC82YAE,San Fernando Apartments,Franchise_Type__c,(null),In-Franchise,franchise_mapping.json (Monday-derived),2026-04-24T13:49:49,backfill
006WR00000wkCjCYAU,Villas of Omaha at Butler Ridge,Franchise_Type__c,(null),In-Franchise,franchise_mapping.json (Monday-derived),2026-04-24T13:49:49,backfill
006WR00000wkCjDYAU,Villa Vinee Apartments,Franchise_Type__c,(null),In-Franchise,franchise_mapping.json (Monday-derived),2026-04-24T13:49:49,backfill
006WR00000wkCjEYAU,Sedona Springs,Franchise_Type__c,(null),In-Franchise,franchise_mapping.json (Monday-derived),2026-04-24T13:49:49,backfill
006WR00000wkCjFYAU,La Mesa Grande Condominiums,Franchise_Type__c,(null),In-Franchise,franchise_mapping.json (Monday-derived),2026-04-24T13:49:49,backfill
006WR00000wkCjGYAU,Country Club Villas ESCONDIDO,Franchise_Type__c,(null),In-Franchise,franchise_mapping.json (Monday-derived),2026-04-24T13:49:49,backfill
006WR00000wkCjHYAU,Rancho San Luis Rey 55+,Franchise_Type__c,(null),In-Franchise,franchise_mapping.json (Monday-derived),2026-04-24T13:49:49,backfill
006WR00000wkCjIYAU,Val Vista Gardens,Franchise_Type__c,(null),In-Franchise,franchise_mapping.json (Monday-derived),2026-04-24T13:49:49,backfill
006WR00000wkCjJYAU,View at Catalina Apartments,Franchise_Type__c,(null),In-Franchise,franchise_mapping.json (Monday-derived),2026-04-24T13:49:49,backfill
006WR00000wkCjKYAU,Argenta Apartments,Franchise_Type__c,(null),In-Franchise,franchise_mapping.json (Monday-derived),2026-04-24T13:49:49,backfill
006WR00000wkCjLYAU,Parker Place (Just off Post) Apartments,Franchise_Type__c,(null),In-Franchise,franchise_mapping.json (Monday-derived),2026-04-24T13:49:49,backfill
006WR00000wkCjMYAU,Gardens of Taylor,Franchise_Type__c,(null),In-Franchise,franchise_mapping.json (Monday-derived),2026-04-24T13:49:49,backfill
006WR00000wkCjNYAU,Sonoran Reserve,Franchise_Type__c,(null),In-Franchise,franchise_mapping.json (Monday-derived),2026-04-24T13:49:49,backfill
006WR00000wkCjOYAU,Northpoint Villas,Franchise_Type__c,(null),In-Franchise,franchise_mapping.json (Monday-derived),2026-04-24T13:49:49,backfill
006WR00000wkCjPYAU,Century Plaza,Franchise_Type__c,(null),In-Franchise,franchise_mapping.json (Monday-derived),2026-04-24T13:49:49,backfill
006WR00000wkCjQYAU,Southridge Apartments,Franchise_Type__c,(null),In-Franchise,franchise_mapping.json (Monday-derived),2026-04-24T13:49:49,backfill
006WR00000wkCjRYAU,Palm Gardens,Franchise_Type__c,(null),In-Franchise,franchise_mapping.json (Monday-derived),2026-04-24T13:49:49,backfill
006WR00000wkCjSYAU,Apache East,Franchise_Type__c,(null),In-Franchise,franchise_mapping.json (Monday-derived),2026-04-24T13:49:49,backfill
006WR00000wkCjTYAU,Copper Village,Franchise_Type__c,(null),In-Franchise,franchise_mapping.json (Monday-derived),2026-04-24T13:49:49,backfill
006WR00000wkCjUYAU,Desert Skies,Franchise_Type__c,(null),In-Franchise,franchise_mapping.json (Monday-derived),2026-04-24T13:49:49,backfill
006WR00000wkCjVYAU,215 N Power Rd,Franchise_Type__c,(null),In-Franchise,franchise_mapping.json (Monday-derived),2026-04-24T13:49:49,backfill
006WR00000wkCjWYAU,Paradise Cove at the Islands,Franchise_Type__c,(null),In-Franchise,franchise_mapping.json (Monday-derived),2026-04-24T13:49:49,backfill
006WR00000wkCjXYAU,Windsor Park,Franchise_Type__c,(null),In-Franchise,franchise_mapping.json (Monday-derived),2026-04-24T13:49:49,backfill
006WR00000wkCjYYAU,Carefree Manor,Franchise_Type__c,(null),In-Franchise,franchise_mapping.json (Monday-derived),2026-04-24T13:49:49,backfill
006WR00000wkCjZYAU,Sabino Vista II,Franchise_Type__c,(null),In-Franchise,franchise_mapping.json (Monday-derived),2026-04-24T13:49:49,backfill
006WR00000wkCjaYAE,Campbell Ranch on Roger,Franchise_Type__c,(null),In-Franchise,franchise_mapping.json (Monday-derived),2026-04-24T13:49:49,backfill
006WR00000wkCjbYAE,Sabino Vista I,Franchise_Type__c,(null),In-Franchise,franchise_mapping.json (Monday-derived),2026-04-24T13:49:49,backfill
006WR00000wkCjcYAE,Deerfield Village on Fort Lowell,Franchise_Type__c,(null),In-Franchise,franchise_mapping.json (Monday-derived),2026-04-24T13:49:49,backfill
006WR00000wkCjdYAE,Arcadia Park Apartments,Franchise_Type__c,(null),In-Franchise,franchise_mapping.json (Monday-derived),2026-04-24T13:49:49,backfill
006WR00000wkCjeYAE,Capistrano Apartments,Franchise_Type__c,(null),In-Franchise,franchise_mapping.json (Monday-derived),2026-04-24T13:49:49,backfill
006WR00000wkCjfYAE,Stone Hill Apartments,Franchise_Type__c,(null),In-Franchise,franchise_mapping.json (Monday-derived),2026-04-24T13:49:49,backfill
006WR00000wkCjgYAE,Estates of Bridgeport,Franchise_Type__c,(null),In-Franchise,franchise_mapping.json (Monday-derived),2026-04-24T13:49:49,backfill
006WR00000wkCjhYAE,TAYLOR_MDU_DEBUS_APTS AKA Boxwoods at Taylor Condo Community,Franchise_Type__c,(null),In-Franchise,franchise_mapping.json (Monday-derived),2026-04-24T13:49:49,backfill
006WR00000wkCjiYAE,Sandstone Dr Townhomes,Franchise_Type__c,(null),In-Franchise,franchise_mapping.json (Monday-derived),2026-04-24T13:49:49,backfill
006WR00000wkCjjYAE,Irvington Heights,Franchise_Type__c,(null),In-Franchise,franchise_mapping.json (Monday-derived),2026-04-24T13:49:49,backfill
006WR00000wkCjkYAE,Valley of Dreams MHP,Franchise_Type__c,(null),In-Franchise,franchise_mapping.json (Monday-derived),2026-04-24T13:49:49,backfill
006WR00000wkCjlYAE,Cantebria Senior Homes,Franchise_Type__c,(null),In-Franchise,franchise_mapping.json (Monday-derived),2026-04-24T13:49:49,backfill
006WR00000wkCjmYAE,Spyglass Point,Franchise_Type__c,(null),In-Franchise,franchise_mapping.json (Monday-derived),2026-04-24T13:49:49,backfill
006WR00000wkCjnYAE,Sixth Green Townhomes,Franchise_Type__c,(null),In-Franchise,franchise_mapping.json (Monday-derived),2026-04-24T13:49:49,backfill
006WR00000wkCjoYAE,Woodgate Townhomes,Franchise_Type__c,(null),In-Franchise,franchise_mapping.json (Monday-derived),2026-04-24T13:49:49,backfill
006WR00000wkCjpYAE,Steven's Manor Townhomes,Franchise_Type__c,(null),In-Franchise,franchise_mapping.json (Monday-derived),2026-04-24T13:49:49,backfill
006WR00000wkCjqYAE,Hillside Rows Apts,Franchise_Type__c,(null),In-Franchise,franchise_mapping.json (Monday-derived),2026-04-24T13:49:49,backfill
006WR00000wkCjrYAE,Su Casa Por Cortez Apartments Community Housing,Franchise_Type__c,(null),In-Franchise,franchise_mapping.json (Monday-derived),2026-04-24T13:49:49,backfill
006WR00000wkCjsYAE,Vaughan Manor Apartments,Franchise_Type__c,(null),In-Franchise,franchise_mapping.json (Monday-derived),2026-04-24T13:49:49,backfill
006WR00000wkCjtYAE,The Canyons at Linda Vista Trail,Franchise_Type__c,(null),In-Franchise,franchise_mapping.json (Monday-derived),2026-04-24T13:49:49,backfill
006WR00000wkCjuYAE,Bradley Arms_Colt RE,Franchise_Type__c,(null),In-Franchise,franchise_mapping.json (Monday-derived),2026-04-24T13:49:49,backfill
006WR00000wkCjvYAE,Pima Canyon,Franchise_Type__c,(null),In-Franchise,franchise_mapping.json (Monday-derived),2026-04-24T13:49:49,backfill
006WR00000wkCjwYAE,Villas at San Dorado,Franchise_Type__c,(null),In-Franchise,franchise_mapping.json (Monday-derived),2026-04-24T13:49:49,backfill
006WR00000wkCjxYAE,La Costa View,Franchise_Type__c,(null),In-Franchise,franchise_mapping.json (Monday-derived),2026-04-24T13:49:49,backfill
006WR00000wkCjyYAE,Las Palmas Apartments,Franchise_Type__c,(null),In-Franchise,franchise_mapping.json (Monday-derived),2026-04-24T13:49:49,backfill
006WR00000wkCjzYAE,The Golf Villas at Oro Valley,Franchise_Type__c,(null),In-Franchise,franchise_mapping.json (Monday-derived),2026-04-24T13:49:49,backfill
006WR00000wkCk0YAE,Oro Vista Apartments,Franchise_Type__c,(null),In-Franchise,franchise_mapping.json (Monday-derived),2026-04-24T13:49:49,backfill
006WR00000wkCk1YAE,Sorelle,Franchise_Type__c,(null),In-Franchise,franchise_mapping.json (Monday-derived),2026-04-24T13:49:49,backfill
006WR00000wkCk2YAE,The Brooke by ARIUM,Franchise_Type__c,(null),In-Franchise,franchise_mapping.json (Monday-derived),2026-04-24T13:49:49,backfill
006WR00000wkCk3YAE,Villas on Sixth,Franchise_Type__c,(null),In-Franchise,franchise_mapping.json (Monday-derived),2026-04-24T13:49:49,backfill
006WR00000wkCk4YAE,Callista Hill Country Apts,Franchise_Type__c,(null),In-Franchise,franchise_mapping.json (Monday-derived),2026-04-24T13:49:49,backfill
006WR00000wkCk5YAE,Foxfire. BRUSHY CREEK VILLAGE,Franchise_Type__c,(null),In-Franchise,franchise_mapping.json (Monday-derived),2026-04-24T13:49:49,backfill
006WR00000wkCk6YAE,Main Street Square,Franchise_Type__c,(null),In-Franchise,franchise_mapping.json (Monday-derived),2026-04-24T13:49:49,backfill
006WR00000wkCk7YAE,Stone View on Horne,Franchise_Type__c,(null),In-Franchise,franchise_mapping.json (Monday-derived),2026-04-24T13:49:49,backfill
006WR00000wkCk8YAE,Bridgewood Townhomes,Franchise_Type__c,(null),In-Franchise,franchise_mapping.json (Monday-derived),2026-04-24T13:49:49,backfill
006WR00000wkCk9YAE,Vista Ridge,Franchise_Type__c,(null),In-Franchise,franchise_mapping.json (Monday-derived),2026-04-24T13:49:49,backfill
006WR00000wkCkAYAU,Florence Towers,Franchise_Type__c,(null),In-Franchise,franchise_mapping.json (Monday-derived),2026-04-24T13:49:49,backfill
006WR00000wkCkBYAU,Evans Tower,Franchise_Type__c,(null),In-Franchise,franchise_mapping.json (Monday-derived),2026-04-24T13:49:49,backfill
006WR00000wkCkCYAU,Tre Allagio Condominium,Franchise_Type__c,(null),In-Franchise,franchise_mapping.json (Monday-derived),2026-04-24T13:49:49,backfill
006WR00000wkCkDYAU,North Chandler Place,Franchise_Type__c,(null),In-Franchise,franchise_mapping.json (Monday-derived),2026-04-24T13:49:49,backfill
006WR00000wkCkEYAU,Harbor Cove HOA,Franchise_Type__c,(null),In-Franchise,franchise_mapping.json (Monday-derived),2026-04-24T13:49:49,backfill
006WR00000wkCkFYAU,Villas Las Toronjas II,Franchise_Type__c,(null),In-Franchise,franchise_mapping.json (Monday-derived),2026-04-24T13:49:49,backfill
006WR00000wkCkGYAU,Huntington Park Apartments,Franchise_Type__c,(null),In-Franchise,franchise_mapping.json (Monday-derived),2026-04-24T13:49:49,backfill
006WR00000wkCkHYAU,Villas las Naranjas,Franchise_Type__c,(null),In-Franchise,franchise_mapping.json (Monday-derived),2026-04-24T13:49:49,backfill
006WR00000wkCkIYAU,Ocotillo Apartments,Franchise_Type__c,(null),In-Franchise,franchise_mapping.json (Monday-derived),2026-04-24T13:49:49,backfill
006WR00000wkCkJYAU,El Conquistador Apartments,Franchise_Type__c,(null),In-Franchise,franchise_mapping.json (Monday-derived),2026-04-24T13:49:49,backfill
006WR00000wkCkKYAU,Villas las Mandarinas,Franchise_Type__c,(null),In-Franchise,franchise_mapping.json (Monday-derived),2026-04-24T13:49:49,backfill
006WR00000wkCkLYAU,Villas del Paraiso,Franchise_Type__c,(null),In-Franchise,franchise_mapping.json (Monday-derived),2026-04-24T13:49:49,backfill
006WR00000wkCkMYAU,The Royal El Con Apartments,Franchise_Type__c,(null),In-Franchise,franchise_mapping.json (Monday-derived),2026-04-24T13:49:49,backfill
006WR00000wkCkNYAU,Presidio Palms,Franchise_Type__c,(null),In-Franchise,franchise_mapping.json (Monday-derived),2026-04-24T13:49:49,backfill
006WR00000wkCkOYAU,Council House Apartments,Franchise_Type__c,(null),In-Franchise,franchise_mapping.json (Monday-derived),2026-04-24T13:49:49,backfill
006WR00000wkCkPYAU,San Marquis,Franchise_Type__c,(null),In-Franchise,franchise_mapping.json (Monday-derived),2026-04-24T13:49:49,backfill
006WR00000wkCkQYAU,Villas las Toronjas I,Franchise_Type__c,(null),In-Franchise,franchise_mapping.json (Monday-derived),2026-04-24T13:49:49,backfill
006WR00000wkCkRYAU,Palm Shadows Apartments - Tucson,Franchise_Type__c,(null),In-Franchise,franchise_mapping.json (Monday-derived),2026-04-24T13:49:49,backfill
006WR00000wkCkSYAU,Sahara Apartments,Franchise_Type__c,(null),In-Franchise,franchise_mapping.json (Monday-derived),2026-04-24T13:49:49,backfill
006WR00000wkCkTYAU,Villas de la Montaña,Franchise_Type__c,(null),In-Franchise,franchise_mapping.json (Monday-derived),2026-04-24T13:49:49,backfill
006WR00000wkCkUYAU,Country Club Apartments - Tucson,Franchise_Type__c,(null),In-Franchise,franchise_mapping.json (Monday-derived),2026-04-24T13:49:49,backfill
006WR00000wkCkVYAU,Villas Las Cerezas,Franchise_Type__c,(null),In-Franchise,franchise_mapping.json (Monday-derived),2026-04-24T13:49:49,backfill
006WR00000wkCkWYAU,Liberty Landing Apartments,Franchise_Type__c,(null),In-Franchise,franchise_mapping.json (Monday-derived),2026-04-24T13:49:49,backfill
006WR00000wkCkXYAU,Mesa_MDU_FiestaRVR,Franchise_Type__c,(null),In-Franchise,franchise_mapping.json (Monday-derived),2026-04-24T13:49:49,backfill
006WR00000wkCkYYAU,Mesa_MDU_Greenfields Assisted Living,Franchise_Type__c,(null),In-Franchise,franchise_mapping.json (Monday-derived),2026-04-24T13:49:49,backfill
006WR00000wkCkZYAU,New Towne West Apts,Franchise_Type__c,(null),In-Franchise,franchise_mapping.json (Monday-derived),2026-04-24T13:49:49,backfill
006WR00000wkCkaYAE,Georgetown_MDU_Mariposa_Senior_Living,Franchise_Type__c,(null),In-Franchise,franchise_mapping.json (Monday-derived),2026-04-24T13:49:49,backfill
006WR00000wkCkbYAE,Colina De La Costa HOA,Franchise_Type__c,(null),In-Franchise,franchise_mapping.json (Monday-derived),2026-04-24T13:49:49,backfill
006WR00000wkCkcYAE,Caringa Way Condos,Franchise_Type__c,(null),In-Franchise,franchise_mapping.json (Monday-derived),2026-04-24T13:49:49,backfill
006WR00000wkCkdYAE,La Costa Casa Grande,Franchise_Type__c,(null),In-Franchise,franchise_mapping.json (Monday-derived),2026-04-24T13:49:49,backfill
006WR00000wkCkeYAE,Swanson Towers Condominiums,Franchise_Type__c,(null),In-Franchise,franchise_mapping.json (Monday-derived),2026-04-24T13:49:49,backfill
006WR00000wkCkfYAE,Summit & Bloomfield Townhomes,Franchise_Type__c,(null),In-Franchise,franchise_mapping.json (Monday-derived),2026-04-24T13:49:49,backfill
006WR00000wkCkgYAE,La Costa Village Townhomes,Franchise_Type__c,(null),In-Franchise,franchise_mapping.json (Monday-derived),2026-04-24T13:49:49,backfill
006WR00000wkCkhYAE,Seascape,Franchise_Type__c,(null),In-Franchise,franchise_mapping.json (Monday-derived),2026-04-24T13:49:49,backfill
006WR00000wkCkiYAE,Seaturf,Franchise_Type__c,(null),In-Franchise,franchise_mapping.json (Monday-derived),2026-04-24T13:49:49,backfill
006WR00000wkCkjYAE,Arroyo Villas,Franchise_Type__c,(null),In-Franchise,franchise_mapping.json (Monday-derived),2026-04-24T13:49:49,backfill
006WR00000wkCkkYAE,Coral Way,Franchise_Type__c,(null),In-Franchise,franchise_mapping.json (Monday-derived),2026-04-24T13:49:49,backfill
006WR00000wkCklYAE,Villa De La Costa,Franchise_Type__c,(null),In-Franchise,franchise_mapping.json (Monday-derived),2026-04-24T13:49:49,backfill
006WR00000wkCkmYAE,Cabanas at Coral Cove,Franchise_Type__c,(null),In-Franchise,franchise_mapping.json (Monday-derived),2026-04-24T13:49:49,backfill
006WR00000wkCkoYAE,Saxony Village Apartments,Franchise_Type__c,(null),In-Franchise,franchise_mapping.json (Monday-derived),2026-04-24T13:49:49,backfill
006WR00000wkCkpYAE,La Mer Condos,Franchise_Type__c,(null),In-Franchise,franchise_mapping.json (Monday-derived),2026-04-24T13:49:49,backfill
006WR00000wkCkqYAE,Lamplighter Apartments,Franchise_Type__c,(null),In-Franchise,franchise_mapping.json (Monday-derived),2026-04-24T13:49:49,backfill
006WR00000wkCkrYAE,Town And Country RV Park,Franchise_Type__c,(null),In-Franchise,franchise_mapping.json (Monday-derived),2026-04-24T13:49:49,backfill
006WR00000wkCksYAE,Sunset Mesa,Franchise_Type__c,(null),In-Franchise,franchise_mapping.json (Monday-derived),2026-04-24T13:49:49,backfill
006WR00000wkCktYAE,The Premiere at Eastmark,Franchise_Type__c,(null),In-Franchise,franchise_mapping.json (Monday-derived),2026-04-24T13:49:49,backfill
006WR00000wkCkuYAE,Bella Victoria,Franchise_Type__c,(null),In-Franchise,franchise_mapping.json (Monday-derived),2026-04-24T13:49:49,backfill
006WR00000wkCkvYAE,Western Hills Condos,Franchise_Type__c,(null),In-Franchise,franchise_mapping.json (Monday-derived),2026-04-24T13:49:49,backfill
006WR00000wkCkwYAE,Caravelle Townhomes,Franchise_Type__c,(null),In-Franchise,franchise_mapping.json (Monday-derived),2026-04-24T13:49:49,backfill
006WR00000wkCkxYAE,Hamilton Village,Franchise_Type__c,(null),In-Franchise,franchise_mapping.json (Monday-derived),2026-04-24T13:49:49,backfill
006WR00000wkCkyYAE,Ascot Village,Franchise_Type__c,(null),In-Franchise,franchise_mapping.json (Monday-derived),2026-04-24T13:49:49,backfill
006WR00000wkCkzYAE,Millcreek Apartments,Franchise_Type__c,(null),In-Franchise,franchise_mapping.json (Monday-derived),2026-04-24T13:49:49,backfill
006WR00000wkCl0YAE,Casa Antiqua Apartments,Franchise_Type__c,(null),In-Franchise,franchise_mapping.json (Monday-derived),2026-04-24T13:49:49,backfill
006WR00000wkCl1YAE,The Meadows Apartments,Franchise_Type__c,(null),In-Franchise,franchise_mapping.json (Monday-derived),2026-04-24T13:49:49,backfill
006WR00000wkCl2YAE,Vista Manor,Franchise_Type__c,(null),In-Franchise,franchise_mapping.json (Monday-derived),2026-04-24T13:49:49,backfill
006WR00000wkCl3YAE,Meridian at the Hermitage,Franchise_Type__c,(null),In-Franchise,franchise_mapping.json (Monday-derived),2026-04-24T13:49:49,backfill
006WR00000wkCl4YAE,Woodbine Apartments,Franchise_Type__c,(null),In-Franchise,franchise_mapping.json (Monday-derived),2026-04-24T13:49:49,backfill
006WR00000wkCl5YAE,Landings,Franchise_Type__c,(null),In-Franchise,franchise_mapping.json (Monday-derived),2026-04-24T13:49:49,backfill
006WR00000wkCl6YAE,The Village of Sun Valley Apartments,Franchise_Type__c,(null),In-Franchise,franchise_mapping.json (Monday-derived),2026-04-24T13:49:49,backfill
006WR00000wkCl7YAE,Metro 101,Franchise_Type__c,(null),In-Franchise,franchise_mapping.json (Monday-derived),2026-04-24T13:49:49,backfill
006WR00000wkCl8YAE,VELA Apartments,Franchise_Type__c,(null),In-Franchise,franchise_mapping.json (Monday-derived),2026-04-24T13:49:49,backfill
006WR00000wkCl9YAE,Camden Tempe II,Franchise_Type__c,(null),In-Franchise,franchise_mapping.json (Monday-derived),2026-04-24T13:49:49,backfill
006WR00000wkClAYAU,Madison at Westinghouse,Franchise_Type__c,(null),In-Franchise,franchise_mapping.json (Monday-derived),2026-04-24T13:49:49,backfill
006WR00000wkClBYAU,Belterra,Franchise_Type__c,(null),In-Franchise,franchise_mapping.json (Monday-derived),2026-04-24T13:49:49,backfill
006WR00000wkClCYAU,Vintage Pointe Apartments X,Franchise_Type__c,(null),In-Franchise,franchise_mapping.json (Monday-derived),2026-04-24T13:49:49,backfill
006WR00000wkClDYAU,Vintage Pointe II X,Franchise_Type__c,(null),In-Franchise,franchise_mapping.json (Monday-derived),2026-04-24T13:49:49,backfill
006WR00000wkClEYAU,Ocean Park Apartments X,Franchise_Type__c,(null),In-Franchise,franchise_mapping.json (Monday-derived),2026-04-24T13:49:49,backfill
006WR00000wkClFYAU,Rancho Carillo Apartments X,Franchise_Type__c,(null),In-Franchise,franchise_mapping.json (Monday-derived),2026-04-24T13:49:49,backfill
006WR00000wkClGYAU,The Grove at Killeen,Franchise_Type__c,(null),In-Franchise,franchise_mapping.json (Monday-derived),2026-04-24T13:49:49,backfill
006WR00000wkClHYAU,The Remington,Franchise_Type__c,(null),In-Franchise,franchise_mapping.json (Monday-derived),2026-04-24T13:49:49,backfill
006WR00000wkClIYAU,544 Southern,Franchise_Type__c,(null),In-Franchise,franchise_mapping.json (Monday-derived),2026-04-24T13:49:49,backfill
006WR00000wkClJYAU,Indigo Springs Apartments,Franchise_Type__c,(null),In-Franchise,franchise_mapping.json (Monday-derived),2026-04-24T13:49:49,backfill
006WR00000wkClKYAU,HUE97,Franchise_Type__c,(null),In-Franchise,franchise_mapping.json (Monday-derived),2026-04-24T13:49:49,backfill
006WR00000wkClLYAU,Morgan Manor,Franchise_Type__c,(null),In-Franchise,franchise_mapping.json (Monday-derived),2026-04-24T13:49:49,backfill
006WR00000wkClMYAU,Southcastle Apartments,Franchise_Type__c,(null),In-Franchise,franchise_mapping.json (Monday-derived),2026-04-24T13:49:49,backfill
006WR00000wkClNYAU,Del Mar Beach Club,Franchise_Type__c,(null),In-Franchise,franchise_mapping.json (Monday-derived),2026-04-24T13:49:49,backfill
006WR00000wkClOYAU,Lakeview Apartments,Franchise_Type__c,(null),In-Franchise,franchise_mapping.json (Monday-derived),2026-04-24T13:49:49,backfill
006WR00000wkClPYAU,Crestwood Apartment Homes,Franchise_Type__c,(null),In-Franchise,franchise_mapping.json (Monday-derived),2026-04-24T13:49:49,backfill
006WR00000wkClQYAU,Republic Park Vista,Franchise_Type__c,(null),In-Franchise,franchise_mapping.json (Monday-derived),2026-04-24T13:49:49,backfill
006WR00000wkClRYAU,Grandridge,Franchise_Type__c,(null),In-Franchise,franchise_mapping.json (Monday-derived),2026-04-24T13:49:49,backfill
006WR00000wkClSYAU,Brickstone Villas / Tucker Apts,Franchise_Type__c,(null),In-Franchise,franchise_mapping.json (Monday-derived),2026-04-24T13:49:49,backfill
006WR00000wkClTYAU,The Palo Apartments,Franchise_Type__c,(null),In-Franchise,franchise_mapping.json (Monday-derived),2026-04-24T13:49:49,backfill
006WR00000wkClUYAU,Villa Lago,Franchise_Type__c,(null),In-Franchise,franchise_mapping.json (Monday-derived),2026-04-24T13:49:49,backfill
006WR00000wkClVYAU,Bryce Avenue Apartments,Franchise_Type__c,(null),In-Franchise,franchise_mapping.json (Monday-derived),2026-04-24T13:49:49,backfill
006WR00000wkClWYAU,Ashton Park Apartment Homes,Franchise_Type__c,(null),In-Franchise,franchise_mapping.json (Monday-derived),2026-04-24T13:49:49,backfill
006WR00000wkClXYAU,Stafford Place,Franchise_Type__c,(null),In-Franchise,franchise_mapping.json (Monday-derived),2026-04-24T13:49:49,backfill
006WR00000wkClYYAU,Collection Champions Circle,Franchise_Type__c,(null),In-Franchise,franchise_mapping.json (Monday-derived),2026-04-24T13:49:49,backfill
006WR00000wkClZYAU,Paloma Village,Franchise_Type__c,(null),In-Franchise,franchise_mapping.json (Monday-derived),2026-04-24T13:49:49,backfill
006WR00000wkClaYAE,Highview Apartments,Franchise_Type__c,(null),In-Franchise,franchise_mapping.json (Monday-derived),2026-04-24T13:49:49,backfill
006WR00000wkClbYAE,Solea Keller,Franchise_Type__c,(null),In-Franchise,franchise_mapping.json (Monday-derived),2026-04-24T13:49:49,backfill
006WR00000wkClcYAE,The Palo Townhomes,Franchise_Type__c,(null),In-Franchise,franchise_mapping.json (Monday-derived),2026-04-24T13:49:49,backfill
006WR00000wkCldYAE,Keystone Apartments,Franchise_Type__c,(null),In-Franchise,franchise_mapping.json (Monday-derived),2026-04-24T13:49:49,backfill
006WR00000wkCleYAE,Tucker Apts AKA Brickstone Villas,Franchise_Type__c,(null),In-Franchise,franchise_mapping.json (Monday-derived),2026-04-24T13:49:49,backfill
006WR00000wkClfYAE,Album Keller Ranch,Franchise_Type__c,(null),In-Franchise,franchise_mapping.json (Monday-derived),2026-04-24T13:49:49,backfill
006WR00000wkClgYAE,Country Place,Franchise_Type__c,(null),In-Franchise,franchise_mapping.json (Monday-derived),2026-04-24T13:49:49,backfill
006WR00000wkClhYAE,Hutto Station Apartments,Franchise_Type__c,(null),In-Franchise,franchise_mapping.json (Monday-derived),2026-04-24T13:49:49,backfill
006WR00000wkCliYAE,Watermere at the Preserve,Franchise_Type__c,(null),In-Franchise,franchise_mapping.json (Monday-derived),2026-04-24T13:49:49,backfill
006WR00000wkCljYAE,Eagle's Point Apartments,Franchise_Type__c,(null),In-Franchise,franchise_mapping.json (Monday-derived),2026-04-24T13:49:49,backfill
006WR00000wkClkYAE,Las Brisas,Franchise_Type__c,(null),In-Franchise,franchise_mapping.json (Monday-derived),2026-04-24T13:49:49,backfill
006WR00000wkCllYAE,Del Mar Shores Terrace,Franchise_Type__c,(null),In-Franchise,franchise_mapping.json (Monday-derived),2026-04-24T13:49:49,backfill
006WR00000wkClmYAE,The Grandon,Franchise_Type__c,(null),In-Franchise,franchise_mapping.json (Monday-derived),2026-04-24T13:49:49,backfill
006WR00000wkClnYAE,Resia Hutto Square,Franchise_Type__c,(null),In-Franchise,franchise_mapping.json (Monday-derived),2026-04-24T13:49:49,backfill
006WR00000wkCloYAE,Elan at Keller Ranch,Franchise_Type__c,(null),In-Franchise,franchise_mapping.json (Monday-derived),2026-04-24T13:49:49,backfill
006WR00000wkClpYAE,Copper Mountain,Franchise_Type__c,(null),In-Franchise,franchise_mapping.json (Monday-derived),2026-04-24T13:49:49,backfill
006WR00000wkClqYAE,The Lyric at Keller Center Stage,Franchise_Type__c,(null),In-Franchise,franchise_mapping.json (Monday-derived),2026-04-24T13:49:49,backfill
006WR00000wkClrYAE,Enclave at Killeen,Franchise_Type__c,(null),In-Franchise,franchise_mapping.json (Monday-derived),2026-04-24T13:49:49,backfill
006WR00000wkClsYAE,The Kimberly,Franchise_Type__c,(null),In-Franchise,franchise_mapping.json (Monday-derived),2026-04-24T13:49:49,backfill
006WR00000wkCltYAE,Twin creek,Franchise_Type__c,(null),In-Franchise,franchise_mapping.json (Monday-derived),2026-04-24T13:49:49,backfill
006WR00000wkCluYAE,SkyView AKA Hoodview Apartments,Franchise_Type__c,(null),In-Franchise,franchise_mapping.json (Monday-derived),2026-04-24T13:49:49,backfill
006WR00000wkClvYAE,Westminster,Franchise_Type__c,(null),In-Franchise,franchise_mapping.json (Monday-derived),2026-04-24T13:49:49,backfill
006WR00000wkClwYAE,Wind Chase Apartments,Franchise_Type__c,(null),In-Franchise,franchise_mapping.json (Monday-derived),2026-04-24T13:49:49,backfill
006WR00000wkClxYAE,NorthStar Georgetown,Franchise_Type__c,(null),In-Franchise,franchise_mapping.json (Monday-derived),2026-04-24T13:49:49,backfill
006WR00000wkClyYAE,The Wesleyan,Franchise_Type__c,(null),In-Franchise,franchise_mapping.json (Monday-derived),2026-04-24T13:49:49,backfill
006WR00000wkClzYAE,Woodland Pines,Franchise_Type__c,(null),In-Franchise,franchise_mapping.json (Monday-derived),2026-04-24T13:49:49,backfill
006WR00000wkCm0YAE,Westhouse Apartment Flats,Franchise_Type__c,(null),In-Franchise,franchise_mapping.json (Monday-derived),2026-04-24T13:49:49,backfill
006WR00000wkCm1YAE,Kessler Apartments,Franchise_Type__c,(null),In-Franchise,franchise_mapping.json (Monday-derived),2026-04-24T13:49:49,backfill
006WR00000wkCm2YAE,Legacy Oaks of Azle,Franchise_Type__c,(null),In-Franchise,franchise_mapping.json (Monday-derived),2026-04-24T13:49:49,backfill
006WR00000wkCm3YAE,Vida Apartments,Franchise_Type__c,(null),In-Franchise,franchise_mapping.json (Monday-derived),2026-04-24T13:49:49,backfill
006WR00000wkCm4YAE,Artisan Village Apartments,Franchise_Type__c,(null),In-Franchise,franchise_mapping.json (Monday-derived),2026-04-24T13:49:49,backfill
006WR00000wkCm5YAE,Enclave on Golden Triangle Apartments,Franchise_Type__c,(null),In-Franchise,franchise_mapping.json (Monday-derived),2026-04-24T13:49:49,backfill
006WR00000wkCm6YAE,Aztec Springs Apartments,Franchise_Type__c,(null),In-Franchise,franchise_mapping.json (Monday-derived),2026-04-24T13:49:49,backfill
006WR00000wkCm7YAE,Century Oaks,Franchise_Type__c,(null),In-Franchise,franchise_mapping.json (Monday-derived),2026-04-24T13:49:49,backfill
006WR00000wkCm8YAE,Harris Apartments,Franchise_Type__c,(null),In-Franchise,franchise_mapping.json (Monday-derived),2026-04-24T13:49:49,backfill
006WR00000wkCm9YAE,Indian Trail Estates MHP,Franchise_Type__c,(null),In-Franchise,franchise_mapping.json (Monday-derived),2026-04-24T13:49:49,backfill
006WR00000wkCmAYAU,Elmwood Tower - EXISTING BULK,Franchise_Type__c,(null),In-Franchise,franchise_mapping.json (Monday-derived),2026-04-24T13:49:49,backfill
006WR00000wkCmBYAU,Flats on Foothills,Franchise_Type__c,(null),In-Franchise,franchise_mapping.json (Monday-derived),2026-04-24T13:49:49,backfill
006WR00000wkCmCYAU,502 North,Franchise_Type__c,(null),In-Franchise,franchise_mapping.json (Monday-derived),2026-04-24T13:49:49,backfill
006WR00000wkCmDYAU,Highland Estates,Franchise_Type__c,(null),In-Franchise,franchise_mapping.json (Monday-derived),2026-04-24T13:49:49,backfill
006WR00000wkCmEYAU,Avalon Vista X,Franchise_Type__c,(null),In-Franchise,franchise_mapping.json (Monday-derived),2026-04-24T13:49:49,backfill
006WR00000wkCmFYAU,Bristol Heights,Franchise_Type__c,(null),In-Franchise,franchise_mapping.json (Monday-derived),2026-04-24T13:49:49,backfill
006WR00000wkCmGYAU,Craft at Gilbert and Baseline,Franchise_Type__c,(null),In-Franchise,franchise_mapping.json (Monday-derived),2026-04-24T13:49:49,backfill
006WR00000wkCmHYAU,Trophy Ridge Apartments,Franchise_Type__c,(null),In-Franchise,franchise_mapping.json (Monday-derived),2026-04-24T13:49:49,backfill
006WR00000wkCmIYAU,Camden Old Creek,Franchise_Type__c,(null),In-Franchise,franchise_mapping.json (Monday-derived),2026-04-24T13:49:49,backfill
006WR00000wkCmJYAU,Park Encinitas,Franchise_Type__c,(null),In-Franchise,franchise_mapping.json (Monday-derived),2026-04-24T13:49:49,backfill
006WR00000wkCmKYAU,Brickstone Villas,Franchise_Type__c,(null),In-Franchise,franchise_mapping.json (Monday-derived),2026-04-24T13:49:49,backfill
006WR00000wkCmLYAU,The Hillcrest,Franchise_Type__c,(null),In-Franchise,franchise_mapping.json (Monday-derived),2026-04-24T13:49:49,backfill
006WR00000wkCmMYAU,Allora North Georgetown,Franchise_Type__c,(null),In-Franchise,franchise_mapping.json (Monday-derived),2026-04-24T13:49:49,backfill
006WR00000wkCmNYAU,Alta Austin Avenue (AKA Austin Avenue),Franchise_Type__c,(null),In-Franchise,franchise_mapping.json (Monday-derived),2026-04-24T13:49:49,backfill
006WR00000wkDLrYAM,Parallax @ Georgetown,Franchise_Type__c,(null),In-Franchise,franchise_mapping.json (Monday-derived),2026-04-24T13:49:49,backfill
006WR00000wkDLsYAM,Williamson At The Overlook,Franchise_Type__c,(null),In-Franchise,franchise_mapping.json (Monday-derived),2026-04-24T13:49:49,backfill
006WR00000wkDLtYAM,Olympus Town Center,Franchise_Type__c,(null),In-Franchise,franchise_mapping.json (Monday-derived),2026-04-24T13:49:49,backfill
006WR00000wkDLuYAM,Two Rivers Apartments,Franchise_Type__c,(null),In-Franchise,franchise_mapping.json (Monday-derived),2026-04-24T13:49:49,backfill
006WR00000wkDLvYAM,Rise at Dobson Ranch,Franchise_Type__c,(null),In-Franchise,franchise_mapping.json (Monday-derived),2026-04-24T13:49:49,backfill
006WR00000wkDLwYAM,Waterford Place Apartments,Franchise_Type__c,(null),In-Franchise,franchise_mapping.json (Monday-derived),2026-04-24T13:49:49,backfill
006WR00000wkDLxYAM,Lemon & Pear Tree Apartments,Franchise_Type__c,(null),In-Franchise,franchise_mapping.json (Monday-derived),2026-04-24T13:49:49,backfill
006WR00000wkDLyYAM,Verona Park Apts,Franchise_Type__c,(null),In-Franchise,franchise_mapping.json (Monday-derived),2026-04-24T13:49:49,backfill
006WR00000wkDLzYAM,The Joshua Apts,Franchise_Type__c,(null),In-Franchise,franchise_mapping.json (Monday-derived),2026-04-24T13:49:49,backfill
006WR00000wkDM0YAM,Vista Valley Apartments,Franchise_Type__c,(null),In-Franchise,franchise_mapping.json (Monday-derived),2026-04-24T13:49:49,backfill
006WR00000wkDM1YAM,The District at Fiesta Park Apts,Franchise_Type__c,(null),In-Franchise,franchise_mapping.json (Monday-derived),2026-04-24T13:49:49,backfill
006WR00000wkDM2YAM,The Forum Apartments FKA Archstone Apartments,Franchise_Type__c,(null),In-Franchise,franchise_mapping.json (Monday-derived),2026-04-24T13:49:49,backfill
006WR00000wkDM3YAM,Luxe at Ocotillo,Franchise_Type__c,(null),In-Franchise,franchise_mapping.json (Monday-derived),2026-04-24T13:49:49,backfill
006WR00000wkDM4YAM,Ocotillo Bay,Franchise_Type__c,(null),In-Franchise,franchise_mapping.json (Monday-derived),2026-04-24T13:49:49,backfill
006WR00000wkDM5YAM,Tierra Antigua Apartments,Franchise_Type__c,(null),In-Franchise,franchise_mapping.json (Monday-derived),2026-04-24T13:49:49,backfill
006WR00000wkDM6YAM,Sandstone Foothills Apartments,Franchise_Type__c,(null),In-Franchise,franchise_mapping.json (Monday-derived),2026-04-24T13:49:49,backfill
006WR00000wkDM7YAM,Garden Gate Apartments,Franchise_Type__c,(null),In-Franchise,franchise_mapping.json (Monday-derived),2026-04-24T13:49:49,backfill
006WR00000wkDM8YAM,Stone Creek Apartments,Franchise_Type__c,(null),In-Franchise,franchise_mapping.json (Monday-derived),2026-04-24T13:49:49,backfill
006WR00000wkDM9YAM,Olympus Stone Glen,Franchise_Type__c,(null),In-Franchise,franchise_mapping.json (Monday-derived),2026-04-24T13:49:49,backfill
006WR00000wkDMAYA2,The Peaks Townhomes,Franchise_Type__c,(null),In-Franchise,franchise_mapping.json (Monday-derived),2026-04-24T13:49:49,backfill
006WR00000wkDMBYA2,Rivery Park,Franchise_Type__c,(null),In-Franchise,franchise_mapping.json (Monday-derived),2026-04-24T13:49:49,backfill
006WR00000wkDMCYA2,Rise at the District,Franchise_Type__c,(null),In-Franchise,franchise_mapping.json (Monday-derived),2026-04-24T13:49:49,backfill
006WR00000wkDMDYA2,Charter Oaks,Franchise_Type__c,(null),In-Franchise,franchise_mapping.json (Monday-derived),2026-04-24T13:49:49,backfill
006WR00000wkDMEYA2,Corby Street Apartments,Franchise_Type__c,(null),In-Franchise,franchise_mapping.json (Monday-derived),2026-04-24T13:49:49,backfill
006WR00000wkDMFYA2,Grand Oaks at Liberty Hill,Franchise_Type__c,(null),In-Franchise,franchise_mapping.json (Monday-derived),2026-04-24T13:49:49,backfill
006WR00000wkDMGYA2,North Park Landing Apartments,Franchise_Type__c,(null),In-Franchise,franchise_mapping.json (Monday-derived),2026-04-24T13:49:49,backfill
006WR00000wkDMHYA2,Mesa_MDU_Del Corona Apts Del Coronado,Franchise_Type__c,(null),In-Franchise,franchise_mapping.json (Monday-derived),2026-04-24T13:49:49,backfill
006WR00000wkDMIYA2,Lakeridge Apartments,Franchise_Type__c,(null),In-Franchise,franchise_mapping.json (Monday-derived),2026-04-24T13:49:49,backfill
006WR00000wkDMJYA2,Beacon Hill Apartments,Franchise_Type__c,(null),In-Franchise,franchise_mapping.json (Monday-derived),2026-04-24T13:49:49,backfill
006WR00000wkDMKYA2,Legacy Riverside Senior Living,Franchise_Type__c,(null),In-Franchise,franchise_mapping.json (Monday-derived),2026-04-24T13:49:49,backfill
006WR00000wkDMLYA2,Harmon Senior Villas,Franchise_Type__c,(null),In-Franchise,franchise_mapping.json (Monday-derived),2026-04-24T13:49:49,backfill
006WR00000wkDMMYA2,Vantage at Hutto,Franchise_Type__c,(null),In-Franchise,franchise_mapping.json (Monday-derived),2026-04-24T13:49:49,backfill
006WR00000wkDMNYA2,Heights at 701,Franchise_Type__c,(null),In-Franchise,franchise_mapping.json (Monday-derived),2026-04-24T13:49:49,backfill
006WR00000wkDMOYA2,Georgetown Place Apartments,Franchise_Type__c,(null),In-Franchise,franchise_mapping.json (Monday-derived),2026-04-24T13:49:49,backfill
006WR00000wkDMPYA2,Aspire Fossil Creek,Franchise_Type__c,(null),In-Franchise,franchise_mapping.json (Monday-derived),2026-04-24T13:49:49,backfill
006WR00000wkDMQYA2,The Opal Fort Worth,Franchise_Type__c,(null),In-Franchise,franchise_mapping.json (Monday-derived),2026-04-24T13:49:49,backfill
006WR00000wkDMRYA2,Royal Gardens,Franchise_Type__c,(null),In-Franchise,franchise_mapping.json (Monday-derived),2026-04-24T13:49:49,backfill
006WR00000wkDMSYA2,Creekside at North Beach,Franchise_Type__c,(null),In-Franchise,franchise_mapping.json (Monday-derived),2026-04-24T13:49:49,backfill
006WR00000wkDMTYA2,Martinique Apartments,Franchise_Type__c,(null),In-Franchise,franchise_mapping.json (Monday-derived),2026-04-24T13:49:49,backfill
006WR00000wkDMUYA2,The Holston,Franchise_Type__c,(null),In-Franchise,franchise_mapping.json (Monday-derived),2026-04-24T13:49:49,backfill
006WR00000wkDMVYA2,The Dorel,Franchise_Type__c,(null),In-Franchise,franchise_mapping.json (Monday-derived),2026-04-24T13:49:49,backfill
006WR00000wkDMWYA2,Oakwood Trail Apartments,Franchise_Type__c,(null),In-Franchise,franchise_mapping.json (Monday-derived),2026-04-24T13:49:49,backfill
006WR00000wkDMXYA2,Pioneer Crossing Apartments,Franchise_Type__c,(null),In-Franchise,franchise_mapping.json (Monday-derived),2026-04-24T13:49:49,backfill
006WR00000wkDMYYA2,ZAG Apartments,Franchise_Type__c,(null),In-Franchise,franchise_mapping.json (Monday-derived),2026-04-24T13:49:49,backfill
006WR00000wkDMZYA2,Parkside Crossing Condominiums,Franchise_Type__c,(null),In-Franchise,franchise_mapping.json (Monday-derived),2026-04-24T13:49:49,backfill
006WR00000wkDMaYAM,Silver Oak Apartments,Franchise_Type__c,(null),National,franchise_mapping.json (Monday-derived),2026-04-24T13:49:49,backfill
006WR00000wkDMbYAM,Villa Camino,Franchise_Type__c,(null),National,franchise_mapping.json (Monday-derived),2026-04-24T13:49:49,backfill
006WR00000wkDMcYAM,The Dylan,Franchise_Type__c,(null),National,franchise_mapping.json (Monday-derived),2026-04-24T13:49:49,backfill
006WR00000wkDMdYAM,Vista Blue,Franchise_Type__c,(null),National,franchise_mapping.json (Monday-derived),2026-04-24T13:49:49,backfill
006WR00000wkDMeYAM,Riverview Springs,Franchise_Type__c,(null),National,franchise_mapping.json (Monday-derived),2026-04-24T13:49:49,backfill
006WR00000wkDMfYAM,Lakeshore Gardens,Franchise_Type__c,(null),National,franchise_mapping.json (Monday-derived),2026-04-24T13:49:49,backfill
006WR00000wkDMgYAM,The Lofts at West 7th,Franchise_Type__c,(null),National,franchise_mapping.json (Monday-derived),2026-04-24T13:49:49,backfill
006WR00000wkDMhYAM,Highland Park Apartments,Franchise_Type__c,(null),National,franchise_mapping.json (Monday-derived),2026-04-24T13:49:49,backfill
006WR00000wkDMiYAM,The Berkeley Apartments,Franchise_Type__c,(null),National,franchise_mapping.json (Monday-derived),2026-04-24T13:49:49,backfill
006WR00000wkDMjYAM,Dixon at Stonegate,Franchise_Type__c,(null),National,franchise_mapping.json (Monday-derived),2026-04-24T13:49:49,backfill
006WR00000wkDMkYAM,Trinity Heights Apartments,Franchise_Type__c,(null),National,franchise_mapping.json (Monday-derived),2026-04-24T13:49:49,backfill
006WR00000wkDMlYAM,Sorrento,Franchise_Type__c,(null),National,franchise_mapping.json (Monday-derived),2026-04-24T13:49:49,backfill
006WR00000wkDMmYAM,Tides on Overton Ridge,Franchise_Type__c,(null),National,franchise_mapping.json (Monday-derived),2026-04-24T13:49:49,backfill
006WR00000wkDMnYAM,Forest Hill Mobile Home Park,Franchise_Type__c,(null),National,franchise_mapping.json (Monday-derived),2026-04-24T13:49:49,backfill
006WR00000wkDMoYAM,Lauren Apartments,Franchise_Type__c,(null),National,franchise_mapping.json (Monday-derived),2026-04-24T13:49:49,backfill
006WR00000wkDMpYAM,Urban House,Franchise_Type__c,(null),National,franchise_mapping.json (Monday-derived),2026-04-24T13:49:49,backfill
006WR00000wkDMqYAM,Meadow Ridge,Franchise_Type__c,(null),National,franchise_mapping.json (Monday-derived),2026-04-24T13:49:49,backfill
006WR00000wkDMrYAM,Pacific Crest Apartments [OOF for Lumen],Franchise_Type__c,(null),National,franchise_mapping.json (Monday-derived),2026-04-24T13:49:49,backfill
006WR00000wkDMsYAM,Casa Grande,Franchise_Type__c,(null),National,franchise_mapping.json (Monday-derived),2026-04-24T13:49:49,backfill
006WR00000wkDMtYAM,Cedarwest Apartments,Franchise_Type__c,(null),National,franchise_mapping.json (Monday-derived),2026-04-24T13:49:49,backfill
006WR00000wkDMuYAM,Poway Villas,Franchise_Type__c,(null),National,franchise_mapping.json (Monday-derived),2026-04-24T13:49:49,backfill
006WR00000wkDMvYAM,Haley Ranch Estates,Franchise_Type__c,(null),National,franchise_mapping.json (Monday-derived),2026-04-24T13:49:49,backfill
006WR00000wkDMwYAM,Hillside Village Apartments,Franchise_Type__c,(null),National,franchise_mapping.json (Monday-derived),2026-04-24T13:49:49,backfill
006WR00000wkDMxYAM,The Hacienda at Georgetown,Franchise_Type__c,(null),National,franchise_mapping.json (Monday-derived),2026-04-24T13:49:49,backfill
006WR00000wkDMyYAM,Stone Arbor,Franchise_Type__c,(null),National,franchise_mapping.json (Monday-derived),2026-04-24T13:49:49,backfill
006WR00000wkDMzYAM,Apache Bend Apartments,Franchise_Type__c,(null),National,franchise_mapping.json (Monday-derived),2026-04-24T13:49:49,backfill
006WR00000wkDN0YAM,Meridian MHP,Franchise_Type__c,(null),National,franchise_mapping.json (Monday-derived),2026-04-24T13:49:49,backfill
006WR00000wkDN1YAM,Meadowbrook,Franchise_Type__c,(null),National,franchise_mapping.json (Monday-derived),2026-04-24T13:49:49,backfill
006WR00000wkDN2YAM,Elan River Village,Franchise_Type__c,(null),National,franchise_mapping.json (Monday-derived),2026-04-24T13:49:49,backfill
006WR00000wkDN3YAM,Glenbrook Terrace,Franchise_Type__c,(null),National,franchise_mapping.json (Monday-derived),2026-04-24T13:49:49,backfill
006WR00000wkDN4YAM,Quail Creek Apartments,Franchise_Type__c,(null),National,franchise_mapping.json (Monday-derived),2026-04-24T13:49:49,backfill
006WR00000wkDN5YAM,Windsor Gardens,Franchise_Type__c,(null),National,franchise_mapping.json (Monday-derived),2026-04-24T13:49:49,backfill
006WR00000wkDN6YAM,Overture San Marcos,Franchise_Type__c,(null),National,franchise_mapping.json (Monday-derived),2026-04-24T13:49:49,backfill
006WR00000wkDN7YAM,The Avenue at San Marcos,Franchise_Type__c,(null),National,franchise_mapping.json (Monday-derived),2026-04-24T13:49:49,backfill
006WR00000wkDN8YAM,Palomar Estates,Franchise_Type__c,(null),National,franchise_mapping.json (Monday-derived),2026-04-24T13:49:49,backfill
006WR00000wkDN9YAM,Terra Cotta Apartment,Franchise_Type__c,(null),National,franchise_mapping.json (Monday-derived),2026-04-24T13:49:49,backfill
006WR00000wkDNAYA2,Crest 850,Franchise_Type__c,(null),National,franchise_mapping.json (Monday-derived),2026-04-24T13:49:49,backfill
006WR00000wkDNBYA2,Sunset Trails,Franchise_Type__c,(null),National,franchise_mapping.json (Monday-derived),2026-04-24T13:49:49,backfill
006WR00000wkDNCYA2,La Roca Plaza,Franchise_Type__c,(null),National,franchise_mapping.json (Monday-derived),2026-04-24T13:49:49,backfill
006WR00000wkDNDYA2,Woodglen Vista Apartments,Franchise_Type__c,(null),National,franchise_mapping.json (Monday-derived),2026-04-24T13:49:49,backfill
006WR00000wkDNEYA2,Greystone Ridge Townhomes,Franchise_Type__c,(null),National,franchise_mapping.json (Monday-derived),2026-04-24T13:49:49,backfill
006WR00000wkDNFYA2,Highline Apartment,Franchise_Type__c,(null),National,franchise_mapping.json (Monday-derived),2026-04-24T13:49:49,backfill
006WR00000wkDNGYA2,Santee Corsican Villas,Franchise_Type__c,(null),National,franchise_mapping.json (Monday-derived),2026-04-24T13:49:49,backfill
006WR00000wkDNHYA2,Casa De Amigos,Franchise_Type__c,(null),National,franchise_mapping.json (Monday-derived),2026-04-24T13:49:49,backfill
006WR00000wkDNIYA2,Carefree Ranch MHP,Franchise_Type__c,(null),National,franchise_mapping.json (Monday-derived),2026-04-24T13:49:49,backfill
006WR00000wkDNJYA2,Casa Escondida,Franchise_Type__c,(null),National,franchise_mapping.json (Monday-derived),2026-04-24T13:49:49,backfill
006WR00000wkDNKYA2,Friendly Hills Mobile Manor,Franchise_Type__c,(null),National,franchise_mapping.json (Monday-derived),2026-04-24T13:49:49,backfill
006WR00000wkDNLYA2,Hidden Cove Apartments,Franchise_Type__c,(null),National,franchise_mapping.json (Monday-derived),2026-04-24T13:49:49,backfill
006WR00000wkDNMYA2,Valle at Mission,Franchise_Type__c,(null),National,franchise_mapping.json (Monday-derived),2026-04-24T13:49:49,backfill
006WR00000wkDNNYA2,Manzanita Apartments,Franchise_Type__c,(null),National,franchise_mapping.json (Monday-derived),2026-04-24T13:49:49,backfill
006WR00000wkDNOYA2,Park,Franchise_Type__c,(null),National,franchise_mapping.json (Monday-derived),2026-04-24T13:49:49,backfill
006WR00000wkDNPYA2,Hadley Apartments,Franchise_Type__c,(null),National,franchise_mapping.json (Monday-derived),2026-04-24T13:49:49,backfill
006WR00000wkDNQYA2,Mobile Park West,Franchise_Type__c,(null),National,franchise_mapping.json (Monday-derived),2026-04-24T13:49:49,backfill
006WR00000wkDNRYA2,Ponderosa,Franchise_Type__c,(null),National,franchise_mapping.json (Monday-derived),2026-04-24T13:49:49,backfill
006WR00000wkDNSYA2,Elan Felicita Creek,Franchise_Type__c,(null),National,franchise_mapping.json (Monday-derived),2026-04-24T13:49:49,backfill
006WR00000wkDNTYA2,Vida,Franchise_Type__c,(null),National,franchise_mapping.json (Monday-derived),2026-04-24T13:49:49,backfill
006WR00000wkDNUYA2,Escondido Village,Franchise_Type__c,(null),National,franchise_mapping.json (Monday-derived),2026-04-24T13:49:49,backfill
006WR00000wkDNVYA2,Alora Apartments,Franchise_Type__c,(null),National,franchise_mapping.json (Monday-derived),2026-04-24T13:49:49,backfill
006WR00000wkDNWYA2,Barham Villas,Franchise_Type__c,(null),National,franchise_mapping.json (Monday-derived),2026-04-24T13:49:49,backfill
006WR00000wkDNXYA2,Copper Creek Apartment Homes,Franchise_Type__c,(null),National,franchise_mapping.json (Monday-derived),2026-04-24T13:49:49,backfill
006WR00000wkDNYYA2,Casitas Del Sol,Franchise_Type__c,(null),National,franchise_mapping.json (Monday-derived),2026-04-24T13:49:49,backfill
006WR00000wkDNZYA2,Block C at North City,Franchise_Type__c,(null),National,franchise_mapping.json (Monday-derived),2026-04-24T13:49:49,backfill
006WR00000wkDNaYAM,Westlake Village,Franchise_Type__c,(null),National,franchise_mapping.json (Monday-derived),2026-04-24T13:49:49,backfill
006WR00000wkDNbYAM,Twin Oaks Valley Park,Franchise_Type__c,(null),National,franchise_mapping.json (Monday-derived),2026-04-24T13:49:49,backfill
006WR00000wkDNcYAM,San Marcos View Estates,Franchise_Type__c,(null),National,franchise_mapping.json (Monday-derived),2026-04-24T13:49:49,backfill
006WR00000wkDNdYAM,Viewpoint Luxury Apartments,Franchise_Type__c,(null),National,franchise_mapping.json (Monday-derived),2026-04-24T13:49:49,backfill
006WR00000wkDNeYAM,San Marcos Mobile Estates,Franchise_Type__c,(null),National,franchise_mapping.json (Monday-derived),2026-04-24T13:49:49,backfill
006WR00000wkDNfYAM,Madrid Manor,Franchise_Type__c,(null),National,franchise_mapping.json (Monday-derived),2026-04-24T13:49:49,backfill
006WR00000wkDNgYAM,Sierra Vista,Franchise_Type__c,(null),National,franchise_mapping.json (Monday-derived),2026-04-24T13:49:49,backfill
006WR00000wkDNhYAM,Meadow Creek Apartments,Franchise_Type__c,(null),National,franchise_mapping.json (Monday-derived),2026-04-24T13:49:49,backfill
006WR00000wkDNiYAM,Rancho San Marcos MHP,Franchise_Type__c,(null),National,franchise_mapping.json (Monday-derived),2026-04-24T13:49:49,backfill
006WR00000wkDNjYAM,Corona Del Vista MHP,Franchise_Type__c,(null),National,franchise_mapping.json (Monday-derived),2026-04-24T13:49:49,backfill
006WR00000wkDNkYAM,Avalon Brea Place,Franchise_Type__c,(null),National,franchise_mapping.json (Monday-derived),2026-04-24T13:49:49,backfill
006WR00000wkDNlYAM,Birch Hills Apartments,Franchise_Type__c,(null),National,franchise_mapping.json (Monday-derived),2026-04-24T13:49:49,backfill
006WR00000wkDNmYAM,Country Woods Apartment Homes,Franchise_Type__c,(null),National,franchise_mapping.json (Monday-derived),2026-04-24T13:49:49,backfill
006WR00000wkDNnYAM,Birchwood Village Apartment Homes,Franchise_Type__c,(null),National,franchise_mapping.json (Monday-derived),2026-04-24T13:49:49,backfill
006WR00000wkDNoYAM,Rancho Brea,Franchise_Type__c,(null),National,franchise_mapping.json (Monday-derived),2026-04-24T13:49:49,backfill
006WR00000wkDNpYAM,Town and Country,Franchise_Type__c,(null),National,franchise_mapping.json (Monday-derived),2026-04-24T13:49:49,backfill
006WR00000wkDNqYAM,Vintage Canyon Senior Apartments,Franchise_Type__c,(null),National,franchise_mapping.json (Monday-derived),2026-04-24T13:49:49,backfill
006WR00000wkDNrYAM,Raintree Apartment Homes,Franchise_Type__c,(null),National,franchise_mapping.json (Monday-derived),2026-04-24T13:49:49,backfill
006WR00000wkDNsYAM,Tamarack Woods Apartment Homes,Franchise_Type__c,(null),National,franchise_mapping.json (Monday-derived),2026-04-24T13:49:49,backfill
006WR00000wkDNtYAM,Hollydale Mobile Home Estates,Franchise_Type__c,(null),National,franchise_mapping.json (Monday-derived),2026-04-24T13:49:49,backfill
006WR00000wkDNuYAM,The Oaks,Franchise_Type__c,(null),National,franchise_mapping.json (Monday-derived),2026-04-24T13:49:49,backfill
006WR00000wkDNvYAM,The Arbors,Franchise_Type__c,(null),National,franchise_mapping.json (Monday-derived),2026-04-24T13:49:49,backfill
006WR00000wkDNwYAM,Crosscreek,Franchise_Type__c,(null),National,franchise_mapping.json (Monday-derived),2026-04-24T13:49:49,backfill
006WR00000wkDNxYAM,Alta Cima Apartment Homes,Franchise_Type__c,(null),National,franchise_mapping.json (Monday-derived),2026-04-24T13:49:49,backfill
006WR00000wkDNyYAM,Alta Vista,Franchise_Type__c,(null),National,franchise_mapping.json (Monday-derived),2026-04-24T13:49:49,backfill
006WR00000wkDNzYAM,Aspire,Franchise_Type__c,(null),National,franchise_mapping.json (Monday-derived),2026-04-24T13:49:49,backfill
006WR00000wkDO0YAM,Hendrix Apartments,Franchise_Type__c,(null),National,franchise_mapping.json (Monday-derived),2026-04-24T13:49:49,backfill
006WR00000wkDO1YAM,Rancho Escondido MHP,Franchise_Type__c,(null),National,franchise_mapping.json (Monday-derived),2026-04-24T13:49:49,backfill
006WR00000wkDO2YAM,Madera Ridge,Franchise_Type__c,(null),National,franchise_mapping.json (Monday-derived),2026-04-24T13:49:49,backfill
006WR00000wkDO3YAM,Valle at Escondido,Franchise_Type__c,(null),National,franchise_mapping.json (Monday-derived),2026-04-24T13:49:49,backfill
006WR00000wkDO4YAM,Estancia Apartments,Franchise_Type__c,(null),National,franchise_mapping.json (Monday-derived),2026-04-24T13:49:49,backfill
006WR00000wkDO5YAM,Valle at Park,Franchise_Type__c,(null),National,franchise_mapping.json (Monday-derived),2026-04-24T13:49:49,backfill
006WR00000wkDO6YAM,Villa Escondido,Franchise_Type__c,(null),National,franchise_mapping.json (Monday-derived),2026-04-24T13:49:49,backfill
006WR00000wkDO7YAM,Solana at Grand,Franchise_Type__c,(null),National,franchise_mapping.json (Monday-derived),2026-04-24T13:49:49,backfill
006WR00000wkDO8YAM,Summit Apartments,Franchise_Type__c,(null),National,franchise_mapping.json (Monday-derived),2026-04-24T13:49:49,backfill
006WR00000wkDO9YAM,The Terraces at Escondido,Franchise_Type__c,(null),National,franchise_mapping.json (Monday-derived),2026-04-24T13:49:49,backfill
006WR00000wkDOAYA2,Reidy Ceek II,Franchise_Type__c,(null),National,franchise_mapping.json (Monday-derived),2026-04-24T13:49:49,backfill
006WR00000wkDOBYA2,Reidy Creek,Franchise_Type__c,(null),National,franchise_mapping.json (Monday-derived),2026-04-24T13:49:49,backfill
006WR00000wkDOCYA2,Oak Hill Apartments,Franchise_Type__c,(null),National,franchise_mapping.json (Monday-derived),2026-04-24T13:49:49,backfill
006WR00000wkDODYA2,Escondido Terrace MHP,Franchise_Type__c,(null),National,franchise_mapping.json (Monday-derived),2026-04-24T13:49:49,backfill
006WR00000wkDOEYA2,Westwinds MHP,Franchise_Type__c,(null),National,franchise_mapping.json (Monday-derived),2026-04-24T13:49:49,backfill
006WR00000wkDOFYA2,Village Grove Apartments,Franchise_Type__c,(null),National,franchise_mapping.json (Monday-derived),2026-04-24T13:49:49,backfill
006WR00000wkDOGYA2,Westmont Town Court,Franchise_Type__c,(null),National,franchise_mapping.json (Monday-derived),2026-04-24T13:49:49,backfill
006WR00000wkDOHYA2,The Springs of Escondido,Franchise_Type__c,(null),National,franchise_mapping.json (Monday-derived),2026-04-24T13:49:49,backfill
006WR00000wkDOIYA2,Pacifica Palms Apartments,Franchise_Type__c,(null),National,franchise_mapping.json (Monday-derived),2026-04-24T13:49:49,backfill
006WR00000wkDOJYA2,Midway Gardens,Franchise_Type__c,(null),National,franchise_mapping.json (Monday-derived),2026-04-24T13:49:49,backfill
006WR00000wkDOKYA2,Coral Tree Manor,Franchise_Type__c,(null),National,franchise_mapping.json (Monday-derived),2026-04-24T13:49:49,backfill
006WR00000wkDOLYA2,Benchmark Apartments,Franchise_Type__c,(null),National,franchise_mapping.json (Monday-derived),2026-04-24T13:49:49,backfill
006WR00000wkDOMYA2,Woodland Village,Franchise_Type__c,(null),National,franchise_mapping.json (Monday-derived),2026-04-24T13:49:49,backfill
006WR00000wkDONYA2,Windsor Manor I,Franchise_Type__c,(null),National,franchise_mapping.json (Monday-derived),2026-04-24T13:49:49,backfill
006WR00000wkDOOYA2,Paseo Del Oro,Franchise_Type__c,(null),National,franchise_mapping.json (Monday-derived),2026-04-24T13:49:49,backfill
006WR00000wkDOPYA2,Grandon Village,Franchise_Type__c,(null),National,franchise_mapping.json (Monday-derived),2026-04-24T13:49:49,backfill
006WR00000wkDOQYA2,Villa Serena Apartments,Franchise_Type__c,(null),National,franchise_mapping.json (Monday-derived),2026-04-24T13:49:49,backfill
006WR00000wkDORYA2,Royal Oaks Senior Living,Franchise_Type__c,(null),National,franchise_mapping.json (Monday-derived),2026-04-24T13:49:49,backfill
006WR00000wkDOSYA2,La Mores Estates,Franchise_Type__c,(null),National,franchise_mapping.json (Monday-derived),2026-04-24T13:49:49,backfill
006WR00000wkDOTYA2,Prominence Luxury Apartments,Franchise_Type__c,(null),National,franchise_mapping.json (Monday-derived),2026-04-24T13:49:49,backfill
006WR00000wkDOUYA2,Valle Verde Estates,Franchise_Type__c,(null),National,franchise_mapping.json (Monday-derived),2026-04-24T13:49:49,backfill
006WR00000wkDOVYA2,Las Flores Village,Franchise_Type__c,(null),National,franchise_mapping.json (Monday-derived),2026-04-24T13:49:49,backfill
006WR00000wkDOWYA2,Widsor Manor II,Franchise_Type__c,(null),National,franchise_mapping.json (Monday-derived),2026-04-24T13:49:49,backfill
006WR00000wkDOXYA2,Eaves San Marcos,Franchise_Type__c,(null),National,franchise_mapping.json (Monday-derived),2026-04-24T13:49:49,backfill
006WR00000wkDOYYA2,Melrose Villa Apartments,Franchise_Type__c,(null),National,franchise_mapping.json (Monday-derived),2026-04-24T13:49:49,backfill
006WR00000wkDOZYA2,Rancho Vallecitos,Franchise_Type__c,(null),National,franchise_mapping.json (Monday-derived),2026-04-24T13:49:49,backfill
006WR00000wkDOaYAM,Elan Northwoods Apartment Homes,Franchise_Type__c,(null),National,franchise_mapping.json (Monday-derived),2026-04-24T13:49:49,backfill
006WR00000wkDObYAM,Renaissance Villas,Franchise_Type__c,(null),National,franchise_mapping.json (Monday-derived),2026-04-24T13:49:49,backfill
006WR00000wkDOcYAM,Estrella De Oro,Franchise_Type__c,(null),National,franchise_mapping.json (Monday-derived),2026-04-24T13:49:49,backfill
006WR00000wkDOdYAM,Waterleaf Apartment Homes,Franchise_Type__c,(null),National,franchise_mapping.json (Monday-derived),2026-04-24T13:49:49,backfill
006WR00000wkDOeYAM,Calligraphy,Franchise_Type__c,(null),National,franchise_mapping.json (Monday-derived),2026-04-24T13:49:49,backfill
006WR00000wkDOfYAM,Country Hills Apartment Homes,Franchise_Type__c,(null),National,franchise_mapping.json (Monday-derived),2026-04-24T13:49:49,backfill
006WR00000wkDOgYAM,Brea Woods Senior Apartments,Franchise_Type__c,(null),National,franchise_mapping.json (Monday-derived),2026-04-24T13:49:49,backfill
006WR00000wkDOhYAM,Heritage Plaza,Franchise_Type__c,(null),National,franchise_mapping.json (Monday-derived),2026-04-24T13:49:49,backfill
006WR00000wkDOiYAM,Tamarack Gardens Apartments,Franchise_Type__c,(null),National,franchise_mapping.json (Monday-derived),2026-04-24T13:49:49,backfill
006WR00000wkDOjYAM,Carlton Country Club Villas Apartments,Franchise_Type__c,(null),National,franchise_mapping.json (Monday-derived),2026-04-24T13:49:49,backfill
006WR00000wkDOkYAM,Lantern Crest Senior Living,Franchise_Type__c,(null),National,franchise_mapping.json (Monday-derived),2026-04-24T13:49:49,backfill
006WR00000wkDOlYAM,Mission Gorge Villa,Franchise_Type__c,(null),National,franchise_mapping.json (Monday-derived),2026-04-24T13:49:49,backfill
006WR00000wkDOmYAM,Town Center Apts,Franchise_Type__c,(null),National,franchise_mapping.json (Monday-derived),2026-04-24T13:49:49,backfill
006WR00000wkDOnYAM,Highlands Mobile Home Park,Franchise_Type__c,(null),National,franchise_mapping.json (Monday-derived),2026-04-24T13:49:49,backfill
006WR00000wkDOoYAM,Laurel Park,Franchise_Type__c,(null),National,franchise_mapping.json (Monday-derived),2026-04-24T13:49:49,backfill
006WR00000wkDOpYAM,Altair,Franchise_Type__c,(null),National,franchise_mapping.json (Monday-derived),2026-04-24T13:49:49,backfill
006WR00000wkDOqYAM,Woodlake Apartments,Franchise_Type__c,(null),National,franchise_mapping.json (Monday-derived),2026-04-24T13:49:49,backfill
006WR00000wkDOrYAM,The Willows,Franchise_Type__c,(null),National,franchise_mapping.json (Monday-derived),2026-04-24T13:49:49,backfill
006WR00000wkDOsYAM,Forest Glen Apartments,Franchise_Type__c,(null),National,franchise_mapping.json (Monday-derived),2026-04-24T13:49:49,backfill
006WR00000wkDOtYAM,Lake Bernardo Mobile Estates,Franchise_Type__c,(null),National,franchise_mapping.json (Monday-derived),2026-04-24T13:49:49,backfill
006WR00000wkDOuYAM,The Grand Rose Apartments,Franchise_Type__c,(null),National,franchise_mapping.json (Monday-derived),2026-04-24T13:49:49,backfill
006WR00000wkDOvYAM,Rowan Apartments,Franchise_Type__c,(null),National,franchise_mapping.json (Monday-derived),2026-04-24T13:49:49,backfill
006WR00000wkDOwYAM,Lilac Hills Ranch,Franchise_Type__c,(null),National,franchise_mapping.json (Monday-derived),2026-04-24T13:49:49,backfill
006WR00000wkDOxYAM,Summer Creek Apartments,Franchise_Type__c,(null),National,franchise_mapping.json (Monday-derived),2026-04-24T13:49:49,backfill
006WR00000wkDOyYAM,Villa Madeira,Franchise_Type__c,(null),National,franchise_mapping.json (Monday-derived),2026-04-24T13:49:49,backfill
006WR00000wkDOzYAM,Palomar Heights,Franchise_Type__c,(null),National,franchise_mapping.json (Monday-derived),2026-04-24T13:49:49,backfill
006WR00000wkDP0YAM,Valley Parkway MHP,Franchise_Type__c,(null),National,franchise_mapping.json (Monday-derived),2026-04-24T13:49:49,backfill
006WR00000wkDP1YAM,Imperial Escondido Mobile Estates,Franchise_Type__c,(null),National,franchise_mapping.json (Monday-derived),2026-04-24T13:49:49,backfill
006WR00000wkDP2YAM,Heritage Park Escondido Senior LIving,Franchise_Type__c,(null),National,franchise_mapping.json (Monday-derived),2026-04-24T13:49:49,backfill
006WR00000wkDP3YAM,Eastwood Meadows,Franchise_Type__c,(null),National,franchise_mapping.json (Monday-derived),2026-04-24T13:49:49,backfill
006WR00000wkDs6YAE,Rancho Santa Fe Village,Franchise_Type__c,(null),National,franchise_mapping.json (Monday-derived),2026-04-24T13:49:49,backfill
006WR00000wkDs7YAE,Tuscany Hills,Franchise_Type__c,(null),National,franchise_mapping.json (Monday-derived),2026-04-24T13:49:49,backfill
006WR00000wkDs8YAE,Whittier Affordable,Franchise_Type__c,(null),In-Franchise,franchise_mapping.json (Monday-derived),2026-04-24T13:49:49,backfill
006WR00000wkDs9YAE,Sunland Terrace Apartments_Lumen AZ,Franchise_Type__c,(null),In-Franchise,franchise_mapping.json (Monday-derived),2026-04-24T13:49:49,backfill
006WR00000wkDsAYAU,Flats on Liberty,Franchise_Type__c,(null),In-Franchise,franchise_mapping.json (Monday-derived),2026-04-24T13:49:49,backfill
006WR00000wkDsBYAU,Eagle Point Apartments Phase 3,Franchise_Type__c,(null),In-Franchise,franchise_mapping.json (Monday-derived),2026-04-24T13:49:49,backfill
006WR00000wkDsCYAU,Cedar Hills Apartments [OOF for Lumen],Franchise_Type__c,(null),In-Franchise,franchise_mapping.json (Monday-derived),2026-04-24T13:49:49,backfill
006WR00000wkDsDYAU,V at Lake Las Vegas,Franchise_Type__c,(null),In-Franchise,franchise_mapping.json (Monday-derived),2026-04-24T13:49:49,backfill
006WR00000wkDsEYAU,The Lark Apartments,Franchise_Type__c,(null),In-Franchise,franchise_mapping.json (Monday-derived),2026-04-24T13:49:49,backfill
006WR00000wkDsFYAU,Conifer Place Apartments [OOF for Lumen],Franchise_Type__c,(null),In-Franchise,franchise_mapping.json (Monday-derived),2026-04-24T13:49:49,backfill
006WR00000wkDsGYAU,Allegro at Corner Canyon,Franchise_Type__c,(null),In-Franchise,franchise_mapping.json (Monday-derived),2026-04-24T13:49:49,backfill
006WR00000wkDsHYAU,West Hills Village,Franchise_Type__c,(null),In-Franchise,franchise_mapping.json (Monday-derived),2026-04-24T13:49:49,backfill
006WR00000wkDsIYAU,The Landing at Clearwater,Franchise_Type__c,(null),In-Franchise,franchise_mapping.json (Monday-derived),2026-04-24T13:49:49,backfill
006WR00000wkDsJYAU,Courtyard 72,Franchise_Type__c,(null),In-Franchise,franchise_mapping.json (Monday-derived),2026-04-24T13:49:49,backfill
006WR00000wkDsKYAU,Ashton Place Apartments,Franchise_Type__c,(null),In-Franchise,franchise_mapping.json (Monday-derived),2026-04-24T13:49:49,backfill
006WR00000wkDsLYAU,Cascade View,Franchise_Type__c,(null),In-Franchise,franchise_mapping.json (Monday-derived),2026-04-24T13:49:49,backfill
006WR00000wkDsMYAU,Sterling Heights Apartments,Franchise_Type__c,(null),In-Franchise,franchise_mapping.json (Monday-derived),2026-04-24T13:49:49,backfill
006WR00000wkDsNYAU,Avalon Park,Franchise_Type__c,(null),In-Franchise,franchise_mapping.json (Monday-derived),2026-04-24T13:49:49,backfill
006WR00000wkDsOYAU,Wy'East Pointe,Franchise_Type__c,(null),In-Franchise,franchise_mapping.json (Monday-derived),2026-04-24T13:49:49,backfill
006WR00000wkDsPYAU,Tarnhill,Franchise_Type__c,(null),In-Franchise,franchise_mapping.json (Monday-derived),2026-04-24T13:49:49,backfill
006WR00000wkDsQYAU,Viviani,Franchise_Type__c,(null),In-Franchise,franchise_mapping.json (Monday-derived),2026-04-24T13:49:49,backfill
006WR00000wkDsRYAU,Pepper Ridge Apartments,Franchise_Type__c,(null),In-Franchise,franchise_mapping.json (Monday-derived),2026-04-24T13:49:49,backfill
006WR00000wkDsSYAU,Coronado Springs,Franchise_Type__c,(null),In-Franchise,franchise_mapping.json (Monday-derived),2026-04-24T13:49:49,backfill
006WR00000wkDsTYAU,Tuscany,Franchise_Type__c,(null),In-Franchise,franchise_mapping.json (Monday-derived),2026-04-24T13:49:49,backfill
006WR00000wkDsUYAU,Venicia,Franchise_Type__c,(null),In-Franchise,franchise_mapping.json (Monday-derived),2026-04-24T13:49:49,backfill
006WR00000wkDsVYAU,Adiamo,Franchise_Type__c,(null),In-Franchise,franchise_mapping.json (Monday-derived),2026-04-24T13:49:49,backfill
006WR00000wkDsWYAU,Madera,Franchise_Type__c,(null),In-Franchise,franchise_mapping.json (Monday-derived),2026-04-24T13:49:49,backfill
006WR00000wkDsXYAU,Aspire at Tesora,Franchise_Type__c,(null),In-Franchise,franchise_mapping.json (Monday-derived),2026-04-24T13:49:49,backfill
006WR00000wkDsYYAU,Tivoli,Franchise_Type__c,(null),In-Franchise,franchise_mapping.json (Monday-derived),2026-04-24T13:49:49,backfill
006WR00000wkDsZYAU,Altessa,Franchise_Type__c,(null),In-Franchise,franchise_mapping.json (Monday-derived),2026-04-24T13:49:49,backfill
006WR00000wkDsaYAE,Arzano,Franchise_Type__c,(null),In-Franchise,franchise_mapping.json (Monday-derived),2026-04-24T13:49:49,backfill
006WR00000wkDsbYAE,Positano Apartments,Franchise_Type__c,(null),In-Franchise,franchise_mapping.json (Monday-derived),2026-04-24T13:49:49,backfill
006WR00000wkDscYAE,Curtis Meadows,Franchise_Type__c,(null),In-Franchise,franchise_mapping.json (Monday-derived),2026-04-24T13:49:49,backfill
006WR00000wkDsdYAE,Central Pointe,Franchise_Type__c,(null),In-Franchise,franchise_mapping.json (Monday-derived),2026-04-24T13:49:49,backfill
006WR00000wkDseYAE,Venture Out at Mesa (MHP),Franchise_Type__c,(null),In-Franchise,franchise_mapping.json (Monday-derived),2026-04-24T13:49:49,backfill
006WR00000wkDsfYAE,Aspire Mesa,Franchise_Type__c,(null),In-Franchise,franchise_mapping.json (Monday-derived),2026-04-24T13:49:49,backfill
006WR00000wkDsgYAE,Trillium Apartments,Franchise_Type__c,(null),In-Franchise,franchise_mapping.json (Monday-derived),2026-04-24T13:49:49,backfill
006WR00000wkDshYAE,Auburn Glenn,Franchise_Type__c,(null),In-Franchise,franchise_mapping.json (Monday-derived),2026-04-24T13:49:49,backfill
006WR00000wkDsiYAE,Mesa Spirit RV Resort,Franchise_Type__c,(null),In-Franchise,franchise_mapping.json (Monday-derived),2026-04-24T13:49:49,backfill
006WR00000wkDsjYAE,Lakewood-Townhomes,Franchise_Type__c,(null),In-Franchise,franchise_mapping.json (Monday-derived),2026-04-24T13:49:49,backfill
006WR00000wkDskYAE,Westwood Apartments,Franchise_Type__c,(null),In-Franchise,franchise_mapping.json (Monday-derived),2026-04-24T13:49:49,backfill
006WR00000wkDslYAE,Eastwood on Grand,Franchise_Type__c,(null),In-Franchise,franchise_mapping.json (Monday-derived),2026-04-24T13:49:49,backfill
006WR00000wkDsmYAE,Palm Valley Villas,Franchise_Type__c,(null),In-Franchise,franchise_mapping.json (Monday-derived),2026-04-24T13:49:49,backfill
006WR00000wkDsnYAE,Homestead Apartments,Franchise_Type__c,(null),In-Franchise,franchise_mapping.json (Monday-derived),2026-04-24T13:49:49,backfill
006WR00000wkDsoYAE,Willamette Estates,Franchise_Type__c,(null),In-Franchise,franchise_mapping.json (Monday-derived),2026-04-24T13:49:49,backfill
006WR00000wkDspYAE,McCormick Pier Condo,Franchise_Type__c,(null),In-Franchise,franchise_mapping.json (Monday-derived),2026-04-24T13:49:49,backfill
006WR00000wkDsqYAE,Casa Del Sol Envolve,Franchise_Type__c,(null),In-Franchise,franchise_mapping.json (Monday-derived),2026-04-24T13:49:49,backfill
006WR00000wkDsrYAE,Emerald Apts,Franchise_Type__c,(null),In-Franchise,franchise_mapping.json (Monday-derived),2026-04-24T13:49:49,backfill
006WR00000wkDssYAE,Fiesta Village MH & RV Resort,Franchise_Type__c,(null),In-Franchise,franchise_mapping.json (Monday-derived),2026-04-24T13:49:49,backfill
006WR00000wkDstYAE,Southern Palms Mobile Home & RV Park,Franchise_Type__c,(null),In-Franchise,franchise_mapping.json (Monday-derived),2026-04-24T13:49:49,backfill
006WR00000wkDsuYAE,Forrest Bluff Senior Apartments,Franchise_Type__c,(null),In-Franchise,franchise_mapping.json (Monday-derived),2026-04-24T13:49:49,backfill
006WR00000wkDsvYAE,Park_Place (Care Center),Franchise_Type__c,(null),In-Franchise,franchise_mapping.json (Monday-derived),2026-04-24T13:49:49,backfill
006WR00000wkDswYAE,Crown Tower,Franchise_Type__c,(null),In-Franchise,franchise_mapping.json (Monday-derived),2026-04-24T13:49:49,backfill
006WR00000wkDsxYAE,Highlander Apartments,Franchise_Type__c,(null),In-Franchise,franchise_mapping.json (Monday-derived),2026-04-24T13:49:49,backfill
006WR00000wkDsyYAE,Knoll Creek Apartments,Franchise_Type__c,(null),In-Franchise,franchise_mapping.json (Monday-derived),2026-04-24T13:49:49,backfill
006WR00000wkDszYAE,Arbor on Broadway (Now Called) Buenas on Broadway,Franchise_Type__c,(null),In-Franchise,franchise_mapping.json (Monday-derived),2026-04-24T13:49:49,backfill
006WR00000wkDt0YAE,Bel-Aire Manor,Franchise_Type__c,(null),In-Franchise,franchise_mapping.json (Monday-derived),2026-04-24T13:49:49,backfill
006WR00000wkDt1YAE,The Harrison at Heritage,Franchise_Type__c,(null),In-Franchise,franchise_mapping.json (Monday-derived),2026-04-24T13:49:49,backfill
006WR00000wkDt2YAE,25 Space Yucca Trailer Ranch,Franchise_Type__c,(null),In-Franchise,franchise_mapping.json (Monday-derived),2026-04-24T13:49:49,backfill
006WR00000wkDt3YAE,Sea Crest Village Retirement Communities,Franchise_Type__c,(null),In-Franchise,franchise_mapping.json (Monday-derived),2026-04-24T13:49:49,backfill
006WR00000wkDt4YAE,Charleston Court,Franchise_Type__c,(null),In-Franchise,franchise_mapping.json (Monday-derived),2026-04-24T13:49:49,backfill
006WR00000wkDt5YAE,Underwood Senior Housing,Franchise_Type__c,(null),In-Franchise,franchise_mapping.json (Monday-derived),2026-04-24T13:49:49,backfill
006WR00000wkDt6YAE,612-616 N 46 St,Franchise_Type__c,(null),In-Franchise,franchise_mapping.json (Monday-derived),2026-04-24T13:49:49,backfill
006WR00000wkDt7YAE,Grant Ridge Apartments,Franchise_Type__c,(null),In-Franchise,franchise_mapping.json (Monday-derived),2026-04-24T13:49:49,backfill
006WR00000wkDt8YAE,Dimple St MHP,Franchise_Type__c,(null),In-Franchise,franchise_mapping.json (Monday-derived),2026-04-24T13:49:49,backfill
006WR00000wkDt9YAE,Indian Creek Duplexes,Franchise_Type__c,(null),In-Franchise,franchise_mapping.json (Monday-derived),2026-04-24T13:49:49,backfill
006WR00000wkDtAYAU,Marlboro_Heights_Mobile Home_Park,Franchise_Type__c,(null),In-Franchise,franchise_mapping.json (Monday-derived),2026-04-24T13:49:49,backfill
006WR00000wkDtBYAU,KILLEEN_MDU_Henderson_Garden,Franchise_Type__c,(null),In-Franchise,franchise_mapping.json (Monday-derived),2026-04-24T13:49:49,backfill
006WR00000wkDtCYAU,DECATUR_MDU_Private_Rd_3176_Mobile_Park,Franchise_Type__c,(null),In-Franchise,franchise_mapping.json (Monday-derived),2026-04-24T13:49:49,backfill
006WR00000wkDtDYAU,Nolan Creek Mobile Park,Franchise_Type__c,(null),In-Franchise,franchise_mapping.json (Monday-derived),2026-04-24T13:49:49,backfill
006WR00000wkDtEYAU,Killeen_MDU_408-420 E Hallmark Ave,Franchise_Type__c,(null),In-Franchise,franchise_mapping.json (Monday-derived),2026-04-24T13:49:49,backfill
006WR00000wkDtFYAU,Kings Arms Apartment II,Franchise_Type__c,(null),In-Franchise,franchise_mapping.json (Monday-derived),2026-04-24T13:49:49,backfill
006WR00000wkDtGYAU,HARKER_HEIGHTS_MDU_207-217 W Beeline MHP,Franchise_Type__c,(null),In-Franchise,franchise_mapping.json (Monday-derived),2026-04-24T13:49:49,backfill
006WR00000wkDtHYAU,Landmark Oak_Mobile_Park,Franchise_Type__c,(null),In-Franchise,franchise_mapping.json (Monday-derived),2026-04-24T13:49:49,backfill
006WR00000wkDtIYAU,John Wesley Arms,Franchise_Type__c,(null),In-Franchise,franchise_mapping.json (Monday-derived),2026-04-24T13:49:49,backfill
006WR00000wkDtJYAU,Las Palmas,Franchise_Type__c,(null),In-Franchise,franchise_mapping.json (Monday-derived),2026-04-24T13:49:49,backfill
006WR00000wkDtKYAU,Valley View RV Park,Franchise_Type__c,(null),In-Franchise,franchise_mapping.json (Monday-derived),2026-04-24T13:49:49,backfill
006WR00000wkDtLYAU,Killeen Housing Authority,Franchise_Type__c,(null),In-Franchise,franchise_mapping.json (Monday-derived),2026-04-24T13:49:49,backfill
006WR00000wkDtMYAU,Fort_Hood MHP,Franchise_Type__c,(null),In-Franchise,franchise_mapping.json (Monday-derived),2026-04-24T13:49:49,backfill
006WR00000wkDtNYAU,Omaha_MDU_Cherry Tree Apartments,Franchise_Type__c,(null),In-Franchise,franchise_mapping.json (Monday-derived),2026-04-24T13:49:49,backfill
006WR00000wkDtOYAU,OMAHA_MDU_58TH_Plaza_CIR,Franchise_Type__c,(null),In-Franchise,franchise_mapping.json (Monday-derived),2026-04-24T13:49:49,backfill
006WR00000wkDtPYAU,Yale Park,Franchise_Type__c,(null),In-Franchise,franchise_mapping.json (Monday-derived),2026-04-24T13:49:49,backfill
006WR00000wkDtQYAU,Silverado Apartments,Franchise_Type__c,(null),In-Franchise,franchise_mapping.json (Monday-derived),2026-04-24T13:49:49,backfill
006WR00000wkDtRYAU,Mac's Mobile Home Park,Franchise_Type__c,(null),In-Franchise,franchise_mapping.json (Monday-derived),2026-04-24T13:49:49,backfill
006WR00000wkDtSYAU,Cimarron Hills,Franchise_Type__c,(null),In-Franchise,franchise_mapping.json (Monday-derived),2026-04-24T13:49:49,backfill
006WR00000wkDtTYAU,The Oaks at Liberty Hill Apartments,Franchise_Type__c,(null),In-Franchise,franchise_mapping.json (Monday-derived),2026-04-24T13:49:49,backfill
006WR00000wkDtUYAU,Mobile Manor Estates,Franchise_Type__c,(null),In-Franchise,franchise_mapping.json (Monday-derived),2026-04-24T13:49:49,backfill
006WR00000wkDtVYAU,1301-1315 Quail_CIR_Apts,Franchise_Type__c,(null),In-Franchise,franchise_mapping.json (Monday-derived),2026-04-24T13:49:49,backfill
006WR00000wkDtWYAU,GEORGETOWN_MDU_101_FM971 AKA Vered at San Gabriel,Franchise_Type__c,(null),In-Franchise,franchise_mapping.json (Monday-derived),2026-04-24T13:49:49,backfill
006WR00000wkDtXYAU,Pelican Cove HOA,Franchise_Type__c,(null),In-Franchise,franchise_mapping.json (Monday-derived),2026-04-24T13:49:49,backfill
006WR00000wkDtYYAU,ENCINITAS_MDU_Quail_Gardens,Franchise_Type__c,(null),In-Franchise,franchise_mapping.json (Monday-derived),2026-04-24T13:49:49,backfill
006WR00000wkDtZYAU,OMAHA_MDU_Ogden Plaza,Franchise_Type__c,(null),In-Franchise,franchise_mapping.json (Monday-derived),2026-04-24T13:49:49,backfill
006WR00000wkDtaYAE,Peony Park West Apartments,Franchise_Type__c,(null),In-Franchise,franchise_mapping.json (Monday-derived),2026-04-24T13:49:49,backfill
006WR00000wkDtbYAE,Spindrift Apartments,Franchise_Type__c,(null),In-Franchise,franchise_mapping.json (Monday-derived),2026-04-24T13:49:49,backfill
006WR00000wkDtcYAE,OMAHA_MDU_3331-3337 Meredith AVE APTS,Franchise_Type__c,(null),In-Franchise,franchise_mapping.json (Monday-derived),2026-04-24T13:49:49,backfill
006WR00000wkDtdYAE,Highland Park Manor (HOA),Franchise_Type__c,(null),In-Franchise,franchise_mapping.json (Monday-derived),2026-04-24T13:49:49,backfill
006WR00000wkDteYAE,Lakeside Estates,Franchise_Type__c,(null),In-Franchise,franchise_mapping.json (Monday-derived),2026-04-24T13:49:49,backfill
006WR00000wkDtfYAE,Leucadia Rocks,Franchise_Type__c,(null),In-Franchise,franchise_mapping.json (Monday-derived),2026-04-24T13:49:49,backfill
006WR00000wkDtgYAE,Encinitas Villas,Franchise_Type__c,(null),In-Franchise,franchise_mapping.json (Monday-derived),2026-04-24T13:49:49,backfill
006WR00000wkDthYAE,El Rancho Del Sol Apartments,Franchise_Type__c,(null),In-Franchise,franchise_mapping.json (Monday-derived),2026-04-24T13:49:49,backfill
006WR00000wkDtiYAE,Villa Rouge,Franchise_Type__c,(null),In-Franchise,franchise_mapping.json (Monday-derived),2026-04-24T13:49:49,backfill
006WR00000wkDtjYAE,Ville De Sante townhomes,Franchise_Type__c,(null),In-Franchise,franchise_mapping.json (Monday-derived),2026-04-24T13:49:49,backfill
006WR00000wkDtkYAE,Maple Place Apartments,Franchise_Type__c,(null),In-Franchise,franchise_mapping.json (Monday-derived),2026-04-24T13:49:49,backfill
006WR00000wkDtlYAE,350 E 5th Ave,Franchise_Type__c,(null),In-Franchise,franchise_mapping.json (Monday-derived),2026-04-24T13:49:49,backfill
006WR00000wkDtmYAE,Mariposa Apartments,Franchise_Type__c,(null),In-Franchise,franchise_mapping.json (Monday-derived),2026-04-24T13:49:49,backfill
006WR00000wkDtnYAE,La Costa at Dobson Ranch,Franchise_Type__c,(null),In-Franchise,franchise_mapping.json (Monday-derived),2026-04-24T13:49:49,backfill
006WR00000wkDtoYAE,Sorrento Apartments,Franchise_Type__c,(null),In-Franchise,franchise_mapping.json (Monday-derived),2026-04-24T13:49:49,backfill
006WR00000wkDtpYAE,Casa Mesa Estates,Franchise_Type__c,(null),In-Franchise,franchise_mapping.json (Monday-derived),2026-04-24T13:49:49,backfill
006WR00000wkDtqYAE,Ellipse on Excelsior,Franchise_Type__c,(null),In-Franchise,franchise_mapping.json (Monday-derived),2026-04-24T13:49:49,backfill
006WR00000wkDtrYAE,Indigo at Sunset Park,Franchise_Type__c,(null),In-Franchise,franchise_mapping.json (Monday-derived),2026-04-24T13:49:49,backfill
006WR00000wkDtsYAE,The Cliffs at Canyon Ridge,Franchise_Type__c,(null),In-Franchise,franchise_mapping.json (Monday-derived),2026-04-24T13:49:49,backfill
006WR00000wkDttYAE,Legend of Fort Worth: Senior Living_OneSource project,Franchise_Type__c,(null),In-Franchise,franchise_mapping.json (Monday-derived),2026-04-24T13:49:49,backfill
006WR00000wkDtuYAE,Oak Ridge Apartments,Franchise_Type__c,(null),In-Franchise,franchise_mapping.json (Monday-derived),2026-04-24T13:49:49,backfill
006WR00000wkDtvYAE,Eastbrook,Franchise_Type__c,(null),In-Franchise,franchise_mapping.json (Monday-derived),2026-04-24T13:49:49,backfill
006WR00000wkDtwYAE,Woodglen Square ll,Franchise_Type__c,(null),In-Franchise,franchise_mapping.json (Monday-derived),2026-04-24T13:49:49,backfill
006WR00000wkDtxYAE,Olive East,Franchise_Type__c,(null),In-Franchise,franchise_mapping.json (Monday-derived),2026-04-24T13:49:49,backfill
006WR00000wkDtyYAE,Cambria Apartments,Franchise_Type__c,(null),In-Franchise,franchise_mapping.json (Monday-derived),2026-04-24T13:49:49,backfill
006WR00000wkDtzYAE,Whispering Hills Apartments,Franchise_Type__c,(null),In-Franchise,franchise_mapping.json (Monday-derived),2026-04-24T13:49:49,backfill
006WR00000wkDu0YAE,Cielo II Apartments,Franchise_Type__c,(null),National,franchise_mapping.json (Monday-derived),2026-04-24T13:49:49,backfill
006WR00000wkDu1YAE,The M at Lakeline,Franchise_Type__c,(null),National,franchise_mapping.json (Monday-derived),2026-04-24T13:49:49,backfill
006WR00000wkDu2YAE,Palmero by the Park (f/k/a Overlook by the Park),Franchise_Type__c,(null),National,franchise_mapping.json (Monday-derived),2026-04-24T13:49:49,backfill
006WR00000wkDu3YAE,La Costa Paloma,Franchise_Type__c,(null),In-Franchise,franchise_mapping.json (Monday-derived),2026-04-24T13:49:49,backfill
006WR00000wkDu4YAE,High Country Villas 5&7,Franchise_Type__c,(null),In-Franchise,franchise_mapping.json (Monday-derived),2026-04-24T13:49:49,backfill
006WR00000wkDu5YAE,Southwest Patio Home Apartments,Franchise_Type__c,(null),In-Franchise,franchise_mapping.json (Monday-derived),2026-04-24T13:49:49,backfill
006WR00000wkDu6YAE,500 NE 70th,Franchise_Type__c,(null),In-Franchise,franchise_mapping.json (Monday-derived),2026-04-24T13:49:49,backfill
006WR00000wkDu7YAE,San Montego Luxury Apartments,Franchise_Type__c,(null),In-Franchise,franchise_mapping.json (Monday-derived),2026-04-24T13:49:49,backfill
006WR00000wkDu8YAE,The Turn Apartments,Franchise_Type__c,(null),In-Franchise,franchise_mapping.json (Monday-derived),2026-04-24T13:49:49,backfill
006WR00000wkDu9YAE,Oakwood Apartments,Franchise_Type__c,(null),In-Franchise,franchise_mapping.json (Monday-derived),2026-04-24T13:49:49,backfill
006WR00000wkDuAYAU,Villas on Horne,Franchise_Type__c,(null),In-Franchise,franchise_mapping.json (Monday-derived),2026-04-24T13:49:49,backfill
006WR00000wkDuBYAU,Riverview Townhomes,Franchise_Type__c,(null),In-Franchise,franchise_mapping.json (Monday-derived),2026-04-24T13:49:49,backfill
006WR00000wkDuCYAU,Avenue 8 Apartments,Franchise_Type__c,(null),In-Franchise,franchise_mapping.json (Monday-derived),2026-04-24T13:49:49,backfill
006WR00000wkDuDYAU,Texana Apartments,Franchise_Type__c,(null),In-Franchise,franchise_mapping.json (Monday-derived),2026-04-24T13:49:49,backfill
006WR00000wkDuEYAU,Brookwood Apartments,Franchise_Type__c,(null),In-Franchise,franchise_mapping.json (Monday-derived),2026-04-24T13:49:49,backfill
006WR00000wkDuFYAU,Bahia Palms Apartments,Franchise_Type__c,(null),In-Franchise,franchise_mapping.json (Monday-derived),2026-04-24T13:49:49,backfill
006WR00000wkDuGYAU,Mission Palms Apartments,Franchise_Type__c,(null),In-Franchise,franchise_mapping.json (Monday-derived),2026-04-24T13:49:49,backfill
006WR00000wkDuHYAU,River Oaks Apartments,Franchise_Type__c,(null),In-Franchise,franchise_mapping.json (Monday-derived),2026-04-24T13:49:49,backfill
006WR00000wkDuIYAU,Zona Village,Franchise_Type__c,(null),In-Franchise,franchise_mapping.json (Monday-derived),2026-04-24T13:49:49,backfill
006WR00000wkDuJYAU,Vanderbilt Apartments,Franchise_Type__c,(null),In-Franchise,franchise_mapping.json (Monday-derived),2026-04-24T13:49:49,backfill
006WR00000wkDuKYAU,Fowler's RV Park,Franchise_Type__c,(null),In-Franchise,franchise_mapping.json (Monday-derived),2026-04-24T13:49:49,backfill
006WR00000wkDuLYAU,Mira Vista Apartments,Franchise_Type__c,(null),In-Franchise,franchise_mapping.json (Monday-derived),2026-04-24T13:49:49,backfill
006WR00000wkDuMYAU,Colonial Plaza,Franchise_Type__c,(null),In-Franchise,franchise_mapping.json (Monday-derived),2026-04-24T13:49:49,backfill
006WR00000wkDuNYAU,6311-6321 Roosevelt,Franchise_Type__c,(null),In-Franchise,franchise_mapping.json (Monday-derived),2026-04-24T13:49:49,backfill
006WR00000wkDuOYAU,Stonebridge Gardens,Franchise_Type__c,(null),In-Franchise,franchise_mapping.json (Monday-derived),2026-04-24T13:49:49,backfill
006WR00000wkDuPYAU,7000 Roosevelt Way Apt,Franchise_Type__c,(null),In-Franchise,franchise_mapping.json (Monday-derived),2026-04-24T13:49:49,backfill
006WR00000wkDuQYAU,Copper Commons,Franchise_Type__c,(null),In-Franchise,franchise_mapping.json (Monday-derived),2026-04-24T13:49:49,backfill
006WR00000wkDuRYAU,7101 Roosevelt Way Apt,Franchise_Type__c,(null),In-Franchise,franchise_mapping.json (Monday-derived),2026-04-24T13:49:49,backfill
006WR00000wkDuSYAU,The Fifth Avenue,Franchise_Type__c,(null),In-Franchise,franchise_mapping.json (Monday-derived),2026-04-24T13:49:49,backfill
006WR00000wkDuTYAU,The Sixth Avenue,Franchise_Type__c,(null),In-Franchise,franchise_mapping.json (Monday-derived),2026-04-24T13:49:49,backfill
006WR00000wkDuUYAU,Pineforest Park,Franchise_Type__c,(null),In-Franchise,franchise_mapping.json (Monday-derived),2026-04-24T13:49:49,backfill
006WR00000wkDuVYAU,Crenshaw Townhouse,Franchise_Type__c,(null),In-Franchise,franchise_mapping.json (Monday-derived),2026-04-24T13:49:49,backfill
006WR00000wkDuWYAU,West Creek Townhomes,Franchise_Type__c,(null),In-Franchise,franchise_mapping.json (Monday-derived),2026-04-24T13:49:49,backfill
006WR00000wkDuXYAU,Vanowen Manor,Franchise_Type__c,(null),In-Franchise,franchise_mapping.json (Monday-derived),2026-04-24T13:49:49,backfill
006WR00000wkDuYYAU,Lord Tennyson,Franchise_Type__c,(null),In-Franchise,franchise_mapping.json (Monday-derived),2026-04-24T13:49:49,backfill
006WR00000wkDuZYAU,Crenshaw Manor,Franchise_Type__c,(null),In-Franchise,franchise_mapping.json (Monday-derived),2026-04-24T13:49:49,backfill
006WR00000wkDuaYAE,Columbia Apartments,Franchise_Type__c,(null),In-Franchise,franchise_mapping.json (Monday-derived),2026-04-24T13:49:49,backfill
006WR00000wkDubYAE,Windfaire Apartments,Franchise_Type__c,(null),In-Franchise,franchise_mapping.json (Monday-derived),2026-04-24T13:49:49,backfill
006WR00000wkDucYAE,Woodbury Place Apartments,Franchise_Type__c,(null),In-Franchise,franchise_mapping.json (Monday-derived),2026-04-24T13:49:49,backfill
006WR00000wkDudYAE,Strathmore Arms Apartments,Franchise_Type__c,(null),In-Franchise,franchise_mapping.json (Monday-derived),2026-04-24T13:49:49,backfill
006WR00000wkDueYAE,University Club Apartments (Nac),Franchise_Type__c,(null),In-Franchise,franchise_mapping.json (Monday-derived),2026-04-24T13:49:49,backfill
006WR00000wkDufYAE,714 Veteran,Franchise_Type__c,(null),In-Franchise,franchise_mapping.json (Monday-derived),2026-04-24T13:49:49,backfill
006WR00000wkDugYAE,University Square Apartments,Franchise_Type__c,(null),In-Franchise,franchise_mapping.json (Monday-derived),2026-04-24T13:49:49,backfill
006WR00000wkDuhYAE,The Park West,Franchise_Type__c,(null),In-Franchise,franchise_mapping.json (Monday-derived),2026-04-24T13:49:49,backfill
006WR00000wkDuiYAE,Summerset Village Apartments,Franchise_Type__c,(null),In-Franchise,franchise_mapping.json (Monday-derived),2026-04-24T13:49:49,backfill
006WR00000wkDujYAE,Villa Boitano 2,Franchise_Type__c,(null),In-Franchise,franchise_mapping.json (Monday-derived),2026-04-24T13:49:49,backfill
006WR00000wkDukYAE,Cimarron Estates,Franchise_Type__c,(null),In-Franchise,franchise_mapping.json (Monday-derived),2026-04-24T13:49:49,backfill
006WR00000wkDulYAE,104 North Apt,Franchise_Type__c,(null),In-Franchise,franchise_mapping.json (Monday-derived),2026-04-24T13:49:49,backfill
006WR00000wkDumYAE,Misty Ridge,Franchise_Type__c,(null),In-Franchise,franchise_mapping.json (Monday-derived),2026-04-24T13:49:49,backfill
006WR00000wkDunYAE,Villa Boitano 3,Franchise_Type__c,(null),In-Franchise,franchise_mapping.json (Monday-derived),2026-04-24T13:49:49,backfill
006WR00000wkDuoYAE,Park at Shiloh,Franchise_Type__c,(null),In-Franchise,franchise_mapping.json (Monday-derived),2026-04-24T13:49:49,backfill
006WR00000wkDupYAE,8746 Phinney Apt,Franchise_Type__c,(null),In-Franchise,franchise_mapping.json (Monday-derived),2026-04-24T13:49:49,backfill
006WR00000wkDuqYAE,Villages at Sugar Road,Franchise_Type__c,(null),In-Franchise,franchise_mapping.json (Monday-derived),2026-04-24T13:49:49,backfill
006WR00000wkDurYAE,The Cliffetta,Franchise_Type__c,(null),In-Franchise,franchise_mapping.json (Monday-derived),2026-04-24T13:49:49,backfill
006WR00000wkDusYAE,Espana,Franchise_Type__c,(null),In-Franchise,franchise_mapping.json (Monday-derived),2026-04-24T13:49:49,backfill
006WR00000wkDutYAE,Windrush Apartments,Franchise_Type__c,(null),In-Franchise,franchise_mapping.json (Monday-derived),2026-04-24T13:49:49,backfill
006WR00000wkDuuYAE,Autumn Villas Apartments,Franchise_Type__c,(null),In-Franchise,franchise_mapping.json (Monday-derived),2026-04-24T13:49:49,backfill
006WR00000wkDuvYAE,Conquistador Apartments,Franchise_Type__c,(null),In-Franchise,franchise_mapping.json (Monday-derived),2026-04-24T13:49:49,backfill
006WR00000wkDuwYAE,Fairways,Franchise_Type__c,(null),In-Franchise,franchise_mapping.json (Monday-derived),2026-04-24T13:49:49,backfill
006WR00000wkDuxYAE,Seven Points Apartments,Franchise_Type__c,(null),In-Franchise,franchise_mapping.json (Monday-derived),2026-04-24T13:49:49,backfill
006WR00000wkDuyYAE,Sheppard's Edge,Franchise_Type__c,(null),In-Franchise,franchise_mapping.json (Monday-derived),2026-04-24T13:49:49,backfill
006WR00000wkDuzYAE,Whispering Oaks Apartments,Franchise_Type__c,(null),In-Franchise,franchise_mapping.json (Monday-derived),2026-04-24T13:49:49,backfill
006WR00000wkDv0YAE,Boulder Springs Apartments,Franchise_Type__c,(null),In-Franchise,franchise_mapping.json (Monday-derived),2026-04-24T13:49:49,backfill
006WR00000wkDv1YAE,Rose Villa Apartments,Franchise_Type__c,(null),In-Franchise,franchise_mapping.json (Monday-derived),2026-04-24T13:49:49,backfill
006WR00000wkDv2YAE,St. John's,Franchise_Type__c,(null),In-Franchise,franchise_mapping.json (Monday-derived),2026-04-24T13:49:49,backfill
006WR00000wkDv3YAE,La Villita Apartments,Franchise_Type__c,(null),In-Franchise,franchise_mapping.json (Monday-derived),2026-04-24T13:49:49,backfill
006WR00000wkDv4YAE,615 Manhattan,Franchise_Type__c,(null),In-Franchise,franchise_mapping.json (Monday-derived),2026-04-24T13:49:49,backfill
006WR00000wkDv5YAE,Mill Creek Square Apartments,Franchise_Type__c,(null),In-Franchise,franchise_mapping.json (Monday-derived),2026-04-24T13:49:49,backfill
006WR00000wkDv6YAE,Sunset Street,Franchise_Type__c,(null),In-Franchise,franchise_mapping.json (Monday-derived),2026-04-24T13:49:49,backfill
006WR00000wkDv7YAE,Gainesville Gardens Apartments,Franchise_Type__c,(null),In-Franchise,franchise_mapping.json (Monday-derived),2026-04-24T13:49:49,backfill
006WR00000wkDv8YAE,Pineforest Place,Franchise_Type__c,(null),In-Franchise,franchise_mapping.json (Monday-derived),2026-04-24T13:49:49,backfill
006WR00000wkDv9YAE,Misty Hollow Apartments,Franchise_Type__c,(null),In-Franchise,franchise_mapping.json (Monday-derived),2026-04-24T13:49:49,backfill
006WR00000wkDvAYAU,University Club Apartments (Lubbock),Franchise_Type__c,(null),In-Franchise,franchise_mapping.json (Monday-derived),2026-04-24T13:49:49,backfill
006WR00000wkDvBYAU,Northpark Apartments,Franchise_Type__c,(null),In-Franchise,franchise_mapping.json (Monday-derived),2026-04-24T13:49:49,backfill
006WR00000wkDvCYAU,Chaparral Apts,Franchise_Type__c,(null),In-Franchise,franchise_mapping.json (Monday-derived),2026-04-24T13:49:49,backfill
006WR00000wkDvDYAU,Lemoli Apartments,Franchise_Type__c,(null),In-Franchise,franchise_mapping.json (Monday-derived),2026-04-24T13:49:49,backfill
006WR00000wkDvEYAU,Willow Lake,Franchise_Type__c,(null),In-Franchise,franchise_mapping.json (Monday-derived),2026-04-24T13:49:49,backfill
006WR00000wkDvFYAU,Chadron Apartments,Franchise_Type__c,(null),In-Franchise,franchise_mapping.json (Monday-derived),2026-04-24T13:49:49,backfill
006WR00000wkDvGYAU,Forest Gate Apartments,Franchise_Type__c,(null),In-Franchise,franchise_mapping.json (Monday-derived),2026-04-24T13:49:49,backfill
006WR00000wkDvHYAU,Vanowen Manor II,Franchise_Type__c,(null),In-Franchise,franchise_mapping.json (Monday-derived),2026-04-24T13:49:49,backfill
006WR00000wkDvIYAU,Alameda Palms,Franchise_Type__c,(null),In-Franchise,franchise_mapping.json (Monday-derived),2026-04-24T13:49:49,backfill
006WR00000wkEZdYAM,Strathmore Terrace,Franchise_Type__c,(null),In-Franchise,franchise_mapping.json (Monday-derived),2026-04-24T13:49:49,backfill
006WR00000wkEZeYAM,Heritage Park,Franchise_Type__c,(null),In-Franchise,franchise_mapping.json (Monday-derived),2026-04-24T13:49:49,backfill
006WR00000wkEZfYAM,Crenshaw Terrace Apartments,Franchise_Type__c,(null),In-Franchise,franchise_mapping.json (Monday-derived),2026-04-24T13:49:49,backfill
006WR00000wkEZgYAM,University Courtyards Apartments,Franchise_Type__c,(null),In-Franchise,franchise_mapping.json (Monday-derived),2026-04-24T13:49:49,backfill
006WR00000wkEZhYAM,Leimert Park,Franchise_Type__c,(null),In-Franchise,franchise_mapping.json (Monday-derived),2026-04-24T13:49:49,backfill
006WR00000wkEZiYAM,Saratoga Apartments,Franchise_Type__c,(null),In-Franchise,franchise_mapping.json (Monday-derived),2026-04-24T13:49:49,backfill
006WR00000wkEZjYAM,Ladera Apartments,Franchise_Type__c,(null),In-Franchise,franchise_mapping.json (Monday-derived),2026-04-24T13:49:49,backfill
006WR00000wkEZkYAM,The Oaks Apartments,Franchise_Type__c,(null),In-Franchise,franchise_mapping.json (Monday-derived),2026-04-24T13:49:49,backfill
006WR00000wkEZlYAM,Fallbrook View Apartments,Franchise_Type__c,(null),In-Franchise,franchise_mapping.json (Monday-derived),2026-04-24T13:49:49,backfill
006WR00000wkEZmYAM,Turnagain Apartments,Franchise_Type__c,(null),In-Franchise,franchise_mapping.json (Monday-derived),2026-04-24T13:49:49,backfill
006WR00000wkEZnYAM,Paris Retirement Village,Franchise_Type__c,(null),In-Franchise,franchise_mapping.json (Monday-derived),2026-04-24T13:49:49,backfill
006WR00000wkEZoYAM,Tierra Pointe,Franchise_Type__c,(null),In-Franchise,franchise_mapping.json (Monday-derived),2026-04-24T13:49:49,backfill
006WR00000wkEZpYAM,Cypress Ridge,Franchise_Type__c,(null),In-Franchise,franchise_mapping.json (Monday-derived),2026-04-24T13:49:49,backfill
006WR00000wkEZqYAM,Comanche Wells,Franchise_Type__c,(null),In-Franchise,franchise_mapping.json (Monday-derived),2026-04-24T13:49:49,backfill
006WR00000wkEZrYAM,Lakeview Park,Franchise_Type__c,(null),In-Franchise,franchise_mapping.json (Monday-derived),2026-04-24T13:49:49,backfill
006WR00000wkEZsYAM,Park at Clear Creek,Franchise_Type__c,(null),In-Franchise,franchise_mapping.json (Monday-derived),2026-04-24T13:49:49,backfill
006WR00000wkEZtYAM,5307 Ravenna,Franchise_Type__c,(null),In-Franchise,franchise_mapping.json (Monday-derived),2026-04-24T13:49:49,backfill
006WR00000wkEZuYAM,Pinnacle Pointe,Franchise_Type__c,(null),In-Franchise,franchise_mapping.json (Monday-derived),2026-04-24T13:49:49,backfill
006WR00000wkEZvYAM,1744 Dexter Avenue Apartments,Franchise_Type__c,(null),In-Franchise,franchise_mapping.json (Monday-derived),2026-04-24T13:49:49,backfill
006WR00000wkEZwYAM,Western Hills Apartments,Franchise_Type__c,(null),In-Franchise,franchise_mapping.json (Monday-derived),2026-04-24T13:49:49,backfill
006WR00000wkEZxYAM,Villa Park Apartments,Franchise_Type__c,(null),In-Franchise,franchise_mapping.json (Monday-derived),2026-04-24T13:49:49,backfill
006WR00000wkEZyYAM,Green Lake South,Franchise_Type__c,(null),In-Franchise,franchise_mapping.json (Monday-derived),2026-04-24T13:49:49,backfill
006WR00000wkEZzYAM,430 NE Ravenna,Franchise_Type__c,(null),In-Franchise,franchise_mapping.json (Monday-derived),2026-04-24T13:49:49,backfill
006WR00000wkEa0YAE,Lakeland,Franchise_Type__c,(null),In-Franchise,franchise_mapping.json (Monday-derived),2026-04-24T13:49:49,backfill
006WR00000wkEa1YAE,Vista Hermosa Apartments,Franchise_Type__c,(null),In-Franchise,franchise_mapping.json (Monday-derived),2026-04-24T13:49:49,backfill
006WR00000wkEa2YAE,Pecan Creek Apartments,Franchise_Type__c,(null),In-Franchise,franchise_mapping.json (Monday-derived),2026-04-24T13:49:49,backfill
006WR00000wkEa3YAE,Stoneridge Apartments,Franchise_Type__c,(null),In-Franchise,franchise_mapping.json (Monday-derived),2026-04-24T13:49:49,backfill
006WR00000wkEa4YAE,Woodstock III Apartments,Franchise_Type__c,(null),In-Franchise,franchise_mapping.json (Monday-derived),2026-04-24T13:49:49,backfill
006WR00000wkEa5YAE,La Mirage Villas Apartments,Franchise_Type__c,(null),In-Franchise,franchise_mapping.json (Monday-derived),2026-04-24T13:49:49,backfill
006WR00000wkEa6YAE,Briarwood Apartments,Franchise_Type__c,(null),In-Franchise,franchise_mapping.json (Monday-derived),2026-04-24T13:49:49,backfill
006WR00000wkEa7YAE,Prairie Village Apartments,Franchise_Type__c,(null),In-Franchise,franchise_mapping.json (Monday-derived),2026-04-24T13:49:49,backfill
006WR00000wkEa8YAE,La Mirage Apartments,Franchise_Type__c,(null),In-Franchise,franchise_mapping.json (Monday-derived),2026-04-24T13:49:49,backfill
006WR00000wkEa9YAE,Hillside Apartments,Franchise_Type__c,(null),In-Franchise,franchise_mapping.json (Monday-derived),2026-04-24T13:49:49,backfill
006WR00000wkEaAYAU,Pilot Point Apartments,Franchise_Type__c,(null),In-Franchise,franchise_mapping.json (Monday-derived),2026-04-24T13:49:49,backfill
006WR00000wkEaBYAU,May Road Apartments,Franchise_Type__c,(null),In-Franchise,franchise_mapping.json (Monday-derived),2026-04-24T13:49:49,backfill
006WR00000wkEaCYAU,Village Place Apartments,Franchise_Type__c,(null),In-Franchise,franchise_mapping.json (Monday-derived),2026-04-24T13:49:49,backfill
006WR00000wkEaDYAU,Mesquite Trails Apartments,Franchise_Type__c,(null),In-Franchise,franchise_mapping.json (Monday-derived),2026-04-24T13:49:49,backfill
006WR00000wkEaEYAU,Lakeview Court Apartments,Franchise_Type__c,(null),In-Franchise,franchise_mapping.json (Monday-derived),2026-04-24T13:49:49,backfill
006WR00000wkEaFYAU,Regency Apartments,Franchise_Type__c,(null),In-Franchise,franchise_mapping.json (Monday-derived),2026-04-24T13:49:49,backfill
006WR00000wkEaGYAU,Rio Grande Apartments,Franchise_Type__c,(null),In-Franchise,franchise_mapping.json (Monday-derived),2026-04-24T13:49:49,backfill
006WR00000wkEaHYAU,Oxnard Terrace Apartments,Franchise_Type__c,(null),In-Franchise,franchise_mapping.json (Monday-derived),2026-04-24T13:49:49,backfill
006WR00000wkEaIYAU,Vassar Terrace Apartments,Franchise_Type__c,(null),In-Franchise,franchise_mapping.json (Monday-derived),2026-04-24T13:49:49,backfill
006WR00000wkEaJYAU,9404 Apartments,Franchise_Type__c,(null),In-Franchise,franchise_mapping.json (Monday-derived),2026-04-24T13:49:49,backfill
006WR00000wkEaKYAU,Villa Lago Apartments,Franchise_Type__c,(null),In-Franchise,franchise_mapping.json (Monday-derived),2026-04-24T13:49:49,backfill
006WR00000wkEaLYAU,The Royce,Franchise_Type__c,(null),In-Franchise,franchise_mapping.json (Monday-derived),2026-04-24T13:49:49,backfill
006WR00000wkEaMYAU,Aloha Wey Apartments,Franchise_Type__c,(null),In-Franchise,franchise_mapping.json (Monday-derived),2026-04-24T13:49:49,backfill
006WR00000wkEaNYAU,Jem-Wey Apartments,Franchise_Type__c,(null),In-Franchise,franchise_mapping.json (Monday-derived),2026-04-24T13:49:49,backfill
006WR00000wkEaOYAU,Regents Park Apartments,Franchise_Type__c,(null),In-Franchise,franchise_mapping.json (Monday-derived),2026-04-24T13:49:49,backfill
006WR00000wkEaPYAU,Lake Meadows Apartments,Franchise_Type__c,(null),In-Franchise,franchise_mapping.json (Monday-derived),2026-04-24T13:49:49,backfill
006WR00000wkEaQYAU,Woodland Trio The Oaks,Franchise_Type__c,(null),In-Franchise,franchise_mapping.json (Monday-derived),2026-04-24T13:49:49,backfill
006WR00000wkEaRYAU,Baldwin Manor,Franchise_Type__c,(null),In-Franchise,franchise_mapping.json (Monday-derived),2026-04-24T13:49:49,backfill
006WR00000wkEaSYAU,White Oak Terrace,Franchise_Type__c,(null),In-Franchise,franchise_mapping.json (Monday-derived),2026-04-24T13:49:49,backfill
006WR00000wkEaTYAU,Bali Apartments,Franchise_Type__c,(null),In-Franchise,franchise_mapping.json (Monday-derived),2026-04-24T13:49:49,backfill
006WR00000wkEaUYAU,Corbett Avenue Apartments,Franchise_Type__c,(null),In-Franchise,franchise_mapping.json (Monday-derived),2026-04-24T13:49:49,backfill
006WR00000wkEaVYAU,Chatsworth Plaza,Franchise_Type__c,(null),In-Franchise,franchise_mapping.json (Monday-derived),2026-04-24T13:49:49,backfill
006WR00000wkEaWYAU,John Manor,Franchise_Type__c,(null),In-Franchise,franchise_mapping.json (Monday-derived),2026-04-24T13:49:49,backfill
006WR00000wkEaXYAU,Casa Linda,Franchise_Type__c,(null),In-Franchise,franchise_mapping.json (Monday-derived),2026-04-24T13:49:49,backfill
006WR00000wkEaYYAU,Windsor Manor,Franchise_Type__c,(null),In-Franchise,franchise_mapping.json (Monday-derived),2026-04-24T13:49:49,backfill
006WR00000wkEaZYAU,Coliseum Apartments,Franchise_Type__c,(null),In-Franchise,franchise_mapping.json (Monday-derived),2026-04-24T13:49:49,backfill
006WR00000wkEaaYAE,Colonial Manor Apartments,Franchise_Type__c,(null),In-Franchise,franchise_mapping.json (Monday-derived),2026-04-24T13:49:49,backfill
006WR00000wkEabYAE,San Vicente Apartments,Franchise_Type__c,(null),In-Franchise,franchise_mapping.json (Monday-derived),2026-04-24T13:49:49,backfill
006WR00000wkEacYAE,St. Andrews Manor,Franchise_Type__c,(null),In-Franchise,franchise_mapping.json (Monday-derived),2026-04-24T13:49:49,backfill
006WR00000wkEadYAE,Krystal Terrace,Franchise_Type__c,(null),In-Franchise,franchise_mapping.json (Monday-derived),2026-04-24T13:49:49,backfill
006WR00000wkEaeYAE,Parkway Terrace,Franchise_Type__c,(null),In-Franchise,franchise_mapping.json (Monday-derived),2026-04-24T13:49:49,backfill
006WR00000wkEafYAE,Kling Trio Apartments,Franchise_Type__c,(null),In-Franchise,franchise_mapping.json (Monday-derived),2026-04-24T13:49:49,backfill
006WR00000wkEagYAE,Jaclyn Terrace,Franchise_Type__c,(null),In-Franchise,franchise_mapping.json (Monday-derived),2026-04-24T13:49:49,backfill
006WR00000wkEahYAE,Brody Terrace (Riverside),Franchise_Type__c,(null),In-Franchise,franchise_mapping.json (Monday-derived),2026-04-24T13:49:49,backfill
006WR00000wkEaiYAE,Parkview Terrace,Franchise_Type__c,(null),In-Franchise,franchise_mapping.json (Monday-derived),2026-04-24T13:49:49,backfill
006WR00000wkEajYAE,Roxanne Apartments,Franchise_Type__c,(null),In-Franchise,franchise_mapping.json (Monday-derived),2026-04-24T13:49:49,backfill
006WR00000wkEakYAE,Riverside Villa Apartments,Franchise_Type__c,(null),In-Franchise,franchise_mapping.json (Monday-derived),2026-04-24T13:49:49,backfill
006WR00000wkEalYAE,The Banyans,Franchise_Type__c,(null),In-Franchise,franchise_mapping.json (Monday-derived),2026-04-24T13:49:49,backfill
006WR00000wkEamYAE,Topanga Apartments,Franchise_Type__c,(null),In-Franchise,franchise_mapping.json (Monday-derived),2026-04-24T13:49:49,backfill
006WR00000wkEanYAE,Topanga Terrace,Franchise_Type__c,(null),In-Franchise,franchise_mapping.json (Monday-derived),2026-04-24T13:49:49,backfill
006WR00000wkEaoYAE,Vista Apartments,Franchise_Type__c,(null),In-Franchise,franchise_mapping.json (Monday-derived),2026-04-24T13:49:49,backfill
006WR00000wkEapYAE,The Palms,Franchise_Type__c,(null),In-Franchise,franchise_mapping.json (Monday-derived),2026-04-24T13:49:49,backfill
006WR00000wkEaqYAE,Katerina Chalet,Franchise_Type__c,(null),In-Franchise,franchise_mapping.json (Monday-derived),2026-04-24T13:49:49,backfill
006WR00000wkEarYAE,8409 5th Ave Apt,Franchise_Type__c,(null),In-Franchise,franchise_mapping.json (Monday-derived),2026-04-24T13:49:49,backfill
006WR00000wkEasYAE,Villa Boitano 1,Franchise_Type__c,(null),In-Franchise,franchise_mapping.json (Monday-derived),2026-04-24T13:49:49,backfill
006WR00000wkEatYAE,4459 Fremont Ave Apt,Franchise_Type__c,(null),In-Franchise,franchise_mapping.json (Monday-derived),2026-04-24T13:49:49,backfill
006WR00000wkEauYAE,Hollypark Knolls Apartments,Franchise_Type__c,(null),In-Franchise,franchise_mapping.json (Monday-derived),2026-04-24T13:49:49,backfill
006WR00000wkEavYAE,Saticoy Gardens,Franchise_Type__c,(null),In-Franchise,franchise_mapping.json (Monday-derived),2026-04-24T13:49:49,backfill
006WR00000wkEawYAE,Link Canvas (fka The George & The Leonard),Franchise_Type__c,(null),In-Franchise,franchise_mapping.json (Monday-derived),2026-04-24T13:49:49,backfill
006WR00000wkEaxYAE,Link West End,Franchise_Type__c,(null),In-Franchise,franchise_mapping.json (Monday-derived),2026-04-24T13:49:49,backfill
006WR00000wkEayYAE,Mississippi View,Franchise_Type__c,(null),In-Franchise,franchise_mapping.json (Monday-derived),2026-04-24T13:49:49,backfill
006WR00000wkEazYAE,Spring Mountain Apartments,Franchise_Type__c,(null),In-Franchise,franchise_mapping.json (Monday-derived),2026-04-24T13:49:49,backfill
006WR00000wkEb0YAE,Aspen Hills,Franchise_Type__c,(null),In-Franchise,franchise_mapping.json (Monday-derived),2026-04-24T13:49:49,backfill
006WR00000wkEb1YAE,Horizon Heights,Franchise_Type__c,(null),In-Franchise,franchise_mapping.json (Monday-derived),2026-04-24T13:49:49,backfill
006WR00000wkEb2YAE,Columbine Towers,Franchise_Type__c,(null),In-Franchise,franchise_mapping.json (Monday-derived),2026-04-24T13:49:49,backfill
006WR00000wkEb3YAE,Sunridge Patio Homes,Franchise_Type__c,(null),In-Franchise,franchise_mapping.json (Monday-derived),2026-04-24T13:49:49,backfill
006WR00000wkEb4YAE,Main Street Commons,Franchise_Type__c,(null),In-Franchise,franchise_mapping.json (Monday-derived),2026-04-24T13:49:49,backfill
006WR00000wkEb5YAE,Greenfield Village RV Resort,Franchise_Type__c,(null),In-Franchise,franchise_mapping.json (Monday-derived),2026-04-24T13:49:49,backfill
006WR00000wkEb6YAE,Pecan Acres RV Park,Franchise_Type__c,(null),In-Franchise,franchise_mapping.json (Monday-derived),2026-04-24T13:49:49,backfill
006WR00000wkEb7YAE,The Bungalows on 204,Franchise_Type__c,(null),In-Franchise,franchise_mapping.json (Monday-derived),2026-04-24T13:49:49,backfill
006WR00000wkEb8YAE,The Bungalows on the Lake at Prairie Queen,Franchise_Type__c,(null),In-Franchise,franchise_mapping.json (Monday-derived),2026-04-24T13:49:49,backfill
006WR00000wkEb9YAE,The Bungalows on the Lake at Prairie Queen_The View,Franchise_Type__c,(null),In-Franchise,franchise_mapping.json (Monday-derived),2026-04-24T13:49:49,backfill
006WR00000wkEbAYAU,1010 on the Lake,Franchise_Type__c,(null),In-Franchise,franchise_mapping.json (Monday-derived),2026-04-24T13:49:49,backfill
006WR00000wkEbBYAU,The Beckham,Franchise_Type__c,(null),In-Franchise,franchise_mapping.json (Monday-derived),2026-04-24T13:49:49,backfill
006WR00000wkEbCYAU,Azle Village,Franchise_Type__c,(null),In-Franchise,franchise_mapping.json (Monday-derived),2026-04-24T13:49:49,backfill
006WR00000wkEbDYAU,Heritage Oaks,Franchise_Type__c,(null),In-Franchise,franchise_mapping.json (Monday-derived),2026-04-24T13:49:49,backfill
006WR00000wkEbEYAU,Big Oaks Estates,Franchise_Type__c,(null),In-Franchise,franchise_mapping.json (Monday-derived),2026-04-24T13:49:49,backfill
006WR00000wkEbFYAU,Southern Hills Manufactured Home Community,Franchise_Type__c,(null),In-Franchise,franchise_mapping.json (Monday-derived),2026-04-24T13:49:49,backfill
006WR00000wkEbGYAU,Sahara & Playa Palms Apartments,Franchise_Type__c,(null),In-Franchise,franchise_mapping.json (Monday-derived),2026-04-24T13:49:49,backfill
006WR00000wkEbHYAU,Arcadia Walk,Franchise_Type__c,(null),In-Franchise,franchise_mapping.json (Monday-derived),2026-04-24T13:49:49,backfill
006WR00000wkEbIYAU,First Casa De Marina,Franchise_Type__c,(null),In-Franchise,franchise_mapping.json (Monday-derived),2026-04-24T13:49:49,backfill
006WR00000wkEbJYAU,Lombardi Apartments,Franchise_Type__c,(null),In-Franchise,franchise_mapping.json (Monday-derived),2026-04-24T13:49:49,backfill
006WR00000wkEbKYAU,The Meadows at Westlake Village,Franchise_Type__c,(null),In-Franchise,franchise_mapping.json (Monday-derived),2026-04-24T13:49:49,backfill
006WR00000wkEbLYAU,Brookside Terrace Apartments,Franchise_Type__c,(null),In-Franchise,franchise_mapping.json (Monday-derived),2026-04-24T13:49:49,backfill
006WR00000wkEbMYAU,Gloria Homes,Franchise_Type__c,(null),In-Franchise,franchise_mapping.json (Monday-derived),2026-04-24T13:49:49,backfill
006WR00000wkEbNYAU,Parthenia Terrace,Franchise_Type__c,(null),In-Franchise,franchise_mapping.json (Monday-derived),2026-04-24T13:49:49,backfill
006WR00000wkEbOYAU,Patriot Place,Franchise_Type__c,(null),In-Franchise,franchise_mapping.json (Monday-derived),2026-04-24T13:49:49,backfill
006WR00000wkEbPYAU,1507 N 8th Apartments_Colt RE,Franchise_Type__c,(null),In-Franchise,franchise_mapping.json (Monday-derived),2026-04-24T13:49:49,backfill
006WR00000wkEbQYAU,307 N Apartments_Colt RE,Franchise_Type__c,(null),In-Franchise,franchise_mapping.json (Monday-derived),2026-04-24T13:49:49,backfill
006WR00000wkEbRYAU,Jerome Apartments_Colt RE,Franchise_Type__c,(null),In-Franchise,franchise_mapping.json (Monday-derived),2026-04-24T13:49:49,backfill
006WR00000wkEbSYAU,Saffari Apts_Colt RE,Franchise_Type__c,(null),In-Franchise,franchise_mapping.json (Monday-derived),2026-04-24T13:49:49,backfill
006WR00000wkEbTYAU,Soaring Eagle Apartments_Colt RE,Franchise_Type__c,(null),In-Franchise,franchise_mapping.json (Monday-derived),2026-04-24T13:49:49,backfill
006WR00000wkEbUYAU,1807 Mulford Apartments_Colt RE,Franchise_Type__c,(null),In-Franchise,franchise_mapping.json (Monday-derived),2026-04-24T13:49:49,backfill
006WR00000wkEbVYAU,CitiFront Apartments,Franchise_Type__c,(null),In-Franchise,franchise_mapping.json (Monday-derived),2026-04-24T13:49:49,backfill
006WR00000wkEbWYAU,Waterstone Apartments,Franchise_Type__c,(null),In-Franchise,franchise_mapping.json (Monday-derived),2026-04-24T13:49:49,backfill
006WR00000wkEbXYAU,Holiday Village Manufactured Home Village,Franchise_Type__c,(null),In-Franchise,franchise_mapping.json (Monday-derived),2026-04-24T13:49:49,backfill
006WR00000wkEbYYAU,Trailpoint by Trion Living / Trailpoint on Highline,Franchise_Type__c,(null),In-Franchise,franchise_mapping.json (Monday-derived),2026-04-24T13:49:49,backfill
006WR00000wkEbZYAU,Ballantrae Apartments,Franchise_Type__c,(null),In-Franchise,franchise_mapping.json (Monday-derived),2026-04-24T13:49:49,backfill
006WR00000wkEbaYAE,Westcliff Apartments,Franchise_Type__c,(null),In-Franchise,franchise_mapping.json (Monday-derived),2026-04-24T13:49:49,backfill
006WR00000wkEbbYAE,Sunshine Portland,Franchise_Type__c,(null),In-Franchise,franchise_mapping.json (Monday-derived),2026-04-24T13:49:49,backfill
006WR00000wkEbcYAE,Larpenteur Manor Apartments,Franchise_Type__c,(null),In-Franchise,franchise_mapping.json (Monday-derived),2026-04-24T13:49:49,backfill
006WR00000wkEbdYAE,Sun Place Apartments,Franchise_Type__c,(null),In-Franchise,franchise_mapping.json (Monday-derived),2026-04-24T13:49:49,backfill
006WR00000wkEbeYAE,Parkview Apartments,Franchise_Type__c,(null),In-Franchise,franchise_mapping.json (Monday-derived),2026-04-24T13:49:49,backfill
006WR00000wkEbfYAE,Cottage Terrace Apartments,Franchise_Type__c,(null),In-Franchise,franchise_mapping.json (Monday-derived),2026-04-24T13:49:49,backfill
006WR00000wkEbgYAE,Edgerton Highlands Apartments,Franchise_Type__c,(null),In-Franchise,franchise_mapping.json (Monday-derived),2026-04-24T13:49:49,backfill
006WR00000wkEbhYAE,Johnson Parkway Apartments,Franchise_Type__c,(null),In-Franchise,franchise_mapping.json (Monday-derived),2026-04-24T13:49:49,backfill
006WR00000wkEbiYAE,LaBlanche Apartments,Franchise_Type__c,(null),In-Franchise,franchise_mapping.json (Monday-derived),2026-04-24T13:49:49,backfill
006WR00000wkEbjYAE,Park Vista Apartments,Franchise_Type__c,(null),In-Franchise,franchise_mapping.json (Monday-derived),2026-04-24T13:49:49,backfill
006WR00000wkEbkYAE,Pine Tree Park Apartments,Franchise_Type__c,(null),In-Franchise,franchise_mapping.json (Monday-derived),2026-04-24T13:49:49,backfill
006WR00000wkEblYAE,Goldenstar Apartments,Franchise_Type__c,(null),In-Franchise,franchise_mapping.json (Monday-derived),2026-04-24T13:49:49,backfill
006WR00000wkEbmYAE,Evergreen East Apartments,Franchise_Type__c,(null),In-Franchise,franchise_mapping.json (Monday-derived),2026-04-24T13:49:49,backfill
006WR00000wkEbnYAE,Sherman Forbes Apartments,Franchise_Type__c,(null),In-Franchise,franchise_mapping.json (Monday-derived),2026-04-24T13:49:49,backfill
006WR00000wkEboYAE,The Bungalows,Franchise_Type__c,(null),In-Franchise,franchise_mapping.json (Monday-derived),2026-04-24T13:49:49,backfill
006WR00000wkEbpYAE,Shadow Green Apartments,Franchise_Type__c,(null),In-Franchise,franchise_mapping.json (Monday-derived),2026-04-24T13:49:49,backfill
006WR00000wkEbqYAE,Purgatory Creek Townhomes,Franchise_Type__c,(null),In-Franchise,franchise_mapping.json (Monday-derived),2026-04-24T13:49:49,backfill
006WR00000wkEbrYAE,Equinox on Indian School,Franchise_Type__c,(null),In-Franchise,franchise_mapping.json (Monday-derived),2026-04-24T13:49:49,backfill
006WR00000wkEbsYAE,Pomeroy Court,Franchise_Type__c,(null),In-Franchise,franchise_mapping.json (Monday-derived),2026-04-24T13:49:49,backfill
006WR00000wkEbtYAE,Chalk Hill Ranch Phase 1,Franchise_Type__c,(null),In-Franchise,franchise_mapping.json (Monday-derived),2026-04-24T13:49:49,backfill
006WR00000wkEbuYAE,Coyote Creek,Franchise_Type__c,(null),In-Franchise,franchise_mapping.json (Monday-derived),2026-04-24T13:49:49,backfill
006WR00000wkEbvYAE,The Traditions Apartments,Franchise_Type__c,(null),In-Franchise,franchise_mapping.json (Monday-derived),2026-04-24T13:49:49,backfill
006WR00000wkEbwYAE,Garden Court Apartments,Franchise_Type__c,(null),In-Franchise,franchise_mapping.json (Monday-derived),2026-04-24T13:49:49,backfill
006WR00000wkEbxYAE,Woodcrest Townhomes,Franchise_Type__c,(null),In-Franchise,franchise_mapping.json (Monday-derived),2026-04-24T13:49:49,backfill
006WR00000wkEbyYAE,Aspen Oaks,Franchise_Type__c,(null),In-Franchise,franchise_mapping.json (Monday-derived),2026-04-24T13:49:49,backfill
006WR00000wkEbzYAE,Highland Shores Apartments,Franchise_Type__c,(null),In-Franchise,franchise_mapping.json (Monday-derived),2026-04-24T13:49:49,backfill
006WR00000wkEc0YAE,Barbary Knoll Apartments,Franchise_Type__c,(null),In-Franchise,franchise_mapping.json (Monday-derived),2026-04-24T13:49:49,backfill
006WR00000wkEc1YAE,Mountain Terrace,Franchise_Type__c,(null),In-Franchise,franchise_mapping.json (Monday-derived),2026-04-24T13:49:49,backfill
006WR00000wkEc2YAE,Meeker Commons,Franchise_Type__c,(null),In-Franchise,franchise_mapping.json (Monday-derived),2026-04-24T13:49:49,backfill
006WR00000wkEc3YAE,Capri on Camelback,Franchise_Type__c,(null),In-Franchise,franchise_mapping.json (Monday-derived),2026-04-24T13:49:49,backfill
006WR00000wkEc4YAE,Mansions at Hemingway,Franchise_Type__c,(null),In-Franchise,franchise_mapping.json (Monday-derived),2026-04-24T13:49:49,backfill
006WR00000wkEc5YAE,Benson Crest,Franchise_Type__c,(null),In-Franchise,franchise_mapping.json (Monday-derived),2026-04-24T13:49:49,backfill
006WR00000wkEc6YAE,Wright Senior,Franchise_Type__c,(null),In-Franchise,franchise_mapping.json (Monday-derived),2026-04-24T13:49:49,backfill
006WR00000wkEc7YAE,Maple Grove Villas,Franchise_Type__c,(null),In-Franchise,franchise_mapping.json (Monday-derived),2026-04-24T13:49:49,backfill
006WR00000wkEc8YAE,Bristol Square Apartments,Franchise_Type__c,(null),In-Franchise,franchise_mapping.json (Monday-derived),2026-04-24T13:49:49,backfill
006WR00000wkEc9YAE,Heatherwilde Park AKA Cove at Heatherwilde,Franchise_Type__c,(null),In-Franchise,franchise_mapping.json (Monday-derived),2026-04-24T13:49:49,backfill
006WR00000wkEcAYAU,Creekside Apartments,Franchise_Type__c,(null),In-Franchise,franchise_mapping.json (Monday-derived),2026-04-24T13:49:49,backfill
006WR00000wkEcBYAU,Heritage of Newark (FKA Newark Beach Estates),Franchise_Type__c,(null),In-Franchise,franchise_mapping.json (Monday-derived),2026-04-24T13:49:49,backfill
006WR00000wkEcCYAU,Eastgate Village Apartments,Franchise_Type__c,(null),In-Franchise,franchise_mapping.json (Monday-derived),2026-04-24T13:49:49,backfill
006WR00000wkEcDYAU,The 1001 Apartments,Franchise_Type__c,(null),In-Franchise,franchise_mapping.json (Monday-derived),2026-04-24T13:49:49,backfill
006WR00000wkEcEYAU,Northampton Court Condominiums,Franchise_Type__c,(null),In-Franchise,franchise_mapping.json (Monday-derived),2026-04-24T13:49:49,backfill
006WR00000wkEcFYAU,Equinox on Country Club,Franchise_Type__c,(null),In-Franchise,franchise_mapping.json (Monday-derived),2026-04-24T13:49:49,backfill
006WR00000wkEcGYAU,The Retreat at City Center,Franchise_Type__c,(null),In-Franchise,franchise_mapping.json (Monday-derived),2026-04-24T13:49:49,backfill
006WR00000wkEcHYAU,Avalon Wolf Ranch (f/k/a Retreat at Wolf Ranch),Franchise_Type__c,(null),In-Franchise,franchise_mapping.json (Monday-derived),2026-04-24T13:49:49,backfill
006WR00000wkEcIYAU,Lost Spurs,Franchise_Type__c,(null),In-Franchise,franchise_mapping.json (Monday-derived),2026-04-24T13:49:49,backfill
006WR00000wkEcJYAU,Grand Estates at Keller,Franchise_Type__c,(null),In-Franchise,franchise_mapping.json (Monday-derived),2026-04-24T13:49:49,backfill
006WR00000wkEcKYAU,Lexington Place (Monterey),Franchise_Type__c,(null),In-Franchise,franchise_mapping.json (Monday-derived),2026-04-24T13:49:49,backfill
006WR00000wkEcLYAU,Olympus Waterford,Franchise_Type__c,(null),In-Franchise,franchise_mapping.json (Monday-derived),2026-04-24T13:49:49,backfill
006WR00000wkEcMYAU,Park Vista Townhomes,Franchise_Type__c,(null),In-Franchise,franchise_mapping.json (Monday-derived),2026-04-24T13:49:49,backfill
006WR00000wkEcNYAU,Eaves by Avalon (f/k/a Wimberly Apartments),Franchise_Type__c,(null),In-Franchise,franchise_mapping.json (Monday-derived),2026-04-24T13:49:49,backfill
006WR00000wkEcOYAU,Avalon at Castle Hills (f/k/a Lakeway Castle Hills),Franchise_Type__c,(null),In-Franchise,franchise_mapping.json (Monday-derived),2026-04-24T13:49:49,backfill
006WR00000wkEcPYAU,Liggins Tower,Franchise_Type__c,(null),In-Franchise,franchise_mapping.json (Monday-derived),2026-04-24T13:49:49,backfill
006WR00000wkEcQYAU,Laguna Vista Mobile Estates,Franchise_Type__c,(null),In-Franchise,franchise_mapping.json (Monday-derived),2026-04-24T13:49:49,backfill
006WR00000wkEcRYAU,Villa Del Mar,Franchise_Type__c,(null),In-Franchise,franchise_mapping.json (Monday-derived),2026-04-24T13:49:49,backfill
006WR00000wkEcSYAU,Dobson Greens Condo HOA,Franchise_Type__c,(null),In-Franchise,franchise_mapping.json (Monday-derived),2026-04-24T13:49:49,backfill
006WR00000wkEcTYAU,Dobson Bay Club HOA,Franchise_Type__c,(null),In-Franchise,franchise_mapping.json (Monday-derived),2026-04-24T13:49:49,backfill
006WR00000wkEcUYAU,Dobson Ranch Condos,Franchise_Type__c,(null),In-Franchise,franchise_mapping.json (Monday-derived),2026-04-24T13:49:49,backfill
006WR00000wkEcVYAU,Woodcreek Townhomes,Franchise_Type__c,(null),In-Franchise,franchise_mapping.json (Monday-derived),2026-04-24T13:49:49,backfill
006WR00000wkEcWYAU,Twin Palms Condominiums,Franchise_Type__c,(null),In-Franchise,franchise_mapping.json (Monday-derived),2026-04-24T13:49:49,backfill
006WR00000wkEcXYAU,Lakewood Manufactured Home Community,Franchise_Type__c,(null),In-Franchise,franchise_mapping.json (Monday-derived),2026-04-24T13:49:49,backfill
006WR00000wkEcYYAU,Waterfront Landing,Franchise_Type__c,(null),In-Franchise,franchise_mapping.json (Monday-derived),2026-04-24T13:49:49,backfill
006WR00000wkEcZYAU,Eagle Lake Garden Apartments,Franchise_Type__c,(null),In-Franchise,franchise_mapping.json (Monday-derived),2026-04-24T13:49:49,backfill
006WR00000wkEcaYAE,Wheatbaker Patio Home Apartments,Franchise_Type__c,(null),In-Franchise,franchise_mapping.json (Monday-derived),2026-04-24T13:49:49,backfill
006WR00000wkEcbYAE,Alexandra Apartments,Franchise_Type__c,(null),In-Franchise,franchise_mapping.json (Monday-derived),2026-04-24T13:49:49,backfill
006WR00000wkEccYAE,Arthouse Apartments,Franchise_Type__c,(null),In-Franchise,franchise_mapping.json (Monday-derived),2026-04-24T13:49:49,backfill
006WR00000wkEcdYAE,The Retreat on 6th,Franchise_Type__c,(null),In-Franchise,franchise_mapping.json (Monday-derived),2026-04-24T13:49:49,backfill
006WR00000wkEceYAE,Pheasant Run Apartments,Franchise_Type__c,(null),In-Franchise,franchise_mapping.json (Monday-derived),2026-04-24T13:49:49,backfill
006WR00000wkEcfYAE,Enclave at Westport,Franchise_Type__c,(null),In-Franchise,franchise_mapping.json (Monday-derived),2026-04-24T13:49:49,backfill
006WR00000wkEcgYAE,Northampton Arms Apartments,Franchise_Type__c,(null),In-Franchise,franchise_mapping.json (Monday-derived),2026-04-24T13:49:49,backfill
006WR00000wkEchYAE,Watervue Apartments,Franchise_Type__c,(null),In-Franchise,franchise_mapping.json (Monday-derived),2026-04-24T13:49:49,backfill
006WR00000wkEciYAE,Discovery Village at Alliance Town Center,Franchise_Type__c,(null),In-Franchise,franchise_mapping.json (Monday-derived),2026-04-24T13:49:49,backfill
006WR00000wkEcjYAE,Lakeside Apartment Homes,Franchise_Type__c,(null),In-Franchise,franchise_mapping.json (Monday-derived),2026-04-24T13:49:49,backfill
006WR00000wkEckYAE,Crosspointe Vista,Franchise_Type__c,(null),In-Franchise,franchise_mapping.json (Monday-derived),2026-04-24T13:49:49,backfill
006WR00000wkEclYAE,Lucille on Roosevelt,Franchise_Type__c,(null),In-Franchise,franchise_mapping.json (Monday-derived),2026-04-24T13:49:49,backfill
006WR00000wkEcmYAE,Arbors of Killeen,Franchise_Type__c,(null),In-Franchise,franchise_mapping.json (Monday-derived),2026-04-24T13:49:49,backfill
006WR00000wkEcnYAE,Paloma Gardens Apartments,Franchise_Type__c,(null),In-Franchise,franchise_mapping.json (Monday-derived),2026-04-24T13:49:49,backfill
006WR00000wkEcoYAE,Mallard Run Apartments,Franchise_Type__c,(null),In-Franchise,franchise_mapping.json (Monday-derived),2026-04-24T13:49:49,backfill
006WR00000wkEcpYAE,Sonterra Apartment Homes,Franchise_Type__c,(null),In-Franchise,franchise_mapping.json (Monday-derived),2026-04-24T13:49:49,backfill
006WR00000wkEzRYAU,2nd Ave Commons,Franchise_Type__c,(null),In-Franchise,franchise_mapping.json (Monday-derived),2026-04-24T13:49:49,backfill
006WR00000wkEzSYAU,ACERO Hawes Crossing,Franchise_Type__c,(null),In-Franchise,franchise_mapping.json (Monday-derived),2026-04-24T13:49:49,backfill
006WR00000wkEzTYAU,The Falls at Crismon Commons,Franchise_Type__c,(null),In-Franchise,franchise_mapping.json (Monday-derived),2026-04-24T13:49:49,backfill
006WR00000wkEzUYAU,Cabana Southern,Franchise_Type__c,(null),In-Franchise,franchise_mapping.json (Monday-derived),2026-04-24T13:49:49,backfill
006WR00000wkEzVYAU,Sage Mesa,Franchise_Type__c,(null),In-Franchise,franchise_mapping.json (Monday-derived),2026-04-24T13:49:49,backfill
006WR00000wkEzWYAU,Hampton East,Franchise_Type__c,(null),In-Franchise,franchise_mapping.json (Monday-derived),2026-04-24T13:49:49,backfill
006WR00000wkEzXYAU,Bella Encanta,Franchise_Type__c,(null),In-Franchise,franchise_mapping.json (Monday-derived),2026-04-24T13:49:49,backfill
006WR00000wkEzYYAU,Lumina Mountain Vista,Franchise_Type__c,(null),In-Franchise,franchise_mapping.json (Monday-derived),2026-04-24T13:49:49,backfill
006WR00000wkEzZYAU,San Piedra,Franchise_Type__c,(null),In-Franchise,franchise_mapping.json (Monday-derived),2026-04-24T13:49:49,backfill
006WR00000wkEzaYAE,The Logan on Ellsworth,Franchise_Type__c,(null),In-Franchise,franchise_mapping.json (Monday-derived),2026-04-24T13:49:49,backfill
006WR00000wkEzbYAE,Solstice of Mesa,Franchise_Type__c,(null),In-Franchise,franchise_mapping.json (Monday-derived),2026-04-24T13:49:49,backfill
006WR00000wkEzcYAE,Azul at Spectrum,Franchise_Type__c,(null),In-Franchise,franchise_mapping.json (Monday-derived),2026-04-24T13:49:49,backfill
006WR00000wkEzdYAE,The Wyatt at Presidio Junction Apartment Homes,Franchise_Type__c,(null),In-Franchise,franchise_mapping.json (Monday-derived),2026-04-24T13:49:49,backfill
006WR00000wkEzeYAE,Sire Wellington Apartments,Franchise_Type__c,(null),In-Franchise,franchise_mapping.json (Monday-derived),2026-04-24T13:49:49,backfill
006WR00000wkEzfYAE,Bell Presidio,Franchise_Type__c,(null),In-Franchise,franchise_mapping.json (Monday-derived),2026-04-24T13:49:49,backfill
006WR00000wkEzgYAE,SageStone Village,Franchise_Type__c,(null),In-Franchise,franchise_mapping.json (Monday-derived),2026-04-24T13:49:49,backfill
006WR00000wkEzhYAE,SageWater Village,Franchise_Type__c,(null),In-Franchise,franchise_mapping.json (Monday-derived),2026-04-24T13:49:49,backfill
006WR00000wkEziYAE,Cortland Presidio West,Franchise_Type__c,(null),In-Franchise,franchise_mapping.json (Monday-derived),2026-04-24T13:49:49,backfill
006WR00000wkEzjYAE,Avondale Apartments,Franchise_Type__c,(null),In-Franchise,franchise_mapping.json (Monday-derived),2026-04-24T13:49:49,backfill
006WR00000wkEzkYAE,Solay Fort Worth Apartments,Franchise_Type__c,(null),In-Franchise,franchise_mapping.json (Monday-derived),2026-04-24T13:49:49,backfill
006WR00000wkEzlYAE,Watermere at Southlake,Franchise_Type__c,(null),In-Franchise,franchise_mapping.json (Monday-derived),2026-04-24T13:49:49,backfill
006WR00000wkEzmYAE,Alleia at Presidio,Franchise_Type__c,(null),In-Franchise,franchise_mapping.json (Monday-derived),2026-04-24T13:49:49,backfill
006WR00000wkEznYAE,Forena Revelstoke Apartments,Franchise_Type__c,(null),In-Franchise,franchise_mapping.json (Monday-derived),2026-04-24T13:49:49,backfill
006WR00000wkEzoYAE,The Legends at Eagle Mountain,Franchise_Type__c,(null),In-Franchise,franchise_mapping.json (Monday-derived),2026-04-24T13:49:49,backfill
006WR00000wkEzpYAE,Elevation at the Village,Franchise_Type__c,(null),In-Franchise,franchise_mapping.json (Monday-derived),2026-04-24T13:49:49,backfill
006WR00000wkEzqYAE,Gateway at Cooley Station,Franchise_Type__c,(null),In-Franchise,franchise_mapping.json (Monday-derived),2026-04-24T13:49:49,backfill
006WR00000wkEzrYAE,The Crossing at Cooley Station,Franchise_Type__c,(null),In-Franchise,franchise_mapping.json (Monday-derived),2026-04-24T13:49:49,backfill
006WR00000wkEzsYAE,The Maxwell at Cooley Station,Franchise_Type__c,(null),In-Franchise,franchise_mapping.json (Monday-derived),2026-04-24T13:49:49,backfill
006WR00000wkEztYAE,Acero Eastmark Apartments,Franchise_Type__c,(null),In-Franchise,franchise_mapping.json (Monday-derived),2026-04-24T13:49:49,backfill
006WR00000wkEzuYAE,Springs at Eastmark,Franchise_Type__c,(null),In-Franchise,franchise_mapping.json (Monday-derived),2026-04-24T13:49:49,backfill
006WR00000wkEzvYAE,Aiya,Franchise_Type__c,(null),In-Franchise,franchise_mapping.json (Monday-derived),2026-04-24T13:49:49,backfill
006WR00000wkEzwYAE,Arium,Franchise_Type__c,(null),In-Franchise,franchise_mapping.json (Monday-derived),2026-04-24T13:49:49,backfill
006WR00000wkEzxYAE,Alta Chandler at the Park,Franchise_Type__c,(null),In-Franchise,franchise_mapping.json (Monday-derived),2026-04-24T13:49:49,backfill
006WR00000wkEzyYAE,Magnolia on Oak Street,Franchise_Type__c,(null),In-Franchise,franchise_mapping.json (Monday-derived),2026-04-24T13:49:49,backfill
006WR00000wkEzzYAE,Eastgate Ridge Apartments,Franchise_Type__c,(null),In-Franchise,franchise_mapping.json (Monday-derived),2026-04-24T13:49:49,backfill
006WR00000wkF00YAE,Lake Park Village,Franchise_Type__c,(null),In-Franchise,franchise_mapping.json (Monday-derived),2026-04-24T13:49:49,backfill
006WR00000wkF01YAE,Mansions at Timberland Apartments,Franchise_Type__c,(null),In-Franchise,franchise_mapping.json (Monday-derived),2026-04-24T13:49:49,backfill
006WR00000wkF02YAE,Presidium Revelstoke Apartments,Franchise_Type__c,(null),In-Franchise,franchise_mapping.json (Monday-derived),2026-04-24T13:49:49,backfill
006WR00000wkF03YAE,Skyline Prairie Homes,Franchise_Type__c,(null),In-Franchise,franchise_mapping.json (Monday-derived),2026-04-24T13:49:49,backfill
006WR00000wkF04YAE,Three77 Park,Franchise_Type__c,(null),In-Franchise,franchise_mapping.json (Monday-derived),2026-04-24T13:49:49,backfill
006WR00000wkF05YAE,Avondale Senior Living,Franchise_Type__c,(null),In-Franchise,franchise_mapping.json (Monday-derived),2026-04-24T13:49:49,backfill
006WR00000wkF06YAE,The Wyatt at Presidio Junction Apartment Homes,Franchise_Type__c,(null),In-Franchise,franchise_mapping.json (Monday-derived),2026-04-24T13:49:49,backfill
006WR00000wkF07YAE,Dry Creek Ranch Apartments,Franchise_Type__c,(null),In-Franchise,franchise_mapping.json (Monday-derived),2026-04-24T13:49:49,backfill
006WR00000wkF08YAE,Watermere at Southlake,Franchise_Type__c,(null),In-Franchise,franchise_mapping.json (Monday-derived),2026-04-24T13:49:49,backfill
006WR00000wkF09YAE,Solana Mar Apartments,Franchise_Type__c,(null),In-Franchise,franchise_mapping.json (Monday-derived),2026-04-24T13:49:49,backfill
006WR00000wkF0AYAU,Tacara Apartments NKA Bluestem Village,Franchise_Type__c,(null),In-Franchise,franchise_mapping.json (Monday-derived),2026-04-24T13:49:49,backfill
006WR00000wkF0BYAU,Churchill at Champions Circle,Franchise_Type__c,(null),In-Franchise,franchise_mapping.json (Monday-derived),2026-04-24T13:49:49,backfill
006WR00000wkF0CYAU,Avondale Apartments,Franchise_Type__c,(null),In-Franchise,franchise_mapping.json (Monday-derived),2026-04-24T13:49:49,backfill
006WR00000wkF0DYAU,Bexley at Champions Circle,Franchise_Type__c,(null),In-Franchise,franchise_mapping.json (Monday-derived),2026-04-24T13:49:49,backfill
006WR00000wkF0EYAU,Rise Creekside,Franchise_Type__c,(null),In-Franchise,franchise_mapping.json (Monday-derived),2026-04-24T13:49:49,backfill
006WR00000wkF0FYAU,Watermere Retirement Community,Franchise_Type__c,(null),In-Franchise,franchise_mapping.json (Monday-derived),2026-04-24T13:49:49,backfill
006WR00000wkF0GYAU,Flatz487,Franchise_Type__c,(null),In-Franchise,franchise_mapping.json (Monday-derived),2026-04-24T13:49:49,backfill
006WR00000wkF0HYAU,Two99 Monroe Apartments,Franchise_Type__c,(null),In-Franchise,franchise_mapping.json (Monday-derived),2026-04-24T13:49:49,backfill
006WR00000wkF0IYAU,Bevan Apartments,Franchise_Type__c,(null),In-Franchise,franchise_mapping.json (Monday-derived),2026-04-24T13:49:49,backfill
006WR00000wkF0JYAU,Fort Worth_MDU_Avilla Boat Club,Franchise_Type__c,(null),In-Franchise,franchise_mapping.json (Monday-derived),2026-04-24T13:49:49,backfill
006WR00000wkF0KYAU,Aspen Grove,Franchise_Type__c,(null),In-Franchise,franchise_mapping.json (Monday-derived),2026-04-24T13:49:49,backfill
006WR00000wkF0LYAU,Ruby at Chadwick Commons,Franchise_Type__c,(null),In-Franchise,franchise_mapping.json (Monday-derived),2026-04-24T13:49:49,backfill
006WR00000wkF0MYAU,Cortland Presidio West AKA Aspire Presidio West,Franchise_Type__c,(null),In-Franchise,franchise_mapping.json (Monday-derived),2026-04-24T13:49:49,backfill
006WR00000wkF0NYAU,Forena Revelstoke Apartments,Franchise_Type__c,(null),In-Franchise,franchise_mapping.json (Monday-derived),2026-04-24T13:49:49,backfill
006WR00000wkF0OYAU,The Dawson at Berkshire,Franchise_Type__c,(null),In-Franchise,franchise_mapping.json (Monday-derived),2026-04-24T13:49:49,backfill
006WR00000wkF0PYAU,Westvale,Franchise_Type__c,(null),In-Franchise,franchise_mapping.json (Monday-derived),2026-04-24T13:49:49,backfill
006WR00000wkF0QYAU,The Carrington Court Condos,Franchise_Type__c,(null),In-Franchise,franchise_mapping.json (Monday-derived),2026-04-24T13:49:49,backfill
006WR00000wkF0RYAU,Landing at 2EightySeven Apartments,Franchise_Type__c,(null),In-Franchise,franchise_mapping.json (Monday-derived),2026-04-24T13:49:49,backfill
006WR00000wkF0SYAU,Tides on Chadwick,Franchise_Type__c,(null),In-Franchise,franchise_mapping.json (Monday-derived),2026-04-24T13:49:49,backfill
006WR00000wkF0TYAU,Jefferson Northlake Apartments,Franchise_Type__c,(null),In-Franchise,franchise_mapping.json (Monday-derived),2026-04-24T13:49:49,backfill
006WR00000wkF0UYAU,Conservatory At Keller Town Center,Franchise_Type__c,(null),In-Franchise,franchise_mapping.json (Monday-derived),2026-04-24T13:49:49,backfill
006WR00000wkF0VYAU,Monterra Village,Franchise_Type__c,(null),In-Franchise,franchise_mapping.json (Monday-derived),2026-04-24T13:49:49,backfill
006WR00000wkF0WYAU,Sire Wellington Apartments,Franchise_Type__c,(null),In-Franchise,franchise_mapping.json (Monday-derived),2026-04-24T13:49:49,backfill
006WR00000wkF0XYAU,Solay Fort Worth Apartments,Franchise_Type__c,(null),In-Franchise,franchise_mapping.json (Monday-derived),2026-04-24T13:49:49,backfill
006WR00000wkF0YYAU,Overlook Ranch,Franchise_Type__c,(null),In-Franchise,franchise_mapping.json (Monday-derived),2026-04-24T13:49:49,backfill
006WR00000wkF0ZYAU,Harmon Villas,Franchise_Type__c,(null),In-Franchise,franchise_mapping.json (Monday-derived),2026-04-24T13:49:49,backfill
006WR00000wkF0aYAE,Heritage Park Vista,Franchise_Type__c,(null),In-Franchise,franchise_mapping.json (Monday-derived),2026-04-24T13:49:49,backfill
006WR00000wkF0bYAE,Legends at Eagle Mountains,Franchise_Type__c,(null),In-Franchise,franchise_mapping.json (Monday-derived),2026-04-24T13:49:49,backfill
006WR00000wkF0cYAE,35 West at Champions Circle,Franchise_Type__c,(null),In-Franchise,franchise_mapping.json (Monday-derived),2026-04-24T13:49:49,backfill
006WR00000wkF0dYAE,City Parc of Keller,Franchise_Type__c,(null),In-Franchise,franchise_mapping.json (Monday-derived),2026-04-24T13:49:49,backfill
006WR00000wkF0eYAE,Park Creek Apartments,Franchise_Type__c,(null),In-Franchise,franchise_mapping.json (Monday-derived),2026-04-24T13:49:49,backfill
006WR00000wkF0fYAE,Aventine Apartments,Franchise_Type__c,(null),In-Franchise,franchise_mapping.json (Monday-derived),2026-04-24T13:49:49,backfill
006WR00000wkF0gYAE,The Sovereign Apartments,Franchise_Type__c,(null),In-Franchise,franchise_mapping.json (Monday-derived),2026-04-24T13:49:49,backfill
006WR00000wkF0hYAE,Sagewood Village,Franchise_Type__c,(null),In-Franchise,franchise_mapping.json (Monday-derived),2026-04-24T13:49:49,backfill
006WR00000wkF0iYAE,Villas at Robinette,Franchise_Type__c,(null),In-Franchise,franchise_mapping.json (Monday-derived),2026-04-24T13:49:49,backfill
006WR00000wkF0jYAE,Rhome Apartments,Franchise_Type__c,(null),In-Franchise,franchise_mapping.json (Monday-derived),2026-04-24T13:49:49,backfill
006WR00000wkF0kYAE,Lake County Villas,Franchise_Type__c,(null),In-Franchise,franchise_mapping.json (Monday-derived),2026-04-24T13:49:49,backfill
006WR00000wkF0lYAE,TX_FTW_MDU_Regatta 55,Franchise_Type__c,(null),In-Franchise,franchise_mapping.json (Monday-derived),2026-04-24T13:49:49,backfill
006WR00000wkF0mYAE,Bella Grace,Franchise_Type__c,(null),In-Franchise,franchise_mapping.json (Monday-derived),2026-04-24T13:49:49,backfill
006WR00000wkF0nYAE,Desert Mirage Luxury Apartments,Franchise_Type__c,(null),In-Franchise,franchise_mapping.json (Monday-derived),2026-04-24T13:49:49,backfill
006WR00000wkF0oYAE,The Vue at Sugar House Crossing,Franchise_Type__c,(null),In-Franchise,franchise_mapping.json (Monday-derived),2026-04-24T13:49:49,backfill
006WR00000wkF0pYAE,Providence Place Apartments,Franchise_Type__c,(null),In-Franchise,franchise_mapping.json (Monday-derived),2026-04-24T13:49:49,backfill
006WR00000wkF0qYAE,Melody on Main,Franchise_Type__c,(null),In-Franchise,franchise_mapping.json (Monday-derived),2026-04-24T13:49:49,backfill
006WR00000wkF0rYAE,The Grove On Main,Franchise_Type__c,(null),In-Franchise,franchise_mapping.json (Monday-derived),2026-04-24T13:49:49,backfill
006WR00000wkF0sYAE,Cortland Fossil Creek,Franchise_Type__c,(null),In-Franchise,franchise_mapping.json (Monday-derived),2026-04-24T13:49:49,backfill
006WR00000wkF0tYAE,Cortland Ridglea,Franchise_Type__c,(null),In-Franchise,franchise_mapping.json (Monday-derived),2026-04-24T13:49:49,backfill
006WR00000wkF0uYAE,Broadstone on Trinity,Franchise_Type__c,(null),In-Franchise,franchise_mapping.json (Monday-derived),2026-04-24T13:49:49,backfill
006WR00000wkF0vYAE,Crest Centerpoint,Franchise_Type__c,(null),In-Franchise,franchise_mapping.json (Monday-derived),2026-04-24T13:49:49,backfill
006WR00000wkF0wYAE,Presidium at Revelstoke,Franchise_Type__c,(null),In-Franchise,franchise_mapping.json (Monday-derived),2026-04-24T13:49:49,backfill
006WR00000wkF0xYAE,Olympus Hudson Oaks,Franchise_Type__c,(null),In-Franchise,franchise_mapping.json (Monday-derived),2026-04-24T13:49:49,backfill
006WR00000wkF0yYAE,Birchway Hudson Oaks,Franchise_Type__c,(null),In-Franchise,franchise_mapping.json (Monday-derived),2026-04-24T13:49:49,backfill
006WR00000wkF0zYAE,Madera at Leftbank,Franchise_Type__c,(null),In-Franchise,franchise_mapping.json (Monday-derived),2026-04-24T13:49:49,backfill
006WR00000wkF10YAE,Trinity Urban Apartments - Bluff & District,Franchise_Type__c,(null),In-Franchise,franchise_mapping.json (Monday-derived),2026-04-24T13:49:49,backfill
006WR00000wkF11YAE,Lake Vista Ranch,Franchise_Type__c,(null),In-Franchise,franchise_mapping.json (Monday-derived),2026-04-24T13:49:49,backfill
006WR00000wkF12YAE,Laurel Heights at Cityview,Franchise_Type__c,(null),In-Franchise,franchise_mapping.json (Monday-derived),2026-04-24T13:49:49,backfill
006WR00000wkF13YAE,Phoenix Commons,Franchise_Type__c,(null),In-Franchise,franchise_mapping.json (Monday-derived),2026-04-24T13:49:49,backfill
006WR00000wkFblYAE,Luxia River East,Franchise_Type__c,(null),In-Franchise,franchise_mapping.json (Monday-derived),2026-04-24T13:49:49,backfill
006WR00000wkFbmYAE,Lone Oak Apartments,Franchise_Type__c,(null),In-Franchise,franchise_mapping.json (Monday-derived),2026-04-24T13:49:49,backfill
006WR00000wkFbnYAE,REVL Crockett Row,Franchise_Type__c,(null),In-Franchise,franchise_mapping.json (Monday-derived),2026-04-24T13:49:49,backfill
006WR00000wkFboYAE,Mustang Ridge,Franchise_Type__c,(null),In-Franchise,franchise_mapping.json (Monday-derived),2026-04-24T13:49:49,backfill
006WR00000wkFbpYAE,Remington Ridge,Franchise_Type__c,(null),In-Franchise,franchise_mapping.json (Monday-derived),2026-04-24T13:49:49,backfill
006WR00000wkFbqYAE,Liv Northgate,Franchise_Type__c,(null),In-Franchise,franchise_mapping.json (Monday-derived),2026-04-24T13:49:49,backfill
006WR00000wkFbrYAE,The Villas of Lomas Sante Fe,Franchise_Type__c,(null),In-Franchise,franchise_mapping.json (Monday-derived),2026-04-24T13:49:49,backfill
006WR00000wkFbsYAE,Elan Quail Point,Franchise_Type__c,(null),In-Franchise,franchise_mapping.json (Monday-derived),2026-04-24T13:49:49,backfill
006WR00000wkFbtYAE,El Rancho del Arte Apartments,Franchise_Type__c,(null),In-Franchise,franchise_mapping.json (Monday-derived),2026-04-24T13:49:49,backfill
006WR00000wkFbuYAE,Keystone Ridge,Franchise_Type__c,(null),In-Franchise,franchise_mapping.json (Monday-derived),2026-04-24T13:49:49,backfill
006WR00000wkFbvYAE,Plaza 93 West,Franchise_Type__c,(null),In-Franchise,franchise_mapping.json (Monday-derived),2026-04-24T13:49:49,backfill
006WR00000wkFbwYAE,Discovery Village at Southlake,Franchise_Type__c,(null),In-Franchise,franchise_mapping.json (Monday-derived),2026-04-24T13:49:49,backfill
006WR00000wkFbxYAE,Apple Valley Apartments,Franchise_Type__c,(null),In-Franchise,franchise_mapping.json (Monday-derived),2026-04-24T13:49:49,backfill
006WR00000wkFbyYAE,Beverly Hills Apartments,Franchise_Type__c,(null),In-Franchise,franchise_mapping.json (Monday-derived),2026-04-24T13:49:49,backfill
006WR00000wkFbzYAE,The Arthur Apartments,Franchise_Type__c,(null),In-Franchise,franchise_mapping.json (Monday-derived),2026-04-24T13:49:49,backfill
006WR00000wkFc0YAE,OMAHA_MDU_London Square Apartments,Franchise_Type__c,(null),In-Franchise,franchise_mapping.json (Monday-derived),2026-04-24T13:49:49,backfill
006WR00000wkFc1YAE,Benson Commons Apartments,Franchise_Type__c,(null),In-Franchise,franchise_mapping.json (Monday-derived),2026-04-24T13:49:49,backfill
006WR00000wkFc2YAE,Clifton Terrace Apartments,Franchise_Type__c,(null),In-Franchise,franchise_mapping.json (Monday-derived),2026-04-24T13:49:49,backfill
006WR00000wkFc3YAE,Maple Crest Condominiums,Franchise_Type__c,(null),In-Franchise,franchise_mapping.json (Monday-derived),2026-04-24T13:49:49,backfill
006WR00000wkFc4YAE,The Duke,Franchise_Type__c,(null),In-Franchise,franchise_mapping.json (Monday-derived),2026-04-24T13:49:49,backfill
006WR00000wkFc5YAE,Citrus Gardens Mobile Park,Franchise_Type__c,(null),In-Franchise,franchise_mapping.json (Monday-derived),2026-04-24T13:49:49,backfill
006WR00000wkFc6YAE,Ascension at Manistee Ranch (Townhomes),Franchise_Type__c,(null),In-Franchise,franchise_mapping.json (Monday-derived),2026-04-24T13:49:49,backfill
006WR00000wkFc7YAE,Hidden Bluffs Apartments,Franchise_Type__c,(null),In-Franchise,franchise_mapping.json (Monday-derived),2026-04-24T13:49:49,backfill
006WR00000wkFc8YAE,Killeen_MDU_Lake Rd,Franchise_Type__c,(null),In-Franchise,franchise_mapping.json (Monday-derived),2026-04-24T13:49:49,backfill
006WR00000wkFdlYAE,The Quorum at Trophy Club Townhomes and Apartments,Franchise_Type__c,(null),In-Franchise,franchise_mapping.json (Monday-derived),2026-04-24T13:49:49,backfill
006WR00000wkFdmYAE,Legacy trails of Decatur,Franchise_Type__c,(null),In-Franchise,franchise_mapping.json (Monday-derived),2026-04-24T13:49:49,backfill
006WR00000wkFdnYAE,Casa Arroya,Franchise_Type__c,(null),In-Franchise,franchise_mapping.json (Monday-derived),2026-04-24T13:49:49,backfill
006WR00000wkFdoYAE,B and I Apartments,Franchise_Type__c,(null),In-Franchise,franchise_mapping.json (Monday-derived),2026-04-24T13:49:49,backfill
006WR00000wkFdpYAE,Killeen_MDU_Craftsmen Properties,Franchise_Type__c,(null),In-Franchise,franchise_mapping.json (Monday-derived),2026-04-24T13:49:49,backfill
006WR00000wkFdqYAE,Taylor Housing Authority,Franchise_Type__c,(null),In-Franchise,franchise_mapping.json (Monday-derived),2026-04-24T13:49:49,backfill
006WR00000wkFdrYAE,John Paul II Residence for Priests,Franchise_Type__c,(null),In-Franchise,franchise_mapping.json (Monday-derived),2026-04-24T13:49:49,backfill
006WR00000wkFdsYAE,Bridgewood Apartment Homes,Franchise_Type__c,(null),In-Franchise,franchise_mapping.json (Monday-derived),2026-04-24T13:49:49,backfill
006WR00000wkFdtYAE,Parkview Residences,Franchise_Type__c,(null),In-Franchise,franchise_mapping.json (Monday-derived),2026-04-24T13:49:49,backfill
006WR00000wkFduYAE,Decatur Housing Authority,Franchise_Type__c,(null),In-Franchise,franchise_mapping.json (Monday-derived),2026-04-24T13:49:49,backfill
006WR00000wkFdvYAE,Morningside Townhomes,Franchise_Type__c,(null),In-Franchise,franchise_mapping.json (Monday-derived),2026-04-24T13:49:49,backfill
006WR00000wkFdwYAE,Janis Apartments,Franchise_Type__c,(null),In-Franchise,franchise_mapping.json (Monday-derived),2026-04-24T13:49:49,backfill
006WR00000wkFdxYAE,Bear Creek Apartments,Franchise_Type__c,(null),In-Franchise,franchise_mapping.json (Monday-derived),2026-04-24T13:49:49,backfill
006WR00000xnUSpYAM,Go Dogs,Franchise_Type__c,(null),In-Franchise,franchise_mapping.json (Monday-derived),2026-04-24T13:49:49,backfill
006WR00000xnfmQYAQ,Denenberg Facial Plastic Surgery,Franchise_Type__c,(null),In-Franchise,franchise_mapping.json (Monday-derived),2026-04-24T13:49:49,backfill
006WR00000xnw5jYAA,IT Referral Program Prospect,Franchise_Type__c,(null),In-Franchise,franchise_mapping.json (Monday-derived),2026-04-24T13:49:49,backfill
006WR00000xo5k5YAA,Grant Street Bar & Grill,Franchise_Type__c,(null),In-Franchise,franchise_mapping.json (Monday-derived),2026-04-24T13:49:49,backfill
006WR00000xoJofYAE,Dee-Sign Landscaping And Garden Shop,Franchise_Type__c,(null),In-Franchise,franchise_mapping.json (Monday-derived),2026-04-24T13:49:49,backfill
006WR00000xoe1tYAA,Next Millennium Mystical Books And Gifts,Franchise_Type__c,(null),In-Franchise,franchise_mapping.json (Monday-derived),2026-04-24T13:49:49,backfill
006WR00000xtaP4YAI,Omaha_MDU_4822-4826 Sahler St Apartments,Franchise_Type__c,(null),In-Franchise,franchise_mapping.json (Monday-derived),2026-04-24T13:49:49,backfill
006WR00000xtwz7YAA,Omaha_MDU_Redman Plz,Franchise_Type__c,(null),In-Franchise,franchise_mapping.json (Monday-derived),2026-04-24T13:49:49,backfill
006WR00000xuAVsYAM,Killeen_MDU_505 Utah St,Franchise_Type__c,(null),In-Franchise,franchise_mapping.json (Monday-derived),2026-04-24T13:49:49,backfill
006WR00000xuCFqYAM,Omaha_MDU_The Redman Townhomes & Apartments,Franchise_Type__c,(null),In-Franchise,franchise_mapping.json (Monday-derived),2026-04-24T13:49:49,backfill
006WR00000xuDOrYAM,Omaha_MDU_Birch Tree Plaza,Franchise_Type__c,(null),In-Franchise,franchise_mapping.json (Monday-derived),2026-04-24T13:49:49,backfill
006WR00000xuFKAYA2,Bridgeport_MDU_Federal Housing Administration,Franchise_Type__c,(null),In-Franchise,franchise_mapping.json (Monday-derived),2026-04-24T13:49:49,backfill
006WR00000xuM3zYAE,Taylor_MDU_Dahlberg,Franchise_Type__c,(null),In-Franchise,franchise_mapping.json (Monday-derived),2026-04-24T13:49:49,backfill
006WR00000xuPxsYAE,Omaha_MDU_4723-4725-4727 Cass St,Franchise_Type__c,(null),In-Franchise,franchise_mapping.json (Monday-derived),2026-04-24T13:49:49,backfill
006WR00000xuTn1YAE,KILLEEN_MDU_4308 Zephyr Rdt_APTS,Franchise_Type__c,(null),In-Franchise,franchise_mapping.json (Monday-derived),2026-04-24T13:49:49,backfill
006WR00000xuU9cYAE,Killeen_MDU_Versailles North,Franchise_Type__c,(null),In-Franchise,franchise_mapping.json (Monday-derived),2026-04-24T13:49:49,backfill
006WR00000xuXoyYAE,Omaha_MDU_4616 Redman Ave,Franchise_Type__c,(null),In-Franchise,franchise_mapping.json (Monday-derived),2026-04-24T13:49:49,backfill
006WR00000xuay7YAA,Omaha_MDU_801 N 48th St,Franchise_Type__c,(null),In-Franchise,franchise_mapping.json (Monday-derived),2026-04-24T13:49:49,backfill
006WR00000xuca7YAA,Omaha_MDU_621 N 48th St,Franchise_Type__c,(null),In-Franchise,franchise_mapping.json (Monday-derived),2026-04-24T13:49:49,backfill
006WR00000xudCqYAI,Mesa_MDU_LaMar Apartments,Franchise_Type__c,(null),In-Franchise,franchise_mapping.json (Monday-derived),2026-04-24T13:49:49,backfill
006WR00000xue0pYAA,Killeen_MDU_404 N 16th St,Franchise_Type__c,(null),In-Franchise,franchise_mapping.json (Monday-derived),2026-04-24T13:49:49,backfill
006WR00000xuf3NYAQ,Harker Heights_MDU_Dove Lane Apts,Franchise_Type__c,(null),In-Franchise,franchise_mapping.json (Monday-derived),2026-04-24T13:49:49,backfill
006WR00000xufUnYAI,Omaha_MDU_4923-4925 Webster St,Franchise_Type__c,(null),In-Franchise,franchise_mapping.json (Monday-derived),2026-04-24T13:49:49,backfill
006WR00000xufudYAA,Killeen_MDU_75 W. Ave E Apartments,Franchise_Type__c,(null),In-Franchise,franchise_mapping.json (Monday-derived),2026-04-24T13:49:49,backfill
006WR00000xumrOYAQ,New Added Site,Franchise_Type__c,(null),In-Franchise,franchise_mapping.json (Monday-derived),2026-04-24T13:49:49,backfill
006WR00000xuoRcYAI,Killeen_MDU_Laforce Apts,Franchise_Type__c,(null),In-Franchise,franchise_mapping.json (Monday-derived),2026-04-24T13:49:49,backfill
006WR00000xuog7YAA,Omaha_MDU_1121 N 48TH ST,Franchise_Type__c,(null),In-Franchise,franchise_mapping.json (Monday-derived),2026-04-24T13:49:49,backfill
006WR00000xupQsYAI,Killeen_MDU_1711 Mulford St,Franchise_Type__c,(null),In-Franchise,franchise_mapping.json (Monday-derived),2026-04-24T13:49:49,backfill
006WR00000xuqjXYAQ,Bridgeport_MDU_Edgewood Apartments,Franchise_Type__c,(null),In-Franchise,franchise_mapping.json (Monday-derived),2026-04-24T13:49:49,backfill
006WR00000xuripYAA,Omaha_MDU_Richland Apartments,Franchise_Type__c,(null),In-Franchise,franchise_mapping.json (Monday-derived),2026-04-24T13:49:49,backfill
006WR00000xus3rYAA,Keller_MDU_Town and Country Apartments,Franchise_Type__c,(null),In-Franchise,franchise_mapping.json (Monday-derived),2026-04-24T13:49:49,backfill
006WR00000xuvORYAY,HARKER HEIGHTS_MDU_700 S Amy Ln apt,Franchise_Type__c,(null),In-Franchise,franchise_mapping.json (Monday-derived),2026-04-24T13:49:49,backfill
006WR00000xuxpsYAA,Omaha_MDU_4618 Redman Ave,Franchise_Type__c,(null),In-Franchise,franchise_mapping.json (Monday-derived),2026-04-24T13:49:49,backfill
006WR00000xuz6uYAA,Omaha_MDU_Warwick Apts,Franchise_Type__c,(null),In-Franchise,franchise_mapping.json (Monday-derived),2026-04-24T13:49:49,backfill
006WR00000xuz8YYAQ,Omaha_MDU_4437 Franklin St,Franchise_Type__c,(null),In-Franchise,franchise_mapping.json (Monday-derived),2026-04-24T13:49:49,backfill
006WR00000xuzoQYAQ,Killeen_MDU_Bradley Arms,Franchise_Type__c,(null),In-Franchise,franchise_mapping.json (Monday-derived),2026-04-24T13:49:49,backfill
006WR00000xuzq7YAA,Omaha_MDU_4803 Boyd St Apartments,Franchise_Type__c,(null),In-Franchise,franchise_mapping.json (Monday-derived),2026-04-24T13:49:49,backfill
006WR00000xv174YAA,Omaha_MDU_The Wakeley Pointe,Franchise_Type__c,(null),In-Franchise,franchise_mapping.json (Monday-derived),2026-04-24T13:49:49,backfill
006WR00000xv1n4YAA,Omaha_MDU_409 N 49th St,Franchise_Type__c,(null),In-Franchise,franchise_mapping.json (Monday-derived),2026-04-24T13:49:49,backfill
006WR00000xv3nEYAQ,Mesa_MDU_447-451 S Olive,Franchise_Type__c,(null),In-Franchise,franchise_mapping.json (Monday-derived),2026-04-24T13:49:49,backfill
006WR00000xv5LzYAI,Killeen_MDU_Stringer St Apts,Franchise_Type__c,(null),In-Franchise,franchise_mapping.json (Monday-derived),2026-04-24T13:49:49,backfill
006WR00000xv6y2YAA,Killeen_MDU_209 E Dean Ave,Franchise_Type__c,(null),In-Franchise,franchise_mapping.json (Monday-derived),2026-04-24T13:49:49,backfill
006WR00000xv762YAA,Omaha_MDU_4916 Capitol Ave,Franchise_Type__c,(null),In-Franchise,franchise_mapping.json (Monday-derived),2026-04-24T13:49:49,backfill
006WR00000xv9KmYAI,Omaha_MDU_Century House Apartments,Franchise_Type__c,(null),In-Franchise,franchise_mapping.json (Monday-derived),2026-04-24T13:49:49,backfill
006WR00000xv9auYAA,Bridgeport_SA01_FDH08_PA02,Franchise_Type__c,(null),In-Franchise,franchise_mapping.json (Monday-derived),2026-04-24T13:49:49,backfill
006WR00000xvAAMYA2,Omaha_MDU_4527 Decatur St,Franchise_Type__c,(null),In-Franchise,franchise_mapping.json (Monday-derived),2026-04-24T13:49:49,backfill
006WR00000xvBUcYAM,Omaha_MDU_4023 HAMILTON ST,Franchise_Type__c,(null),In-Franchise,franchise_mapping.json (Monday-derived),2026-04-24T13:49:49,backfill
006WR00000xvCKIYA2,Omaha_MDU_Ambassador Apartments,Franchise_Type__c,(null),In-Franchise,franchise_mapping.json (Monday-derived),2026-04-24T13:49:49,backfill
006WR00000xvDg7YAE,Omaha_MDU_817 N 47th St,Franchise_Type__c,(null),In-Franchise,franchise_mapping.json (Monday-derived),2026-04-24T13:49:49,backfill
006WR00000xvE98YAE,Omaha_MDU_6302 Boyd St,Franchise_Type__c,(null),In-Franchise,franchise_mapping.json (Monday-derived),2026-04-24T13:49:49,backfill
006WR00000xvEU6YAM,Omaha_MDU_6406 Boyd St,Franchise_Type__c,(null),In-Franchise,franchise_mapping.json (Monday-derived),2026-04-24T13:49:49,backfill
006WR00000xvElsYAE,Omaha_MDU_1016 N 47TH AVE,Franchise_Type__c,(null),In-Franchise,franchise_mapping.json (Monday-derived),2026-04-24T13:49:49,backfill
006WR00000xvFDHYA2,Omaha_MDU_The Richards Apartments,Franchise_Type__c,(null),In-Franchise,franchise_mapping.json (Monday-derived),2026-04-24T13:49:49,backfill
006WR00000xvFEsYAM,Killeen_MDU_813 N Park St Apartments,Franchise_Type__c,(null),In-Franchise,franchise_mapping.json (Monday-derived),2026-04-24T13:49:49,backfill
006WR00000xvHqCYAU,Omaha_MDU_Northbrook Apartments,Franchise_Type__c,(null),In-Franchise,franchise_mapping.json (Monday-derived),2026-04-24T13:49:49,backfill
006WR00000xvIPeYAM,Omaha_MDU_4713 Davenport St,Franchise_Type__c,(null),In-Franchise,franchise_mapping.json (Monday-derived),2026-04-24T13:49:49,backfill
006WR00000xvJNLYA2,Omaha_MDU_108 S 49TH Ave,Franchise_Type__c,(null),In-Franchise,franchise_mapping.json (Monday-derived),2026-04-24T13:49:49,backfill
006WR00000xvK6UYAU,Omaha_MDU_Beacon Heights Apts,Franchise_Type__c,(null),In-Franchise,franchise_mapping.json (Monday-derived),2026-04-24T13:49:49,backfill
006WR00000xvKb9YAE,Killeen_MDU_Villa Del North,Franchise_Type__c,(null),In-Franchise,franchise_mapping.json (Monday-derived),2026-04-24T13:49:49,backfill
006WR00000xvNyrYAE,Omaha_MDU_4716 Cuming St,Franchise_Type__c,(null),In-Franchise,franchise_mapping.json (Monday-derived),2026-04-24T13:49:49,backfill
006WR00000xvPe3YAE,Killeen_MDU_602 N 2nd St,Franchise_Type__c,(null),In-Franchise,franchise_mapping.json (Monday-derived),2026-04-24T13:49:49,backfill
006WR00000xvRuNYAU,Omaha_MDU_4501 Lafayette Ave,Franchise_Type__c,(null),In-Franchise,franchise_mapping.json (Monday-derived),2026-04-24T13:49:49,backfill
006WR00000xvSKBYA2,Omaha_MDU_2313 N 72nd St apts,Franchise_Type__c,(null),In-Franchise,franchise_mapping.json (Monday-derived),2026-04-24T13:49:49,backfill
006WR00000xvV0KYAU,Killeen_MDU_Paradise Cove,Franchise_Type__c,(null),In-Franchise,franchise_mapping.json (Monday-derived),2026-04-24T13:49:49,backfill
006WR00000xvVMsYAM,OMAHA_MDU_Elwood Apartments,Franchise_Type__c,(null),In-Franchise,franchise_mapping.json (Monday-derived),2026-04-24T13:49:49,backfill
006WR00000xvVRkYAM,NE_Omaha_SA12_FDH26_MDU_Arlon Hunt LLC,Franchise_Type__c,(null),In-Franchise,franchise_mapping.json (Monday-derived),2026-04-24T13:49:49,backfill
006WR00000xvW9GYAU,Taylor_MDU_Vance Apartments,Franchise_Type__c,(null),In-Franchise,franchise_mapping.json (Monday-derived),2026-04-24T13:49:49,backfill
006WR00000xvWR0YAM,Omaha_MDU_4810-4812 Capital Ave,Franchise_Type__c,(null),In-Franchise,franchise_mapping.json (Monday-derived),2026-04-24T13:49:49,backfill
006WR00000xvXYPYA2,Omaha_MDU_Sweet Briar,Franchise_Type__c,(null),In-Franchise,franchise_mapping.json (Monday-derived),2026-04-24T13:49:49,backfill
006WR00000xvY31YAE,NE_Omaha_SA12_FDH12_MDU_Omaha Home for Boys,Franchise_Type__c,(null),In-Franchise,franchise_mapping.json (Monday-derived),2026-04-24T13:49:49,backfill
006WR00000xvY7sYAE,Killeen_MDU_Dugger Apts,Franchise_Type__c,(null),In-Franchise,franchise_mapping.json (Monday-derived),2026-04-24T13:49:49,backfill
006WR00000xvYawYAE,Mesa_MDU_Los Pinos Apartments,Franchise_Type__c,(null),In-Franchise,franchise_mapping.json (Monday-derived),2026-04-24T13:49:49,backfill
006WR00000xvYe6YAE,Omaha_MDU_4484 Redman Ave,Franchise_Type__c,(null),In-Franchise,franchise_mapping.json (Monday-derived),2026-04-24T13:49:49,backfill
006WR00000xvYz4YAE,Omaha_MDU_Caroline,Franchise_Type__c,(null),In-Franchise,franchise_mapping.json (Monday-derived),2026-04-24T13:49:49,backfill
006WR00000xvZ3uYAE,Omaha_MDU_The Rose Apartments,Franchise_Type__c,(null),In-Franchise,franchise_mapping.json (Monday-derived),2026-04-24T13:49:49,backfill
006WR00000xvZ5WYAU,Killeen_MDU_1610 N 8th St,Franchise_Type__c,(null),In-Franchise,franchise_mapping.json (Monday-derived),2026-04-24T13:49:49,backfill
006WR00000xvbCAYAY,Omaha_MDU_4907 Ames Ave Apartments,Franchise_Type__c,(null),In-Franchise,franchise_mapping.json (Monday-derived),2026-04-24T13:49:49,backfill
006WR00000xvc1mYAA,Killeen_MDU_Townshires Apartments,Franchise_Type__c,(null),In-Franchise,franchise_mapping.json (Monday-derived),2026-04-24T13:49:49,backfill
006WR00000xvcBUYAY,Killeen_MDU_308 N 14th St,Franchise_Type__c,(null),In-Franchise,franchise_mapping.json (Monday-derived),2026-04-24T13:49:49,backfill
006WR00000xvcMkYAI,Omaha_MDU_1015 N 47TH AVE,Franchise_Type__c,(null),In-Franchise,franchise_mapping.json (Monday-derived),2026-04-24T13:49:49,backfill
006WR00000xvcPzYAI,Omaha_MDU_Stanley Apartments,Franchise_Type__c,(null),In-Franchise,franchise_mapping.json (Monday-derived),2026-04-24T13:49:49,backfill
006WR00000xvcUoYAI,Omaha_MDU_4644-4648 Cuming St,Franchise_Type__c,(null),In-Franchise,franchise_mapping.json (Monday-derived),2026-04-24T13:49:49,backfill
006WR00000xvdKRYAY,Omaha_MDU_4804-4806 Capital Ave,Franchise_Type__c,(null),In-Franchise,franchise_mapping.json (Monday-derived),2026-04-24T13:49:49,backfill
006WR00000xveGUYAY,Omaha_MDU_6201-6261 Ville De Sante Townhomes,Franchise_Type__c,(null),In-Franchise,franchise_mapping.json (Monday-derived),2026-04-24T13:49:49,backfill
006WR00000xveMwYAI,Mineral Wells_MDU_305-309 NW 4th St Apartments,Franchise_Type__c,(null),In-Franchise,franchise_mapping.json (Monday-derived),2026-04-24T13:49:49,backfill
006WR00000xvgbfYAA,Killeen_MDU_Gilmer Street Apartments,Franchise_Type__c,(null),In-Franchise,franchise_mapping.json (Monday-derived),2026-04-24T13:49:49,backfill
006WR00000xvgdJYAQ,Killeen_MDU_305-307 Blair St,Franchise_Type__c,(null),In-Franchise,franchise_mapping.json (Monday-derived),2026-04-24T13:49:49,backfill
006WR00000xvhSvYAI,Killeen_MDU_1015-1017 Parmer Ave,Franchise_Type__c,(null),In-Franchise,franchise_mapping.json (Monday-derived),2026-04-24T13:49:49,backfill
006WR00000xviARYAY,Omaha_MDU_9214-9224 Ohio St,Franchise_Type__c,(null),In-Franchise,franchise_mapping.json (Monday-derived),2026-04-24T13:49:49,backfill
006WR00000xviQYYAY,Omaha_MDU_618-636 N 46th St,Franchise_Type__c,(null),In-Franchise,franchise_mapping.json (Monday-derived),2026-04-24T13:49:49,backfill
006WR00000xvjmRYAQ,Omaha_MDU_The Frederick,Franchise_Type__c,(null),In-Franchise,franchise_mapping.json (Monday-derived),2026-04-24T13:49:49,backfill
006WR00000xvk0wYAA,Omaha_MDU_4902_4904 N Chicago St,Franchise_Type__c,(null),In-Franchise,franchise_mapping.json (Monday-derived),2026-04-24T13:49:49,backfill
006WR00000xvk2bYAA,Omaha_MDU_Buckingham Manor Apartments,Franchise_Type__c,(null),In-Franchise,franchise_mapping.json (Monday-derived),2026-04-24T13:49:49,backfill
006WR00000xvkCFYAY,Omaha_MDU_Brewer Apartments,Franchise_Type__c,(null),In-Franchise,franchise_mapping.json (Monday-derived),2026-04-24T13:49:49,backfill
006WR00000xvlMoYAI,Killeen_MDU_Palo Alto Apartments,Franchise_Type__c,(null),In-Franchise,franchise_mapping.json (Monday-derived),2026-04-24T13:49:49,backfill
006WR00000xvlmdYAA,Killeen_MDU_605-607 Atkinson Ave,Franchise_Type__c,(null),In-Franchise,franchise_mapping.json (Monday-derived),2026-04-24T13:49:49,backfill
006WR00000xvlrSYAQ,NE_MDU_Larimore Senior Living,Franchise_Type__c,(null),In-Franchise,franchise_mapping.json (Monday-derived),2026-04-24T13:49:49,backfill
006WR00000xvmPKYAY,Omaha_MDU_Lodestone Apartments,Franchise_Type__c,(null),In-Franchise,franchise_mapping.json (Monday-derived),2026-04-24T13:49:49,backfill
006WR00000xvmSZYAY,Killeen_MDU_The Links Apts,Franchise_Type__c,(null),In-Franchise,franchise_mapping.json (Monday-derived),2026-04-24T13:49:49,backfill
006WR00000xvmqkYAA,Killeen_MDU_207 W Young Ave,Franchise_Type__c,(null),In-Franchise,franchise_mapping.json (Monday-derived),2026-04-24T13:49:49,backfill
006WR00000xvovmYAA,Mesa_MDU_350 E 5th Ave,Franchise_Type__c,(null),In-Franchise,franchise_mapping.json (Monday-derived),2026-04-24T13:49:49,backfill
006WR00000xvpQTYAY,Killeen_MDU_414 E Avenue A,Franchise_Type__c,(null),In-Franchise,franchise_mapping.json (Monday-derived),2026-04-24T13:49:49,backfill
006WR00000xvpiBYAQ,KILLEEN_MDU_MCG_Homestead_Rentals,Franchise_Type__c,(null),In-Franchise,franchise_mapping.json (Monday-derived),2026-04-24T13:49:49,backfill
006WR00000xvrlaYAA,Mesa_MDU_725-732 E Dana,Franchise_Type__c,(null),In-Franchise,franchise_mapping.json (Monday-derived),2026-04-24T13:49:49,backfill
006WR00000xvsD0YAI,Killeen_MDU_Casa Grande,Franchise_Type__c,(null),In-Franchise,franchise_mapping.json (Monday-derived),2026-04-24T13:49:49,backfill
006WR00000xvsXyYAI,Omaha_MDU_4318-4324 N 48th St Apartments,Franchise_Type__c,(null),In-Franchise,franchise_mapping.json (Monday-derived),2026-04-24T13:49:49,backfill
006WR00000xvtfKYAQ,Omaha_MDU_1115-1117 N 48TH ST,Franchise_Type__c,(null),In-Franchise,franchise_mapping.json (Monday-derived),2026-04-24T13:49:49,backfill
006WR00000xvuTKYAY,Killeen_MDU_Crescent Apts,Franchise_Type__c,(null),In-Franchise,franchise_mapping.json (Monday-derived),2026-04-24T13:49:49,backfill
006WR00000xvv7fYAA,Omaha_MDU_9026-9032 Ohio St,Franchise_Type__c,(null),In-Franchise,franchise_mapping.json (Monday-derived),2026-04-24T13:49:49,backfill
006WR00000xvwoUYAQ,Omaha_MDU_4704 Cass St,Franchise_Type__c,(null),In-Franchise,franchise_mapping.json (Monday-derived),2026-04-24T13:49:49,backfill
006WR00000xvxiwYAA,Omaha_MDU_4502 N 49th St,Franchise_Type__c,(null),In-Franchise,franchise_mapping.json (Monday-derived),2026-04-24T13:49:49,backfill
006WR00000xvxxTYAQ,Killeen_MDU_803 761st Tank Battalion Ave,Franchise_Type__c,(null),In-Franchise,franchise_mapping.json (Monday-derived),2026-04-24T13:49:49,backfill
006WR00000xvyiEYAQ,Omaha_MDU_5240 Ames Ave,Franchise_Type__c,(null),In-Franchise,franchise_mapping.json (Monday-derived),2026-04-24T13:49:49,backfill
006WR00000xvzZSYAY,Omaha_MDU_Kelli-Gene Apts,Franchise_Type__c,(null),In-Franchise,franchise_mapping.json (Monday-derived),2026-04-24T13:49:49,backfill
006WR00000xw0DmYAI,Omaha_MDU_6641 Military Ave Apartments,Franchise_Type__c,(null),In-Franchise,franchise_mapping.json (Monday-derived),2026-04-24T13:49:49,backfill
006WR00000xw0DnYAI,Killeen_MDU_122 N College St,Franchise_Type__c,(null),In-Franchise,franchise_mapping.json (Monday-derived),2026-04-24T13:49:49,backfill
006WR00000xw0IcYAI,Omaha_MDU_Papio Valley Apartments,Franchise_Type__c,(null),In-Franchise,franchise_mapping.json (Monday-derived),2026-04-24T13:49:49,backfill
006WR00000xw0VXYAY,Omaha_MDU_4822-4824 Cass St,Franchise_Type__c,(null),In-Franchise,franchise_mapping.json (Monday-derived),2026-04-24T13:49:49,backfill
006WR00000xw0aRYAQ,Omaha_MDU_Wakeley Manor,Franchise_Type__c,(null),In-Franchise,franchise_mapping.json (Monday-derived),2026-04-24T13:49:49,backfill
006WR00000xw0nJYAQ,Mesa_MDU_707-715 E Dana 135 S Ashland,Franchise_Type__c,(null),In-Franchise,franchise_mapping.json (Monday-derived),2026-04-24T13:49:49,backfill
006WR00000xw1oAYAQ,KILLEEN_MDU_601_SE_13th_AVE_Mobile_Park,Franchise_Type__c,(null),In-Franchise,franchise_mapping.json (Monday-derived),2026-04-24T13:49:49,backfill
006WR00000xw2FcYAI,Omaha_MDU_Birchwood Apartments,Franchise_Type__c,(null),In-Franchise,franchise_mapping.json (Monday-derived),2026-04-24T13:49:49,backfill
006WR00000xw38QYAQ,Omaha_MDU_Windsong Apartments,Franchise_Type__c,(null),In-Franchise,franchise_mapping.json (Monday-derived),2026-04-24T13:49:49,backfill
006WR00000xw3LLYAY,Bridgeport_MDU_Atrium Garden Apartments,Franchise_Type__c,(null),In-Franchise,franchise_mapping.json (Monday-derived),2026-04-24T13:49:49,backfill
006WR00000xw41GYAQ,Bridgeport_SA01_FDH08_PA01,Franchise_Type__c,(null),In-Franchise,franchise_mapping.json (Monday-derived),2026-04-24T13:49:49,backfill
006WR00000xw49MYAQ,Omaha_MDU_4544 NICHOLAS ST,Franchise_Type__c,(null),In-Franchise,franchise_mapping.json (Monday-derived),2026-04-24T13:49:49,backfill
006WR00000xw4XZYAY,Killeen_MDU_1103-1109 Harbour Ave,Franchise_Type__c,(null),In-Franchise,franchise_mapping.json (Monday-derived),2026-04-24T13:49:49,backfill
006WR00000xw5JvYAI,Killeen_MDU_191 N 1th St,Franchise_Type__c,(null),In-Franchise,franchise_mapping.json (Monday-derived),2026-04-24T13:49:49,backfill
006WR00000xw7NKYAY,Killeen_MDU_511 N Gilmer & 512 Wyoming St,Franchise_Type__c,(null),In-Franchise,franchise_mapping.json (Monday-derived),2026-04-24T13:49:49,backfill
006WR00000xw7SBYAY,Omaha_MDU_4005 Hartman Circle,Franchise_Type__c,(null),In-Franchise,franchise_mapping.json (Monday-derived),2026-04-24T13:49:49,backfill
006WR00000xw8EYYAY,Omaha_MDU_Carthage Apartments,Franchise_Type__c,(null),In-Franchise,franchise_mapping.json (Monday-derived),2026-04-24T13:49:49,backfill
006WR00000xw8PrYAI,Killeen_MDU_1809 Nathan Dr,Franchise_Type__c,(null),In-Franchise,franchise_mapping.json (Monday-derived),2026-04-24T13:49:49,backfill
006WR00000xw8eMYAQ,Omaha_MDU_Cherry Hill Apts,Franchise_Type__c,(null),In-Franchise,franchise_mapping.json (Monday-derived),2026-04-24T13:49:49,backfill
006WR00000xw8peYAA,Taylor_MDU_Sunny Lane Apartments,Franchise_Type__c,(null),In-Franchise,franchise_mapping.json (Monday-derived),2026-04-24T13:49:49,backfill
006WR00000xw9XDYAY,Killeen_MDU_127-129 N 1th St,Franchise_Type__c,(null),In-Franchise,franchise_mapping.json (Monday-derived),2026-04-24T13:49:49,backfill
006WR00000xwAcwYAE,Killeen_MDU_1215 & 1217 N 4th St,Franchise_Type__c,(null),In-Franchise,franchise_mapping.json (Monday-derived),2026-04-24T13:49:49,backfill
006WR00000xwAl0YAE,Harker Heights_MDU_Mockingbird Ln,Franchise_Type__c,(null),In-Franchise,franchise_mapping.json (Monday-derived),2026-04-24T13:49:49,backfill
006WR00000xwBIsYAM,Mineral Wells_MDU_707 NW 4TH AVE,Franchise_Type__c,(null),In-Franchise,franchise_mapping.json (Monday-derived),2026-04-24T13:49:49,backfill
006WR00000xwCd8YAE,Omaha_MDU_5006 Davenport St,Franchise_Type__c,(null),In-Franchise,franchise_mapping.json (Monday-derived),2026-04-24T13:49:49,backfill
006WR00000xwChyYAE,Omaha_MDU_4907 Davenport St,Franchise_Type__c,(null),In-Franchise,franchise_mapping.json (Monday-derived),2026-04-24T13:49:49,backfill
006WR00000xwDsYYAU,Killeen_MDU_Triple M Rentals,Franchise_Type__c,(null),In-Franchise,franchise_mapping.json (Monday-derived),2026-04-24T13:49:49,backfill
006WR00000xwElNYAU,Mesa_MDU_SOUTHERN AND STAPLEY TOWNHOMES,Franchise_Type__c,(null),In-Franchise,franchise_mapping.json (Monday-derived),2026-04-24T13:49:49,backfill
006WR00000xwEmzYAE,Mesa_MDU_202-228 E 2nd Ave,Franchise_Type__c,(null),In-Franchise,franchise_mapping.json (Monday-derived),2026-04-24T13:49:49,backfill
006WR00000xwEobYAE,Mesa_MDU_36 S Lesueur,Franchise_Type__c,(null),In-Franchise,franchise_mapping.json (Monday-derived),2026-04-24T13:49:49,backfill
006WR00000xwEqDYAU,Mesa_MDU_El Rancho Del Sol Apts,Franchise_Type__c,(null),In-Franchise,franchise_mapping.json (Monday-derived),2026-04-24T13:49:49,backfill
006WR00000xwErpYAE,Mesa_MDU_Blue Ridge Apartments,Franchise_Type__c,(null),In-Franchise,franchise_mapping.json (Monday-derived),2026-04-24T13:49:49,backfill
006WR00000xwEv3YAE,Omaha_MDU_Hamilton Apartments,Franchise_Type__c,(null),In-Franchise,franchise_mapping.json (Monday-derived),2026-04-24T13:49:49,backfill
006WR00000xwEwfYAE,OMAHA_MDU_1410 N 45th St_APTS,Franchise_Type__c,(null),In-Franchise,franchise_mapping.json (Monday-derived),2026-04-24T13:49:49,backfill
006WR00000xwEyHYAU,Omaha_MDU_Margaret Mae,Franchise_Type__c,(null),In-Franchise,franchise_mapping.json (Monday-derived),2026-04-24T13:49:49,backfill
006WR00000xwEztYAE,Omaha_MDU_Benson Gardens,Franchise_Type__c,(null),In-Franchise,franchise_mapping.json (Monday-derived),2026-04-24T13:49:49,backfill
006WR00000xwEzuYAE,Omaha_MDU_5314-5322 Corby St,Franchise_Type__c,(null),In-Franchise,franchise_mapping.json (Monday-derived),2026-04-24T13:49:49,backfill
006WR00000xwF37YAE,Omaha_MDU_Sierra Place,Franchise_Type__c,(null),In-Franchise,franchise_mapping.json (Monday-derived),2026-04-24T13:49:49,backfill
006WR00000xwF4jYAE,Omaha_MDU_2922 N 54th St Apartments,Franchise_Type__c,(null),In-Franchise,franchise_mapping.json (Monday-derived),2026-04-24T13:49:49,backfill
006WR00000xwF6LYAU,Omaha_MDU_302 N 48th St,Franchise_Type__c,(null),In-Franchise,franchise_mapping.json (Monday-derived),2026-04-24T13:49:49,backfill
006WR00000xwF7xYAE,Omaha_MDU_360 Skyview,Franchise_Type__c,(null),In-Franchise,franchise_mapping.json (Monday-derived),2026-04-24T13:49:49,backfill
006WR00000xwF9ZYAU,Omaha_MDU_Arbor Creek Apartments,Franchise_Type__c,(null),In-Franchise,franchise_mapping.json (Monday-derived),2026-04-24T13:49:49,backfill
006WR00000xwFBBYA2,Omaha_MDU_Fontenelle Cottages,Franchise_Type__c,(null),In-Franchise,franchise_mapping.json (Monday-derived),2026-04-24T13:49:49,backfill
006WR00000xwFCnYAM,Omaha_MDU_4015 HAMILTON ST,Franchise_Type__c,(null),In-Franchise,franchise_mapping.json (Monday-derived),2026-04-24T13:49:49,backfill
006WR00000xwFEPYA2,NE_Omaha_SA06_FDH37_MDU_ Egad LLC,Franchise_Type__c,(null),In-Franchise,franchise_mapping.json (Monday-derived),2026-04-24T13:49:49,backfill
006WR00000xwFG1YAM,Omaha_MDU_4114-4122 N 48th St Apartments,Franchise_Type__c,(null),In-Franchise,franchise_mapping.json (Monday-derived),2026-04-24T13:49:49,backfill
006WR00000xwFHdYAM,Omaha_MDU_417 N 49th St,Franchise_Type__c,(null),In-Franchise,franchise_mapping.json (Monday-derived),2026-04-24T13:49:49,backfill
006WR00000xwFJFYA2,Omaha_MDU_4157 Hamilton St,Franchise_Type__c,(null),In-Franchise,franchise_mapping.json (Monday-derived),2026-04-24T13:49:49,backfill
006WR00000xwFMTYA2,Omaha_MDU_Birchwood Apts,Franchise_Type__c,(null),In-Franchise,franchise_mapping.json (Monday-derived),2026-04-24T13:49:49,backfill
006WR00000xwFO5YAM,Omaha_MDU_Rue Charles Apartments,Franchise_Type__c,(null),In-Franchise,franchise_mapping.json (Monday-derived),2026-04-24T13:49:49,backfill
006WR00000xwFPhYAM,Omaha_MDU_4313 N 65th St,Franchise_Type__c,(null),In-Franchise,franchise_mapping.json (Monday-derived),2026-04-24T13:49:49,backfill
006WR00000xwFRJYA2,Omaha_MDU_Benson Crest Apartments 1,Franchise_Type__c,(null),In-Franchise,franchise_mapping.json (Monday-derived),2026-04-24T13:49:49,backfill
006WR00000xwFSvYAM,Omaha_MDU_4455 Franklin St,Franchise_Type__c,(null),In-Franchise,franchise_mapping.json (Monday-derived),2026-04-24T13:49:49,backfill
006WR00000xwFUXYA2,OMAHA_MDU_Redman AVE APTS,Franchise_Type__c,(null),In-Franchise,franchise_mapping.json (Monday-derived),2026-04-24T13:49:49,backfill
006WR00000xwFW9YAM,Omaha_MDU_4505 Lafayette Ave Halford Apartments,Franchise_Type__c,(null),In-Franchise,franchise_mapping.json (Monday-derived),2026-04-24T13:49:49,backfill
006WR00000xwFXlYAM,Omaha_MDU_4509 Lafayette Ave,Franchise_Type__c,(null),In-Franchise,franchise_mapping.json (Monday-derived),2026-04-24T13:49:49,backfill
006WR00000xwFXmYAM,Omaha_MDU_818 N 46th St,Franchise_Type__c,(null),In-Franchise,franchise_mapping.json (Monday-derived),2026-04-24T13:49:49,backfill
006WR00000xwFZNYA2,Omaha_MDU_4513 Lafayette Ave,Franchise_Type__c,(null),In-Franchise,franchise_mapping.json (Monday-derived),2026-04-24T13:49:49,backfill
006WR00000xwFZOYA2,Omaha_MDU_Ames Row Houses,Franchise_Type__c,(null),In-Franchise,franchise_mapping.json (Monday-derived),2026-04-24T13:49:49,backfill
006WR00000xwFazYAE,Omaha_MDU_4524 Lafayette Ave,Franchise_Type__c,(null),In-Franchise,franchise_mapping.json (Monday-derived),2026-04-24T13:49:49,backfill
006WR00000xwFcbYAE,Omaha_MDU_4606 Redman Ave,Franchise_Type__c,(null),In-Franchise,franchise_mapping.json (Monday-derived),2026-04-24T13:49:49,backfill
006WR00000xwFeDYAU,Omaha_MDU_4611-4613 North 56th St,Franchise_Type__c,(null),In-Franchise,franchise_mapping.json (Monday-derived),2026-04-24T13:49:49,backfill
006WR00000xwFj3YAE,Omaha_MDU_4705 Burdette St,Franchise_Type__c,(null),In-Franchise,franchise_mapping.json (Monday-derived),2026-04-24T13:49:49,backfill
006WR00000xwFkfYAE,Omaha_MDU_4719-4723 Erskine St,Franchise_Type__c,(null),In-Franchise,franchise_mapping.json (Monday-derived),2026-04-24T13:49:49,backfill
006WR00000xwFmHYAU,Omaha_MDU_Roosevelt Apartments,Franchise_Type__c,(null),In-Franchise,franchise_mapping.json (Monday-derived),2026-04-24T13:49:49,backfill
006WR00000xwFntYAE,Omaha_MDU_Parkgate Apartments,Franchise_Type__c,(null),In-Franchise,franchise_mapping.json (Monday-derived),2026-04-24T13:49:49,backfill
006WR00000xwFpVYAU,Omaha_MDU_4728-4730-4732 Chicago St,Franchise_Type__c,(null),In-Franchise,franchise_mapping.json (Monday-derived),2026-04-24T13:49:49,backfill
006WR00000xwFsjYAE,Omaha_MDU_4752 NICHOLAS ST,Franchise_Type__c,(null),In-Franchise,franchise_mapping.json (Monday-derived),2026-04-24T13:49:49,backfill
006WR00000xwFvxYAE,Omaha_MDU_4811 Chicago St,Franchise_Type__c,(null),In-Franchise,franchise_mapping.json (Monday-derived),2026-04-24T13:49:49,backfill
006WR00000xwFvyYAE,Killeen_MDU_Twin Apartments,Franchise_Type__c,(null),In-Franchise,franchise_mapping.json (Monday-derived),2026-04-24T13:49:49,backfill
006WR00000xwFzBYAU,Omaha_MDU_Taylor Apartments,Franchise_Type__c,(null),In-Franchise,franchise_mapping.json (Monday-derived),2026-04-24T13:49:49,backfill
006WR00000xwG0nYAE,Omaha_MDU_4904 Davenport St,Franchise_Type__c,(null),In-Franchise,franchise_mapping.json (Monday-derived),2026-04-24T13:49:49,backfill
006WR00000xwG41YAE,Omaha_MDU_Venice Apartments,Franchise_Type__c,(null),In-Franchise,franchise_mapping.json (Monday-derived),2026-04-24T13:49:49,backfill
006WR00000xwG5dYAE,Omaha_MDU_4955-4957 Cuming St,Franchise_Type__c,(null),In-Franchise,franchise_mapping.json (Monday-derived),2026-04-24T13:49:49,backfill
006WR00000xwG7FYAU,Omaha_MDU_Ellington Apartments,Franchise_Type__c,(null),In-Franchise,franchise_mapping.json (Monday-derived),2026-04-24T13:49:49,backfill
006WR00000xwG8rYAE,Omaha_MDU_5005-5007 California St,Franchise_Type__c,(null),In-Franchise,franchise_mapping.json (Monday-derived),2026-04-24T13:49:49,backfill
006WR00000xwGATYA2,Omaha_MDU_California Place,Franchise_Type__c,(null),In-Franchise,franchise_mapping.json (Monday-derived),2026-04-24T13:49:49,backfill
006WR00000xwGC5YAM,NE_Omaha_SA12_FDH26_PA12,Franchise_Type__c,(null),In-Franchise,franchise_mapping.json (Monday-derived),2026-04-24T13:49:49,backfill
006WR00000xwGDhYAM,Omaha_MDU_5102 Capital Ave,Franchise_Type__c,(null),In-Franchise,franchise_mapping.json (Monday-derived),2026-04-24T13:49:49,backfill
006WR00000xwGFJYA2,Omaha_MDU_Park Lane Apartments,Franchise_Type__c,(null),In-Franchise,franchise_mapping.json (Monday-derived),2026-04-24T13:49:49,backfill
006WR00000xwGIXYA2,Omaha_MDU_6303 Taylor Cir,Franchise_Type__c,(null),In-Franchise,franchise_mapping.json (Monday-derived),2026-04-24T13:49:49,backfill
006WR00000xwGK9YAM,Omaha_MDU_6414 Boyd St,Franchise_Type__c,(null),In-Franchise,franchise_mapping.json (Monday-derived),2026-04-24T13:49:49,backfill
006WR00000xwGLlYAM,OMAHA_MDU_6569-6571 Military Ave APTS,Franchise_Type__c,(null),In-Franchise,franchise_mapping.json (Monday-derived),2026-04-24T13:49:49,backfill
006WR00000xwGOzYAM,Omaha_MDU_706 N 50th St,Franchise_Type__c,(null),In-Franchise,franchise_mapping.json (Monday-derived),2026-04-24T13:49:49,backfill
006WR00000xwGQbYAM,Omaha_MDU_821 N 47th St,Franchise_Type__c,(null),In-Franchise,franchise_mapping.json (Monday-derived),2026-04-24T13:49:49,backfill
006WR00000xwGSDYA2,Omaha_MDU_St Frances Apartments,Franchise_Type__c,(null),In-Franchise,franchise_mapping.json (Monday-derived),2026-04-24T13:49:49,backfill
006WR00000xwGTpYAM,Omaha_MDU_915 N 48TH ST,Franchise_Type__c,(null),In-Franchise,franchise_mapping.json (Monday-derived),2026-04-24T13:49:49,backfill
006WR00000xwGYfYAM,Killeen_MDU_119-111 N College St,Franchise_Type__c,(null),In-Franchise,franchise_mapping.json (Monday-derived),2026-04-24T13:49:49,backfill
006WR00000xwGaHYAU,Harker Heights_MDU_Village Apts,Franchise_Type__c,(null),In-Franchise,franchise_mapping.json (Monday-derived),2026-04-24T13:49:49,backfill
006WR00000xwGbtYAE,Killeen_MDU_Fairway Park,Franchise_Type__c,(null),In-Franchise,franchise_mapping.json (Monday-derived),2026-04-24T13:49:49,backfill
006WR00000xwGdVYAU,HARKER HEIGHTS_MDU_JR's_Trailer_Park,Franchise_Type__c,(null),In-Franchise,franchise_mapping.json (Monday-derived),2026-04-24T13:49:49,backfill
006WR00000xwGf7YAE,Killeen_MDU_117-121_W_Avenue_A,Franchise_Type__c,(null),In-Franchise,franchise_mapping.json (Monday-derived),2026-04-24T13:49:49,backfill
006WR00000xwGgjYAE,Jarrell_MDU_Rock Terrace Apartments,Franchise_Type__c,(null),In-Franchise,franchise_mapping.json (Monday-derived),2026-04-24T13:49:49,backfill
006WR00000xwGiLYAU,Killeen_MDU_Gray St North Apartments,Franchise_Type__c,(null),In-Franchise,franchise_mapping.json (Monday-derived),2026-04-24T13:49:49,backfill
006WR00000xwGlZYAU,Rhome_MDU_Rhome Apartments,Franchise_Type__c,(null),In-Franchise,franchise_mapping.json (Monday-derived),2026-04-24T13:49:49,backfill
006WR00000xwGnBYAU,Killeen_MDU_201 W Green Ave,Franchise_Type__c,(null),In-Franchise,franchise_mapping.json (Monday-derived),2026-04-24T13:49:49,backfill
006WR00000xwGqPYAU,Killeen_MDU_204 E Harrison Ave,Franchise_Type__c,(null),In-Franchise,franchise_mapping.json (Monday-derived),2026-04-24T13:49:49,backfill
006WR00000xwGs1YAE,Taylor_MDU_Tejas Apartments,Franchise_Type__c,(null),In-Franchise,franchise_mapping.json (Monday-derived),2026-04-24T13:49:49,backfill
006WR00000xwGtdYAE,HARKER HEIGHTS_MDU_Cedar_Knob_RD MHP,Franchise_Type__c,(null),In-Franchise,franchise_mapping.json (Monday-derived),2026-04-24T13:49:49,backfill
006WR00000xwGvFYAU,Killeen_MDU_Tee Top Apartments,Franchise_Type__c,(null),In-Franchise,franchise_mapping.json (Monday-derived),2026-04-24T13:49:49,backfill
006WR00000xwGwrYAE,Killeen_MDU_Magnolia Heights,Franchise_Type__c,(null),In-Franchise,franchise_mapping.json (Monday-derived),2026-04-24T13:49:49,backfill
006WR00000xwH1hYAE,Killeen_MDU_400-404 Liberty St,Franchise_Type__c,(null),In-Franchise,franchise_mapping.json (Monday-derived),2026-04-24T13:49:49,backfill
006WR00000xwH3JYAU,Killeen_MDU_12th Street Apartments,Franchise_Type__c,(null),In-Franchise,franchise_mapping.json (Monday-derived),2026-04-24T13:49:49,backfill
006WR00000xwH4vYAE,Killeen_MDU_Summit Heights Apts,Franchise_Type__c,(null),In-Franchise,franchise_mapping.json (Monday-derived),2026-04-24T13:49:49,backfill
006WR00000xwH89YAE,Killeen_MDU_425 N Gilmer St,Franchise_Type__c,(null),In-Franchise,franchise_mapping.json (Monday-derived),2026-04-24T13:49:49,backfill
006WR00000xwH9lYAE,Killeen_MDU_5 W Rancier Ave,Franchise_Type__c,(null),In-Franchise,franchise_mapping.json (Monday-derived),2026-04-24T13:49:49,backfill
006WR00000xwHBNYA2,Harker Heights_MDU_506-508 E Beeline Ln,Franchise_Type__c,(null),In-Franchise,franchise_mapping.json (Monday-derived),2026-04-24T13:49:49,backfill
006WR00000xwHCzYAM,Killeen_MDU_601 Harbour Ave,Franchise_Type__c,(null),In-Franchise,franchise_mapping.json (Monday-derived),2026-04-24T13:49:49,backfill
006WR00000xwHHpYAM,Killeen_MDU_Downtown Manor,Franchise_Type__c,(null),In-Franchise,franchise_mapping.json (Monday-derived),2026-04-24T13:49:49,backfill
006WR00000xwHJRYA2,Killeen_MDU_703 Gilmer Street Apartments,Franchise_Type__c,(null),In-Franchise,franchise_mapping.json (Monday-derived),2026-04-24T13:49:49,backfill
006WR00000xwHL3YAM,Killeen_MDU_The Bungalows,Franchise_Type__c,(null),In-Franchise,franchise_mapping.json (Monday-derived),2026-04-24T13:49:49,backfill
006WR00000xwHOHYA2,Killeen_MDU_809 Root Ave,Franchise_Type__c,(null),In-Franchise,franchise_mapping.json (Monday-derived),2026-04-24T13:49:49,backfill
006WR00000xwHPtYAM,Georgetown_MDU_Mid-Century Park,Franchise_Type__c,(null),In-Franchise,franchise_mapping.json (Monday-derived),2026-04-24T13:49:49,backfill
006WR00000xwHRVYA2,Killeen_MDU_East Gate Apartments,Franchise_Type__c,(null),In-Franchise,franchise_mapping.json (Monday-derived),2026-04-24T13:49:49,backfill
006WR00000y24mZYAQ,Solana Beach_MDU_Surfsong Condos,Franchise_Type__c,(null),In-Franchise,franchise_mapping.json (Monday-derived),2026-04-24T13:49:49,backfill
006WR00000y2DuoYAE,Solana Beach_MDU_Seascape Chateau,Franchise_Type__c,(null),In-Franchise,franchise_mapping.json (Monday-derived),2026-04-24T13:49:49,backfill
006WR00000y2FzkYAE,Omaha_MDU_4760 LAFAYETTE AVE,Franchise_Type__c,(null),In-Franchise,franchise_mapping.json (Monday-derived),2026-04-24T13:49:49,backfill
006WR00000y2k2dYAA,Omaha_MDU_3344-3348 Larimore Ave,Franchise_Type__c,(null),In-Franchise,franchise_mapping.json (Monday-derived),2026-04-24T13:49:49,backfill
006WR00000y3J0LYAU,Omaha_MDU_5004 Davenport St,Franchise_Type__c,(null),In-Franchise,franchise_mapping.json (Monday-derived),2026-04-24T13:49:49,backfill
006WR00000y3NdSYAU,Omaha_MDU_Benson Crest Apartments 2,Franchise_Type__c,(null),In-Franchise,franchise_mapping.json (Monday-derived),2026-04-24T13:49:49,backfill
006WR00000y3iV0YAI,Solana Beach_MDU_Seascape Shores Condos,Franchise_Type__c,(null),In-Franchise,franchise_mapping.json (Monday-derived),2026-04-24T13:49:49,backfill
006WR00000y3jsTYAQ,Encinitas_MDU_Saxonay at Encinitas Ranch,Franchise_Type__c,(null),In-Franchise,franchise_mapping.json (Monday-derived),2026-04-24T13:49:49,backfill
006WR00000y3jyvYAA,Omaha_MDU_4612 Redman Ave,Franchise_Type__c,(null),In-Franchise,franchise_mapping.json (Monday-derived),2026-04-24T13:49:49,backfill
006WR00000y3k29YAA,Omaha_MDU_9208 Ohio St,Franchise_Type__c,(null),In-Franchise,franchise_mapping.json (Monday-derived),2026-04-24T13:49:49,backfill
006WR00000y3k5NYAQ,Decatur_MDU_Smallwood Trailer Park,Franchise_Type__c,(null),In-Franchise,franchise_mapping.json (Monday-derived),2026-04-24T13:49:49,backfill
006WR00000y46nRYAQ,Omaha_MDU_Farnam Flats,Franchise_Type__c,(null),In-Franchise,franchise_mapping.json (Monday-derived),2026-04-24T13:49:49,backfill
006WR00000y4ekIYAQ,Mineral Wells_MDU_Shady Oak Circle Housing,Franchise_Type__c,(null),In-Franchise,franchise_mapping.json (Monday-derived),2026-04-24T13:49:49,backfill
006WR00000ytiKQYAY,Pelican Ridge,Franchise_Type__c,(null),In-Franchise,franchise_mapping.json (Monday-derived),2026-04-24T13:49:49,backfill
006WR00000ytrE5YAI,Trailer Rancho Mobile,Franchise_Type__c,(null),In-Franchise,franchise_mapping.json (Monday-derived),2026-04-24T13:49:49,backfill
006WR00000yuOtDYAU,Pacifica Leucadia HOA,Franchise_Type__c,(null),In-Franchise,franchise_mapping.json (Monday-derived),2026-04-24T13:49:49,backfill
006WR00000yuYsYYAU,Montego Village HOA,Franchise_Type__c,(null),In-Franchise,franchise_mapping.json (Monday-derived),2026-04-24T13:49:49,backfill
006WR00000yuZv2YAE,Laurel Cove Lane Pvt Road,Franchise_Type__c,(null),In-Franchise,franchise_mapping.json (Monday-derived),2026-04-24T13:49:49,backfill
006WR00000yueI2YAI,Calypso Legends Heritage,Franchise_Type__c,(null),In-Franchise,franchise_mapping.json (Monday-derived),2026-04-24T13:49:49,backfill
006WR00000yugutYAA,Ocean View Private Road,Franchise_Type__c,(null),In-Franchise,franchise_mapping.json (Monday-derived),2026-04-24T13:49:49,backfill
006WR00000yuj1ZYAQ,Emerald Lake Village HOA,Franchise_Type__c,(null),In-Franchise,franchise_mapping.json (Monday-derived),2026-04-24T13:49:49,backfill
006WR00000yuqW4YAI,Beach Street Encinitas,Franchise_Type__c,(null),In-Franchise,franchise_mapping.json (Monday-derived),2026-04-24T13:49:49,backfill
006WR00000yur0lYAA,1342 Eolus Ave,Franchise_Type__c,(null),In-Franchise,franchise_mapping.json (Monday-derived),2026-04-24T13:49:49,backfill
006WR00000yutSHYAY,Cardiff Park,Franchise_Type__c,(null),In-Franchise,franchise_mapping.json (Monday-derived),2026-04-24T13:49:49,backfill
006WR00000yutTtYAI,Quentin Court,Franchise_Type__c,(null),In-Franchise,franchise_mapping.json (Monday-derived),2026-04-24T13:49:49,backfill
006WR00000yutvPYAQ,Cardiff Park HOA,Franchise_Type__c,(null),In-Franchise,franchise_mapping.json (Monday-derived),2026-04-24T13:49:49,backfill
006WR00000yuxKdYAI,Mission Del Oro HOA,Franchise_Type__c,(null),In-Franchise,franchise_mapping.json (Monday-derived),2026-04-24T13:49:49,backfill
006WR00000yv0X4YAI,Rancho Hermosa HOA,Franchise_Type__c,(null),In-Franchise,franchise_mapping.json (Monday-derived),2026-04-24T13:49:49,backfill
006WR00000yv47cYAA,Alicante Hills HOA,Franchise_Type__c,(null),In-Franchise,franchise_mapping.json (Monday-derived),2026-04-24T13:49:49,backfill
006WR00000yv6m8YAA,Camino Cabrillo Pvt Road,Franchise_Type__c,(null),In-Franchise,franchise_mapping.json (Monday-derived),2026-04-24T13:49:49,backfill
006WR00000yv7YaYAI,FoxtailLoop,Franchise_Type__c,(null),In-Franchise,franchise_mapping.json (Monday-derived),2026-04-24T13:49:49,backfill
006WR00000yv9vJYAQ,Promenade HOA,Franchise_Type__c,(null),In-Franchise,franchise_mapping.json (Monday-derived),2026-04-24T13:49:49,backfill
006WR00000yvAMgYAM,Terraces At Cantebria HOA,Franchise_Type__c,(null),In-Franchise,franchise_mapping.json (Monday-derived),2026-04-24T13:49:49,backfill
006WR00000yvINSYA2,Forrest Bluff Terraces HOA,Franchise_Type__c,(null),In-Franchise,franchise_mapping.json (Monday-derived),2026-04-24T13:49:49,backfill
006WR00000yvLI6YAM,Riviera Mobile Homes,Franchise_Type__c,(null),In-Franchise,franchise_mapping.json (Monday-derived),2026-04-24T13:49:49,backfill
006WR00000yvMEBYA2,Hacienda de la Playa HOA,Franchise_Type__c,(null),In-Franchise,franchise_mapping.json (Monday-derived),2026-04-24T13:49:49,backfill
006WR00000yvMMIYA2,Fairways HOA,Franchise_Type__c,(null),In-Franchise,franchise_mapping.json (Monday-derived),2026-04-24T13:49:49,backfill
006WR00000yvQkpYAE,Sky Loft HOA,Franchise_Type__c,(null),In-Franchise,franchise_mapping.json (Monday-derived),2026-04-24T13:49:49,backfill
006WR00000yvR5nYAE,Del Mar Corporate Center,Franchise_Type__c,(null),In-Franchise,franchise_mapping.json (Monday-derived),2026-04-24T13:49:49,backfill
006WR00000yvSJdYAM,Traditions At La Costa HOA,Franchise_Type__c,(null),In-Franchise,franchise_mapping.json (Monday-derived),2026-04-24T13:49:49,backfill
006WR00000yvU0RYAU,3152 Levante,Franchise_Type__c,(null),In-Franchise,franchise_mapping.json (Monday-derived),2026-04-24T13:49:49,backfill
006WR00000yvVsYYAU,3156 Levante,Franchise_Type__c,(null),In-Franchise,franchise_mapping.json (Monday-derived),2026-04-24T13:49:49,backfill
006WR00000yvY5dYAE,Converge Justin,Franchise_Type__c,(null),In-Franchise,franchise_mapping.json (Monday-derived),2026-04-24T13:49:49,backfill
006WR00000yvYteYAE,Manzanita Cove HOA,Franchise_Type__c,(null),In-Franchise,franchise_mapping.json (Monday-derived),2026-04-24T13:49:49,backfill
006WR00000yvdF2YAI,Shamrock Mobile Estates,Franchise_Type__c,(null),In-Franchise,franchise_mapping.json (Monday-derived),2026-04-24T13:49:49,backfill
006WR00000yviUqYAI,Village At Leucadia HOA,Franchise_Type__c,(null),In-Franchise,franchise_mapping.json (Monday-derived),2026-04-24T13:49:49,backfill
006WR00000yvmgUYAQ,Cardiff Glen HOA,Franchise_Type__c,(null),In-Franchise,franchise_mapping.json (Monday-derived),2026-04-24T13:49:49,backfill
006WR00000yvnHbYAI,Hilltop Trailer Park,Franchise_Type__c,(null),In-Franchise,franchise_mapping.json (Monday-derived),2026-04-24T13:49:49,backfill
006WR00000yvoqPYAQ,Monte Mira HOA,Franchise_Type__c,(null),In-Franchise,franchise_mapping.json (Monday-derived),2026-04-24T13:49:49,backfill
006WR00000yvv0eYAA,Coral Cove HOA,Franchise_Type__c,(null),In-Franchise,franchise_mapping.json (Monday-derived),2026-04-24T13:49:49,backfill
006WR00000yvvAJYAY,Santa Fe Trails HOA,Franchise_Type__c,(null),In-Franchise,franchise_mapping.json (Monday-derived),2026-04-24T13:49:49,backfill
006WR00000yvvNCYAY,950-946-942 Hygeia Avenue,Franchise_Type__c,(null),In-Franchise,franchise_mapping.json (Monday-derived),2026-04-24T13:49:49,backfill
006WR00000yvvYXYAY,Carlsbad Surfside HOA,Franchise_Type__c,(null),In-Franchise,franchise_mapping.json (Monday-derived),2026-04-24T13:49:49,backfill
006WR00000yvvrqYAA,Cantaberia HOA,Franchise_Type__c,(null),In-Franchise,franchise_mapping.json (Monday-derived),2026-04-24T13:49:49,backfill
006WR00000yvxC6YAI,Hygeia Court HOA,Franchise_Type__c,(null),In-Franchise,franchise_mapping.json (Monday-derived),2026-04-24T13:49:49,backfill
006WR00000yvxP0YAI,Hillside Patio Pvt Road,Franchise_Type__c,(null),In-Franchise,franchise_mapping.json (Monday-derived),2026-04-24T13:49:49,backfill
006WR00000yvxthYAA,Tiki Village HOA,Franchise_Type__c,(null),In-Franchise,franchise_mapping.json (Monday-derived),2026-04-24T13:49:49,backfill
006WR00000yvz12YAA,Cambria HOA,Franchise_Type__c,(null),In-Franchise,franchise_mapping.json (Monday-derived),2026-04-24T13:49:49,backfill
006WR00000yw09zYAA,Beacons Beach Village,Franchise_Type__c,(null),In-Franchise,franchise_mapping.json (Monday-derived),2026-04-24T13:49:49,backfill
006WR00000yw0RiYAI,Encinitas Ranch HOA,Franchise_Type__c,(null),In-Franchise,franchise_mapping.json (Monday-derived),2026-04-24T13:49:49,backfill
006WR00000yw26xYAA,The Nest at La Costa,Franchise_Type__c,(null),In-Franchise,franchise_mapping.json (Monday-derived),2026-04-24T13:49:49,backfill
006WR00000yw3HWYAY,La Costa Oaks South HOA,Franchise_Type__c,(null),In-Franchise,franchise_mapping.json (Monday-derived),2026-04-24T13:49:49,backfill
006WR00000yw4jqYAA,Encinitas Town and Country Plaza,Franchise_Type__c,(null),In-Franchise,franchise_mapping.json (Monday-derived),2026-04-24T13:49:49,backfill
006WR00000yw5zGYAQ,Oceanic Drive,Franchise_Type__c,(null),In-Franchise,franchise_mapping.json (Monday-derived),2026-04-24T13:49:49,backfill
006WR00000yw95EYAQ,803 Cedros Pvt Road,Franchise_Type__c,(null),In-Franchise,franchise_mapping.json (Monday-derived),2026-04-24T13:49:49,backfill
006WR00000yw9QBYAY,Mendocino HOA,Franchise_Type__c,(null),In-Franchise,franchise_mapping.json (Monday-derived),2026-04-24T13:49:49,backfill
006WR00000yw9YHYAY,Seaside Highlannds HOA,Franchise_Type__c,(null),In-Franchise,franchise_mapping.json (Monday-derived),2026-04-24T13:49:49,backfill
006WR00000ywAsVYAU,Island View - Private Road,Franchise_Type__c,(null),In-Franchise,franchise_mapping.json (Monday-derived),2026-04-24T13:49:49,backfill
006WR00000ywB2AYAU,Villas De La Costa HOA,Franchise_Type__c,(null),In-Franchise,franchise_mapping.json (Monday-derived),2026-04-24T13:49:49,backfill
006WR00000ywBJuYAM,Shady Hollow Pvt Road,Franchise_Type__c,(null),In-Franchise,franchise_mapping.json (Monday-derived),2026-04-24T13:49:49,backfill
006WR00000ywBdGYAU,La Costa Altezza HOA,Franchise_Type__c,(null),In-Franchise,franchise_mapping.json (Monday-derived),2026-04-24T13:49:49,backfill
006WR00000ywCPfYAM,Encinitas Corporate Center,Franchise_Type__c,(null),In-Franchise,franchise_mapping.json (Monday-derived),2026-04-24T13:49:49,backfill
006WR00000ywCuIYAU,53 Melrose Promenade HOA,Franchise_Type__c,(null),In-Franchise,franchise_mapping.json (Monday-derived),2026-04-24T13:49:49,backfill
006WR00000ywEb8YAE,Portico At Rancho Carrillo HOA,Franchise_Type__c,(null),In-Franchise,franchise_mapping.json (Monday-derived),2026-04-24T13:49:49,backfill
006WR00000ywF2ZYAU,May Private Road,Franchise_Type__c,(null),In-Franchise,franchise_mapping.json (Monday-derived),2026-04-24T13:49:49,backfill
006WR00000ywF4AYAU,Seapoint Tennis Club,Franchise_Type__c,(null),In-Franchise,franchise_mapping.json (Monday-derived),2026-04-24T13:49:49,backfill
006WR00000ywG8IYAU,Casitas De La Costa HOA,Franchise_Type__c,(null),In-Franchise,franchise_mapping.json (Monday-derived),2026-04-24T13:49:49,backfill
006WR00000ywIQEYA2,Rancho Montecito,Franchise_Type__c,(null),In-Franchise,franchise_mapping.json (Monday-derived),2026-04-24T13:49:49,backfill
006WR00000ywKINYA2,Villa Trieste HOA,Franchise_Type__c,(null),In-Franchise,franchise_mapping.json (Monday-derived),2026-04-24T13:49:49,backfill
006WR00000ywLuMYAU,Flair Encinitas HOA,Franchise_Type__c,(null),In-Franchise,franchise_mapping.json (Monday-derived),2026-04-24T13:49:49,backfill
006WR00000ywMAUYA2,"247-263 HWY 101 Solana Beach, CA",Franchise_Type__c,(null),In-Franchise,franchise_mapping.json (Monday-derived),2026-04-24T13:49:49,backfill
006WR00000ywN6YYAU,On The Park HOA,Franchise_Type__c,(null),In-Franchise,franchise_mapping.json (Monday-derived),2026-04-24T13:49:49,backfill
006WR00000ywOYtYAM,Carlsbad Arroyo Vista HOA,Franchise_Type__c,(null),In-Franchise,franchise_mapping.json (Monday-derived),2026-04-24T13:49:49,backfill
006WR00000ywQveYAE,La Costa Town Square,Franchise_Type__c,(null),In-Franchise,franchise_mapping.json (Monday-derived),2026-04-24T13:49:49,backfill
006WR00000ywSNxYAM,San Pacifico HOA,Franchise_Type__c,(null),In-Franchise,franchise_mapping.json (Monday-derived),2026-04-24T13:49:49,backfill
006WR00000ywSPbYAM,Village Park Manor,Franchise_Type__c,(null),In-Franchise,franchise_mapping.json (Monday-derived),2026-04-24T13:49:49,backfill
006WR00000ywSW1YAM,Paseo La Jolla Pvt Road,Franchise_Type__c,(null),In-Franchise,franchise_mapping.json (Monday-derived),2026-04-24T13:49:49,backfill
006WR00000ywSXdYAM,La Costa Greens HOA,Franchise_Type__c,(null),In-Franchise,franchise_mapping.json (Monday-derived),2026-04-24T13:49:49,backfill
006WR00000ywSarYAE,Via Casa Del Sol HOA,Franchise_Type__c,(null),In-Franchise,franchise_mapping.json (Monday-derived),2026-04-24T13:49:49,backfill
006WR00000ywScTYAU,Alga Hills HOA,Franchise_Type__c,(null),In-Franchise,franchise_mapping.json (Monday-derived),2026-04-24T13:49:49,backfill
006WR00000ywSe5YAE,La Costa Ridge2 HOA,Franchise_Type__c,(null),In-Franchise,franchise_mapping.json (Monday-derived),2026-04-24T13:49:49,backfill
006WR00000ywSkXYAU,La Costa Ridge1 HOA,Franchise_Type__c,(null),In-Franchise,franchise_mapping.json (Monday-derived),2026-04-24T13:49:49,backfill
006WR00000ywSm9YAE,North Shore HOA,Franchise_Type__c,(null),In-Franchise,franchise_mapping.json (Monday-derived),2026-04-24T13:49:49,backfill
006WR00000ywSnlYAE,Seaside Ridge HOA,Franchise_Type__c,(null),In-Franchise,franchise_mapping.json (Monday-derived),2026-04-24T13:49:49,backfill
006WR00000ywSpNYAU,Seabluffe Villages HOA,Franchise_Type__c,(null),In-Franchise,franchise_mapping.json (Monday-derived),2026-04-24T13:49:49,backfill
006WR00000ywSqzYAE,Sandalwood HOA,Franchise_Type__c,(null),In-Franchise,franchise_mapping.json (Monday-derived),2026-04-24T13:49:49,backfill
006WR00000ywSsbYAE,The Summit HOA,Franchise_Type__c,(null),In-Franchise,franchise_mapping.json (Monday-derived),2026-04-24T13:49:49,backfill
006WR00000ywSuDYAU,Santa Fe Business Park,Franchise_Type__c,(null),In-Franchise,franchise_mapping.json (Monday-derived),2026-04-24T13:49:49,backfill
006WR00000ywSvpYAE,Encinitas Town and Country Business Park,Franchise_Type__c,(null),In-Franchise,franchise_mapping.json (Monday-derived),2026-04-24T13:49:49,backfill
006WR00000ywT2HYAU,Village Park HOA,Franchise_Type__c,(null),In-Franchise,franchise_mapping.json (Monday-derived),2026-04-24T13:49:49,backfill
006WR00000ywT5VYAU,Village Park Shady Tree #2,Franchise_Type__c,(null),In-Franchise,franchise_mapping.json (Monday-derived),2026-04-24T13:49:49,backfill
006WR00000ywT77YAE,Pacifica HOA,Franchise_Type__c,(null),In-Franchise,franchise_mapping.json (Monday-derived),2026-04-24T13:49:49,backfill
006WR00000ywT8jYAE,Emerald Point HOA,Franchise_Type__c,(null),In-Franchise,franchise_mapping.json (Monday-derived),2026-04-24T13:49:49,backfill
006WR00000ywTALYA2,Rancho Santalina HOA,Franchise_Type__c,(null),In-Franchise,franchise_mapping.json (Monday-derived),2026-04-24T13:49:49,backfill
006WR00000ywTBxYAM,Kb Home The Foothills HOA,Franchise_Type__c,(null),In-Franchise,franchise_mapping.json (Monday-derived),2026-04-24T13:49:49,backfill
006WR00000ywTDZYA2,512-514 Via De La Valle,Franchise_Type__c,(null),In-Franchise,franchise_mapping.json (Monday-derived),2026-04-24T13:49:49,backfill
006WR00000ywTFBYA2,Las Vistas HOA,Franchise_Type__c,(null),In-Franchise,franchise_mapping.json (Monday-derived),2026-04-24T13:49:49,backfill
006WR00000ywTGnYAM,674 Via De La Valle,Franchise_Type__c,(null),In-Franchise,franchise_mapping.json (Monday-derived),2026-04-24T13:49:49,backfill
006WR00000ywTIPYA2,Haidenger Center,Franchise_Type__c,(null),In-Franchise,franchise_mapping.json (Monday-derived),2026-04-24T13:49:49,backfill
006WR00000ywTLdYAM,Seagate Terrace,Franchise_Type__c,(null),In-Franchise,franchise_mapping.json (Monday-derived),2026-04-24T13:49:49,backfill
006WR00000ywTNFYA2,876 Bonita Drive,Franchise_Type__c,(null),In-Franchise,franchise_mapping.json (Monday-derived),2026-04-24T13:49:49,backfill
006WR00000ywTOrYAM,915-919 Neptune Ave,Franchise_Type__c,(null),In-Franchise,franchise_mapping.json (Monday-derived),2026-04-24T13:49:49,backfill
006WR00000ywTS5YAM,Valley of Dreams Mobile Village,Franchise_Type__c,(null),In-Franchise,franchise_mapping.json (Monday-derived),2026-04-24T13:49:49,backfill
006WR00000ywTThYAM,Quail Gardens,Franchise_Type__c,(null),In-Franchise,franchise_mapping.json (Monday-derived),2026-04-24T13:49:49,backfill
006WR00000ywTVJYA2,1471 Rubenstein,Franchise_Type__c,(null),In-Franchise,franchise_mapping.json (Monday-derived),2026-04-24T13:49:49,backfill
006WR00000ywTWvYAM,127 W. Glaucus,Franchise_Type__c,(null),In-Franchise,franchise_mapping.json (Monday-derived),2026-04-24T13:49:49,backfill
006WR00000ywTYXYA2,978 Hygeia Ave,Franchise_Type__c,(null),In-Franchise,franchise_mapping.json (Monday-derived),2026-04-24T13:49:49,backfill
006WR00000ywTa9YAE,127 W Glaucus St - A,Franchise_Type__c,(null),In-Franchise,franchise_mapping.json (Monday-derived),2026-04-24T13:49:49,backfill
006WR00000ywTblYAE,"437 S Highway 101, 101-110",Franchise_Type__c,(null),In-Franchise,franchise_mapping.json (Monday-derived),2026-04-24T13:49:49,backfill
006WR00000ywTdNYAU,"225 S. Hwy 101 , 17",Franchise_Type__c,(null),In-Franchise,franchise_mapping.json (Monday-derived),2026-04-24T13:49:49,backfill
006WR00000ywTezYAE,San Ito,Franchise_Type__c,(null),In-Franchise,franchise_mapping.json (Monday-derived),2026-04-24T13:49:49,backfill
006WR00000ywTgbYAE,Surfsong,Franchise_Type__c,(null),In-Franchise,franchise_mapping.json (Monday-derived),2026-04-24T13:49:49,backfill
006WR00000ywU9dYAE,Sandy Point HOA,Franchise_Type__c,(null),In-Franchise,franchise_mapping.json (Monday-derived),2026-04-24T13:49:49,backfill
006WR00000zvH95YAE,SMB ROE Project- 127 W JUANITA AVE MESA AZ 105,Franchise_Type__c,(null),In-Franchise,franchise_mapping.json (Monday-derived),2026-04-24T13:49:49,backfill
006WR00000zveAWYAY,SMB ROE Project- 127 W JUANITA AVE MESA AZ 106,Franchise_Type__c,(null),In-Franchise,franchise_mapping.json (Monday-derived),2026-04-24T13:49:49,backfill
006WR00000zw4xnYAA,SMB ROE Project- 127 W JUANITA AVE MESA AZ 109,Franchise_Type__c,(null),In-Franchise,franchise_mapping.json (Monday-derived),2026-04-24T13:49:49,backfill
006WR00000zwVEnYAM,SMB ROE Project- 127 W JUANITA AVE MESA AZ 101,Franchise_Type__c,(null),In-Franchise,franchise_mapping.json (Monday-derived),2026-04-24T13:49:49,backfill
006WR00000zx55NYAQ,SMB ROE Project- 127 W JUANITA AVE MESA AZ 108,Franchise_Type__c,(null),In-Franchise,franchise_mapping.json (Monday-derived),2026-04-24T13:49:49,backfill
006WR00000zxFfpYAE,SMB ROE Project- 127 W JUANITA AVE MESA AZ 110,Franchise_Type__c,(null),In-Franchise,franchise_mapping.json (Monday-derived),2026-04-24T13:49:49,backfill
006WR000010BbmwYAC,TEST PROPERTY,Franchise_Type__c,(null),In-Franchise,franchise_mapping.json (Monday-derived),2026-04-24T13:49:49,backfill
006WR0000110fq9YAA,SMB ROE Project- 6910 PACIFIC ST OMAHA NE,Franchise_Type__c,(null),In-Franchise,franchise_mapping.json (Monday-derived),2026-04-24T13:49:49,backfill
006WR0000110khjYAA,SMB ROE Project- 6910 PACIFIC ST OMAHA NE,Franchise_Type__c,(null),In-Franchise,franchise_mapping.json (Monday-derived),2026-04-24T13:49:49,backfill
006WR0000110yUZYAY,SMB ROE Project- 6910 PACIFIC ST OMAHA NE,Franchise_Type__c,(null),In-Franchise,franchise_mapping.json (Monday-derived),2026-04-24T13:49:49,backfill
006WR00001114IEYAY,SMB ROE Project- 6910 PACIFIC ST OMAHA NE,Franchise_Type__c,(null),In-Franchise,franchise_mapping.json (Monday-derived),2026-04-24T13:49:49,backfill
006WR0000111CdzYAE,SMB ROE Project- 750 S MAIN ST KELLER TX,Franchise_Type__c,(null),In-Franchise,franchise_mapping.json (Monday-derived),2026-04-24T13:49:49,backfill
006WR0000111SKZYA2,SMB ROE Project- 750 S MAIN ST KELLER TX,Franchise_Type__c,(null),In-Franchise,franchise_mapping.json (Monday-derived),2026-04-24T13:49:49,backfill
006WR0000111TtKYAU,SMB ROE Project- 750 S MAIN ST KELLER TX,Franchise_Type__c,(null),In-Franchise,franchise_mapping.json (Monday-derived),2026-04-24T13:49:49,backfill
006WR0000111YOPYA2,SMB ROE Project- 415 N VAL VISTA DR MESA AZ,Franchise_Type__c,(null),In-Franchise,franchise_mapping.json (Monday-derived),2026-04-24T13:49:49,backfill
006WR0000111bkSYAQ,SMB ROE Project- 750 S MAIN ST KELLER TX,Franchise_Type__c,(null),In-Franchise,franchise_mapping.json (Monday-derived),2026-04-24T13:49:49,backfill
006WR0000111jExYAI,SMB ROE Project- 750 S MAIN ST KELLER TX,Franchise_Type__c,(null),In-Franchise,franchise_mapping.json (Monday-derived),2026-04-24T13:49:49,backfill
006WR0000111mRLYAY,SMB ROE Project- 750 S MAIN ST KELLER TX,Franchise_Type__c,(null),In-Franchise,franchise_mapping.json (Monday-derived),2026-04-24T13:49:49,backfill
006WR0000111qwMYAQ,SMB ROE Project- 750 S MAIN ST KELLER TX,Franchise_Type__c,(null),In-Franchise,franchise_mapping.json (Monday-derived),2026-04-24T13:49:49,backfill
006WR0000111r4PYAQ,SMB ROE Project- 6910 PACIFIC ST OMAHA NE,Franchise_Type__c,(null),In-Franchise,franchise_mapping.json (Monday-derived),2026-04-24T13:49:49,backfill
006WR0000111rMAYAY,SMB ROE Project- 6910 PACIFIC ST OMAHA NE,Franchise_Type__c,(null),In-Franchise,franchise_mapping.json (Monday-derived),2026-04-24T13:49:49,backfill
006WR0000111sN3YAI,SMB ROE Project- 6910 PACIFIC ST OMAHA NE,Franchise_Type__c,(null),In-Franchise,franchise_mapping.json (Monday-derived),2026-04-24T13:49:49,backfill
006WR0000111sy9YAA,SMB ROE Project- 6910 PACIFIC ST OMAHA NE,Franchise_Type__c,(null),In-Franchise,franchise_mapping.json (Monday-derived),2026-04-24T13:49:49,backfill
006WR0000111un3YAA,SMB ROE Project- 6910 PACIFIC ST OMAHA NE,Franchise_Type__c,(null),In-Franchise,franchise_mapping.json (Monday-derived),2026-04-24T13:49:49,backfill
006WR0000111wNRYAY,SMB ROE Project- 6910 PACIFIC ST OMAHA NE,Franchise_Type__c,(null),In-Franchise,franchise_mapping.json (Monday-derived),2026-04-24T13:49:49,backfill
006WR00001120AvYAI,SMB ROE Project- 6910 PACIFIC ST OMAHA NE,Franchise_Type__c,(null),In-Franchise,franchise_mapping.json (Monday-derived),2026-04-24T13:49:49,backfill
006WR00001120XWYAY,SMB ROE Project- 6910 PACIFIC ST OMAHA NE,Franchise_Type__c,(null),In-Franchise,franchise_mapping.json (Monday-derived),2026-04-24T13:49:49,backfill
006WR00001121GfYAI,SMB ROE Project- 6910 PACIFIC ST OMAHA NE,Franchise_Type__c,(null),In-Franchise,franchise_mapping.json (Monday-derived),2026-04-24T13:49:49,backfill
006WR00001121wbYAA,SMB ROE Project- 6910 PACIFIC ST OMAHA NE,Franchise_Type__c,(null),In-Franchise,franchise_mapping.json (Monday-derived),2026-04-24T13:49:49,backfill
006WR00001124mPYAQ,SMB ROE Project- 750 S MAIN ST KELLER TX,Franchise_Type__c,(null),In-Franchise,franchise_mapping.json (Monday-derived),2026-04-24T13:49:49,backfill
006WR000011275xYAA,SMB ROE Project- 750 S MAIN ST KELLER TX,Franchise_Type__c,(null),In-Franchise,franchise_mapping.json (Monday-derived),2026-04-24T13:49:49,backfill
006WR0000112TZXYA2,SMB ROE Project-900 S MAIN ST KELLER TX,Franchise_Type__c,(null),In-Franchise,franchise_mapping.json (Monday-derived),2026-04-24T13:49:49,backfill
006WR0000112VjNYAU,SMB ROE Project- 750 S MAIN ST KELLER TX,Franchise_Type__c,(null),In-Franchise,franchise_mapping.json (Monday-derived),2026-04-24T13:49:49,backfill
006WR0000112XLNYA2,SMB ROE Project- 750 S MAIN ST KELLER TX,Franchise_Type__c,(null),In-Franchise,franchise_mapping.json (Monday-derived),2026-04-24T13:49:49,backfill
006WR0000112YsXYAU,TEST PROPERTY 2,Franchise_Type__c,(null),In-Franchise,franchise_mapping.json (Monday-derived),2026-04-24T13:49:49,backfill
006WR0000112ZF9YAM,SMB ROE Project-900 S MAIN ST KELLER TX,Franchise_Type__c,(null),In-Franchise,franchise_mapping.json (Monday-derived),2026-04-24T13:49:49,backfill
006WR0000112a6LYAQ,SMB ROE Project- 750 S MAIN ST KELLER TX,Franchise_Type__c,(null),In-Franchise,franchise_mapping.json (Monday-derived),2026-04-24T13:49:49,backfill
006WR0000112eBaYAI,SMB ROE Project- 750 S MAIN ST KELLER TX,Franchise_Type__c,(null),In-Franchise,franchise_mapping.json (Monday-derived),2026-04-24T13:49:49,backfill
006WR0000112fSbYAI,SMB ROE Project- 750 S MAIN ST KELLER TX,Franchise_Type__c,(null),In-Franchise,franchise_mapping.json (Monday-derived),2026-04-24T13:49:49,backfill
006WR0000112fikYAA,Fox Point,Franchise_Type__c,(null),In-Franchise,franchise_mapping.json (Monday-derived),2026-04-24T13:49:49,backfill
006WR0000112kX8YAI,SMB ROE Project-900 S MAIN ST KELLER TX,Franchise_Type__c,(null),In-Franchise,franchise_mapping.json (Monday-derived),2026-04-24T13:49:49,backfill
006WR0000112nRlYAI,SMB ROE Project-900 S MAIN ST KELLER TX,Franchise_Type__c,(null),In-Franchise,franchise_mapping.json (Monday-derived),2026-04-24T13:49:49,backfill
006WR0000112rwqYAA,SMB ROE Project- 415 N VAL VISTA DR MESA AZ,Franchise_Type__c,(null),In-Franchise,franchise_mapping.json (Monday-derived),2026-04-24T13:49:49,backfill
006WR0000112sb7YAA,SMB ROE Project-900 S MAIN ST KELLER TX,Franchise_Type__c,(null),In-Franchise,franchise_mapping.json (Monday-derived),2026-04-24T13:49:49,backfill
006WR0000112tKHYAY,SMB ROE Project-900 S MAIN ST KELLER TX,Franchise_Type__c,(null),In-Franchise,franchise_mapping.json (Monday-derived),2026-04-24T13:49:49,backfill
006WR0000112vHHYAY,Ito San,Franchise_Type__c,(null),In-Franchise,franchise_mapping.json (Monday-derived),2026-04-24T13:49:49,backfill
006WR0000112xnhYAA,SMB ROE Project-900 S MAIN ST KELLER TX,Franchise_Type__c,(null),In-Franchise,franchise_mapping.json (Monday-derived),2026-04-24T13:49:49,backfill
006WR0000112ytSYAQ,SMB ROE Project-900 S MAIN ST KELLER TX,Franchise_Type__c,(null),In-Franchise,franchise_mapping.json (Monday-derived),2026-04-24T13:49:49,backfill
006WR000011367rYAA,Sand Piper Point,Franchise_Type__c,(null),In-Franchise,franchise_mapping.json (Monday-derived),2026-04-24T13:49:49,backfill
006WR0000113RllYAE,SMB ROE Project- 415 N VAL VISTA DR MESA AZ,Franchise_Type__c,(null),In-Franchise,franchise_mapping.json (Monday-derived),2026-04-24T13:49:49,backfill
006WR0000115wgeYAA,SMB ROE PROJECT- N 89TH CIR OMAHA NE,Franchise_Type__c,(null),In-Franchise,franchise_mapping.json (Monday-derived),2026-04-24T13:49:49,backfill
006WR0000116hJ2YAI,SMB ROE PROJECT- SOUTHEAST PKWY AZLE TX,Franchise_Type__c,(null),In-Franchise,franchise_mapping.json (Monday-derived),2026-04-24T13:49:49,backfill
006WR00001174FXYAY,SMB ROE PROJECT- LEAVENWORTH ST OMAHA NE,Franchise_Type__c,(null),In-Franchise,franchise_mapping.json (Monday-derived),2026-04-24T13:49:49,backfill
006WR0000117R7KYAU,SMB ROE PROJECT- N 89TH CIR OMAHA NE,Franchise_Type__c,(null),In-Franchise,franchise_mapping.json (Monday-derived),2026-04-24T13:49:49,backfill
006WR0000117YYZYA2,SMB ROE PROJECT- N 89TH CIR OMAHA NE,Franchise_Type__c,(null),In-Franchise,franchise_mapping.json (Monday-derived),2026-04-24T13:49:49,backfill
006WR0000117Z01YAE,SMB ROE PROJECT- 6205 N 89TH CIR OMAHA NE,Franchise_Type__c,(null),In-Franchise,franchise_mapping.json (Monday-derived),2026-04-24T13:49:49,backfill
006WR0000117cHEYAY,SMB ROE PROJECT- LEAVENWORTH ST OMAHA NE,Franchise_Type__c,(null),In-Franchise,franchise_mapping.json (Monday-derived),2026-04-24T13:49:49,backfill
006WR0000117rOLYAY,SMB ROE PROJECT- LEAVENWORTH ST OMAHA NE,Franchise_Type__c,(null),In-Franchise,franchise_mapping.json (Monday-derived),2026-04-24T13:49:49,backfill
006WR0000117xlTYAQ,SMB ROE PROJECT- SOUTHEAST PKWY AZLE TX,Franchise_Type__c,(null),In-Franchise,franchise_mapping.json (Monday-derived),2026-04-24T13:49:49,backfill
006WR0000118BOcYAM,SMB ROE PROJECT- N 89TH CIR OMAHA NE,Franchise_Type__c,(null),In-Franchise,franchise_mapping.json (Monday-derived),2026-04-24T13:49:49,backfill
006WR0000118JqoYAE,SMB ROE PROJECT- LEAVENWORTH ST OMAHA NE,Franchise_Type__c,(null),In-Franchise,franchise_mapping.json (Monday-derived),2026-04-24T13:49:49,backfill
006WR0000118OH0YAM,SMB ROE PROJECT- N 89TH CIR OMAHA NE,Franchise_Type__c,(null),In-Franchise,franchise_mapping.json (Monday-derived),2026-04-24T13:49:49,backfill
006WR0000118UXkYAM,SMB ROE PROJECT- LEAVENWORTH ST OMAHA NE,Franchise_Type__c,(null),In-Franchise,franchise_mapping.json (Monday-derived),2026-04-24T13:49:49,backfill
006WR0000118WRTYA2,SMB ROE PROJECT- LEAVENWORTH ST OMAHA NE,Franchise_Type__c,(null),In-Franchise,franchise_mapping.json (Monday-derived),2026-04-24T13:49:49,backfill
006WR0000118meHYAQ,SMB ROE PROJECT- N 89TH CIR OMAHA NE,Franchise_Type__c,(null),In-Franchise,franchise_mapping.json (Monday-derived),2026-04-24T13:49:49,backfill
006WR0000118pAjYAI,SMB ROE PROJECT- N 89TH CIR OMAHA NE,Franchise_Type__c,(null),In-Franchise,franchise_mapping.json (Monday-derived),2026-04-24T13:49:49,backfill
006WR0000118sesYAA,SMB ROE PROJECT- LEAVENWORTH ST OMAHA NE,Franchise_Type__c,(null),In-Franchise,franchise_mapping.json (Monday-derived),2026-04-24T13:49:49,backfill
006WR0000118yCPYAY,SMB ROE PROJECT- LEAVENWORTH ST OMAHA NE,Franchise_Type__c,(null),In-Franchise,franchise_mapping.json (Monday-derived),2026-04-24T13:49:49,backfill
006WR00001198OiYAI,SMB ROE PROJECT- SOUTHEAST PKWY AZLE TX,Franchise_Type__c,(null),In-Franchise,franchise_mapping.json (Monday-derived),2026-04-24T13:49:49,backfill
006WR0000119NxBYAU,SMB ROE PROJECT- SOUTHEAST PKWY AZLE TX,Franchise_Type__c,(null),In-Franchise,franchise_mapping.json (Monday-derived),2026-04-24T13:49:49,backfill
006WR0000119P7lYAE,SMB ROE PROJECT- SOUTHEAST PKWY AZLE TX,Franchise_Type__c,(null),In-Franchise,franchise_mapping.json (Monday-derived),2026-04-24T13:49:49,backfill
006WR000011CrIpYAK,TEST PROPERTY 3,Franchise_Type__c,(null),In-Franchise,franchise_mapping.json (Monday-derived),2026-04-24T13:49:49,backfill
006WR000011a3xbYAA,1404 Chico Hwy MHP,Franchise_Type__c,(null),In-Franchise,franchise_mapping.json (Monday-derived),2026-04-24T13:49:49,backfill
006WR000011aP8ZYAU,Deerfield Clubhouse Apartments,Franchise_Type__c,(null),In-Franchise,franchise_mapping.json (Monday-derived),2026-04-24T13:49:49,backfill
006WR000011aevbYAA,Church Hill Apartments,Franchise_Type__c,(null),In-Franchise,franchise_mapping.json (Monday-derived),2026-04-24T13:49:49,backfill
006WR000011anIzYAI,Alhambra Apartments,Franchise_Type__c,(null),In-Franchise,franchise_mapping.json (Monday-derived),2026-04-24T13:49:49,backfill
006WR000011arrAYAQ,740 E 3rd Ave,Franchise_Type__c,(null),In-Franchise,franchise_mapping.json (Monday-derived),2026-04-24T13:49:49,backfill
006WR000011awSdYAI,Lookout Ridge Apartments,Franchise_Type__c,(null),In-Franchise,franchise_mapping.json (Monday-derived),2026-04-24T13:49:49,backfill
006WR000011bOryYAE,Stone Plaza Apartments,Franchise_Type__c,(null),In-Franchise,franchise_mapping.json (Monday-derived),2026-04-24T13:49:49,backfill
006WR000011bPfxYAE,Dundee Creek Apartments,Franchise_Type__c,(null),In-Franchise,franchise_mapping.json (Monday-derived),2026-04-24T13:49:49,backfill
006WR000011bcuxYAA,Ville de Sante Apartments,Franchise_Type__c,(null),In-Franchise,franchise_mapping.json (Monday-derived),2026-04-24T13:49:49,backfill
006WR000011bsupYAA,Benson Apartments,Franchise_Type__c,(null),In-Franchise,franchise_mapping.json (Monday-derived),2026-04-24T13:49:49,backfill
006WR000011bxo2YAA,Sunset Arms,Franchise_Type__c,(null),In-Franchise,franchise_mapping.json (Monday-derived),2026-04-24T13:49:49,backfill
006WR000011c5C6YAI,5120-5128 NW Radial Hwy,Franchise_Type__c,(null),In-Franchise,franchise_mapping.json (Monday-derived),2026-04-24T13:49:49,backfill
006WR000011cBNzYAM,Seaside Commons,Franchise_Type__c,(null),In-Franchise,franchise_mapping.json (Monday-derived),2026-04-24T13:49:49,backfill
006WR000011cGDyYAM,University Place Townhomes,Franchise_Type__c,(null),In-Franchise,franchise_mapping.json (Monday-derived),2026-04-24T13:49:49,backfill
006WR000011cMfyYAE,Discovery Village at Alliance Town Center (Riverside),Franchise_Type__c,(null),In-Franchise,franchise_mapping.json (Monday-derived),2026-04-24T13:49:49,backfill
006WR000011cNVaYAM,Autumn Heights,Franchise_Type__c,(null),In-Franchise,franchise_mapping.json (Monday-derived),2026-04-24T13:49:49,backfill
006WR000011cV9lYAE,Converge Justin,Franchise_Type__c,(null),In-Franchise,franchise_mapping.json (Monday-derived),2026-04-24T13:49:49,backfill
006WR000011cWnNYAU,6302 Boyd Street,Franchise_Type__c,(null),In-Franchise,franchise_mapping.json (Monday-derived),2026-04-24T13:49:49,backfill
006WR000011cWtpYAE,Heritage Apartments,Franchise_Type__c,(null),In-Franchise,franchise_mapping.json (Monday-derived),2026-04-24T13:49:49,backfill
006WR000011cWvRYAU,Sandra Ann Apartments,Franchise_Type__c,(null),In-Franchise,franchise_mapping.json (Monday-derived),2026-04-24T13:49:49,backfill
006WR000011caB3YAI,Contestoga Crossing,Franchise_Type__c,(null),In-Franchise,franchise_mapping.json (Monday-derived),2026-04-24T13:49:49,backfill
