SF_Id,Name,Field,Before,After,Source,Timestamp,Action
006WR00000wiNnYYAU,Talavera,StageName,Prospecting,Prospects,"Demote: only import-day notes (3/24 or 4/25), no real 2026 activity",2026-04-29 16:00:15,UPDATE
006WR00000wiNnZYAU,Grandes Cortes Apartments,StageName,Prospecting,Prospects,"Demote: only import-day notes (3/24 or 4/25), no real 2026 activity",2026-04-29 16:00:15,UPDATE
006WR00000wiNnaYAE,Garden Grove,StageName,Prospecting,Prospects,"Demote: only import-day notes (3/24 or 4/25), no real 2026 activity",2026-04-29 16:00:15,UPDATE
006WR00000wiNnbYAE,Rancho Las Palmas,StageName,Prospecting,Prospects,"Demote: only import-day notes (3/24 or 4/25), no real 2026 activity",2026-04-29 16:00:15,UPDATE
006WR00000wiNncYAE,University Valley Apartments,StageName,Prospecting,Prospects,"Demote: only import-day notes (3/24 or 4/25), no real 2026 activity",2026-04-29 16:00:15,UPDATE
006WR00000wiNndYAE,The Lennox @ Tempe,StageName,Prospecting,Prospects,"Demote: only import-day notes (3/24 or 4/25), no real 2026 activity",2026-04-29 16:00:15,UPDATE
006WR00000wiNneYAE,Tempe Park Place,StageName,Prospecting,Prospects,"Demote: only import-day notes (3/24 or 4/25), no real 2026 activity",2026-04-29 16:00:15,UPDATE
006WR00000wiNnfYAE,Chesapeake,StageName,Prospecting,Prospects,"Demote: only import-day notes (3/24 or 4/25), no real 2026 activity",2026-04-29 16:00:15,UPDATE
006WR00000wiNngYAE,Apache Terrace Apartments,StageName,Prospecting,Prospects,"Demote: only import-day notes (3/24 or 4/25), no real 2026 activity",2026-04-29 16:00:15,UPDATE
006WR00000wiNnhYAE,Avana Tempe,StageName,Prospecting,Prospects,"Demote: only import-day notes (3/24 or 4/25), no real 2026 activity",2026-04-29 16:00:15,UPDATE
006WR00000wiNniYAE,La Estancia,StageName,Prospecting,Prospects,"Demote: only import-day notes (3/24 or 4/25), no real 2026 activity",2026-04-29 16:00:15,UPDATE
006WR00000wiNnjYAE,Highland Park (Tempe),StageName,Prospecting,Prospects,"Demote: only import-day notes (3/24 or 4/25), no real 2026 activity",2026-04-29 16:00:15,UPDATE
006WR00000wiNnkYAE,Omnia Baseline,StageName,Prospecting,Prospects,"Demote: only import-day notes (3/24 or 4/25), no real 2026 activity",2026-04-29 16:00:15,UPDATE
006WR00000wiNnlYAE,San Palmilla,StageName,Prospecting,Prospects,"Demote: only import-day notes (3/24 or 4/25), no real 2026 activity",2026-04-29 16:00:15,UPDATE
006WR00000wiNnmYAE,The Halston,StageName,Prospecting,Prospects,"Demote: only import-day notes (3/24 or 4/25), no real 2026 activity",2026-04-29 16:00:15,UPDATE
006WR00000wiNnnYAE,Villa Real,StageName,Prospecting,Prospects,"Demote: only import-day notes (3/24 or 4/25), no real 2026 activity",2026-04-29 16:00:15,UPDATE
006WR00000wiNnoYAE,Gila Springs Apartments,StageName,Prospecting,Prospects,"Demote: only import-day notes (3/24 or 4/25), no real 2026 activity",2026-04-29 16:00:15,UPDATE
006WR00000wiNnpYAE,Reflections at Gila Springs Apartment Homes,StageName,Prospecting,Prospects,"Demote: only import-day notes (3/24 or 4/25), no real 2026 activity",2026-04-29 16:00:15,UPDATE
006WR00000wiNnqYAE,Stonebridge Ranch Apartments,StageName,Prospecting,Prospects,"Demote: only import-day notes (3/24 or 4/25), no real 2026 activity",2026-04-29 16:00:15,UPDATE
006WR00000wiNnrYAE,2150 Apartments,StageName,Prospecting,Prospects,"Demote: only import-day notes (3/24 or 4/25), no real 2026 activity",2026-04-29 16:00:15,UPDATE
006WR00000wiNnsYAE,Cantera,StageName,Prospecting,Prospects,"Demote: only import-day notes (3/24 or 4/25), no real 2026 activity",2026-04-29 16:00:15,UPDATE
006WR00000wiNntYAE,Chandler Meadows,StageName,Prospecting,Prospects,"Demote: only import-day notes (3/24 or 4/25), no real 2026 activity",2026-04-29 16:00:15,UPDATE
006WR00000wiNnuYAE,Montage at Pecos Ranch,StageName,Prospecting,Prospects,"Demote: only import-day notes (3/24 or 4/25), no real 2026 activity",2026-04-29 16:00:15,UPDATE
006WR00000wiNnvYAE,Lumiere Chandler Condominiums,StageName,Prospecting,Prospects,"Demote: only import-day notes (3/24 or 4/25), no real 2026 activity",2026-04-29 16:00:15,UPDATE
006WR00000wiNnwYAE,Caldera,StageName,Prospecting,Prospects,"Demote: only import-day notes (3/24 or 4/25), no real 2026 activity",2026-04-29 16:00:15,UPDATE
006WR00000wiNnxYAE,The Linq,StageName,Prospecting,Prospects,"Demote: only import-day notes (3/24 or 4/25), no real 2026 activity",2026-04-29 16:00:15,UPDATE
006WR00000wiNnyYAE,Park Tower,StageName,Prospecting,Prospects,"Demote: only import-day notes (3/24 or 4/25), no real 2026 activity",2026-04-29 16:00:15,UPDATE
006WR00000wiNnzYAE,909 West Apartments,StageName,Prospecting,Prospects,"Demote: only import-day notes (3/24 or 4/25), no real 2026 activity",2026-04-29 16:00:15,UPDATE
006WR00000wiNo0YAE,CityScape at Lakeshore Apartments,StageName,Prospecting,Prospects,"Demote: only import-day notes (3/24 or 4/25), no real 2026 activity",2026-04-29 16:00:15,UPDATE
006WR00000wiNo1YAE,Finisterra,StageName,Prospecting,Prospects,"Demote: only import-day notes (3/24 or 4/25), no real 2026 activity",2026-04-29 16:00:15,UPDATE
006WR00000wiNo2YAE,Emerson Square,StageName,Prospecting,Prospects,"Demote: only import-day notes (3/24 or 4/25), no real 2026 activity",2026-04-29 16:00:15,UPDATE
006WR00000wiNo3YAE,Tamarak Apartments,StageName,Prospecting,Prospects,"Demote: only import-day notes (3/24 or 4/25), no real 2026 activity",2026-04-29 16:00:15,UPDATE
006WR00000wiNo4YAE,Tremezzo on the Lake,StageName,Prospecting,Prospects,"Demote: only import-day notes (3/24 or 4/25), no real 2026 activity",2026-04-29 16:00:15,UPDATE
006WR00000wiNo5YAE,The Township,StageName,Prospecting,Prospects,"Demote: only import-day notes (3/24 or 4/25), no real 2026 activity",2026-04-29 16:00:15,UPDATE
006WR00000wiNo6YAE,Waterside at Ocotillo,StageName,Prospecting,Prospects,"Demote: only import-day notes (3/24 or 4/25), no real 2026 activity",2026-04-29 16:00:15,UPDATE
006WR00000wiNo7YAE,Tempe Vista,StageName,Prospecting,Prospects,"Demote: only import-day notes (3/24 or 4/25), no real 2026 activity",2026-04-29 16:00:15,UPDATE
006WR00000wiNo8YAE,IMT Chandler,StageName,Prospecting,Prospects,"Demote: only import-day notes (3/24 or 4/25), no real 2026 activity",2026-04-29 16:00:15,UPDATE
006WR00000wiNo9YAE,Eastridge Apartments,StageName,Prospecting,Prospects,"Demote: only import-day notes (3/24 or 4/25), no real 2026 activity",2026-04-29 16:00:15,UPDATE
006WR00000wiNoAYAU,Tanque Verde,StageName,Prospecting,Prospects,"Demote: only import-day notes (3/24 or 4/25), no real 2026 activity",2026-04-29 16:00:15,UPDATE
006WR00000wiNoBYAU,Villas Los Duranzos,StageName,Prospecting,Prospects,"Demote: only import-day notes (3/24 or 4/25), no real 2026 activity",2026-04-29 16:00:15,UPDATE
006WR00000wiNoCYAU,Promontory Apartment Homes,StageName,Prospecting,Prospects,"Demote: only import-day notes (3/24 or 4/25), no real 2026 activity",2026-04-29 16:00:15,UPDATE
006WR00000wiNoDYAU,Coronado Villas,StageName,Prospecting,Prospects,"Demote: only import-day notes (3/24 or 4/25), no real 2026 activity",2026-04-29 16:00:15,UPDATE
006WR00000wiNoEYAU,Trails West MHP,StageName,Prospecting,Prospects,"Demote: only import-day notes (3/24 or 4/25), no real 2026 activity",2026-04-29 16:00:15,UPDATE
006WR00000wiNoFYAU,Riverstone,StageName,Prospecting,Prospects,"Demote: only import-day notes (3/24 or 4/25), no real 2026 activity",2026-04-29 16:00:15,UPDATE
006WR00000wiNoGYAU,Avana River Ranch,StageName,Prospecting,Prospects,"Demote: only import-day notes (3/24 or 4/25), no real 2026 activity",2026-04-29 16:00:15,UPDATE
006WR00000wiNoHYAU,Tides at Parkview,StageName,Prospecting,Prospects,"Demote: only import-day notes (3/24 or 4/25), no real 2026 activity",2026-04-29 16:00:15,UPDATE
006WR00000wiNoIYAU,Canyon Oaks,StageName,Prospecting,Prospects,"Demote: only import-day notes (3/24 or 4/25), no real 2026 activity",2026-04-29 16:00:15,UPDATE
006WR00000wiNoJYAU,Rincon Valley MHP,StageName,Prospecting,Prospects,"Demote: only import-day notes (3/24 or 4/25), no real 2026 activity",2026-04-29 16:00:15,UPDATE
006WR00000wiNoKYAU,Ascension at Ironwood,StageName,Prospecting,Prospects,"Demote: only import-day notes (3/24 or 4/25), no real 2026 activity",2026-04-29 16:00:15,UPDATE
006WR00000wiNoLYAU,Fellowship Square - Tucson,StageName,Prospecting,Prospects,"Demote: only import-day notes (3/24 or 4/25), no real 2026 activity",2026-04-29 16:00:15,UPDATE
006WR00000wiNoMYAU,Sycamore Creek Apartments,StageName,Prospecting,Prospects,"Demote: only import-day notes (3/24 or 4/25), no real 2026 activity",2026-04-29 16:00:15,UPDATE
006WR00000wiNoNYAU,Sorensen Heights,StageName,Prospecting,Prospects,"Demote: only import-day notes (3/24 or 4/25), no real 2026 activity",2026-04-29 16:00:15,UPDATE
006WR00000wiNoOYAU,Plaza Del Sol MHP,StageName,Prospecting,Prospects,"Demote: only import-day notes (3/24 or 4/25), no real 2026 activity",2026-04-29 16:00:15,UPDATE
006WR00000wiNoPYAU,Lake Pointe Apartments,StageName,Prospecting,Prospects,"Demote: only import-day notes (3/24 or 4/25), no real 2026 activity",2026-04-29 16:00:15,UPDATE
006WR00000wiNoQYAU,Villa Pacific Apartments - Oceanside,StageName,Prospecting,Prospects,"Demote: only import-day notes (3/24 or 4/25), no real 2026 activity",2026-04-29 16:00:15,UPDATE
006WR00000wiNoRYAU,Sonoran Vista,StageName,Prospecting,Prospects,"Demote: only import-day notes (3/24 or 4/25), no real 2026 activity",2026-04-29 16:00:15,UPDATE
006WR00000wiNoTYAU,Charleston Gardens,StageName,Prospecting,Prospects,"Demote: only import-day notes (3/24 or 4/25), no real 2026 activity",2026-04-29 16:00:15,UPDATE
006WR00000wiNoUYAU,Finn Apartments,StageName,Prospecting,Prospects,"Demote: only import-day notes (3/24 or 4/25), no real 2026 activity",2026-04-29 16:00:15,UPDATE
006WR00000wiNoVYAU,Haven at Lone Mountain Apartments,StageName,Prospecting,Prospects,"Demote: only import-day notes (3/24 or 4/25), no real 2026 activity",2026-04-29 16:00:15,UPDATE
006WR00000wiNoWYAU,Lumina on 19th Apartments,StageName,Prospecting,Prospects,"Demote: only import-day notes (3/24 or 4/25), no real 2026 activity",2026-04-29 16:00:15,UPDATE
006WR00000wiNoXYAU,Olive Queen Creek,StageName,Prospecting,Prospects,"Demote: only import-day notes (3/24 or 4/25), no real 2026 activity",2026-04-29 16:00:15,UPDATE
006WR00000wiNoYYAU,Casa Santa Fe,StageName,Prospecting,Prospects,"Demote: only import-day notes (3/24 or 4/25), no real 2026 activity",2026-04-29 16:00:15,UPDATE
006WR00000wiNoZYAU,Kaia Pointe,StageName,Prospecting,Prospects,"Demote: only import-day notes (3/24 or 4/25), no real 2026 activity",2026-04-29 16:00:15,UPDATE
006WR00000wiNoaYAE,Southgate Glen,StageName,Prospecting,Prospects,"Demote: only import-day notes (3/24 or 4/25), no real 2026 activity",2026-04-29 16:00:15,UPDATE
006WR00000wiNobYAE,Gardens of Weatherford,StageName,Prospecting,Prospects,"Demote: only import-day notes (3/24 or 4/25), no real 2026 activity",2026-04-29 16:00:15,UPDATE
006WR00000wiNocYAE,Jones13,StageName,Prospecting,Prospects,"Demote: only import-day notes (3/24 or 4/25), no real 2026 activity",2026-04-29 16:00:15,UPDATE
006WR00000wiNodYAE,Paisley & Pointe at Centennial Hills,StageName,Prospecting,Prospects,"Demote: only import-day notes (3/24 or 4/25), no real 2026 activity",2026-04-29 16:00:15,UPDATE
006WR00000wiNoeYAE,Country Oaks Apartments,StageName,Prospecting,Prospects,"Demote: only import-day notes (3/24 or 4/25), no real 2026 activity",2026-04-29 16:00:15,UPDATE
006WR00000wiNofYAE,Woodridge Villas,StageName,Prospecting,Prospects,"Demote: only import-day notes (3/24 or 4/25), no real 2026 activity",2026-04-29 16:00:15,UPDATE
006WR00000wiNogYAE,Senator Richard Bryon Senior Apartments,StageName,Prospecting,Prospects,"Demote: only import-day notes (3/24 or 4/25), no real 2026 activity",2026-04-29 16:00:15,UPDATE
006WR00000wiNohYAE,Noel Crest Condos HOA,StageName,Prospecting,Prospects,"Demote: only import-day notes (3/24 or 4/25), no real 2026 activity",2026-04-29 16:00:15,UPDATE
006WR00000wiNoiYAE,Lattitude,StageName,Prospecting,Prospects,"Demote: only import-day notes (3/24 or 4/25), no real 2026 activity",2026-04-29 16:00:15,UPDATE
006WR00000wiNojYAE,Elysian at Post,StageName,Prospecting,Prospects,"Demote: only import-day notes (3/24 or 4/25), no real 2026 activity",2026-04-29 16:00:15,UPDATE
006WR00000wiNolYAE,Talisman Condos,StageName,Prospecting,Prospects,"Demote: only import-day notes (3/24 or 4/25), no real 2026 activity",2026-04-29 16:00:15,UPDATE
006WR00000wiNomYAE,Fiesta Condos,StageName,Prospecting,Prospects,"Demote: only import-day notes (3/24 or 4/25), no real 2026 activity",2026-04-29 16:00:15,UPDATE
006WR00000wiNonYAE,Wyndham Villas - Broadmoor,StageName,Prospecting,Prospects,"Demote: only import-day notes (3/24 or 4/25), no real 2026 activity",2026-04-29 16:00:15,UPDATE
006WR00000wiNopYAE,Western Sun Apartments,StageName,Prospecting,Prospects,"Demote: only import-day notes (3/24 or 4/25), no real 2026 activity",2026-04-29 16:00:15,UPDATE
006WR00000wiNorYAE,Jerome Apartments,StageName,Prospecting,Prospects,"Demote: only import-day notes (3/24 or 4/25), no real 2026 activity",2026-04-29 16:00:15,UPDATE
006WR00000wiNosYAE,Sandstone Apartments,StageName,Prospecting,Prospects,"Demote: only import-day notes (3/24 or 4/25), no real 2026 activity",2026-04-29 16:00:15,UPDATE
006WR00000wiNotYAE,Lyn Terrace Apartments _Lumen Fl_Marvin,StageName,Prospecting,Prospects,"Demote: only import-day notes (3/24 or 4/25), no real 2026 activity",2026-04-29 16:00:15,UPDATE
006WR00000wiNouYAE,Lakeside Heights,StageName,Prospecting,Prospects,"Demote: only import-day notes (3/24 or 4/25), no real 2026 activity",2026-04-29 16:00:15,UPDATE
006WR00000wiNoxYAE,Jasper,StageName,Prospecting,Prospects,"Demote: only import-day notes (3/24 or 4/25), no real 2026 activity",2026-04-29 16:00:15,UPDATE
006WR00000wiNp3YAE,Cimarron Apartments LV,StageName,Prospecting,Prospects,"Demote: only import-day notes (3/24 or 4/25), no real 2026 activity",2026-04-29 16:00:15,UPDATE
006WR00000wj8JOYAY,The Link,StageName,Prospecting,Prospects,"Demote: only import-day notes (3/24 or 4/25), no real 2026 activity",2026-04-29 16:00:15,UPDATE
006WR00000wj8JPYAY,The Flats at SanTan,StageName,Prospecting,Prospects,"Demote: only import-day notes (3/24 or 4/25), no real 2026 activity",2026-04-29 16:00:15,UPDATE
006WR00000wj8JQYAY,Oasis in Mesa,StageName,Prospecting,Prospects,"Demote: only import-day notes (3/24 or 4/25), no real 2026 activity",2026-04-29 16:00:15,UPDATE
006WR00000wj8JRYAY,The Madison,StageName,Prospecting,Prospects,"Demote: only import-day notes (3/24 or 4/25), no real 2026 activity",2026-04-29 16:00:15,UPDATE
006WR00000wj8JSYAY,The Wyatt,StageName,Prospecting,Prospects,"Demote: only import-day notes (3/24 or 4/25), no real 2026 activity",2026-04-29 16:00:15,UPDATE
006WR00000wj8JTYAY,Acero Val Vista,StageName,Prospecting,Prospects,"Demote: only import-day notes (3/24 or 4/25), no real 2026 activity",2026-04-29 16:00:15,UPDATE
006WR00000wj8JUYAY,Mesa Village,StageName,Prospecting,Prospects,"Demote: only import-day notes (3/24 or 4/25), no real 2026 activity",2026-04-29 16:00:15,UPDATE
006WR00000wj8JVYAY,Avana Gilbert,StageName,Prospecting,Prospects,"Demote: only import-day notes (3/24 or 4/25), no real 2026 activity",2026-04-29 16:00:15,UPDATE
006WR00000wj8JWYAY,Fiesta Village Furnished Apartments,StageName,Prospecting,Prospects,"Demote: only import-day notes (3/24 or 4/25), no real 2026 activity",2026-04-29 16:00:15,UPDATE
006WR00000wj8JXYAY,Town Germann,StageName,Prospecting,Prospects,"Demote: only import-day notes (3/24 or 4/25), no real 2026 activity",2026-04-29 16:00:15,UPDATE
006WR00000wj8JYYAY,Marigold Ranch at San Tan Village,StageName,Prospecting,Prospects,"Demote: only import-day notes (3/24 or 4/25), no real 2026 activity",2026-04-29 16:00:15,UPDATE
006WR00000wj8JZYAY,College Park Woods,StageName,Prospecting,Prospects,"Demote: only import-day notes (3/24 or 4/25), no real 2026 activity",2026-04-29 16:00:15,UPDATE
006WR00000wj8JbYAI,El Mirage Mobile Home Park ( Saguaro Sun ),StageName,Prospecting,Prospects,"Demote: only import-day notes (3/24 or 4/25), no real 2026 activity",2026-04-29 16:00:15,UPDATE
006WR00000wj8JcYAI,Royal Palms Village (MHP),StageName,Prospecting,Prospects,"Demote: only import-day notes (3/24 or 4/25), no real 2026 activity",2026-04-29 16:00:15,UPDATE
006WR00000wj8JdYAI,Sunset Resort-520 Spaces (MHP),StageName,Prospecting,Prospects,"Demote: only import-day notes (3/24 or 4/25), no real 2026 activity",2026-04-29 16:00:15,UPDATE
006WR00000wj8JeYAI,Avia 266,StageName,Prospecting,Prospects,"Demote: only import-day notes (3/24 or 4/25), no real 2026 activity",2026-04-29 16:00:15,UPDATE
006WR00000wj8JfYAI,Cadia Crossing,StageName,Prospecting,Prospects,"Demote: only import-day notes (3/24 or 4/25), no real 2026 activity",2026-04-29 16:00:15,UPDATE
006WR00000wj8JgYAI,Apache Wells Trailer Rv Resort (MHP),StageName,Prospecting,Prospects,"Demote: only import-day notes (3/24 or 4/25), no real 2026 activity",2026-04-29 16:00:15,UPDATE
006WR00000wj8JhYAI,Agave Apartments,StageName,Prospecting,Prospects,"Demote: only import-day notes (3/24 or 4/25), no real 2026 activity",2026-04-29 16:00:15,UPDATE
006WR00000wj8JiYAI,Ascend at Red Mountain,StageName,Prospecting,Prospects,"Demote: only import-day notes (3/24 or 4/25), no real 2026 activity",2026-04-29 16:00:15,UPDATE
006WR00000wj8JjYAI,Ascend at Longbow Highpoint,StageName,Prospecting,Prospects,"Demote: only import-day notes (3/24 or 4/25), no real 2026 activity",2026-04-29 16:00:15,UPDATE
006WR00000wj8JkYAI,Album Mountain Vista,StageName,Prospecting,Prospects,"Demote: only import-day notes (3/24 or 4/25), no real 2026 activity",2026-04-29 16:00:15,UPDATE
006WR00000wj8JlYAI,Candela Park,StageName,Prospecting,Prospects,"Demote: only import-day notes (3/24 or 4/25), no real 2026 activity",2026-04-29 16:00:15,UPDATE
006WR00000wj8JmYAI,Dartmouth Trace,StageName,Prospecting,Prospects,"Demote: only import-day notes (3/24 or 4/25), no real 2026 activity",2026-04-29 16:00:15,UPDATE
006WR00000wj8JnYAI,Aspenwood Mobile Home Park (MHP),StageName,Prospecting,Prospects,"Demote: only import-day notes (3/24 or 4/25), no real 2026 activity",2026-04-29 16:00:15,UPDATE
006WR00000wj8JoYAI,Brookview Apartments,StageName,Prospecting,Prospects,"Demote: only import-day notes (3/24 or 4/25), no real 2026 activity",2026-04-29 16:00:15,UPDATE
006WR00000wj8JpYAI,Alta Uptown (Chandler AZ),StageName,Prospecting,Prospects,"Demote: only import-day notes (3/24 or 4/25), no real 2026 activity",2026-04-29 16:00:15,UPDATE
006WR00000wj8JqYAI,Calusa Trace,StageName,Prospecting,Prospects,"Demote: only import-day notes (3/24 or 4/25), no real 2026 activity",2026-04-29 16:00:15,UPDATE
006WR00000wj8JrYAI,Broadway Estates,StageName,Prospecting,Prospects,"Demote: only import-day notes (3/24 or 4/25), no real 2026 activity",2026-04-29 16:00:15,UPDATE
006WR00000wj8JsYAI,BB Living at Val Vista,StageName,Prospecting,Prospects,"Demote: only import-day notes (3/24 or 4/25), no real 2026 activity",2026-04-29 16:00:15,UPDATE
006WR00000wj8JtYAI,Camden Tempe,StageName,Prospecting,Prospects,"Demote: only import-day notes (3/24 or 4/25), no real 2026 activity",2026-04-29 16:00:15,UPDATE
006WR00000wj8JuYAI,Agave Village,StageName,Prospecting,Prospects,"Demote: only import-day notes (3/24 or 4/25), no real 2026 activity",2026-04-29 16:00:15,UPDATE
006WR00000wj8JvYAI,Crismon Gateway Rentals,StageName,Prospecting,Prospects,"Demote: only import-day notes (3/24 or 4/25), no real 2026 activity",2026-04-29 16:00:15,UPDATE
006WR00000wj8JwYAI,Cactus Wren (MHP),StageName,Prospecting,Prospects,"Demote: only import-day notes (3/24 or 4/25), no real 2026 activity",2026-04-29 16:00:15,UPDATE
006WR00000wj8JxYAI,Tuscan Isle,StageName,Prospecting,Prospects,"Demote: only import-day notes (3/24 or 4/25), no real 2026 activity",2026-04-29 16:00:15,UPDATE
006WR00000wj8JyYAI,Beverly Mobile Home Park,StageName,Prospecting,Prospects,"Demote: only import-day notes (3/24 or 4/25), no real 2026 activity",2026-04-29 16:00:15,UPDATE
006WR00000wj8K0YAI,Castillo Nuevo,StageName,Prospecting,Prospects,"Demote: only import-day notes (3/24 or 4/25), no real 2026 activity",2026-04-29 16:00:15,UPDATE
006WR00000wj8K1YAI,Westchase Apartments,StageName,Prospecting,Prospects,"Demote: only import-day notes (3/24 or 4/25), no real 2026 activity",2026-04-29 16:00:15,UPDATE
006WR00000wj8K2YAI,Copper Point,StageName,Prospecting,Prospects,"Demote: only import-day notes (3/24 or 4/25), no real 2026 activity",2026-04-29 16:00:15,UPDATE
006WR00000wj8K3YAI,Casa Serena (MHP),StageName,Prospecting,Prospects,"Demote: only import-day notes (3/24 or 4/25), no real 2026 activity",2026-04-29 16:00:15,UPDATE
006WR00000wj8K4YAI,Arizona Acres Resort,StageName,Prospecting,Prospects,"Demote: only import-day notes (3/24 or 4/25), no real 2026 activity",2026-04-29 16:00:15,UPDATE
006WR00000wj8K5YAI,1758 S Val Vista Dr,StageName,Prospecting,Prospects,"Demote: only import-day notes (3/24 or 4/25), no real 2026 activity",2026-04-29 16:00:15,UPDATE
006WR00000wj8K6YAI,Annex at Cadence,StageName,Prospecting,Prospects,"Demote: only import-day notes (3/24 or 4/25), no real 2026 activity",2026-04-29 16:00:15,UPDATE
006WR00000wj8K7YAI,Alta Vista Apartments,StageName,Prospecting,Prospects,"Demote: only import-day notes (3/24 or 4/25), no real 2026 activity",2026-04-29 16:00:15,UPDATE
006WR00000wj8K8YAI,9736 E Main St (MHP),StageName,Prospecting,Prospects,"Demote: only import-day notes (3/24 or 4/25), no real 2026 activity",2026-04-29 16:00:15,UPDATE
006WR00000wj8K9YAI,315-321 N Higley Rd,StageName,Prospecting,Prospects,"Demote: only import-day notes (3/24 or 4/25), no real 2026 activity",2026-04-29 16:00:15,UPDATE
006WR00000wj8KAYAY,Buenas on Broadway,StageName,Prospecting,Prospects,"Demote: only import-day notes (3/24 or 4/25), no real 2026 activity",2026-04-29 16:00:15,UPDATE
006WR00000wj8KBYAY,Centennial Village Corp,StageName,Prospecting,Prospects,"Demote: only import-day notes (3/24 or 4/25), no real 2026 activity",2026-04-29 16:00:15,UPDATE
006WR00000wj8KCYAY,1151 W Dragoon Cir,StageName,Prospecting,Prospects,"Demote: only import-day notes (3/24 or 4/25), no real 2026 activity",2026-04-29 16:00:15,UPDATE
006WR00000wj8KDYAY,Brighthaven Estates,StageName,Prospecting,Prospects,"Demote: only import-day notes (3/24 or 4/25), no real 2026 activity",2026-04-29 16:00:15,UPDATE
006WR00000wj8KEYAY,Encore on First West,StageName,Prospecting,Prospects,"Demote: only import-day notes (3/24 or 4/25), no real 2026 activity",2026-04-29 16:00:15,UPDATE
006WR00000wj8KFYAY,Mesa Artspace Lofts,StageName,Prospecting,Prospects,"Demote: only import-day notes (3/24 or 4/25), no real 2026 activity",2026-04-29 16:00:15,UPDATE
006WR00000wj8KHYAY,Kings Gate Senior Apartments,StageName,Prospecting,Prospects,"Demote: only import-day notes (3/24 or 4/25), no real 2026 activity",2026-04-29 16:00:15,UPDATE
006WR00000wj8KIYAY,Prairie Spring Apartments,StageName,Prospecting,Prospects,"Demote: only import-day notes (3/24 or 4/25), no real 2026 activity",2026-04-29 16:00:15,UPDATE
006WR00000wj8KKYAY,Mesa Station,StageName,Prospecting,Prospects,"Demote: only import-day notes (3/24 or 4/25), no real 2026 activity",2026-04-29 16:00:15,UPDATE
006WR00000wj8KLYAY,Juniper Gardens,StageName,Prospecting,Prospects,"Demote: only import-day notes (3/24 or 4/25), no real 2026 activity",2026-04-29 16:00:15,UPDATE
006WR00000wj8KOYAY,Ocean Crest Apartments,StageName,Prospecting,Prospects,"Demote: only import-day notes (3/24 or 4/25), no real 2026 activity",2026-04-29 16:00:15,UPDATE
006WR00000wj8KPYAY,Albany Apartments,StageName,Prospecting,Prospects,"Demote: only import-day notes (3/24 or 4/25), no real 2026 activity",2026-04-29 16:00:15,UPDATE
006WR00000wj8KQYAY,Arboretum Village,StageName,Prospecting,Prospects,"Demote: only import-day notes (3/24 or 4/25), no real 2026 activity",2026-04-29 16:00:15,UPDATE
006WR00000wj8KTYAY,Embassy Park Apartments,StageName,Prospecting,Prospects,"Demote: only import-day notes (3/24 or 4/25), no real 2026 activity",2026-04-29 16:00:15,UPDATE
006WR00000wj8KUYAY,Alta Rise,StageName,Prospecting,Prospects,"Demote: only import-day notes (3/24 or 4/25), no real 2026 activity",2026-04-29 16:00:15,UPDATE
006WR00000wj8KVYAY,Greentree Place Apartments,StageName,Prospecting,Prospects,"Demote: only import-day notes (3/24 or 4/25), no real 2026 activity",2026-04-29 16:00:15,UPDATE
006WR00000wj8KWYAY,102 West 9th Place Apartments,StageName,Prospecting,Prospects,"Demote: only import-day notes (3/24 or 4/25), no real 2026 activity",2026-04-29 16:00:15,UPDATE
006WR00000wj8KXYAY,Residences at Sorensen Square,StageName,Prospecting,Prospects,"Demote: only import-day notes (3/24 or 4/25), no real 2026 activity",2026-04-29 16:00:15,UPDATE
006WR00000wj8KaYAI,The Village at Grant Square,StageName,Prospecting,Prospects,"Demote: only import-day notes (3/24 or 4/25), no real 2026 activity",2026-04-29 16:00:15,UPDATE
006WR00000wj8KcYAI,Camelot Village,StageName,Prospecting,Prospects,"Demote: only import-day notes (3/24 or 4/25), no real 2026 activity",2026-04-29 16:00:15,UPDATE
006WR00000wj8KeYAI,Peony Village,StageName,Prospecting,Prospects,"Demote: only import-day notes (3/24 or 4/25), no real 2026 activity",2026-04-29 16:00:15,UPDATE
006WR00000wj8KfYAI,Sunrise on the Rail,StageName,Prospecting,Prospects,"Demote: only import-day notes (3/24 or 4/25), no real 2026 activity",2026-04-29 16:00:15,UPDATE
006WR00000wj8KiYAI,Discovery at Daybreak HOA,StageName,Prospecting,Prospects,"Demote: only import-day notes (3/24 or 4/25), no real 2026 activity",2026-04-29 16:00:15,UPDATE
006WR00000wj8KmYAI,Shadow Pointe HOA,StageName,Prospecting,Prospects,"Demote: only import-day notes (3/24 or 4/25), no real 2026 activity",2026-04-29 16:00:15,UPDATE
006WR00000wj8KoYAI,Siena Apartments,StageName,Prospecting,Prospects,"Demote: only import-day notes (3/24 or 4/25), no real 2026 activity",2026-04-29 16:00:15,UPDATE
006WR00000wj8KqYAI,Parkview (AKA Elevate Apartments),StageName,Prospecting,Prospects,"Demote: only import-day notes (3/24 or 4/25), no real 2026 activity",2026-04-29 16:00:15,UPDATE
006WR00000wj8KsYAI,Pine Tree Apartments,StageName,Prospecting,Prospects,"Demote: only import-day notes (3/24 or 4/25), no real 2026 activity",2026-04-29 16:00:15,UPDATE
006WR00000wj8KwYAI,Willow Ridge Townhomes,StageName,Prospecting,Prospects,"Demote: only import-day notes (3/24 or 4/25), no real 2026 activity",2026-04-29 16:00:15,UPDATE
006WR00000wj8KxYAI,Silver Creek - Mesa,StageName,Prospecting,Prospects,"Demote: only import-day notes (3/24 or 4/25), no real 2026 activity",2026-04-29 16:00:15,UPDATE
006WR00000wjKFlYAM,Chapel Hill Apartments,StageName,Prospecting,Prospects,"Demote: only import-day notes (3/24 or 4/25), no real 2026 activity",2026-04-29 16:00:15,UPDATE
006WR00000wjKFmYAM,Ascend at Westinghouse,StageName,Prospecting,Prospects,"Demote: only import-day notes (3/24 or 4/25), no real 2026 activity",2026-04-29 16:00:15,UPDATE
006WR00000wjKFnYAM,Alta Berry Creek,StageName,Prospecting,Prospects,"Demote: only import-day notes (3/24 or 4/25), no real 2026 activity",2026-04-29 16:00:15,UPDATE
006WR00000wjKFoYAM,Versante Apartment Homes,StageName,Prospecting,Prospects,"Demote: only import-day notes (3/24 or 4/25), no real 2026 activity",2026-04-29 16:00:15,UPDATE
006WR00000wjKFqYAM,Palm Aire Apartments,StageName,Prospecting,Prospects,"Demote: only import-day notes (3/24 or 4/25), no real 2026 activity",2026-04-29 16:00:15,UPDATE
006WR00000wjKFrYAM,Strada Apartments,StageName,Prospecting,Prospects,"Demote: only import-day notes (3/24 or 4/25), no real 2026 activity",2026-04-29 16:00:15,UPDATE
006WR00000wjKFtYAM,Whitley Place,StageName,Prospecting,Prospects,"Demote: only import-day notes (3/24 or 4/25), no real 2026 activity",2026-04-29 16:00:15,UPDATE
006WR00000wjKFyYAM,Aura 36Hundred,StageName,Prospecting,Prospects,"Demote: only import-day notes (3/24 or 4/25), no real 2026 activity",2026-04-29 16:00:15,UPDATE
006WR00000wjKGNYA2,Western Oaks Apartments,StageName,Prospecting,Prospects,"Demote: only import-day notes (3/24 or 4/25), no real 2026 activity",2026-04-29 16:00:15,UPDATE
006WR00000wjKGOYA2,Mitchell Farm,StageName,Prospecting,Prospects,"Demote: only import-day notes (3/24 or 4/25), no real 2026 activity",2026-04-29 16:00:15,UPDATE
006WR00000wjdkLYAQ,Westridge Apartments,StageName,Prospecting,Prospects,"Demote: only import-day notes (3/24 or 4/25), no real 2026 activity",2026-04-29 16:00:15,UPDATE
006WR00000wjnOBYAY,Rivulon,StageName,Prospecting,Prospects,"Demote: only import-day notes (3/24 or 4/25), no real 2026 activity",2026-04-29 16:00:15,UPDATE
006WR00000wjnOCYAY,Murietta at ASU,StageName,Prospecting,Prospects,"Demote: only import-day notes (3/24 or 4/25), no real 2026 activity",2026-04-29 16:00:15,UPDATE
006WR00000wjnODYAY,Sonoma Landing Luxury Apartments,StageName,Prospecting,Prospects,"Demote: only import-day notes (3/24 or 4/25), no real 2026 activity",2026-04-29 16:00:15,UPDATE
006WR00000wjnOEYAY,Lotus Point,StageName,Prospecting,Prospects,"Demote: only import-day notes (3/24 or 4/25), no real 2026 activity",2026-04-29 16:00:15,UPDATE
006WR00000wjnOFYAY,Karmella Mobile Home Park,StageName,Prospecting,Prospects,"Demote: only import-day notes (3/24 or 4/25), no real 2026 activity",2026-04-29 16:00:15,UPDATE
006WR00000wjnOGYAY,Mera Greenfield,StageName,Prospecting,Prospects,"Demote: only import-day notes (3/24 or 4/25), no real 2026 activity",2026-04-29 16:00:15,UPDATE
006WR00000wjnOHYAY,Encore On MacDonald,StageName,Prospecting,Prospects,"Demote: only import-day notes (3/24 or 4/25), no real 2026 activity",2026-04-29 16:00:15,UPDATE
006WR00000wjnOIYAY,Juanita Mobile Home Park,StageName,Prospecting,Prospects,"Demote: only import-day notes (3/24 or 4/25), no real 2026 activity",2026-04-29 16:00:15,UPDATE
006WR00000wjnOJYAY,Stillwater Superstition Apartments,StageName,Prospecting,Prospects,"Demote: only import-day notes (3/24 or 4/25), no real 2026 activity",2026-04-29 16:00:15,UPDATE
006WR00000wjnOKYAY,Villas On Hampton Avenue,StageName,Prospecting,Prospects,"Demote: only import-day notes (3/24 or 4/25), no real 2026 activity",2026-04-29 16:00:15,UPDATE
006WR00000wjnOLYAY,The Palms on Scottsdale,StageName,Prospecting,Prospects,"Demote: only import-day notes (3/24 or 4/25), no real 2026 activity",2026-04-29 16:00:15,UPDATE
006WR00000wjnOMYAY,Peralta Vista (Apt. homes rent),StageName,Prospecting,Prospects,"Demote: only import-day notes (3/24 or 4/25), no real 2026 activity",2026-04-29 16:00:15,UPDATE
006WR00000wjnONYAY,Smith + Rio,StageName,Prospecting,Prospects,"Demote: only import-day notes (3/24 or 4/25), no real 2026 activity",2026-04-29 16:00:15,UPDATE
006WR00000wjnOOYAY,Imperial Broadmoor,StageName,Prospecting,Prospects,"Demote: only import-day notes (3/24 or 4/25), no real 2026 activity",2026-04-29 16:00:15,UPDATE
006WR00000wjnOPYAY,Keller at Town Square,StageName,Prospecting,Prospects,"Demote: only import-day notes (3/24 or 4/25), no real 2026 activity",2026-04-29 16:00:15,UPDATE
006WR00000wjnOQYAY,Golf View Apartments,StageName,Prospecting,Prospects,"Demote: only import-day notes (3/24 or 4/25), no real 2026 activity",2026-04-29 16:00:15,UPDATE
006WR00000wjnORYAY,Sunridge Manor Apts - NOW - The Manhattan,StageName,Prospecting,Prospects,"Demote: only import-day notes (3/24 or 4/25), no real 2026 activity",2026-04-29 16:00:15,UPDATE
006WR00000wjnOSYAY,The Grid,StageName,Prospecting,Prospects,"Demote: only import-day notes (3/24 or 4/25), no real 2026 activity",2026-04-29 16:00:15,UPDATE
006WR00000wjnOTYAY,Pueblo Mesa (MHP),StageName,Prospecting,Prospects,"Demote: only import-day notes (3/24 or 4/25), no real 2026 activity",2026-04-29 16:00:15,UPDATE
006WR00000wjnOUYAY,The Resort (MHP),StageName,Prospecting,Prospects,"Demote: only import-day notes (3/24 or 4/25), no real 2026 activity",2026-04-29 16:00:15,UPDATE
006WR00000wjnOVYAY,The Aster at Mountain Vista,StageName,Prospecting,Prospects,"Demote: only import-day notes (3/24 or 4/25), no real 2026 activity",2026-04-29 16:00:15,UPDATE
006WR00000wjnOWYAY,The Havenly Gilbert,StageName,Prospecting,Prospects,"Demote: only import-day notes (3/24 or 4/25), no real 2026 activity",2026-04-29 16:00:15,UPDATE
006WR00000wjnOXYAY,Garden Spot Mobile Home Park,StageName,Prospecting,Prospects,"Demote: only import-day notes (3/24 or 4/25), no real 2026 activity",2026-04-29 16:00:15,UPDATE
006WR00000wjnOYYAY,Medina Station- Phase 2,StageName,Prospecting,Prospects,"Demote: only import-day notes (3/24 or 4/25), no real 2026 activity",2026-04-29 16:00:15,UPDATE
006WR00000wjnOZYAY,Golden West Apartments,StageName,Prospecting,Prospects,"Demote: only import-day notes (3/24 or 4/25), no real 2026 activity",2026-04-29 16:00:15,UPDATE
006WR00000wjnOaYAI,Modera Rio Salado,StageName,Prospecting,Prospects,"Demote: only import-day notes (3/24 or 4/25), no real 2026 activity",2026-04-29 16:00:15,UPDATE
006WR00000wjnObYAI,Hilo Tempe,StageName,Prospecting,Prospects,"Demote: only import-day notes (3/24 or 4/25), no real 2026 activity",2026-04-29 16:00:15,UPDATE
006WR00000wjnOcYAI,Gallery Park,StageName,Prospecting,Prospects,"Demote: only import-day notes (3/24 or 4/25), no real 2026 activity",2026-04-29 16:00:15,UPDATE
006WR00000wjnOdYAI,Melrose Place,StageName,Prospecting,Prospects,"Demote: only import-day notes (3/24 or 4/25), no real 2026 activity",2026-04-29 16:00:15,UPDATE
006WR00000wjnOeYAI,Ramblewood Condos,StageName,Prospecting,Prospects,"Demote: only import-day notes (3/24 or 4/25), no real 2026 activity",2026-04-29 16:00:15,UPDATE
006WR00000wjnOfYAI,Painted Trails Apartments,StageName,Prospecting,Prospects,"Demote: only import-day notes (3/24 or 4/25), no real 2026 activity",2026-04-29 16:00:15,UPDATE
006WR00000wjnOgYAI,Park Place at Gallery Park,StageName,Prospecting,Prospects,"Demote: only import-day notes (3/24 or 4/25), no real 2026 activity",2026-04-29 16:00:15,UPDATE
006WR00000wjnOhYAI,Trailing R Mobile Ranch-64 Spaces,StageName,Prospecting,Prospects,"Demote: only import-day notes (3/24 or 4/25), no real 2026 activity",2026-04-29 16:00:15,UPDATE
006WR00000wjnOiYAI,Silveridge Resort (MHP),StageName,Prospecting,Prospects,"Demote: only import-day notes (3/24 or 4/25), no real 2026 activity",2026-04-29 16:00:15,UPDATE
006WR00000wjnOjYAI,Springs at Red Mountain,StageName,Prospecting,Prospects,"Demote: only import-day notes (3/24 or 4/25), no real 2026 activity",2026-04-29 16:00:15,UPDATE
006WR00000wjnOkYAI,Medina Station Phase 1,StageName,Prospecting,Prospects,"Demote: only import-day notes (3/24 or 4/25), no real 2026 activity",2026-04-29 16:00:15,UPDATE
006WR00000wjnOlYAI,Sunny Crest (MHP),StageName,Prospecting,Prospects,"Demote: only import-day notes (3/24 or 4/25), no real 2026 activity",2026-04-29 16:00:15,UPDATE
006WR00000wjnOmYAI,Silver Spur Village,StageName,Prospecting,Prospects,"Demote: only import-day notes (3/24 or 4/25), no real 2026 activity",2026-04-29 16:00:15,UPDATE
006WR00000wjnOnYAI,The ONE at Mountain Vista,StageName,Prospecting,Prospects,"Demote: only import-day notes (3/24 or 4/25), no real 2026 activity",2026-04-29 16:00:15,UPDATE
006WR00000wjnOoYAI,Shadow Run Condos,StageName,Prospecting,Prospects,"Demote: only import-day notes (3/24 or 4/25), no real 2026 activity",2026-04-29 16:00:15,UPDATE
006WR00000wjnOpYAI,The Groves Apartments,StageName,Prospecting,Prospects,"Demote: only import-day notes (3/24 or 4/25), no real 2026 activity",2026-04-29 16:00:15,UPDATE
006WR00000wjnOqYAI,Southbank - Lot 6,StageName,Prospecting,Prospects,"Demote: only import-day notes (3/24 or 4/25), no real 2026 activity",2026-04-29 16:00:15,UPDATE
006WR00000wjnOrYAI,First & Farmer,StageName,Prospecting,Prospects,"Demote: only import-day notes (3/24 or 4/25), no real 2026 activity",2026-04-29 16:00:15,UPDATE
006WR00000wjnOsYAI,Garden View Apts/Deckz Townhomes,StageName,Prospecting,Prospects,"Demote: only import-day notes (3/24 or 4/25), no real 2026 activity",2026-04-29 16:00:15,UPDATE
006WR00000wjnOtYAI,Suncourt Villas Apartments,StageName,Prospecting,Prospects,"Demote: only import-day notes (3/24 or 4/25), no real 2026 activity",2026-04-29 16:00:15,UPDATE
006WR00000wjnOuYAI,Village Crossing at Broadway,StageName,Prospecting,Prospects,"Demote: only import-day notes (3/24 or 4/25), no real 2026 activity",2026-04-29 16:00:15,UPDATE
006WR00000wjnOvYAI,Mountain View Condo Rentals,StageName,Prospecting,Prospects,"Demote: only import-day notes (3/24 or 4/25), no real 2026 activity",2026-04-29 16:00:15,UPDATE
006WR00000wjnOwYAI,Horne Apartments,StageName,Prospecting,Prospects,"Demote: only import-day notes (3/24 or 4/25), no real 2026 activity",2026-04-29 16:00:15,UPDATE
006WR00000wjnOxYAI,The Davenport,StageName,Prospecting,Prospects,"Demote: only import-day notes (3/24 or 4/25), no real 2026 activity",2026-04-29 16:00:15,UPDATE
006WR00000wjnOyYAI,Sundial,StageName,Prospecting,Prospects,"Demote: only import-day notes (3/24 or 4/25), no real 2026 activity",2026-04-29 16:00:15,UPDATE
006WR00000wjnP0YAI,Villa Del Prado Apts,StageName,Prospecting,Prospects,"Demote: only import-day notes (3/24 or 4/25), no real 2026 activity",2026-04-29 16:00:15,UPDATE
006WR00000wjnP1YAI,Silver Spur Ranch (MHP),StageName,Prospecting,Prospects,"Demote: only import-day notes (3/24 or 4/25), no real 2026 activity",2026-04-29 16:00:15,UPDATE
006WR00000wjnP2YAI,Mesa Sunset (MHP),StageName,Prospecting,Prospects,"Demote: only import-day notes (3/24 or 4/25), no real 2026 activity",2026-04-29 16:00:15,UPDATE
006WR00000wjnP3YAI,Mountain View (MHP),StageName,Prospecting,Prospects,"Demote: only import-day notes (3/24 or 4/25), no real 2026 activity",2026-04-29 16:00:15,UPDATE
006WR00000wjnP4YAI,Los Racimos Condos,StageName,Prospecting,Prospects,"Demote: only import-day notes (3/24 or 4/25), no real 2026 activity",2026-04-29 16:00:15,UPDATE
006WR00000wjnP5YAI,The Residences at Mesa & Main,StageName,Prospecting,Prospects,"Demote: only import-day notes (3/24 or 4/25), no real 2026 activity",2026-04-29 16:00:15,UPDATE
006WR00000wjnP6YAI,Saratoga Apartments,StageName,Prospecting,Prospects,"Demote: only import-day notes (3/24 or 4/25), no real 2026 activity",2026-04-29 16:00:15,UPDATE
006WR00000wjnP7YAI,Elliot Place,StageName,Prospecting,Prospects,"Demote: only import-day notes (3/24 or 4/25), no real 2026 activity",2026-04-29 16:00:15,UPDATE
006WR00000wjnP8YAI,Lincoln South Bank,StageName,Prospecting,Prospects,"Demote: only import-day notes (3/24 or 4/25), no real 2026 activity",2026-04-29 16:00:15,UPDATE
006WR00000wjnP9YAI,Lakeside Villas,StageName,Prospecting,Prospects,"Demote: only import-day notes (3/24 or 4/25), no real 2026 activity",2026-04-29 16:00:15,UPDATE
006WR00000wjnPAYAY,District at Cooley Station,StageName,Prospecting,Prospects,"Demote: only import-day notes (3/24 or 4/25), no real 2026 activity",2026-04-29 16:00:15,UPDATE
006WR00000wjnPCYAY,Norte Town Lake,StageName,Prospecting,Prospects,"Demote: only import-day notes (3/24 or 4/25), no real 2026 activity",2026-04-29 16:00:15,UPDATE
006WR00000wjnPDYAY,Northbend,StageName,Prospecting,Prospects,"Demote: only import-day notes (3/24 or 4/25), no real 2026 activity",2026-04-29 16:00:15,UPDATE
006WR00000wjnPFYAY,Skye Tempe,StageName,Prospecting,Prospects,"Demote: only import-day notes (3/24 or 4/25), no real 2026 activity",2026-04-29 16:00:15,UPDATE
006WR00000wjnPGYAY,South Pier at Tempe Town Lake,StageName,Prospecting,Prospects,"Demote: only import-day notes (3/24 or 4/25), no real 2026 activity",2026-04-29 16:00:15,UPDATE
006WR00000wjnPHYAY,The Curry Road Apartments,StageName,Prospecting,Prospects,"Demote: only import-day notes (3/24 or 4/25), no real 2026 activity",2026-04-29 16:00:15,UPDATE
006WR00000wjnPIYAY,Tempe Cascade (MHP),StageName,Prospecting,Prospects,"Demote: only import-day notes (3/24 or 4/25), no real 2026 activity",2026-04-29 16:00:15,UPDATE
006WR00000wjnPJYAY,St. James Manor Apartments,StageName,Prospecting,Prospects,"Demote: only import-day notes (3/24 or 4/25), no real 2026 activity",2026-04-29 16:00:15,UPDATE
006WR00000wjnPKYAY,Whelan Ranch Condominiums,StageName,Prospecting,Prospects,"Demote: only import-day notes (3/24 or 4/25), no real 2026 activity",2026-04-29 16:00:15,UPDATE
006WR00000wjnPLYAY,The Normandy,StageName,Prospecting,Prospects,"Demote: only import-day notes (3/24 or 4/25), no real 2026 activity",2026-04-29 16:00:15,UPDATE
006WR00000wjnPMYAY,The Mill,StageName,Prospecting,Prospects,"Demote: only import-day notes (3/24 or 4/25), no real 2026 activity",2026-04-29 16:00:15,UPDATE
006WR00000wjnPNYAY,Cypress Pointe II Senior Housing,StageName,Prospecting,Prospects,"Demote: only import-day notes (3/24 or 4/25), no real 2026 activity",2026-04-29 16:00:15,UPDATE
006WR00000wjnPOYAY,Riviera Court,StageName,Prospecting,Prospects,"Demote: only import-day notes (3/24 or 4/25), no real 2026 activity",2026-04-29 16:00:15,UPDATE
006WR00000wjnkrYAA,Landmark on Lovers,StageName,Prospecting,Prospects,"Demote: only import-day notes (3/24 or 4/25), no real 2026 activity",2026-04-29 16:00:15,UPDATE
006WR00000wjnksYAA,Berkshire Auburn,StageName,Prospecting,Prospects,"Demote: only import-day notes (3/24 or 4/25), no real 2026 activity",2026-04-29 16:00:15,UPDATE
006WR00000wjnktYAA,Andulusian Gate,StageName,Prospecting,Prospects,"Demote: only import-day notes (3/24 or 4/25), no real 2026 activity",2026-04-29 16:00:15,UPDATE
006WR00000wjnkvYAA,Berkshire Amber,StageName,Prospecting,Prospects,"Demote: only import-day notes (3/24 or 4/25), no real 2026 activity",2026-04-29 16:00:15,UPDATE
006WR00000wjnkwYAA,Stonegate Apts,StageName,Prospecting,Prospects,"Demote: only import-day notes (3/24 or 4/25), no real 2026 activity",2026-04-29 16:00:15,UPDATE
006WR00000wjnkxYAA,Fiesta Park Village Condos,StageName,Prospecting,Prospects,"Demote: only import-day notes (3/24 or 4/25), no real 2026 activity",2026-04-29 16:00:15,UPDATE
006WR00000wjnkyYAA,Fiesta Village Furnished Apts,StageName,Prospecting,Prospects,"Demote: only import-day notes (3/24 or 4/25), no real 2026 activity",2026-04-29 16:00:15,UPDATE
006WR00000wjnkzYAA,Shorebird,StageName,Prospecting,Prospects,"Demote: only import-day notes (3/24 or 4/25), no real 2026 activity",2026-04-29 16:00:15,UPDATE
006WR00000wjnl0YAA,Country Cousins Mobile Home & RV Park,StageName,Prospecting,Prospects,"Demote: only import-day notes (3/24 or 4/25), no real 2026 activity",2026-04-29 16:00:15,UPDATE
006WR00000wjnl1YAA,Skyline Trinity,StageName,Prospecting,Prospects,"Demote: only import-day notes (3/24 or 4/25), no real 2026 activity",2026-04-29 16:00:15,UPDATE
006WR00000wjnl2YAA,Broadstone 51/51,StageName,Prospecting,Prospects,"Demote: only import-day notes (3/24 or 4/25), no real 2026 activity",2026-04-29 16:00:15,UPDATE
006WR00000wjnl3YAA,Larq Henderson,StageName,Prospecting,Prospects,"Demote: only import-day notes (3/24 or 4/25), no real 2026 activity",2026-04-29 16:00:15,UPDATE
006WR00000wjnl4YAA,Camden Belmont,StageName,Prospecting,Prospects,"Demote: only import-day notes (3/24 or 4/25), no real 2026 activity",2026-04-29 16:00:15,UPDATE
006WR00000wjnl5YAA,Buckeye Trails Commons,StageName,Prospecting,Prospects,"Demote: only import-day notes (3/24 or 4/25), no real 2026 activity",2026-04-29 16:00:15,UPDATE
006WR00000wjnl6YAA,Melody Villa Condominiums,StageName,Prospecting,Prospects,"Demote: only import-day notes (3/24 or 4/25), no real 2026 activity",2026-04-29 16:00:15,UPDATE
006WR00000wjnl7YAA,Ponderosa Pine Apartments (Pine Gardens),StageName,Prospecting,Prospects,"Demote: only import-day notes (3/24 or 4/25), no real 2026 activity",2026-04-29 16:00:15,UPDATE
006WR00000wjnl8YAA,Alexan Lower Greenville,StageName,Prospecting,Prospects,"Demote: only import-day notes (3/24 or 4/25), no real 2026 activity",2026-04-29 16:00:15,UPDATE
006WR00000wjnl9YAA,New Village at Lakewest,StageName,Prospecting,Prospects,"Demote: only import-day notes (3/24 or 4/25), no real 2026 activity",2026-04-29 16:00:15,UPDATE
006WR00000wjnlAYAQ,Alara Uptown,StageName,Prospecting,Prospects,"Demote: only import-day notes (3/24 or 4/25), no real 2026 activity",2026-04-29 16:00:15,UPDATE
006WR00000wjnlBYAQ,Bishop North,StageName,Prospecting,Prospects,"Demote: only import-day notes (3/24 or 4/25), no real 2026 activity",2026-04-29 16:00:15,UPDATE
006WR00000wjnlCYAQ,Thirty377,StageName,Prospecting,Prospects,"Demote: only import-day notes (3/24 or 4/25), no real 2026 activity",2026-04-29 16:00:15,UPDATE
006WR00000wjnlDYAQ,Stella,StageName,Prospecting,Prospects,"Demote: only import-day notes (3/24 or 4/25), no real 2026 activity",2026-04-29 16:00:15,UPDATE
006WR00000wjnlEYAQ,The Monterey,StageName,Prospecting,Prospects,"Demote: only import-day notes (3/24 or 4/25), no real 2026 activity",2026-04-29 16:00:15,UPDATE
006WR00000wjnlFYAQ,Temple View Condos,StageName,Prospecting,Prospects,"Demote: only import-day notes (3/24 or 4/25), no real 2026 activity",2026-04-29 16:00:15,UPDATE
006WR00000wjnlGYAQ,Tamarron Village,StageName,Prospecting,Prospects,"Demote: only import-day notes (3/24 or 4/25), no real 2026 activity",2026-04-29 16:00:15,UPDATE
006WR00000wjnlHYAQ,Four Mile Village Condominium Association,StageName,Prospecting,Prospects,"Demote: only import-day notes (3/24 or 4/25), no real 2026 activity",2026-04-29 16:00:15,UPDATE
006WR00000wjnlIYAQ,Pearl Studios,StageName,Prospecting,Prospects,"Demote: only import-day notes (3/24 or 4/25), no real 2026 activity",2026-04-29 16:00:15,UPDATE
006WR00000wjnlJYAQ,Portola East Mesa,StageName,Prospecting,Prospects,"Demote: only import-day notes (3/24 or 4/25), no real 2026 activity",2026-04-29 16:00:15,UPDATE
006WR00000wjnlKYAQ,Tremont Sr Apartment Homes,StageName,Prospecting,Prospects,"Demote: only import-day notes (3/24 or 4/25), no real 2026 activity",2026-04-29 16:00:15,UPDATE
006WR00000wjnlLYAQ,Ridge Point,StageName,Prospecting,Prospects,"Demote: only import-day notes (3/24 or 4/25), no real 2026 activity",2026-04-29 16:00:15,UPDATE
006WR00000wjnlMYAQ,Riverside Apartments,StageName,Prospecting,Prospects,"Demote: only import-day notes (3/24 or 4/25), no real 2026 activity",2026-04-29 16:00:15,UPDATE
006WR00000wjnlNYAQ,Riverside Mobile Estates,StageName,Prospecting,Prospects,"Demote: only import-day notes (3/24 or 4/25), no real 2026 activity",2026-04-29 16:00:15,UPDATE
006WR00000wjnlOYAQ,Chaska Place Apartments,StageName,Prospecting,Prospects,"Demote: only import-day notes (3/24 or 4/25), no real 2026 activity",2026-04-29 16:00:15,UPDATE
006WR00000wjnlPYAQ,Seven Palms,StageName,Prospecting,Prospects,"Demote: only import-day notes (3/24 or 4/25), no real 2026 activity",2026-04-29 16:00:15,UPDATE
006WR00000wjnlQYAQ,Marina South at Cape Harbor,StageName,Prospecting,Prospects,"Demote: only import-day notes (3/24 or 4/25), no real 2026 activity",2026-04-29 16:00:15,UPDATE
006WR00000wjnlRYAQ,Lodges at Deer Valley,StageName,Prospecting,Prospects,"Demote: only import-day notes (3/24 or 4/25), no real 2026 activity",2026-04-29 16:00:15,UPDATE
006WR00000wjnlSYAQ,Dolce Vita,StageName,Prospecting,Prospects,"Demote: only import-day notes (3/24 or 4/25), no real 2026 activity",2026-04-29 16:00:15,UPDATE
006WR00000wjnlTYAQ,Heather Brook Apartments,StageName,Prospecting,Prospects,"Demote: only import-day notes (3/24 or 4/25), no real 2026 activity",2026-04-29 16:00:15,UPDATE
006WR00000wjnlVYAQ,MAA Copper Ridge,StageName,Prospecting,Prospects,"Demote: only import-day notes (3/24 or 4/25), no real 2026 activity",2026-04-29 16:00:15,UPDATE
006WR00000wjnlWYAQ,MAA Watermark,StageName,Prospecting,Prospects,"Demote: only import-day notes (3/24 or 4/25), no real 2026 activity",2026-04-29 16:00:15,UPDATE
006WR00000wjnlXYAQ,MAA Boulder Ridge,StageName,Prospecting,Prospects,"Demote: only import-day notes (3/24 or 4/25), no real 2026 activity",2026-04-29 16:00:15,UPDATE
006WR00000wjnlZYAQ,Bentley By Broadmoor,StageName,Prospecting,Prospects,"Demote: only import-day notes (3/24 or 4/25), no real 2026 activity",2026-04-29 16:00:15,UPDATE
006WR00000wjnlaYAA,The Colonial Apartments Broadmoor,StageName,Prospecting,Prospects,"Demote: only import-day notes (3/24 or 4/25), no real 2026 activity",2026-04-29 16:00:15,UPDATE
006WR00000wjnlbYAA,Bellrock Crystal Springs Apartments,StageName,Prospecting,Prospects,"Demote: only import-day notes (3/24 or 4/25), no real 2026 activity",2026-04-29 16:00:15,UPDATE
006WR00000wjnldYAA,Town and Country Apartments,StageName,Prospecting,Prospects,"Demote: only import-day notes (3/24 or 4/25), no real 2026 activity",2026-04-29 16:00:15,UPDATE
006WR00000wjnlfYAA,"Cardinal Farms Subdivision, Phase 1",StageName,Prospecting,Prospects,"Demote: only import-day notes (3/24 or 4/25), no real 2026 activity",2026-04-29 16:00:15,UPDATE
006WR00000wjnlgYAA,Catalina Ridge,StageName,Prospecting,Prospects,"Demote: only import-day notes (3/24 or 4/25), no real 2026 activity",2026-04-29 16:00:15,UPDATE
006WR00000wjnlhYAA,Island Palms,StageName,Prospecting,Prospects,"Demote: only import-day notes (3/24 or 4/25), no real 2026 activity",2026-04-29 16:00:15,UPDATE
006WR00000wjnliYAA,The Highlands at Brentwood,StageName,Prospecting,Prospects,"Demote: only import-day notes (3/24 or 4/25), no real 2026 activity",2026-04-29 16:00:15,UPDATE
006WR00000wjnljYAA,Courtyard Towers,StageName,Prospecting,Prospects,"Demote: only import-day notes (3/24 or 4/25), no real 2026 activity",2026-04-29 16:00:15,UPDATE
006WR00000wjnlkYAA,Seventeen 805,StageName,Prospecting,Prospects,"Demote: only import-day notes (3/24 or 4/25), no real 2026 activity",2026-04-29 16:00:15,UPDATE
006WR00000wjnllYAA,Country Club Commons,StageName,Prospecting,Prospects,"Demote: only import-day notes (3/24 or 4/25), no real 2026 activity",2026-04-29 16:00:15,UPDATE
006WR00000wjnlmYAA,Gold Run Condos,StageName,Prospecting,Prospects,"Demote: only import-day notes (3/24 or 4/25), no real 2026 activity",2026-04-29 16:00:15,UPDATE
006WR00000wjnlnYAA,Country View Garden Homes,StageName,Prospecting,Prospects,"Demote: only import-day notes (3/24 or 4/25), no real 2026 activity",2026-04-29 16:00:15,UPDATE
006WR00000wjnloYAA,Outrigger Village,StageName,Prospecting,Prospects,"Demote: only import-day notes (3/24 or 4/25), no real 2026 activity",2026-04-29 16:00:15,UPDATE
006WR00000wjnlpYAA,Bella Vista LOST,StageName,Prospecting,Prospects,"Demote: only import-day notes (3/24 or 4/25), no real 2026 activity",2026-04-29 16:00:15,UPDATE
006WR00000wjnlqYAA,Cedar Park Apartments [WA],StageName,Prospecting,Prospects,"Demote: only import-day notes (3/24 or 4/25), no real 2026 activity",2026-04-29 16:00:15,UPDATE
006WR00000wjnlrYAA,Oak Haven RV,StageName,Prospecting,Prospects,"Demote: only import-day notes (3/24 or 4/25), no real 2026 activity",2026-04-29 16:00:15,UPDATE
006WR00000wjnlsYAA,The Residences of Holland Lake,StageName,Prospecting,Prospects,"Demote: only import-day notes (3/24 or 4/25), no real 2026 activity",2026-04-29 16:00:15,UPDATE
006WR00000wjnltYAA,Residences at Holly Oaks,StageName,Prospecting,Prospects,"Demote: only import-day notes (3/24 or 4/25), no real 2026 activity",2026-04-29 16:00:15,UPDATE
006WR00000wjnlvYAA,Triple Crown Estates,StageName,Prospecting,Prospects,"Demote: only import-day notes (3/24 or 4/25), no real 2026 activity",2026-04-29 16:00:15,UPDATE
006WR00000wjnlwYAA,The Ridge Apartments,StageName,Prospecting,Prospects,"Demote: only import-day notes (3/24 or 4/25), no real 2026 activity",2026-04-29 16:00:15,UPDATE
006WR00000wjnlxYAA,Montana Condos,StageName,Prospecting,Prospects,"Demote: only import-day notes (3/24 or 4/25), no real 2026 activity",2026-04-29 16:00:15,UPDATE
006WR00000wjnlyYAA,Vintage Hill Coop of Prairie Trail,StageName,Prospecting,Prospects,"Demote: only import-day notes (3/24 or 4/25), no real 2026 activity",2026-04-29 16:00:15,UPDATE
006WR00000wjnlzYAA,Perrine Court Apartments,StageName,Prospecting,Prospects,"Demote: only import-day notes (3/24 or 4/25), no real 2026 activity",2026-04-29 16:00:15,UPDATE
006WR00000wjnm0YAA,O'Malley Apartments,StageName,Prospecting,Prospects,"Demote: only import-day notes (3/24 or 4/25), no real 2026 activity",2026-04-29 16:00:15,UPDATE
006WR00000wjnm1YAA,Graymayre Crossing [LOST],StageName,Prospecting,Prospects,"Demote: only import-day notes (3/24 or 4/25), no real 2026 activity",2026-04-29 16:00:15,UPDATE
006WR00000wjnm2YAA,Park Capitol Apartments,StageName,Prospecting,Prospects,"Demote: only import-day notes (3/24 or 4/25), no real 2026 activity",2026-04-29 16:00:15,UPDATE
006WR00000wjnm3YAA,Winchester Court,StageName,Prospecting,Prospects,"Demote: only import-day notes (3/24 or 4/25), no real 2026 activity",2026-04-29 16:00:15,UPDATE
006WR00000wjnm4YAA,Loggerhead Cay,StageName,Prospecting,Prospects,"Demote: only import-day notes (3/24 or 4/25), no real 2026 activity",2026-04-29 16:00:15,UPDATE
006WR00000wjnm5YAA,Lincoln Village,StageName,Prospecting,Prospects,"Demote: only import-day notes (3/24 or 4/25), no real 2026 activity",2026-04-29 16:00:15,UPDATE
006WR00000wjnm7YAA,Westerly,StageName,Prospecting,Prospects,"Demote: only import-day notes (3/24 or 4/25), no real 2026 activity",2026-04-29 16:00:15,UPDATE
006WR00000wjnm8YAA,Destinations Alexander,StageName,Prospecting,Prospects,"Demote: only import-day notes (3/24 or 4/25), no real 2026 activity",2026-04-29 16:00:15,UPDATE
006WR00000wjnm9YAA,Rosewood Club,StageName,Prospecting,Prospects,"Demote: only import-day notes (3/24 or 4/25), no real 2026 activity",2026-04-29 16:00:15,UPDATE
006WR00000wjnmAYAQ,The Cornelius,StageName,Prospecting,Prospects,"Demote: only import-day notes (3/24 or 4/25), no real 2026 activity",2026-04-29 16:00:15,UPDATE
006WR00000wjnmBYAQ,Habitat Apartments [LOST],StageName,Prospecting,Prospects,"Demote: only import-day notes (3/24 or 4/25), no real 2026 activity",2026-04-29 16:00:15,UPDATE
006WR00000wjnmCYAQ,Summit Townomes,StageName,Prospecting,Prospects,"Demote: only import-day notes (3/24 or 4/25), no real 2026 activity",2026-04-29 16:00:15,UPDATE
006WR00000wjnmDYAQ,Spring Haven RV resort,StageName,Prospecting,Prospects,"Demote: only import-day notes (3/24 or 4/25), no real 2026 activity",2026-04-29 16:00:15,UPDATE
006WR00000wjnmEYAQ,Horizon Senior Apartments,StageName,Prospecting,Prospects,"Demote: only import-day notes (3/24 or 4/25), no real 2026 activity",2026-04-29 16:00:15,UPDATE
006WR00000wjnmFYAQ,Crescent Ridge Apartments,StageName,Prospecting,Prospects,"Demote: only import-day notes (3/24 or 4/25), no real 2026 activity",2026-04-29 16:00:15,UPDATE
006WR00000wjnmGYAQ,Colonial Square,StageName,Prospecting,Prospects,"Demote: only import-day notes (3/24 or 4/25), no real 2026 activity",2026-04-29 16:00:15,UPDATE
006WR00000wjnmHYAQ,Mesa Grande MHP-110 Spaces,StageName,Prospecting,Prospects,"Demote: only import-day notes (3/24 or 4/25), no real 2026 activity",2026-04-29 16:00:15,UPDATE
006WR00000wjnmIYAQ,The Port Apartments,StageName,Prospecting,Prospects,"Demote: only import-day notes (3/24 or 4/25), no real 2026 activity",2026-04-29 16:00:15,UPDATE
006WR00000wjnmJYAQ,Moda Shoreline,StageName,Prospecting,Prospects,"Demote: only import-day notes (3/24 or 4/25), no real 2026 activity",2026-04-29 16:00:15,UPDATE
006WR00000wjqCNYAY,Frankford Flats,StageName,Prospecting,Prospects,"Demote: only import-day notes (3/24 or 4/25), no real 2026 activity",2026-04-29 16:00:15,UPDATE
006WR00000wjqCOYAY,Summit Park Apartments,StageName,Prospecting,Prospects,"Demote: only import-day notes (3/24 or 4/25), no real 2026 activity",2026-04-29 16:00:15,UPDATE
006WR00000wjqCPYAY,Villas of Josey Ranch,StageName,Prospecting,Prospects,"Demote: only import-day notes (3/24 or 4/25), no real 2026 activity",2026-04-29 16:00:15,UPDATE
006WR00000wjqCRYAY,The Timbers Apartment Homes,StageName,Prospecting,Prospects,"Demote: only import-day notes (3/24 or 4/25), no real 2026 activity",2026-04-29 16:00:15,UPDATE
006WR00000wjqCSYAY,Walnut Creek Apartments,StageName,Prospecting,Prospects,"Demote: only import-day notes (3/24 or 4/25), no real 2026 activity",2026-04-29 16:00:15,UPDATE
006WR00000wjqCTYAY,Winsted at White Rock Lake Apartments,StageName,Prospecting,Prospects,"Demote: only import-day notes (3/24 or 4/25), no real 2026 activity",2026-04-29 16:00:15,UPDATE
006WR00000wjqCUYAY,Skye at Love,StageName,Prospecting,Prospects,"Demote: only import-day notes (3/24 or 4/25), no real 2026 activity",2026-04-29 16:00:15,UPDATE
006WR00000wjqCVYAY,Overlook at Bear Creek,StageName,Prospecting,Prospects,"Demote: only import-day notes (3/24 or 4/25), no real 2026 activity",2026-04-29 16:00:15,UPDATE
006WR00000wjqCWYAY,Pike West Commerce,StageName,Prospecting,Prospects,"Demote: only import-day notes (3/24 or 4/25), no real 2026 activity",2026-04-29 16:00:15,UPDATE
006WR00000wjqCXYAY,Northaven Terrace,StageName,Prospecting,Prospects,"Demote: only import-day notes (3/24 or 4/25), no real 2026 activity",2026-04-29 16:00:15,UPDATE
006WR00000wjqCYYAY,Josey Place Apartments,StageName,Prospecting,Prospects,"Demote: only import-day notes (3/24 or 4/25), no real 2026 activity",2026-04-29 16:00:15,UPDATE
006WR00000wjqCZYAY,Monarch Pass,StageName,Prospecting,Prospects,"Demote: only import-day notes (3/24 or 4/25), no real 2026 activity",2026-04-29 16:00:15,UPDATE
006WR00000wjqCaYAI,Horizons at Sunridge,StageName,Prospecting,Prospects,"Demote: only import-day notes (3/24 or 4/25), no real 2026 activity",2026-04-29 16:00:15,UPDATE
006WR00000wjqCbYAI,The Carling on Frankford,StageName,Prospecting,Prospects,"Demote: only import-day notes (3/24 or 4/25), no real 2026 activity",2026-04-29 16:00:15,UPDATE
006WR00000wjqCcYAI,Peters Colony apartments,StageName,Prospecting,Prospects,"Demote: only import-day notes (3/24 or 4/25), no real 2026 activity",2026-04-29 16:00:15,UPDATE
006WR00000wjqCdYAI,Switchyard,StageName,Prospecting,Prospects,"Demote: only import-day notes (3/24 or 4/25), no real 2026 activity",2026-04-29 16:00:15,UPDATE
006WR00000wjqCeYAI,The Isaac,StageName,Prospecting,Prospects,"Demote: only import-day notes (3/24 or 4/25), no real 2026 activity",2026-04-29 16:00:15,UPDATE
006WR00000wjqChYAI,Gates de Provence,StageName,Prospecting,Prospects,"Demote: only import-day notes (3/24 or 4/25), no real 2026 activity",2026-04-29 16:00:15,UPDATE
006WR00000wjqCiYAI,Modera Walsh,StageName,Prospecting,Prospects,"Demote: only import-day notes (3/24 or 4/25), no real 2026 activity",2026-04-29 16:00:15,UPDATE
006WR00000wjqCjYAI,Edentree Apatments,StageName,Prospecting,Prospects,"Demote: only import-day notes (3/24 or 4/25), no real 2026 activity",2026-04-29 16:00:15,UPDATE
006WR00000wjqCkYAI,Monaco on the Trail,StageName,Prospecting,Prospects,"Demote: only import-day notes (3/24 or 4/25), no real 2026 activity",2026-04-29 16:00:15,UPDATE
006WR00000wjqClYAI,The Stream at High Pointe,StageName,Prospecting,Prospects,"Demote: only import-day notes (3/24 or 4/25), no real 2026 activity",2026-04-29 16:00:15,UPDATE
006WR00000wjqCmYAI,Treymore North,StageName,Prospecting,Prospects,"Demote: only import-day notes (3/24 or 4/25), no real 2026 activity",2026-04-29 16:00:15,UPDATE
006WR00000wjqCnYAI,The Burgundy Condos and Apartments,StageName,Prospecting,Prospects,"Demote: only import-day notes (3/24 or 4/25), no real 2026 activity",2026-04-29 16:00:15,UPDATE
006WR00000wjqCoYAI,Galleria Townhomes,StageName,Prospecting,Prospects,"Demote: only import-day notes (3/24 or 4/25), no real 2026 activity",2026-04-29 16:00:15,UPDATE
006WR00000wjqCpYAI,Lynn Villa APartments,StageName,Prospecting,Prospects,"Demote: only import-day notes (3/24 or 4/25), no real 2026 activity",2026-04-29 16:00:15,UPDATE
006WR00000wjqCqYAI,Preston Village,StageName,Prospecting,Prospects,"Demote: only import-day notes (3/24 or 4/25), no real 2026 activity",2026-04-29 16:00:15,UPDATE
006WR00000wjqCsYAI,Trinity Mills Apartments,StageName,Prospecting,Prospects,"Demote: only import-day notes (3/24 or 4/25), no real 2026 activity",2026-04-29 16:00:15,UPDATE
006WR00000wjqCtYAI,IMT Prestonwood,StageName,Prospecting,Prospects,"Demote: only import-day notes (3/24 or 4/25), no real 2026 activity",2026-04-29 16:00:15,UPDATE
006WR00000wjqCuYAI,River Junction,StageName,Prospecting,Prospects,"Demote: only import-day notes (3/24 or 4/25), no real 2026 activity",2026-04-29 16:00:15,UPDATE
006WR00000wjqCvYAI,The Edge at Glade Parks,StageName,Prospecting,Prospects,"Demote: only import-day notes (3/24 or 4/25), no real 2026 activity",2026-04-29 16:00:15,UPDATE
006WR00000wjqCwYAI,Enclave at Bear Creek,StageName,Prospecting,Prospects,"Demote: only import-day notes (3/24 or 4/25), no real 2026 activity",2026-04-29 16:00:15,UPDATE
006WR00000wjqCxYAI,Lux on Main,StageName,Prospecting,Prospects,"Demote: only import-day notes (3/24 or 4/25), no real 2026 activity",2026-04-29 16:00:15,UPDATE
006WR00000wjqCyYAI,The Georgian,StageName,Prospecting,Prospects,"Demote: only import-day notes (3/24 or 4/25), no real 2026 activity",2026-04-29 16:00:15,UPDATE
006WR00000wjqCzYAI,Northhaven Apartments,StageName,Prospecting,Prospects,"Demote: only import-day notes (3/24 or 4/25), no real 2026 activity",2026-04-29 16:00:15,UPDATE
006WR00000wjqD1YAI,LaSalle,StageName,Prospecting,Prospects,"Demote: only import-day notes (3/24 or 4/25), no real 2026 activity",2026-04-29 16:00:15,UPDATE
006WR00000wjqD2YAI,Greyson's Gate,StageName,Prospecting,Prospects,"Demote: only import-day notes (3/24 or 4/25), no real 2026 activity",2026-04-29 16:00:15,UPDATE
006WR00000wjqD4YAI,Windsor Westbridge,StageName,Prospecting,Prospects,"Demote: only import-day notes (3/24 or 4/25), no real 2026 activity",2026-04-29 16:00:15,UPDATE
006WR00000wjqD5YAI,Villas del Zocalo,StageName,Prospecting,Prospects,"Demote: only import-day notes (3/24 or 4/25), no real 2026 activity",2026-04-29 16:00:15,UPDATE
006WR00000wjqD6YAI,Vista Arbor Apartments,StageName,Prospecting,Prospects,"Demote: only import-day notes (3/24 or 4/25), no real 2026 activity",2026-04-29 16:00:15,UPDATE
006WR00000wjqD7YAI,Spanish Villas,StageName,Prospecting,Prospects,"Demote: only import-day notes (3/24 or 4/25), no real 2026 activity",2026-04-29 16:00:15,UPDATE
006WR00000wjqD8YAI,Tides on Larga,StageName,Prospecting,Prospects,"Demote: only import-day notes (3/24 or 4/25), no real 2026 activity",2026-04-29 16:00:15,UPDATE
006WR00000wjqDAYAY,Trinity Square,StageName,Prospecting,Prospects,"Demote: only import-day notes (3/24 or 4/25), no real 2026 activity",2026-04-29 16:00:15,UPDATE
006WR00000wjqDBYAY,LYV Broadway,StageName,Prospecting,Prospects,"Demote: only import-day notes (3/24 or 4/25), no real 2026 activity",2026-04-29 16:00:15,UPDATE
006WR00000wjqDCYAY,The Gardens Of Josey Lane,StageName,Prospecting,Prospects,"Demote: only import-day notes (3/24 or 4/25), no real 2026 activity",2026-04-29 16:00:15,UPDATE
006WR00000wjqDDYAY,The Drake on Summit,StageName,Prospecting,Prospects,"Demote: only import-day notes (3/24 or 4/25), no real 2026 activity",2026-04-29 16:00:15,UPDATE
006WR00000wjqDEYAY,Ridgeline Townhomes,StageName,Prospecting,Prospects,"Demote: only import-day notes (3/24 or 4/25), no real 2026 activity",2026-04-29 16:00:15,UPDATE
006WR00000wjqDFYAY,The Continental,StageName,Prospecting,Prospects,"Demote: only import-day notes (3/24 or 4/25), no real 2026 activity",2026-04-29 16:00:15,UPDATE
006WR00000wjqDGYAY,Treymore at Cityplace,StageName,Prospecting,Prospects,"Demote: only import-day notes (3/24 or 4/25), no real 2026 activity",2026-04-29 16:00:15,UPDATE
006WR00000wjqDHYAY,Sevilla Condos,StageName,Prospecting,Prospects,"Demote: only import-day notes (3/24 or 4/25), no real 2026 activity",2026-04-29 16:00:15,UPDATE
006WR00000wjqDJYAY,Villa Siena Apartments,StageName,Prospecting,Prospects,"Demote: only import-day notes (3/24 or 4/25), no real 2026 activity",2026-04-29 16:00:15,UPDATE
006WR00000wjqDLYAY,Keller Oaks,StageName,Prospecting,Prospects,"Demote: only import-day notes (3/24 or 4/25), no real 2026 activity",2026-04-29 16:00:15,UPDATE
006WR00000wjqDMYAY,Frankford Station,StageName,Prospecting,Prospects,"Demote: only import-day notes (3/24 or 4/25), no real 2026 activity",2026-04-29 16:00:15,UPDATE
006WR00000wjqDOYAY,The Katy,StageName,Prospecting,Prospects,"Demote: only import-day notes (3/24 or 4/25), no real 2026 activity",2026-04-29 16:00:15,UPDATE
006WR00000wjqDPYAY,Hazel by the Galleria,StageName,Prospecting,Prospects,"Demote: only import-day notes (3/24 or 4/25), no real 2026 activity",2026-04-29 16:00:15,UPDATE
006WR00000wjqDQYAY,Yorktown Luxary Apartments,StageName,Prospecting,Prospects,"Demote: only import-day notes (3/24 or 4/25), no real 2026 activity",2026-04-29 16:00:15,UPDATE
006WR00000wjqDRYAY,Vance at Bishop Union,StageName,Prospecting,Prospects,"Demote: only import-day notes (3/24 or 4/25), no real 2026 activity",2026-04-29 16:00:15,UPDATE
006WR00000wjqDSYAY,The Lockley,StageName,Prospecting,Prospects,"Demote: only import-day notes (3/24 or 4/25), no real 2026 activity",2026-04-29 16:00:15,UPDATE
006WR00000wjqDTYAY,Rise 120,StageName,Prospecting,Prospects,"Demote: only import-day notes (3/24 or 4/25), no real 2026 activity",2026-04-29 16:00:15,UPDATE
006WR00000wjqDUYAY,Embry,StageName,Prospecting,Prospects,"Demote: only import-day notes (3/24 or 4/25), no real 2026 activity",2026-04-29 16:00:15,UPDATE
006WR00000wjqDVYAY,Lone Star Gas Lofts,StageName,Prospecting,Prospects,"Demote: only import-day notes (3/24 or 4/25), no real 2026 activity",2026-04-29 16:00:15,UPDATE
006WR00000wjqDWYAY,LTD West Commerce,StageName,Prospecting,Prospects,"Demote: only import-day notes (3/24 or 4/25), no real 2026 activity",2026-04-29 16:00:15,UPDATE
006WR00000wjqDXYAY,Newsome Homes,StageName,Prospecting,Prospects,"Demote: only import-day notes (3/24 or 4/25), no real 2026 activity",2026-04-29 16:00:15,UPDATE
006WR00000wjqDYYAY,Rocklyn Apartments,StageName,Prospecting,Prospects,"Demote: only import-day notes (3/24 or 4/25), no real 2026 activity",2026-04-29 16:00:15,UPDATE
006WR00000wjqDZYAY,Heatherstone Apartments,StageName,Prospecting,Prospects,"Demote: only import-day notes (3/24 or 4/25), no real 2026 activity",2026-04-29 16:00:15,UPDATE
006WR00000wjqDaYAI,Vail Quarters,StageName,Prospecting,Prospects,"Demote: only import-day notes (3/24 or 4/25), no real 2026 activity",2026-04-29 16:00:15,UPDATE
006WR00000wjqDbYAI,Sterlingshire Apartments,StageName,Prospecting,Prospects,"Demote: only import-day notes (3/24 or 4/25), no real 2026 activity",2026-04-29 16:00:15,UPDATE
006WR00000wjqDcYAI,Vail Village Club Apartments,StageName,Prospecting,Prospects,"Demote: only import-day notes (3/24 or 4/25), no real 2026 activity",2026-04-29 16:00:15,UPDATE
006WR00000wjqDdYAI,The Brisco,StageName,Prospecting,Prospects,"Demote: only import-day notes (3/24 or 4/25), no real 2026 activity",2026-04-29 16:00:15,UPDATE
006WR00000wjqDeYAI,Windsor Turtle Creek,StageName,Prospecting,Prospects,"Demote: only import-day notes (3/24 or 4/25), no real 2026 activity",2026-04-29 16:00:15,UPDATE
006WR00000wjqDfYAI,Modera Georgetown,StageName,Prospecting,Prospects,"Demote: only import-day notes (3/24 or 4/25), no real 2026 activity",2026-04-29 16:00:15,UPDATE
006WR00000wjqDgYAI,Victor Prosper,StageName,Prospecting,Prospects,"Demote: only import-day notes (3/24 or 4/25), no real 2026 activity",2026-04-29 16:00:15,UPDATE
006WR00000wjqDiYAI,Palencia,StageName,Prospecting,Prospects,"Demote: only import-day notes (3/24 or 4/25), no real 2026 activity",2026-04-29 16:00:15,UPDATE
006WR00000wjqDjYAI,Vinewood Apartments,StageName,Prospecting,Prospects,"Demote: only import-day notes (3/24 or 4/25), no real 2026 activity",2026-04-29 16:00:15,UPDATE
006WR00000wjqDlYAI,The Woods of Five Mile Creek,StageName,Prospecting,Prospects,"Demote: only import-day notes (3/24 or 4/25), no real 2026 activity",2026-04-29 16:00:15,UPDATE
006WR00000wjqDmYAI,Pinnacle Ridge,StageName,Prospecting,Prospects,"Demote: only import-day notes (3/24 or 4/25), no real 2026 activity",2026-04-29 16:00:15,UPDATE
006WR00000wjqDnYAI,Park Hill Apartments,StageName,Prospecting,Prospects,"Demote: only import-day notes (3/24 or 4/25), no real 2026 activity",2026-04-29 16:00:15,UPDATE
006WR00000wjqDoYAI,Ridge Parc,StageName,Prospecting,Prospects,"Demote: only import-day notes (3/24 or 4/25), no real 2026 activity",2026-04-29 16:00:15,UPDATE
006WR00000wjqDqYAI,The Mark at Midtown Park,StageName,Prospecting,Prospects,"Demote: only import-day notes (3/24 or 4/25), no real 2026 activity",2026-04-29 16:00:15,UPDATE
006WR00000wjqDrYAI,The Tallows Apartments,StageName,Prospecting,Prospects,"Demote: only import-day notes (3/24 or 4/25), no real 2026 activity",2026-04-29 16:00:15,UPDATE
006WR00000wjqDsYAI,Pleasant Run Apartments,StageName,Prospecting,Prospects,"Demote: only import-day notes (3/24 or 4/25), no real 2026 activity",2026-04-29 16:00:15,UPDATE
006WR00000wjqDtYAI,Windsor West Lemon,StageName,Prospecting,Prospects,"Demote: only import-day notes (3/24 or 4/25), no real 2026 activity",2026-04-29 16:00:15,UPDATE
006WR00000wjqDuYAI,Gallery at Turtle Creek,StageName,Prospecting,Prospects,"Demote: only import-day notes (3/24 or 4/25), no real 2026 activity",2026-04-29 16:00:15,UPDATE
006WR00000wjqDvYAI,Gables Villa Rosa,StageName,Prospecting,Prospects,"Demote: only import-day notes (3/24 or 4/25), no real 2026 activity",2026-04-29 16:00:15,UPDATE
006WR00000wjqDwYAI,Eleven10 at Farmers Market Apartments,StageName,Prospecting,Prospects,"Demote: only import-day notes (3/24 or 4/25), no real 2026 activity",2026-04-29 16:00:15,UPDATE
006WR00000wk3O6YAI,Estates at East Riverside,StageName,Prospecting,Prospects,"Demote: only import-day notes (3/24 or 4/25), no real 2026 activity",2026-04-29 16:00:15,UPDATE
006WR00000wk3O8YAI,Elm Grove Estates,StageName,Prospecting,Prospects,"Demote: only import-day notes (3/24 or 4/25), no real 2026 activity",2026-04-29 16:00:15,UPDATE
006WR00000wk3O9YAI,Icon Apartments,StageName,Prospecting,Prospects,"Demote: only import-day notes (3/24 or 4/25), no real 2026 activity",2026-04-29 16:00:15,UPDATE
006WR00000wk3OBYAY,Village Park Apartments,StageName,Prospecting,Prospects,"Demote: only import-day notes (3/24 or 4/25), no real 2026 activity",2026-04-29 16:00:15,UPDATE
006WR00000wk3OCYAY,The Hamptons,StageName,Prospecting,Prospects,"Demote: only import-day notes (3/24 or 4/25), no real 2026 activity",2026-04-29 16:00:15,UPDATE
006WR00000wk3ODYAY,Terra Vida Apts,StageName,Prospecting,Prospects,"Demote: only import-day notes (3/24 or 4/25), no real 2026 activity",2026-04-29 16:00:15,UPDATE
006WR00000wk3OEYAY,The Palms at Augusta Ranch,StageName,Prospecting,Prospects,"Demote: only import-day notes (3/24 or 4/25), no real 2026 activity",2026-04-29 16:00:15,UPDATE
006WR00000wk3OFYAY,Pala Mesa Apartments,StageName,Prospecting,Prospects,"Demote: only import-day notes (3/24 or 4/25), no real 2026 activity",2026-04-29 16:00:15,UPDATE
006WR00000wk3OGYAY,The Enclave at Gilbert Senior Living,StageName,Prospecting,Prospects,"Demote: only import-day notes (3/24 or 4/25), no real 2026 activity",2026-04-29 16:00:15,UPDATE
006WR00000wk3OHYAY,Riggs Circle,StageName,Prospecting,Prospects,"Demote: only import-day notes (3/24 or 4/25), no real 2026 activity",2026-04-29 16:00:15,UPDATE
006WR00000wk3OIYAY,The Springs at Alta Mesa,StageName,Prospecting,Prospects,"Demote: only import-day notes (3/24 or 4/25), no real 2026 activity",2026-04-29 16:00:15,UPDATE
006WR00000wk3OJYAY,The Bronte East,StageName,Prospecting,Prospects,"Demote: only import-day notes (3/24 or 4/25), no real 2026 activity",2026-04-29 16:00:15,UPDATE
006WR00000wk3OKYAY,The Heritage,StageName,Prospecting,Prospects,"Demote: only import-day notes (3/24 or 4/25), no real 2026 activity",2026-04-29 16:00:15,UPDATE
006WR00000wk3OLYAY,Skyline at Cooley Station,StageName,Prospecting,Prospects,"Demote: only import-day notes (3/24 or 4/25), no real 2026 activity",2026-04-29 16:00:15,UPDATE
006WR00000wk3OMYAY,University Palms Apartments,StageName,Prospecting,Prospects,"Demote: only import-day notes (3/24 or 4/25), no real 2026 activity",2026-04-29 16:00:15,UPDATE
006WR00000wk3ONYAY,Southwest Villas,StageName,Prospecting,Prospects,"Demote: only import-day notes (3/24 or 4/25), no real 2026 activity",2026-04-29 16:00:15,UPDATE
006WR00000wk3OOYAY,The Mark at 87,StageName,Prospecting,Prospects,"Demote: only import-day notes (3/24 or 4/25), no real 2026 activity",2026-04-29 16:00:15,UPDATE
006WR00000wk3OPYAY,The Pacifica,StageName,Prospecting,Prospects,"Demote: only import-day notes (3/24 or 4/25), no real 2026 activity",2026-04-29 16:00:15,UPDATE
006WR00000wk3OQYAY,Williams Gateway,StageName,Prospecting,Prospects,"Demote: only import-day notes (3/24 or 4/25), no real 2026 activity",2026-04-29 16:00:15,UPDATE
006WR00000wk3ORYAY,Tides at Mesa,StageName,Prospecting,Prospects,"Demote: only import-day notes (3/24 or 4/25), no real 2026 activity",2026-04-29 16:00:15,UPDATE
006WR00000wk3OSYAY,Serrano Gardens,StageName,Prospecting,Prospects,"Demote: only import-day notes (3/24 or 4/25), no real 2026 activity",2026-04-29 16:00:15,UPDATE
006WR00000wk3OTYAY,Trails at Harris,StageName,Prospecting,Prospects,"Demote: only import-day notes (3/24 or 4/25), no real 2026 activity",2026-04-29 16:00:15,UPDATE
006WR00000wk3OUYAY,Tides on Gilbert West,StageName,Prospecting,Prospects,"Demote: only import-day notes (3/24 or 4/25), no real 2026 activity",2026-04-29 16:00:15,UPDATE
006WR00000wk3OVYAY,Wintercove Apartments,StageName,Prospecting,Prospects,"Demote: only import-day notes (3/24 or 4/25), no real 2026 activity",2026-04-29 16:00:15,UPDATE
006WR00000wk3OWYAY,Paradise Palms-100 Spaces,StageName,Prospecting,Prospects,"Demote: only import-day notes (3/24 or 4/25), no real 2026 activity",2026-04-29 16:00:15,UPDATE
006WR00000wk3OXYAY,Tides on Southern,StageName,Prospecting,Prospects,"Demote: only import-day notes (3/24 or 4/25), no real 2026 activity",2026-04-29 16:00:15,UPDATE
006WR00000wk3OYYAY,The Village at Lindsay Park Apartments,StageName,Prospecting,Prospects,"Demote: only import-day notes (3/24 or 4/25), no real 2026 activity",2026-04-29 16:00:15,UPDATE
006WR00000wk3OZYAY,Superstition Canyon Luxury Apartments,StageName,Prospecting,Prospects,"Demote: only import-day notes (3/24 or 4/25), no real 2026 activity",2026-04-29 16:00:15,UPDATE
006WR00000wk3OaYAI,The Courtyards,StageName,Prospecting,Prospects,"Demote: only import-day notes (3/24 or 4/25), no real 2026 activity",2026-04-29 16:00:15,UPDATE
006WR00000wk3ObYAI,Valor on Eighth,StageName,Prospecting,Prospects,"Demote: only import-day notes (3/24 or 4/25), no real 2026 activity",2026-04-29 16:00:15,UPDATE
006WR00000wk3OcYAI,Village at Royal Palms,StageName,Prospecting,Prospects,"Demote: only import-day notes (3/24 or 4/25), no real 2026 activity",2026-04-29 16:00:15,UPDATE
006WR00000wk3OdYAI,Sands Apartments,StageName,Prospecting,Prospects,"Demote: only import-day notes (3/24 or 4/25), no real 2026 activity",2026-04-29 16:00:15,UPDATE
006WR00000wk3OeYAI,Palm Shadows Apartments,StageName,Prospecting,Prospects,"Demote: only import-day notes (3/24 or 4/25), no real 2026 activity",2026-04-29 16:00:15,UPDATE
006WR00000wk3OfYAI,Page Commons,StageName,Prospecting,Prospects,"Demote: only import-day notes (3/24 or 4/25), no real 2026 activity",2026-04-29 16:00:15,UPDATE
006WR00000wk3OgYAI,Summit Lake,StageName,Prospecting,Prospects,"Demote: only import-day notes (3/24 or 4/25), no real 2026 activity",2026-04-29 16:00:15,UPDATE
006WR00000wk3OhYAI,Westwood Townhomes,StageName,Prospecting,Prospects,"Demote: only import-day notes (3/24 or 4/25), no real 2026 activity",2026-04-29 16:00:15,UPDATE
006WR00000wk3OiYAI,Skyline Park,StageName,Prospecting,Prospects,"Demote: only import-day notes (3/24 or 4/25), no real 2026 activity",2026-04-29 16:00:15,UPDATE
006WR00000wk3OjYAI,Villas Valencia Townhouses,StageName,Prospecting,Prospects,"Demote: only import-day notes (3/24 or 4/25), no real 2026 activity",2026-04-29 16:00:15,UPDATE
006WR00000wk3OkYAI,Genoa Lakes,StageName,Prospecting,Prospects,"Demote: only import-day notes (3/24 or 4/25), no real 2026 activity",2026-04-29 16:00:15,UPDATE
006WR00000wk3OlYAI,Ventana Estates,StageName,Prospecting,Prospects,"Demote: only import-day notes (3/24 or 4/25), no real 2026 activity",2026-04-29 16:00:15,UPDATE
006WR00000wk3OmYAI,Stone Canyon Apartments,StageName,Prospecting,Prospects,"Demote: only import-day notes (3/24 or 4/25), no real 2026 activity",2026-04-29 16:00:15,UPDATE
006WR00000wk3OnYAI,Indigo Lofts,StageName,Prospecting,Prospects,"Demote: only import-day notes (3/24 or 4/25), no real 2026 activity",2026-04-29 16:00:15,UPDATE
006WR00000wk3OoYAI,Wasatch Club,StageName,Prospecting,Prospects,"Demote: only import-day notes (3/24 or 4/25), no real 2026 activity",2026-04-29 16:00:15,UPDATE
006WR00000wk3OpYAI,Chandler Ridge,StageName,Prospecting,Prospects,"Demote: only import-day notes (3/24 or 4/25), no real 2026 activity",2026-04-29 16:00:15,UPDATE
006WR00000wk3OqYAI,Deserama Mobile Home Community,StageName,Prospecting,Prospects,"Demote: only import-day notes (3/24 or 4/25), no real 2026 activity",2026-04-29 16:00:15,UPDATE
006WR00000wk3OrYAI,Orangewood Shadows RV Resort,StageName,Prospecting,Prospects,"Demote: only import-day notes (3/24 or 4/25), no real 2026 activity",2026-04-29 16:00:15,UPDATE
006WR00000wk3OsYAI,Seyenna Vistas,StageName,Prospecting,Prospects,"Demote: only import-day notes (3/24 or 4/25), no real 2026 activity",2026-04-29 16:00:15,UPDATE
006WR00000wk3OtYAI,Windhaven III,StageName,Prospecting,Prospects,"Demote: only import-day notes (3/24 or 4/25), no real 2026 activity",2026-04-29 16:00:15,UPDATE
006WR00000wk3OuYAI,Palm Harbor Estates,StageName,Prospecting,Prospects,"Demote: only import-day notes (3/24 or 4/25), no real 2026 activity",2026-04-29 16:00:15,UPDATE
006WR00000wk3OvYAI,Tides at Chandler,StageName,Prospecting,Prospects,"Demote: only import-day notes (3/24 or 4/25), no real 2026 activity",2026-04-29 16:00:15,UPDATE
006WR00000wk3OzYAI,Bridgemoor Apartments,StageName,Prospecting,Prospects,"Demote: only import-day notes (3/24 or 4/25), no real 2026 activity",2026-04-29 16:00:15,UPDATE
006WR00000wk3P6YAI,Shady Oaks,StageName,Prospecting,Prospects,"Demote: only import-day notes (3/24 or 4/25), no real 2026 activity",2026-04-29 16:00:15,UPDATE
006WR00000wk3P8YAI,Gateway Northwest Apartments,StageName,Prospecting,Prospects,"Demote: only import-day notes (3/24 or 4/25), no real 2026 activity",2026-04-29 16:00:15,UPDATE
006WR00000wk3P9YAI,The Hudson at Killeen,StageName,Prospecting,Prospects,"Demote: only import-day notes (3/24 or 4/25), no real 2026 activity",2026-04-29 16:00:15,UPDATE
006WR00000wk3PAYAY,The Stella,StageName,Prospecting,Prospects,"Demote: only import-day notes (3/24 or 4/25), no real 2026 activity",2026-04-29 16:00:15,UPDATE
006WR00000wk3PBYAY,Independence Place,StageName,Prospecting,Prospects,"Demote: only import-day notes (3/24 or 4/25), no real 2026 activity",2026-04-29 16:00:15,UPDATE
006WR00000wk3PCYAY,Silverway Apartments,StageName,Prospecting,Prospects,"Demote: only import-day notes (3/24 or 4/25), no real 2026 activity",2026-04-29 16:00:15,UPDATE
006WR00000wk3PDYAY,The Arbors of Taylor,StageName,Prospecting,Prospects,"Demote: only import-day notes (3/24 or 4/25), no real 2026 activity",2026-04-29 16:00:15,UPDATE
006WR00000wk3PEYAY,El Dorado Apartments,StageName,Prospecting,Prospects,"Demote: only import-day notes (3/24 or 4/25), no real 2026 activity",2026-04-29 16:00:15,UPDATE
006WR00000wk3PFYAY,Liberty Manor,StageName,Prospecting,Prospects,"Demote: only import-day notes (3/24 or 4/25), no real 2026 activity",2026-04-29 16:00:15,UPDATE
006WR00000wk3PIYAY,The Foundry Apartments,StageName,Prospecting,Prospects,"Demote: only import-day notes (3/24 or 4/25), no real 2026 activity",2026-04-29 16:00:15,UPDATE
006WR00000wk3PKYAY,Be Mesa,StageName,Prospecting,Prospects,"Demote: only import-day notes (3/24 or 4/25), no real 2026 activity",2026-04-29 16:00:15,UPDATE
006WR00000wk3PLYAY,Clay Gardens Apartments,StageName,Prospecting,Prospects,"Demote: only import-day notes (3/24 or 4/25), no real 2026 activity",2026-04-29 16:00:15,UPDATE
006WR00000wk3PMYAY,Laguna Knolls Apartments,StageName,Prospecting,Prospects,"Demote: only import-day notes (3/24 or 4/25), no real 2026 activity",2026-04-29 16:00:15,UPDATE
006WR00000wk3PNYAY,Park West Townhouses,StageName,Prospecting,Prospects,"Demote: only import-day notes (3/24 or 4/25), no real 2026 activity",2026-04-29 16:00:15,UPDATE
006WR00000wk3POYAY,Lachen Tara Apartments,StageName,Prospecting,Prospects,"Demote: only import-day notes (3/24 or 4/25), no real 2026 activity",2026-04-29 16:00:15,UPDATE
006WR00000wk3PPYAY,Villas at Higuera,StageName,Prospecting,Prospects,"Demote: only import-day notes (3/24 or 4/25), no real 2026 activity",2026-04-29 16:00:15,UPDATE
006WR00000wk3PQYAY,Quail Ridge Apartments,StageName,Prospecting,Prospects,"Demote: only import-day notes (3/24 or 4/25), no real 2026 activity",2026-04-29 16:00:15,UPDATE
006WR00000wk3PRYAY,Birchwood,StageName,Prospecting,Prospects,"Demote: only import-day notes (3/24 or 4/25), no real 2026 activity",2026-04-29 16:00:15,UPDATE
006WR00000wk3PSYAY,Hidden Oaks,StageName,Prospecting,Prospects,"Demote: only import-day notes (3/24 or 4/25), no real 2026 activity",2026-04-29 16:00:15,UPDATE
006WR00000wk3PTYAY,Cloverdale Garden,StageName,Prospecting,Prospects,"Demote: only import-day notes (3/24 or 4/25), no real 2026 activity",2026-04-29 16:00:15,UPDATE
006WR00000wk3PUYAY,Corning Apts,StageName,Prospecting,Prospects,"Demote: only import-day notes (3/24 or 4/25), no real 2026 activity",2026-04-29 16:00:15,UPDATE
006WR00000wk3PVYAY,Maywood Apartments,StageName,Prospecting,Prospects,"Demote: only import-day notes (3/24 or 4/25), no real 2026 activity",2026-04-29 16:00:15,UPDATE
006WR00000wk3PWYAY,Bardsley Garden,StageName,Prospecting,Prospects,"Demote: only import-day notes (3/24 or 4/25), no real 2026 activity",2026-04-29 16:00:15,UPDATE
006WR00000wk3PXYAY,Willows Apartments,StageName,Prospecting,Prospects,"Demote: only import-day notes (3/24 or 4/25), no real 2026 activity",2026-04-29 16:00:15,UPDATE
006WR00000wk3PYYAY,Marisol Apartments,StageName,Prospecting,Prospects,"Demote: only import-day notes (3/24 or 4/25), no real 2026 activity",2026-04-29 16:00:15,UPDATE
006WR00000wk3PZYAY,Shoreline Apartments,StageName,Prospecting,Prospects,"Demote: only import-day notes (3/24 or 4/25), no real 2026 activity",2026-04-29 16:00:15,UPDATE
006WR00000wk3PaYAI,Three Crown Apartments,StageName,Prospecting,Prospects,"Demote: only import-day notes (3/24 or 4/25), no real 2026 activity",2026-04-29 16:00:15,UPDATE
006WR00000wk3PbYAI,Pinecrest Apartments,StageName,Prospecting,Prospects,"Demote: only import-day notes (3/24 or 4/25), no real 2026 activity",2026-04-29 16:00:15,UPDATE
006WR00000wk3PcYAI,D Street Apartments,StageName,Prospecting,Prospects,"Demote: only import-day notes (3/24 or 4/25), no real 2026 activity",2026-04-29 16:00:15,UPDATE
006WR00000wk3PdYAI,Redwood Highway Apartments,StageName,Prospecting,Prospects,"Demote: only import-day notes (3/24 or 4/25), no real 2026 activity",2026-04-29 16:00:15,UPDATE
006WR00000wk3PeYAI,La Brea Apartments,StageName,Prospecting,Prospects,"Demote: only import-day notes (3/24 or 4/25), no real 2026 activity",2026-04-29 16:00:15,UPDATE
006WR00000wk3PfYAI,College Park,StageName,Prospecting,Prospects,"Demote: only import-day notes (3/24 or 4/25), no real 2026 activity",2026-04-29 16:00:15,UPDATE
006WR00000wk3PgYAI,The Ridge,StageName,Prospecting,Prospects,"Demote: only import-day notes (3/24 or 4/25), no real 2026 activity",2026-04-29 16:00:15,UPDATE
006WR00000wk9RxYAI,Hazel Park,StageName,Prospecting,Prospects,"Demote: only import-day notes (3/24 or 4/25), no real 2026 activity",2026-04-29 16:00:15,UPDATE
006WR00000wk9RzYAI,Chateau Apartments,StageName,Prospecting,Prospects,"Demote: only import-day notes (3/24 or 4/25), no real 2026 activity",2026-04-29 16:00:15,UPDATE
006WR00000wk9S1YAI,Sunterra Apartments,StageName,Prospecting,Prospects,"Demote: only import-day notes (3/24 or 4/25), no real 2026 activity",2026-04-29 16:00:15,UPDATE
006WR00000wk9S3YAI,Woodglen Square l,StageName,Prospecting,Prospects,"Demote: only import-day notes (3/24 or 4/25), no real 2026 activity",2026-04-29 16:00:15,UPDATE
006WR00000wk9S4YAI,Skyview Townhomes,StageName,Prospecting,Prospects,"Demote: only import-day notes (3/24 or 4/25), no real 2026 activity",2026-04-29 16:00:15,UPDATE
006WR00000wk9S6YAI,Hidden Valley Apartments,StageName,Prospecting,Prospects,"Demote: only import-day notes (3/24 or 4/25), no real 2026 activity",2026-04-29 16:00:15,UPDATE
006WR00000wk9S7YAI,Park Village West,StageName,Prospecting,Prospects,"Demote: only import-day notes (3/24 or 4/25), no real 2026 activity",2026-04-29 16:00:15,UPDATE
006WR00000wk9S8YAI,Capitol Ave Apartments,StageName,Prospecting,Prospects,"Demote: only import-day notes (3/24 or 4/25), no real 2026 activity",2026-04-29 16:00:15,UPDATE
006WR00000wk9S9YAI,Davenport Apartments,StageName,Prospecting,Prospects,"Demote: only import-day notes (3/24 or 4/25), no real 2026 activity",2026-04-29 16:00:15,UPDATE
006WR00000wk9SAYAY,Artistry on 10th,StageName,Prospecting,Prospects,"Demote: only import-day notes (3/24 or 4/25), no real 2026 activity",2026-04-29 16:00:15,UPDATE
006WR00000wk9SBYAY,Enclave Villas Condominiums,StageName,Prospecting,Prospects,"Demote: only import-day notes (3/24 or 4/25), no real 2026 activity",2026-04-29 16:00:15,UPDATE
006WR00000wk9SCYAY,Cabrillo Apartments,StageName,Prospecting,Prospects,"Demote: only import-day notes (3/24 or 4/25), no real 2026 activity",2026-04-29 16:00:15,UPDATE
006WR00000wk9SFYAY,Sun View,StageName,Prospecting,Prospects,"Demote: only import-day notes (3/24 or 4/25), no real 2026 activity",2026-04-29 16:00:15,UPDATE
006WR00000wk9SHYAY,Atria Villa Apartments,StageName,Prospecting,Prospects,"Demote: only import-day notes (3/24 or 4/25), no real 2026 activity",2026-04-29 16:00:15,UPDATE
006WR00000wk9SKYAY,Bayshore at Agua Hedionda,StageName,Prospecting,Prospects,"Demote: only import-day notes (3/24 or 4/25), no real 2026 activity",2026-04-29 16:00:15,UPDATE
006WR00000wk9SMYAY,Wolf Lodge Condos,StageName,Prospecting,Prospects,"Demote: only import-day notes (3/24 or 4/25), no real 2026 activity",2026-04-29 16:00:15,UPDATE
006WR00000wk9SNYAY,Equinox on Columbus,StageName,Prospecting,Prospects,"Demote: only import-day notes (3/24 or 4/25), no real 2026 activity",2026-04-29 16:00:15,UPDATE
006WR00000wk9SOYAY,Plumwood Terrace HOA,StageName,Prospecting,Prospects,"Demote: only import-day notes (3/24 or 4/25), no real 2026 activity",2026-04-29 16:00:15,UPDATE
006WR00000wk9SPYAY,Timberland at Crestbruck Park 1_Lumen IA_Bryce,StageName,Prospecting,Prospects,"Demote: only import-day notes (3/24 or 4/25), no real 2026 activity",2026-04-29 16:00:15,UPDATE
006WR00000wk9SQYAY,Timberland at Crestbruck Park 2_Lumen IA_Bryce,StageName,Prospecting,Prospects,"Demote: only import-day notes (3/24 or 4/25), no real 2026 activity",2026-04-29 16:00:15,UPDATE
006WR00000wk9SRYAY,Ashley Square _Lumen IA_Bryce,StageName,Prospecting,Prospects,"Demote: only import-day notes (3/24 or 4/25), no real 2026 activity",2026-04-29 16:00:15,UPDATE
006WR00000wk9SUYAY,Kachina Apartments,StageName,Prospecting,Prospects,"Demote: only import-day notes (3/24 or 4/25), no real 2026 activity",2026-04-29 16:00:15,UPDATE
006WR00000wk9SVYAY,Cottonwood Crossings,StageName,Prospecting,Prospects,"Demote: only import-day notes (3/24 or 4/25), no real 2026 activity",2026-04-29 16:00:15,UPDATE
006WR00000wk9SWYAY,Sterling Point,StageName,Prospecting,Prospects,"Demote: only import-day notes (3/24 or 4/25), no real 2026 activity",2026-04-29 16:00:15,UPDATE
006WR00000wk9SXYAY,Prospector's Point,StageName,Prospecting,Prospects,"Demote: only import-day notes (3/24 or 4/25), no real 2026 activity",2026-04-29 16:00:15,UPDATE
006WR00000wk9SeYAI,Ave at Johnston Commons,StageName,Prospecting,Prospects,"Demote: only import-day notes (3/24 or 4/25), no real 2026 activity",2026-04-29 16:00:15,UPDATE
006WR00000wk9SfYAI,Georgetown Square Apartments,StageName,Prospecting,Prospects,"Demote: only import-day notes (3/24 or 4/25), no real 2026 activity",2026-04-29 16:00:15,UPDATE
006WR00000wk9SgYAI,Fisher's Mill,StageName,Prospecting,Prospects,"Demote: only import-day notes (3/24 or 4/25), no real 2026 activity",2026-04-29 16:00:15,UPDATE
006WR00000wk9ShYAI,Centennial Apartments,StageName,Prospecting,Prospects,"Demote: only import-day notes (3/24 or 4/25), no real 2026 activity",2026-04-29 16:00:15,UPDATE
006WR00000wk9SiYAI,Millennium Park Apartments,StageName,Prospecting,Prospects,"Demote: only import-day notes (3/24 or 4/25), no real 2026 activity",2026-04-29 16:00:15,UPDATE
006WR00000wk9SkYAI,Chalet Apartments,StageName,Prospecting,Prospects,"Demote: only import-day notes (3/24 or 4/25), no real 2026 activity",2026-04-29 16:00:15,UPDATE
006WR00000wk9SmYAI,Golden Vista RV Resort,StageName,Prospecting,Prospects,"Demote: only import-day notes (3/24 or 4/25), no real 2026 activity",2026-04-29 16:00:15,UPDATE
006WR00000wk9SrYAI,Cottonwood Apartments East,StageName,Prospecting,Prospects,"Demote: only import-day notes (3/24 or 4/25), no real 2026 activity",2026-04-29 16:00:15,UPDATE
006WR00000wk9SxYAI,Cottonwood Apartments West,StageName,Prospecting,Prospects,"Demote: only import-day notes (3/24 or 4/25), no real 2026 activity",2026-04-29 16:00:15,UPDATE
006WR00000wk9SyYAI,Redwood Linden Oaks One,StageName,Prospecting,Prospects,"Demote: only import-day notes (3/24 or 4/25), no real 2026 activity",2026-04-29 16:00:15,UPDATE
006WR00000wk9SzYAI,Redwood Linden Oaks Two,StageName,Prospecting,Prospects,"Demote: only import-day notes (3/24 or 4/25), no real 2026 activity",2026-04-29 16:00:15,UPDATE
006WR00000wk9T0YAI,Redwood Havenwood One,StageName,Prospecting,Prospects,"Demote: only import-day notes (3/24 or 4/25), no real 2026 activity",2026-04-29 16:00:15,UPDATE
006WR00000wk9T1YAI,Redwood Havenwood Two,StageName,Prospecting,Prospects,"Demote: only import-day notes (3/24 or 4/25), no real 2026 activity",2026-04-29 16:00:15,UPDATE
006WR00000wk9T3YAI,Mcqueen Landing HOA,StageName,Prospecting,Prospects,"Demote: only import-day notes (3/24 or 4/25), no real 2026 activity",2026-04-29 16:00:15,UPDATE
006WR00000wk9T4YAI,La Costa Hills HOA,StageName,Prospecting,Prospects,"Demote: only import-day notes (3/24 or 4/25), no real 2026 activity",2026-04-29 16:00:15,UPDATE
006WR00000wk9T5YAI,Park Place Village Condominium,StageName,Prospecting,Prospects,"Demote: only import-day notes (3/24 or 4/25), no real 2026 activity",2026-04-29 16:00:15,UPDATE
006WR00000wk9T6YAI,Terrace Villa_Morris RE,StageName,Prospecting,Prospects,"Demote: only import-day notes (3/24 or 4/25), no real 2026 activity",2026-04-29 16:00:15,UPDATE
006WR00000wk9T7YAI,Village West Apartments_Morris RE,StageName,Prospecting,Prospects,"Demote: only import-day notes (3/24 or 4/25), no real 2026 activity",2026-04-29 16:00:15,UPDATE
006WR00000wk9T8YAI,Quail Hollow Apts_Morris RE,StageName,Prospecting,Prospects,"Demote: only import-day notes (3/24 or 4/25), no real 2026 activity",2026-04-29 16:00:15,UPDATE
006WR00000wk9T9YAI,Killeen_MDU_512 W Green Ave_Morris RE,StageName,Prospecting,Prospects,"Demote: only import-day notes (3/24 or 4/25), no real 2026 activity",2026-04-29 16:00:15,UPDATE
006WR00000wk9TAYAY,Arcadia Lofts,StageName,Prospecting,Prospects,"Demote: only import-day notes (3/24 or 4/25), no real 2026 activity",2026-04-29 16:00:15,UPDATE
006WR00000wk9TDYAY,Waters Edge Apartment Homes,StageName,Prospecting,Prospects,"Demote: only import-day notes (3/24 or 4/25), no real 2026 activity",2026-04-29 16:00:15,UPDATE
006WR00000wk9TFYAY,Creekwood Apartments,StageName,Prospecting,Prospects,"Demote: only import-day notes (3/24 or 4/25), no real 2026 activity",2026-04-29 16:00:15,UPDATE
006WR00000wk9THYAY,Canyon Club Apartments,StageName,Prospecting,Prospects,"Demote: only import-day notes (3/24 or 4/25), no real 2026 activity",2026-04-29 16:00:15,UPDATE
006WR00000wk9TIYAY,Stoney Brook Apartments,StageName,Prospecting,Prospects,"Demote: only import-day notes (3/24 or 4/25), no real 2026 activity",2026-04-29 16:00:15,UPDATE
006WR00000wk9TJYAY,Carlsbad View Apartments,StageName,Prospecting,Prospects,"Demote: only import-day notes (3/24 or 4/25), no real 2026 activity",2026-04-29 16:00:15,UPDATE
006WR00000wk9TKYAY,Ocean Hills Senior Living Apartments,StageName,Prospecting,Prospects,"Demote: only import-day notes (3/24 or 4/25), no real 2026 activity",2026-04-29 16:00:15,UPDATE
006WR00000wk9TLYAY,Oceana Apartment Homes,StageName,Prospecting,Prospects,"Demote: only import-day notes (3/24 or 4/25), no real 2026 activity",2026-04-29 16:00:15,UPDATE
006WR00000wk9TMYAY,Mira Mar Mobile Home Community,StageName,Prospecting,Prospects,"Demote: only import-day notes (3/24 or 4/25), no real 2026 activity",2026-04-29 16:00:15,UPDATE
006WR00000wk9TNYAY,Pierside South,StageName,Prospecting,Prospects,"Demote: only import-day notes (3/24 or 4/25), no real 2026 activity",2026-04-29 16:00:15,UPDATE
006WR00000wk9TOYAY,Boulevard Apartments,StageName,Prospecting,Prospects,"Demote: only import-day notes (3/24 or 4/25), no real 2026 activity",2026-04-29 16:00:15,UPDATE
006WR00000wk9TPYAY,Elan Milano,StageName,Prospecting,Prospects,"Demote: only import-day notes (3/24 or 4/25), no real 2026 activity",2026-04-29 16:00:15,UPDATE
006WR00000wk9TQYAY,Edson,StageName,Prospecting,Prospects,"Demote: only import-day notes (3/24 or 4/25), no real 2026 activity",2026-04-29 16:00:15,UPDATE
006WR00000wk9TRYAY,Elan Oceano at Rancho Del Oro,StageName,Prospecting,Prospects,"Demote: only import-day notes (3/24 or 4/25), no real 2026 activity",2026-04-29 16:00:15,UPDATE
006WR00000wk9TSYAY,Canyon Creek,StageName,Prospecting,Prospects,"Demote: only import-day notes (3/24 or 4/25), no real 2026 activity",2026-04-29 16:00:15,UPDATE
006WR00000wk9TTYAY,Ocean Vista Apartments,StageName,Prospecting,Prospects,"Demote: only import-day notes (3/24 or 4/25), no real 2026 activity",2026-04-29 16:00:15,UPDATE
006WR00000wk9TUYAY,Cavalier Mobile Estates,StageName,Prospecting,Prospects,"Demote: only import-day notes (3/24 or 4/25), no real 2026 activity",2026-04-29 16:00:15,UPDATE
006WR00000wk9TVYAY,Westwood Village,StageName,Prospecting,Prospects,"Demote: only import-day notes (3/24 or 4/25), no real 2026 activity",2026-04-29 16:00:15,UPDATE
006WR00000wk9TWYAY,Piazza D'Oro Townhomes,StageName,Prospecting,Prospects,"Demote: only import-day notes (3/24 or 4/25), no real 2026 activity",2026-04-29 16:00:15,UPDATE
006WR00000wk9TXYAY,River Oaks,StageName,Prospecting,Prospects,"Demote: only import-day notes (3/24 or 4/25), no real 2026 activity",2026-04-29 16:00:15,UPDATE
006WR00000wk9TYYAY,Pacific View,StageName,Prospecting,Prospects,"Demote: only import-day notes (3/24 or 4/25), no real 2026 activity",2026-04-29 16:00:15,UPDATE
006WR00000wk9TZYAY,Sunset View,StageName,Prospecting,Prospects,"Demote: only import-day notes (3/24 or 4/25), no real 2026 activity",2026-04-29 16:00:15,UPDATE
006WR00000wk9TaYAI,Parkside Villa Apartments,StageName,Prospecting,Prospects,"Demote: only import-day notes (3/24 or 4/25), no real 2026 activity",2026-04-29 16:00:15,UPDATE
006WR00000wk9TbYAI,Sofi Ocean Hills,StageName,Prospecting,Prospects,"Demote: only import-day notes (3/24 or 4/25), no real 2026 activity",2026-04-29 16:00:15,UPDATE
006WR00000wk9TcYAI,Shadow Way Apartments,StageName,Prospecting,Prospects,"Demote: only import-day notes (3/24 or 4/25), no real 2026 activity",2026-04-29 16:00:15,UPDATE
006WR00000wk9TdYAI,DeLuz Family Housing,StageName,Prospecting,Prospects,"Demote: only import-day notes (3/24 or 4/25), no real 2026 activity",2026-04-29 16:00:15,UPDATE
006WR00000wk9TeYAI,Aviara Apartments,StageName,Prospecting,Prospects,"Demote: only import-day notes (3/24 or 4/25), no real 2026 activity",2026-04-29 16:00:15,UPDATE
006WR00000wk9TfYAI,Santa Fe Ranch,StageName,Prospecting,Prospects,"Demote: only import-day notes (3/24 or 4/25), no real 2026 activity",2026-04-29 16:00:15,UPDATE
006WR00000wk9TgYAI,Hunters Pointe,StageName,Prospecting,Prospects,"Demote: only import-day notes (3/24 or 4/25), no real 2026 activity",2026-04-29 16:00:15,UPDATE
006WR00000wk9ThYAI,The Tradition,StageName,Prospecting,Prospects,"Demote: only import-day notes (3/24 or 4/25), no real 2026 activity",2026-04-29 16:00:15,UPDATE
006WR00000wk9TiYAI,Portola Senior Housing,StageName,Prospecting,Prospects,"Demote: only import-day notes (3/24 or 4/25), no real 2026 activity",2026-04-29 16:00:15,UPDATE
006WR00000wk9TjYAI,Villas at Carlsbad,StageName,Prospecting,Prospects,"Demote: only import-day notes (3/24 or 4/25), no real 2026 activity",2026-04-29 16:00:15,UPDATE
006WR00000wk9TkYAI,Laurel Tree Apartments,StageName,Prospecting,Prospects,"Demote: only import-day notes (3/24 or 4/25), no real 2026 activity",2026-04-29 16:00:15,UPDATE
006WR00000wk9TlYAI,Lanikai Lane,StageName,Prospecting,Prospects,"Demote: only import-day notes (3/24 or 4/25), no real 2026 activity",2026-04-29 16:00:15,UPDATE
006WR00000wk9TmYAI,Mariposa Apartments,StageName,Prospecting,Prospects,"Demote: only import-day notes (3/24 or 4/25), no real 2026 activity",2026-04-29 16:00:15,UPDATE
006WR00000wk9TnYAI,Rising Glen,StageName,Prospecting,Prospects,"Demote: only import-day notes (3/24 or 4/25), no real 2026 activity",2026-04-29 16:00:15,UPDATE
006WR00000wk9ToYAI,Villa Loma Apartments,StageName,Prospecting,Prospects,"Demote: only import-day notes (3/24 or 4/25), no real 2026 activity",2026-04-29 16:00:15,UPDATE
006WR00000wk9TpYAI,Ocean View Terrace,StageName,Prospecting,Prospects,"Demote: only import-day notes (3/24 or 4/25), no real 2026 activity",2026-04-29 16:00:15,UPDATE
006WR00000wk9TqYAI,Legante Paseo,StageName,Prospecting,Prospects,"Demote: only import-day notes (3/24 or 4/25), no real 2026 activity",2026-04-29 16:00:15,UPDATE
006WR00000wk9TrYAI,The Rail at Georgetown,StageName,Prospecting,Prospects,"Demote: only import-day notes (3/24 or 4/25), no real 2026 activity",2026-04-29 16:00:15,UPDATE
006WR00000wk9TsYAI,Oaks At Georgetown,StageName,Prospecting,Prospects,"Demote: only import-day notes (3/24 or 4/25), no real 2026 activity",2026-04-29 16:00:15,UPDATE
006WR00000wk9TtYAI,Radius Wolf Ranch,StageName,Prospecting,Prospects,"Demote: only import-day notes (3/24 or 4/25), no real 2026 activity",2026-04-29 16:00:15,UPDATE
006WR00000wk9TuYAI,302 North,StageName,Prospecting,Prospects,"Demote: only import-day notes (3/24 or 4/25), no real 2026 activity",2026-04-29 16:00:15,UPDATE
006WR00000wk9TvYAI,Dobson Glen,StageName,Prospecting,Prospects,"Demote: only import-day notes (3/24 or 4/25), no real 2026 activity",2026-04-29 16:00:15,UPDATE
006WR00000wk9TwYAI,Dobson Villas,StageName,Prospecting,Prospects,"Demote: only import-day notes (3/24 or 4/25), no real 2026 activity",2026-04-29 16:00:15,UPDATE
006WR00000wk9TxYAI,La Jolla Cove Condos,StageName,Prospecting,Prospects,"Demote: only import-day notes (3/24 or 4/25), no real 2026 activity",2026-04-29 16:00:15,UPDATE
006WR00000wk9TyYAI,Brookside AMD Condos,StageName,Prospecting,Prospects,"Demote: only import-day notes (3/24 or 4/25), no real 2026 activity",2026-04-29 16:00:15,UPDATE
006WR00000wk9TzYAI,"Skyview Mesa Unit Two Homeowners Association, Mesa AZ",StageName,Prospecting,Prospects,"Demote: only import-day notes (3/24 or 4/25), no real 2026 activity",2026-04-29 16:00:15,UPDATE
006WR00000wk9U0YAI,Emelita Place,StageName,Prospecting,Prospects,"Demote: only import-day notes (3/24 or 4/25), no real 2026 activity",2026-04-29 16:00:15,UPDATE
006WR00000wk9U1YAI,CottonWood Villas Condominiums,StageName,Prospecting,Prospects,"Demote: only import-day notes (3/24 or 4/25), no real 2026 activity",2026-04-29 16:00:15,UPDATE
006WR00000wk9U2YAI,Exchange on the 8,StageName,Prospecting,Prospects,"Demote: only import-day notes (3/24 or 4/25), no real 2026 activity",2026-04-29 16:00:15,UPDATE
006WR00000wk9U3YAI,Mesa Ridge Apartments,StageName,Prospecting,Prospects,"Demote: only import-day notes (3/24 or 4/25), no real 2026 activity",2026-04-29 16:00:15,UPDATE
006WR00000wk9U4YAI,Beacon at 601/Crestwood Apartments,StageName,Prospecting,Prospects,"Demote: only import-day notes (3/24 or 4/25), no real 2026 activity",2026-04-29 16:00:15,UPDATE
006WR00000wk9U5YAI,Madera Point Apartments,StageName,Prospecting,Prospects,"Demote: only import-day notes (3/24 or 4/25), no real 2026 activity",2026-04-29 16:00:15,UPDATE
006WR00000wk9U6YAI,Central on Broadway Apartments,StageName,Prospecting,Prospects,"Demote: only import-day notes (3/24 or 4/25), no real 2026 activity",2026-04-29 16:00:15,UPDATE
006WR00000wk9U7YAI,Broadway Vista Apartments,StageName,Prospecting,Prospects,"Demote: only import-day notes (3/24 or 4/25), no real 2026 activity",2026-04-29 16:00:15,UPDATE
006WR00000wk9U8YAI,Mesa Coronado II,StageName,Prospecting,Prospects,"Demote: only import-day notes (3/24 or 4/25), no real 2026 activity",2026-04-29 16:00:15,UPDATE
006WR00000wk9UAYAY,The Flats Apts,StageName,Prospecting,Prospects,"Demote: only import-day notes (3/24 or 4/25), no real 2026 activity",2026-04-29 16:00:15,UPDATE
006WR00000wk9UBYAY,Continental Townhomes,StageName,Prospecting,Prospects,"Demote: only import-day notes (3/24 or 4/25), no real 2026 activity",2026-04-29 16:00:15,UPDATE
006WR00000wk9UCYAY,Sycamore Square,StageName,Prospecting,Prospects,"Demote: only import-day notes (3/24 or 4/25), no real 2026 activity",2026-04-29 16:00:15,UPDATE
006WR00000wk9UDYAY,Mesa Coronado Condos,StageName,Prospecting,Prospects,"Demote: only import-day notes (3/24 or 4/25), no real 2026 activity",2026-04-29 16:00:15,UPDATE
006WR00000wk9UEYAY,Fiesta Villas Condos,StageName,Prospecting,Prospects,"Demote: only import-day notes (3/24 or 4/25), no real 2026 activity",2026-04-29 16:00:15,UPDATE
006WR00000wk9UFYAY,Villa Fiesta Apts,StageName,Prospecting,Prospects,"Demote: only import-day notes (3/24 or 4/25), no real 2026 activity",2026-04-29 16:00:15,UPDATE
006WR00000wk9UGYAY,Paragon Place,StageName,Prospecting,Prospects,"Demote: only import-day notes (3/24 or 4/25), no real 2026 activity",2026-04-29 16:00:15,UPDATE
006WR00000wk9UHYAY,Pebble Creek Apartments,StageName,Prospecting,Prospects,"Demote: only import-day notes (3/24 or 4/25), no real 2026 activity",2026-04-29 16:00:15,UPDATE
006WR00000wk9UIYAY,Spanish Arcos Apartments,StageName,Prospecting,Prospects,"Demote: only import-day notes (3/24 or 4/25), no real 2026 activity",2026-04-29 16:00:15,UPDATE
006WR00000wk9UJYAY,Ovation at Tempe,StageName,Prospecting,Prospects,"Demote: only import-day notes (3/24 or 4/25), no real 2026 activity",2026-04-29 16:00:15,UPDATE
006WR00000wk9UKYAY,Hacienda de Valencia,StageName,Prospecting,Prospects,"Demote: only import-day notes (3/24 or 4/25), no real 2026 activity",2026-04-29 16:00:15,UPDATE
006WR00000wk9ULYAY,Cottages of Edina,StageName,Prospecting,Prospects,"Demote: only import-day notes (3/24 or 4/25), no real 2026 activity",2026-04-29 16:00:15,UPDATE
006WR00000wk9UNYAY,Enclave at Arrowhead Apartments,StageName,Prospecting,Prospects,"Demote: only import-day notes (3/24 or 4/25), no real 2026 activity",2026-04-29 16:00:15,UPDATE
006WR00000wk9UOYAY,The Orchard on Gilbert,StageName,Prospecting,Prospects,"Demote: only import-day notes (3/24 or 4/25), no real 2026 activity",2026-04-29 16:00:15,UPDATE
006WR00000wk9UPYAY,Marabrisa Condominiums,StageName,Prospecting,Prospects,"Demote: only import-day notes (3/24 or 4/25), no real 2026 activity",2026-04-29 16:00:15,UPDATE
006WR00000wk9UQYAY,Hunters Woods Apartments,StageName,Prospecting,Prospects,"Demote: only import-day notes (3/24 or 4/25), no real 2026 activity",2026-04-29 16:00:15,UPDATE
006WR00000wk9URYAY,Irving Schoolhouse,StageName,Prospecting,Prospects,"Demote: only import-day notes (3/24 or 4/25), no real 2026 activity",2026-04-29 16:00:15,UPDATE
006WR00000wk9USYAY,Ponderosa Apartments,StageName,Prospecting,Prospects,"Demote: only import-day notes (3/24 or 4/25), no real 2026 activity",2026-04-29 16:00:15,UPDATE
006WR00000wk9UUYAY,Park Village Apartments,StageName,Prospecting,Prospects,"Demote: only import-day notes (3/24 or 4/25), no real 2026 activity",2026-04-29 16:00:15,UPDATE
006WR00000wk9UZYAY,Bethlehem's Pioneer Place,StageName,Prospecting,Prospects,"Demote: only import-day notes (3/24 or 4/25), no real 2026 activity",2026-04-29 16:00:15,UPDATE
006WR00000wk9UaYAI,Harris Gardens,StageName,Prospecting,Prospects,"Demote: only import-day notes (3/24 or 4/25), no real 2026 activity",2026-04-29 16:00:15,UPDATE
006WR00000wk9UbYAI,The Meadows MHP,StageName,Prospecting,Prospects,"Demote: only import-day notes (3/24 or 4/25), no real 2026 activity",2026-04-29 16:00:15,UPDATE
006WR00000wk9UcYAI,Legacy Trails Apartments,StageName,Prospecting,Prospects,"Demote: only import-day notes (3/24 or 4/25), no real 2026 activity",2026-04-29 16:00:15,UPDATE
006WR00000wk9UdYAI,The Palms at South Mountain,StageName,Prospecting,Prospects,"Demote: only import-day notes (3/24 or 4/25), no real 2026 activity",2026-04-29 16:00:15,UPDATE
006WR00000wk9UeYAI,Ritz colony,StageName,Prospecting,Prospects,"Demote: only import-day notes (3/24 or 4/25), no real 2026 activity",2026-04-29 16:00:15,UPDATE
006WR00000wk9UfYAI,Sea Point Tennis Club at La Costa,StageName,Prospecting,Prospects,"Demote: only import-day notes (3/24 or 4/25), no real 2026 activity",2026-04-29 16:00:15,UPDATE
006WR00000wk9UgYAI,Firenze Apartments,StageName,Prospecting,Prospects,"Demote: only import-day notes (3/24 or 4/25), no real 2026 activity",2026-04-29 16:00:15,UPDATE
006WR00000wk9UhYAI,Villas of La Costa,StageName,Prospecting,Prospects,"Demote: only import-day notes (3/24 or 4/25), no real 2026 activity",2026-04-29 16:00:15,UPDATE
006WR00000wk9UiYAI,The Enclave,StageName,Prospecting,Prospects,"Demote: only import-day notes (3/24 or 4/25), no real 2026 activity",2026-04-29 16:00:15,UPDATE
006WR00000wk9UjYAI,Casitas La Costa,StageName,Prospecting,Prospects,"Demote: only import-day notes (3/24 or 4/25), no real 2026 activity",2026-04-29 16:00:15,UPDATE
006WR00000wk9UlYAI,Tooele Gateway,StageName,Prospecting,Prospects,"Demote: only import-day notes (3/24 or 4/25), no real 2026 activity",2026-04-29 16:00:15,UPDATE
006WR00000wk9UmYAI,Essex Heights Apartments,StageName,Prospecting,Prospects,"Demote: only import-day notes (3/24 or 4/25), no real 2026 activity",2026-04-29 16:00:15,UPDATE
006WR00000wk9UnYAI,Encinitas Terrace Senior Apts,StageName,Prospecting,Prospects,"Demote: only import-day notes (3/24 or 4/25), no real 2026 activity",2026-04-29 16:00:15,UPDATE
006WR00000wk9UoYAI,Village Park Apartments,StageName,Prospecting,Prospects,"Demote: only import-day notes (3/24 or 4/25), no real 2026 activity",2026-04-29 16:00:15,UPDATE
006WR00000wk9UpYAI,Elan Pacifico,StageName,Prospecting,Prospects,"Demote: only import-day notes (3/24 or 4/25), no real 2026 activity",2026-04-29 16:00:15,UPDATE
006WR00000wk9UqYAI,Elan Cardiff By the Sea Apartments,StageName,Prospecting,Prospects,"Demote: only import-day notes (3/24 or 4/25), no real 2026 activity",2026-04-29 16:00:15,UPDATE
006WR00000wk9UsYAI,Pacific Pines,StageName,Prospecting,Prospects,"Demote: only import-day notes (3/24 or 4/25), no real 2026 activity",2026-04-29 16:00:15,UPDATE
006WR00000wk9UtYAI,Regal View HOA,StageName,Prospecting,Prospects,"Demote: only import-day notes (3/24 or 4/25), no real 2026 activity",2026-04-29 16:00:15,UPDATE
006WR00000wk9UwYAI,The Maddox,StageName,Prospecting,Prospects,"Demote: only import-day notes (3/24 or 4/25), no real 2026 activity",2026-04-29 16:00:15,UPDATE
006WR00000wk9UxYAI,La Mirage Apartments (Tempe),StageName,Prospecting,Prospects,"Demote: only import-day notes (3/24 or 4/25), no real 2026 activity",2026-04-29 16:00:15,UPDATE
006WR00000wk9UyYAI,Nines at Lakeside,StageName,Prospecting,Prospects,"Demote: only import-day notes (3/24 or 4/25), no real 2026 activity",2026-04-29 16:00:15,UPDATE
006WR00000wk9UzYAI,Mira Santi,StageName,Prospecting,Prospects,"Demote: only import-day notes (3/24 or 4/25), no real 2026 activity",2026-04-29 16:00:15,UPDATE
006WR00000wk9V0YAI,Carino Villas Condominiums,StageName,Prospecting,Prospects,"Demote: only import-day notes (3/24 or 4/25), no real 2026 activity",2026-04-29 16:00:15,UPDATE
006WR00000wk9V1YAI,Villagio Apartment Homes,StageName,Prospecting,Prospects,"Demote: only import-day notes (3/24 or 4/25), no real 2026 activity",2026-04-29 16:00:15,UPDATE
006WR00000wk9V2YAI,505 West Apartment Homes,StageName,Prospecting,Prospects,"Demote: only import-day notes (3/24 or 4/25), no real 2026 activity",2026-04-29 16:00:15,UPDATE
006WR00000wk9V3YAI,Sentry Tempe,StageName,Prospecting,Prospects,"Demote: only import-day notes (3/24 or 4/25), no real 2026 activity",2026-04-29 16:00:15,UPDATE
006WR00000wk9V4YAI,Rise at the Retreat,StageName,Prospecting,Prospects,"Demote: only import-day notes (3/24 or 4/25), no real 2026 activity",2026-04-29 16:00:15,UPDATE
006WR00000wk9V5YAI,Lakeview at the Bay,StageName,Prospecting,Prospects,"Demote: only import-day notes (3/24 or 4/25), no real 2026 activity",2026-04-29 16:00:15,UPDATE
006WR00000wk9V6YAI,Sono Tempe (Prev Tides at S Tempe),StageName,Prospecting,Prospects,"Demote: only import-day notes (3/24 or 4/25), no real 2026 activity",2026-04-29 16:00:15,UPDATE
006WR00000wk9YVYAY,Lomas Santa Fe Country Club Villas,StageName,Prospecting,Prospects,"Demote: only import-day notes (3/24 or 4/25), no real 2026 activity",2026-04-29 16:00:15,UPDATE
006WR00000wk9YbYAI,Mesa Senior Meadows,StageName,Prospecting,Prospects,"Demote: only import-day notes (3/24 or 4/25), no real 2026 activity",2026-04-29 16:00:15,UPDATE
006WR00000wk9YgYAI,The Village at Hampton Court,StageName,Prospecting,Prospects,"Demote: only import-day notes (3/24 or 4/25), no real 2026 activity",2026-04-29 16:00:15,UPDATE
006WR00000wk9YvYAI,The Oaks Gracious Retirement Living,StageName,Prospecting,Prospects,"Demote: only import-day notes (3/24 or 4/25), no real 2026 activity",2026-04-29 16:00:15,UPDATE
006WR00000wk9YwYAI,San Gabriel Senior Village Apartments,StageName,Prospecting,Prospects,"Demote: only import-day notes (3/24 or 4/25), no real 2026 activity",2026-04-29 16:00:15,UPDATE
006WR00000wk9YxYAI,Fort Hood Family Housing,StageName,Prospecting,Prospects,"Demote: only import-day notes (3/24 or 4/25), no real 2026 activity",2026-04-29 16:00:15,UPDATE
006WR00000wk9Z0YAI,Westwind of Killeen Apartments,StageName,Prospecting,Prospects,"Demote: only import-day notes (3/24 or 4/25), no real 2026 activity",2026-04-29 16:00:15,UPDATE
006WR00000wk9Z1YAI,Hyde Estates,StageName,Prospecting,Prospects,"Demote: only import-day notes (3/24 or 4/25), no real 2026 activity",2026-04-29 16:00:15,UPDATE
006WR00000wk9Z2YAI,The Brownstone at The Summit,StageName,Prospecting,Prospects,"Demote: only import-day notes (3/24 or 4/25), no real 2026 activity",2026-04-29 16:00:15,UPDATE
006WR00000wk9Z3YAI,Georgetown heights,StageName,Prospecting,Prospects,"Demote: only import-day notes (3/24 or 4/25), no real 2026 activity",2026-04-29 16:00:15,UPDATE
006WR00000wk9Z4YAI,Taylor Square Apartments,StageName,Prospecting,Prospects,"Demote: only import-day notes (3/24 or 4/25), no real 2026 activity",2026-04-29 16:00:15,UPDATE
006WR00000wk9Z7YAI,Hillcrest Apartments,StageName,Prospecting,Prospects,"Demote: only import-day notes (3/24 or 4/25), no real 2026 activity",2026-04-29 16:00:15,UPDATE
006WR00000wk9Z8YAI,Stonehaven,StageName,Prospecting,Prospects,"Demote: only import-day notes (3/24 or 4/25), no real 2026 activity",2026-04-29 16:00:15,UPDATE
006WR00000wk9Z9YAI,Residences of Stillwater,StageName,Prospecting,Prospects,"Demote: only import-day notes (3/24 or 4/25), no real 2026 activity",2026-04-29 16:00:15,UPDATE
006WR00000wk9ZKYAY,Villa Storia,StageName,Prospecting,Prospects,"Demote: only import-day notes (3/24 or 4/25), no real 2026 activity",2026-04-29 16:00:15,UPDATE
006WR00000wk9ZMYAY,Centre Ridge,StageName,Prospecting,Prospects,"Demote: only import-day notes (3/24 or 4/25), no real 2026 activity",2026-04-29 16:00:15,UPDATE
006WR00000wk9ZNYAY,Applewood Pointe Apartments,StageName,Prospecting,Prospects,"Demote: only import-day notes (3/24 or 4/25), no real 2026 activity",2026-04-29 16:00:15,UPDATE
006WR00000wk9ZOYAY,Capitol Place,StageName,Prospecting,Prospects,"Demote: only import-day notes (3/24 or 4/25), no real 2026 activity",2026-04-29 16:00:15,UPDATE
006WR00000wk9ZPYAY,Crossroads Village Apartments,StageName,Prospecting,Prospects,"Demote: only import-day notes (3/24 or 4/25), no real 2026 activity",2026-04-29 16:00:15,UPDATE
006WR00000wk9ZQYAY,Cambridge Villas,StageName,Prospecting,Prospects,"Demote: only import-day notes (3/24 or 4/25), no real 2026 activity",2026-04-29 16:00:15,UPDATE
006WR00000wk9ZSYAY,Castle Creek,StageName,Prospecting,Prospects,"Demote: only import-day notes (3/24 or 4/25), no real 2026 activity",2026-04-29 16:00:15,UPDATE
006WR00000wk9ZTYAY,Georgetowne,StageName,Prospecting,Prospects,"Demote: only import-day notes (3/24 or 4/25), no real 2026 activity",2026-04-29 16:00:15,UPDATE
006WR00000wk9ZUYAY,West Haven,StageName,Prospecting,Prospects,"Demote: only import-day notes (3/24 or 4/25), no real 2026 activity",2026-04-29 16:00:15,UPDATE
006WR00000wk9ZVYAY,Pacific Winds,StageName,Prospecting,Prospects,"Demote: only import-day notes (3/24 or 4/25), no real 2026 activity",2026-04-29 16:00:15,UPDATE
006WR00000wk9ZWYAY,Park on Center,StageName,Prospecting,Prospects,"Demote: only import-day notes (3/24 or 4/25), no real 2026 activity",2026-04-29 16:00:15,UPDATE
006WR00000wk9ZXYAY,Elan Playa Mar Apartment Homes,StageName,Prospecting,Prospects,"Demote: only import-day notes (3/24 or 4/25), no real 2026 activity",2026-04-29 16:00:15,UPDATE
006WR00000wk9ZZYAY,Rosebay Falls,StageName,Prospecting,Prospects,"Demote: only import-day notes (3/24 or 4/25), no real 2026 activity",2026-04-29 16:00:15,UPDATE
006WR00000wk9ZaYAI,Garden Valley Court,StageName,Prospecting,Prospects,"Demote: only import-day notes (3/24 or 4/25), no real 2026 activity",2026-04-29 16:00:15,UPDATE
006WR00000wk9ZbYAI,Spencer Apartments,StageName,Prospecting,Prospects,"Demote: only import-day notes (3/24 or 4/25), no real 2026 activity",2026-04-29 16:00:15,UPDATE
006WR00000wk9ZdYAI,Westbrook Gardens Apartments,StageName,Prospecting,Prospects,"Demote: only import-day notes (3/24 or 4/25), no real 2026 activity",2026-04-29 16:00:15,UPDATE
006WR00000wk9ZeYAI,Glenwood Manor,StageName,Prospecting,Prospects,"Demote: only import-day notes (3/24 or 4/25), no real 2026 activity",2026-04-29 16:00:15,UPDATE
006WR00000wk9ZfYAI,Highlander Overlook and Burdette + Wade,StageName,Prospecting,Prospects,"Demote: only import-day notes (3/24 or 4/25), no real 2026 activity",2026-04-29 16:00:15,UPDATE
006WR00000wk9ZgYAI,Hello Apartments,StageName,Prospecting,Prospects,"Demote: only import-day notes (3/24 or 4/25), no real 2026 activity",2026-04-29 16:00:15,UPDATE
006WR00000wk9ZhYAI,Whispering Ridge,StageName,Prospecting,Prospects,"Demote: only import-day notes (3/24 or 4/25), no real 2026 activity",2026-04-29 16:00:15,UPDATE
006WR00000wk9ZiYAI,Midtown Crossing Contemporary Apartments,StageName,Prospecting,Prospects,"Demote: only import-day notes (3/24 or 4/25), no real 2026 activity",2026-04-29 16:00:15,UPDATE
006WR00000wk9ZjYAI,Highpoint,StageName,Prospecting,Prospects,"Demote: only import-day notes (3/24 or 4/25), no real 2026 activity",2026-04-29 16:00:15,UPDATE
006WR00000wk9ZlYAI,Springhill Ridge in Omaha,StageName,Prospecting,Prospects,"Demote: only import-day notes (3/24 or 4/25), no real 2026 activity",2026-04-29 16:00:15,UPDATE
006WR00000wk9ZmYAI,Torello on Maple,StageName,Prospecting,Prospects,"Demote: only import-day notes (3/24 or 4/25), no real 2026 activity",2026-04-29 16:00:15,UPDATE
006WR00000wk9ZnYAI,Orchard Mesa,StageName,Prospecting,Prospects,"Demote: only import-day notes (3/24 or 4/25), no real 2026 activity",2026-04-29 16:00:15,UPDATE
006WR00000wk9ZoYAI,The Marvely,StageName,Prospecting,Prospects,"Demote: only import-day notes (3/24 or 4/25), no real 2026 activity",2026-04-29 16:00:15,UPDATE
006WR00000wk9ZpYAI,Rolling Hills Ranch Senior Living,StageName,Prospecting,Prospects,"Demote: only import-day notes (3/24 or 4/25), no real 2026 activity",2026-04-29 16:00:15,UPDATE
006WR00000wk9ZqYAI,The Slate,StageName,Prospecting,Prospects,"Demote: only import-day notes (3/24 or 4/25), no real 2026 activity",2026-04-29 16:00:15,UPDATE
006WR00000wk9ZrYAI,Pacific Gardens Apartments,StageName,Prospecting,Prospects,"Demote: only import-day notes (3/24 or 4/25), no real 2026 activity",2026-04-29 16:00:15,UPDATE
006WR00000wk9ZsYAI,Maplewood Estates,StageName,Prospecting,Prospects,"Demote: only import-day notes (3/24 or 4/25), no real 2026 activity",2026-04-29 16:00:15,UPDATE
006WR00000wk9ZtYAI,Wellington Park,StageName,Prospecting,Prospects,"Demote: only import-day notes (3/24 or 4/25), no real 2026 activity",2026-04-29 16:00:15,UPDATE
006WR00000wk9ZuYAI,Stonegate Park,StageName,Prospecting,Prospects,"Demote: only import-day notes (3/24 or 4/25), no real 2026 activity",2026-04-29 16:00:15,UPDATE
006WR00000wk9ZvYAI,The Reserve at The Knolls,StageName,Prospecting,Prospects,"Demote: only import-day notes (3/24 or 4/25), no real 2026 activity",2026-04-29 16:00:15,UPDATE
006WR00000wk9ZwYAI,Tranquility Pointe,StageName,Prospecting,Prospects,"Demote: only import-day notes (3/24 or 4/25), no real 2026 activity",2026-04-29 16:00:15,UPDATE
006WR00000wk9ZxYAI,Southside Terrace Phase 2,StageName,Prospecting,Prospects,"Demote: only import-day notes (3/24 or 4/25), no real 2026 activity",2026-04-29 16:00:15,UPDATE
006WR00000wk9ZyYAI,Camelot VI,StageName,Prospecting,Prospects,"Demote: only import-day notes (3/24 or 4/25), no real 2026 activity",2026-04-29 16:00:15,UPDATE
006WR00000wk9ZzYAI,4651 Dodge St,StageName,Prospecting,Prospects,"Demote: only import-day notes (3/24 or 4/25), no real 2026 activity",2026-04-29 16:00:15,UPDATE
006WR00000wkA6DYAU,46 Dodge Apartments,StageName,Prospecting,Prospects,"Demote: only import-day notes (3/24 or 4/25), no real 2026 activity",2026-04-29 16:00:15,UPDATE
006WR00000wkA6EYAU,Chateau at Hillsborough,StageName,Prospecting,Prospects,"Demote: only import-day notes (3/24 or 4/25), no real 2026 activity",2026-04-29 16:00:15,UPDATE
006WR00000wkA6FYAU,Avidor Omaha,StageName,Prospecting,Prospects,"Demote: only import-day notes (3/24 or 4/25), no real 2026 activity",2026-04-29 16:00:15,UPDATE
006WR00000wkA6HYAU,148th Place,StageName,Prospecting,Prospects,"Demote: only import-day notes (3/24 or 4/25), no real 2026 activity",2026-04-29 16:00:15,UPDATE
006WR00000wkA6IYAU,Piraeus Point,StageName,Prospecting,Prospects,"Demote: only import-day notes (3/24 or 4/25), no real 2026 activity",2026-04-29 16:00:15,UPDATE
006WR00000wkA6JYAU,Oak Leaf Apartments,StageName,Prospecting,Prospects,"Demote: only import-day notes (3/24 or 4/25), no real 2026 activity",2026-04-29 16:00:15,UPDATE
006WR00000wkA6KYAU,Bella Vista Senior Living Community,StageName,Prospecting,Prospects,"Demote: only import-day notes (3/24 or 4/25), no real 2026 activity",2026-04-29 16:00:15,UPDATE
006WR00000wkA6LYAU,Mission Flats,StageName,Prospecting,Prospects,"Demote: only import-day notes (3/24 or 4/25), no real 2026 activity",2026-04-29 16:00:15,UPDATE
006WR00000wkA6NYAU,View House,StageName,Prospecting,Prospects,"Demote: only import-day notes (3/24 or 4/25), no real 2026 activity",2026-04-29 16:00:15,UPDATE
006WR00000wkA6PYAU,Nobility Point,StageName,Prospecting,Prospects,"Demote: only import-day notes (3/24 or 4/25), no real 2026 activity",2026-04-29 16:00:15,UPDATE
006WR00000wkA6QYAU,Oak Brook Park Apartments,StageName,Prospecting,Prospects,"Demote: only import-day notes (3/24 or 4/25), no real 2026 activity",2026-04-29 16:00:15,UPDATE
006WR00000wkA6RYAU,Langston Loge,StageName,Prospecting,Prospects,"Demote: only import-day notes (3/24 or 4/25), no real 2026 activity",2026-04-29 16:00:15,UPDATE
006WR00000wkA6SYAU,Old Mill Apartments,StageName,Prospecting,Prospects,"Demote: only import-day notes (3/24 or 4/25), no real 2026 activity",2026-04-29 16:00:15,UPDATE
006WR00000wkA6TYAU,Mission View Manor,StageName,Prospecting,Prospects,"Demote: only import-day notes (3/24 or 4/25), no real 2026 activity",2026-04-29 16:00:15,UPDATE
006WR00000wkA6UYAU,Whispering Hills,StageName,Prospecting,Prospects,"Demote: only import-day notes (3/24 or 4/25), no real 2026 activity",2026-04-29 16:00:15,UPDATE
006WR00000wkA6VYAU,Dundee View,StageName,Prospecting,Prospects,"Demote: only import-day notes (3/24 or 4/25), no real 2026 activity",2026-04-29 16:00:15,UPDATE
006WR00000wkA6WYAU,Dundee Flats,StageName,Prospecting,Prospects,"Demote: only import-day notes (3/24 or 4/25), no real 2026 activity",2026-04-29 16:00:15,UPDATE
006WR00000wkA6XYAU,Fox Ridge,StageName,Prospecting,Prospects,"Demote: only import-day notes (3/24 or 4/25), no real 2026 activity",2026-04-29 16:00:15,UPDATE
006WR00000wkA6YYAU,The Club at Highland Park Apartments,StageName,Prospecting,Prospects,"Demote: only import-day notes (3/24 or 4/25), no real 2026 activity",2026-04-29 16:00:15,UPDATE
006WR00000wkA6ZYAU,Eagle Run Apartments,StageName,Prospecting,Prospects,"Demote: only import-day notes (3/24 or 4/25), no real 2026 activity",2026-04-29 16:00:15,UPDATE
006WR00000wkA6aYAE,Park Place Apartments,StageName,Prospecting,Prospects,"Demote: only import-day notes (3/24 or 4/25), no real 2026 activity",2026-04-29 16:00:15,UPDATE
006WR00000wkA6bYAE,Woodgate Townhomes,StageName,Prospecting,Prospects,"Demote: only import-day notes (3/24 or 4/25), no real 2026 activity",2026-04-29 16:00:15,UPDATE
006WR00000wkA6cYAE,Regency Lakeside Apartments,StageName,Prospecting,Prospects,"Demote: only import-day notes (3/24 or 4/25), no real 2026 activity",2026-04-29 16:00:15,UPDATE
006WR00000wkA6dYAE,Howard Street,StageName,Prospecting,Prospects,"Demote: only import-day notes (3/24 or 4/25), no real 2026 activity",2026-04-29 16:00:15,UPDATE
006WR00000wkA6eYAE,Ovation Heartwood Preserve-Independent Living,StageName,Prospecting,Prospects,"Demote: only import-day notes (3/24 or 4/25), no real 2026 activity",2026-04-29 16:00:15,UPDATE
006WR00000wkA6gYAE,Atlas Apartments,StageName,Prospecting,Prospects,"Demote: only import-day notes (3/24 or 4/25), no real 2026 activity",2026-04-29 16:00:15,UPDATE
006WR00000wkA6hYAE,Citadel Apartments,StageName,Prospecting,Prospects,"Demote: only import-day notes (3/24 or 4/25), no real 2026 activity",2026-04-29 16:00:15,UPDATE
006WR00000wkA6jYAE,JC Wade Senior Villas,StageName,Prospecting,Prospects,"Demote: only import-day notes (3/24 or 4/25), no real 2026 activity",2026-04-29 16:00:15,UPDATE
006WR00000wkA6kYAE,Preserve at Evans Place [Tudor Heights],StageName,Prospecting,Prospects,"Demote: only import-day notes (3/24 or 4/25), no real 2026 activity",2026-04-29 16:00:15,UPDATE
006WR00000wkA6lYAE,Park 125,StageName,Prospecting,Prospects,"Demote: only import-day notes (3/24 or 4/25), no real 2026 activity",2026-04-29 16:00:15,UPDATE
006WR00000wkA6mYAE,The Biltmore Apartments,StageName,Prospecting,Prospects,"Demote: only import-day notes (3/24 or 4/25), no real 2026 activity",2026-04-29 16:00:15,UPDATE
006WR00000wkA6nYAE,Raintree Apartments,StageName,Prospecting,Prospects,"Demote: only import-day notes (3/24 or 4/25), no real 2026 activity",2026-04-29 16:00:15,UPDATE
006WR00000wkA6pYAE,Vivo Living Omaha,StageName,Prospecting,Prospects,"Demote: only import-day notes (3/24 or 4/25), no real 2026 activity",2026-04-29 16:00:15,UPDATE
006WR00000wkA6qYAE,Woodland Meadows,StageName,Prospecting,Prospects,"Demote: only import-day notes (3/24 or 4/25), no real 2026 activity",2026-04-29 16:00:15,UPDATE
006WR00000wkA6rYAE,Tides on University,StageName,Prospecting,Prospects,"Demote: only import-day notes (3/24 or 4/25), no real 2026 activity",2026-04-29 16:00:15,UPDATE
006WR00000wkA6sYAE,Quintana at Cooley Station,StageName,Prospecting,Prospects,"Demote: only import-day notes (3/24 or 4/25), no real 2026 activity",2026-04-29 16:00:15,UPDATE
006WR00000wkA6tYAE,Mahoney Village,StageName,Prospecting,Prospects,"Demote: only import-day notes (3/24 or 4/25), no real 2026 activity",2026-04-29 16:00:15,UPDATE
006WR00000wkA6uYAE,Cielo on Gilbert,StageName,Prospecting,Prospects,"Demote: only import-day notes (3/24 or 4/25), no real 2026 activity",2026-04-29 16:00:15,UPDATE
006WR00000wkA6vYAE,Georgetown Park Apartment Homes,StageName,Prospecting,Prospects,"Demote: only import-day notes (3/24 or 4/25), no real 2026 activity",2026-04-29 16:00:15,UPDATE
006WR00000wkA6wYAE,San Gabriel Apartments,StageName,Prospecting,Prospects,"Demote: only import-day notes (3/24 or 4/25), no real 2026 activity",2026-04-29 16:00:15,UPDATE
006WR00000wkA6yYAE,Irvington Heights,StageName,Prospecting,Prospects,"Demote: only import-day notes (3/24 or 4/25), no real 2026 activity",2026-04-29 16:00:15,UPDATE
006WR00000wkA72YAE,Trails at Carmel Creek,StageName,Prospecting,Prospects,"Demote: only import-day notes (3/24 or 4/25), no real 2026 activity",2026-04-29 16:00:15,UPDATE
006WR00000wkA73YAE,Heritage District,StageName,Prospecting,Prospects,"Demote: only import-day notes (3/24 or 4/25), no real 2026 activity",2026-04-29 16:00:15,UPDATE
006WR00000wkA77YAE,Carver Ridge Townhomes,StageName,Prospecting,Prospects,"Demote: only import-day notes (3/24 or 4/25), no real 2026 activity",2026-04-29 16:00:15,UPDATE
006WR00000wkA78YAE,The Place at Canyon Ridge,StageName,Prospecting,Prospects,"Demote: only import-day notes (3/24 or 4/25), no real 2026 activity",2026-04-29 16:00:15,UPDATE
006WR00000wkA79YAE,The Quin,StageName,Prospecting,Prospects,"Demote: only import-day notes (3/24 or 4/25), no real 2026 activity",2026-04-29 16:00:15,UPDATE
006WR00000wkA7AYAU,Lincoln Apartments _ FF Freddy,StageName,Prospecting,Prospects,"Demote: only import-day notes (3/24 or 4/25), no real 2026 activity",2026-04-29 16:00:15,UPDATE
006WR00000wkA7BYAU,Town & Country Mobile Homes,StageName,Prospecting,Prospects,"Demote: only import-day notes (3/24 or 4/25), no real 2026 activity",2026-04-29 16:00:15,UPDATE
006WR00000wkA7CYAU,Aurora Meadows Apartments (Lumen CO),StageName,Prospecting,Prospects,"Demote: only import-day notes (3/24 or 4/25), no real 2026 activity",2026-04-29 16:00:15,UPDATE
006WR00000wkA7DYAU,Coral Point Apartments,StageName,Prospecting,Prospects,"Demote: only import-day notes (3/24 or 4/25), no real 2026 activity",2026-04-29 16:00:15,UPDATE
006WR00000wkA7EYAU,Ivy Crossing Apartment Homes (Lumen CO),StageName,Prospecting,Prospects,"Demote: only import-day notes (3/24 or 4/25), no real 2026 activity",2026-04-29 16:00:15,UPDATE
006WR00000wkA7FYAU,Gilbert Square Apts,StageName,Prospecting,Prospects,"Demote: only import-day notes (3/24 or 4/25), no real 2026 activity",2026-04-29 16:00:15,UPDATE
006WR00000wkA7GYAU,Landry on 56,StageName,Prospecting,Prospects,"Demote: only import-day notes (3/24 or 4/25), no real 2026 activity",2026-04-29 16:00:15,UPDATE
006WR00000wkA7HYAU,Envision Apartments,StageName,Prospecting,Prospects,"Demote: only import-day notes (3/24 or 4/25), no real 2026 activity",2026-04-29 16:00:15,UPDATE
006WR00000wkA7IYAU,Sawgrass Links Townhomes_Lumen IA_Bryce,StageName,Prospecting,Prospects,"Demote: only import-day notes (3/24 or 4/25), no real 2026 activity",2026-04-29 16:00:15,UPDATE
006WR00000wkA7JYAU,Noahs Landing (Lumen FL_Starwood),StageName,Prospecting,Prospects,"Demote: only import-day notes (3/24 or 4/25), no real 2026 activity",2026-04-29 16:00:15,UPDATE
006WR00000wkA7KYAU,Whistler's Cove Apartments (Lumen FL_Starwood),StageName,Prospecting,Prospects,"Demote: only import-day notes (3/24 or 4/25), no real 2026 activity",2026-04-29 16:00:15,UPDATE
006WR00000wkA7LYAU,La Petite Chateau Apartments,StageName,Prospecting,Prospects,"Demote: only import-day notes (3/24 or 4/25), no real 2026 activity",2026-04-29 16:00:15,UPDATE
006WR00000wkA7MYAU,Discovery Point,StageName,Prospecting,Prospects,"Demote: only import-day notes (3/24 or 4/25), no real 2026 activity",2026-04-29 16:00:15,UPDATE
006WR00000wkA7NYAU,Buena Vista Point Apartments (Lumen FL_Starwood),StageName,Prospecting,Prospects,"Demote: only import-day notes (3/24 or 4/25), no real 2026 activity",2026-04-29 16:00:15,UPDATE
006WR00000wkA7OYAU,Emparrado Apartments,StageName,Prospecting,Prospects,"Demote: only import-day notes (3/24 or 4/25), no real 2026 activity",2026-04-29 16:00:15,UPDATE
006WR00000wkA7QYAU,Fountain East (MHP),StageName,Prospecting,Prospects,"Demote: only import-day notes (3/24 or 4/25), no real 2026 activity",2026-04-29 16:00:15,UPDATE
006WR00000wkA7RYAU,Alante at the Islands,StageName,Prospecting,Prospects,"Demote: only import-day notes (3/24 or 4/25), no real 2026 activity",2026-04-29 16:00:15,UPDATE
006WR00000wkA7SYAU,Vineyards at Trophy Club,StageName,Prospecting,Prospects,"Demote: only import-day notes (3/24 or 4/25), no real 2026 activity",2026-04-29 16:00:15,UPDATE
006WR00000wkA7TYAU,Level 550,StageName,Prospecting,Prospects,"Demote: only import-day notes (3/24 or 4/25), no real 2026 activity",2026-04-29 16:00:15,UPDATE
006WR00000wkA7UYAU,Coronado Mobile Home Park,StageName,Prospecting,Prospects,"Demote: only import-day notes (3/24 or 4/25), no real 2026 activity",2026-04-29 16:00:15,UPDATE
006WR00000wkA7VYAU,Seacrest Village,StageName,Prospecting,Prospects,"Demote: only import-day notes (3/24 or 4/25), no real 2026 activity",2026-04-29 16:00:15,UPDATE
006WR00000wkA7WYAU,Chandler Meadows Unfurnished Apartments,StageName,Prospecting,Prospects,"Demote: only import-day notes (3/24 or 4/25), no real 2026 activity",2026-04-29 16:00:15,UPDATE
006WR00000wkA7XYAU,Lucera Apartments,StageName,Prospecting,Prospects,"Demote: only import-day notes (3/24 or 4/25), no real 2026 activity",2026-04-29 16:00:15,UPDATE
006WR00000wkA7YYAU,Desert Jewel Apartments,StageName,Prospecting,Prospects,"Demote: only import-day notes (3/24 or 4/25), no real 2026 activity",2026-04-29 16:00:15,UPDATE
006WR00000wkA7ZYAU,Revere Ridge Apartments,StageName,Prospecting,Prospects,"Demote: only import-day notes (3/24 or 4/25), no real 2026 activity",2026-04-29 16:00:15,UPDATE
006WR00000wkA7bYAE,Delano Apartments,StageName,Prospecting,Prospects,"Demote: only import-day notes (3/24 or 4/25), no real 2026 activity",2026-04-29 16:00:15,UPDATE
006WR00000wkA7cYAE,Desert Valley Oasis (MHP),StageName,Prospecting,Prospects,"Demote: only import-day notes (3/24 or 4/25), no real 2026 activity",2026-04-29 16:00:15,UPDATE
006WR00000wkA7dYAE,Crescent Run (MHP),StageName,Prospecting,Prospects,"Demote: only import-day notes (3/24 or 4/25), no real 2026 activity",2026-04-29 16:00:15,UPDATE
006WR00000wkA7eYAE,Luxe 1930,StageName,Prospecting,Prospects,"Demote: only import-day notes (3/24 or 4/25), no real 2026 activity",2026-04-29 16:00:15,UPDATE
006WR00000wkA7fYAE,Christian Care Manor,StageName,Prospecting,Prospects,"Demote: only import-day notes (3/24 or 4/25), no real 2026 activity",2026-04-29 16:00:15,UPDATE
006WR00000wkA7gYAE,Las Palmas Grand (MHP),StageName,Prospecting,Prospects,"Demote: only import-day notes (3/24 or 4/25), no real 2026 activity",2026-04-29 16:00:15,UPDATE
006WR00000wkA7hYAE,Montero at Dana Park,StageName,Prospecting,Prospects,"Demote: only import-day notes (3/24 or 4/25), no real 2026 activity",2026-04-29 16:00:15,UPDATE
006WR00000wkA7iYAE,Lindsay Palms Apartments,StageName,Prospecting,Prospects,"Demote: only import-day notes (3/24 or 4/25), no real 2026 activity",2026-04-29 16:00:15,UPDATE
006WR00000wkA7jYAE,Encore on First,StageName,Prospecting,Prospects,"Demote: only import-day notes (3/24 or 4/25), no real 2026 activity",2026-04-29 16:00:15,UPDATE
006WR00000wkA7kYAE,Desert Palms Apartments,StageName,Prospecting,Prospects,"Demote: only import-day notes (3/24 or 4/25), no real 2026 activity",2026-04-29 16:00:15,UPDATE
006WR00000wkA7lYAE,Ashland Manor Apartments,StageName,Prospecting,Prospects,"Demote: only import-day notes (3/24 or 4/25), no real 2026 activity",2026-04-29 16:00:15,UPDATE
006WR00000wkA7mYAE,Modera Gilbert,StageName,Prospecting,Prospects,"Demote: only import-day notes (3/24 or 4/25), no real 2026 activity",2026-04-29 16:00:15,UPDATE
006WR00000wkA7nYAE,German Oaks,StageName,Prospecting,Prospects,"Demote: only import-day notes (3/24 or 4/25), no real 2026 activity",2026-04-29 16:00:15,UPDATE
006WR00000wkA7oYAE,Terrace Garden Apartments,StageName,Prospecting,Prospects,"Demote: only import-day notes (3/24 or 4/25), no real 2026 activity",2026-04-29 16:00:15,UPDATE
006WR00000wkA7pYAE,Whispering Pines Townhomes,StageName,Prospecting,Prospects,"Demote: only import-day notes (3/24 or 4/25), no real 2026 activity",2026-04-29 16:00:15,UPDATE
006WR00000wkA7qYAE,Cortland Mountain Vista,StageName,Prospecting,Prospects,"Demote: only import-day notes (3/24 or 4/25), no real 2026 activity",2026-04-29 16:00:15,UPDATE
006WR00000wkA7rYAE,Chateau Gardens Apartments,StageName,Prospecting,Prospects,"Demote: only import-day notes (3/24 or 4/25), no real 2026 activity",2026-04-29 16:00:15,UPDATE
006WR00000wkA7sYAE,Fairview Apartments,StageName,Prospecting,Prospects,"Demote: only import-day notes (3/24 or 4/25), no real 2026 activity",2026-04-29 16:00:15,UPDATE
006WR00000wkA7tYAE,Gentry's Walk,StageName,Prospecting,Prospects,"Demote: only import-day notes (3/24 or 4/25), no real 2026 activity",2026-04-29 16:00:15,UPDATE
006WR00000wkA7uYAE,Sunrise Village(MHP),StageName,Prospecting,Prospects,"Demote: only import-day notes (3/24 or 4/25), no real 2026 activity",2026-04-29 16:00:15,UPDATE
006WR00000wkA7vYAE,Country Club Verandas Apartments,StageName,Prospecting,Prospects,"Demote: only import-day notes (3/24 or 4/25), no real 2026 activity",2026-04-29 16:00:15,UPDATE
006WR00000wkA7wYAE,Autumn Creek Apartments,StageName,Prospecting,Prospects,"Demote: only import-day notes (3/24 or 4/25), no real 2026 activity",2026-04-29 16:00:15,UPDATE
006WR00000wkA7xYAE,Missouri Meadows Apartments,StageName,Prospecting,Prospects,"Demote: only import-day notes (3/24 or 4/25), no real 2026 activity",2026-04-29 16:00:15,UPDATE
006WR00000wkA7yYAE,Habitat Condos,StageName,Prospecting,Prospects,"Demote: only import-day notes (3/24 or 4/25), no real 2026 activity",2026-04-29 16:00:15,UPDATE
006WR00000wkA7zYAE,Wyndham Hill,StageName,Prospecting,Prospects,"Demote: only import-day notes (3/24 or 4/25), no real 2026 activity",2026-04-29 16:00:15,UPDATE
006WR00000wkA80YAE,Cortina Apartments,StageName,Prospecting,Prospects,"Demote: only import-day notes (3/24 or 4/25), no real 2026 activity",2026-04-29 16:00:15,UPDATE
006WR00000wkA81YAE,Avana Chandler,StageName,Prospecting,Prospects,"Demote: only import-day notes (3/24 or 4/25), no real 2026 activity",2026-04-29 16:00:15,UPDATE
006WR00000wkA82YAE,Benson Gardens Apartments,StageName,Prospecting,Prospects,"Demote: only import-day notes (3/24 or 4/25), no real 2026 activity",2026-04-29 16:00:15,UPDATE
006WR00000wkA83YAE,Cactus Gardens,StageName,Prospecting,Prospects,"Demote: only import-day notes (3/24 or 4/25), no real 2026 activity",2026-04-29 16:00:15,UPDATE
006WR00000wkA84YAE,Palmas Del Sol,StageName,Prospecting,Prospects,"Demote: only import-day notes (3/24 or 4/25), no real 2026 activity",2026-04-29 16:00:15,UPDATE
006WR00000wkA85YAE,Cimarron Apartments,StageName,Prospecting,Prospects,"Demote: only import-day notes (3/24 or 4/25), no real 2026 activity",2026-04-29 16:00:15,UPDATE
006WR00000wkA86YAE,Pueblo Grande (MHP),StageName,Prospecting,Prospects,"Demote: only import-day notes (3/24 or 4/25), no real 2026 activity",2026-04-29 16:00:15,UPDATE
006WR00000wkA87YAE,Camino del Rey (HOA),StageName,Prospecting,Prospects,"Demote: only import-day notes (3/24 or 4/25), no real 2026 activity",2026-04-29 16:00:15,UPDATE
006WR00000wkA88YAE,Cottonwood Apartments (Mesa),StageName,Prospecting,Prospects,"Demote: only import-day notes (3/24 or 4/25), no real 2026 activity",2026-04-29 16:00:15,UPDATE
006WR00000wkA89YAE,Club 715,StageName,Prospecting,Prospects,"Demote: only import-day notes (3/24 or 4/25), no real 2026 activity",2026-04-29 16:00:15,UPDATE
006WR00000wkA8AYAU,The Grove at Hickman,StageName,Prospecting,Prospects,"Demote: only import-day notes (3/24 or 4/25), no real 2026 activity",2026-04-29 16:00:15,UPDATE
006WR00000wkA8BYAU,Pennytree Apartments,StageName,Prospecting,Prospects,"Demote: only import-day notes (3/24 or 4/25), no real 2026 activity",2026-04-29 16:00:15,UPDATE
006WR00000wkA8CYAU,Avilla Lehi Crossing,StageName,Prospecting,Prospects,"Demote: only import-day notes (3/24 or 4/25), no real 2026 activity",2026-04-29 16:00:15,UPDATE
006WR00000wkA8DYAU,Country Club Greens,StageName,Prospecting,Prospects,"Demote: only import-day notes (3/24 or 4/25), no real 2026 activity",2026-04-29 16:00:15,UPDATE
006WR00000wkA8EYAU,Canal on Baseline,StageName,Prospecting,Prospects,"Demote: only import-day notes (3/24 or 4/25), no real 2026 activity",2026-04-29 16:00:15,UPDATE
006WR00000wkA8FYAU,Maplewood Court Apartments,StageName,Prospecting,Prospects,"Demote: only import-day notes (3/24 or 4/25), no real 2026 activity",2026-04-29 16:00:15,UPDATE
006WR00000wkA8HYAU,Rise Country Club,StageName,Prospecting,Prospects,"Demote: only import-day notes (3/24 or 4/25), no real 2026 activity",2026-04-29 16:00:15,UPDATE
006WR00000wkA8IYAU,Keystone Park Apartments,StageName,Prospecting,Prospects,"Demote: only import-day notes (3/24 or 4/25), no real 2026 activity",2026-04-29 16:00:15,UPDATE
006WR00000wkA8JYAU,Dartmoor Apartments,StageName,Prospecting,Prospects,"Demote: only import-day notes (3/24 or 4/25), no real 2026 activity",2026-04-29 16:00:15,UPDATE
006WR00000wkA8KYAU,Desert Village(MHP),StageName,Prospecting,Prospects,"Demote: only import-day notes (3/24 or 4/25), no real 2026 activity",2026-04-29 16:00:15,UPDATE
006WR00000wkA8MYAU,Colores Del Sol,StageName,Prospecting,Prospects,"Demote: only import-day notes (3/24 or 4/25), no real 2026 activity",2026-04-29 16:00:15,UPDATE
006WR00000wkA8OYAU,Elan Solana Pointe,StageName,Prospecting,Prospects,"Demote: only import-day notes (3/24 or 4/25), no real 2026 activity",2026-04-29 16:00:15,UPDATE
006WR00000wkA8PYAU,Connect on University,StageName,Prospecting,Prospects,"Demote: only import-day notes (3/24 or 4/25), no real 2026 activity",2026-04-29 16:00:15,UPDATE
006WR00000wkA8QYAU,Cornerstone Manor Apartments,StageName,Prospecting,Prospects,"Demote: only import-day notes (3/24 or 4/25), no real 2026 activity",2026-04-29 16:00:15,UPDATE
006WR00000wkA8RYAU,Lakeview at Superstition Springs Amentspart,StageName,Prospecting,Prospects,"Demote: only import-day notes (3/24 or 4/25), no real 2026 activity",2026-04-29 16:00:15,UPDATE
006WR00000wkA8SYAU,Horne Patio Homes,StageName,Prospecting,Prospects,"Demote: only import-day notes (3/24 or 4/25), no real 2026 activity",2026-04-29 16:00:15,UPDATE
006WR00000wkA8TYAU,Saratoga West Condominiums,StageName,Prospecting,Prospects,"Demote: only import-day notes (3/24 or 4/25), no real 2026 activity",2026-04-29 16:00:15,UPDATE
006WR00000wkA8UYAU,Gateway Village Apartments,StageName,Prospecting,Prospects,"Demote: only import-day notes (3/24 or 4/25), no real 2026 activity",2026-04-29 16:00:15,UPDATE
006WR00000wkA8VYAU,Copperstone Apartments,StageName,Prospecting,Prospects,"Demote: only import-day notes (3/24 or 4/25), no real 2026 activity",2026-04-29 16:00:15,UPDATE
006WR00000wkA8WYAU,Olive Tree Vistas,StageName,Prospecting,Prospects,"Demote: only import-day notes (3/24 or 4/25), no real 2026 activity",2026-04-29 16:00:15,UPDATE
006WR00000wkA8YYAU,Vaseo Apartments,StageName,Prospecting,Prospects,"Demote: only import-day notes (3/24 or 4/25), no real 2026 activity",2026-04-29 16:00:15,UPDATE
006WR00000wkA8ZYAU,Del Mar Downs Condos,StageName,Prospecting,Prospects,"Demote: only import-day notes (3/24 or 4/25), no real 2026 activity",2026-04-29 16:00:15,UPDATE
006WR00000wkA8aYAE,Beau Manor Townhomes,StageName,Prospecting,Prospects,"Demote: only import-day notes (3/24 or 4/25), no real 2026 activity",2026-04-29 16:00:15,UPDATE
006WR00000wkA8bYAE,Glen at Mesa,StageName,Prospecting,Prospects,"Demote: only import-day notes (3/24 or 4/25), no real 2026 activity",2026-04-29 16:00:15,UPDATE
006WR00000wkA8dYAE,Glenhaven Estates,StageName,Prospecting,Prospects,"Demote: only import-day notes (3/24 or 4/25), no real 2026 activity",2026-04-29 16:00:15,UPDATE
006WR00000wkA8eYAE,Park Crest,StageName,Prospecting,Prospects,"Demote: only import-day notes (3/24 or 4/25), no real 2026 activity",2026-04-29 16:00:15,UPDATE
006WR00000wkA8fYAE,Bernard Richard Apartments,StageName,Prospecting,Prospects,"Demote: only import-day notes (3/24 or 4/25), no real 2026 activity",2026-04-29 16:00:15,UPDATE
006WR00000wkA8gYAE,Hillside Park Apartments,StageName,Prospecting,Prospects,"Demote: only import-day notes (3/24 or 4/25), no real 2026 activity",2026-04-29 16:00:15,UPDATE
006WR00000wkA8hYAE,Mesa Royale Apts,StageName,Prospecting,Prospects,"Demote: only import-day notes (3/24 or 4/25), no real 2026 activity",2026-04-29 16:00:15,UPDATE
006WR00000wkA8iYAE,La Cascada,StageName,Prospecting,Prospects,"Demote: only import-day notes (3/24 or 4/25), no real 2026 activity",2026-04-29 16:00:15,UPDATE
006WR00000wkA8jYAE,La Casita MHP,StageName,Prospecting,Prospects,"Demote: only import-day notes (3/24 or 4/25), no real 2026 activity",2026-04-29 16:00:15,UPDATE
006WR00000wkA8nYAE,Ville de Sante Terrace Apartments (1),StageName,Prospecting,Prospects,"Demote: only import-day notes (3/24 or 4/25), no real 2026 activity",2026-04-29 16:00:15,UPDATE
006WR00000wkA8oYAE,Buenas North Harris (Harris Place Apts old name),StageName,Prospecting,Prospects,"Demote: only import-day notes (3/24 or 4/25), no real 2026 activity",2026-04-29 16:00:15,UPDATE
006WR00000wkA8pYAE,Caravelle Apartments,StageName,Prospecting,Prospects,"Demote: only import-day notes (3/24 or 4/25), no real 2026 activity",2026-04-29 16:00:15,UPDATE
006WR00000wkA8qYAE,Aspen Condos,StageName,Prospecting,Prospects,"Demote: only import-day notes (3/24 or 4/25), no real 2026 activity",2026-04-29 16:00:15,UPDATE
006WR00000wkA8rYAE,Laurel Hill Apartments,StageName,Prospecting,Prospects,"Demote: only import-day notes (3/24 or 4/25), no real 2026 activity",2026-04-29 16:00:15,UPDATE
006WR00000wkA8sYAE,Magana Apartments,StageName,Prospecting,Prospects,"Demote: only import-day notes (3/24 or 4/25), no real 2026 activity",2026-04-29 16:00:15,UPDATE
006WR00000wkA8tYAE,Corby Castle Apts,StageName,Prospecting,Prospects,"Demote: only import-day notes (3/24 or 4/25), no real 2026 activity",2026-04-29 16:00:15,UPDATE
006WR00000wkA8uYAE,Lepuy Apartments,StageName,Prospecting,Prospects,"Demote: only import-day notes (3/24 or 4/25), no real 2026 activity",2026-04-29 16:00:15,UPDATE
006WR00000wkA8vYAE,Coronado Condominiums,StageName,Prospecting,Prospects,"Demote: only import-day notes (3/24 or 4/25), no real 2026 activity",2026-04-29 16:00:15,UPDATE
006WR00000wkA8wYAE,Cypress Pointe II Apartment Complex,StageName,Prospecting,Prospects,"Demote: only import-day notes (3/24 or 4/25), no real 2026 activity",2026-04-29 16:00:15,UPDATE
006WR00000wkA8xYAE,IMT Desert Palm Village,StageName,Prospecting,Prospects,"Demote: only import-day notes (3/24 or 4/25), no real 2026 activity",2026-04-29 16:00:15,UPDATE
006WR00000wkA90YAE,Villa Del Rey _ FF Freddy,StageName,Prospecting,Prospects,"Demote: only import-day notes (3/24 or 4/25), no real 2026 activity",2026-04-29 16:00:15,UPDATE
006WR00000wkA91YAE,Bloomfield Forum,StageName,Prospecting,Prospects,"Demote: only import-day notes (3/24 or 4/25), no real 2026 activity",2026-04-29 16:00:15,UPDATE
006WR00000wkA92YAE,The Springs at 1100,StageName,Prospecting,Prospects,"Demote: only import-day notes (3/24 or 4/25), no real 2026 activity",2026-04-29 16:00:15,UPDATE
006WR00000wkA93YAE,Woodstone Townhomes,StageName,Prospecting,Prospects,"Demote: only import-day notes (3/24 or 4/25), no real 2026 activity",2026-04-29 16:00:15,UPDATE
006WR00000wkA94YAE,Cortland Riverside Apartments,StageName,Prospecting,Prospects,"Demote: only import-day notes (3/24 or 4/25), no real 2026 activity",2026-04-29 16:00:15,UPDATE
006WR00000wkA96YAE,Birchway Quarry Falls Apartments,StageName,Prospecting,Prospects,"Demote: only import-day notes (3/24 or 4/25), no real 2026 activity",2026-04-29 16:00:15,UPDATE
006WR00000wkA98YAE,Churchill at Golden Triangle,StageName,Prospecting,Prospects,"Demote: only import-day notes (3/24 or 4/25), no real 2026 activity",2026-04-29 16:00:15,UPDATE
006WR00000wkA99YAE,Oasis at Mesa Palms,StageName,Prospecting,Prospects,"Demote: only import-day notes (3/24 or 4/25), no real 2026 activity",2026-04-29 16:00:15,UPDATE
006WR00000wkA9AYAU,Partridge Place,StageName,Prospecting,Prospects,"Demote: only import-day notes (3/24 or 4/25), no real 2026 activity",2026-04-29 16:00:15,UPDATE
006WR00000wkA9CYAU,Brookside,StageName,Prospecting,Prospects,"Demote: only import-day notes (3/24 or 4/25), no real 2026 activity",2026-04-29 16:00:15,UPDATE
006WR00000wkA9DYAU,College Park Apartments,StageName,Prospecting,Prospects,"Demote: only import-day notes (3/24 or 4/25), no real 2026 activity",2026-04-29 16:00:15,UPDATE
006WR00000wkA9EYAU,Allora Georgetown,StageName,Prospecting,Prospects,"Demote: only import-day notes (3/24 or 4/25), no real 2026 activity",2026-04-29 16:00:15,UPDATE
006WR00000wkA9FYAU,Azle Creek Apartments,StageName,Prospecting,Prospects,"Demote: only import-day notes (3/24 or 4/25), no real 2026 activity",2026-04-29 16:00:15,UPDATE
006WR00000wkA9GYAU,College Park,StageName,Prospecting,Prospects,"Demote: only import-day notes (3/24 or 4/25), no real 2026 activity",2026-04-29 16:00:15,UPDATE
006WR00000wkA9JYAU,Park Centre Casitas Condos,StageName,Prospecting,Prospects,"Demote: only import-day notes (3/24 or 4/25), no real 2026 activity",2026-04-29 16:00:15,UPDATE
006WR00000wkA9KYAU,River Oaks Apartments,StageName,Prospecting,Prospects,"Demote: only import-day notes (3/24 or 4/25), no real 2026 activity",2026-04-29 16:00:15,UPDATE
006WR00000wkA9LYAU,Stepping Stone Apartments,StageName,Prospecting,Prospects,"Demote: only import-day notes (3/24 or 4/25), no real 2026 activity",2026-04-29 16:00:15,UPDATE
006WR00000wkA9MYAU,Grace Place Apartments,StageName,Prospecting,Prospects,"Demote: only import-day notes (3/24 or 4/25), no real 2026 activity",2026-04-29 16:00:15,UPDATE
006WR00000wkA9NYAU,Village at East Riverside,StageName,Prospecting,Prospects,"Demote: only import-day notes (3/24 or 4/25), no real 2026 activity",2026-04-29 16:00:15,UPDATE
006WR00000wkAB3YAM,Persimmon Terrace Apartments,StageName,Prospecting,Prospects,"Demote: only import-day notes (3/24 or 4/25), no real 2026 activity",2026-04-29 16:00:15,UPDATE
006WR00000wkAB4YAM,Vista Torre,StageName,Prospecting,Prospects,"Demote: only import-day notes (3/24 or 4/25), no real 2026 activity",2026-04-29 16:00:15,UPDATE
006WR00000wkAB5YAM,Oakwood,StageName,Prospecting,Prospects,"Demote: only import-day notes (3/24 or 4/25), no real 2026 activity",2026-04-29 16:00:15,UPDATE
006WR00000wkAB6YAM,Tuscana Townhomes,StageName,Prospecting,Prospects,"Demote: only import-day notes (3/24 or 4/25), no real 2026 activity",2026-04-29 16:00:15,UPDATE
006WR00000wkAB7YAM,Moonlight,StageName,Prospecting,Prospects,"Demote: only import-day notes (3/24 or 4/25), no real 2026 activity",2026-04-29 16:00:15,UPDATE
006WR00000wkAB8YAM,Porvenir Estates II,StageName,Prospecting,Prospects,"Demote: only import-day notes (3/24 or 4/25), no real 2026 activity",2026-04-29 16:00:15,UPDATE
006WR00000wkAB9YAM,Porvenir Estates I,StageName,Prospecting,Prospects,"Demote: only import-day notes (3/24 or 4/25), no real 2026 activity",2026-04-29 16:00:15,UPDATE
006WR00000wkABAYA2,Huron Plaza,StageName,Prospecting,Prospects,"Demote: only import-day notes (3/24 or 4/25), no real 2026 activity",2026-04-29 16:00:15,UPDATE
006WR00000wkABBYA2,Niland,StageName,Prospecting,Prospects,"Demote: only import-day notes (3/24 or 4/25), no real 2026 activity",2026-04-29 16:00:15,UPDATE
006WR00000wkABCYA2,Placer West,StageName,Prospecting,Prospects,"Demote: only import-day notes (3/24 or 4/25), no real 2026 activity",2026-04-29 16:00:15,UPDATE
006WR00000wkABDYA2,The Shadows Garden Apts,StageName,Prospecting,Prospects,"Demote: only import-day notes (3/24 or 4/25), no real 2026 activity",2026-04-29 16:00:15,UPDATE
006WR00000wkABEYA2,Harvard,StageName,Prospecting,Prospects,"Demote: only import-day notes (3/24 or 4/25), no real 2026 activity",2026-04-29 16:00:15,UPDATE
006WR00000wkABFYA2,12th & D Apartments,StageName,Prospecting,Prospects,"Demote: only import-day notes (3/24 or 4/25), no real 2026 activity",2026-04-29 16:00:15,UPDATE
006WR00000wkABGYA2,Creekside Colony Apartments,StageName,Prospecting,Prospects,"Demote: only import-day notes (3/24 or 4/25), no real 2026 activity",2026-04-29 16:00:15,UPDATE
006WR00000wkABHYA2,Park on Riley,StageName,Prospecting,Prospects,"Demote: only import-day notes (3/24 or 4/25), no real 2026 activity",2026-04-29 16:00:15,UPDATE
006WR00000wkABIYA2,Sierra Oaks Apartments,StageName,Prospecting,Prospects,"Demote: only import-day notes (3/24 or 4/25), no real 2026 activity",2026-04-29 16:00:15,UPDATE
006WR00000wkABJYA2,Walnut Hill Apartments,StageName,Prospecting,Prospects,"Demote: only import-day notes (3/24 or 4/25), no real 2026 activity",2026-04-29 16:00:15,UPDATE
006WR00000wkABKYA2,Katy Creek,StageName,Prospecting,Prospects,"Demote: only import-day notes (3/24 or 4/25), no real 2026 activity",2026-04-29 16:00:15,UPDATE
006WR00000wkABLYA2,Breckenridge Apartments,StageName,Prospecting,Prospects,"Demote: only import-day notes (3/24 or 4/25), no real 2026 activity",2026-04-29 16:00:15,UPDATE
006WR00000wkABMYA2,Crestmoor Park South,StageName,Prospecting,Prospects,"Demote: only import-day notes (3/24 or 4/25), no real 2026 activity",2026-04-29 16:00:15,UPDATE
006WR00000wkABNYA2,Crestmoor Park West,StageName,Prospecting,Prospects,"Demote: only import-day notes (3/24 or 4/25), no real 2026 activity",2026-04-29 16:00:15,UPDATE
006WR00000wkABOYA2,Comanche Retirement Village,StageName,Prospecting,Prospects,"Demote: only import-day notes (3/24 or 4/25), no real 2026 activity",2026-04-29 16:00:15,UPDATE
006WR00000wkABPYA2,Dekalb Apartments,StageName,Prospecting,Prospects,"Demote: only import-day notes (3/24 or 4/25), no real 2026 activity",2026-04-29 16:00:15,UPDATE
006WR00000wkABQYA2,Colony Park Apartments,StageName,Prospecting,Prospects,"Demote: only import-day notes (3/24 or 4/25), no real 2026 activity",2026-04-29 16:00:15,UPDATE
006WR00000wkABRYA2,Camelot Square Apartments,StageName,Prospecting,Prospects,"Demote: only import-day notes (3/24 or 4/25), no real 2026 activity",2026-04-29 16:00:15,UPDATE
006WR00000wkABSYA2,Somervell Apartments,StageName,Prospecting,Prospects,"Demote: only import-day notes (3/24 or 4/25), no real 2026 activity",2026-04-29 16:00:15,UPDATE
006WR00000wkABTYA2,Glen Rose Apartments,StageName,Prospecting,Prospects,"Demote: only import-day notes (3/24 or 4/25), no real 2026 activity",2026-04-29 16:00:15,UPDATE
006WR00000wkABUYA2,Emerald RV,StageName,Prospecting,Prospects,"Demote: only import-day notes (3/24 or 4/25), no real 2026 activity",2026-04-29 16:00:15,UPDATE
006WR00000wkABVYA2,Allen's Point Apartments,StageName,Prospecting,Prospects,"Demote: only import-day notes (3/24 or 4/25), no real 2026 activity",2026-04-29 16:00:15,UPDATE
006WR00000wkABWYA2,Hillside Apartments,StageName,Prospecting,Prospects,"Demote: only import-day notes (3/24 or 4/25), no real 2026 activity",2026-04-29 16:00:15,UPDATE
006WR00000wkABXYA2,Kaufman Retirement Village (fka Cedar Ridge),StageName,Prospecting,Prospects,"Demote: only import-day notes (3/24 or 4/25), no real 2026 activity",2026-04-29 16:00:15,UPDATE
006WR00000wkABYYA2,Commonwealth I,StageName,Prospecting,Prospects,"Demote: only import-day notes (3/24 or 4/25), no real 2026 activity",2026-04-29 16:00:15,UPDATE
006WR00000wkABZYA2,Regal Apartments,StageName,Prospecting,Prospects,"Demote: only import-day notes (3/24 or 4/25), no real 2026 activity",2026-04-29 16:00:15,UPDATE
006WR00000wkABaYAM,Waterwood Apartments,StageName,Prospecting,Prospects,"Demote: only import-day notes (3/24 or 4/25), no real 2026 activity",2026-04-29 16:00:15,UPDATE
006WR00000wkABbYAM,Venus Retirement Village,StageName,Prospecting,Prospects,"Demote: only import-day notes (3/24 or 4/25), no real 2026 activity",2026-04-29 16:00:15,UPDATE
006WR00000wkABcYAM,Whitney Place Apartments,StageName,Prospecting,Prospects,"Demote: only import-day notes (3/24 or 4/25), no real 2026 activity",2026-04-29 16:00:15,UPDATE
006WR00000wkABdYAM,Whitney Retirement Village,StageName,Prospecting,Prospects,"Demote: only import-day notes (3/24 or 4/25), no real 2026 activity",2026-04-29 16:00:15,UPDATE
006WR00000wkABeYAM,Azlewood,StageName,Prospecting,Prospects,"Demote: only import-day notes (3/24 or 4/25), no real 2026 activity",2026-04-29 16:00:15,UPDATE
006WR00000wkABfYAM,Ingersoll Square Phase I/II,StageName,Prospecting,Prospects,"Demote: only import-day notes (3/24 or 4/25), no real 2026 activity",2026-04-29 16:00:15,UPDATE
006WR00000wkABgYAM,Ingersoll Square Phase III,StageName,Prospecting,Prospects,"Demote: only import-day notes (3/24 or 4/25), no real 2026 activity",2026-04-29 16:00:15,UPDATE
006WR00000wkABhYAM,Northpointe Apartments,StageName,Prospecting,Prospects,"Demote: only import-day notes (3/24 or 4/25), no real 2026 activity",2026-04-29 16:00:15,UPDATE
006WR00000wkABiYAM,Bexley Apartments,StageName,Prospecting,Prospects,"Demote: only import-day notes (3/24 or 4/25), no real 2026 activity",2026-04-29 16:00:15,UPDATE
006WR00000wkABjYAM,Country Oaks Apartments,StageName,Prospecting,Prospects,"Demote: only import-day notes (3/24 or 4/25), no real 2026 activity",2026-04-29 16:00:15,UPDATE
006WR00000wkABkYAM,Black Rock Ridge Townhomes,StageName,Prospecting,Prospects,"Demote: only import-day notes (3/24 or 4/25), no real 2026 activity",2026-04-29 16:00:15,UPDATE
006WR00000wkABlYAM,Canyon Ranch Condos,StageName,Prospecting,Prospects,"Demote: only import-day notes (3/24 or 4/25), no real 2026 activity",2026-04-29 16:00:15,UPDATE
006WR00000wkABmYAM,Kings Court Apartments [M street],StageName,Prospecting,Prospects,"Demote: only import-day notes (3/24 or 4/25), no real 2026 activity",2026-04-29 16:00:15,UPDATE
006WR00000wkABnYAM,2121 Belmont,StageName,Prospecting,Prospects,"Demote: only import-day notes (3/24 or 4/25), no real 2026 activity",2026-04-29 16:00:15,UPDATE
006WR00000wkABoYAM,Beachwalk Condos,StageName,Prospecting,Prospects,"Demote: only import-day notes (3/24 or 4/25), no real 2026 activity",2026-04-29 16:00:15,UPDATE
006WR00000wkABqYAM,The Dalton Apartments,StageName,Prospecting,Prospects,"Demote: only import-day notes (3/24 or 4/25), no real 2026 activity",2026-04-29 16:00:15,UPDATE
006WR00000wkABrYAM,Star Estates MHP,StageName,Prospecting,Prospects,"Demote: only import-day notes (3/24 or 4/25), no real 2026 activity",2026-04-29 16:00:15,UPDATE
006WR00000wkABsYAM,Heritage Manor,StageName,Prospecting,Prospects,"Demote: only import-day notes (3/24 or 4/25), no real 2026 activity",2026-04-29 16:00:15,UPDATE
006WR00000wkABtYAM,Elan Alicante Apartments,StageName,Prospecting,Prospects,"Demote: only import-day notes (3/24 or 4/25), no real 2026 activity",2026-04-29 16:00:15,UPDATE
006WR00000wkABuYAM,Park Del Mar Condos,StageName,Prospecting,Prospects,"Demote: only import-day notes (3/24 or 4/25), no real 2026 activity",2026-04-29 16:00:15,UPDATE
006WR00000wkABvYAM,Elan Seacrest Encinitas Apartments,StageName,Prospecting,Prospects,"Demote: only import-day notes (3/24 or 4/25), no real 2026 activity",2026-04-29 16:00:15,UPDATE
006WR00000wkABwYAM,Pleasant View MHP,StageName,Prospecting,Prospects,"Demote: only import-day notes (3/24 or 4/25), no real 2026 activity",2026-04-29 16:00:15,UPDATE
006WR00000wkABxYAM,Liberty Landing AKA Century Park Apartments,StageName,Prospecting,Prospects,"Demote: only import-day notes (3/24 or 4/25), no real 2026 activity",2026-04-29 16:00:15,UPDATE
006WR00000wkAByYAM,New Life RV Park,StageName,Prospecting,Prospects,"Demote: only import-day notes (3/24 or 4/25), no real 2026 activity",2026-04-29 16:00:15,UPDATE
006WR00000wkABzYAM,KILLEEN_MDU_Lowrance HOA,StageName,Prospecting,Prospects,"Demote: only import-day notes (3/24 or 4/25), no real 2026 activity",2026-04-29 16:00:15,UPDATE
006WR00000wkAC0YAM,Bull Run Apts,StageName,Prospecting,Prospects,"Demote: only import-day notes (3/24 or 4/25), no real 2026 activity",2026-04-29 16:00:15,UPDATE
006WR00000wkAC3YAM,Mesa Garden Apartments,StageName,Prospecting,Prospects,"Demote: only import-day notes (3/24 or 4/25), no real 2026 activity",2026-04-29 16:00:15,UPDATE
006WR00000wkAC4YAM,Sycamore Greens,StageName,Prospecting,Prospects,"Demote: only import-day notes (3/24 or 4/25), no real 2026 activity",2026-04-29 16:00:15,UPDATE
006WR00000wkAC5YAM,Sycamore Ridge Apartments,StageName,Prospecting,Prospects,"Demote: only import-day notes (3/24 or 4/25), no real 2026 activity",2026-04-29 16:00:15,UPDATE
006WR00000wkAC6YAM,Elan Shadowridge Meadows,StageName,Prospecting,Prospects,"Demote: only import-day notes (3/24 or 4/25), no real 2026 activity",2026-04-29 16:00:15,UPDATE
006WR00000wkAC7YAM,Sofi Shadowridge,StageName,Prospecting,Prospects,"Demote: only import-day notes (3/24 or 4/25), no real 2026 activity",2026-04-29 16:00:15,UPDATE
006WR00000wkAC8YAM,Shadow Ridge Park Apartments,StageName,Prospecting,Prospects,"Demote: only import-day notes (3/24 or 4/25), no real 2026 activity",2026-04-29 16:00:15,UPDATE
006WR00000wkAC9YAM,Sycamore Hills Village,StageName,Prospecting,Prospects,"Demote: only import-day notes (3/24 or 4/25), no real 2026 activity",2026-04-29 16:00:15,UPDATE
006WR00000wkACAYA2,Pepperwood Apartments,StageName,Prospecting,Prospects,"Demote: only import-day notes (3/24 or 4/25), no real 2026 activity",2026-04-29 16:00:15,UPDATE
006WR00000wkACBYA2,Oak Manor,StageName,Prospecting,Prospects,"Demote: only import-day notes (3/24 or 4/25), no real 2026 activity",2026-04-29 16:00:15,UPDATE
006WR00000wkACCYA2,Foothill Courtyards,StageName,Prospecting,Prospects,"Demote: only import-day notes (3/24 or 4/25), no real 2026 activity",2026-04-29 16:00:15,UPDATE
006WR00000wkACEYA2,Birchwood Apts,StageName,Prospecting,Prospects,"Demote: only import-day notes (3/24 or 4/25), no real 2026 activity",2026-04-29 16:00:15,UPDATE
006WR00000wkACFYA2,Blondo Plaza Apartments,StageName,Prospecting,Prospects,"Demote: only import-day notes (3/24 or 4/25), no real 2026 activity",2026-04-29 16:00:15,UPDATE
006WR00000wkACcYAM,Larkspur Apartments,StageName,Prospecting,Prospects,"Demote: only import-day notes (3/24 or 4/25), no real 2026 activity",2026-04-29 16:00:15,UPDATE
006WR00000wkACdYAM,Carroll at Rivery Ranch,StageName,Prospecting,Prospects,"Demote: only import-day notes (3/24 or 4/25), no real 2026 activity",2026-04-29 16:00:15,UPDATE
006WR00000wkACeYAM,Caroline at Georgtown,StageName,Prospecting,Prospects,"Demote: only import-day notes (3/24 or 4/25), no real 2026 activity",2026-04-29 16:00:15,UPDATE
006WR00000wkACfYAM,Bexley Wolf Ranch,StageName,Prospecting,Prospects,"Demote: only import-day notes (3/24 or 4/25), no real 2026 activity",2026-04-29 16:00:15,UPDATE
006WR00000wkAUqYAM,Clyburn At Stapleton,StageName,Prospecting,Prospects,"Demote: only import-day notes (3/24 or 4/25), no real 2026 activity",2026-04-29 16:00:15,UPDATE
006WR00000wkAVPYA2,Benedict Park Place,StageName,Prospecting,Prospects,"Demote: only import-day notes (3/24 or 4/25), no real 2026 activity",2026-04-29 16:00:15,UPDATE
006WR00000wkAVjYAM,Hillsborough,StageName,Prospecting,Prospects,"Demote: only import-day notes (3/24 or 4/25), no real 2026 activity",2026-04-29 16:00:15,UPDATE
006WR00000wkAVoYAM,Tides at East Glendale - UP,StageName,Prospecting,Prospects,"Demote: only import-day notes (3/24 or 4/25), no real 2026 activity",2026-04-29 16:00:15,UPDATE
006WR00000wkAjTYAU,Whitton Heights,StageName,Prospecting,Prospects,"Demote: only import-day notes (3/24 or 4/25), no real 2026 activity",2026-04-29 16:00:15,UPDATE
006WR00000wkAjbYAE,Friendly Mobile Home Park,StageName,Prospecting,Prospects,"Demote: only import-day notes (3/24 or 4/25), no real 2026 activity",2026-04-29 16:00:15,UPDATE
006WR00000wkAjeYAE,Shadow Ridge Apartments,StageName,Prospecting,Prospects,"Demote: only import-day notes (3/24 or 4/25), no real 2026 activity",2026-04-29 16:00:15,UPDATE
006WR00000wkAjfYAE,Summit By The Lake,StageName,Prospecting,Prospects,"Demote: only import-day notes (3/24 or 4/25), no real 2026 activity",2026-04-29 16:00:15,UPDATE
006WR00000wkAjuYAE,Country Villas,StageName,Prospecting,Prospects,"Demote: only import-day notes (3/24 or 4/25), no real 2026 activity",2026-04-29 16:00:15,UPDATE
006WR00000wkAjvYAE,The Villages of Monterey,StageName,Prospecting,Prospects,"Demote: only import-day notes (3/24 or 4/25), no real 2026 activity",2026-04-29 16:00:15,UPDATE
006WR00000wkAjwYAE,Presidio at Rancho Del Oro,StageName,Prospecting,Prospects,"Demote: only import-day notes (3/24 or 4/25), no real 2026 activity",2026-04-29 16:00:15,UPDATE
006WR00000wkAjxYAE,Mission Hills,StageName,Prospecting,Prospects,"Demote: only import-day notes (3/24 or 4/25), no real 2026 activity",2026-04-29 16:00:15,UPDATE
006WR00000wkAjyYAE,Valley View,StageName,Prospecting,Prospects,"Demote: only import-day notes (3/24 or 4/25), no real 2026 activity",2026-04-29 16:00:15,UPDATE
006WR00000wkAjzYAE,Ocean Breeze Senior Village,StageName,Prospecting,Prospects,"Demote: only import-day notes (3/24 or 4/25), no real 2026 activity",2026-04-29 16:00:15,UPDATE
006WR00000wkAk0YAE,Windsor Aviara,StageName,Prospecting,Prospects,"Demote: only import-day notes (3/24 or 4/25), no real 2026 activity",2026-04-29 16:00:15,UPDATE
006WR00000wkAk1YAE,The Bluffs at Carlsbad,StageName,Prospecting,Prospects,"Demote: only import-day notes (3/24 or 4/25), no real 2026 activity",2026-04-29 16:00:15,UPDATE
006WR00000wkAk2YAE,Carlsbad Station,StageName,Prospecting,Prospects,"Demote: only import-day notes (3/24 or 4/25), no real 2026 activity",2026-04-29 16:00:15,UPDATE
006WR00000wkAk3YAE,Inwood Station,StageName,Prospecting,Prospects,"Demote: only import-day notes (3/24 or 4/25), no real 2026 activity",2026-04-29 16:00:15,UPDATE
006WR00000wkAk4YAE,Maple at Med Center,StageName,Prospecting,Prospects,"Demote: only import-day notes (3/24 or 4/25), no real 2026 activity",2026-04-29 16:00:15,UPDATE
006WR00000wkAk5YAE,Flower Fields,StageName,Prospecting,Prospects,"Demote: only import-day notes (3/24 or 4/25), no real 2026 activity",2026-04-29 16:00:15,UPDATE
006WR00000wkAk6YAE,Seagate Condominium Rentals,StageName,Prospecting,Prospects,"Demote: only import-day notes (3/24 or 4/25), no real 2026 activity",2026-04-29 16:00:15,UPDATE
006WR00000wkAk7YAE,Fiori on Vitruvian Park,StageName,Prospecting,Prospects,"Demote: only import-day notes (3/24 or 4/25), no real 2026 activity",2026-04-29 16:00:15,UPDATE
006WR00000wkAk8YAE,Camp Pendleton,StageName,Prospecting,Prospects,"Demote: only import-day notes (3/24 or 4/25), no real 2026 activity",2026-04-29 16:00:15,UPDATE
006WR00000wkAkBYAU,River Oaks Condos,StageName,Prospecting,Prospects,"Demote: only import-day notes (3/24 or 4/25), no real 2026 activity",2026-04-29 16:00:15,UPDATE
006WR00000wkAkCYAU,Arbors of Central Park,StageName,Prospecting,Prospects,"Demote: only import-day notes (3/24 or 4/25), no real 2026 activity",2026-04-29 16:00:15,UPDATE
006WR00000wkAkDYAU,South Side on Lamar,StageName,Prospecting,Prospects,"Demote: only import-day notes (3/24 or 4/25), no real 2026 activity",2026-04-29 16:00:15,UPDATE
006WR00000wkAkEYAU,Butler Brothers Building,StageName,Prospecting,Prospects,"Demote: only import-day notes (3/24 or 4/25), no real 2026 activity",2026-04-29 16:00:15,UPDATE
006WR00000wkAkFYAU,Townhomes of Bent Tree,StageName,Prospecting,Prospects,"Demote: only import-day notes (3/24 or 4/25), no real 2026 activity",2026-04-29 16:00:15,UPDATE
006WR00000wkAkGYAU,Old West Manor II Homeowners Association Inc,StageName,Prospecting,Prospects,"Demote: only import-day notes (3/24 or 4/25), no real 2026 activity",2026-04-29 16:00:15,UPDATE
006WR00000wkAkHYAU,Adiamo Palm Valley,StageName,Prospecting,Prospects,"Demote: only import-day notes (3/24 or 4/25), no real 2026 activity",2026-04-29 16:00:15,UPDATE
006WR00000wkAkIYAU,The Mayflower Dallas,StageName,Prospecting,Prospects,"Demote: only import-day notes (3/24 or 4/25), no real 2026 activity",2026-04-29 16:00:15,UPDATE
006WR00000wkAkJYAU,State Thomas Ravello,StageName,Prospecting,Prospects,"Demote: only import-day notes (3/24 or 4/25), no real 2026 activity",2026-04-29 16:00:15,UPDATE
006WR00000wkAkKYAU,MAA McKinney Avenue,StageName,Prospecting,Prospects,"Demote: only import-day notes (3/24 or 4/25), no real 2026 activity",2026-04-29 16:00:15,UPDATE
006WR00000wkAkLYAU,Village on the Green,StageName,Prospecting,Prospects,"Demote: only import-day notes (3/24 or 4/25), no real 2026 activity",2026-04-29 16:00:15,UPDATE
006WR00000wkAkMYAU,Teak at the Branch,StageName,Prospecting,Prospects,"Demote: only import-day notes (3/24 or 4/25), no real 2026 activity",2026-04-29 16:00:15,UPDATE
006WR00000wkAkNYAU,Cedar at the Branch,StageName,Prospecting,Prospects,"Demote: only import-day notes (3/24 or 4/25), no real 2026 activity",2026-04-29 16:00:15,UPDATE
006WR00000wkAkOYAU,The Ash at the Branch,StageName,Prospecting,Prospects,"Demote: only import-day notes (3/24 or 4/25), no real 2026 activity",2026-04-29 16:00:15,UPDATE
006WR00000wkAkPYAU,Camden Greenville,StageName,Prospecting,Prospects,"Demote: only import-day notes (3/24 or 4/25), no real 2026 activity",2026-04-29 16:00:15,UPDATE
006WR00000wkAkQYAU,Villeta Apartments,StageName,Prospecting,Prospects,"Demote: only import-day notes (3/24 or 4/25), no real 2026 activity",2026-04-29 16:00:15,UPDATE
006WR00000wkAkRYAU,2 Vista Vallley Apartments/LONGMORE ESTATES CONDOS NORTH & SOUTH,StageName,Prospecting,Prospects,"Demote: only import-day notes (3/24 or 4/25), no real 2026 activity",2026-04-29 16:00:15,UPDATE
006WR00000wkAkSYAU,Santa Fe Villas,StageName,Prospecting,Prospects,"Demote: only import-day notes (3/24 or 4/25), no real 2026 activity",2026-04-29 16:00:15,UPDATE
006WR00000wkAkTYAU,Fiesta Pointe,StageName,Prospecting,Prospects,"Demote: only import-day notes (3/24 or 4/25), no real 2026 activity",2026-04-29 16:00:15,UPDATE
006WR00000wkAkUYAU,The Cove Apartments,StageName,Prospecting,Prospects,"Demote: only import-day notes (3/24 or 4/25), no real 2026 activity",2026-04-29 16:00:15,UPDATE
006WR00000wkAkVYAU,Monterey Point Condominiums,StageName,Prospecting,Prospects,"Demote: only import-day notes (3/24 or 4/25), no real 2026 activity",2026-04-29 16:00:15,UPDATE
006WR00000wkAkWYAU,Rise Broadway (old name - Broadway Gardens Condominiums),StageName,Prospecting,Prospects,"Demote: only import-day notes (3/24 or 4/25), no real 2026 activity",2026-04-29 16:00:15,UPDATE
006WR00000wkAkXYAU,Alma Meadows MHC,StageName,Prospecting,Prospects,"Demote: only import-day notes (3/24 or 4/25), no real 2026 activity",2026-04-29 16:00:15,UPDATE
006WR00000wkAkYYAU,Alma Park Apartments,StageName,Prospecting,Prospects,"Demote: only import-day notes (3/24 or 4/25), no real 2026 activity",2026-04-29 16:00:15,UPDATE
006WR00000wkAkZYAU,Villas Mesa 3,StageName,Prospecting,Prospects,"Demote: only import-day notes (3/24 or 4/25), no real 2026 activity",2026-04-29 16:00:15,UPDATE
006WR00000wkAr0YAE,Village Green,StageName,Prospecting,Prospects,"Demote: only import-day notes (3/24 or 4/25), no real 2026 activity",2026-04-29 16:00:15,UPDATE
006WR00000wkAr1YAE,Rockcliffe Apartments,StageName,Prospecting,Prospects,"Demote: only import-day notes (3/24 or 4/25), no real 2026 activity",2026-04-29 16:00:15,UPDATE
006WR00000wkAr2YAE,Midland Heights,StageName,Prospecting,Prospects,"Demote: only import-day notes (3/24 or 4/25), no real 2026 activity",2026-04-29 16:00:15,UPDATE
006WR00000wkAr3YAE,Salt,StageName,Prospecting,Prospects,"Demote: only import-day notes (3/24 or 4/25), no real 2026 activity",2026-04-29 16:00:15,UPDATE
006WR00000wkAr4YAE,Parkwood Terrace,StageName,Prospecting,Prospects,"Demote: only import-day notes (3/24 or 4/25), no real 2026 activity",2026-04-29 16:00:15,UPDATE
006WR00000wkAr5YAE,Pinewood Estates,StageName,Prospecting,Prospects,"Demote: only import-day notes (3/24 or 4/25), no real 2026 activity",2026-04-29 16:00:15,UPDATE
006WR00000wkAr6YAE,Mountain Run Apartments,StageName,Prospecting,Prospects,"Demote: only import-day notes (3/24 or 4/25), no real 2026 activity",2026-04-29 16:00:15,UPDATE
006WR00000wkAr7YAE,Windsong Apartments,StageName,Prospecting,Prospects,"Demote: only import-day notes (3/24 or 4/25), no real 2026 activity",2026-04-29 16:00:15,UPDATE
006WR00000wkAr8YAE,Ascent Apartments,StageName,Prospecting,Prospects,"Demote: only import-day notes (3/24 or 4/25), no real 2026 activity",2026-04-29 16:00:15,UPDATE
006WR00000wkArAYAU,Milo at Mountain Park,StageName,Prospecting,Prospects,"Demote: only import-day notes (3/24 or 4/25), no real 2026 activity",2026-04-29 16:00:15,UPDATE
006WR00000wkArCYAU,Maddox Apartments,StageName,Prospecting,Prospects,"Demote: only import-day notes (3/24 or 4/25), no real 2026 activity",2026-04-29 16:00:15,UPDATE
006WR00000wkArDYAU,Harbor Steps [LOST],StageName,Prospecting,Prospects,"Demote: only import-day notes (3/24 or 4/25), no real 2026 activity",2026-04-29 16:00:15,UPDATE
006WR00000wkArEYAU,River Walk Apartments,StageName,Prospecting,Prospects,"Demote: only import-day notes (3/24 or 4/25), no real 2026 activity",2026-04-29 16:00:15,UPDATE
006WR00000wkArFYAU,River10 Apartments,StageName,Prospecting,Prospects,"Demote: only import-day notes (3/24 or 4/25), no real 2026 activity",2026-04-29 16:00:15,UPDATE
006WR00000wkArGYAU,Eden West,StageName,Prospecting,Prospects,"Demote: only import-day notes (3/24 or 4/25), no real 2026 activity",2026-04-29 16:00:15,UPDATE
006WR00000wkArHYAU,Rya Suites,StageName,Prospecting,Prospects,"Demote: only import-day notes (3/24 or 4/25), no real 2026 activity",2026-04-29 16:00:15,UPDATE
006WR00000wkArIYAU,Westchester Square,StageName,Prospecting,Prospects,"Demote: only import-day notes (3/24 or 4/25), no real 2026 activity",2026-04-29 16:00:15,UPDATE
006WR00000wkArJYAU,Riverview Highlands,StageName,Prospecting,Prospects,"Demote: only import-day notes (3/24 or 4/25), no real 2026 activity",2026-04-29 16:00:15,UPDATE
006WR00000wkArKYAU,Lawrence Lofts,StageName,Prospecting,Prospects,"Demote: only import-day notes (3/24 or 4/25), no real 2026 activity",2026-04-29 16:00:15,UPDATE
006WR00000wkArLYAU,Vivace at Gateway Place,StageName,Prospecting,Prospects,"Demote: only import-day notes (3/24 or 4/25), no real 2026 activity",2026-04-29 16:00:15,UPDATE
006WR00000wkArMYAU,Madison Crossing,StageName,Prospecting,Prospects,"Demote: only import-day notes (3/24 or 4/25), no real 2026 activity",2026-04-29 16:00:15,UPDATE
006WR00000wkArNYAU,The Vue at Spring Creek,StageName,Prospecting,Prospects,"Demote: only import-day notes (3/24 or 4/25), no real 2026 activity",2026-04-29 16:00:15,UPDATE
006WR00000wkArOYAU,Shannon South AVE5,StageName,Prospecting,Prospects,"Demote: only import-day notes (3/24 or 4/25), no real 2026 activity",2026-04-29 16:00:15,UPDATE
006WR00000wkArPYAU,Phillipi Plaza,StageName,Prospecting,Prospects,"Demote: only import-day notes (3/24 or 4/25), no real 2026 activity",2026-04-29 16:00:15,UPDATE
006WR00000wkArQYAU,Burnsville Parkway Apartments,StageName,Prospecting,Prospects,"Demote: only import-day notes (3/24 or 4/25), no real 2026 activity",2026-04-29 16:00:15,UPDATE
006WR00000wkArRYAU,Hamline Pointe [LOST],StageName,Prospecting,Prospects,"Demote: only import-day notes (3/24 or 4/25), no real 2026 activity",2026-04-29 16:00:15,UPDATE
006WR00000wkArSYAU,Peppermill Lofts,StageName,Prospecting,Prospects,"Demote: only import-day notes (3/24 or 4/25), no real 2026 activity",2026-04-29 16:00:15,UPDATE
006WR00000wkArTYAU,Reserve at Metolius [LOST],StageName,Prospecting,Prospects,"Demote: only import-day notes (3/24 or 4/25), no real 2026 activity",2026-04-29 16:00:15,UPDATE
006WR00000wkArUYAU,Maple Park,StageName,Prospecting,Prospects,"Demote: only import-day notes (3/24 or 4/25), no real 2026 activity",2026-04-29 16:00:15,UPDATE
006WR00000wkArVYAU,Skywater at Town Lake,StageName,Prospecting,Prospects,"Demote: only import-day notes (3/24 or 4/25), no real 2026 activity",2026-04-29 16:00:15,UPDATE
006WR00000wkArWYAU,Woodland West,StageName,Prospecting,Prospects,"Demote: only import-day notes (3/24 or 4/25), no real 2026 activity",2026-04-29 16:00:15,UPDATE
006WR00000wkArXYAU,Cascade Apartments,StageName,Prospecting,Prospects,"Demote: only import-day notes (3/24 or 4/25), no real 2026 activity",2026-04-29 16:00:15,UPDATE
006WR00000wkArYYAU,Colonial Village,StageName,Prospecting,Prospects,"Demote: only import-day notes (3/24 or 4/25), no real 2026 activity",2026-04-29 16:00:15,UPDATE
006WR00000wkArZYAU,Brookside Condos,StageName,Prospecting,Prospects,"Demote: only import-day notes (3/24 or 4/25), no real 2026 activity",2026-04-29 16:00:15,UPDATE
006WR00000wkAraYAE,Jefferson West,StageName,Prospecting,Prospects,"Demote: only import-day notes (3/24 or 4/25), no real 2026 activity",2026-04-29 16:00:15,UPDATE
006WR00000wkArbYAE,Greenhouse Apartments,StageName,Prospecting,Prospects,"Demote: only import-day notes (3/24 or 4/25), no real 2026 activity",2026-04-29 16:00:15,UPDATE
006WR00000wkArcYAE,Audenn Apartments,StageName,Prospecting,Prospects,"Demote: only import-day notes (3/24 or 4/25), no real 2026 activity",2026-04-29 16:00:15,UPDATE
006WR00000wkArdYAE,Shoreview Grand Apartments,StageName,Prospecting,Prospects,"Demote: only import-day notes (3/24 or 4/25), no real 2026 activity",2026-04-29 16:00:15,UPDATE
006WR00000wkAreYAE,Saddlebrook Apartments,StageName,Prospecting,Prospects,"Demote: only import-day notes (3/24 or 4/25), no real 2026 activity",2026-04-29 16:00:15,UPDATE
006WR00000wkArgYAE,Arioso Apartments,StageName,Prospecting,Prospects,"Demote: only import-day notes (3/24 or 4/25), no real 2026 activity",2026-04-29 16:00:15,UPDATE
006WR00000wkAriYAE,High Pointe,StageName,Prospecting,Prospects,"Demote: only import-day notes (3/24 or 4/25), no real 2026 activity",2026-04-29 16:00:15,UPDATE
006WR00000wkArjYAE,Symphony,StageName,Prospecting,Prospects,"Demote: only import-day notes (3/24 or 4/25), no real 2026 activity",2026-04-29 16:00:15,UPDATE
006WR00000wkArkYAE,Pines at Marston Lake,StageName,Prospecting,Prospects,"Demote: only import-day notes (3/24 or 4/25), no real 2026 activity",2026-04-29 16:00:15,UPDATE
006WR00000wkArlYAE,Ingersoll Towers,StageName,Prospecting,Prospects,"Demote: only import-day notes (3/24 or 4/25), no real 2026 activity",2026-04-29 16:00:15,UPDATE
006WR00000wkArmYAE,Plaza Manor,StageName,Prospecting,Prospects,"Demote: only import-day notes (3/24 or 4/25), no real 2026 activity",2026-04-29 16:00:15,UPDATE
006WR00000wkArnYAE,Mansions at Jordan Creek,StageName,Prospecting,Prospects,"Demote: only import-day notes (3/24 or 4/25), no real 2026 activity",2026-04-29 16:00:15,UPDATE
006WR00000wkAroYAE,Crescent Chase,StageName,Prospecting,Prospects,"Demote: only import-day notes (3/24 or 4/25), no real 2026 activity",2026-04-29 16:00:15,UPDATE
006WR00000wkArpYAE,Sugar Pine,StageName,Prospecting,Prospects,"Demote: only import-day notes (3/24 or 4/25), no real 2026 activity",2026-04-29 16:00:15,UPDATE
006WR00000wkArqYAE,Alterra Apartments,StageName,Prospecting,Prospects,"Demote: only import-day notes (3/24 or 4/25), no real 2026 activity",2026-04-29 16:00:15,UPDATE
006WR00000wkArrYAE,Astoria Senior Living,StageName,Prospecting,Prospects,"Demote: only import-day notes (3/24 or 4/25), no real 2026 activity",2026-04-29 16:00:15,UPDATE
006WR00000wkArsYAE,Castlebrook Condos,StageName,Prospecting,Prospects,"Demote: only import-day notes (3/24 or 4/25), no real 2026 activity",2026-04-29 16:00:15,UPDATE
006WR00000wkArtYAE,Bridlewood Apartments,StageName,Prospecting,Prospects,"Demote: only import-day notes (3/24 or 4/25), no real 2026 activity",2026-04-29 16:00:15,UPDATE
006WR00000wkAruYAE,The Village at Westchester,StageName,Prospecting,Prospects,"Demote: only import-day notes (3/24 or 4/25), no real 2026 activity",2026-04-29 16:00:15,UPDATE
006WR00000wkArvYAE,Sherwood Glen,StageName,Prospecting,Prospects,"Demote: only import-day notes (3/24 or 4/25), no real 2026 activity",2026-04-29 16:00:15,UPDATE
006WR00000wkArwYAE,Palm Terrace,StageName,Prospecting,Prospects,"Demote: only import-day notes (3/24 or 4/25), no real 2026 activity",2026-04-29 16:00:15,UPDATE
006WR00000wkAs0YAE,Deer Creek,StageName,Prospecting,Prospects,"Demote: only import-day notes (3/24 or 4/25), no real 2026 activity",2026-04-29 16:00:15,UPDATE
006WR00000wkAs1YAE,Selway Apartments,StageName,Prospecting,Prospects,"Demote: only import-day notes (3/24 or 4/25), no real 2026 activity",2026-04-29 16:00:15,UPDATE
006WR00000wkAs2YAE,Washington Manor,StageName,Prospecting,Prospects,"Demote: only import-day notes (3/24 or 4/25), no real 2026 activity",2026-04-29 16:00:15,UPDATE
006WR00000wkAs3YAE,Tropicana Villas,StageName,Prospecting,Prospects,"Demote: only import-day notes (3/24 or 4/25), no real 2026 activity",2026-04-29 16:00:15,UPDATE
006WR00000wkAs4YAE,San Palmas,StageName,Prospecting,Prospects,"Demote: only import-day notes (3/24 or 4/25), no real 2026 activity",2026-04-29 16:00:15,UPDATE
006WR00000wkAs5YAE,Seattle Heights,StageName,Prospecting,Prospects,"Demote: only import-day notes (3/24 or 4/25), no real 2026 activity",2026-04-29 16:00:15,UPDATE
006WR00000wkAs6YAE,The Cassidy at Western Hills,StageName,Prospecting,Prospects,"Demote: only import-day notes (3/24 or 4/25), no real 2026 activity",2026-04-29 16:00:15,UPDATE
006WR00000wkAs7YAE,Canterbury at Riverwalk,StageName,Prospecting,Prospects,"Demote: only import-day notes (3/24 or 4/25), no real 2026 activity",2026-04-29 16:00:15,UPDATE
006WR00000wkAs8YAE,CW Moore Apartments,StageName,Prospecting,Prospects,"Demote: only import-day notes (3/24 or 4/25), no real 2026 activity",2026-04-29 16:00:15,UPDATE
006WR00000wkAs9YAE,Westerley,StageName,Prospecting,Prospects,"Demote: only import-day notes (3/24 or 4/25), no real 2026 activity",2026-04-29 16:00:15,UPDATE
006WR00000wkAsAYAU,Bellaire Ranch Apartments,StageName,Prospecting,Prospects,"Demote: only import-day notes (3/24 or 4/25), no real 2026 activity",2026-04-29 16:00:15,UPDATE
006WR00000wkAsBYAU,Trails at San Tan,StageName,Prospecting,Prospects,"Demote: only import-day notes (3/24 or 4/25), no real 2026 activity",2026-04-29 16:00:15,UPDATE
006WR00000wkAsCYAU,Alcove at the Islands,StageName,Prospecting,Prospects,"Demote: only import-day notes (3/24 or 4/25), no real 2026 activity",2026-04-29 16:00:15,UPDATE
006WR00000wkAsDYAU,Stillwater Rivulon,StageName,Prospecting,Prospects,"Demote: only import-day notes (3/24 or 4/25), no real 2026 activity",2026-04-29 16:00:15,UPDATE
006WR00000wkAsGYAU,Studio 710,StageName,Prospecting,Prospects,"Demote: only import-day notes (3/24 or 4/25), no real 2026 activity",2026-04-29 16:00:15,UPDATE
006WR00000wkAsIYAU,The Reserve at Gilbert Towne Center,StageName,Prospecting,Prospects,"Demote: only import-day notes (3/24 or 4/25), no real 2026 activity",2026-04-29 16:00:15,UPDATE
006WR00000wkAsJYAU,Espiral Apartments,StageName,Prospecting,Prospects,"Demote: only import-day notes (3/24 or 4/25), no real 2026 activity",2026-04-29 16:00:15,UPDATE
006WR00000wkAsKYAU,The Gilmore,StageName,Prospecting,Prospects,"Demote: only import-day notes (3/24 or 4/25), no real 2026 activity",2026-04-29 16:00:15,UPDATE
006WR00000wkAsLYAU,Tempe Station,StageName,Prospecting,Prospects,"Demote: only import-day notes (3/24 or 4/25), no real 2026 activity",2026-04-29 16:00:15,UPDATE
006WR00000wkAsMYAU,Verena at Gilbert,StageName,Prospecting,Prospects,"Demote: only import-day notes (3/24 or 4/25), no real 2026 activity",2026-04-29 16:00:15,UPDATE
006WR00000wkAsNYAU,Dobson Towne Centre Apartments,StageName,Prospecting,Prospects,"Demote: only import-day notes (3/24 or 4/25), no real 2026 activity",2026-04-29 16:00:15,UPDATE
006WR00000wkAsOYAU,Tuscany at Gabriella Pointe,StageName,Prospecting,Prospects,"Demote: only import-day notes (3/24 or 4/25), no real 2026 activity",2026-04-29 16:00:15,UPDATE
006WR00000wkAsPYAU,Skyview,StageName,Prospecting,Prospects,"Demote: only import-day notes (3/24 or 4/25), no real 2026 activity",2026-04-29 16:00:15,UPDATE
006WR00000wkAsQYAU,The Alyssa,StageName,Prospecting,Prospects,"Demote: only import-day notes (3/24 or 4/25), no real 2026 activity",2026-04-29 16:00:15,UPDATE
006WR00000wkAsRYAU,Trevi,StageName,Prospecting,Prospects,"Demote: only import-day notes (3/24 or 4/25), no real 2026 activity",2026-04-29 16:00:15,UPDATE
006WR00000wkAsSYAU,La Vida Del Mar [Assisted Living],StageName,Prospecting,Prospects,"Demote: only import-day notes (3/24 or 4/25), no real 2026 activity",2026-04-29 16:00:15,UPDATE
006WR00000wkAsUYAU,Nollie,StageName,Prospecting,Prospects,"Demote: only import-day notes (3/24 or 4/25), no real 2026 activity",2026-04-29 16:00:15,UPDATE
006WR00000wkAsWYAU,Paseo on University,StageName,Prospecting,Prospects,"Demote: only import-day notes (3/24 or 4/25), no real 2026 activity",2026-04-29 16:00:15,UPDATE
006WR00000wkAsXYAU,Trovita Rio,StageName,Prospecting,Prospects,"Demote: only import-day notes (3/24 or 4/25), no real 2026 activity",2026-04-29 16:00:15,UPDATE
006WR00000wkAsbYAE,The Cameron,StageName,Prospecting,Prospects,"Demote: only import-day notes (3/24 or 4/25), no real 2026 activity",2026-04-29 16:00:15,UPDATE
006WR00000wkAscYAE,The Curve at Gilbert,StageName,Prospecting,Prospects,"Demote: only import-day notes (3/24 or 4/25), no real 2026 activity",2026-04-29 16:00:15,UPDATE
006WR00000wkAsdYAE,Pier 202,StageName,Prospecting,Prospects,"Demote: only import-day notes (3/24 or 4/25), no real 2026 activity",2026-04-29 16:00:15,UPDATE
006WR00000wkAseYAE,The Hyve,StageName,Prospecting,Prospects,"Demote: only import-day notes (3/24 or 4/25), no real 2026 activity",2026-04-29 16:00:15,UPDATE
006WR00000wkAsfYAE,Vista Way Village,StageName,Prospecting,Prospects,"Demote: only import-day notes (3/24 or 4/25), no real 2026 activity",2026-04-29 16:00:15,UPDATE
006WR00000wkAsgYAE,The Aubrey,StageName,Prospecting,Prospects,"Demote: only import-day notes (3/24 or 4/25), no real 2026 activity",2026-04-29 16:00:15,UPDATE
006WR00000wkAshYAE,Soltra at SanTan Village,StageName,Prospecting,Prospects,"Demote: only import-day notes (3/24 or 4/25), no real 2026 activity",2026-04-29 16:00:15,UPDATE
006WR00000wkAsiYAE,The Higley,StageName,Prospecting,Prospects,"Demote: only import-day notes (3/24 or 4/25), no real 2026 activity",2026-04-29 16:00:15,UPDATE
006WR00000wkBFcYAM,Easy Living Community,StageName,Prospecting,Prospects,"Demote: only import-day notes (3/24 or 4/25), no real 2026 activity",2026-04-29 16:00:15,UPDATE
006WR00000wkBFtYAM,58 Space Garden Spot Mobile Home Park,StageName,Prospecting,Prospects,"Demote: only import-day notes (3/24 or 4/25), no real 2026 activity",2026-04-29 16:00:15,UPDATE
006WR00000wkBFuYAM,Copper Springs Retirement Community,StageName,Prospecting,Prospects,"Demote: only import-day notes (3/24 or 4/25), no real 2026 activity",2026-04-29 16:00:15,UPDATE
006WR00000wkBFwYAM,American Groves,StageName,Prospecting,Prospects,"Demote: only import-day notes (3/24 or 4/25), no real 2026 activity",2026-04-29 16:00:15,UPDATE
006WR00000wkBFyYAM,Holiday Palms Active 55+ Community(MHP),StageName,Prospecting,Prospects,"Demote: only import-day notes (3/24 or 4/25), no real 2026 activity",2026-04-29 16:00:15,UPDATE
006WR00000wkBG0YAM,Escobedo at Verde Vista,StageName,Prospecting,Prospects,"Demote: only import-day notes (3/24 or 4/25), no real 2026 activity",2026-04-29 16:00:15,UPDATE
006WR00000wkBG1YAM,Parkhaven Estates & RV Resort (MHP),StageName,Prospecting,Prospects,"Demote: only import-day notes (3/24 or 4/25), no real 2026 activity",2026-04-29 16:00:15,UPDATE
006WR00000wkBG2YAM,Vivo Living Mesa,StageName,Prospecting,Prospects,"Demote: only import-day notes (3/24 or 4/25), no real 2026 activity",2026-04-29 16:00:15,UPDATE
006WR00000wkBG3YAM,NOVEL Val Vista,StageName,Prospecting,Prospects,"Demote: only import-day notes (3/24 or 4/25), no real 2026 activity",2026-04-29 16:00:15,UPDATE
006WR00000wkBG4YAM,Westmount at Downtown Tempe,StageName,Prospecting,Prospects,"Demote: only import-day notes (3/24 or 4/25), no real 2026 activity",2026-04-29 16:00:15,UPDATE
006WR00000wkBG6YAM,Villas on Ash,StageName,Prospecting,Prospects,"Demote: only import-day notes (3/24 or 4/25), no real 2026 activity",2026-04-29 16:00:15,UPDATE
006WR00000wkBG7YAM,Gilbert Greens,StageName,Prospecting,Prospects,"Demote: only import-day notes (3/24 or 4/25), no real 2026 activity",2026-04-29 16:00:15,UPDATE
006WR00000wkBG8YAM,Atlas Mesa,StageName,Prospecting,Prospects,"Demote: only import-day notes (3/24 or 4/25), no real 2026 activity",2026-04-29 16:00:15,UPDATE
006WR00000wkBG9YAM,201 S Crismon Rd (MHP),StageName,Prospecting,Prospects,"Demote: only import-day notes (3/24 or 4/25), no real 2026 activity",2026-04-29 16:00:15,UPDATE
006WR00000wkBGAYA2,Asteria Apartment Homes,StageName,Prospecting,Prospects,"Demote: only import-day notes (3/24 or 4/25), no real 2026 activity",2026-04-29 16:00:15,UPDATE
006WR00000wkBGBYA2,Aura Watermark,StageName,Prospecting,Prospects,"Demote: only import-day notes (3/24 or 4/25), no real 2026 activity",2026-04-29 16:00:15,UPDATE
006WR00000wkBGCYA2,Avana Coronado,StageName,Prospecting,Prospects,"Demote: only import-day notes (3/24 or 4/25), no real 2026 activity",2026-04-29 16:00:15,UPDATE
006WR00000wkBGDYA2,Arches at Hidden Creek,StageName,Prospecting,Prospects,"Demote: only import-day notes (3/24 or 4/25), no real 2026 activity",2026-04-29 16:00:15,UPDATE
006WR00000wkBGEYA2,Borrego at Spectrum,StageName,Prospecting,Prospects,"Demote: only import-day notes (3/24 or 4/25), no real 2026 activity",2026-04-29 16:00:15,UPDATE
006WR00000wkBGFYA2,BB Living at Higley Park,StageName,Prospecting,Prospects,"Demote: only import-day notes (3/24 or 4/25), no real 2026 activity",2026-04-29 16:00:15,UPDATE
006WR00000wkBGGYA2,Avanterra Town Square,StageName,Prospecting,Prospects,"Demote: only import-day notes (3/24 or 4/25), no real 2026 activity",2026-04-29 16:00:15,UPDATE
006WR00000wkBGHYA2,Metro on Main,StageName,Prospecting,Prospects,"Demote: only import-day notes (3/24 or 4/25), no real 2026 activity",2026-04-29 16:00:15,UPDATE
006WR00000wkBGIYA2,IMT Riverview,StageName,Prospecting,Prospects,"Demote: only import-day notes (3/24 or 4/25), no real 2026 activity",2026-04-29 16:00:15,UPDATE
006WR00000wkBGJYA2,MAA City Gate,StageName,Prospecting,Prospects,"Demote: only import-day notes (3/24 or 4/25), no real 2026 activity",2026-04-29 16:00:15,UPDATE
006WR00000wkBGKYA2,Inspira Gateway,StageName,Prospecting,Prospects,"Demote: only import-day notes (3/24 or 4/25), no real 2026 activity",2026-04-29 16:00:15,UPDATE
006WR00000wkBGLYA2,Moxie,StageName,Prospecting,Prospects,"Demote: only import-day notes (3/24 or 4/25), no real 2026 activity",2026-04-29 16:00:15,UPDATE
006WR00000wkBGMYA2,Elevation San Tan,StageName,Prospecting,Prospects,"Demote: only import-day notes (3/24 or 4/25), no real 2026 activity",2026-04-29 16:00:15,UPDATE
006WR00000wkBGOYA2,Gateway at Cooley Station,StageName,Prospecting,Prospects,"Demote: only import-day notes (3/24 or 4/25), no real 2026 activity",2026-04-29 16:00:15,UPDATE
006WR00000wkBGPYA2,Vantage Point Apartments,StageName,Prospecting,Prospects,"Demote: only import-day notes (3/24 or 4/25), no real 2026 activity",2026-04-29 16:00:15,UPDATE
006WR00000wkBGQYA2,Vistara at SanTan Village,StageName,Prospecting,Prospects,"Demote: only import-day notes (3/24 or 4/25), no real 2026 activity",2026-04-29 16:00:15,UPDATE
006WR00000wkBGRYA2,Redstone at SanTan Village,StageName,Prospecting,Prospects,"Demote: only import-day notes (3/24 or 4/25), no real 2026 activity",2026-04-29 16:00:15,UPDATE
006WR00000wkBGSYA2,Sierra Estates (MHP),StageName,Prospecting,Prospects,"Demote: only import-day notes (3/24 or 4/25), no real 2026 activity",2026-04-29 16:00:15,UPDATE
006WR00000wkBGTYA2,Trax at Cooley Station,StageName,Prospecting,Prospects,"Demote: only import-day notes (3/24 or 4/25), no real 2026 activity",2026-04-29 16:00:15,UPDATE
006WR00000wkBGUYA2,San Villante,StageName,Prospecting,Prospects,"Demote: only import-day notes (3/24 or 4/25), no real 2026 activity",2026-04-29 16:00:15,UPDATE
006WR00000wkBGVYA2,The District Lofts,StageName,Prospecting,Prospects,"Demote: only import-day notes (3/24 or 4/25), no real 2026 activity",2026-04-29 16:00:15,UPDATE
006WR00000wkBGWYA2,Serena Shores,StageName,Prospecting,Prospects,"Demote: only import-day notes (3/24 or 4/25), no real 2026 activity",2026-04-29 16:00:15,UPDATE
006WR00000wkBGXYA2,Station21,StageName,Prospecting,Prospects,"Demote: only import-day notes (3/24 or 4/25), no real 2026 activity",2026-04-29 16:00:15,UPDATE
006WR00000wkBGYYA2,Olive Apartments,StageName,Prospecting,Prospects,"Demote: only import-day notes (3/24 or 4/25), no real 2026 activity",2026-04-29 16:00:15,UPDATE
006WR00000wkBGZYA2,The Julia,StageName,Prospecting,Prospects,"Demote: only import-day notes (3/24 or 4/25), no real 2026 activity",2026-04-29 16:00:15,UPDATE
006WR00000wkBGbYAM,6th St & South Rural Rd,StageName,Prospecting,Prospects,"Demote: only import-day notes (3/24 or 4/25), no real 2026 activity",2026-04-29 16:00:15,UPDATE
006WR00000wkBGcYAM,211 E 7th St,StageName,Prospecting,Prospects,"Demote: only import-day notes (3/24 or 4/25), no real 2026 activity",2026-04-29 16:00:15,UPDATE
006WR00000wkBGeYAM,Highlands At Spectrum,StageName,Prospecting,Prospects,"Demote: only import-day notes (3/24 or 4/25), no real 2026 activity",2026-04-29 16:00:15,UPDATE
006WR00000wkBGfYAM,Icon at Cooley Station,StageName,Prospecting,Prospects,"Demote: only import-day notes (3/24 or 4/25), no real 2026 activity",2026-04-29 16:00:15,UPDATE
006WR00000wkBGgYAM,Legacy on Main,StageName,Prospecting,Prospects,"Demote: only import-day notes (3/24 or 4/25), no real 2026 activity",2026-04-29 16:00:15,UPDATE
006WR00000wkBGhYAM,SanTan by Baron,StageName,Prospecting,Prospects,"Demote: only import-day notes (3/24 or 4/25), no real 2026 activity",2026-04-29 16:00:15,UPDATE
006WR00000wkBGiYAM,Town Commons,StageName,Prospecting,Prospects,"Demote: only import-day notes (3/24 or 4/25), no real 2026 activity",2026-04-29 16:00:15,UPDATE
006WR00000wkBGkYAM,The Tyler,StageName,Prospecting,Prospects,"Demote: only import-day notes (3/24 or 4/25), no real 2026 activity",2026-04-29 16:00:15,UPDATE
006WR00000wkBGlYAM,X-b Trailer Ranch-107 Spaces (MHP),StageName,Prospecting,Prospects,"Demote: only import-day notes (3/24 or 4/25), no real 2026 activity",2026-04-29 16:00:15,UPDATE
006WR00000wkBGmYAM,San Privada,StageName,Prospecting,Prospects,"Demote: only import-day notes (3/24 or 4/25), no real 2026 activity",2026-04-29 16:00:15,UPDATE
006WR00000wkBGnYAM,The Villages at Park Center,StageName,Prospecting,Prospects,"Demote: only import-day notes (3/24 or 4/25), no real 2026 activity",2026-04-29 16:00:15,UPDATE
006WR00000wkBTiYAM,Clove Apartments,StageName,Prospecting,Prospects,"Demote: only import-day notes (3/24 or 4/25), no real 2026 activity",2026-04-29 16:00:15,UPDATE
006WR00000wkBTkYAM,Sun Life RV Resort,StageName,Prospecting,Prospects,"Demote: only import-day notes (3/24 or 4/25), no real 2026 activity",2026-04-29 16:00:15,UPDATE
006WR00000wkBTmYAM,Azle Oaks Apartments,StageName,Prospecting,Prospects,"Demote: only import-day notes (3/24 or 4/25), no real 2026 activity",2026-04-29 16:00:15,UPDATE
006WR00000wkBToYAM,Orchard Park Apartments,StageName,Prospecting,Prospects,"Demote: only import-day notes (3/24 or 4/25), no real 2026 activity",2026-04-29 16:00:15,UPDATE
006WR00000wkBTqYAM,Woodbridge Senior Living [Connect55+],StageName,Prospecting,Prospects,"Demote: only import-day notes (3/24 or 4/25), no real 2026 activity",2026-04-29 16:00:15,UPDATE
006WR00000wkBTsYAM,The Cape,StageName,Prospecting,Prospects,"Demote: only import-day notes (3/24 or 4/25), no real 2026 activity",2026-04-29 16:00:15,UPDATE
006WR00000wkBTxYAM,The Springs,StageName,Prospecting,Prospects,"Demote: only import-day notes (3/24 or 4/25), no real 2026 activity",2026-04-29 16:00:15,UPDATE
006WR00000wkBTzYAM,Luma Lane Apartments,StageName,Prospecting,Prospects,"Demote: only import-day notes (3/24 or 4/25), no real 2026 activity",2026-04-29 16:00:15,UPDATE
006WR00000wkBU4YAM,Copper Ridge HOA,StageName,Prospecting,Prospects,"Demote: only import-day notes (3/24 or 4/25), no real 2026 activity",2026-04-29 16:00:15,UPDATE
006WR00000wkBUDYA2,Chisholm Trail Senior Village,StageName,Prospecting,Prospects,"Demote: only import-day notes (3/24 or 4/25), no real 2026 activity",2026-04-29 16:00:15,UPDATE
006WR00000wkBULYA2,Aviator West 7th Apartments,StageName,Prospecting,Prospects,"Demote: only import-day notes (3/24 or 4/25), no real 2026 activity",2026-04-29 16:00:15,UPDATE
006WR00000wkBUPYA2,520 Samuels Ave - The Franklin At Samuels Ave Apartments,StageName,Prospecting,Prospects,"Demote: only import-day notes (3/24 or 4/25), no real 2026 activity",2026-04-29 16:00:15,UPDATE
006WR00000wkBUcYAM,Bexley at Left Bank II Apartments,StageName,Prospecting,Prospects,"Demote: only import-day notes (3/24 or 4/25), no real 2026 activity",2026-04-29 16:00:15,UPDATE
006WR00000wkBUeYAM,Riviera park Apartments,StageName,Prospecting,Prospects,"Demote: only import-day notes (3/24 or 4/25), no real 2026 activity",2026-04-29 16:00:15,UPDATE
006WR00000wkBUgYAM,Axis Waterfront Apartments,StageName,Prospecting,Prospects,"Demote: only import-day notes (3/24 or 4/25), no real 2026 activity",2026-04-29 16:00:15,UPDATE
006WR00000wkBUmYAM,Ascend at Chisholm Trail Apartments,StageName,Prospecting,Prospects,"Demote: only import-day notes (3/24 or 4/25), no real 2026 activity",2026-04-29 16:00:15,UPDATE
006WR00000wkBUpYAM,Marland Place,StageName,Prospecting,Prospects,"Demote: only import-day notes (3/24 or 4/25), no real 2026 activity",2026-04-29 16:00:15,UPDATE
006WR00000wkBUtYAM,Encore Landing Apartment Homes,StageName,Prospecting,Prospects,"Demote: only import-day notes (3/24 or 4/25), no real 2026 activity",2026-04-29 16:00:15,UPDATE
006WR00000wkBUxYAM,Bristol Park at Eagle Mountain,StageName,Prospecting,Prospects,"Demote: only import-day notes (3/24 or 4/25), no real 2026 activity",2026-04-29 16:00:15,UPDATE
006WR00000wkBVCYA2,Cedar Park Apartments,StageName,Prospecting,Prospects,"Demote: only import-day notes (3/24 or 4/25), no real 2026 activity",2026-04-29 16:00:15,UPDATE
006WR00000wkBVDYA2,Asbury Park Apartments,StageName,Prospecting,Prospects,"Demote: only import-day notes (3/24 or 4/25), no real 2026 activity",2026-04-29 16:00:15,UPDATE
006WR00000wkBVEYA2,Brazos Park Apartments,StageName,Prospecting,Prospects,"Demote: only import-day notes (3/24 or 4/25), no real 2026 activity",2026-04-29 16:00:15,UPDATE
006WR00000wkBVFYA2,Crystal Falls Crossing,StageName,Prospecting,Prospects,"Demote: only import-day notes (3/24 or 4/25), no real 2026 activity",2026-04-29 16:00:15,UPDATE
006WR00000wkBVGYA2,Clear Creek Meadows,StageName,Prospecting,Prospects,"Demote: only import-day notes (3/24 or 4/25), no real 2026 activity",2026-04-29 16:00:15,UPDATE
006WR00000wkBVHYA2,Belle Oaks Apartments,StageName,Prospecting,Prospects,"Demote: only import-day notes (3/24 or 4/25), no real 2026 activity",2026-04-29 16:00:15,UPDATE
006WR00000wkBVIYA2,Chappell Oaks Apartments,StageName,Prospecting,Prospects,"Demote: only import-day notes (3/24 or 4/25), no real 2026 activity",2026-04-29 16:00:15,UPDATE
006WR00000wkBn3YAE,Cove Village Apartments,StageName,Prospecting,Prospects,"Demote: only import-day notes (3/24 or 4/25), no real 2026 activity",2026-04-29 16:00:15,UPDATE
006WR00000wkBn4YAE,Brookview Village Apartments,StageName,Prospecting,Prospects,"Demote: only import-day notes (3/24 or 4/25), no real 2026 activity",2026-04-29 16:00:15,UPDATE
006WR00000wkBn5YAE,Autumn Chase Apartments,StageName,Prospecting,Prospects,"Demote: only import-day notes (3/24 or 4/25), no real 2026 activity",2026-04-29 16:00:15,UPDATE
006WR00000wkBn7YAE,Avana River Park Apartments,StageName,Prospecting,Prospects,"Demote: only import-day notes (3/24 or 4/25), no real 2026 activity",2026-04-29 16:00:15,UPDATE
006WR00000wkBn9YAE,500 Flats Apartments,StageName,Prospecting,Prospects,"Demote: only import-day notes (3/24 or 4/25), no real 2026 activity",2026-04-29 16:00:15,UPDATE
006WR00000wkBnBYAU,Butler Place Apartments,StageName,Prospecting,Prospects,"Demote: only import-day notes (3/24 or 4/25), no real 2026 activity",2026-04-29 16:00:15,UPDATE
006WR00000wkBnCYAU,Bear Creek at Hardwood,StageName,Prospecting,Prospects,"Demote: only import-day notes (3/24 or 4/25), no real 2026 activity",2026-04-29 16:00:15,UPDATE
006WR00000wkBnDYAU,Bell City Line,StageName,Prospecting,Prospects,"Demote: only import-day notes (3/24 or 4/25), no real 2026 activity",2026-04-29 16:00:15,UPDATE
006WR00000wkBnEYAU,Belmond,StageName,Prospecting,Prospects,"Demote: only import-day notes (3/24 or 4/25), no real 2026 activity",2026-04-29 16:00:15,UPDATE
006WR00000wkBnGYAU,Cameron Creek,StageName,Prospecting,Prospects,"Demote: only import-day notes (3/24 or 4/25), no real 2026 activity",2026-04-29 16:00:15,UPDATE
006WR00000wkBnIYAU,Casa Place Apartments,StageName,Prospecting,Prospects,"Demote: only import-day notes (3/24 or 4/25), no real 2026 activity",2026-04-29 16:00:15,UPDATE
006WR00000wkBnJYAU,Ash Lane,StageName,Prospecting,Prospects,"Demote: only import-day notes (3/24 or 4/25), no real 2026 activity",2026-04-29 16:00:15,UPDATE
006WR00000wkBnKYAU,Community Place Apartments,StageName,Prospecting,Prospects,"Demote: only import-day notes (3/24 or 4/25), no real 2026 activity",2026-04-29 16:00:15,UPDATE
006WR00000wkBnLYAU,AAA Properties dba Chateau Apartments,StageName,Prospecting,Prospects,"Demote: only import-day notes (3/24 or 4/25), no real 2026 activity",2026-04-29 16:00:15,UPDATE
006WR00000wkBnMYAU,Center Point Apartments,StageName,Prospecting,Prospects,"Demote: only import-day notes (3/24 or 4/25), no real 2026 activity",2026-04-29 16:00:15,UPDATE
006WR00000wkBnNYAU,Bridges at Deer Run,StageName,Prospecting,Prospects,"Demote: only import-day notes (3/24 or 4/25), no real 2026 activity",2026-04-29 16:00:15,UPDATE
006WR00000wkBnOYAU,Clark Ridge Canyon,StageName,Prospecting,Prospects,"Demote: only import-day notes (3/24 or 4/25), no real 2026 activity",2026-04-29 16:00:15,UPDATE
006WR00000wkBnPYAU,Chapel Brook Apartments,StageName,Prospecting,Prospects,"Demote: only import-day notes (3/24 or 4/25), no real 2026 activity",2026-04-29 16:00:15,UPDATE
006WR00000wkBnQYAU,Cantera Apartment Homes,StageName,Prospecting,Prospects,"Demote: only import-day notes (3/24 or 4/25), no real 2026 activity",2026-04-29 16:00:15,UPDATE
006WR00000wkBnSYAU,Cornell at Midtown,StageName,Prospecting,Prospects,"Demote: only import-day notes (3/24 or 4/25), no real 2026 activity",2026-04-29 16:00:15,UPDATE
006WR00000wkBnTYAU,Chateau Apartments,StageName,Prospecting,Prospects,"Demote: only import-day notes (3/24 or 4/25), no real 2026 activity",2026-04-29 16:00:15,UPDATE
006WR00000wkBnUYAU,Chapel Creek Apartments,StageName,Prospecting,Prospects,"Demote: only import-day notes (3/24 or 4/25), no real 2026 activity",2026-04-29 16:00:15,UPDATE
006WR00000wkBnVYAU,Bear Grounds,StageName,Prospecting,Prospects,"Demote: only import-day notes (3/24 or 4/25), no real 2026 activity",2026-04-29 16:00:15,UPDATE
006WR00000wkBnWYAU,Country Club Apartments,StageName,Prospecting,Prospects,"Demote: only import-day notes (3/24 or 4/25), no real 2026 activity",2026-04-29 16:00:15,UPDATE
006WR00000wkBnXYAU,Chase Place,StageName,Prospecting,Prospects,"Demote: only import-day notes (3/24 or 4/25), no real 2026 activity",2026-04-29 16:00:15,UPDATE
006WR00000wkBnYYAU,Bent Tree Trails Apartments,StageName,Prospecting,Prospects,"Demote: only import-day notes (3/24 or 4/25), no real 2026 activity",2026-04-29 16:00:15,UPDATE
006WR00000wkBnZYAU,2929 Wycliff,StageName,Prospecting,Prospects,"Demote: only import-day notes (3/24 or 4/25), no real 2026 activity",2026-04-29 16:00:15,UPDATE
006WR00000wkBnaYAE,Bella Vista Apartments,StageName,Prospecting,Prospects,"Demote: only import-day notes (3/24 or 4/25), no real 2026 activity",2026-04-29 16:00:15,UPDATE
006WR00000wkBnbYAE,Crest Oasis,StageName,Prospecting,Prospects,"Demote: only import-day notes (3/24 or 4/25), no real 2026 activity",2026-04-29 16:00:15,UPDATE
006WR00000wkBncYAE,Central Square at Frisco Square,StageName,Prospecting,Prospects,"Demote: only import-day notes (3/24 or 4/25), no real 2026 activity",2026-04-29 16:00:15,UPDATE
006WR00000wkBnfYAE,1809 on Cox Apartments,StageName,Prospecting,Prospects,"Demote: only import-day notes (3/24 or 4/25), no real 2026 activity",2026-04-29 16:00:15,UPDATE
006WR00000wkBnrYAE,Branch Creek Apartments,StageName,Prospecting,Prospects,"Demote: only import-day notes (3/24 or 4/25), no real 2026 activity",2026-04-29 16:00:15,UPDATE
006WR00000wkBnsYAE,Carrara at Cole33,StageName,Prospecting,Prospects,"Demote: only import-day notes (3/24 or 4/25), no real 2026 activity",2026-04-29 16:00:15,UPDATE
006WR00000wkBnvYAE,Ashford Apartments,StageName,Prospecting,Prospects,"Demote: only import-day notes (3/24 or 4/25), no real 2026 activity",2026-04-29 16:00:15,UPDATE
006WR00000wkBnxYAE,Carrollton Park of North Dallas,StageName,Prospecting,Prospects,"Demote: only import-day notes (3/24 or 4/25), no real 2026 activity",2026-04-29 16:00:15,UPDATE
006WR00000wkBo0YAE,Andalusian Gate,StageName,Prospecting,Prospects,"Demote: only import-day notes (3/24 or 4/25), no real 2026 activity",2026-04-29 16:00:15,UPDATE
006WR00000wkBo2YAE,Brookhaven,StageName,Prospecting,Prospects,"Demote: only import-day notes (3/24 or 4/25), no real 2026 activity",2026-04-29 16:00:15,UPDATE
006WR00000wkBo4YAE,Courtney Place,StageName,Prospecting,Prospects,"Demote: only import-day notes (3/24 or 4/25), no real 2026 activity",2026-04-29 16:00:15,UPDATE
006WR00000wkBo6YAE,Cortland Waters Edge,StageName,Prospecting,Prospects,"Demote: only import-day notes (3/24 or 4/25), no real 2026 activity",2026-04-29 16:00:15,UPDATE
006WR00000wkBo7YAE,Aberdeen at Bellmar,StageName,Prospecting,Prospects,"Demote: only import-day notes (3/24 or 4/25), no real 2026 activity",2026-04-29 16:00:15,UPDATE
006WR00000wkBo9YAE,Crest at Park Central,StageName,Prospecting,Prospects,"Demote: only import-day notes (3/24 or 4/25), no real 2026 activity",2026-04-29 16:00:15,UPDATE
006WR00000wkBoCYAU,Cortland at West Village,StageName,Prospecting,Prospects,"Demote: only import-day notes (3/24 or 4/25), no real 2026 activity",2026-04-29 16:00:15,UPDATE
006WR00000wkBoDYAU,Bell Katy Trail,StageName,Prospecting,Prospects,"Demote: only import-day notes (3/24 or 4/25), no real 2026 activity",2026-04-29 16:00:15,UPDATE
006WR00000wkBoEYAU,Cityplace Heights,StageName,Prospecting,Prospects,"Demote: only import-day notes (3/24 or 4/25), no real 2026 activity",2026-04-29 16:00:15,UPDATE
006WR00000wkBoFYAU,4123 Cedar Springs,StageName,Prospecting,Prospects,"Demote: only import-day notes (3/24 or 4/25), no real 2026 activity",2026-04-29 16:00:15,UPDATE
006WR00000wkBoIYAU,Darby Knox District,StageName,Prospecting,Prospects,"Demote: only import-day notes (3/24 or 4/25), no real 2026 activity",2026-04-29 16:00:15,UPDATE
006WR00000wkBoKYAU,7900 at Park Central,StageName,Prospecting,Prospects,"Demote: only import-day notes (3/24 or 4/25), no real 2026 activity",2026-04-29 16:00:15,UPDATE
006WR00000wkBoMYAU,Churchill on the Park,StageName,Prospecting,Prospects,"Demote: only import-day notes (3/24 or 4/25), no real 2026 activity",2026-04-29 16:00:15,UPDATE
006WR00000wkBoNYAU,Austin Bluff,StageName,Prospecting,Prospects,"Demote: only import-day notes (3/24 or 4/25), no real 2026 activity",2026-04-29 16:00:15,UPDATE
006WR00000wkBoPYAU,Axis at Wycliff,StageName,Prospecting,Prospects,"Demote: only import-day notes (3/24 or 4/25), no real 2026 activity",2026-04-29 16:00:15,UPDATE
006WR00000wkBoZYAU,Squaw Creek MHP,StageName,Prospecting,Prospects,"Demote: only import-day notes (3/24 or 4/25), no real 2026 activity",2026-04-29 16:00:15,UPDATE
006WR00000wkBobYAE,Country Estates,StageName,Prospecting,Prospects,"Demote: only import-day notes (3/24 or 4/25), no real 2026 activity",2026-04-29 16:00:15,UPDATE
006WR00000wkBoeYAE,Deer Park,StageName,Prospecting,Prospects,"Demote: only import-day notes (3/24 or 4/25), no real 2026 activity",2026-04-29 16:00:15,UPDATE
006WR00000wkBolYAE,Apple Creek Apartments,StageName,Prospecting,Prospects,"Demote: only import-day notes (3/24 or 4/25), no real 2026 activity",2026-04-29 16:00:15,UPDATE
006WR00000wkBonYAE,Aspenwood,StageName,Prospecting,Prospects,"Demote: only import-day notes (3/24 or 4/25), no real 2026 activity",2026-04-29 16:00:15,UPDATE
006WR00000wkBozYAE,Grand Reserve,StageName,Prospecting,Prospects,"Demote: only import-day notes (3/24 or 4/25), no real 2026 activity",2026-04-29 16:00:15,UPDATE
006WR00000wkBp0YAE,Centreport Lake Apartments,StageName,Prospecting,Prospects,"Demote: only import-day notes (3/24 or 4/25), no real 2026 activity",2026-04-29 16:00:15,UPDATE
006WR00000wkBp6YAE,Willow Creek Apartments,StageName,Prospecting,Prospects,"Demote: only import-day notes (3/24 or 4/25), no real 2026 activity",2026-04-29 16:00:15,UPDATE
006WR00000wkBp9YAE,River Springs at Barge Ranch,StageName,Prospecting,Prospects,"Demote: only import-day notes (3/24 or 4/25), no real 2026 activity",2026-04-29 16:00:15,UPDATE
006WR00000wkBpAYAU,Oakview Apartments,StageName,Prospecting,Prospects,"Demote: only import-day notes (3/24 or 4/25), no real 2026 activity",2026-04-29 16:00:15,UPDATE
006WR00000wkBpBYAU,Midtown Apartments,StageName,Prospecting,Prospects,"Demote: only import-day notes (3/24 or 4/25), no real 2026 activity",2026-04-29 16:00:15,UPDATE
006WR00000wkBpCYAU,Grove at Nolan Creek,StageName,Prospecting,Prospects,"Demote: only import-day notes (3/24 or 4/25), no real 2026 activity",2026-04-29 16:00:15,UPDATE
006WR00000wkBpEYAU,University Club Apartments,StageName,Prospecting,Prospects,"Demote: only import-day notes (3/24 or 4/25), no real 2026 activity",2026-04-29 16:00:15,UPDATE
006WR00000wkBpFYAU,Eagle Crest Apartments,StageName,Prospecting,Prospects,"Demote: only import-day notes (3/24 or 4/25), no real 2026 activity",2026-04-29 16:00:15,UPDATE
006WR00000wkBpGYAU,Woodbridge Crossing,StageName,Prospecting,Prospects,"Demote: only import-day notes (3/24 or 4/25), no real 2026 activity",2026-04-29 16:00:15,UPDATE
006WR00000wkBpHYAU,Liberty Trails Apartments,StageName,Prospecting,Prospects,"Demote: only import-day notes (3/24 or 4/25), no real 2026 activity",2026-04-29 16:00:15,UPDATE
006WR00000wkBpIYAU,Oasis Apartments,StageName,Prospecting,Prospects,"Demote: only import-day notes (3/24 or 4/25), no real 2026 activity",2026-04-29 16:00:15,UPDATE
006WR00000wkBpJYAU,San Gabriel Crossing,StageName,Prospecting,Prospects,"Demote: only import-day notes (3/24 or 4/25), no real 2026 activity",2026-04-29 16:00:15,UPDATE
006WR00000wkBpKYAU,Oak Ridge,StageName,Prospecting,Prospects,"Demote: only import-day notes (3/24 or 4/25), no real 2026 activity",2026-04-29 16:00:15,UPDATE
006WR00000wkBpLYAU,Pecan Pointe Apartments,StageName,Prospecting,Prospects,"Demote: only import-day notes (3/24 or 4/25), no real 2026 activity",2026-04-29 16:00:15,UPDATE
006WR00000wkBpMYAU,Wildflower VIllas,StageName,Prospecting,Prospects,"Demote: only import-day notes (3/24 or 4/25), no real 2026 activity",2026-04-29 16:00:15,UPDATE
006WR00000wkBpNYAU,Exchange Sunshine Apartments,StageName,Prospecting,Prospects,"Demote: only import-day notes (3/24 or 4/25), no real 2026 activity",2026-04-29 16:00:15,UPDATE
006WR00000wkBpOYAU,West Avenue F Apartments,StageName,Prospecting,Prospects,"Demote: only import-day notes (3/24 or 4/25), no real 2026 activity",2026-04-29 16:00:15,UPDATE
006WR00000wkBpQYAU,Hunnington Townhomes,StageName,Prospecting,Prospects,"Demote: only import-day notes (3/24 or 4/25), no real 2026 activity",2026-04-29 16:00:15,UPDATE
006WR00000wkBpRYAU,Montrose Place Apartments,StageName,Prospecting,Prospects,"Demote: only import-day notes (3/24 or 4/25), no real 2026 activity",2026-04-29 16:00:15,UPDATE
006WR00000wkBpSYAU,Stubblefield Park,StageName,Prospecting,Prospects,"Demote: only import-day notes (3/24 or 4/25), no real 2026 activity",2026-04-29 16:00:15,UPDATE
006WR00000wkBpTYAU,MAA Willow Creek,StageName,Prospecting,Prospects,"Demote: only import-day notes (3/24 or 4/25), no real 2026 activity",2026-04-29 16:00:15,UPDATE
006WR00000wkBpUYAU,MAA Shoal Creek,StageName,Prospecting,Prospects,"Demote: only import-day notes (3/24 or 4/25), no real 2026 activity",2026-04-29 16:00:15,UPDATE
006WR00000wkBpVYAU,MAA Windmill Hill,StageName,Prospecting,Prospects,"Demote: only import-day notes (3/24 or 4/25), no real 2026 activity",2026-04-29 16:00:15,UPDATE
006WR00000wkBpWYAU,Station 42,StageName,Prospecting,Prospects,"Demote: only import-day notes (3/24 or 4/25), no real 2026 activity",2026-04-29 16:00:15,UPDATE
006WR00000wkBpXYAU,The Atlantic at Kessler Park,StageName,Prospecting,Prospects,"Demote: only import-day notes (3/24 or 4/25), no real 2026 activity",2026-04-29 16:00:15,UPDATE
006WR00000wkBpYYAU,Lakeside Apartments,StageName,Prospecting,Prospects,"Demote: only import-day notes (3/24 or 4/25), no real 2026 activity",2026-04-29 16:00:15,UPDATE
006WR00000wkBpZYAU,The Greens at Hickory Trail,StageName,Prospecting,Prospects,"Demote: only import-day notes (3/24 or 4/25), no real 2026 activity",2026-04-29 16:00:15,UPDATE
006WR00000wkBpaYAE,Gabriella,StageName,Prospecting,Prospects,"Demote: only import-day notes (3/24 or 4/25), no real 2026 activity",2026-04-29 16:00:15,UPDATE
006WR00000wkBpbYAE,Harlowe,StageName,Prospecting,Prospects,"Demote: only import-day notes (3/24 or 4/25), no real 2026 activity",2026-04-29 16:00:15,UPDATE
006WR00000wkBpcYAE,Trinity Union Apartments,StageName,Prospecting,Prospects,"Demote: only import-day notes (3/24 or 4/25), no real 2026 activity",2026-04-29 16:00:15,UPDATE
006WR00000wkBpdYAE,Westdale Hills - Doral,StageName,Prospecting,Prospects,"Demote: only import-day notes (3/24 or 4/25), no real 2026 activity",2026-04-29 16:00:15,UPDATE
006WR00000wkBpeYAE,The Retreat at River Ranch Apartments,StageName,Prospecting,Prospects,"Demote: only import-day notes (3/24 or 4/25), no real 2026 activity",2026-04-29 16:00:15,UPDATE
006WR00000wkBpfYAE,The Barcelona on Chisholm Trail Apartments,StageName,Prospecting,Prospects,"Demote: only import-day notes (3/24 or 4/25), no real 2026 activity",2026-04-29 16:00:15,UPDATE
006WR00000wkBpgYAE,Marine Creek Apartments,StageName,Prospecting,Prospects,"Demote: only import-day notes (3/24 or 4/25), no real 2026 activity",2026-04-29 16:00:15,UPDATE
006WR00000wkBphYAE,Southern Oaks Apartments,StageName,Prospecting,Prospects,"Demote: only import-day notes (3/24 or 4/25), no real 2026 activity",2026-04-29 16:00:15,UPDATE
006WR00000wkBpiYAE,The Creek on Calloway Apartments,StageName,Prospecting,Prospects,"Demote: only import-day notes (3/24 or 4/25), no real 2026 activity",2026-04-29 16:00:15,UPDATE
006WR00000wkBpjYAE,The Sadie Apartments,StageName,Prospecting,Prospects,"Demote: only import-day notes (3/24 or 4/25), no real 2026 activity",2026-04-29 16:00:15,UPDATE
006WR00000wkBpnYAE,Tides on Post Oak Apartments,StageName,Prospecting,Prospects,"Demote: only import-day notes (3/24 or 4/25), no real 2026 activity",2026-04-29 16:00:15,UPDATE
006WR00000wkBpoYAE,The Chisholm Apartments,StageName,Prospecting,Prospects,"Demote: only import-day notes (3/24 or 4/25), no real 2026 activity",2026-04-29 16:00:15,UPDATE
006WR00000wkBppYAE,The Jameson at the Bluffs Apartments,StageName,Prospecting,Prospects,"Demote: only import-day notes (3/24 or 4/25), no real 2026 activity",2026-04-29 16:00:15,UPDATE
006WR00000wkBpqYAE,The Cooper Apartments,StageName,Prospecting,Prospects,"Demote: only import-day notes (3/24 or 4/25), no real 2026 activity",2026-04-29 16:00:15,UPDATE
006WR00000wkBprYAE,The Kelton at Clearfork,StageName,Prospecting,Prospects,"Demote: only import-day notes (3/24 or 4/25), no real 2026 activity",2026-04-29 16:00:15,UPDATE
006WR00000wkBpsYAE,The Davis Apartments,StageName,Prospecting,Prospects,"Demote: only import-day notes (3/24 or 4/25), no real 2026 activity",2026-04-29 16:00:15,UPDATE
006WR00000wkBptYAE,Oxford at Lake Worth Apartments,StageName,Prospecting,Prospects,"Demote: only import-day notes (3/24 or 4/25), no real 2026 activity",2026-04-29 16:00:15,UPDATE
006WR00000wkBpuYAE,The George,StageName,Prospecting,Prospects,"Demote: only import-day notes (3/24 or 4/25), no real 2026 activity",2026-04-29 16:00:15,UPDATE
006WR00000wkBpvYAE,Park West Apartments,StageName,Prospecting,Prospects,"Demote: only import-day notes (3/24 or 4/25), no real 2026 activity",2026-04-29 16:00:15,UPDATE
006WR00000wkBpwYAE,Mission Pointe Club,StageName,Prospecting,Prospects,"Demote: only import-day notes (3/24 or 4/25), no real 2026 activity",2026-04-29 16:00:15,UPDATE
006WR00000wkBpxYAE,Kendall Villas,StageName,Prospecting,Prospects,"Demote: only import-day notes (3/24 or 4/25), no real 2026 activity",2026-04-29 16:00:15,UPDATE
006WR00000wkBpyYAE,Station 121 at Town Center,StageName,Prospecting,Prospects,"Demote: only import-day notes (3/24 or 4/25), no real 2026 activity",2026-04-29 16:00:15,UPDATE
006WR00000wkBpzYAE,Linda Drive Apartments,StageName,Prospecting,Prospects,"Demote: only import-day notes (3/24 or 4/25), no real 2026 activity",2026-04-29 16:00:15,UPDATE
006WR00000wkBq0YAE,Mercer 1900 Apartments,StageName,Prospecting,Prospects,"Demote: only import-day notes (3/24 or 4/25), no real 2026 activity",2026-04-29 16:00:15,UPDATE
006WR00000wkBq2YAE,Montfort Place,StageName,Prospecting,Prospects,"Demote: only import-day notes (3/24 or 4/25), no real 2026 activity",2026-04-29 16:00:15,UPDATE
006WR00000wkBq3YAE,Eden Park at Bear Creek,StageName,Prospecting,Prospects,"Demote: only import-day notes (3/24 or 4/25), no real 2026 activity",2026-04-29 16:00:15,UPDATE
006WR00000wkBq7YAE,Villa Del Mar,StageName,Prospecting,Prospects,"Demote: only import-day notes (3/24 or 4/25), no real 2026 activity",2026-04-29 16:00:15,UPDATE
006WR00000wkBq8YAE,The Preserve at Willow Park,StageName,Prospecting,Prospects,"Demote: only import-day notes (3/24 or 4/25), no real 2026 activity",2026-04-29 16:00:15,UPDATE
006WR00000wkBq9YAE,Neuhaus Lake Worth,StageName,Prospecting,Prospects,"Demote: only import-day notes (3/24 or 4/25), no real 2026 activity",2026-04-29 16:00:15,UPDATE
006WR00000wkBqBYAU,Parks at Addison Apartments,StageName,Prospecting,Prospects,"Demote: only import-day notes (3/24 or 4/25), no real 2026 activity",2026-04-29 16:00:15,UPDATE
006WR00000wkBqCYAU,Woodchase Apartments,StageName,Prospecting,Prospects,"Demote: only import-day notes (3/24 or 4/25), no real 2026 activity",2026-04-29 16:00:15,UPDATE
006WR00000wkBqDYAU,Merrit McGowan Manor,StageName,Prospecting,Prospects,"Demote: only import-day notes (3/24 or 4/25), no real 2026 activity",2026-04-29 16:00:15,UPDATE
006WR00000wkBqEYAU,The Atlantic Highland Park,StageName,Prospecting,Prospects,"Demote: only import-day notes (3/24 or 4/25), no real 2026 activity",2026-04-29 16:00:15,UPDATE
006WR00000wkBqFYAU,The Langford,StageName,Prospecting,Prospects,"Demote: only import-day notes (3/24 or 4/25), no real 2026 activity",2026-04-29 16:00:15,UPDATE
006WR00000wkBqGYAU,Parc Plaza,StageName,Prospecting,Prospects,"Demote: only import-day notes (3/24 or 4/25), no real 2026 activity",2026-04-29 16:00:15,UPDATE
006WR00000wkC6PYAU,The Caruth,StageName,Prospecting,Prospects,"Demote: only import-day notes (3/24 or 4/25), no real 2026 activity",2026-04-29 16:00:15,UPDATE
006WR00000wkC6QYAU,Jefferson Innova,StageName,Prospecting,Prospects,"Demote: only import-day notes (3/24 or 4/25), no real 2026 activity",2026-04-29 16:00:15,UPDATE
006WR00000wkC6RYAU,Gables Uptown Trail,StageName,Prospecting,Prospects,"Demote: only import-day notes (3/24 or 4/25), no real 2026 activity",2026-04-29 16:00:15,UPDATE
006WR00000wkC6SYAU,Strata,StageName,Prospecting,Prospects,"Demote: only import-day notes (3/24 or 4/25), no real 2026 activity",2026-04-29 16:00:15,UPDATE
006WR00000wkC6TYAU,Indie Deep Ellum,StageName,Prospecting,Prospects,"Demote: only import-day notes (3/24 or 4/25), no real 2026 activity",2026-04-29 16:00:15,UPDATE
006WR00000wkC6UYAU,Victorian,StageName,Prospecting,Prospects,"Demote: only import-day notes (3/24 or 4/25), no real 2026 activity",2026-04-29 16:00:15,UPDATE
006WR00000wkC6WYAU,St. Charles Place,StageName,Prospecting,Prospects,"Demote: only import-day notes (3/24 or 4/25), no real 2026 activity",2026-04-29 16:00:15,UPDATE
006WR00000wkC6XYAU,Swivel,StageName,Prospecting,Prospects,"Demote: only import-day notes (3/24 or 4/25), no real 2026 activity",2026-04-29 16:00:15,UPDATE
006WR00000wkC6YYAU,The Centerline Apartments,StageName,Prospecting,Prospects,"Demote: only import-day notes (3/24 or 4/25), no real 2026 activity",2026-04-29 16:00:15,UPDATE
006WR00000wkC6ZYAU,Ocean Hills 55+,StageName,Prospecting,Prospects,"Demote: only import-day notes (3/24 or 4/25), no real 2026 activity",2026-04-29 16:00:15,UPDATE
006WR00000wkC6aYAE,Immanuel Village,StageName,Prospecting,Prospects,"Demote: only import-day notes (3/24 or 4/25), no real 2026 activity",2026-04-29 16:00:15,UPDATE
006WR00000wkC6bYAE,Willows Apartments,StageName,Prospecting,Prospects,"Demote: only import-day notes (3/24 or 4/25), no real 2026 activity",2026-04-29 16:00:15,UPDATE
006WR00000wkC6eYAE,LivDomo 1,StageName,Prospecting,Prospects,"Demote: only import-day notes (3/24 or 4/25), no real 2026 activity",2026-04-29 16:00:15,UPDATE
006WR00000wkC6fYAE,LivDomo 2,StageName,Prospecting,Prospects,"Demote: only import-day notes (3/24 or 4/25), no real 2026 activity",2026-04-29 16:00:15,UPDATE
006WR00000wkC6gYAE,LivDomo 3,StageName,Prospecting,Prospects,"Demote: only import-day notes (3/24 or 4/25), no real 2026 activity",2026-04-29 16:00:15,UPDATE
006WR00000wkC6hYAE,LivDomo 4,StageName,Prospecting,Prospects,"Demote: only import-day notes (3/24 or 4/25), no real 2026 activity",2026-04-29 16:00:15,UPDATE
006WR00000wkC6iYAE,LivDomo 5,StageName,Prospecting,Prospects,"Demote: only import-day notes (3/24 or 4/25), no real 2026 activity",2026-04-29 16:00:15,UPDATE
006WR00000wkC6jYAE,LivDomo 7,StageName,Prospecting,Prospects,"Demote: only import-day notes (3/24 or 4/25), no real 2026 activity",2026-04-29 16:00:15,UPDATE
006WR00000wkC6kYAE,Somerset Court,StageName,Prospecting,Prospects,"Demote: only import-day notes (3/24 or 4/25), no real 2026 activity",2026-04-29 16:00:15,UPDATE
006WR00000wkC6lYAE,Robin Hill,StageName,Prospecting,Prospects,"Demote: only import-day notes (3/24 or 4/25), no real 2026 activity",2026-04-29 16:00:15,UPDATE
006WR00000wkC6mYAE,Park Mesa,StageName,Prospecting,Prospects,"Demote: only import-day notes (3/24 or 4/25), no real 2026 activity",2026-04-29 16:00:15,UPDATE
006WR00000wkC6nYAE,The Oaks Apartments,StageName,Prospecting,Prospects,"Demote: only import-day notes (3/24 or 4/25), no real 2026 activity",2026-04-29 16:00:15,UPDATE
006WR00000wkC6xYAE,Terra Pointe Apartments,StageName,Prospecting,Prospects,"Demote: only import-day notes (3/24 or 4/25), no real 2026 activity",2026-04-29 16:00:15,UPDATE
006WR00000wkC6zYAE,Indian Creek,StageName,Prospecting,Prospects,"Demote: only import-day notes (3/24 or 4/25), no real 2026 activity",2026-04-29 16:00:15,UPDATE
006WR00000wkC70YAE,Mac's Mobile Home Park/ Twin Oaks II,StageName,Prospecting,Prospects,"Demote: only import-day notes (3/24 or 4/25), no real 2026 activity",2026-04-29 16:00:15,UPDATE
006WR00000wkC71YAE,Horizon House [LOST],StageName,Prospecting,Prospects,"Demote: only import-day notes (3/24 or 4/25), no real 2026 activity",2026-04-29 16:00:15,UPDATE
006WR00000wkC72YAE,Riviera Mobile Home & RV Park,StageName,Prospecting,Prospects,"Demote: only import-day notes (3/24 or 4/25), no real 2026 activity",2026-04-29 16:00:15,UPDATE
006WR00000wkC73YAE,Loveland by Broadmoor,StageName,Prospecting,Prospects,"Demote: only import-day notes (3/24 or 4/25), no real 2026 activity",2026-04-29 16:00:15,UPDATE
006WR00000wkC74YAE,Shamrock Trailer Park,StageName,Prospecting,Prospects,"Demote: only import-day notes (3/24 or 4/25), no real 2026 activity",2026-04-29 16:00:15,UPDATE
006WR00000wkC75YAE,Sea Aire Mobile Park,StageName,Prospecting,Prospects,"Demote: only import-day notes (3/24 or 4/25), no real 2026 activity",2026-04-29 16:00:15,UPDATE
006WR00000wkC7CYAU,Highlander,StageName,Prospecting,Prospects,"Demote: only import-day notes (3/24 or 4/25), no real 2026 activity",2026-04-29 16:00:15,UPDATE
006WR00000wkC7DYAU,Hidden Hills Apartments,StageName,Prospecting,Prospects,"Demote: only import-day notes (3/24 or 4/25), no real 2026 activity",2026-04-29 16:00:15,UPDATE
006WR00000wkC7EYAU,Green Oak Villas,StageName,Prospecting,Prospects,"Demote: only import-day notes (3/24 or 4/25), no real 2026 activity",2026-04-29 16:00:15,UPDATE
006WR00000wkC7FYAU,Green Valley MHP,StageName,Prospecting,Prospects,"Demote: only import-day notes (3/24 or 4/25), no real 2026 activity",2026-04-29 16:00:15,UPDATE
006WR00000wkC7IYAU,LivDomo 6,StageName,Prospecting,Prospects,"Demote: only import-day notes (3/24 or 4/25), no real 2026 activity",2026-04-29 16:00:15,UPDATE
006WR00000wkC7KYAU,Lindenwood Court Apartments,StageName,Prospecting,Prospects,"Demote: only import-day notes (3/24 or 4/25), no real 2026 activity",2026-04-29 16:00:15,UPDATE
006WR00000wkC7PYAU,Waterworks Condos,StageName,Prospecting,Prospects,"Demote: only import-day notes (3/24 or 4/25), no real 2026 activity",2026-04-29 16:00:15,UPDATE
006WR00000wkC7QYAU,Marlborough Mesa Villas,StageName,Prospecting,Prospects,"Demote: only import-day notes (3/24 or 4/25), no real 2026 activity",2026-04-29 16:00:15,UPDATE
006WR00000wkC7RYAU,Graysill Casitas,StageName,Prospecting,Prospects,"Demote: only import-day notes (3/24 or 4/25), no real 2026 activity",2026-04-29 16:00:15,UPDATE
006WR00000wkC7SYAU,S Karmella Trailer Park,StageName,Prospecting,Prospects,"Demote: only import-day notes (3/24 or 4/25), no real 2026 activity",2026-04-29 16:00:15,UPDATE
006WR00000wkC7TYAU,Alma Gardens Mobile Home and RV Park,StageName,Prospecting,Prospects,"Demote: only import-day notes (3/24 or 4/25), no real 2026 activity",2026-04-29 16:00:15,UPDATE
006WR00000wkC7UYAU,Mesa Summit Apartments,StageName,Prospecting,Prospects,"Demote: only import-day notes (3/24 or 4/25), no real 2026 activity",2026-04-29 16:00:15,UPDATE
006WR00000wkC7VYAU,The PLace at El Prado,StageName,Prospecting,Prospects,"Demote: only import-day notes (3/24 or 4/25), no real 2026 activity",2026-04-29 16:00:15,UPDATE
006WR00000wkC7XYAU,Villas Mesa 2,StageName,Prospecting,Prospects,"Demote: only import-day notes (3/24 or 4/25), no real 2026 activity",2026-04-29 16:00:15,UPDATE
006WR00000wkC7ZYAU,The Carondelet,StageName,Prospecting,Prospects,"Demote: only import-day notes (3/24 or 4/25), no real 2026 activity",2026-04-29 16:00:15,UPDATE
006WR00000wkC7aYAE,Butler Ridge,StageName,Prospecting,Prospects,"Demote: only import-day notes (3/24 or 4/25), no real 2026 activity",2026-04-29 16:00:15,UPDATE
006WR00000wkC7bYAE,Val Vista Villages RV Park & Resort,StageName,Prospecting,Prospects,"Demote: only import-day notes (3/24 or 4/25), no real 2026 activity",2026-04-29 16:00:15,UPDATE
006WR00000wkC7cYAE,Towerpoint RV Resort,StageName,Prospecting,Prospects,"Demote: only import-day notes (3/24 or 4/25), no real 2026 activity",2026-04-29 16:00:15,UPDATE
006WR00000wkC7dYAE,Mesa Regal Rv Resort,StageName,Prospecting,Prospects,"Demote: only import-day notes (3/24 or 4/25), no real 2026 activity",2026-04-29 16:00:15,UPDATE
006WR00000wkC7eYAE,The Citadel,StageName,Prospecting,Prospects,"Demote: only import-day notes (3/24 or 4/25), no real 2026 activity",2026-04-29 16:00:15,UPDATE
006WR00000wkC7fYAE,Vista Grove,StageName,Prospecting,Prospects,"Demote: only import-day notes (3/24 or 4/25), no real 2026 activity",2026-04-29 16:00:15,UPDATE
006WR00000wkC7gYAE,Waylon Desert Haven,StageName,Prospecting,Prospects,"Demote: only import-day notes (3/24 or 4/25), no real 2026 activity",2026-04-29 16:00:15,UPDATE
006WR00000wkC7hYAE,Patio Gardens MHP,StageName,Prospecting,Prospects,"Demote: only import-day notes (3/24 or 4/25), no real 2026 activity",2026-04-29 16:00:15,UPDATE
006WR00000wkC7iYAE,Rambler Mobile Home Park,StageName,Prospecting,Prospects,"Demote: only import-day notes (3/24 or 4/25), no real 2026 activity",2026-04-29 16:00:15,UPDATE
006WR00000wkC7jYAE,Talise Apartments,StageName,Prospecting,Prospects,"Demote: only import-day notes (3/24 or 4/25), no real 2026 activity",2026-04-29 16:00:15,UPDATE
006WR00000wkC7kYAE,San Cierra,StageName,Prospecting,Prospects,"Demote: only import-day notes (3/24 or 4/25), no real 2026 activity",2026-04-29 16:00:15,UPDATE
006WR00000wkC7lYAE,Waterford at Superstition Springs,StageName,Prospecting,Prospects,"Demote: only import-day notes (3/24 or 4/25), no real 2026 activity",2026-04-29 16:00:15,UPDATE
006WR00000wkC7mYAE,Cabrillo Pointe,StageName,Prospecting,Prospects,"Demote: only import-day notes (3/24 or 4/25), no real 2026 activity",2026-04-29 16:00:15,UPDATE
006WR00000wkC7nYAE,Biscayne Bay,StageName,Prospecting,Prospects,"Demote: only import-day notes (3/24 or 4/25), no real 2026 activity",2026-04-29 16:00:15,UPDATE
006WR00000wkC7oYAE,Reflections at Red Mountain,StageName,Prospecting,Prospects,"Demote: only import-day notes (3/24 or 4/25), no real 2026 activity",2026-04-29 16:00:15,UPDATE
006WR00000wkC7pYAE,Mirada at the Islands,StageName,Prospecting,Prospects,"Demote: only import-day notes (3/24 or 4/25), no real 2026 activity",2026-04-29 16:00:15,UPDATE
006WR00000wkC7qYAE,Lunar Bear 454 West,StageName,Prospecting,Prospects,"Demote: only import-day notes (3/24 or 4/25), no real 2026 activity",2026-04-29 16:00:15,UPDATE
006WR00000wkC7rYAE,Mesa Shadows Mobile Home Park,StageName,Prospecting,Prospects,"Demote: only import-day notes (3/24 or 4/25), no real 2026 activity",2026-04-29 16:00:15,UPDATE
006WR00000wkC7sYAE,Brentwood West,StageName,Prospecting,Prospects,"Demote: only import-day notes (3/24 or 4/25), no real 2026 activity",2026-04-29 16:00:15,UPDATE
006WR00000wkC7tYAE,Woodstream Village Apartments,StageName,Prospecting,Prospects,"Demote: only import-day notes (3/24 or 4/25), no real 2026 activity",2026-04-29 16:00:15,UPDATE
006WR00000wkC7uYAE,Sonoran Palms Apartments,StageName,Prospecting,Prospects,"Demote: only import-day notes (3/24 or 4/25), no real 2026 activity",2026-04-29 16:00:15,UPDATE
006WR00000wkC7vYAE,Burnett Place Apartments,StageName,Prospecting,Prospects,"Demote: only import-day notes (3/24 or 4/25), no real 2026 activity",2026-04-29 16:00:15,UPDATE
006WR00000wkC7wYAE,The Grove Independent Living,StageName,Prospecting,Prospects,"Demote: only import-day notes (3/24 or 4/25), no real 2026 activity",2026-04-29 16:00:15,UPDATE
006WR00000wkC7xYAE,Chateau West Apartments,StageName,Prospecting,Prospects,"Demote: only import-day notes (3/24 or 4/25), no real 2026 activity",2026-04-29 16:00:15,UPDATE
006WR00000wkC7yYAE,Quail Run Apartments,StageName,Prospecting,Prospects,"Demote: only import-day notes (3/24 or 4/25), no real 2026 activity",2026-04-29 16:00:15,UPDATE
006WR00000wkC80YAE,StoneGate Estates Mobile Home Community,StageName,Prospecting,Prospects,"Demote: only import-day notes (3/24 or 4/25), no real 2026 activity",2026-04-29 16:00:15,UPDATE
006WR00000wkC81YAE,The Village at Fox Creek,StageName,Prospecting,Prospects,"Demote: only import-day notes (3/24 or 4/25), no real 2026 activity",2026-04-29 16:00:15,UPDATE
006WR00000wkC82YAE,San Fernando Apartments,StageName,Prospecting,Prospects,"Demote: only import-day notes (3/24 or 4/25), no real 2026 activity",2026-04-29 16:00:15,UPDATE
006WR00000wkCjCYAU,Villas of Omaha at Butler Ridge,StageName,Prospecting,Prospects,"Demote: only import-day notes (3/24 or 4/25), no real 2026 activity",2026-04-29 16:00:15,UPDATE
006WR00000wkCjDYAU,Villa Vinee Apartments,StageName,Prospecting,Prospects,"Demote: only import-day notes (3/24 or 4/25), no real 2026 activity",2026-04-29 16:00:15,UPDATE
006WR00000wkCjEYAU,Sedona Springs,StageName,Prospecting,Prospects,"Demote: only import-day notes (3/24 or 4/25), no real 2026 activity",2026-04-29 16:00:15,UPDATE
006WR00000wkCjFYAU,La Mesa Grande Condominiums,StageName,Prospecting,Prospects,"Demote: only import-day notes (3/24 or 4/25), no real 2026 activity",2026-04-29 16:00:15,UPDATE
006WR00000wkCjIYAU,Val Vista Gardens,StageName,Prospecting,Prospects,"Demote: only import-day notes (3/24 or 4/25), no real 2026 activity",2026-04-29 16:00:15,UPDATE
006WR00000wkCjJYAU,View at Catalina Apartments,StageName,Prospecting,Prospects,"Demote: only import-day notes (3/24 or 4/25), no real 2026 activity",2026-04-29 16:00:15,UPDATE
006WR00000wkCjKYAU,Argenta Apartments,StageName,Prospecting,Prospects,"Demote: only import-day notes (3/24 or 4/25), no real 2026 activity",2026-04-29 16:00:15,UPDATE
006WR00000wkCjLYAU,Parker Place (Just off Post) Apartments,StageName,Prospecting,Prospects,"Demote: only import-day notes (3/24 or 4/25), no real 2026 activity",2026-04-29 16:00:15,UPDATE
006WR00000wkCjMYAU,Gardens of Taylor,StageName,Prospecting,Prospects,"Demote: only import-day notes (3/24 or 4/25), no real 2026 activity",2026-04-29 16:00:15,UPDATE
006WR00000wkCjNYAU,Sonoran Reserve,StageName,Prospecting,Prospects,"Demote: only import-day notes (3/24 or 4/25), no real 2026 activity",2026-04-29 16:00:15,UPDATE
006WR00000wkCjOYAU,Northpoint Villas,StageName,Prospecting,Prospects,"Demote: only import-day notes (3/24 or 4/25), no real 2026 activity",2026-04-29 16:00:15,UPDATE
006WR00000wkCjPYAU,Century Plaza,StageName,Prospecting,Prospects,"Demote: only import-day notes (3/24 or 4/25), no real 2026 activity",2026-04-29 16:00:15,UPDATE
006WR00000wkCjQYAU,Southridge Apartments,StageName,Prospecting,Prospects,"Demote: only import-day notes (3/24 or 4/25), no real 2026 activity",2026-04-29 16:00:15,UPDATE
006WR00000wkCjRYAU,Palm Gardens,StageName,Prospecting,Prospects,"Demote: only import-day notes (3/24 or 4/25), no real 2026 activity",2026-04-29 16:00:15,UPDATE
006WR00000wkCjSYAU,Apache East,StageName,Prospecting,Prospects,"Demote: only import-day notes (3/24 or 4/25), no real 2026 activity",2026-04-29 16:00:15,UPDATE
006WR00000wkCjTYAU,Copper Village,StageName,Prospecting,Prospects,"Demote: only import-day notes (3/24 or 4/25), no real 2026 activity",2026-04-29 16:00:15,UPDATE
006WR00000wkCjUYAU,Desert Skies,StageName,Prospecting,Prospects,"Demote: only import-day notes (3/24 or 4/25), no real 2026 activity",2026-04-29 16:00:15,UPDATE
006WR00000wkCjVYAU,215 N Power Rd,StageName,Prospecting,Prospects,"Demote: only import-day notes (3/24 or 4/25), no real 2026 activity",2026-04-29 16:00:15,UPDATE
006WR00000wkCjWYAU,Paradise Cove at the Islands,StageName,Prospecting,Prospects,"Demote: only import-day notes (3/24 or 4/25), no real 2026 activity",2026-04-29 16:00:15,UPDATE
006WR00000wkCjXYAU,Windsor Park,StageName,Prospecting,Prospects,"Demote: only import-day notes (3/24 or 4/25), no real 2026 activity",2026-04-29 16:00:15,UPDATE
006WR00000wkCjYYAU,Carefree Manor,StageName,Prospecting,Prospects,"Demote: only import-day notes (3/24 or 4/25), no real 2026 activity",2026-04-29 16:00:15,UPDATE
006WR00000wkCjZYAU,Sabino Vista II,StageName,Prospecting,Prospects,"Demote: only import-day notes (3/24 or 4/25), no real 2026 activity",2026-04-29 16:00:15,UPDATE
006WR00000wkCjaYAE,Campbell Ranch on Roger,StageName,Prospecting,Prospects,"Demote: only import-day notes (3/24 or 4/25), no real 2026 activity",2026-04-29 16:00:15,UPDATE
006WR00000wkCjbYAE,Sabino Vista I,StageName,Prospecting,Prospects,"Demote: only import-day notes (3/24 or 4/25), no real 2026 activity",2026-04-29 16:00:15,UPDATE
006WR00000wkCjcYAE,Deerfield Village on Fort Lowell,StageName,Prospecting,Prospects,"Demote: only import-day notes (3/24 or 4/25), no real 2026 activity",2026-04-29 16:00:15,UPDATE
006WR00000wkCjdYAE,Arcadia Park Apartments,StageName,Prospecting,Prospects,"Demote: only import-day notes (3/24 or 4/25), no real 2026 activity",2026-04-29 16:00:15,UPDATE
006WR00000wkCjeYAE,Capistrano Apartments,StageName,Prospecting,Prospects,"Demote: only import-day notes (3/24 or 4/25), no real 2026 activity",2026-04-29 16:00:15,UPDATE
006WR00000wkCjfYAE,Stone Hill Apartments,StageName,Prospecting,Prospects,"Demote: only import-day notes (3/24 or 4/25), no real 2026 activity",2026-04-29 16:00:15,UPDATE
006WR00000wkCjgYAE,Estates of Bridgeport,StageName,Prospecting,Prospects,"Demote: only import-day notes (3/24 or 4/25), no real 2026 activity",2026-04-29 16:00:15,UPDATE
006WR00000wkCjhYAE,TAYLOR_MDU_DEBUS_APTS AKA Boxwoods at Taylor Condo Community,StageName,Prospecting,Prospects,"Demote: only import-day notes (3/24 or 4/25), no real 2026 activity",2026-04-29 16:00:15,UPDATE
006WR00000wkCjiYAE,Sandstone Dr Townhomes,StageName,Prospecting,Prospects,"Demote: only import-day notes (3/24 or 4/25), no real 2026 activity",2026-04-29 16:00:15,UPDATE
006WR00000wkCjjYAE,Irvington Heights,StageName,Prospecting,Prospects,"Demote: only import-day notes (3/24 or 4/25), no real 2026 activity",2026-04-29 16:00:15,UPDATE
006WR00000wkCjkYAE,Valley of Dreams MHP,StageName,Prospecting,Prospects,"Demote: only import-day notes (3/24 or 4/25), no real 2026 activity",2026-04-29 16:00:15,UPDATE
006WR00000wkCjlYAE,Cantebria Senior Homes,StageName,Prospecting,Prospects,"Demote: only import-day notes (3/24 or 4/25), no real 2026 activity",2026-04-29 16:00:15,UPDATE
006WR00000wkCjmYAE,Spyglass Point,StageName,Prospecting,Prospects,"Demote: only import-day notes (3/24 or 4/25), no real 2026 activity",2026-04-29 16:00:15,UPDATE
006WR00000wkCjnYAE,Sixth Green Townhomes,StageName,Prospecting,Prospects,"Demote: only import-day notes (3/24 or 4/25), no real 2026 activity",2026-04-29 16:00:15,UPDATE
006WR00000wkCjoYAE,Woodgate Townhomes,StageName,Prospecting,Prospects,"Demote: only import-day notes (3/24 or 4/25), no real 2026 activity",2026-04-29 16:00:15,UPDATE
006WR00000wkCjpYAE,Steven's Manor Townhomes,StageName,Prospecting,Prospects,"Demote: only import-day notes (3/24 or 4/25), no real 2026 activity",2026-04-29 16:00:15,UPDATE
006WR00000wkCjqYAE,Hillside Rows Apts,StageName,Prospecting,Prospects,"Demote: only import-day notes (3/24 or 4/25), no real 2026 activity",2026-04-29 16:00:15,UPDATE
006WR00000wkCjrYAE,Su Casa Por Cortez Apartments Community Housing,StageName,Prospecting,Prospects,"Demote: only import-day notes (3/24 or 4/25), no real 2026 activity",2026-04-29 16:00:15,UPDATE
006WR00000wkCjsYAE,Vaughan Manor Apartments,StageName,Prospecting,Prospects,"Demote: only import-day notes (3/24 or 4/25), no real 2026 activity",2026-04-29 16:00:15,UPDATE
006WR00000wkCjtYAE,The Canyons at Linda Vista Trail,StageName,Prospecting,Prospects,"Demote: only import-day notes (3/24 or 4/25), no real 2026 activity",2026-04-29 16:00:15,UPDATE
006WR00000wkCjvYAE,Pima Canyon,StageName,Prospecting,Prospects,"Demote: only import-day notes (3/24 or 4/25), no real 2026 activity",2026-04-29 16:00:15,UPDATE
006WR00000wkCjwYAE,Villas at San Dorado,StageName,Prospecting,Prospects,"Demote: only import-day notes (3/24 or 4/25), no real 2026 activity",2026-04-29 16:00:15,UPDATE
006WR00000wkCjyYAE,Las Palmas Apartments,StageName,Prospecting,Prospects,"Demote: only import-day notes (3/24 or 4/25), no real 2026 activity",2026-04-29 16:00:15,UPDATE
006WR00000wkCjzYAE,The Golf Villas at Oro Valley,StageName,Prospecting,Prospects,"Demote: only import-day notes (3/24 or 4/25), no real 2026 activity",2026-04-29 16:00:15,UPDATE
006WR00000wkCk0YAE,Oro Vista Apartments,StageName,Prospecting,Prospects,"Demote: only import-day notes (3/24 or 4/25), no real 2026 activity",2026-04-29 16:00:15,UPDATE
006WR00000wkCk9YAE,Vista Ridge,StageName,Prospecting,Prospects,"Demote: only import-day notes (3/24 or 4/25), no real 2026 activity",2026-04-29 16:00:15,UPDATE
006WR00000wkCkAYAU,Florence Towers,StageName,Prospecting,Prospects,"Demote: only import-day notes (3/24 or 4/25), no real 2026 activity",2026-04-29 16:00:15,UPDATE
006WR00000wkCkBYAU,Evans Tower,StageName,Prospecting,Prospects,"Demote: only import-day notes (3/24 or 4/25), no real 2026 activity",2026-04-29 16:00:15,UPDATE
006WR00000wkCkCYAU,Tre Allagio Condominium,StageName,Prospecting,Prospects,"Demote: only import-day notes (3/24 or 4/25), no real 2026 activity",2026-04-29 16:00:15,UPDATE
006WR00000wkCkDYAU,North Chandler Place,StageName,Prospecting,Prospects,"Demote: only import-day notes (3/24 or 4/25), no real 2026 activity",2026-04-29 16:00:15,UPDATE
006WR00000wkCkFYAU,Villas Las Toronjas II,StageName,Prospecting,Prospects,"Demote: only import-day notes (3/24 or 4/25), no real 2026 activity",2026-04-29 16:00:15,UPDATE
006WR00000wkCkGYAU,Huntington Park Apartments,StageName,Prospecting,Prospects,"Demote: only import-day notes (3/24 or 4/25), no real 2026 activity",2026-04-29 16:00:15,UPDATE
006WR00000wkCkHYAU,Villas las Naranjas,StageName,Prospecting,Prospects,"Demote: only import-day notes (3/24 or 4/25), no real 2026 activity",2026-04-29 16:00:15,UPDATE
006WR00000wkCkIYAU,Ocotillo Apartments,StageName,Prospecting,Prospects,"Demote: only import-day notes (3/24 or 4/25), no real 2026 activity",2026-04-29 16:00:15,UPDATE
006WR00000wkCkJYAU,El Conquistador Apartments,StageName,Prospecting,Prospects,"Demote: only import-day notes (3/24 or 4/25), no real 2026 activity",2026-04-29 16:00:15,UPDATE
006WR00000wkCkKYAU,Villas las Mandarinas,StageName,Prospecting,Prospects,"Demote: only import-day notes (3/24 or 4/25), no real 2026 activity",2026-04-29 16:00:15,UPDATE
006WR00000wkCkLYAU,Villas del Paraiso,StageName,Prospecting,Prospects,"Demote: only import-day notes (3/24 or 4/25), no real 2026 activity",2026-04-29 16:00:15,UPDATE
006WR00000wkCkMYAU,The Royal El Con Apartments,StageName,Prospecting,Prospects,"Demote: only import-day notes (3/24 or 4/25), no real 2026 activity",2026-04-29 16:00:15,UPDATE
006WR00000wkCkNYAU,Presidio Palms,StageName,Prospecting,Prospects,"Demote: only import-day notes (3/24 or 4/25), no real 2026 activity",2026-04-29 16:00:15,UPDATE
006WR00000wkCkOYAU,Council House Apartments,StageName,Prospecting,Prospects,"Demote: only import-day notes (3/24 or 4/25), no real 2026 activity",2026-04-29 16:00:15,UPDATE
006WR00000wkCkPYAU,San Marquis,StageName,Prospecting,Prospects,"Demote: only import-day notes (3/24 or 4/25), no real 2026 activity",2026-04-29 16:00:15,UPDATE
006WR00000wkCkQYAU,Villas las Toronjas I,StageName,Prospecting,Prospects,"Demote: only import-day notes (3/24 or 4/25), no real 2026 activity",2026-04-29 16:00:15,UPDATE
006WR00000wkCkRYAU,Palm Shadows Apartments - Tucson,StageName,Prospecting,Prospects,"Demote: only import-day notes (3/24 or 4/25), no real 2026 activity",2026-04-29 16:00:15,UPDATE
006WR00000wkCkSYAU,Sahara Apartments,StageName,Prospecting,Prospects,"Demote: only import-day notes (3/24 or 4/25), no real 2026 activity",2026-04-29 16:00:15,UPDATE
006WR00000wkCkTYAU,Villas de la Montaña,StageName,Prospecting,Prospects,"Demote: only import-day notes (3/24 or 4/25), no real 2026 activity",2026-04-29 16:00:15,UPDATE
006WR00000wkCkUYAU,Country Club Apartments - Tucson,StageName,Prospecting,Prospects,"Demote: only import-day notes (3/24 or 4/25), no real 2026 activity",2026-04-29 16:00:15,UPDATE
006WR00000wkCkVYAU,Villas Las Cerezas,StageName,Prospecting,Prospects,"Demote: only import-day notes (3/24 or 4/25), no real 2026 activity",2026-04-29 16:00:15,UPDATE
006WR00000wkCkWYAU,Liberty Landing Apartments,StageName,Prospecting,Prospects,"Demote: only import-day notes (3/24 or 4/25), no real 2026 activity",2026-04-29 16:00:15,UPDATE
006WR00000wkCkXYAU,Mesa_MDU_FiestaRVR,StageName,Prospecting,Prospects,"Demote: only import-day notes (3/24 or 4/25), no real 2026 activity",2026-04-29 16:00:15,UPDATE
006WR00000wkCkZYAU,New Towne West Apts,StageName,Prospecting,Prospects,"Demote: only import-day notes (3/24 or 4/25), no real 2026 activity",2026-04-29 16:00:15,UPDATE
006WR00000wkCkaYAE,Georgetown_MDU_Mariposa_Senior_Living,StageName,Prospecting,Prospects,"Demote: only import-day notes (3/24 or 4/25), no real 2026 activity",2026-04-29 16:00:15,UPDATE
006WR00000wkCkbYAE,Colina De La Costa HOA,StageName,Prospecting,Prospects,"Demote: only import-day notes (3/24 or 4/25), no real 2026 activity",2026-04-29 16:00:15,UPDATE
006WR00000wkCkcYAE,Caringa Way Condos,StageName,Prospecting,Prospects,"Demote: only import-day notes (3/24 or 4/25), no real 2026 activity",2026-04-29 16:00:15,UPDATE
006WR00000wkCkdYAE,La Costa Casa Grande,StageName,Prospecting,Prospects,"Demote: only import-day notes (3/24 or 4/25), no real 2026 activity",2026-04-29 16:00:15,UPDATE
006WR00000wkCkeYAE,Swanson Towers Condominiums,StageName,Prospecting,Prospects,"Demote: only import-day notes (3/24 or 4/25), no real 2026 activity",2026-04-29 16:00:15,UPDATE
006WR00000wkCkfYAE,Summit & Bloomfield Townhomes,StageName,Prospecting,Prospects,"Demote: only import-day notes (3/24 or 4/25), no real 2026 activity",2026-04-29 16:00:15,UPDATE
006WR00000wkCkgYAE,La Costa Village Townhomes,StageName,Prospecting,Prospects,"Demote: only import-day notes (3/24 or 4/25), no real 2026 activity",2026-04-29 16:00:15,UPDATE
006WR00000wkCkhYAE,Seascape,StageName,Prospecting,Prospects,"Demote: only import-day notes (3/24 or 4/25), no real 2026 activity",2026-04-29 16:00:15,UPDATE
006WR00000wkCkiYAE,Seaturf,StageName,Prospecting,Prospects,"Demote: only import-day notes (3/24 or 4/25), no real 2026 activity",2026-04-29 16:00:15,UPDATE
006WR00000wkCkjYAE,Arroyo Villas,StageName,Prospecting,Prospects,"Demote: only import-day notes (3/24 or 4/25), no real 2026 activity",2026-04-29 16:00:15,UPDATE
006WR00000wkCkkYAE,Coral Way,StageName,Prospecting,Prospects,"Demote: only import-day notes (3/24 or 4/25), no real 2026 activity",2026-04-29 16:00:15,UPDATE
006WR00000wkCklYAE,Villa De La Costa,StageName,Prospecting,Prospects,"Demote: only import-day notes (3/24 or 4/25), no real 2026 activity",2026-04-29 16:00:15,UPDATE
006WR00000wkCkmYAE,Cabanas at Coral Cove,StageName,Prospecting,Prospects,"Demote: only import-day notes (3/24 or 4/25), no real 2026 activity",2026-04-29 16:00:15,UPDATE
006WR00000wkCkoYAE,Saxony Village Apartments,StageName,Prospecting,Prospects,"Demote: only import-day notes (3/24 or 4/25), no real 2026 activity",2026-04-29 16:00:15,UPDATE
006WR00000wkCkpYAE,La Mer Condos,StageName,Prospecting,Prospects,"Demote: only import-day notes (3/24 or 4/25), no real 2026 activity",2026-04-29 16:00:15,UPDATE
006WR00000wkCkqYAE,Lamplighter Apartments,StageName,Prospecting,Prospects,"Demote: only import-day notes (3/24 or 4/25), no real 2026 activity",2026-04-29 16:00:15,UPDATE
006WR00000wkCkrYAE,Town And Country RV Park,StageName,Prospecting,Prospects,"Demote: only import-day notes (3/24 or 4/25), no real 2026 activity",2026-04-29 16:00:15,UPDATE
006WR00000wkCksYAE,Sunset Mesa,StageName,Prospecting,Prospects,"Demote: only import-day notes (3/24 or 4/25), no real 2026 activity",2026-04-29 16:00:15,UPDATE
006WR00000wkCktYAE,The Premiere at Eastmark,StageName,Prospecting,Prospects,"Demote: only import-day notes (3/24 or 4/25), no real 2026 activity",2026-04-29 16:00:15,UPDATE
006WR00000wkCkvYAE,Western Hills Condos,StageName,Prospecting,Prospects,"Demote: only import-day notes (3/24 or 4/25), no real 2026 activity",2026-04-29 16:00:15,UPDATE
006WR00000wkCkwYAE,Caravelle Townhomes,StageName,Prospecting,Prospects,"Demote: only import-day notes (3/24 or 4/25), no real 2026 activity",2026-04-29 16:00:15,UPDATE
006WR00000wkCkyYAE,Ascot Village,StageName,Prospecting,Prospects,"Demote: only import-day notes (3/24 or 4/25), no real 2026 activity",2026-04-29 16:00:15,UPDATE
006WR00000wkCkzYAE,Millcreek Apartments,StageName,Prospecting,Prospects,"Demote: only import-day notes (3/24 or 4/25), no real 2026 activity",2026-04-29 16:00:15,UPDATE
006WR00000wkCl0YAE,Casa Antiqua Apartments,StageName,Prospecting,Prospects,"Demote: only import-day notes (3/24 or 4/25), no real 2026 activity",2026-04-29 16:00:15,UPDATE
006WR00000wkCl1YAE,The Meadows Apartments,StageName,Prospecting,Prospects,"Demote: only import-day notes (3/24 or 4/25), no real 2026 activity",2026-04-29 16:00:15,UPDATE
006WR00000wkCl2YAE,Vista Manor,StageName,Prospecting,Prospects,"Demote: only import-day notes (3/24 or 4/25), no real 2026 activity",2026-04-29 16:00:15,UPDATE
006WR00000wkCl5YAE,Landings,StageName,Prospecting,Prospects,"Demote: only import-day notes (3/24 or 4/25), no real 2026 activity",2026-04-29 16:00:15,UPDATE
006WR00000wkCl8YAE,VELA Apartments,StageName,Prospecting,Prospects,"Demote: only import-day notes (3/24 or 4/25), no real 2026 activity",2026-04-29 16:00:15,UPDATE
006WR00000wkCl9YAE,Camden Tempe II,StageName,Prospecting,Prospects,"Demote: only import-day notes (3/24 or 4/25), no real 2026 activity",2026-04-29 16:00:15,UPDATE
006WR00000wkClAYAU,Madison at Westinghouse,StageName,Prospecting,Prospects,"Demote: only import-day notes (3/24 or 4/25), no real 2026 activity",2026-04-29 16:00:15,UPDATE
006WR00000wkClBYAU,Belterra,StageName,Prospecting,Prospects,"Demote: only import-day notes (3/24 or 4/25), no real 2026 activity",2026-04-29 16:00:15,UPDATE
006WR00000wkClHYAU,The Remington,StageName,Prospecting,Prospects,"Demote: only import-day notes (3/24 or 4/25), no real 2026 activity",2026-04-29 16:00:15,UPDATE
006WR00000wkClLYAU,Morgan Manor,StageName,Prospecting,Prospects,"Demote: only import-day notes (3/24 or 4/25), no real 2026 activity",2026-04-29 16:00:15,UPDATE
006WR00000wkClOYAU,Lakeview Apartments,StageName,Prospecting,Prospects,"Demote: only import-day notes (3/24 or 4/25), no real 2026 activity",2026-04-29 16:00:15,UPDATE
006WR00000wkClPYAU,Crestwood Apartment Homes,StageName,Prospecting,Prospects,"Demote: only import-day notes (3/24 or 4/25), no real 2026 activity",2026-04-29 16:00:15,UPDATE
006WR00000wkClRYAU,Grandridge,StageName,Prospecting,Prospects,"Demote: only import-day notes (3/24 or 4/25), no real 2026 activity",2026-04-29 16:00:15,UPDATE
006WR00000wkClTYAU,The Palo Apartments,StageName,Prospecting,Prospects,"Demote: only import-day notes (3/24 or 4/25), no real 2026 activity",2026-04-29 16:00:15,UPDATE
006WR00000wkClXYAU,Stafford Place,StageName,Prospecting,Prospects,"Demote: only import-day notes (3/24 or 4/25), no real 2026 activity",2026-04-29 16:00:15,UPDATE
006WR00000wkClYYAU,Collection Champions Circle,StageName,Prospecting,Prospects,"Demote: only import-day notes (3/24 or 4/25), no real 2026 activity",2026-04-29 16:00:15,UPDATE
006WR00000wkClZYAU,Paloma Village,StageName,Prospecting,Prospects,"Demote: only import-day notes (3/24 or 4/25), no real 2026 activity",2026-04-29 16:00:15,UPDATE
006WR00000wkClaYAE,Highview Apartments,StageName,Prospecting,Prospects,"Demote: only import-day notes (3/24 or 4/25), no real 2026 activity",2026-04-29 16:00:15,UPDATE
006WR00000wkClbYAE,Solea Keller,StageName,Prospecting,Prospects,"Demote: only import-day notes (3/24 or 4/25), no real 2026 activity",2026-04-29 16:00:15,UPDATE
006WR00000wkClcYAE,The Palo Townhomes,StageName,Prospecting,Prospects,"Demote: only import-day notes (3/24 or 4/25), no real 2026 activity",2026-04-29 16:00:15,UPDATE
006WR00000wkCldYAE,Keystone Apartments,StageName,Prospecting,Prospects,"Demote: only import-day notes (3/24 or 4/25), no real 2026 activity",2026-04-29 16:00:15,UPDATE
006WR00000wkCleYAE,Tucker Apts AKA Brickstone Villas,StageName,Prospecting,Prospects,"Demote: only import-day notes (3/24 or 4/25), no real 2026 activity",2026-04-29 16:00:15,UPDATE
006WR00000wkClfYAE,Album Keller Ranch,StageName,Prospecting,Prospects,"Demote: only import-day notes (3/24 or 4/25), no real 2026 activity",2026-04-29 16:00:15,UPDATE
006WR00000wkClgYAE,Country Place,StageName,Prospecting,Prospects,"Demote: only import-day notes (3/24 or 4/25), no real 2026 activity",2026-04-29 16:00:15,UPDATE
006WR00000wkClhYAE,Hutto Station Apartments,StageName,Prospecting,Prospects,"Demote: only import-day notes (3/24 or 4/25), no real 2026 activity",2026-04-29 16:00:15,UPDATE
006WR00000wkCliYAE,Watermere at the Preserve,StageName,Prospecting,Prospects,"Demote: only import-day notes (3/24 or 4/25), no real 2026 activity",2026-04-29 16:00:15,UPDATE
006WR00000wkClnYAE,Resia Hutto Square,StageName,Prospecting,Prospects,"Demote: only import-day notes (3/24 or 4/25), no real 2026 activity",2026-04-29 16:00:15,UPDATE
006WR00000wkCloYAE,Elan at Keller Ranch,StageName,Prospecting,Prospects,"Demote: only import-day notes (3/24 or 4/25), no real 2026 activity",2026-04-29 16:00:15,UPDATE
006WR00000wkClpYAE,Copper Mountain,StageName,Prospecting,Prospects,"Demote: only import-day notes (3/24 or 4/25), no real 2026 activity",2026-04-29 16:00:15,UPDATE
006WR00000wkClqYAE,The Lyric at Keller Center Stage,StageName,Prospecting,Prospects,"Demote: only import-day notes (3/24 or 4/25), no real 2026 activity",2026-04-29 16:00:15,UPDATE
006WR00000wkClrYAE,Enclave at Killeen,StageName,Prospecting,Prospects,"Demote: only import-day notes (3/24 or 4/25), no real 2026 activity",2026-04-29 16:00:15,UPDATE
006WR00000wkCltYAE,Twin creek,StageName,Prospecting,Prospects,"Demote: only import-day notes (3/24 or 4/25), no real 2026 activity",2026-04-29 16:00:15,UPDATE
006WR00000wkClvYAE,Westminster,StageName,Prospecting,Prospects,"Demote: only import-day notes (3/24 or 4/25), no real 2026 activity",2026-04-29 16:00:15,UPDATE
006WR00000wkClxYAE,NorthStar Georgetown,StageName,Prospecting,Prospects,"Demote: only import-day notes (3/24 or 4/25), no real 2026 activity",2026-04-29 16:00:15,UPDATE
006WR00000wkClyYAE,The Wesleyan,StageName,Prospecting,Prospects,"Demote: only import-day notes (3/24 or 4/25), no real 2026 activity",2026-04-29 16:00:15,UPDATE
006WR00000wkClzYAE,Woodland Pines,StageName,Prospecting,Prospects,"Demote: only import-day notes (3/24 or 4/25), no real 2026 activity",2026-04-29 16:00:15,UPDATE
006WR00000wkCm6YAE,Aztec Springs Apartments,StageName,Prospecting,Prospects,"Demote: only import-day notes (3/24 or 4/25), no real 2026 activity",2026-04-29 16:00:15,UPDATE
006WR00000wkCm8YAE,Harris Apartments,StageName,Prospecting,Prospects,"Demote: only import-day notes (3/24 or 4/25), no real 2026 activity",2026-04-29 16:00:15,UPDATE
006WR00000wkCm9YAE,Indian Trail Estates MHP,StageName,Prospecting,Prospects,"Demote: only import-day notes (3/24 or 4/25), no real 2026 activity",2026-04-29 16:00:15,UPDATE
006WR00000wkCmAYAU,Elmwood Tower - EXISTING BULK,StageName,Prospecting,Prospects,"Demote: only import-day notes (3/24 or 4/25), no real 2026 activity",2026-04-29 16:00:15,UPDATE
006WR00000wkCmLYAU,The Hillcrest,StageName,Prospecting,Prospects,"Demote: only import-day notes (3/24 or 4/25), no real 2026 activity",2026-04-29 16:00:15,UPDATE
006WR00000wkCmMYAU,Allora North Georgetown,StageName,Prospecting,Prospects,"Demote: only import-day notes (3/24 or 4/25), no real 2026 activity",2026-04-29 16:00:15,UPDATE
006WR00000wkCmNYAU,Alta Austin Avenue (AKA Austin Avenue),StageName,Prospecting,Prospects,"Demote: only import-day notes (3/24 or 4/25), no real 2026 activity",2026-04-29 16:00:15,UPDATE
006WR00000wkDLrYAM,Parallax @ Georgetown,StageName,Prospecting,Prospects,"Demote: only import-day notes (3/24 or 4/25), no real 2026 activity",2026-04-29 16:00:15,UPDATE
006WR00000wkDLsYAM,Williamson At The Overlook,StageName,Prospecting,Prospects,"Demote: only import-day notes (3/24 or 4/25), no real 2026 activity",2026-04-29 16:00:15,UPDATE
006WR00000wkDLtYAM,Olympus Town Center,StageName,Prospecting,Prospects,"Demote: only import-day notes (3/24 or 4/25), no real 2026 activity",2026-04-29 16:00:15,UPDATE
006WR00000wkDLuYAM,Two Rivers Apartments,StageName,Prospecting,Prospects,"Demote: only import-day notes (3/24 or 4/25), no real 2026 activity",2026-04-29 16:00:15,UPDATE
006WR00000wkDLvYAM,Rise at Dobson Ranch,StageName,Prospecting,Prospects,"Demote: only import-day notes (3/24 or 4/25), no real 2026 activity",2026-04-29 16:00:15,UPDATE
006WR00000wkDLwYAM,Waterford Place Apartments,StageName,Prospecting,Prospects,"Demote: only import-day notes (3/24 or 4/25), no real 2026 activity",2026-04-29 16:00:15,UPDATE
006WR00000wkDLyYAM,Verona Park Apts,StageName,Prospecting,Prospects,"Demote: only import-day notes (3/24 or 4/25), no real 2026 activity",2026-04-29 16:00:15,UPDATE
006WR00000wkDLzYAM,The Joshua Apts,StageName,Prospecting,Prospects,"Demote: only import-day notes (3/24 or 4/25), no real 2026 activity",2026-04-29 16:00:15,UPDATE
006WR00000wkDM0YAM,Vista Valley Apartments,StageName,Prospecting,Prospects,"Demote: only import-day notes (3/24 or 4/25), no real 2026 activity",2026-04-29 16:00:15,UPDATE
006WR00000wkDM1YAM,The District at Fiesta Park Apts,StageName,Prospecting,Prospects,"Demote: only import-day notes (3/24 or 4/25), no real 2026 activity",2026-04-29 16:00:15,UPDATE
006WR00000wkDM3YAM,Luxe at Ocotillo,StageName,Prospecting,Prospects,"Demote: only import-day notes (3/24 or 4/25), no real 2026 activity",2026-04-29 16:00:15,UPDATE
006WR00000wkDM4YAM,Ocotillo Bay,StageName,Prospecting,Prospects,"Demote: only import-day notes (3/24 or 4/25), no real 2026 activity",2026-04-29 16:00:15,UPDATE
006WR00000wkDM5YAM,Tierra Antigua Apartments,StageName,Prospecting,Prospects,"Demote: only import-day notes (3/24 or 4/25), no real 2026 activity",2026-04-29 16:00:15,UPDATE
006WR00000wkDM6YAM,Sandstone Foothills Apartments,StageName,Prospecting,Prospects,"Demote: only import-day notes (3/24 or 4/25), no real 2026 activity",2026-04-29 16:00:15,UPDATE
006WR00000wkDM7YAM,Garden Gate Apartments,StageName,Prospecting,Prospects,"Demote: only import-day notes (3/24 or 4/25), no real 2026 activity",2026-04-29 16:00:15,UPDATE
006WR00000wkDM8YAM,Stone Creek Apartments,StageName,Prospecting,Prospects,"Demote: only import-day notes (3/24 or 4/25), no real 2026 activity",2026-04-29 16:00:15,UPDATE
006WR00000wkDM9YAM,Olympus Stone Glen,StageName,Prospecting,Prospects,"Demote: only import-day notes (3/24 or 4/25), no real 2026 activity",2026-04-29 16:00:15,UPDATE
006WR00000wkDMAYA2,The Peaks Townhomes,StageName,Prospecting,Prospects,"Demote: only import-day notes (3/24 or 4/25), no real 2026 activity",2026-04-29 16:00:15,UPDATE
006WR00000wkDMBYA2,Rivery Park,StageName,Prospecting,Prospects,"Demote: only import-day notes (3/24 or 4/25), no real 2026 activity",2026-04-29 16:00:15,UPDATE
006WR00000wkDMCYA2,Rise at the District,StageName,Prospecting,Prospects,"Demote: only import-day notes (3/24 or 4/25), no real 2026 activity",2026-04-29 16:00:15,UPDATE
006WR00000wkDMDYA2,Charter Oaks,StageName,Prospecting,Prospects,"Demote: only import-day notes (3/24 or 4/25), no real 2026 activity",2026-04-29 16:00:15,UPDATE
006WR00000wkDMEYA2,Corby Street Apartments,StageName,Prospecting,Prospects,"Demote: only import-day notes (3/24 or 4/25), no real 2026 activity",2026-04-29 16:00:15,UPDATE
006WR00000wkDMFYA2,Grand Oaks at Liberty Hill,StageName,Prospecting,Prospects,"Demote: only import-day notes (3/24 or 4/25), no real 2026 activity",2026-04-29 16:00:15,UPDATE
006WR00000wkDMGYA2,North Park Landing Apartments,StageName,Prospecting,Prospects,"Demote: only import-day notes (3/24 or 4/25), no real 2026 activity",2026-04-29 16:00:15,UPDATE
006WR00000wkDMIYA2,Lakeridge Apartments,StageName,Prospecting,Prospects,"Demote: only import-day notes (3/24 or 4/25), no real 2026 activity",2026-04-29 16:00:15,UPDATE
006WR00000wkDMJYA2,Beacon Hill Apartments,StageName,Prospecting,Prospects,"Demote: only import-day notes (3/24 or 4/25), no real 2026 activity",2026-04-29 16:00:15,UPDATE
006WR00000wkDMKYA2,Legacy Riverside Senior Living,StageName,Prospecting,Prospects,"Demote: only import-day notes (3/24 or 4/25), no real 2026 activity",2026-04-29 16:00:15,UPDATE
006WR00000wkDMLYA2,Harmon Senior Villas,StageName,Prospecting,Prospects,"Demote: only import-day notes (3/24 or 4/25), no real 2026 activity",2026-04-29 16:00:15,UPDATE
006WR00000wkDMMYA2,Vantage at Hutto,StageName,Prospecting,Prospects,"Demote: only import-day notes (3/24 or 4/25), no real 2026 activity",2026-04-29 16:00:15,UPDATE
006WR00000wkDMNYA2,Heights at 701,StageName,Prospecting,Prospects,"Demote: only import-day notes (3/24 or 4/25), no real 2026 activity",2026-04-29 16:00:15,UPDATE
006WR00000wkDMOYA2,Georgetown Place Apartments,StageName,Prospecting,Prospects,"Demote: only import-day notes (3/24 or 4/25), no real 2026 activity",2026-04-29 16:00:15,UPDATE
006WR00000wkDMPYA2,Aspire Fossil Creek,StageName,Prospecting,Prospects,"Demote: only import-day notes (3/24 or 4/25), no real 2026 activity",2026-04-29 16:00:15,UPDATE
006WR00000wkDMQYA2,The Opal Fort Worth,StageName,Prospecting,Prospects,"Demote: only import-day notes (3/24 or 4/25), no real 2026 activity",2026-04-29 16:00:15,UPDATE
006WR00000wkDMRYA2,Royal Gardens,StageName,Prospecting,Prospects,"Demote: only import-day notes (3/24 or 4/25), no real 2026 activity",2026-04-29 16:00:15,UPDATE
006WR00000wkDMSYA2,Creekside at North Beach,StageName,Prospecting,Prospects,"Demote: only import-day notes (3/24 or 4/25), no real 2026 activity",2026-04-29 16:00:15,UPDATE
006WR00000wkDMUYA2,The Holston,StageName,Prospecting,Prospects,"Demote: only import-day notes (3/24 or 4/25), no real 2026 activity",2026-04-29 16:00:15,UPDATE
006WR00000wkDMVYA2,The Dorel,StageName,Prospecting,Prospects,"Demote: only import-day notes (3/24 or 4/25), no real 2026 activity",2026-04-29 16:00:15,UPDATE
006WR00000wkDMWYA2,Oakwood Trail Apartments,StageName,Prospecting,Prospects,"Demote: only import-day notes (3/24 or 4/25), no real 2026 activity",2026-04-29 16:00:15,UPDATE
006WR00000wkDMXYA2,Pioneer Crossing Apartments,StageName,Prospecting,Prospects,"Demote: only import-day notes (3/24 or 4/25), no real 2026 activity",2026-04-29 16:00:15,UPDATE
006WR00000wkDMYYA2,ZAG Apartments,StageName,Prospecting,Prospects,"Demote: only import-day notes (3/24 or 4/25), no real 2026 activity",2026-04-29 16:00:15,UPDATE
006WR00000wkDMZYA2,Parkside Crossing Condominiums,StageName,Prospecting,Prospects,"Demote: only import-day notes (3/24 or 4/25), no real 2026 activity",2026-04-29 16:00:15,UPDATE
006WR00000wkDMaYAM,Silver Oak Apartments,StageName,Prospecting,Prospects,"Demote: only import-day notes (3/24 or 4/25), no real 2026 activity",2026-04-29 16:00:15,UPDATE
006WR00000wkDMbYAM,Villa Camino,StageName,Prospecting,Prospects,"Demote: only import-day notes (3/24 or 4/25), no real 2026 activity",2026-04-29 16:00:15,UPDATE
006WR00000wkDMcYAM,The Dylan,StageName,Prospecting,Prospects,"Demote: only import-day notes (3/24 or 4/25), no real 2026 activity",2026-04-29 16:00:15,UPDATE
006WR00000wkDMeYAM,Riverview Springs,StageName,Prospecting,Prospects,"Demote: only import-day notes (3/24 or 4/25), no real 2026 activity",2026-04-29 16:00:15,UPDATE
006WR00000wkDMgYAM,The Lofts at West 7th,StageName,Prospecting,Prospects,"Demote: only import-day notes (3/24 or 4/25), no real 2026 activity",2026-04-29 16:00:15,UPDATE
006WR00000wkDMhYAM,Highland Park Apartments,StageName,Prospecting,Prospects,"Demote: only import-day notes (3/24 or 4/25), no real 2026 activity",2026-04-29 16:00:15,UPDATE
006WR00000wkDMlYAM,Sorrento,StageName,Prospecting,Prospects,"Demote: only import-day notes (3/24 or 4/25), no real 2026 activity",2026-04-29 16:00:15,UPDATE
006WR00000wkDMmYAM,Tides on Overton Ridge,StageName,Prospecting,Prospects,"Demote: only import-day notes (3/24 or 4/25), no real 2026 activity",2026-04-29 16:00:15,UPDATE
006WR00000wkDMnYAM,Forest Hill Mobile Home Park,StageName,Prospecting,Prospects,"Demote: only import-day notes (3/24 or 4/25), no real 2026 activity",2026-04-29 16:00:15,UPDATE
006WR00000wkDMoYAM,Lauren Apartments,StageName,Prospecting,Prospects,"Demote: only import-day notes (3/24 or 4/25), no real 2026 activity",2026-04-29 16:00:15,UPDATE
006WR00000wkDMpYAM,Urban House,StageName,Prospecting,Prospects,"Demote: only import-day notes (3/24 or 4/25), no real 2026 activity",2026-04-29 16:00:15,UPDATE
006WR00000wkDMqYAM,Meadow Ridge,StageName,Prospecting,Prospects,"Demote: only import-day notes (3/24 or 4/25), no real 2026 activity",2026-04-29 16:00:15,UPDATE
006WR00000wkDMrYAM,Pacific Crest Apartments [OOF for Lumen],StageName,Prospecting,Prospects,"Demote: only import-day notes (3/24 or 4/25), no real 2026 activity",2026-04-29 16:00:15,UPDATE
006WR00000wkDMsYAM,Casa Grande,StageName,Prospecting,Prospects,"Demote: only import-day notes (3/24 or 4/25), no real 2026 activity",2026-04-29 16:00:15,UPDATE
006WR00000wkDMtYAM,Cedarwest Apartments,StageName,Prospecting,Prospects,"Demote: only import-day notes (3/24 or 4/25), no real 2026 activity",2026-04-29 16:00:15,UPDATE
006WR00000wkDMxYAM,The Hacienda at Georgetown,StageName,Prospecting,Prospects,"Demote: only import-day notes (3/24 or 4/25), no real 2026 activity",2026-04-29 16:00:15,UPDATE
006WR00000wkDMyYAM,Stone Arbor,StageName,Prospecting,Prospects,"Demote: only import-day notes (3/24 or 4/25), no real 2026 activity",2026-04-29 16:00:15,UPDATE
006WR00000wkDs9YAE,Sunland Terrace Apartments_Lumen AZ,StageName,Prospecting,Prospects,"Demote: only import-day notes (3/24 or 4/25), no real 2026 activity",2026-04-29 16:00:15,UPDATE
006WR00000wkDsKYAU,Ashton Place Apartments,StageName,Prospecting,Prospects,"Demote: only import-day notes (3/24 or 4/25), no real 2026 activity",2026-04-29 16:00:15,UPDATE
006WR00000wkDsLYAU,Cascade View,StageName,Prospecting,Prospects,"Demote: only import-day notes (3/24 or 4/25), no real 2026 activity",2026-04-29 16:00:15,UPDATE
006WR00000wkDsMYAU,Sterling Heights Apartments,StageName,Prospecting,Prospects,"Demote: only import-day notes (3/24 or 4/25), no real 2026 activity",2026-04-29 16:00:15,UPDATE
006WR00000wkDsNYAU,Avalon Park,StageName,Prospecting,Prospects,"Demote: only import-day notes (3/24 or 4/25), no real 2026 activity",2026-04-29 16:00:15,UPDATE
006WR00000wkDsOYAU,Wy'East Pointe,StageName,Prospecting,Prospects,"Demote: only import-day notes (3/24 or 4/25), no real 2026 activity",2026-04-29 16:00:15,UPDATE
006WR00000wkDsPYAU,Tarnhill,StageName,Prospecting,Prospects,"Demote: only import-day notes (3/24 or 4/25), no real 2026 activity",2026-04-29 16:00:15,UPDATE
006WR00000wkDsQYAU,Viviani,StageName,Prospecting,Prospects,"Demote: only import-day notes (3/24 or 4/25), no real 2026 activity",2026-04-29 16:00:15,UPDATE
006WR00000wkDsRYAU,Pepper Ridge Apartments,StageName,Prospecting,Prospects,"Demote: only import-day notes (3/24 or 4/25), no real 2026 activity",2026-04-29 16:00:15,UPDATE
006WR00000wkDsSYAU,Coronado Springs,StageName,Prospecting,Prospects,"Demote: only import-day notes (3/24 or 4/25), no real 2026 activity",2026-04-29 16:00:15,UPDATE
006WR00000wkDsTYAU,Tuscany,StageName,Prospecting,Prospects,"Demote: only import-day notes (3/24 or 4/25), no real 2026 activity",2026-04-29 16:00:15,UPDATE
006WR00000wkDsUYAU,Venicia,StageName,Prospecting,Prospects,"Demote: only import-day notes (3/24 or 4/25), no real 2026 activity",2026-04-29 16:00:15,UPDATE
006WR00000wkDsVYAU,Adiamo,StageName,Prospecting,Prospects,"Demote: only import-day notes (3/24 or 4/25), no real 2026 activity",2026-04-29 16:00:15,UPDATE
006WR00000wkDsWYAU,Madera,StageName,Prospecting,Prospects,"Demote: only import-day notes (3/24 or 4/25), no real 2026 activity",2026-04-29 16:00:15,UPDATE
006WR00000wkDsXYAU,Aspire at Tesora,StageName,Prospecting,Prospects,"Demote: only import-day notes (3/24 or 4/25), no real 2026 activity",2026-04-29 16:00:15,UPDATE
006WR00000wkDsYYAU,Tivoli,StageName,Prospecting,Prospects,"Demote: only import-day notes (3/24 or 4/25), no real 2026 activity",2026-04-29 16:00:15,UPDATE
006WR00000wkDsZYAU,Altessa,StageName,Prospecting,Prospects,"Demote: only import-day notes (3/24 or 4/25), no real 2026 activity",2026-04-29 16:00:15,UPDATE
006WR00000wkDsaYAE,Arzano,StageName,Prospecting,Prospects,"Demote: only import-day notes (3/24 or 4/25), no real 2026 activity",2026-04-29 16:00:15,UPDATE
006WR00000wkDsbYAE,Positano Apartments,StageName,Prospecting,Prospects,"Demote: only import-day notes (3/24 or 4/25), no real 2026 activity",2026-04-29 16:00:15,UPDATE
006WR00000wkDscYAE,Curtis Meadows,StageName,Prospecting,Prospects,"Demote: only import-day notes (3/24 or 4/25), no real 2026 activity",2026-04-29 16:00:15,UPDATE
006WR00000wkDsdYAE,Central Pointe,StageName,Prospecting,Prospects,"Demote: only import-day notes (3/24 or 4/25), no real 2026 activity",2026-04-29 16:00:15,UPDATE
006WR00000wkDseYAE,Venture Out at Mesa (MHP),StageName,Prospecting,Prospects,"Demote: only import-day notes (3/24 or 4/25), no real 2026 activity",2026-04-29 16:00:15,UPDATE
006WR00000wkDsqYAE,Casa Del Sol Envolve,StageName,Prospecting,Prospects,"Demote: only import-day notes (3/24 or 4/25), no real 2026 activity",2026-04-29 16:00:15,UPDATE
006WR00000wkDssYAE,Fiesta Village MH & RV Resort,StageName,Prospecting,Prospects,"Demote: only import-day notes (3/24 or 4/25), no real 2026 activity",2026-04-29 16:00:15,UPDATE
006WR00000wkDstYAE,Southern Palms Mobile Home & RV Park,StageName,Prospecting,Prospects,"Demote: only import-day notes (3/24 or 4/25), no real 2026 activity",2026-04-29 16:00:15,UPDATE
006WR00000wkDsuYAE,Forrest Bluff Senior Apartments,StageName,Prospecting,Prospects,"Demote: only import-day notes (3/24 or 4/25), no real 2026 activity",2026-04-29 16:00:15,UPDATE
006WR00000wkDsvYAE,Park_Place (Care Center),StageName,Prospecting,Prospects,"Demote: only import-day notes (3/24 or 4/25), no real 2026 activity",2026-04-29 16:00:15,UPDATE
006WR00000wkDsxYAE,Highlander Apartments,StageName,Prospecting,Prospects,"Demote: only import-day notes (3/24 or 4/25), no real 2026 activity",2026-04-29 16:00:15,UPDATE
006WR00000wkDsyYAE,Knoll Creek Apartments,StageName,Prospecting,Prospects,"Demote: only import-day notes (3/24 or 4/25), no real 2026 activity",2026-04-29 16:00:15,UPDATE
006WR00000wkDszYAE,Arbor on Broadway (Now Called) Buenas on Broadway,StageName,Prospecting,Prospects,"Demote: only import-day notes (3/24 or 4/25), no real 2026 activity",2026-04-29 16:00:15,UPDATE
006WR00000wkDt0YAE,Bel-Aire Manor,StageName,Prospecting,Prospects,"Demote: only import-day notes (3/24 or 4/25), no real 2026 activity",2026-04-29 16:00:15,UPDATE
006WR00000wkDt1YAE,The Harrison at Heritage,StageName,Prospecting,Prospects,"Demote: only import-day notes (3/24 or 4/25), no real 2026 activity",2026-04-29 16:00:15,UPDATE
006WR00000wkDt2YAE,25 Space Yucca Trailer Ranch,StageName,Prospecting,Prospects,"Demote: only import-day notes (3/24 or 4/25), no real 2026 activity",2026-04-29 16:00:15,UPDATE
006WR00000wkDt3YAE,Sea Crest Village Retirement Communities,StageName,Prospecting,Prospects,"Demote: only import-day notes (3/24 or 4/25), no real 2026 activity",2026-04-29 16:00:15,UPDATE
006WR00000wkDt4YAE,Charleston Court,StageName,Prospecting,Prospects,"Demote: only import-day notes (3/24 or 4/25), no real 2026 activity",2026-04-29 16:00:15,UPDATE
006WR00000wkDt5YAE,Underwood Senior Housing,StageName,Prospecting,Prospects,"Demote: only import-day notes (3/24 or 4/25), no real 2026 activity",2026-04-29 16:00:15,UPDATE
006WR00000wkDt6YAE,612-616 N 46 St,StageName,Prospecting,Prospects,"Demote: only import-day notes (3/24 or 4/25), no real 2026 activity",2026-04-29 16:00:15,UPDATE
006WR00000wkDt7YAE,Grant Ridge Apartments,StageName,Prospecting,Prospects,"Demote: only import-day notes (3/24 or 4/25), no real 2026 activity",2026-04-29 16:00:15,UPDATE
006WR00000wkDt8YAE,Dimple St MHP,StageName,Prospecting,Prospects,"Demote: only import-day notes (3/24 or 4/25), no real 2026 activity",2026-04-29 16:00:15,UPDATE
006WR00000wkDt9YAE,Indian Creek Duplexes,StageName,Prospecting,Prospects,"Demote: only import-day notes (3/24 or 4/25), no real 2026 activity",2026-04-29 16:00:15,UPDATE
006WR00000wkDtAYAU,Marlboro_Heights_Mobile Home_Park,StageName,Prospecting,Prospects,"Demote: only import-day notes (3/24 or 4/25), no real 2026 activity",2026-04-29 16:00:15,UPDATE
006WR00000wkDtBYAU,KILLEEN_MDU_Henderson_Garden,StageName,Prospecting,Prospects,"Demote: only import-day notes (3/24 or 4/25), no real 2026 activity",2026-04-29 16:00:15,UPDATE
006WR00000wkDtCYAU,DECATUR_MDU_Private_Rd_3176_Mobile_Park,StageName,Prospecting,Prospects,"Demote: only import-day notes (3/24 or 4/25), no real 2026 activity",2026-04-29 16:00:15,UPDATE
006WR00000wkDtDYAU,Nolan Creek Mobile Park,StageName,Prospecting,Prospects,"Demote: only import-day notes (3/24 or 4/25), no real 2026 activity",2026-04-29 16:00:15,UPDATE
006WR00000wkDtEYAU,Killeen_MDU_408-420 E Hallmark Ave,StageName,Prospecting,Prospects,"Demote: only import-day notes (3/24 or 4/25), no real 2026 activity",2026-04-29 16:00:15,UPDATE
006WR00000wkDtFYAU,Kings Arms Apartment II,StageName,Prospecting,Prospects,"Demote: only import-day notes (3/24 or 4/25), no real 2026 activity",2026-04-29 16:00:15,UPDATE
006WR00000wkDtGYAU,HARKER_HEIGHTS_MDU_207-217 W Beeline MHP,StageName,Prospecting,Prospects,"Demote: only import-day notes (3/24 or 4/25), no real 2026 activity",2026-04-29 16:00:15,UPDATE
006WR00000wkDtHYAU,Landmark Oak_Mobile_Park,StageName,Prospecting,Prospects,"Demote: only import-day notes (3/24 or 4/25), no real 2026 activity",2026-04-29 16:00:15,UPDATE
006WR00000wkDtIYAU,John Wesley Arms,StageName,Prospecting,Prospects,"Demote: only import-day notes (3/24 or 4/25), no real 2026 activity",2026-04-29 16:00:15,UPDATE
006WR00000wkDtJYAU,Las Palmas,StageName,Prospecting,Prospects,"Demote: only import-day notes (3/24 or 4/25), no real 2026 activity",2026-04-29 16:00:15,UPDATE
006WR00000wkDtKYAU,Valley View RV Park,StageName,Prospecting,Prospects,"Demote: only import-day notes (3/24 or 4/25), no real 2026 activity",2026-04-29 16:00:15,UPDATE
006WR00000wkDtLYAU,Killeen Housing Authority,StageName,Prospecting,Prospects,"Demote: only import-day notes (3/24 or 4/25), no real 2026 activity",2026-04-29 16:00:15,UPDATE
006WR00000wkDtMYAU,Fort_Hood MHP,StageName,Prospecting,Prospects,"Demote: only import-day notes (3/24 or 4/25), no real 2026 activity",2026-04-29 16:00:15,UPDATE
006WR00000wkDtNYAU,Omaha_MDU_Cherry Tree Apartments,StageName,Prospecting,Prospects,"Demote: only import-day notes (3/24 or 4/25), no real 2026 activity",2026-04-29 16:00:15,UPDATE
006WR00000wkDtOYAU,OMAHA_MDU_58TH_Plaza_CIR,StageName,Prospecting,Prospects,"Demote: only import-day notes (3/24 or 4/25), no real 2026 activity",2026-04-29 16:00:15,UPDATE
006WR00000wkDtRYAU,Mac's Mobile Home Park,StageName,Prospecting,Prospects,"Demote: only import-day notes (3/24 or 4/25), no real 2026 activity",2026-04-29 16:00:15,UPDATE
006WR00000wkDtUYAU,Mobile Manor Estates,StageName,Prospecting,Prospects,"Demote: only import-day notes (3/24 or 4/25), no real 2026 activity",2026-04-29 16:00:15,UPDATE
006WR00000wkDtVYAU,1301-1315 Quail_CIR_Apts,StageName,Prospecting,Prospects,"Demote: only import-day notes (3/24 or 4/25), no real 2026 activity",2026-04-29 16:00:15,UPDATE
006WR00000wkDtWYAU,GEORGETOWN_MDU_101_FM971 AKA Vered at San Gabriel,StageName,Prospecting,Prospects,"Demote: only import-day notes (3/24 or 4/25), no real 2026 activity",2026-04-29 16:00:15,UPDATE
006WR00000wkDtXYAU,Pelican Cove HOA,StageName,Prospecting,Prospects,"Demote: only import-day notes (3/24 or 4/25), no real 2026 activity",2026-04-29 16:00:15,UPDATE
006WR00000wkDtYYAU,ENCINITAS_MDU_Quail_Gardens,StageName,Prospecting,Prospects,"Demote: only import-day notes (3/24 or 4/25), no real 2026 activity",2026-04-29 16:00:15,UPDATE
006WR00000wkDtZYAU,OMAHA_MDU_Ogden Plaza,StageName,Prospecting,Prospects,"Demote: only import-day notes (3/24 or 4/25), no real 2026 activity",2026-04-29 16:00:15,UPDATE
006WR00000wkDtaYAE,Peony Park West Apartments,StageName,Prospecting,Prospects,"Demote: only import-day notes (3/24 or 4/25), no real 2026 activity",2026-04-29 16:00:15,UPDATE
006WR00000wkDtbYAE,Spindrift Apartments,StageName,Prospecting,Prospects,"Demote: only import-day notes (3/24 or 4/25), no real 2026 activity",2026-04-29 16:00:15,UPDATE
006WR00000wkDtcYAE,OMAHA_MDU_3331-3337 Meredith AVE APTS,StageName,Prospecting,Prospects,"Demote: only import-day notes (3/24 or 4/25), no real 2026 activity",2026-04-29 16:00:15,UPDATE
006WR00000wkDtdYAE,Highland Park Manor (HOA),StageName,Prospecting,Prospects,"Demote: only import-day notes (3/24 or 4/25), no real 2026 activity",2026-04-29 16:00:15,UPDATE
006WR00000wkDtfYAE,Leucadia Rocks,StageName,Prospecting,Prospects,"Demote: only import-day notes (3/24 or 4/25), no real 2026 activity",2026-04-29 16:00:15,UPDATE
006WR00000wkDtgYAE,Encinitas Villas,StageName,Prospecting,Prospects,"Demote: only import-day notes (3/24 or 4/25), no real 2026 activity",2026-04-29 16:00:15,UPDATE
006WR00000wkDthYAE,El Rancho Del Sol Apartments,StageName,Prospecting,Prospects,"Demote: only import-day notes (3/24 or 4/25), no real 2026 activity",2026-04-29 16:00:15,UPDATE
006WR00000wkDtkYAE,Maple Place Apartments,StageName,Prospecting,Prospects,"Demote: only import-day notes (3/24 or 4/25), no real 2026 activity",2026-04-29 16:00:15,UPDATE
006WR00000wkDtlYAE,350 E 5th Ave,StageName,Prospecting,Prospects,"Demote: only import-day notes (3/24 or 4/25), no real 2026 activity",2026-04-29 16:00:15,UPDATE
006WR000011kit4YAA,ROE - 1650 S FM 51  DECATUR TX,StageName,Prospecting,Prospects,"Demote: only import-day notes (3/24 or 4/25), no real 2026 activity",2026-04-29 16:00:15,UPDATE
006WR000011kit6YAA,ROE - 200 COUNTY ROAD 306  JARRELL TX,StageName,Prospecting,Prospects,"Demote: only import-day notes (3/24 or 4/25), no real 2026 activity",2026-04-29 16:00:15,UPDATE
006WR000011kit8YAA,ROE - 2202 US HIGHWAY 380  BRIDGEPORT TX,StageName,Prospecting,Prospects,"Demote: only import-day notes (3/24 or 4/25), no real 2026 activity",2026-04-29 16:00:15,UPDATE
006WR000011kitFYAQ,ROE - 600 INDIAN TRAIL DR HARKER HEIGHTS TX,StageName,Prospecting,Prospects,"Demote: only import-day notes (3/24 or 4/25), no real 2026 activity",2026-04-29 16:00:15,UPDATE
006WR000011kitSYAQ,ROE - 1401 S HIGHWAY 287  DECATUR TX,StageName,Prospecting,Prospects,"Demote: only import-day notes (3/24 or 4/25), no real 2026 activity",2026-04-29 16:00:15,UPDATE
006WR000011kjHZYAY,ROE - 1830 S ALMA SCHOOL RD MESA AZ,StageName,Prospecting,Prospects,"Demote: only import-day notes (3/24 or 4/25), no real 2026 activity",2026-04-29 16:00:15,UPDATE
006WR000011kjHbYAI,ROE - 1012 S STAPLEY DR MESA AZ,StageName,Prospecting,Prospects,"Demote: only import-day notes (3/24 or 4/25), no real 2026 activity",2026-04-29 16:00:15,UPDATE
006WR000011kjHgYAI,ROE - 2051 S DOBSON RD MESA AZ,StageName,Prospecting,Prospects,"Demote: only import-day notes (3/24 or 4/25), no real 2026 activity",2026-04-29 16:00:15,UPDATE
006WR000011kjHmYAI,ROE - 2740 S ALMA SCHOOL RD MESA AZ,StageName,Prospecting,Prospects,"Demote: only import-day notes (3/24 or 4/25), no real 2026 activity",2026-04-29 16:00:15,UPDATE
006WR000011kjHpYAI,ROE - 1916 W BASELINE RD MESA AZ,StageName,Prospecting,Prospects,"Demote: only import-day notes (3/24 or 4/25), no real 2026 activity",2026-04-29 16:00:15,UPDATE
006WR000011kjHuYAI,ROE - 303 E SOUTHERN AVE MESA AZ,StageName,Prospecting,Prospects,"Demote: only import-day notes (3/24 or 4/25), no real 2026 activity",2026-04-29 16:00:15,UPDATE
006WR000011kjI9YAI,ROE - 4446 E UNIVERSITY DR MESA AZ,StageName,Prospecting,Prospects,"Demote: only import-day notes (3/24 or 4/25), no real 2026 activity",2026-04-29 16:00:15,UPDATE
006WR000011kjILYAY,ROE - 2121 W GUADALUPE RD MESA AZ,StageName,Prospecting,Prospects,"Demote: only import-day notes (3/24 or 4/25), no real 2026 activity",2026-04-29 16:00:15,UPDATE
006WR000011kjIQYAY,ROE - 1060 E SOUTHERN AVE MESA AZ,StageName,Prospecting,Prospects,"Demote: only import-day notes (3/24 or 4/25), no real 2026 activity",2026-04-29 16:00:15,UPDATE
006WR000011kjIRYAY,ROE - 1116 S STAPLEY DR MESA AZ,StageName,Prospecting,Prospects,"Demote: only import-day notes (3/24 or 4/25), no real 2026 activity",2026-04-29 16:00:15,UPDATE
006WR000011kjIVYAY,ROE - 4410 E UNIVERSITY DR MESA AZ,StageName,Prospecting,Prospects,"Demote: only import-day notes (3/24 or 4/25), no real 2026 activity",2026-04-29 16:00:15,UPDATE
006WR000011kjIWYAY,ROE - 535 W BASELINE RD MESA AZ,StageName,Prospecting,Prospects,"Demote: only import-day notes (3/24 or 4/25), no real 2026 activity",2026-04-29 16:00:15,UPDATE
006WR000011kjIXYAY,ROE - 555 W IRON AVE MESA AZ,StageName,Prospecting,Prospects,"Demote: only import-day notes (3/24 or 4/25), no real 2026 activity",2026-04-29 16:00:15,UPDATE
006WR000011kjJ0YAI,ROE - 201 E CENTRAL TEXAS EXPY HARKER HEIGHTS TX,StageName,Prospecting,Prospects,"Demote: only import-day notes (3/24 or 4/25), no real 2026 activity",2026-04-29 16:00:15,UPDATE
006WR000011kjJ5YAI,ROE - 1013 W UNIVERSITY AVE GEORGETOWN TX,StageName,Prospecting,Prospects,"Demote: only import-day notes (3/24 or 4/25), no real 2026 activity",2026-04-29 16:00:15,UPDATE
006WR000011kjJ6YAI,ROE - 1711 E CENTRAL TEXAS EXPY KILLEEN TX,StageName,Prospecting,Prospects,"Demote: only import-day notes (3/24 or 4/25), no real 2026 activity",2026-04-29 16:00:15,UPDATE
006WR000011kjJ7YAI,ROE - 900 N AUSTIN AVE GEORGETOWN TX,StageName,Prospecting,Prospects,"Demote: only import-day notes (3/24 or 4/25), no real 2026 activity",2026-04-29 16:00:15,UPDATE
006WR000011kjJBYAY,ROE - 1019 W UNIVERSITY AVE GEORGETOWN TX,StageName,Prospecting,Prospects,"Demote: only import-day notes (3/24 or 4/25), no real 2026 activity",2026-04-29 16:00:15,UPDATE
006WR000011kjJEYAY,ROE - 1816 S FM 51  DECATUR TX,StageName,Prospecting,Prospects,"Demote: only import-day notes (3/24 or 4/25), no real 2026 activity",2026-04-29 16:00:15,UPDATE
006WR000011kjJJYAY,ROE - 501 W ELMS RD KILLEEN TX,StageName,Prospecting,Prospects,"Demote: only import-day notes (3/24 or 4/25), no real 2026 activity",2026-04-29 16:00:15,UPDATE
006WR000011kjJKYAY,ROE - 1015 W UNIVERSITY AVE GEORGETOWN TX,StageName,Prospecting,Prospects,"Demote: only import-day notes (3/24 or 4/25), no real 2026 activity",2026-04-29 16:00:15,UPDATE
006WR000011kjJOYAY,ROE - 107 HALMAR CV GEORGETOWN TX,StageName,Prospecting,Prospects,"Demote: only import-day notes (3/24 or 4/25), no real 2026 activity",2026-04-29 16:00:15,UPDATE
006WR000011kjJSYAY,ROE - 2904 TRIMMIER RD KILLEEN TX,StageName,Prospecting,Prospects,"Demote: only import-day notes (3/24 or 4/25), no real 2026 activity",2026-04-29 16:00:15,UPDATE
006WR000011kjJTYAY,ROE - 302 MILLERS XING HARKER HEIGHTS TX,StageName,Prospecting,Prospects,"Demote: only import-day notes (3/24 or 4/25), no real 2026 activity",2026-04-29 16:00:15,UPDATE
006WR000011kjJXYAY,ROE - 105 HALMAR CV GEORGETOWN TX,StageName,Prospecting,Prospects,"Demote: only import-day notes (3/24 or 4/25), no real 2026 activity",2026-04-29 16:00:15,UPDATE
006WR000011kjJdYAI,ROE - 1000 MEDICAL DR KILLEEN TX,StageName,Prospecting,Prospects,"Demote: only import-day notes (3/24 or 4/25), no real 2026 activity",2026-04-29 16:00:15,UPDATE
006WR000011kjJnYAI,ROE - 180 TOWN CENTER BLVD JARRELL TX,StageName,Prospecting,Prospects,"Demote: only import-day notes (3/24 or 4/25), no real 2026 activity",2026-04-29 16:00:15,UPDATE
006WR000011kjJrYAI,ROE - 4003 W STAN SCHLUETER LOOP KILLEEN TX,StageName,Prospecting,Prospects,"Demote: only import-day notes (3/24 or 4/25), no real 2026 activity",2026-04-29 16:00:15,UPDATE
006WR000011kjJvYAI,ROE - 710 W RANCIER AVE KILLEEN TX,StageName,Prospecting,Prospects,"Demote: only import-day notes (3/24 or 4/25), no real 2026 activity",2026-04-29 16:00:15,UPDATE
006WR000011kjJwYAI,ROE - 716 INDIAN TRAIL DR HARKER HEIGHTS TX,StageName,Prospecting,Prospects,"Demote: only import-day notes (3/24 or 4/25), no real 2026 activity",2026-04-29 16:00:15,UPDATE
006WR000011kjK2YAI,ROE - 1200 LOWES BLVD KILLEEN TX,StageName,Prospecting,Prospects,"Demote: only import-day notes (3/24 or 4/25), no real 2026 activity",2026-04-29 16:00:15,UPDATE
006WR000011kjK4YAI,ROE - 2006 N WS YOUNG DR KILLEEN TX,StageName,Prospecting,Prospects,"Demote: only import-day notes (3/24 or 4/25), no real 2026 activity",2026-04-29 16:00:15,UPDATE
006WR000011kjK7YAI,ROE - 3106 S WS YOUNG DR KILLEEN TX,StageName,Prospecting,Prospects,"Demote: only import-day notes (3/24 or 4/25), no real 2026 activity",2026-04-29 16:00:15,UPDATE
006WR000011kjKCYAY,ROE - 902 W CENTRAL TEXAS EXPY KILLEEN TX,StageName,Prospecting,Prospects,"Demote: only import-day notes (3/24 or 4/25), no real 2026 activity",2026-04-29 16:00:15,UPDATE
006WR000011kjKEYAY,ROE - 1021 W UNIVERSITY AVE GEORGETOWN TX,StageName,Prospecting,Prospects,"Demote: only import-day notes (3/24 or 4/25), no real 2026 activity",2026-04-29 16:00:15,UPDATE
006WR000011kjKMYAY,ROE - 937 FM 1821 HWY MINERAL WELLS TX,StageName,Prospecting,Prospects,"Demote: only import-day notes (3/24 or 4/25), no real 2026 activity",2026-04-29 16:00:15,UPDATE
