Id,Name,Site_Name__c,Monday_Name__c,City__c,State__c,Site_Status__c,Build_Status__c,PAL_Signed_Date__c,Activation_Forecast__c,Activation_Actual__c,MDU_Category__c,SiteTracker_Record_Id__c,Last_Synced__c,Opportunity__c
a0FWR00000V6zv02AB,P-003503,Laguna Vista_MDU_Bahia Palms,Bahia Palms Apartments,Laguna Vista,TX,Future,1. Project - PAL/ROE Signed,2023-12-07,,,Out of Footprint,a2XVT00000008aH2AQ,2026-05-25T11:52:07.000+0000,006WR00000wkDuFYAU
a0FWR00000V70RG2AZ,P-003947,Los Angeles_MDU_Ladera Apts,Ladera Apartments,Los Angeles,CA,Future,1. Project - PAL/ROE Signed,2024-02-05,,,Out of Footprint,a2XVT00000015Dl2AI,2026-05-25T11:52:07.000+0000,006WR00000wkEZjYAM
a0FWR00000V71wr2AB,P-003613,Ferris_MDU_Western Hills Apartments,Western Hills Apartments,Ferris,TX,Future,1. Project - PAL/ROE Signed,2023-12-08,,,Out of Footprint,a2XVT0000000D8X2AU,2026-05-25T11:52:07.000+0000,006WR00000wkEZwYAM
a0FWR00000V73FS2AZ,P-006738,Omaha_MDU_Bristol Square Apts,Bristol Square Apts,Omaha,NE,Future,2. Project - Design Phase,2026-01-21,,,On Net,a2XVT000002iWRF2A2,2026-05-25T11:52:07.000+0000,006WR00000wkEc8YAE
a0FWR00000V76Zv2AJ,P-006296,Killeen_MDU_The Renaissance at Stoney Creek,The Renaissance at Stoney Creek,Killeen,TX,In Service,4. Project - Completed,2025-06-02,2025-11-19,2025-11-19,On Net,a2XVT0000018fjl2AA,2026-05-25T11:52:07.000+0000,006WR00000wk1EjYAI
a0FWR00000V76d82AB,P-003388,Culver City_MDU_Parkway Terrace,Parkway Terrace,Culver City,CA,Future,1. Project - PAL/ROE Signed,2023-11-01,,,Out of Footprint,a2XVT00000005kT2AQ,2026-05-25T11:52:07.000+0000,006WR00000wkEaeYAE
a0FWR00000V77J42AJ,P-002258,Mesa_MDU_Dobson Bay Club HOA,Dobson Bay Club HOA,Mesa,AZ,In Service,4. Project - Completed,2023-07-21,2024-04-12,2024-04-18,On Net,a2X4x000002iHw5EAE,2026-05-25T11:52:07.000+0000,006WR00000wkEcTYAU
a0FWR00000V77J52AJ,P-003377,Seattle_MDU_4459 Fremont,4459 Fremont Ave Apt,Seattle,WA,Future,1. Project - PAL/ROE Signed,2023-11-07,,,Out of Footprint,a2XVT000000051J2AQ,2026-05-25T11:52:07.000+0000,006WR00000wkEatYAE
a0FWR00000V79Pi2AJ,P-005791,Omaha_MDU_6303 Taylor Cir,6303 Taylor Circle,Omaha,NE,In Service,4. Project - Completed,,2025-03-28,2025-03-19,On Net,a2XVT000000PmSu2AK,2026-05-25T11:52:07.000+0000,006WR00000xwGIXYA2
a0FWR00000V7AC82AN,P-006320,Omaha_MDU_4704 Cass St,4706 Cass St,Omaha,NE,Future,1. Project - PAL/ROE Signed,,2026-04-30,,In-Franchise,a2XVT000001AwF32AK,2026-05-25T11:52:07.000+0000,006WR00000xvwoUYAQ
a0FWR00000V7AiP2AV,P-003369,Seattle_MDU_7000 Roosevelt,7000 Roosevelt Way Apt,Seattle,WA,Future,1. Project - PAL/ROE Signed,2023-11-07,,,Out of Footprint,a2XVT00000004oP2AQ,2026-05-25T11:52:07.000+0000,006WR00000wkDuPYAU
a0FWR00000V7AiQ2AV,P-003509,Decatur_MDU_Eagle Ridge Ter,Eagle Ridge Terrace,Decatur,TX,In Service,4. Project - Completed,2023-12-08,2025-04-22,2025-04-22,On Net,a2XVT00000008nB2AQ,2026-05-25T11:52:07.000+0000,006WR00000wk1EIYAY
a0FWR00000V7B3N2AV,P-006102,Carlsbad_MDU_La Costa Paloma,La Costa Paloma,Carlsbad,CA,Future,1. Project - PAL/ROE Signed,2025-03-12,,,On Net,a2XVT000000lZf32AE,2026-05-25T11:52:07.000+0000,006WR00000wkDu3YAE
a0FWR00000V7BRW2A3,P-004887,Rexburg_MDU_Centennial Patio Home Apartments,Centennial Patio Home Apts,Rexburg,ID,In Service,4. Project - Completed,2024-05-29,2025-07-18,2025-07-11,Out of Footprint,a2XVT0000006dhp2AA,2026-05-25T11:52:07.000+0000,006WR00000wk1ETYAY
a0FWR00000V7BT82AN,P-003604,Edna_MDU_Vanderbilt Apartments,Vanderbilt Apartments,Edna,TX,Future,1. Project - PAL/ROE Signed,2023-12-08,,,Out of Footprint,a2XVT0000000CxF2AU,2026-05-25T11:52:07.000+0000,006WR00000wkDuJYAU
a0FWR00000V7BXy2AN,P-006244,Hayward_MDU_Lord Tennyson,Lord Tennyson,Hayward,CA,Future,1. Project - PAL/ROE Signed,2025-05-16,,,Out of Footprint,a2XVT0000013jw52AA,2026-05-25T11:52:07.000+0000,006WR00000wkDuYYAU
a0FWR00000V7DgG2AV,P-006249,Nacogdoches_MDU_University Club Apartments (Nac),University Club Apartments (Nac),Nacogdoches,TX,Future,1. Project - PAL/ROE Signed,2025-05-16,,,Out of Footprint,a2XVT0000014FMT2A2,2026-05-25T11:52:07.000+0000,006WR00000wkDueYAE
a0FWR00000V7EPO2A3,P-003376,Seattle_MDU_5307 Ravenna,5307 Ravenna,Seattle,WA,Future,1. Project - PAL/ROE Signed,2023-11-07,,,Out of Footprint,a2XVT00000004zh2AA,2026-05-25T11:52:07.000+0000,006WR00000wkEZtYAM
a0FWR00000V7ExG2AV,P-003936,Van Nuys_MDU_Villa Lago,Villa Lago Apartments,Van Nuys,CA,Future,1. Project - PAL/ROE Signed,2024-02-05,,,Out of Footprint,a2XVT00000014Xp2AI,2026-05-25T11:52:07.000+0000,006WR00000wkEaKYAU
a0FWR00000V7FV92AN,P-006291,Houston_MDU_Pineforest Place,Pineforest Place,Houston,TX,Future,1. Project - PAL/ROE Signed,2025-06-02,,,Out of Footprint,a2XVT0000018f5R2AQ,2026-05-25T11:52:07.000+0000,006WR00000wkDv8YAE
a0FWR00000V7Fjf2AF,P-004488,Roanoke_MDU_Enclave at Westport,Enclave at Westport,Roanoke,TX,In Service,4. Project - Completed,2024-07-02,2023-01-01,2023-01-01,On Net,a2XVT0000004IET2A2,2026-05-25T11:52:07.000+0000,006WR00000wkEcfYAE
a0FWR00000V7G6F2AV,P-003343,Los Angeles_MDU_Coliseum Apartments,Coliseum Apartments,Los Angeles,CA,Future,1. Project - PAL/ROE Signed,2023-11-01,,,Out of Footprint,a2XVT00000004GX2AY,2026-05-25T11:52:07.000+0000,006WR00000wkEaZYAU
a0FWR00000V7H3u2AF,P-003378,Seattle_MDU_1744 Dexter,1744 Dexter Avenue Apartments,Seattle,WA,Future,1. Project - PAL/ROE Signed,2023-11-07,,,Out of Footprint,a2XVT000000052v2AA,2026-05-25T11:52:07.000+0000,006WR00000wkEZvYAM
a0FWR00000V7H3v2AF,P-006304,Huntsville_MDU_The Oaks Apartments,The Oaks Apartments,Huntsville,TX,Future,1. Project - PAL/ROE Signed,2025-06-02,,,Out of Footprint,a2XVT0000018hIX2AY,2026-05-25T11:52:07.000+0000,006WR00000wkEZkYAM
a0FWR00000V7HIQ2A3,P-004889,Idaho Falls_MDU_Big Sky Patio Home Apartments,Big Sky Patio Home Apts,Idaho Falls,ID,In Service,4. Project - Completed,2024-05-29,2025-06-30,2025-06-17,Out of Footprint,a2XVT0000006doH2AQ,2026-05-25T11:52:07.000+0000,006WR00000wk1EPYAY
a0FWR00000V7HYY2A3,P-005408,Omaha_MDU_4502 N 49th St,4502 N. 49th St (Bayview),Omaha,NE,In Service,4. Project - Completed,,2025-01-17,2025-01-23,On Net,a2XVT000000Ahzl2AC,2026-05-25T11:52:07.000+0000,006WR00000xvxiwYAA
a0FWR00000V7Hgc2AF,P-003988,Leimert Park_MDU_Leimert Park,Leimert Park,Leimert Park,CA,Future,1. Project - PAL/ROE Signed,2024-02-05,,,Out of Footprint,a2XVT0000001L2P2AU,2026-05-25T11:52:07.000+0000,006WR00000wkEZhYAM
a0FWR00000V7I822AF,P-005802,Aurora_MDU_Trailpoint by Trion Living,Trailpoint by Trion Living,Aurora,CO,Future,1. Project - PAL/ROE Signed,2025-01-21,2026-04-01,,Out of Footprint,a2XVT000000TIUb2AO,2026-05-25T11:52:07.000+0000,006WR00000wkEbYYAU
a0FWR00000V7IPm2AN,P-001611,Killeen_MDU_Bay Colony Apartments,Bay Colony Apartments,Killeen,TX,In Service,4. Project - Completed,2025-06-26,2025-12-22,2025-12-22,On Net,a2X4x000003CnT7EAK,2026-05-25T11:52:07.000+0000,006WR00000wk1EmYAI
a0FWR00000V7IPn2AN,P-004627,Taylor_MDU_Lakeside Apartments,Lakeside Apt,Taylor,TX,In Service,4. Project - Completed,2024-04-27,2024-08-16,2024-08-09,On Net,a2XVT0000004wdJ2AQ,2026-05-25T11:52:07.000+0000,006WR00000wkEcjYAE
a0FWR00000V7IWE2A3,P-006777,Killeen_MDU_209 E Dean Ave,209 E Dean Ave,Killeen,TX,Future,3. Project - Construction Phase,,2026-06-19,,On Net,a2XVT000002zAu92AE,2026-05-25T11:52:07.000+0000,006WR00000xv6y2YAA
a0FWR00000V7IrC2AV,P-003335,Woodland Hills_MDU_Lombardi Apartments,Lombardi Apartments,Woodland Hills,CA,Future,1. Project - PAL/ROE Signed,2023-11-01,2026-05-30,,Near Net,a2XVT000000043d2AA,2026-05-25T11:52:07.000+0000,006WR00000wkEbJYAU
a0FWR00000V7JnG2AV,P-006010,Omaha_MDU_4005 Hartman Circle,4005 Hartman Circle,Omaha,NE,In Service,4. Project - Completed,,2025-06-20,2025-06-30,On Net,a2XVT000000gHKb2AM,2026-05-25T11:52:07.000+0000,006WR00000xw7SBYAY
a0FWR00000V7Jos2AF,P-003277,Mesa_MDU_Dobson Greens Condo HOA,Dobson Greens Condo HOA,Mesa,AZ,In Service,4. Project - Completed,2023-11-01,2024-08-22,2024-08-21,On Net,a2X4x000002iwAnEAI,2026-05-25T11:52:07.000+0000,006WR00000wkEcSYAU
a0FWR00000V7Jww2AF,P-005992,Eagan_MDU_Ballantrae Apartments,Ballantrae Apartments,"Minneapolis, MN",MN,Future,1. Project - PAL/ROE Signed,2025-03-04,,,Out of Footprint,a2XVT000000d8Ab2AI,2026-05-25T11:52:07.000+0000,006WR00000wkEbZYAU
a0FWR00000V7KOM2A3,P-006345,Chaska_MDU_Barbary Knoll Apartments,Barbary Knoll Apartments,Chaska,MN,Future,1. Project - PAL/ROE Signed,2025-06-18,,,Out of Footprint,a2XVT000001DYbB2AW,2026-05-25T11:52:07.000+0000,006WR00000wkEc0YAE
a0FWR00000V7KY22AN,P-003208,Seattle_MDU_Crosspointe Vista,Crosspointe Vista,Seattle,WA,In Service,4. Project - Completed,2023-10-19,2024-05-01,2024-05-08,Out of Footprint,a2X4x000002iveTEAQ,2026-05-25T11:52:07.000+0000,006WR00000wkEckYAE
a0FWR00000V7KY32AN,P-004589,Mesa_MDU_Aspen Ridge,Aspen Ridge,Mesa,AZ,In Service,4. Project - Completed,2024-04-19,2025-04-23,2025-04-22,Near Net,a2XVT0000004Z2P2AU,2026-05-25T11:52:07.000+0000,006WR00000wk1EJYAY
a0FWR00000V7Khi2AF,P-003808,Cedar Rapids_MDU_Overlook 380,Overlook 380,Cedar Rapids,IA,In Service,4. Project - Completed,2024-01-25,2025-04-25,2025-04-30,Out of Footprint,a2XVT0000000XYf2AM,2026-05-25T11:52:07.000+0000,006WR00000wk1EKYAY
a0FWR00000V7LPG2A3,P-005703,Mesa_MDU_Dobson Ranch Condos,Dobson Ranch Condos,Mesa,AZ,In Service,4. Project - Completed,2024-11-13,2025-07-11,2025-07-14,On Net,a2XVT000000JLf32AG,2026-05-25T11:52:07.000+0000,006WR00000wkEcUYAU
a0FWR00000V7LVi2AN,P-006251,Fresno_MDU_Summerset Village Apartments,Summerset Village Apartments,Fresno,CA,Future,1. Project - PAL/ROE Signed,2025-05-16,,,Out of Footprint,a2XVT0000014F0k2AE,2026-05-25T11:52:07.000+0000,006WR00000wkDuiYAE
a0FWR00000V7LkE2AV,P-006174,Saint Paul_MDU_Park Vista Apartments,Park Vista Apartments,Saint Paul,MN,Future,1. Project - PAL/ROE Signed,2025-04-24,,,Out of Footprint,a2XVT000000xB5t2AE,2026-05-25T11:52:07.000+0000,006WR00000wkEbjYAE
a0FWR00000V7Md42AF,P-003398,Billings_MDU_Wheatbaker Patio Home Apartments,Wheatbaker Patio Home Apt,Billings,MT,In Service,4. Project - Completed,2023-11-20,2024-08-16,2024-08-01,Out of Footprint,a2XVT00000006Gj2AI,2026-05-25T11:52:07.000+0000,006WR00000wkEcaYAE
a0FWR00000V7NxK2AV,P-006259,Corpus Christi_MDU_Windrush Apartments,Windrush Apartments,Corpus Christi,TX,Future,1. Project - PAL/ROE Signed,2025-05-20,,,Out of Footprint,a2XVT0000014hDt2AI,2026-05-25T11:52:07.000+0000,006WR00000wkDutYAE
a0FWR00000V7O5O2AV,P-006245,San Antonio_MDU_West Creek Townhomes,West Creek Townhomes,San Antonio,TX,Future,1. Project - PAL/ROE Signed,2025-05-16,,,Out of Footprint,a2XVT0000013k8z2AA,2026-05-25T11:52:07.000+0000,006WR00000wkDuWYAU
a0FWR00000V7O702AF,P-004260,Cedar Rapids_MDU_Pheasant Run Apartments,Pheasant Run Apt,Cedar Rapids,IA,In Service,4. Project - Completed,2024-03-28,2024-12-31,2025-01-08,Out of Footprint,a2XVT0000003k7x2AA,2026-05-25T11:52:07.000+0000,006WR00000wkEceYAE
a0FWR00000V7Oes2AF,P-003934,Canoga Park_MDU_Vassar Terrace,Vassar Terrace Apartments,Canoga Park,CA,Future,1. Project - PAL/ROE Signed,2024-02-05,,,Out of Footprint,a2XVT00000014Sz2AI,2026-05-25T11:52:07.000+0000,006WR00000wkEaIYAU
a0FWR00000V7P7u2AF,P-005701,Tucson_MDU_Yavapai Hills Apartments,Yavapai Hills Apartments,Tucson,AZ,In Service,4. Project - Completed,2024-11-21,2025-10-31,2025-10-31,Out of Footprint,a2XVT000000IVyD2AW,2026-05-25T11:52:07.000+0000,006WR00000wk1EiYAI
a0FWR00000V7PRG2A3,P-003334,Sherman Oaks_MDU_Parkview Terrace,Parkview Terrace,Sherman Oaks,CA,Future,1. Project - PAL/ROE Signed,2023-11-01,,,Out of Footprint,a2XVT00000004212AA,2026-05-25T11:52:07.000+0000,006WR00000wkEaiYAE
a0FWR00000V7PUU2A3,P-003367,Seattle_MDU_The Sixth Avenue,The Sixth Avenue,Seattle,WA,Future,1. Project - PAL/ROE Signed,2023-11-07,,,Out of Footprint,a2XVT00000004lB2AQ,2026-05-25T11:52:07.000+0000,006WR00000wkDuTYAU
a0FWR00000V7PUV2A3,P-004238,Kaufman_MDU_Briarwood Apartments,Briarwood Apartments,Kaufman,TX,Future,1. Project - PAL/ROE Signed,2023-12-17,,,Out of Footprint,a2XVT0000002sif2AA,2026-05-25T11:52:07.000+0000,006WR00000wkEa6YAE
a0FWR00000V7PhO2AV,P-006305,Fallbrook_MDU_Fallbrook View Apartments,Fallbrook View Apartments,Fallbrook,CA,Future,1. Project - PAL/ROE Signed,2025-06-02,,,Out of Footprint,a2XVT0000018hNN2AY,2026-05-25T11:52:07.000+0000,006WR00000wkEZlYAM
a0FWR00000V7QQb2AN,P-003993,Mesa_MDU_Siesta Villa Apts- Villas on Horne,Villas on Horne,Mesa,AZ,Future,1. Project - PAL/ROE Signed,2024-02-14,,,Near Net,a2XVT0000001W7V2AU,2026-05-25T11:52:07.000+0000,006WR00000wkDuAYAU
a0FWR00000V7QX02AN,P-003209,Mesa_MDU_Riverview Town Homes,Riverview Townhomes,Mesa,AZ,Future,1. Project - PAL/ROE Signed,2023-10-20,,,Out of Footprint,a2X4x000002iveiEAA,2026-05-25T11:52:07.000+0000,006WR00000wkDuBYAU
a0FWR00000V7R022AF,P-006292,Killeen_MDU_The Bluffs of Brookside,The Bluffs of Brookside,Killeen,TX,In Service,4. Project - Completed,2025-06-02,2025-10-17,2025-10-16,On Net,a2XVT0000018fF72AI,2026-05-25T11:52:07.000+0000,006WR00000wk1ElYAI
a0FWR00000V7RHm2AN,P-005578,Omaha_MDU_Indian Hills Terrace,Indian Hills Terrace,Omaha,NE,In Service,4. Project - Completed,2024-10-10,2025-06-26,2025-06-26,On Net,a2XVT000000GB172AG,2026-05-25T11:52:07.000+0000,006WR00000wk1ERYAY
a0FWR00000V7RRS2A3,P-006013,Decatur_MDU_Crestview Place Apartments,Crestview Place Apartments,DECATUR,TX,In Service,4. Project - Completed,2025-02-25,2025-07-25,2025-07-22,On Net,a2XVT000000gxWj2AI,2026-05-25T11:52:07.000+0000,006WR00000wk1EXYAY
a0FWR00000V7RXu2AN,P-004718,Seattle_MDU_Aloha Wey Apartments,Aloha Wey Apartments,Seattle,WA,Future,1. Project - PAL/ROE Signed,2024-05-06,,,Out of Footprint,a2XVT0000005Tvp2AE,2026-05-25T11:52:07.000+0000,006WR00000wkEaMYAU
a0FWR00000V7RXv2AN,P-006331,Eden Prairie_MDU_Purgatory Creek Townhomes,Purgatory Creek Townhomes,Eden Prairie,MN,Future,1. Project - PAL/ROE Signed,2025-06-16,,,Out of Footprint,a2XVT000001CLMf2AO,2026-05-25T11:52:07.000+0000,006WR00000wkEbqYAE
a0FWR00000V7Rxj2AF,P-003935,Hawthorne_MDU_Chadron Apartments,Chadron Apartments,Hawthorne,CA,Future,1. Project - PAL/ROE Signed,2024-02-05,,,Out of Footprint,a2XVT00000014Ub2AI,2026-05-25T11:52:07.000+0000,006WR00000wkDvFYAU
a0FWR00000V7S7O2AV,P-003375,Seattle_MDU_Green Lake South,Green Lake South,Seattle,WA,Future,1. Project - PAL/ROE Signed,2023-11-07,,,Out of Footprint,a2XVT00000004y52AA,2026-05-25T11:52:07.000+0000,006WR00000wkEZyYAM
a0FWR00000V7STy2AN,P-006775,Killeen_MDU_601 Harbour Ave,601 Harbour Ave,Killeen,TX,Future,3. Project - Construction Phase,,,,On Net,a2XVT000002zAMH2A2,2026-05-25T11:52:07.000+0000,006WR00000xwHCzYAM
a0FWR00000V7Sde2AF,P-003350,Los Angeles_MDU_Baldwin Manor,Baldwin Manor,Los Angeles,CA,Future,1. Project - PAL/ROE Signed,2023-11-01,,,Out of Footprint,a2XVT00000004Rp2AI,2026-05-25T11:52:07.000+0000,006WR00000wkEaRYAU
a0FWR00000V7Sli2AF,P-006337,Omaha_MDU_The Bungalows on the Lake at Prairie Queen_The View,The Bungalows on the Lake at Prairie Queen_The View,Omaha,NE,Future,1. Project - PAL/ROE Signed,2025-06-18,2026-06-30,,In-Franchise,a2XVT000001D6jl2AC,2026-03-18T16:18:38.000+0000,006WR00000wkEb9YAE
a0FWR00000V7SnK2AV,P-003944,Los Angeles_MDU_Crenshaw Terrace,Crenshaw Terrace Apartments,Los Angeles,CA,Future,1. Project - PAL/ROE Signed,2024-02-05,,,Out of Footprint,a2XVT00000014uP2AQ,2026-05-25T11:52:07.000+0000,006WR00000wkEZfYAM
a0FWR00000V7T3S2AV,P-006315,Nacogdoches_MDU_Cypress Ridge,Cypress Ridge,Nacogdoches,TX,Future,1. Project - PAL/ROE Signed,2025-06-11,,,Out of Footprint,a2XVT000001AuLJ2A0,2026-05-25T11:52:07.000+0000,006WR00000wkEZpYAM
a0FWR00000V7THx2AN,P-000889,Georgetown_MDU_Retreat at Wolf Ranch,Retreat at Wolf Ranch,Georgetown,TX,In Service,4. Project - Completed,2022-10-31,2023-04-15,2023-05-11,On Net,a2X4x000002oAl1EAE,2026-05-25T11:52:07.000+0000,006WR00000wkEcHYAU
a0FWR00000V7TJZ2A3,P-001059,Lewisville_MDU_Lakeway at Castle Hills,Lakeway at Castle Hills,Lewisville,TX,In Service,4. Project - Completed,2023-08-11,2024-02-28,2024-03-07,On Net,a2X4x000002oCucEAE,2026-05-25T11:52:07.000+0000,006WR00000wkEcOYAU
a0FWR00000V7TLB2A3,P-001060,Austin_MDU_Cielo II,Cielo II Apartments,Austin,TX,Future,1. Project - PAL/ROE Signed,2023-10-03,,,In-Franchise,a2X4x000002oCuhEAE,2026-03-18T16:18:38.000+0000,006WR00000wkDu0YAE
a0FWR00000V7TMn2AN,P-001613,Jarrell_MDU_Sonterra Apartment Homes,Sonterra Apartment Homes,Jarrell,TX,In Service,4. Project - Completed,2023-05-12,2023-12-01,2023-11-17,On Net,a2X4x000003CnTCEA0,2026-05-25T11:52:07.000+0000,006WR00000wkEcpYAE
a0FWR00000V7TOP2A3,P-002526,Dallas_MDU_Wimberly,Wimberly,Dallas,TX,In Service,4. Project - Completed,2023-08-11,2024-09-27,2024-09-30,On Net,a2X4x000003CpmlEAC,2026-05-25T11:52:07.000+0000,006WR00000wkEcNYAU
a0FWR00000V7TQ12AN,P-002754,Frisco_MDU_Overlook by the Park,Overlook by the Park,Frisco,TX,Future,1. Project - PAL/ROE Signed,2023-10-03,,,In-Franchise,a2X4x000003CrnWEAS,2026-03-18T16:18:38.000+0000,006WR00000wkDu2YAE
a0FWR00000V7TRd2AN,P-002755,Austin_MDU_M at Lakeline,The M at Lakeline,Austin,TX,Future,1. Project - PAL/ROE Signed,2023-10-03,,,In-Franchise,a2X4x000003CrnbEAC,2026-03-18T16:18:38.000+0000,006WR00000wkDu1YAE
a0FWR00000V7TRe2AN,P-003607,Eagle Pass_MDU_Vista Hermosa,Vista Hermosa Apartments,Eagle Pass,TX,Future,1. Project - PAL/ROE Signed,2023-12-08,,,Out of Footprint,a2XVT0000000D0T2AU,2026-05-25T11:52:07.000+0000,006WR00000wkEa1YAE
a0FWR00000V7TTF2A3,P-002756,Seattle_MDU_Waterfront Landing,Waterfront Landing,Seattle,WA,In Service,4. Project - Completed,2023-10-03,2024-06-21,2024-06-21,Out of Footprint,a2X4x000003CrngEAC,2026-05-25T11:52:07.000+0000,006WR00000wkEcYYAU
a0FWR00000V7TUr2AN,P-003210,Mesa_MDU_Twin Palms Condos,Twin Palms Condos,Mesa,AZ,In Service,4. Project - Completed,2023-10-20,2024-12-02,2024-11-04,On Net,a2X4x000002ivesEAA,2026-05-25T11:52:07.000+0000,006WR00000wkEcWYAU
a0FWR00000V7TWT2A3,P-003272,Seattle_MDU_Lucille,Lucille,Seattle,WA,In Service,4. Project - Completed,2023-11-07,2024-06-07,2024-05-31,Out of Footprint,a2X4x000002iw61EAA,2026-05-25T11:52:07.000+0000,006WR00000wkEclYAE
a0FWR00000V7TY52AN,P-003281,Los Angeles_MDU_First Casa De Marina,First Casa De Marina,Los Angeles,CA,Future,1. Project - PAL/ROE Signed,2023-11-01,2026-04-30,,Near Net,a2XVT00000000b72AA,2026-05-25T11:52:07.000+0000,006WR00000wkEbIYAU
a0FWR00000V7TZh2AN,P-003282,Los Angeles_MDU_Gloria homes,Gloria homes,Los Angeles,CA,Future,1. Project - PAL/ROE Signed,2023-11-01,2026-06-30,,Near Net,a2XVT00000000cj2AA,2026-05-25T11:52:07.000+0000,006WR00000wkEbMYAU
a0FWR00000V7TZi2AN,P-003612,Mount Pleasant_MDU_Whispering Oaks,Whispering Oaks Apartments,Mount Pleasant,TX,Future,1. Project - PAL/ROE Signed,2023-12-08,,,Out of Footprint,a2XVT0000000D6v2AE,2026-05-25T11:52:07.000+0000,006WR00000wkDuzYAE
a0FWR00000V7TbJ2AV,P-003330,North Hollywood_MDU_Riverside Villa Apartments,Riverside Villa Apartments,North Hollywood,CA,Future,1. Project - PAL/ROE Signed,2023-11-01,,,Out of Footprint,a2XVT00000003tx2AA,2026-05-25T11:52:07.000+0000,006WR00000wkEakYAE
a0FWR00000V7Tcv2AF,P-003331,Sherman Oaks_MDU_Brody Terrace (Riverside),Brody Terrace (Riverside),Sherman Oaks,CA,Future,1. Project - PAL/ROE Signed,2023-11-01,,,Out of Footprint,a2XVT00000003vZ2AQ,2026-05-25T11:52:07.000+0000,006WR00000wkEahYAE
a0FWR00000V7TeX2AV,P-003332,Canoga Park_MDU_Parthenia Terrace,Parthenia Terrace,Canoga Park,CA,Future,1. Project - PAL/ROE Signed,2023-11-01,2026-08-30,,Near Net,a2XVT00000003xB2AQ,2026-05-25T11:52:07.000+0000,006WR00000wkEbNYAU
a0FWR00000V7TeY2AV,P-003942,Los Angeles_MDU_Ladera Townhouse,Ladera Townhouse,Los Angeles,CA,In Service,4. Project - Completed,2024-02-05,2025-05-30,2025-03-31,Out of Footprint,a2XVT00000014nx2AA,2026-05-25T11:52:07.000+0000,006WR00000wk1EWYAY
a0FWR00000V7Tg92AF,P-003333,Culver City_MDU_Parkway Plaza,Parkway Plaza,Culver City,CA,In Service,4. Project - Completed,2024-05-09,2025-03-31,2025-03-31,Out of Footprint,a2XVT000000040P2AQ,2026-05-25T11:52:07.000+0000,006WR00000wk1EUYAY
a0FWR00000V7Thl2AF,P-003336,Valley Village_MDU_Kling Trio Apartments,Kling Trio Apartments,Valley Village,CA,Future,1. Project - PAL/ROE Signed,2023-11-01,,,Out of Footprint,a2XVT000000045F2AQ,2026-05-25T11:52:07.000+0000,006WR00000wkEafYAE
a0FWR00000V7Thm2AF,P-003344,West Hills_MDU_Topanga Canyon Apartments,Topanga Apartments,West Hills,CA,Future,1. Project - PAL/ROE Signed,2023-11-01,,,Out of Footprint,a2XVT00000004I92AI,2026-05-25T11:52:07.000+0000,006WR00000wkEamYAE
a0FWR00000V7TjN2AV,P-003337,Encino_MDU_White Oak Terrace,White Oak Terrace,Encino,CA,Future,1. Project - PAL/ROE Signed,2023-11-01,,,Out of Footprint,a2XVT000000046r2AA,2026-05-25T11:52:07.000+0000,006WR00000wkEaSYAU
a0FWR00000V7TjO2AV,P-006168,Saint Paul_MDU_Evergreen East Apartments,Evergreen East Apartments,Saint Paul,MN,Future,1. Project - PAL/ROE Signed,2025-04-24,,,Out of Footprint,a2XVT000000x9dZ2AQ,2026-05-25T11:52:07.000+0000,006WR00000wkEbmYAE
a0FWR00000V7Tkz2AF,P-003338,Valley Village_MDU_Jaclyn Terrace,Jaclyn Terrace,Valley Village,CA,Future,1. Project - PAL/ROE Signed,2023-11-01,,,Out of Footprint,a2XVT000000048T2AQ,2026-05-25T11:52:07.000+0000,006WR00000wkEagYAE
a0FWR00000V7Tmb2AF,P-003339,North Hollywood_MDU_Woodland Trio The Oaks,Woodland Trio The Oaks,North Hollywood,CA,Future,1. Project - PAL/ROE Signed,2023-11-01,,,Out of Footprint,a2XVT00000004A52AI,2026-05-25T11:52:07.000+0000,006WR00000wkEaQYAU
a0FWR00000V7ToD2AV,P-003340,Los Angeles_MDU_Vista Apartments,Vista Apartments,Los Angeles,CA,Future,1. Project - PAL/ROE Signed,2023-11-01,,,Out of Footprint,a2XVT00000004Bh2AI,2026-05-25T11:52:07.000+0000,006WR00000wkEaoYAE
a0FWR00000V7Tpp2AF,P-003341,Canoga Park_MDU_Topanga Terrace,Topanga Terrace,Canoga Park,CA,Future,1. Project - PAL/ROE Signed,2023-11-01,,,Out of Footprint,a2XVT00000004DJ2AY,2026-05-25T11:52:07.000+0000,006WR00000wkEanYAE
a0FWR00000V7Tpq2AF,P-005801,Omaha_MDU_4803 Boyd St Apartments,4803 Boyd St Apartments,Omaha,NE,In Service,4. Project - Completed,,2025-05-23,2025-05-23,On Net,a2XVT000000REjd2AG,2026-05-25T11:52:07.000+0000,006WR00000xuzq7YAA
a0FWR00000V7TrR2AV,P-003342,Van Nuys_MDU_Colonial Manor Apartments,Colonial Manor Apartments,Van Nuys,CA,Future,1. Project - PAL/ROE Signed,2023-11-01,,,Out of Footprint,a2XVT00000004Ev2AI,2026-05-25T11:52:07.000+0000,006WR00000wkEaaYAE
a0FWR00000V7Tt32AF,P-003345,Chatsworth_MDU_Chatsworth Plaza,Chatsworth Plaza,Chatsworth,CA,Future,1. Project - PAL/ROE Signed,2023-11-01,,,Out of Footprint,a2XVT00000004Jl2AI,2026-05-25T11:52:07.000+0000,006WR00000wkEaVYAU
a0FWR00000V7Tuf2AF,P-003346,North Hollywood_MDU_The Palms,The Palms,North Hollywood,CA,Future,1. Project - PAL/ROE Signed,2023-11-01,,,Out of Footprint,a2XVT00000004LN2AY,2026-05-25T11:52:07.000+0000,006WR00000wkEapYAE
a0FWR00000V7TwH2AV,P-003347,Newbury Park_MDU_Casa Linda,Casa Linda,Newbury Park,CA,Future,1. Project - PAL/ROE Signed,2023-11-01,,,Out of Footprint,a2XVT00000004Mz2AI,2026-05-25T11:52:07.000+0000,006WR00000wkEaXYAU
a0FWR00000V7TwI2AV,P-006314,Paris_MDU_Paris Retirement Village,Paris Retirement Village,Paris,TX,Future,1. Project - PAL/ROE Signed,2025-06-11,,,Out of Footprint,a2XVT000001AuI52AK,2026-05-25T11:52:07.000+0000,006WR00000wkEZnYAM
a0FWR00000V7Txt2AF,P-003348,Westlake Village_MDU_The Meadows at Westlake Village,The Meadows at Westlake Village,Westlake Village,CA,Future,1. Project - PAL/ROE Signed,2023-11-01,2026-07-30,,Near Net,a2XVT00000004Ob2AI,2026-05-25T11:52:07.000+0000,006WR00000wkEbKYAU
a0FWR00000V7TzV2AV,P-003349,Encino_MDU_Brookside Terrace Apartments,Brookside Terrace Apartments,Encino,CA,Future,1. Project - PAL/ROE Signed,2023-11-01,2026-07-30,,Near Net,a2XVT00000004QD2AY,2026-05-25T11:52:07.000+0000,006WR00000wkEbLYAU
a0FWR00000V7TzW2AV,P-006806,Omaha_MDU_Caroline,Caroline,Omaha,NE,Future,3. Project - Construction Phase,,2026-08-28,,On Net,a2XVT0000035dOn2AI,2026-05-25T11:52:07.000+0000,006WR00000xvYz4YAE
a0FWR00000V7U172AF,P-003351,North Hollywood_MDU_The Banyans,The Banyans,North Hollywood,CA,Future,1. Project - PAL/ROE Signed,2023-11-01,,,Out of Footprint,a2XVT00000004V32AI,2026-05-25T11:52:07.000+0000,006WR00000wkEalYAE
a0FWR00000V7U2j2AF,P-003352,Los Angeles_MDU_Bali Apartments,Bali Apartments,Los Angeles,CA,Future,1. Project - PAL/ROE Signed,2023-11-01,,,Out of Footprint,a2XVT00000004Wf2AI,2026-05-25T11:52:07.000+0000,006WR00000wkEaTYAU
a0FWR00000V7U4L2AV,P-003353,Los Angeles_MDU_Roxanne Apartments,Roxanne Apartments,Los Angeles,CA,Future,1. Project - PAL/ROE Signed,2023-11-01,,,Out of Footprint,a2XVT00000004YH2AY,2026-05-25T11:52:07.000+0000,006WR00000wkEajYAE
a0FWR00000V7U5x2AF,P-003360,Seattle_MDU_The Cliffetta,The Cliffetta,Seattle,WA,Future,1. Project - PAL/ROE Signed,2023-11-07,,,Out of Footprint,a2XVT00000004Zt2AI,2026-05-25T11:52:07.000+0000,006WR00000wkDurYAE
a0FWR00000V7U7Z2AV,P-003361,Seattle_MDU_104 North,104 North Apt,Seattle,WA,Future,1. Project - PAL/ROE Signed,2023-11-07,,,Out of Footprint,a2XVT00000004bV2AQ,2026-05-25T11:52:07.000+0000,006WR00000wkDulYAE
a0FWR00000V7U9B2AV,P-003362,Seattle_MDU_8746 Phinney,8746 Phinney Apt,Seattle,WA,Future,1. Project - PAL/ROE Signed,2023-11-07,,,Out of Footprint,a2XVT00000004d72AA,2026-05-25T11:52:07.000+0000,006WR00000wkDupYAE
a0FWR00000V7UAn2AN,P-003363,Seattle_MDU_Villa Boitano 1,Villa Boitano 1,Seattle,WA,Future,1. Project - PAL/ROE Signed,2023-11-07,,,Out of Footprint,a2XVT00000004ej2AA,2026-05-25T11:52:07.000+0000,006WR00000wkEasYAE
a0FWR00000V7UCP2A3,P-003364,Seattle_MDU_Villa Boitano 2,Villa Boitano 2,Seattle,WA,Future,1. Project - PAL/ROE Signed,2023-11-07,,,Out of Footprint,a2XVT00000004gL2AQ,2026-05-25T11:52:07.000+0000,006WR00000wkDujYAE
a0FWR00000V7UE12AN,P-003365,Seattle_MDU_8409 5th Ave,8409 5th Ave Apt,Seattle,WA,Future,1. Project - PAL/ROE Signed,2023-11-07,,,Out of Footprint,a2XVT00000004hx2AA,2026-05-25T11:52:07.000+0000,006WR00000wkEarYAE
a0FWR00000V7UFd2AN,P-003366,Seattle_MDU_The Fifth Avenue,The Fifth Avenue,Seattle,WA,Future,1. Project - PAL/ROE Signed,2023-11-07,,,Out of Footprint,a2XVT00000004jZ2AQ,2026-05-25T11:52:07.000+0000,006WR00000wkDuSYAU
a0FWR00000V7UHF2A3,P-003368,Seattle_MDU_7101 Roosevelt,7101 Roosevelt Way Apt,Seattle,WA,Future,1. Project - PAL/ROE Signed,2023-11-07,,,Out of Footprint,a2XVT00000004mn2AA,2026-05-25T11:52:07.000+0000,006WR00000wkDuRYAU
a0FWR00000V7UIr2AN,P-003370,Seattle_MDU_500 NE 70th,500 NE 70th,Seattle,WA,Future,1. Project - PAL/ROE Signed,2023-11-07,,,Out of Footprint,a2XVT00000004q12AA,2026-05-25T11:52:07.000+0000,006WR00000wkDu6YAE
a0FWR00000V7UKT2A3,P-003371,Seattle_MDU_The Royce,The Royce,Seattle,WA,Future,1. Project - PAL/ROE Signed,2023-11-07,,,Out of Footprint,a2XVT00000004rd2AA,2026-05-25T11:52:07.000+0000,006WR00000wkEaLYAU
a0FWR00000V7UM52AN,P-003372,Seattle_MDU_Lakeland,Lakeland,Seattle,WA,Future,1. Project - PAL/ROE Signed,2023-11-07,,,Out of Footprint,a2XVT00000004tF2AQ,2026-05-25T11:52:07.000+0000,006WR00000wkEa0YAE
a0FWR00000V7UNh2AN,P-003373,Seattle_MDU_6311-6321 R,6311-6321 Roosevelt,Seattle,WA,Future,1. Project - PAL/ROE Signed,2023-11-07,,,Out of Footprint,a2XVT00000004ur2AA,2026-05-25T11:52:07.000+0000,006WR00000wkDuNYAU
a0FWR00000V7UPJ2A3,P-003374,Seattle_MDU_430 Ravenna,430 NE Ravenna,Seattle,WA,Future,1. Project - PAL/ROE Signed,2023-11-07,,,Out of Footprint,a2XVT00000004wT2AQ,2026-05-25T11:52:07.000+0000,006WR00000wkEZzYAM
a0FWR00000V7UQv2AN,P-003379,Seattle_MDU_Katerina Chalet,Katerina Chalet,Seattle,WA,Future,1. Project - PAL/ROE Signed,2023-11-07,,,Out of Footprint,a2XVT000000054X2AQ,2026-05-25T11:52:07.000+0000,006WR00000wkEaqYAE
a0FWR00000V7USX2A3,P-003380,Seattle_MDU_Espana,Espana,Seattle,WA,Future,1. Project - PAL/ROE Signed,2023-11-07,,,Out of Footprint,a2XVT00000005692AA,2026-05-25T11:52:07.000+0000,006WR00000wkDusYAE
a0FWR00000V7UU92AN,P-003381,Los Angeles_MDU_Windsor Manor,Windsor Manor,Los Angeles,CA,Future,1. Project - PAL/ROE Signed,2023-11-01,,,Out of Footprint,a2XVT00000005ZB2AY,2026-05-25T11:52:07.000+0000,006WR00000wkEaYYAU
a0FWR00000V7UVl2AN,P-003382,Woodland Hills_MDU_The Reserve,The Reserve,Woodland Hills,CA,In Service,4. Project - Completed,2023-11-01,2025-03-31,2025-03-31,Out of Footprint,a2XVT00000005an2AA,2026-05-25T11:52:07.000+0000,006WR00000wk1EVYAY
a0FWR00000V7UXN2A3,P-003383,Los Angeles_MDU_Corbett Avenue Apartments,Corbett Avenue Apartments,Los Angeles,CA,Future,1. Project - PAL/ROE Signed,2023-11-01,,,Out of Footprint,a2XVT00000005cP2AQ,2026-05-25T11:52:07.000+0000,006WR00000wkEaUYAU
a0FWR00000V7UYz2AN,P-003384,Los Angeles_MDU_John Manor,John Manor,Los Angeles,CA,Future,1. Project - PAL/ROE Signed,2023-11-01,,,Out of Footprint,a2XVT00000005e12AA,2026-05-25T11:52:07.000+0000,006WR00000wkEaWYAU
a0FWR00000V7Uab2AF,P-003385,Los Angeles_MDU_San Vicente Apartments,San Vicente Apartments,Los Angeles,CA,Future,1. Project - PAL/ROE Signed,2023-11-01,,,Out of Footprint,a2XVT00000005fd2AA,2026-05-25T11:52:07.000+0000,006WR00000wkEabYAE
a0FWR00000V7UcD2AV,P-003386,Los Angeles_MDU_St. Andrews Manor,St. Andrews Manor,Los Angeles,CA,Future,1. Project - PAL/ROE Signed,2023-11-01,,,Out of Footprint,a2XVT00000005hF2AQ,2026-05-25T11:52:07.000+0000,006WR00000wkEacYAE
a0FWR00000V7Udp2AF,P-003387,Sherman Oaks_MDU_Krystal Terrace,Krystal Terrace,Sherman Oaks,CA,Future,1. Project - PAL/ROE Signed,2023-11-01,,,Out of Footprint,a2XVT00000005ir2AA,2026-05-25T11:52:07.000+0000,006WR00000wkEadYAE
a0FWR00000V7UfR2AV,P-003389,Seattle_MDU_Villa Boitano 3,Villa Boitano 3,Seattle,WA,Future,1. Project - PAL/ROE Signed,2023-11-07,,,Out of Footprint,a2XVT00000005m52AA,2026-05-25T11:52:07.000+0000,006WR00000wkDunYAE
a0FWR00000V7UfS2AV,P-006741,Omaha_MDU_4023 HAMILTON ST,4023 HAMILTON ST,Omaha,NE,Future,4. Project - Completed,,2026-04-30,2025-12-31,On Net,a2XVT000002l5kf2AA,2026-05-25T11:52:07.000+0000,006WR00000xvBUcYAM
a0FWR00000V7Uh32AF,P-003390,Seattle_MDU_The Parkwest,The Park West,Seattle,WA,Future,1. Project - PAL/ROE Signed,2023-11-07,,,Out of Footprint,a2XVT00000005qv2AA,2026-05-25T11:52:07.000+0000,006WR00000wkDuhYAE
a0FWR00000V7Uif2AF,P-003501,Bridgeport_MDU_Henderson Terrace,Henderson Terrace,Bridgeport,TX,In Service,4. Project - Completed,2023-12-07,2024-09-13,2024-09-17,On Net,a2XVT00000008X32AI,2026-05-25T11:52:07.000+0000,006WR00000wk1EEYAY
a0FWR00000V7UkH2AV,P-003502,Breckenridge_MDU_Conquistador Apartments,Conquistador Apartments,Breckenridge,TX,Future,1. Project - PAL/ROE Signed,2023-12-07,,,Out of Footprint,a2XVT00000008Yf2AI,2026-05-25T11:52:07.000+0000,006WR00000wkDuvYAE
a0FWR00000V7Ult2AF,P-003505,Lorena_MDU_Autumn Villas,Autumn Villas Apartments,Lorena,TX,Future,1. Project - PAL/ROE Signed,2023-12-07,,,Out of Footprint,a2XVT00000008dV2AQ,2026-05-25T11:52:07.000+0000,006WR00000wkDuuYAE
a0FWR00000V7Up72AF,P-003507,Gainesville_MDU_Gainesville Gardens,Gainesville Gardens Apartments,Gainesville,TX,Future,1. Project - PAL/ROE Signed,2023-12-08,,,Out of Footprint,a2XVT00000008jx2AA,2026-05-25T11:52:07.000+0000,006WR00000wkDv7YAE
a0FWR00000V7Uqj2AF,P-003508,Azle_MDU_Eagle Lake,Eagle Lake,Azle,TX,In Service,4. Project - Completed,2023-12-08,2024-08-23,2024-08-22,On Net,a2XVT00000008lZ2AQ,2026-05-25T11:52:07.000+0000,006WR00000wkEcZYAU
a0FWR00000V7Uqk2AF,P-003954,Van Nuys_MDU_Villa Park Apartments,Villa Park Apartments,Van Nuys,CA,Future,1. Project - PAL/ROE Signed,2024-02-05,,,Out of Footprint,a2XVT0000001JdJ2AU,2026-05-25T11:52:07.000+0000,006WR00000wkEZxYAM
a0FWR00000V7UsL2AV,P-003510,Mexia_MDU_Hillside Apartments,Hillside Apartments,Mexia,TX,Future,1. Project - PAL/ROE Signed,2023-12-08,,,Out of Footprint,a2XVT00000008qP2AQ,2026-05-25T11:52:07.000+0000,006WR00000wkEa9YAE
a0FWR00000V7UsM2AV,P-006483,Johnston_MDU_Mansions at Hemingway,Mansions at Hemingway,Johnston,IA,Future,1. Project - PAL/ROE Signed,2025-10-10,,,Out of Footprint,a2XVT000001y1IP2AY,2026-05-25T11:52:07.000+0000,006WR00000wkEc4YAE
a0FWR00000V7Utx2AF,P-003587,Edna_MDU_Texana Apartments,Texana Apartments,Edna,TX,Future,1. Project - PAL/ROE Signed,2023-12-08,,,Out of Footprint,a2XVT0000000CUD2A2,2026-05-25T11:52:07.000+0000,006WR00000wkDuDYAU
a0FWR00000V7UvZ2AV,P-003588,Forney_MDU_La Villita,La Villita Apartments,Forney,TX,Future,1. Project - PAL/ROE Signed,2023-12-08,,,Out of Footprint,a2XVT0000000CVp2AM,2026-05-25T11:52:07.000+0000,006WR00000wkDv3YAE
a0FWR00000V7UxB2AV,P-003589,Seagoville_MDU_May Road Apartments,May Road Apartments,Seagoville,TX,Future,1. Project - PAL/ROE Signed,2023-12-08,,,Out of Footprint,a2XVT0000000CXR2A2,2026-05-25T11:52:07.000+0000,006WR00000wkEaBYAU
a0FWR00000V7Uyn2AF,P-003590,Jacksboro_MDU_Mesquite Trails,Mesquite Trails Apartments,Jacksboro,TX,Future,1. Project - PAL/ROE Signed,2023-12-08,,,Out of Footprint,a2XVT0000000CZ32AM,2026-05-25T11:52:07.000+0000,006WR00000wkEaDYAU
a0FWR00000V7V0P2AV,P-003591,"San Saba_MDU_Mill Creek Square, LLC",Mill Creek Square Apartments,San Saba,TX,Future,1. Project - PAL/ROE Signed,2023-12-08,,,Out of Footprint,a2XVT0000000Caf2AE,2026-05-25T11:52:07.000+0000,006WR00000wkDv5YAE
a0FWR00000V7V212AF,P-003592,Santa Anna_MDU_Mira Vista,Mira Vista Apartments,Santa Anna,TX,Future,1. Project - PAL/ROE Signed,2023-12-08,,,Out of Footprint,a2XVT0000000CcH2AU,2026-05-25T11:52:07.000+0000,006WR00000wkDuLYAU
a0FWR00000V7V3d2AF,P-003593,Joshua_MDU_Misty Hollow Apartments,Misty Hollow Apartments,Joshua,TX,Future,1. Project - PAL/ROE Signed,2023-12-08,,,Out of Footprint,a2XVT0000000Cdt2AE,2026-05-25T11:52:07.000+0000,006WR00000wkDv9YAE
a0FWR00000V7V5F2AV,P-003594,Marietta_MDU_Northpark,Northpark Apartments,Marietta,OK,Future,1. Project - PAL/ROE Signed,2023-12-08,,,Out of Footprint,a2XVT0000000CfV2AU,2026-05-25T11:52:07.000+0000,006WR00000wkDvBYAU
a0FWR00000V7V6r2AF,P-003595,Brownwood_MDU_Oakwood,Oakwood Apartments,Brownwood,TX,Future,1. Project - PAL/ROE Signed,2023-12-08,,,Out of Footprint,a2XVT0000000Ch72AE,2026-05-25T11:52:07.000+0000,006WR00000wkDu9YAE
a0FWR00000V7V6s2AF,P-006192,Portland_MDU_Sunshine Portland,Sunshine Portland,Portland,OR,Future,1. Project - PAL/ROE Signed,2025-05-02,,,Out of Footprint,a2XVT000000zhb72AA,2026-05-25T11:52:07.000+0000,006WR00000wkEbbYAE
a0FWR00000V7V8T2AV,P-003596,Hillsboro_MDU_Pecan Creek,Pecan Creek Apartments,Hillsboro,TX,Future,1. Project - PAL/ROE Signed,2023-12-08,,,Out of Footprint,a2XVT0000000Cij2AE,2026-05-25T11:52:07.000+0000,006WR00000wkEa2YAE
a0FWR00000V7VA52AN,P-003597,Pilot Point_MDU_Pilot Point Apartments,Pilot Point Apartments,Pilot Point,TX,Future,1. Project - PAL/ROE Signed,2023-12-08,,,Out of Footprint,a2XVT0000000CkL2AU,2026-05-25T11:52:07.000+0000,006WR00000wkEaAYAU
a0FWR00000V7VBh2AN,P-003598,Rogers_MDU_Prairie Village,Prairie Village Apartments,Rogers,TX,Future,1. Project - PAL/ROE Signed,2023-12-08,,,Out of Footprint,a2XVT0000000Clx2AE,2026-05-25T11:52:07.000+0000,006WR00000wkEa7YAE
a0FWR00000V7VDJ2A3,P-003599,Port Lavaca_MDU_Regency Apartments,Regency Apartments,Port Lavaca,TX,Future,1. Project - PAL/ROE Signed,2023-12-08,,,Out of Footprint,a2XVT0000000CnZ2AU,2026-05-25T11:52:07.000+0000,006WR00000wkEaFYAU
a0FWR00000V7VEv2AN,P-003600,Eagle Pass_MDU_Rio Grande Apartments,Rio Grande Apartments,Eagle Pass,TX,Future,1. Project - PAL/ROE Signed,2023-12-08,,,Out of Footprint,a2XVT0000000CpB2AU,2026-05-25T11:52:07.000+0000,006WR00000wkEaGYAU
a0FWR00000V7VGX2A3,P-003601,Ganado_MDU_Rose Villa,Rose Villa Apartments,Ganado,TX,Future,1. Project - PAL/ROE Signed,2023-12-08,,,Out of Footprint,a2XVT0000000Cqn2AE,2026-05-25T11:52:07.000+0000,006WR00000wkDv1YAE
a0FWR00000V7VI92AN,P-003602,Kemp_MDU_Seven Points Apartments,Seven Points Apartments,Kemp,TX,Future,1. Project - PAL/ROE Signed,2023-12-08,,,Out of Footprint,a2XVT0000000CsP2AU,2026-05-25T11:52:07.000+0000,006WR00000wkDuxYAE
a0FWR00000V7VJl2AN,P-003603,El Campo_MDU_Stoneridge Apartments,Stoneridge Apartments,El Campo,TX,Future,1. Project - PAL/ROE Signed,2023-12-08,,,Out of Footprint,a2XVT0000000Cvd2AE,2026-05-25T11:52:07.000+0000,006WR00000wkEa3YAE
a0FWR00000V7VLN2A3,P-003606,Lorena_MDU_Village Place,Village Place Apartments,Lorena,TX,Future,1. Project - PAL/ROE Signed,2023-12-08,,,Out of Footprint,a2XVT0000000Cyr2AE,2026-05-25T11:52:07.000+0000,006WR00000wkEaCYAU
a0FWR00000V7VMz2AN,P-003608,Perryton_MDU_La Mirage Villas,La Mirage Villas Apartments,Perryton,TX,Future,1. Project - PAL/ROE Signed,2023-12-08,,,Out of Footprint,a2XVT0000000D252AE,2026-05-25T11:52:07.000+0000,006WR00000wkEa5YAE
a0FWR00000V7VN02AN,P-005423,Copperas Cove_MDU_Colonial Plaza Apartments,Colonial Plaza,Copperas Cove,TX,Future,1. Project - PAL/ROE Signed,2024-08-07,,,In-Franchise,a2XVT000000BcI52AK,2026-03-18T16:18:38.000+0000,006WR00000wkDuMYAU
a0FWR00000V7VOb2AN,P-003609,Borger_MDU_La Mirage,La Mirage Apartments,Borger,TX,Future,1. Project - PAL/ROE Signed,2023-12-08,,,Out of Footprint,a2XVT0000000D3h2AE,2026-05-25T11:52:07.000+0000,006WR00000wkEa8YAE
a0FWR00000V7VQD2A3,P-003611,Little Elm_MDU_Lakeview Apartments,Lakeview Court Apartments,Little Elm,TX,Future,1. Project - PAL/ROE Signed,2023-12-08,,,Out of Footprint,a2XVT0000000D5J2AU,2026-05-25T11:52:07.000+0000,006WR00000wkEaEYAU
a0FWR00000V7VRp2AN,P-003614,Joshua_MDU_Woodstock III,Woodstock III Apartments,Joshua,TX,Future,1. Project - PAL/ROE Signed,2023-12-08,,,Out of Footprint,a2XVT0000000DA92AM,2026-05-25T11:52:07.000+0000,006WR00000wkEa4YAE
a0FWR00000V7VTR2A3,P-003807,Cedar Rapids_MDU_The Retreat on 6th,The Retreat on 6th,Cedar Rapids,IA,In Service,4. Project - Completed,2024-01-25,2024-11-15,2024-11-13,Out of Footprint,a2XVT0000000XTp2AM,2026-05-25T11:52:07.000+0000,006WR00000wkEcdYAE
a0FWR00000V7VV32AN,P-003933,North Hollywood_MDU_Windfaire Apartments,Windfaire Apartments,North Hollywood,CA,Future,1. Project - PAL/ROE Signed,2024-02-05,,,Out of Footprint,a2XVT00000014RN2AY,2026-05-25T11:52:07.000+0000,006WR00000wkDubYAE
a0FWR00000V7VWf2AN,P-003937,Los Angeles_MDU_Crenshaw Townhouse,Crenshaw Townhouse,Los Angeles,CA,Future,1. Project - PAL/ROE Signed,2024-02-05,,,Out of Footprint,a2XVT00000014ZR2AY,2026-05-25T11:52:07.000+0000,006WR00000wkDuVYAU
a0FWR00000V7VYH2A3,P-003939,Los Angeles_MDU_Veteran,714 Veteran,Los Angeles,CA,Future,1. Project - PAL/ROE Signed,2024-02-05,,,Out of Footprint,a2XVT00000014ft2AA,2026-05-25T11:52:07.000+0000,006WR00000wkDufYAE
a0FWR00000V7VZt2AN,P-003943,Panorama City_MDU_Cielo,Cielo,Panorama City,CA,In Service,4. Project - Completed,2024-02-05,2025-03-31,2025-03-31,Out of Footprint,a2XVT00000014sn2AA,2026-05-25T11:52:07.000+0000,006WR00000wk1EYYAY
a0FWR00000V7VbV2AV,P-003945,Los Angeles_MDU_9404 Apts,9404 Apartments,Los Angeles,CA,Future,1. Project - PAL/ROE Signed,2024-02-05,,,Out of Footprint,a2XVT00000014w12AA,2026-05-25T11:52:07.000+0000,006WR00000wkEaJYAU
a0FWR00000V7Vd72AF,P-003946,Inglewood_MDU_108th St Apts,Crenshaw Manor,Inglewood,CA,Future,1. Project - PAL/ROE Signed,2024-02-05,,,Out of Footprint,a2XVT000000152T2AQ,2026-05-25T11:52:07.000+0000,006WR00000wkDuZYAU
a0FWR00000V7Vej2AF,P-003948,Van Nuys_MDU_Oxnard Terrace,Oxnard Terrace Apartments,Van Nuys,CA,Future,1. Project - PAL/ROE Signed,2024-02-05,,,Out of Footprint,a2XVT00000015Gz2AI,2026-05-25T11:52:07.000+0000,006WR00000wkEaHYAU
a0FWR00000V7VgL2AV,P-003949,Inglewood_MDU_Hollypark Knolls,Hollypark Knolls Apartments,Inglewood,CA,Future,1. Project - PAL/ROE Signed,2024-02-05,,,Out of Footprint,a2XVT00000015Ib2AI,2026-05-25T11:52:07.000+0000,006WR00000wkEauYAE
a0FWR00000V7Vhx2AF,P-003950,Van Nuys_MDU_Vanowen Manor,Vanowen Manor,Van Nuys,CA,Future,1. Project - PAL/ROE Signed,2024-02-05,,,Out of Footprint,a2XVT00000015KD2AY,2026-05-25T11:52:07.000+0000,006WR00000wkDuXYAU
a0FWR00000V7VjZ2AV,P-003951,Los Angeles_MDU_Strathmore Terrace,Strathmore Terrace,Los Angeles,CA,Future,1. Project - PAL/ROE Signed,2024-02-05,,,Out of Footprint,a2XVT00000015NR2AY,2026-05-25T11:52:07.000+0000,006WR00000wkEZdYAM
a0FWR00000V7VlB2AV,P-003952,Los Angeles_MDU_Strathmore,Strathmore Arms Apartments,Los Angeles,CA,Future,1. Project - PAL/ROE Signed,2024-02-05,,,Out of Footprint,a2XVT00000015P32AI,2026-05-25T11:52:07.000+0000,006WR00000wkDudYAE
a0FWR00000V7Vmn2AF,P-003953,Van Nuys_MDU_Saticoy Gardens,Saticoy Gardens,Van Nuys,CA,Future,1. Project - PAL/ROE Signed,2024-02-05,,,Out of Footprint,a2XVT00000015Qf2AI,2026-05-25T11:52:07.000+0000,006WR00000wkEavYAE
a0FWR00000V7VoP2AV,P-003986,Hawthorne_MDU_Lemoli Apartments,Lemoli Apartments,Hawthorne,CA,Future,1. Project - PAL/ROE Signed,2024-02-05,,,Out of Footprint,a2XVT0000001KzB2AU,2026-05-25T11:52:07.000+0000,006WR00000wkDvDYAU
a0FWR00000V7Vq12AF,P-003987,Van Nuys_MDU_Vanowen Manor II,Vanowen Manor II,Van Nuys,CA,Future,1. Project - PAL/ROE Signed,2024-02-05,,,Out of Footprint,a2XVT0000001L0n2AE,2026-05-25T11:52:07.000+0000,006WR00000wkDvHYAU
a0FWR00000V7Vrd2AF,P-003989,Omaha_MDU_Northampton Arms Apartments,Northampton Arms Apt,Omaha,NE,In Service,4. Project - Completed,2024-02-12,2024-12-20,2024-12-19,On Net,a2XVT0000001N7R2AU,2026-05-25T11:52:07.000+0000,006WR00000wkEcgYAE
a0FWR00000V7VtF2AV,P-003994,Mesa_MDU_Arcos De Mesa,Arcos De Mesa,Mesa,AZ,In Service,4. Project - Completed,2024-02-14,2025-05-09,2025-05-13,Near Net,a2XVT0000001WXJ2A2,2026-05-25T11:52:07.000+0000,006WR00000wk1ELYAY
a0FWR00000V7Vur2AF,P-004136,Mesa_MDU_San Montego Luxury Apartments,San Montego Luxury Apts,Mesa,AZ,Future,1. Project - PAL/ROE Signed,2024-02-21,,,Out of Footprint,a2XVT0000001mVd2AI,2026-05-25T11:52:07.000+0000,006WR00000wkDu7YAE
a0FWR00000V7VwT2AV,P-004153,Cedar Rapids_MDU_Alexandra Apartments,Alexandra Apt,Cedar Rapids,IA,In Service,4. Project - Completed,2024-02-21,2024-11-15,2024-11-13,Out of Footprint,a2XVT0000001rzx2AA,2026-05-25T11:52:07.000+0000,006WR00000wkEcbYAE
a0FWR00000V7Vy52AF,P-004231,Killeen_MDU_Arbors of Killeen,Arbors of Killeen,Killeen,TX,In Service,4. Project - Completed,2024-03-11,2024-12-31,2025-01-10,On Net,a2XVT0000002h0r2AA,2026-05-25T11:52:07.000+0000,006WR00000wkEcmYAE
a0FWR00000V7Vzh2AF,P-004256,Phoenix_MDU_The Turn Apartments,The Turn Apartments,Phoenix,AZ,Future,1. Project - PAL/ROE Signed,2024-03-27,,,Out of Footprint,a2XVT0000003SCf2AM,2026-05-25T11:52:07.000+0000,006WR00000wkDu8YAE
a0FWR00000V7W1J2AV,P-004314,Killeen_MDU_Paloma Gardens,Paloma Gardens Apts,Killeen,TX,In Service,4. Project - Completed,2024-04-09,2024-12-20,2024-12-19,On Net,a2XVT0000003zRx2AI,2026-05-25T11:52:07.000+0000,006WR00000wkEcnYAE
a0FWR00000V7W2v2AF,P-004474,Keller_MDU_Arthouse Apartments,Arthouse Apartments,Keller,TX,In Service,4. Project - Completed,2024-06-06,2023-01-01,2023-01-01,On Net,a2XVT0000004GcT2AU,2026-05-25T11:52:07.000+0000,006WR00000wkEccYAE
a0FWR00000V7W692AF,P-004481,Fort Worth_MDU_Legend Assisted Living,Legend Assisted Living,Fort Worth,TX,In Service,4. Project - Completed,,2023-01-01,2023-01-01,On Net,a2XVT0000004HyL2AU,2026-05-25T11:52:07.000+0000,006WR00000wkDttYAE
a0FWR00000V7W7l2AF,P-004483,Fort Worth_MDU_Tallgrass Village,Tallgrass Village,Fort Worth,TX,In Service,4. Project - Completed,2025-10-23,2023-01-01,2023-01-01,On Net,a2XVT0000004I3B2AU,2026-05-25T11:52:07.000+0000,006WR00000wk1EhYAI
a0FWR00000V7W7m2AF,P-005422,Copperas Cove_MDU_Copper Commons,Copper Commons,Copperas Cove,TX,Future,5. Project - Pending Business Case Approval,2024-08-15,2026-07-30,,In-Franchise,a2XVT000000BcEr2AK,2026-03-18T16:18:38.000+0000,006WR00000wkDuQYAU
a0FWR00000V7W9N2AV,P-004485,Fort Worth_MDU_Watervue,Watervue,Fort Worth,TX,In Service,4. Project - Completed,2024-11-14,2023-01-01,2023-01-01,On Net,a2XVT0000004I6P2AU,2026-05-25T11:52:07.000+0000,006WR00000wkEchYAE
a0FWR00000V7WCb2AN,P-004487,Fort Worth_MDU_Discovery Village at Alliance Town Center: Retirement Community,Discovery Village at Alliance Town Center: Retirement Community,Fort Worth,TX,In Service,4. Project - Completed,2024-08-23,2023-01-01,2023-01-01,On Net,a2XVT0000004ICr2AM,2026-05-25T11:52:07.000+0000,006WR00000wkEciYAE
a0FWR00000V7WED2A3,P-004626,Taylor_MDU_Main Street Commons,Main Street Commons,Taylor,TX,Future,1. Project - PAL/ROE Signed,2024-04-26,,,In-Franchise,a2XVT0000004vZB2AY,2026-03-18T16:18:38.000+0000,006WR00000wkEb4YAE
a0FWR00000V7WFp2AN,P-004717,Seattle_MDU_Jem-Wey Apartments,Jem-Wey Apartments,Seattle,WA,Future,1. Project - PAL/ROE Signed,2024-05-06,,,Out of Footprint,a2XVT0000005TuD2AU,2026-05-25T11:52:07.000+0000,006WR00000wkEaNYAU
a0FWR00000V7WHR2A3,P-004719,Thornton_MDU_The Overlook at Thornton,The Overlook at Thornton,Thornton,CO,In Service,4. Project - Completed,2024-05-07,2025-08-15,2025-08-12,Out of Footprint,a2XVT0000005WiP2AU,2026-05-25T11:52:07.000+0000,006WR00000wk1EZYAY
a0FWR00000V7WHS2A3,P-005814,Keller_MDU_Grand Estates @ Keller,Grand Estates @ Keller,Keller,TX,In Service,4. Project - Completed,2025-01-28,2025-06-30,2025-06-30,On Net,a2XVT000000V1332AC,2026-05-25T11:52:07.000+0000,006WR00000wkEcJYAU
a0FWR00000V7WJ32AN,P-004782,Mesa_MDU_Avenue 8 Apartments,Avenue 8 Apartments,Mesa,AZ,Future,1. Project - PAL/ROE Signed,2024-05-21,,,In-Franchise,a2XVT0000006JJJ2A2,2026-04-01T11:30:53.000+0000,006WR00000wkDuCYAU
a0FWR00000V7WJ42AN,P-005645,Tucson_MDU_Villa Pacifica Apartments,Villa Pacifica Apartments - Tucson,Tucson,AZ,Under Construction,4. Project - Completed,2024-11-21,2025-12-18,2025-12-31,Out of Footprint,a2XVT000000IVF32AO,2026-05-25T11:52:07.000+0000,006WR00000wk1EoYAI
a0FWR00000V7WKf2AN,P-004886,Idaho Falls_MDU_Valencia Apartments,Valencia Apts,Idaho Falls,ID,In Service,4. Project - Completed,2024-05-29,2025-06-30,2025-06-17,Out of Footprint,a2XVT0000006dWX2AY,2026-05-25T11:52:07.000+0000,006WR00000wk1ENYAY
a0FWR00000V7WMH2A3,P-004888,Ammon_MDU_Hitt Road Patio Home Apartments,Hitt Road Patio Home Apts,Idaho Falls,ID,In Service,4. Project - Completed,2024-05-29,2025-06-30,2025-06-17,Out of Footprint,a2XVT0000006djR2AQ,2026-05-25T11:52:07.000+0000,006WR00000wk1EQYAY
a0FWR00000V7WNt2AN,P-004890,Idaho Falls_MDU_Midwest Patio Home Apartments,Midwest Patio Home Apts,Idaho Falls,ID,In Service,4. Project - Completed,2024-05-29,2025-06-30,2025-06-17,Out of Footprint,a2XVT0000006dpt2AA,2026-05-25T11:52:07.000+0000,006WR00000wk1EOYAY
a0FWR00000V7WPV2A3,P-004891,Chubbuck_MDU_Southwest Patio Home Apartments,Southwest Patio Home Apartments,Chubbuck,ID,Future,1. Project - PAL/ROE Signed,2024-05-29,,,Out of Footprint,a2XVT0000006e4P2AQ,2026-05-25T11:52:07.000+0000,006WR00000wkDu5YAE
a0FWR00000V7WR72AN,P-005178,Denver_MDU_Liggins Tower,Liggins Tower,Denver,CO,In Service,4. Project - Completed,2024-07-03,2025-04-30,2025-04-28,Out of Footprint,a2XVT0000008kX72AI,2026-05-25T11:52:07.000+0000,006WR00000wkEcPYAU
a0FWR00000V7WSj2AN,P-005179,Taylor_MDU_Mallard Run Apartments,Mallard Run Apts,Taylor,TX,In Service,4. Project - Completed,2024-06-26,2025-01-31,2025-01-31,On Net,a2XVT0000008kwv2AA,2026-05-25T11:52:07.000+0000,006WR00000wkEcoYAE
a0FWR00000V7WUL2A3,P-005180,Encinitas_MDU_Saxonay at Encinitas Ranch,Saxonay at Encinitas Ranch,Encinitas,CA,In Service,4. Project - Completed,,2026-01-30,2026-03-03,On Net,a2XVT0000008lrN2AQ,2026-05-25T11:52:07.000+0000,006WR00000y3jsTYAQ
a0FWR00000V7WXZ2A3,P-005192,Omaha_MDU_5240 Ames Ave,5240 Ames Ave,Omaha,NE,In Service,4. Project - Completed,,2025-01-17,2025-01-17,On Net,a2XVT0000009Wv72AE,2026-05-25T11:52:07.000+0000,006WR00000xvyiEYAQ
a0FWR00000V7WZB2A3,P-005407,Omaha_MDU_3344-3348 Larimore Ave,3344-3348 Larimore Ave,Omaha,NE,In Service,4. Project - Completed,,2025-01-17,2025-01-17,On Net,a2XVT000000AhoT2AS,2026-05-25T11:52:07.000+0000,006WR00000y2k2dYAA
a0FWR00000V7Wan2AF,P-005410,Omaha_MDU_Birchwood Apts,Birchwood Apts,Omaha,NE,In Service,4. Project - Completed,,2025-04-29,2025-04-28,On Net,a2XVT000000Ai6D2AS,2026-05-25T11:52:07.000+0000,006WR00000wkACEYA2
a0FWR00000V7WcP2AV,P-005411,Killeen_MDU_Monaghan Apartments,Monaghan Apts,Killeen,TX,In Service,4. Project - Completed,2024-08-07,2025-04-22,2025-04-22,On Net,a2XVT000000AnPF2A0,2026-05-25T11:52:07.000+0000,006WR00000wk1EGYAY
a0FWR00000V7We12AF,P-005420,Omaha_MDU_Blondo Plaza Apartments,Blondo Plaza Apartments,Omaha,NE,In Service,4. Project - Completed,,2025-01-17,2025-01-22,On Net,a2XVT000000BDwP2AW,2026-05-25T11:52:07.000+0000,006WR00000wkACFYA2
a0FWR00000V7Wfd2AF,P-005425,Tucson_MDU_Zona Village,Zona Village,Tucson,AZ,Future,1. Project - PAL/ROE Signed,2024-08-07,,,In-Franchise,a2XVT000000BiNV2A0,2026-04-01T11:30:53.000+0000,006WR00000wkDuIYAU
a0FWR00000V7WhF2AV,P-005426,Tucson_MDU_Mission Palms Apartments,Mission Palms Apartments,Tucson,AZ,Future,1. Project - PAL/ROE Signed,2024-08-07,,,In-Franchise,a2XVT000000Bidd2AC,2026-04-01T11:30:53.000+0000,006WR00000wkDuGYAU
a0FWR00000V7Wir2AF,P-005427,Tucson_MDU_Brookwood Apartments,Brookwood Apartments,Tucson,AZ,Future,1. Project - PAL/ROE Signed,2024-08-07,,,In-Franchise,a2XVT000000Bigr2AC,2026-04-01T11:30:53.000+0000,006WR00000wkDuEYAU
a0FWR00000V7WkT2AV,P-005428,Albuquerque_MDU_Comanche Wells,Comanche Wells,Albuquerque,NM,Future,1. Project - PAL/ROE Signed,2024-08-07,,,Out of Footprint,a2XVT000000Bik52AC,2026-05-25T11:52:07.000+0000,006WR00000wkEZqYAM
a0FWR00000V7Wm52AF,P-005429,Albuquerque_MDU_Tierra Pointe,Tierra Pointe,Albuquerque,NM,Future,1. Project - PAL/ROE Signed,2024-08-07,,,Out of Footprint,a2XVT000000Biov2AC,2026-05-25T11:52:07.000+0000,006WR00000wkEZoYAM
a0FWR00000V7Wnh2AF,P-005430,Tucson_MDU_River Oaks Apartments,River Oaks Apartments,Tucson,AZ,Future,1. Project - PAL/ROE Signed,2024-08-07,,,In-Franchise,a2XVT000000BiqX2AS,2026-04-01T11:30:53.000+0000,006WR00000wkDuHYAU
a0FWR00000V7WpJ2AV,P-005496,Omaha_MDU_Caravelle Townhomes,Caravelle Townhomes,Omaha,NE,In Service,4. Project - Completed,,2025-05-23,2025-05-23,On Net,a2XVT000000DBAX2A4,2026-05-25T11:52:07.000+0000,006WR00000wkCkwYAE
a0FWR00000V7Wqv2AF,P-005497,Omaha_MDU_Warwick Apts,Warwick Apts,Omaha,NE,In Service,4. Project - Completed,,2025-01-31,2025-01-29,On Net,a2XVT000000DBP32AO,2026-05-25T11:52:07.000+0000,006WR00000xuz6uYAA
a0FWR00000V7WsX2AV,P-005498,Omaha_MDU_The Richards Apartments,The Richards Apartments,Omaha,NE,In Service,4. Project - Completed,,2025-01-31,2025-01-29,On Net,a2XVT000000DBfB2AW,2026-05-25T11:52:07.000+0000,006WR00000xvFDHYA2
a0FWR00000V7Wvl2AF,P-005524,Mesa_MDU_Sun Valley Ranch Apartments,Sun Valley Ranch Apts,Mesa,AZ,In Service,4. Project - Completed,2024-09-12,2025-09-30,2025-09-29,Out of Footprint,a2XVT000000DwuD2AS,2026-05-25T11:52:07.000+0000,006WR00000wk1EgYAI
a0FWR00000V7WxN2AV,P-005532,Vancouver_MDU_Cougar Creek Apartments,Cougar Creek Apts,Vancouver,WA,In Service,4. Project - Completed,2024-09-16,2025-08-29,2025-09-05,Out of Footprint,a2XVT000000EAcD2AW,2026-05-25T11:52:07.000+0000,006WR00000wk1EdYAI
a0FWR00000V7Wyz2AF,P-005535,Roanoke_MDU_Lost Spurs,Lost Spurs,Roanoke,TX,In Service,4. Project - Completed,2024-09-12,2025-06-30,2025-06-30,On Net,a2XVT000000EWxh2AG,2026-05-25T11:52:07.000+0000,006WR00000wkEcIYAU
a0FWR00000V7X0b2AF,P-005538,Mesa_MDU_Hunters Pointe,Hunters Pointe HOA,Mesa,AZ,In Service,4. Project - Completed,2024-09-24,2025-06-18,2025-06-20,On Net,a2XVT000000Emft2AC,2026-05-25T11:52:07.000+0000,006WR00000wk1EMYAY
a0FWR00000V7X2D2AV,P-005540,Omaha_MDU_St Frances Apartments,St Frances Apartments,Omaha,NE,In Service,4. Project - Completed,,2025-01-31,2025-02-13,On Net,a2XVT000000Erqr2AC,2026-05-25T11:52:07.000+0000,006WR00000xwGSDYA2
a0FWR00000V7X3p2AF,P-005576,Vancouver_MDU_Willow Creek,Willow Creek,Vancouver,WA,In Service,4. Project - Completed,2024-10-08,2025-06-27,2025-06-30,Out of Footprint,a2XVT000000FrIX2A0,2026-05-25T11:52:07.000+0000,006WR00000wk1ESYAY
a0FWR00000V7X5R2AV,P-005581,Sandy_MDU_Southgate Apartments,Southgate Apts,Sandy,UT,In Service,4. Project - Completed,2024-10-16,2025-08-13,2025-08-08,Out of Footprint,a2XVT000000GSJh2AO,2026-05-25T11:52:07.000+0000,006WR00000wk1EaYAI
a0FWR00000V7X732AF,P-005606,Boyd_MDU_Boyd Apartments,Boyd South Apartments,Boyd,TX,In Service,4. Project - Completed,2025-01-29,2025-04-22,2025-04-22,On Net,a2XVT000000I9BJ2A0,2026-05-25T11:52:07.000+0000,006WR00000wk1EHYAY
a0FWR00000V7X8f2AF,P-005610,Mesa_MDU_Hallcraft Villas Mesa 1,Hallcraft Villas 1,Mesa,AZ,In Service,4. Project - Completed,2025-02-21,2025-12-19,2025-12-31,On Net,a2XVT000000IIBN2A4,2026-05-25T11:52:07.000+0000,006WR00000wk1EnYAI
a0FWR00000V7XAH2A3,P-005634,Tucson_MDU_Navajo Hills Apartments,Navajo Hills,Tucson,AZ,In Service,4. Project - Completed,2024-11-21,2025-10-17,2025-10-22,Out of Footprint,a2XVT000000IV8b2AG,2026-05-25T11:52:07.000+0000,006WR00000wk1EfYAI
a0FWR00000V7XBt2AN,P-005702,Omaha_MDU_The Redman Townhomes & Apartments,4470 Redman Townhomes,Omaha,NE,In Service,4. Project - Completed,,2025-05-23,2025-05-23,On Net,a2XVT000000JI7h2AG,2026-05-25T11:52:07.000+0000,006WR00000xuCFqYAM
a0FWR00000V7XDV2A3,P-005736,Omaha_MDU_4822-4826 Sahler St Apartments,4822-4826 Sahler St Apartments,Omaha,NE,In Service,4. Project - Completed,,2025-05-23,2025-05-23,On Net,a2XVT000000KfdJ2AS,2026-05-25T11:52:07.000+0000,006WR00000xtaP4YAI
a0FWR00000V7XF72AN,P-005737,Omaha_MDU_Brewer Apartments,Brewer Apartments,Omaha,NE,In Service,4. Project - Completed,,2025-03-14,2025-03-07,On Net,a2XVT000000KgRJ2A0,2026-05-25T11:52:07.000+0000,006WR00000xvkCFYAY
a0FWR00000V7XGj2AN,P-005738,Omaha_MDU_4318-4324 N 48th St Apartments,4318-4324 N 48th St Apartments,Omaha,NE,In Service,4. Project - Completed,,2025-03-12,2025-03-12,On Net,a2XVT000000Kh2P2AS,2026-05-25T11:52:07.000+0000,006WR00000xvsXyYAI
a0FWR00000V7XIL2A3,P-005744,Council Bluff_MDU_Valley View Estates,Valley View Estates,Council Bluff,IA,In Service,4. Project - Completed,2025-01-16,2025-08-29,2025-08-31,Out of Footprint,a2XVT000000KvlJ2AS,2026-05-25T11:52:07.000+0000,006WR00000wk1EbYAI
a0FWR00000V7XJx2AN,P-005750,Oceanside_MDU_Villa Del Mar,Villa Del Mar,Oceanside,CA,In Service,4. Project - Completed,2024-11-22,2025-10-16,2025-10-23,On Net,a2XVT000000LeSH2A0,2026-05-25T11:52:07.000+0000,006WR00000wkEcRYAU
a0FWR00000V7XLZ2A3,P-005787,Omaha_MDU_9208 Ohio St,9208 Ohio St,Omaha,NE,In Service,4. Project - Completed,,2025-02-28,2025-02-25,On Net,a2XVT000000PX5d2AG,2026-05-25T11:52:07.000+0000,006WR00000y3k29YAA
a0FWR00000V7XNB2A3,P-005788,Omaha_MDU_4313 N 65th St,4313 N 65th St,Omaha,NE,In Service,4. Project - Completed,,2025-03-17,2025-03-18,On Net,a2XVT000000PZYr2AO,2026-05-25T11:52:07.000+0000,006WR00000xwFPhYAM
a0FWR00000V7XOn2AN,P-005789,Omaha_MDU_Taylor Apartments,Taylor Apartments,Omaha,NE,In Service,4. Project - Completed,,2025-03-28,2025-03-18,On Net,a2XVT000000Pnjt2AC,2026-05-25T11:52:07.000+0000,006WR00000xwFzBYAU
a0FWR00000V7XS12AN,P-005792,Omaha_MDU_4907 Ames Ave Apartments,4907 Ames Ave Apartments,Omaha,NE,In Service,4. Project - Completed,,2025-06-30,2025-06-30,On Net,a2XVT000000PoJN2A0,2026-05-25T11:52:07.000+0000,006WR00000xvbCAYAY
a0FWR00000V7XTd2AN,P-005793,Omaha_MDU_6302-6014 Boyd St,6302-6014 Boyd Street,Omaha,NE,In Service,4. Project - Completed,,2025-03-28,2025-03-19,On Net,a2XVT000000PoXt2AK,2026-05-25T11:52:07.000+0000,006WR00000xvE98YAE
a0FWR00000V7XVF2A3,P-005794,Gilbert_MDU_The Sterling Apartments,The Sterling Apartments,Gilbert,AZ,In Service,4. Project - Completed,2024-12-17,2025-09-26,2025-09-30,On Net,a2XVT000000QXUz2AO,2026-05-25T11:52:07.000+0000,006WR00000wk1EeYAI
a0FWR00000V7XdJ2AV,P-005815,Watauga_MDU_Park Vista Townhomes,Park Vista Townhomes,Watauga,TX,In Service,4. Project - Completed,2025-02-18,2025-09-12,2025-09-11,On Net,a2XVT000000V14f2AC,2026-05-25T11:52:07.000+0000,006WR00000wkEcMYAU
a0FWR00000V7Xi92AF,P-005934,Aurora_MDU_The Retreat at City Center,The Retreat at City Center,Aurora,CO,Under Construction,3. Project - Construction Phase,2025-01-31,2026-03-06,,Out of Footprint,a2XVT000000YHHl2AO,2026-05-25T11:52:07.000+0000,006WR00000wkEcGYAU
a0FWR00000V7Xjl2AF,P-006002,Salt Lake City_MDU_CitiFront Apartments,CitiFront Apartments,Salt Lake City,UT,Future,1. Project - PAL/ROE Signed,2025-02-10,,,Out of Footprint,a2XVT000000doPx2AI,2026-05-25T11:52:07.000+0000,006WR00000wkEbVYAU
a0FWR00000V7XlN2AV,P-006003,Tucson_MDU_Equinox on 5th,Equinox on  5th,Tucson,AZ,In Service,4. Project - Completed,2025-02-13,2025-11-19,2025-11-19,Out of Footprint,a2XVT000000e7Vp2AI,2026-05-25T11:52:07.000+0000,006WR00000wk1EkYAI
a0FWR00000V7Xmz2AF,P-006004,Mesa_MDU_Equinox on Country Club,Equinox on Country Club,Mesa,AZ,Under Construction,3. Project - Construction Phase,2025-02-14,2026-01-30,,Out of Footprint,a2XVT000000e8mr2AA,2026-05-25T11:52:07.000+0000,006WR00000wkEcFYAU
a0FWR00000V7Xob2AF,P-006006,Omaha_MDU_Benson Crest Apartments 2,Benson Crest Apartments 2,Omaha,NE,In Service,4. Project - Completed,,2025-06-30,2025-06-30,On Net,a2XVT000000eNFd2AM,2026-05-25T11:52:07.000+0000,006WR00000y3NdSYAU
a0FWR00000V7XqD2AV,P-006007,Omaha_MDU_6406 Boyd St,6406 Boyd St,Omaha,NE,In Service,4. Project - Completed,,2025-05-23,2025-05-23,On Net,a2XVT000000fQo92AE,2026-05-25T11:52:07.000+0000,006WR00000xvEU6YAM
a0FWR00000V7Xrp2AF,P-006011,Omaha_MDU_6414 Boyd St,6414 Boyd St,Omaha,NE,In Service,4. Project - Completed,,2025-05-23,2025-05-23,On Net,a2XVT000000gFIo2AM,2026-05-25T11:52:07.000+0000,006WR00000xwGK9YAM
a0FWR00000V7XtR2AV,P-006103,Killeen_MDU_Terrace Heights Apartments,Terrace Heights Apartments,Killeen,TX,In Service,4. Project - Completed,2025-03-13,2025-09-26,2025-09-26,On Net,a2XVT000000lljR2AQ,2026-05-25T11:52:07.000+0000,006WR00000wk1EcYAI
a0FWR00000V7Xv32AF,P-006105,Mesa_MDU_Waterstone Apartments,Waterstone Apartments,Mesa,AZ,Future,1. Project - PAL/ROE Signed,2025-03-17,2026-03-01,,In-Franchise,a2XVT000000mYVd2AM,2026-03-18T16:18:38.000+0000,006WR00000wkEbWYAU
a0FWR00000V7Xwf2AF,P-006121,Atlanta_MDU_Link Canvas,Link Canvas (fka The George & The Leonard),Atlanta,GA,Future,1. Project - PAL/ROE Signed,2025-03-10,,,Out of Footprint,a2XVT000000nsfB2AQ,2026-05-25T11:52:07.000+0000,006WR00000wkEawYAE
a0FWR00000V7XyH2AV,P-006131,Omaha_MDU_5004 Davenport St,5004 Davenport St,Omaha,NE,Future,3. Project - Construction Phase,,2026-04-30,,On Net,a2XVT000000pYqr2AE,2026-05-25T11:52:07.000+0000,006WR00000y3J0LYAU
a0FWR00000V7Xzt2AF,P-006134,Omaha_MDU_Benson Crest Apartments 1,Benson Crest Apartments 1,Omaha,NE,In Service,4. Project - Completed,,2025-06-30,2025-06-30,On Net,a2XVT000000qH9d2AE,2026-05-25T11:52:07.000+0000,006WR00000xwFRJYA2
a0FWR00000V7Y1V2AV,P-006135,Saint Paul_MDU_Sherman Forbes Apartments,Sherman Forbes Apartments,Saint Paul,MN,Future,1. Project - PAL/ROE Signed,2025-03-31,,,Out of Footprint,a2XVT000000qLrZ2AU,2026-05-25T11:52:07.000+0000,006WR00000wkEbnYAE
a0FWR00000V7Y372AF,P-006137,Mesa_MDU_Woodcreek Townhomes,Woodcreek Townhomes,Mesa,AZ,In Service,4. Project - Completed,2025-03-31,2025-10-31,2025-10-29,On Net,a2XVT000000qQuT2AU,2026-05-25T11:52:07.000+0000,006WR00000wkEcVYAU
a0FWR00000V7Y4j2AF,P-006138,Chicago_MDU_Regents Park Apartments,Regents Park,Chicago,IL,Future,1. Project - PAL/ROE Signed,2025-03-31,,,Out of Footprint,a2XVT000000qRlh2AE,2026-05-25T11:52:07.000+0000,006WR00000wkEaOYAU
a0FWR00000V7Y6L2AV,P-006139,Chicago_MDU_Lake Meadows Apartments,Lake Meadows Apartments,Chicago,IL,Future,1. Project - PAL/ROE Signed,2025-03-31,,,Out of Footprint,a2XVT000000qhYj2AI,2026-05-25T11:52:07.000+0000,006WR00000wkEaPYAU
a0FWR00000V7Y7x2AF,P-006148,Broomfield_MDU_Westcliff Apartments,Westcliff Apartments,Broomfield,CO,Future,1. Project - PAL/ROE Signed,2025-04-10,2026-04-01,,Out of Footprint,a2XVT000000u6dp2AA,2026-05-25T11:52:07.000+0000,006WR00000wkEbaYAE
a0FWR00000V7YBB2A3,P-006154,Killeen_MDU_The Bungalows,The Bungalows,Killeen,TX,Future,4. Project - Completed,2025-04-14,2026-06-19,2025-12-31,On Net,a2XVT000000uiCs2AI,2026-05-25T11:52:07.000+0000,006WR00000wkEboYAE
a0FWR00000V7YCn2AN,P-006164,Maplewood_MDU_Goldenstar Apartments,Goldenstar Apartments,Maplewood,MN,Future,1. Project - PAL/ROE Signed,2025-04-24,,,Out of Footprint,a2XVT000000x9AX2AY,2026-05-25T11:52:07.000+0000,006WR00000wkEblYAE
a0FWR00000V7YEP2A3,P-006165,Roseville_MDU_Sun Place Apartments,Sun Place Apartments,Roseville,MN,Future,1. Project - PAL/ROE Signed,2025-04-24,,,Out of Footprint,a2XVT000000x9Gz2AI,2026-05-25T11:52:07.000+0000,006WR00000wkEbdYAE
a0FWR00000V7YG12AN,P-006166,Saint Paul_MDU_Pine Tree Park Apartments,Pine Tree Park Apartments,Saint Paul,MN,Future,1. Project - PAL/ROE Signed,2025-04-24,,,Out of Footprint,a2XVT000000x9NR2AY,2026-05-25T11:52:07.000+0000,006WR00000wkEbkYAE
a0FWR00000V7YG22AN,P-006343,Chaska_MDU_Woodcrest Townhomes,Woodcrest Townhomes,Chaska,MN,Future,1. Project - PAL/ROE Signed,2025-06-18,,,Out of Footprint,a2XVT000001DY6X2AW,2026-05-25T11:52:07.000+0000,006WR00000wkEbxYAE
a0FWR00000V7YHd2AN,P-006167,Saint Paul_MDU_Parkview Apartments,Parkview Apartments,Saint Paul,MN,Future,1. Project - PAL/ROE Signed,2025-04-24,,,Out of Footprint,a2XVT000000x9VV2AY,2026-05-25T11:52:07.000+0000,006WR00000wkEbeYAE
a0FWR00000V7YJF2A3,P-006169,Saint Paul_MDU_LaBlanche Apartments,LaBlanche Apartments,Saint Paul,MN,Future,1. Project - PAL/ROE Signed,2025-04-24,,,Out of Footprint,a2XVT000000x9vJ2AQ,2026-05-25T11:52:07.000+0000,006WR00000wkEbiYAE
a0FWR00000V7YKr2AN,P-006170,Saint Paul_MDU_Cottage Terrace Apartments,Cottage Terrace Apartments,Saint Paul,MN,Future,1. Project - PAL/ROE Signed,2025-04-24,,,Out of Footprint,a2XVT000000xAMj2AM,2026-05-25T11:52:07.000+0000,006WR00000wkEbfYAE
a0FWR00000V7YMT2A3,P-006171,Maplewood_MDU_Edgerton Highlands Apartments,Edgerton Highlands Apartments,Maplewood,MN,Future,1. Project - PAL/ROE Signed,2025-04-24,,,Out of Footprint,a2XVT000000xAZd2AM,2026-05-25T11:52:07.000+0000,006WR00000wkEbgYAE
a0FWR00000V7YO52AN,P-006172,Falcon Heights_MDU_Larpenteur Manor Apartments,Larpenteur Manor Apartments,Falcon Heights,MN,Future,1. Project - PAL/ROE Signed,2025-04-24,,,Out of Footprint,a2XVT000000xAjJ2AU,2026-05-25T11:52:07.000+0000,006WR00000wkEbcYAE
a0FWR00000V7YPh2AN,P-006173,Saint Paul_MDU_Johnson Parkway Apartments,Johnson Parkway Apartments,Saint Paul,MN,Future,1. Project - PAL/ROE Signed,2025-04-24,,,Out of Footprint,a2XVT000000xAo92AE,2026-05-25T11:52:07.000+0000,006WR00000wkEbhYAE
a0FWR00000V7YPi2AN,P-006295,El Paso_MDU_Alameda Palms,Alameda Palms,El Paso,TX,Future,1. Project - PAL/ROE Signed,2025-06-02,,,Out of Footprint,a2XVT0000018fdJ2AQ,2026-05-25T11:52:07.000+0000,006WR00000wkDvIYAU
a0FWR00000V7YRJ2A3,P-006194,Killeen_MDU_Lakewood Manufactured Homes,Lakewood Manufactured Home Community_Western Mgmt,Killeen,TX,In Service,4. Project - Completed,2023-10-04,,2025-04-04,On Net,a2XVT0000010Ih72AE,2026-05-25T11:52:07.000+0000,006WR00000wkEcXYAU
a0FWR00000V7YSv2AN,P-006195,Oceanside_MDU_Laguna Vista Mobile Estates,Laguna Vista Mobile Estates,Oceanside,CA,In Service,4. Project - Completed,2024-01-16,,2025-09-30,On Net,a2XVT0000010YfS2AU,2026-05-25T11:52:07.000+0000,006WR00000wkEcQYAU
a0FWR00000V7YSw2AN,P-006302,Merced_MDU_Saratoga Apartments,Saratoga Apartments,Merced,CA,Future,1. Project - PAL/ROE Signed,2025-06-02,,,Out of Footprint,a2XVT0000018h0n2AA,2026-05-25T11:52:07.000+0000,006WR00000wkEZiYAM
a0FWR00000V7YUX2A3,P-006197,Mesa_SFU_Greenfield Village RV Resort,Greenfield Village RV Resort,Mesa,AZ,Future,1. Project - PAL/ROE Signed,2025-03-07,,,In-Franchise,a2XVT0000010gGP2AY,2026-03-18T16:18:38.000+0000,006WR00000wkEb5YAE
a0FWR00000V7YW92AN,P-006199,Encinitas_SFU_High Country Villas 5&7,High Country Villas 5&7,Encinitas,CA,Future,1. Project - PAL/ROE Signed,2025-04-03,,,In-Franchise,a2XVT0000010gOT2AY,2026-03-18T15:47:45.000+0000,006WR00000wkDu4YAE
a0FWR00000V7YXl2AN,P-006200,Azle_SFU_Azle Village,Azle Village,Azle,TX,Future,1. Project - PAL/ROE Signed,2024-06-24,,,In-Franchise,a2XVT0000010gQ52AI,2026-03-18T15:47:45.000+0000,006WR00000wkEbCYAU
a0FWR00000V7Yfp2AF,P-006243,El Paso_MDU_Columbia Apartments,Columbia Apartments,El Paso,TX,Future,1. Project - PAL/ROE Signed,2025-05-16,,,Out of Footprint,a2XVT0000013jKz2AI,2026-05-25T11:52:07.000+0000,006WR00000wkDuaYAE
a0FWR00000V7YhR2AV,P-006246,Houston_MDU_Pineforest Park,Pineforest Park,Houston,TX,Future,1. Project - PAL/ROE Signed,2025-05-16,,,Out of Footprint,a2XVT0000013kDp2AI,2026-05-25T11:52:07.000+0000,006WR00000wkDuUYAU
a0FWR00000V7YhS2AV,P-006327,Eden Prairie_MDU_Shadow Green Apartments,Shadow Green Apartments,Eden Prairie,MN,Future,1. Project - PAL/ROE Signed,2025-06-16,,,Out of Footprint,a2XVT000001CJaz2AG,2026-05-25T11:52:07.000+0000,006WR00000wkEbpYAE
a0FWR00000V7Yj32AF,P-006247,Greenville_MDU_Link West End,Link West End,Greenville,SC,Future,1. Project - PAL/ROE Signed,2025-05-16,,,Out of Footprint,a2XVT0000014F372AE,2026-05-25T11:52:07.000+0000,006WR00000wkEaxYAE
a0FWR00000V7Ykf2AF,P-006248,Corpus Christi_MDU_Woodbury Place Apartments,Woodbury Place Apartments,Corpus Christi,TX,Future,1. Project - PAL/ROE Signed,2025-05-16,,,Out of Footprint,a2XVT0000014F7x2AE,2026-05-25T11:52:07.000+0000,006WR00000wkDucYAE
a0FWR00000V7YmH2AV,P-006250,Kingsville_MDU_University Square Apartments,University Square Apartments,Kingsville,TX,Future,1. Project - PAL/ROE Signed,2025-05-16,,,Out of Footprint,a2XVT0000014FO52AM,2026-05-25T11:52:07.000+0000,006WR00000wkDugYAE
a0FWR00000V7Ynt2AF,P-006254,Corpus Christi_MDU_Cimarron Estates,Cimarron Estates,Corpus Christi,TX,Future,1. Project - PAL/ROE Signed,2025-05-20,,,Out of Footprint,a2XVT0000014gmT2AQ,2026-05-25T11:52:07.000+0000,006WR00000wkDukYAE
a0FWR00000V7YpV2AV,P-006255,Longview_MDU_Misty Ridge,Misty Ridge,Longview,TX,Future,1. Project - PAL/ROE Signed,2025-05-20,,,Out of Footprint,a2XVT0000014guX2AQ,2026-05-25T11:52:07.000+0000,006WR00000wkDumYAE
a0FWR00000V7Yr72AF,P-006256,Tyler_MDU_Park at Shiloh,Park at Shiloh,Tyler,TX,Future,1. Project - PAL/ROE Signed,2025-05-20,,,Out of Footprint,a2XVT0000014h0z2AA,2026-05-25T11:52:07.000+0000,006WR00000wkDuoYAE
a0FWR00000V7Ysj2AF,P-006257,Edinburg_MDU_Villages at Sugar Road,Villages at Sugar Road,Edinburg,TX,Future,1. Project - PAL/ROE Signed,2025-05-20,,,Out of Footprint,a2XVT0000014h5p2AA,2026-05-25T11:52:07.000+0000,006WR00000wkDuqYAE
a0FWR00000V7YuL2AV,P-006258,Pflugerville_MDU_Heatherwilde Park,Heatherwilde Park,Pflugerville,TX,Future,3. Project - Construction Phase,2025-05-20,2026-04-30,,Near Net,a2XVT0000014h932AA,2026-05-25T11:52:07.000+0000,006WR00000wkEc9YAE
a0FWR00000V7Yvx2AF,P-006260,Grand Prairie_MDU_Wright Senior,Wright Senior,Grand Prairie,TX,Future,1. Project - PAL/ROE Signed,2025-05-20,2026-04-30,,Near Net,a2XVT0000014hLx2AI,2026-05-25T11:52:07.000+0000,006WR00000wkEc6YAE
a0FWR00000V7YxZ2AV,P-006261,Longview_MDU_Fairways,Fairways,Longview,TX,Future,1. Project - PAL/ROE Signed,2025-05-20,,,Out of Footprint,a2XVT0000014hPB2AY,2026-05-25T11:52:07.000+0000,006WR00000wkDuwYAE
a0FWR00000V7YzB2AV,P-006262,Wichita Falls_MDU_Sheppard's Edge,Sheppard's Edge,Wichita Falls,TX,Future,1. Project - PAL/ROE Signed,2025-05-20,,,Out of Footprint,a2XVT0000014hU12AI,2026-05-25T11:52:07.000+0000,006WR00000wkDuyYAE
a0FWR00000V7Z0n2AF,P-006263,Fresno_MDU_Boulder Springs Apartments,Boulder Springs Apartments,Fresno,CA,Future,1. Project - PAL/ROE Signed,2025-05-20,,,Out of Footprint,a2XVT0000014vVN2AY,2026-05-25T11:52:07.000+0000,006WR00000wkDv0YAE
a0FWR00000V7Z2P2AV,P-006264,Richmond_MDU_St. John's,St. John's,Richmond,CA,Future,1. Project - PAL/ROE Signed,2025-05-20,,,Out of Footprint,a2XVT0000014viH2AQ,2026-05-25T11:52:07.000+0000,006WR00000wkDv2YAE
a0FWR00000V7Z2Q2AV,P-006403,Mesa_MDU_Holiday Village Manufactured Home Village,Holiday Village Manufactured Home Village,Mesa,AZ,Future,1. Project - PAL/ROE Signed,2025-08-01,,,In-Franchise,a2XVT000001TY7N2AW,2026-03-18T15:47:45.000+0000,006WR00000wkEbXYAU
a0FWR00000V7Z412AF,P-006265,Los Angeles_MDU_615 Manhattan,615 Manhattan,Los Angeles,CA,Future,1. Project - PAL/ROE Signed,2025-05-20,2026-08-30,,Near Net,a2XVT0000014w6T2AQ,2026-05-25T11:52:07.000+0000,006WR00000wkDv4YAE
a0FWR00000V7Z5d2AF,P-006272,Washington_MDU_Coyote Creek,Coyote Creek,Washington,UT,Future,1. Project - PAL/ROE Signed,2025-08-07,,,Out of Footprint,a2XVT0000017DuP2AU,2026-05-25T11:52:07.000+0000,006WR00000wkEbuYAE
a0FWR00000V7Z7F2AV,P-006293,Midland_MDU_Chaparral Apts,Chaparral Apts,Midland,TX,Future,1. Project - PAL/ROE Signed,2025-06-02,,,Out of Footprint,a2XVT0000018fIL2AY,2026-05-25T11:52:07.000+0000,006WR00000wkDvCYAU
a0FWR00000V7Z8r2AF,P-006294,Rocklin_MDU_Sunset Street,Sunset Street,Rocklin,CA,Future,1. Project - PAL/ROE Signed,2025-06-02,,,Out of Footprint,a2XVT0000018fVF2AY,2026-05-25T11:52:07.000+0000,006WR00000wkDv6YAE
a0FWR00000V7ZAT2A3,P-006297,Longview_MDU_Willow Lake,Willow Lake,Longview,TX,Future,1. Project - PAL/ROE Signed,2025-06-02,,,Out of Footprint,a2XVT0000018fv32AA,2026-05-25T11:52:07.000+0000,006WR00000wkDvEYAU
a0FWR00000V7ZC52AN,P-006298,Lubbock_MDU_University Club Apartments (Lubbock),University Club Apartments (Lubbock),Lubbock,TX,Future,1. Project - PAL/ROE Signed,2025-06-02,,,Out of Footprint,a2XVT0000018fyH2AQ,2026-05-25T11:52:07.000+0000,006WR00000wkDvAYAU
a0FWR00000V7ZDh2AN,P-006299,Huntsville_MDU_Forest Gate Apartments,Forest Gate Apartments,Huntsville,TX,Future,1. Project - PAL/ROE Signed,2025-06-02,,,Out of Footprint,a2XVT0000018g4j2AA,2026-05-25T11:52:07.000+0000,006WR00000wkDvGYAU
a0FWR00000V7ZFJ2A3,P-006300,Denison_MDU_Heritage Park/Lakeview Park Apartments,Heritage Park/Lakeview Park Apartments,Denison,TX,Future,1. Project - PAL/ROE Signed,2025-06-02,,,Out of Footprint,a2XVT0000018gG12AI,2026-05-25T11:52:07.000+0000,006WR00000wkEZeYAM
a0FWR00000V7ZFK2A3,P-006319,Victoria_MDU_Pinnacle Pointe,Pinnacle Pointe,Victoria,TX,Future,1. Project - PAL/ROE Signed,2025-06-11,,,Out of Footprint,a2XVT000001AvpF2AS,2026-05-25T11:52:07.000+0000,006WR00000wkEZuYAM
a0FWR00000V7ZGv2AN,P-006301,Nacogdoches_MDU_University Courtyards Apartments,University Courtyards Apartments,Nacogdoches,TX,Future,1. Project - PAL/ROE Signed,2025-06-02,,,Out of Footprint,a2XVT0000018gXl2AI,2026-05-25T11:52:07.000+0000,006WR00000wkEZgYAM
a0FWR00000V7ZIX2A3,P-006306,Fallbrook_MDU_Turnagain  Apartments,Turnagain  Apartments,Fallbrook,CA,Future,1. Project - PAL/ROE Signed,2025-06-02,,,Out of Footprint,a2XVT0000018hSD2AY,2026-05-25T11:52:07.000+0000,006WR00000wkEZmYAM
a0FWR00000V7ZIY2A3,P-006712,Omaha_MDU_Ellington Apartments,Ellington Apartments,Omaha,NE,Future,4. Project - Completed,,2026-04-30,2025-12-31,On Net,a2XVT000002Uxj32AC,2026-05-25T11:52:07.000+0000,006WR00000xwG7FYAU
a0FWR00000V7ZK92AN,P-006311,Coon Rapids_MDU_Mississippi View,Mississippi View,Coon Rapids,MN,Future,1. Project - PAL/ROE Signed,2025-06-09,,,Out of Footprint,a2XVT000001A9np2AC,2026-05-25T11:52:07.000+0000,006WR00000wkEayYAE
a0FWR00000V7ZLl2AN,P-006312,Keller_MDU_Olympus Waterford,Olympus Waterford,Keller,TX,In Service,4. Project - Completed,2025-06-09,2023-01-01,2023-01-01,On Net,a2XVT000001ACP72AO,2026-05-25T11:52:07.000+0000,006WR00000wkEcLYAU
a0FWR00000V7ZNN2A3,P-006317,Hempstead_MDU_Park at Clear Creek,Park at Clear Creek,Hempstead,TX,Future,1. Project - PAL/ROE Signed,2025-06-11,,,Out of Footprint,a2XVT000001Aud32AC,2026-05-25T11:52:07.000+0000,006WR00000wkEZsYAM
a0FWR00000V7ZQb2AN,P-006322,Omaha_MDU_Benson Gardens,Benson Gardens,Omaha,NE,In Service,4. Project - Completed,,2025-08-29,2025-08-27,On Net,a2XVT000001BDpN2AW,2026-05-25T11:52:07.000+0000,006WR00000xwEztYAE
a0FWR00000V7ZSD2A3,P-006336,Salem_MDU_Spring Mountain Apartments,Spring Mountain Apartments,Salem,OR,Future,1. Project - PAL/ROE Signed,2025-06-18,,,Out of Footprint,a2XVT000001D0Kz2AK,2026-05-25T11:52:07.000+0000,006WR00000wkEazYAE
a0FWR00000V7ZSE2A3,P-006720,Killeen_MDU_Eastgate Village Apartments,Eastgate Village Apartments,Killeen,TX,Future,2. Project - Up Next,2026-01-02,2026-04-30,,In-Franchise,a2XVT000002YQq92AG,2026-04-01T11:30:53.000+0000,006WR00000wkEcCYAU
a0FWR00000V7ZTp2AN,P-006338,Omaha_MDU_The Bungalows on the Lake at Prairie Queen,The Bungalows on the Lake,Omaha,NE,Future,1. Project - PAL/ROE Signed,2025-06-18,2026-06-30,,In-Franchise,a2XVT000001D79Z2AS,2026-03-18T16:18:38.000+0000,006WR00000wkEb8YAE
a0FWR00000V7ZVR2A3,P-006339,Elkhorn_MDU_The Bungalows on 204,The Bungalows on 204,Elkhorn,NE,Future,1. Project - PAL/ROE Signed,2025-06-18,2026-06-30,,In-Franchise,a2XVT000001D7MT2A0,2026-03-18T16:18:38.000+0000,006WR00000wkEb7YAE
a0FWR00000V7ZX32AN,P-006340,Elkhorn_MDU_1010 on the Lake,1010 on the Lake,Elkhorn,NE,Future,1. Project - PAL/ROE Signed,2025-06-18,2026-06-30,,In-Franchise,a2XVT000001D7uL2AS,2026-03-18T16:18:38.000+0000,006WR00000wkEbAYAU
a0FWR00000V7ZYf2AN,P-006341,Elkhorn_MDU_The Beckham,The Beckham,Omaha,NE,Future,1. Project - PAL/ROE Signed,2025-06-18,2026-06-30,,In-Franchise,a2XVT000001D8412AC,2026-03-18T16:18:38.000+0000,006WR00000wkEbBYAU
a0FWR00000V7ZaH2AV,P-006342,Chaska_MDU_Aspen Oaks,Aspen Oaks,Chaska,MN,Future,1. Project - PAL/ROE Signed,2025-06-18,,,Out of Footprint,a2XVT000001DY052AG,2026-05-25T11:52:07.000+0000,006WR00000wkEbyYAE
a0FWR00000V7Zbt2AF,P-006344,Chaska_MDU_Highland Shores Apartments,Highland Shores Apartments,Chaska,MN,Future,1. Project - PAL/ROE Signed,2025-06-18,,,Out of Footprint,a2XVT000001DYRV2A4,2026-05-25T11:52:07.000+0000,006WR00000wkEbzYAE
a0FWR00000V7ZdV2AV,P-006363,Phoenix_MDU_Equinox on Indian School,Equinox on Indian School,Phoenix,AZ,Future,2. Project - Design Phase,2025-07-01,,,Out of Footprint,a2XVT000001JBYf2AO,2026-05-25T11:52:07.000+0000,006WR00000wkEbrYAE
a0FWR00000V7Zf72AF,P-006364,Bellingham_MDU_Pomeroy Court,Pomeroy Court,Bellingham,WA,Future,1. Project - PAL/ROE Signed,2025-07-01,,,Out of Footprint,a2XVT000001JH9R2AW,2026-05-25T11:52:07.000+0000,006WR00000wkEbsYAE
a0FWR00000V7Zgj2AF,P-006391,Liberty Hill_MDU_Chalk Hill Ranch Phase 1,Chalk Hill Ranch Phase 1,Liberty Hill,TX,Future,1. Project - PAL/ROE Signed,2025-07-17,2026-12-30,,In-Franchise,a2XVT000001Qr6X2AS,2026-03-18T16:18:38.000+0000,006WR00000wkEbtYAE
a0FWR00000V7ZiL2AV,P-006392,Phoenix_MDU_Capri on Camelback,Capri on Camelback,Phoenix,AZ,Future,1. Project - PAL/ROE Signed,2025-08-29,,,Out of Footprint,a2XVT000001Qrph2AC,2026-05-25T11:52:07.000+0000,006WR00000wkEc3YAE
a0FWR00000V7Zjx2AF,P-006398,Greeley_MDU_Meeker Commons,Meeker Commons,Greeley,CO,Future,1. Project - PAL/ROE Signed,2025-08-01,,,Out of Footprint,a2XVT000001Rns52AC,2026-05-25T11:52:07.000+0000,006WR00000wkEc2YAE
a0FWR00000V7ZlZ2AV,P-006399,Westminster_MDU_Mountain Terrace,Mountain Terrace,Westminster,CO,Future,1. Project - PAL/ROE Signed,2025-08-04,,,Out of Footprint,a2XVT000001Ro4z2AC,2026-05-25T11:52:07.000+0000,006WR00000wkEc1YAE
a0FWR00000V7ZnB2AV,P-006402,Mesa_MDU_The Traditions Apartments,The Traditions Apartments,Mesa,AZ,Future,2. Project - Design Phase,2025-08-01,,,Out of Footprint,a2XVT000001SjrF2AS,2026-05-25T11:52:07.000+0000,006WR00000wkEbvYAE
a0FWR00000V7Zon2AF,P-006411,Denver_MDU_Garden Court Apartments,Garden Court Apartments,Denver,CO,Future,1. Project - PAL/ROE Signed,2025-08-13,,,Out of Footprint,a2XVT000001ZVMv2AO,2026-05-25T11:52:07.000+0000,006WR00000wkEbwYAE
a0FWR00000V7ZqP2AV,P-006413,Omaha_MDU_Northampton Court Condos,Northampton Court Condominiums,Omaha,NE,Future,2. Project - Design Phase,2026-03-10,,,On Net,a2XVT000001ZoML2A0,2026-05-25T11:52:07.000+0000,006WR00000wkEcEYAU
a0FWR00000V7ZqQ2AV,P-006812,Killeen_MDU_East Gate Apartments,East Gate Apartments,Killeen,TX,Future,3. Project - Construction Phase,,2026-09-17,,On Net,a2XVT000003EBt72AG,2026-05-25T11:52:07.000+0000,006WR00000xwHRVYA2
a0FWR00000V7Zs12AF,P-006417,Seattle_MDU_Crosspointe Vista,Crosspointe Vista,Seattle,WA,In Service,3. Project - Construction Phase,2023-10-19,,,Out of Footprint,a2XVT000001ahtt2AA,2026-05-25T11:52:07.000+0000,006WR00000wkEckYAE
a0FWR00000V7Ztd2AF,P-006432,West Des Moines_MDU_Maple Grove Villas,Maple Grove Villas,West Des Moines,IA,Future,1. Project - PAL/ROE Signed,2025-11-25,,,Out of Footprint,a2XVT000001h4PZ2AY,2026-05-25T11:52:07.000+0000,006WR00000wkEc7YAE
a0FWR00000V7Zwr2AF,P-006494,Omaha_MDU_4760 LAFAYETTE AVE,4760 LAFAYETTE AVE,Omaha,NE,Future,3. Project - Construction Phase,,2026-04-30,,On Net,a2XVT00000240hp2AA,2026-05-25T11:52:07.000+0000,006WR00000y2FzkYAE
a0FWR00000V7ZyT2AV,P-006604,Meridian_MDU_Aspen Hills,Aspen Hills,Meridian,ID,Future,1. Project - PAL/ROE Signed,2025-11-06,,,Out of Footprint,a2XVT000002A7772AC,2026-05-25T11:52:07.000+0000,006WR00000wkEb0YAE
a0FWR00000V7ZyU2AV,P-006814,KILLEEN_MDU_3103_S_Fort_Hood  MHP,3103_S_Fort_Hood  MHP,KILLEEN,TX,Future,1. Project - PAL/ROE Signed,,,,On Net,a2XVT000003EEe52AG,2026-05-25T11:52:07.000+0000,006WR00000wkDtMYAU
a0FWR00000V7a052AB,P-006620,Omaha_MDU_Horizon Heights Apartments,Horizon Heights Apartments,Omaha,NE,Future,1. Project - PAL/ROE Signed,2025-11-12,,,On Net,a2XVT000002CfCj2AK,2026-05-25T11:52:07.000+0000,006WR00000wkEb1YAE
a0FWR00000V7a1h2AB,P-006668,Omaha_MDU_The Fredrick,The Fredrick,Omaha,NE,Future,4. Project - Completed,,2026-04-30,2025-12-31,On Net,a2XVT000002OkVB2A0,2026-05-25T11:52:07.000+0000,006WR00000xvjmRYAQ
a0FWR00000V7a3J2AR,P-006739,Omaha_MDU_4015 HAMILTON ST,4015 HAMILTON ST,Omaha,NE,Future,4. Project - Completed,,2026-04-30,2025-12-31,On Net,a2XVT000002l5Kr2AI,2026-05-25T11:52:07.000+0000,006WR00000xwFCnYAM
a0FWR00000V7a4v2AB,P-006745,Omaha_MDU_2313 N 72nd St apts,2313 N 72nd St apts,Omaha,NE,Future,4. Project - Completed,,2026-04-30,2025-12-31,On Net,a2XVT000002n2XN2AY,2026-05-25T11:52:07.000+0000,006WR00000xvSKBYA2
a0FWR00000V7a6X2AR,P-006748,Bridgeport_MDU_Creekside Apartments,Creekside Apartments,Bridgeport,TX,Future,2. Project - Design Phase,2026-01-28,,,On Net,a2XVT000002oHB02AM,2026-05-25T11:52:07.000+0000,006WR00000wkEcAYAU
a0FWR00000V7a892AB,P-006749,Omaha_MDU_1001 Apartments,The 1001 Apartments,Omaha,NE,Future,2. Project - Design Phase,2026-01-28,,,On Net,a2XVT000002oYIH2A2,2026-05-25T11:52:07.000+0000,006WR00000wkEcDYAU
a0FWR00000V7a9l2AB,P-006750,Omaha_MDU_The Rose Apartments,The Rose Apartments,Omaha,NE,Future,3. Project - Construction Phase,,2026-04-30,,On Net,a2XVT000002qRXd2AM,2026-05-25T11:52:07.000+0000,006WR00000xvZ3uYAE
a0FWR00000V7aBN2AZ,P-006752,Omaha_MDU_4822-4824 Cass St,4822-4824 Cass St,Omaha,NE,Future,3. Project - Construction Phase,,2026-04-30,,On Net,a2XVT000002rpjB2AQ,2026-05-25T11:52:07.000+0000,006WR00000xw0VXYAY
a0FWR00000V7aCz2AJ,P-006754,Killeen_MDU_Villa Del North,Villa Del North,Killeen,TX,Future,3. Project - Construction Phase,,2026-04-30,,On Net,a2XVT000002u1bN2AQ,2026-05-25T11:52:07.000+0000,006WR00000xvKb9YAE
a0FWR00000V7aGD2AZ,P-006755,Taylor_MDU_Vance Apartments,Vance Apartments,Taylor,TX,Future,3. Project - Construction Phase,,2026-06-19,,On Net,a2XVT000002u1t72AA,2026-05-25T11:52:07.000+0000,006WR00000xvW9GYAU
a0FWR00000V7aHp2AJ,P-006759,Newark_MDU_Heritage of Newark (Newark Beach Estates),Heritage of Newark (Newark Beach Estates),Newark,TX,Future,2. Project - Design Phase,2026-02-05,,,On Net,a2XVT000002uZOY2A2,2026-05-25T11:52:07.000+0000,006WR00000wkEcBYAU
a0FWR00000V7aJR2AZ,P-006760,Killeen_MDU_1015-1017 Parmer Ave,1015-1017 Parmer Ave,Killeen,TX,Future,3. Project - Construction Phase,,2026-06-19,,On Net,a2XVT000002uk2D2AQ,2026-05-25T11:52:07.000+0000,006WR00000xvhSvYAI
a0FWR00000V7aL32AJ,P-006761,Killeen_MDU_Downtown Manor,Downtown Manor,Killeen,TX,Future,2. Project - Up Next,,2026-04-30,,In-Franchise,a2XVT000002ukWr2AI,2026-04-01T11:30:53.000+0000,006WR00000xwHHpYAM
a0FWR00000V7aMf2AJ,P-006762,Killeen_MDU_Stringer St Apts,Stringer St Apts,KILLEEN,TX,Future,3. Project - Construction Phase,,2026-04-30,,On Net,a2XVT000002ukev2AA,2026-05-25T11:52:07.000+0000,006WR00000xv5LzYAI
a0FWR00000V7aOH2AZ,P-006766,Omaha_MDU_4810-4812 Capital Ave,4810-4812 Capital Ave,Omaha,NE,Future,3. Project - Construction Phase,,2026-04-30,,On Net,a2XVT000002wLu92AE,2026-05-25T11:52:07.000+0000,006WR00000xvWR0YAM
a0FWR00000V7aPt2AJ,P-006767,Omaha_MDU_The Wakeley Pointe,The Wakeley Pointe,Omaha,NE,Future,3. Project - Construction Phase,,2026-04-30,,On Net,a2XVT000002wMTd2AM,2026-05-25T11:52:07.000+0000,006WR00000xv174YAA
a0FWR00000V7aRV2AZ,P-006773,Omaha_MDU_78th Street Apartments,78th Street Apartments,Omaha,NE,Future,3. Project - Construction Phase,,2026-08-10,,On Net,a2XVT000002z9wT2AQ,2026-05-25T11:52:07.000+0000,006WR00000wkA8yYAE
a0FWR00000V7aT72AJ,P-006774,Omaha_MDU_360 Skyview,360 Skyview,Omaha,NE,Future,3. Project - Construction Phase,,2026-08-28,,On Net,a2XVT000002zA9N2AU,2026-05-25T11:52:07.000+0000,006WR00000xwF7xYAE
a0FWR00000V7aUj2AJ,P-006776,Killeen_MDU_425 N Gilmer St,425 N Gilmer St,Killeen,TX,Future,3. Project - Construction Phase,,2026-09-17,,On Net,a2XVT000002zAcP2AU,2026-05-25T11:52:07.000+0000,006WR00000xwH89YAE
a0FWR00000V7aWL2AZ,P-006778,Killeen_MDU_703 Gilmer Street Apartments,703 Gilmer Street Apartments,Killeen,TX,Future,3. Project - Construction Phase,,,,On Net,a2XVT000002zBYT2A2,2026-05-25T11:52:07.000+0000,006WR00000xwHJRYA2
a0FWR00000V7aXx2AJ,P-006779,Killeen_MDU_201 W Green Ave,201 W Green Ave,Killeen,TX,Future,1. Project - PAL/ROE Signed,,,,On Net,a2XVT000002zBmz2AE,2026-05-25T11:52:07.000+0000,006WR00000xwGnBYAU
a0FWR00000V7aZZ2AZ,P-006788,Killeen_MDU_602 N 2nd St,602 N 2nd St,Killeen,TX,Future,1. Project - PAL/ROE Signed,,,,On Net,a2XVT000002zIi12AE,2026-05-25T11:52:07.000+0000,006WR00000xvPe3YAE
a0FWR00000V7abB2AR,P-006791,Killeen_MDU_Patriot Place,Patriot Place,Killeen,TX,Future,3. Project - Construction Phase,2026-02-17,2026-10-21,,On Net,a2XVT00000322Qb2AI,2026-05-25T11:52:07.000+0000,006WR00000wkEbOYAU
a0FWR00000V7acn2AB,P-006796,Killeen_MDU_511 N Gilmer & 512 Wyoming St,511 N Gilmer,Killeen,TX,Future,3. Project - Construction Phase,,2026-09-17,,On Net,a2XVT00000344zN2AQ,2026-05-25T11:52:07.000+0000,006WR00000xw7NKYAY
a0FWR00000V7aeP2AR,P-006799,Omaha_MDU_California Place,California Place,OMAHA,NE,Future,3. Project - Construction Phase,,2026-08-28,,On Net,a2XVT0000035B4L2AU,2026-05-25T11:52:07.000+0000,006WR00000xwGATYA2
a0FWR00000V7ag12AB,P-006803,Omaha_MDU_4527 Decatur St,4527 Decatur St,Omaha,NE,Future,3. Project - Construction Phase,,2026-09-17,,On Net,a2XVT0000035bEv2AI,2026-05-25T11:52:07.000+0000,006WR00000xvAAMYA2
a0FWR00000V7ahd2AB,P-006808,Killeen_MDU_Paloma Gardens 307 N 14th St,307 N Apartments_Colt RE,KILLEEN,TX,Future,2. Project - Design Phase,2026-03-12,,,On Net,a2XVT0000036QSj2AM,2026-05-25T11:52:07.000+0000,006WR00000wkEbQYAU
a0FWR00000V7ajF2AR,P-006809,Killeen_MDU_Paul Mark Apts,Paul Mark Apts,Killeen,TX,Future,3. Project - Construction Phase,,2026-09-17,,On Net,a2XVT0000038Tfp2AE,2026-05-25T11:52:07.000+0000,006WR00000wkAC1YAM
a0FWR00000V7akr2AB,P-006815,Omaha_MDU_4455 Franklin St,4455 Franklin St,Omaha,NE,Future,3. Project - Construction Phase,,2026-08-25,,On Net,a2XVT000003EI1l2AG,2026-05-25T11:52:07.000+0000,006WR00000xwFSvYAM
a0FWR00000VMCIQ2A5,P-005191,Encinitas_MDU_Haciendas De La Playa,Haciendas De La Playa HOA,Encinitas,CA,In Service,4. Project - Completed,,,2024-06-04,On Net,a2XVT0000009VML2A2,2026-05-25T11:52:07.000+0000,006WR00000wiNoSYAU
a0FWR00000VMZ0V2AX,P-004727,Encinitas_MDU_The Resort at Encinitas Luxury Apartment Homes,The Resort at Encinitas,Encinitas,CA,Future,2. Project - Design Phase,,,,In-Franchise,a2XVT0000005h172AA,2026-05-25T11:52:07.000+0000,006WR00000wk9UvYAI
a0FWR00000VMaMM2A1,P-004565,Regal View HOA,Regal View HOA,Encinitas,CA,Future,2. Project - Design Phase,,,,In-Franchise,a2XVT0000004OyD2AU,2026-05-25T11:52:07.000+0000,006WR00000wk9UtYAI
a0FWR00000VMaxS2AT,P-006823,Killeen_MDU_Saffari Apts,Saffari Apts_Colt RE,KILLEEN,TX,Future,2. Project - Design Phase,2026-03-13,,,On Net,a2XVT000003FzCj2AK,2026-05-25T11:52:07.000+0000,006WR00000wkEbSYAU
a0FWR00000VMdle2AD,P-005369,Solana Beach_MDU_Seascape Sur,Seascape Sur,Solana Beach,CA,Future,2. Project - Design Phase,,,,In-Franchise,a2XVT000000AScX2AW,2026-05-25T11:52:07.000+0000,006WR00000wk9SnYAI
a0FWR00000VMnOP2A1,P-004252,Encinitas_MDU_Pacifica Leucadia HOA,Encinitas_MDU_Pacifica Leucadia HOA,Encinitas,CA,Future,2. Project - Design Phase,,,,In-Franchise,a2XVT0000003N4v2AE,2026-05-25T11:52:07.000+0000,006WR00000yuOtDYAU
a0FWR00000VMnUr2AL,P-004454,Encinitas_MDU_Sandpiper Point,Encinitas_MDU_Sandpiper Point,Encinitas,CA,Future,2. Project - Design Phase,,,,In-Franchise,a2XVT0000004DgD2AU,2026-05-25T11:52:07.000+0000,006WR00000wk9SsYAI
a0FWR00000VMnZi2AL,P-005182,Encinitas_MDU_Encinitas_Village,Encinitas_MDU_Encinitas_Village,Encinitas,CA,Future,2. Project - Design Phase,,,,In-Franchise,a2XVT0000008xqv2AA,2026-05-25T11:52:07.000+0000,
a0FWR00000VMnbJ2AT,P-004726,SolanaBeach_MDU_Del Mar Downs,SolanaBeach_MDU_Del Mar Downs,Solana Beach,CA,Future,2. Project - Design Phase,,,,In-Franchise,a2XVT0000005gQ12AI,2026-05-25T11:52:07.000+0000,006WR00000wkA8ZYAU
a0FWR00000VMnkz2AD,P-005541,Solana Beach_MDU_Sixth Green HOA,Solana Beach_MDU_Sixth Green HOA,Solana Beach,CA,Future,2. Project - Design Phase,,,,In-Franchise,a2XVT000000Et6H2AS,2026-05-25T11:52:07.000+0000,006WR00000wkCjnYAE
a0FWR00000VModp2AD,P-006442,Decatur_MDU_Smallwood Trailer Park,Smallwood Trailer Park,Decatur,TX,In Service,4. Project - Completed,,,2025-07-31,On Net,a2XVT000001lsyr2AA,2026-05-25T11:52:07.000+0000,006WR00000y3k5NYAQ
a0FWR00000VMolt2AD,P-006818,Killeen_MDU_The Gables at 8th Street,1507 N 8th Apartments_Colt RE,Killeen,TX,Future,2. Project - Design Phase,2026-03-12,,,On Net,a2XVT000003FSa92AG,2026-05-25T11:52:07.000+0000,006WR00000wkEbPYAU
a0FWR00000VMonV2AT,P-006820,Killeen_MDU_Jerome Apts,Jerome Apartments_Colt RE,KILLEEN,TX,Future,2. Project - Design Phase,2026-03-12,,,On Net,a2XVT000003FZTZ2A4,2026-05-25T11:52:07.000+0000,006WR00000wkEbRYAU
a0FWR00000VMop72AD,P-006824,Killeen_MDU_Soaring Eagle Apartments,Soaring Eagle Apartments_Colt RE,KILLEEN,TX,Future,2. Project - Design Phase,2026-03-13,,,On Net,a2XVT000003FzxV2AS,2026-05-25T11:52:07.000+0000,006WR00000wkEbTYAU
a0FWR00000VMoqj2AD,P-006826,Killeen_MDU_1807 Mulford & 1810 N 8th St,Killeen_MDU_1807 Mulford & 1810 N 8th St,Killeen,TX,Future,2. Project - Design Phase,2026-03-13,,,On Net,a2XVT000003G1ZV2A0,2026-05-25T11:52:07.000+0000,006WR00000wkEbUYAU
a0FWR00000VMosL2AT,P-006829,Killeen_MDU_Magnolia Heights,Magnolia Heights,KILLEEN,TX,Future,3. Project - Construction Phase,,,,On Net,a2XVT000003JxQr2AK,2026-05-25T11:52:07.000+0000,006WR00000xwGwrYAE
a0FWR00000VMotx2AD,P-006831,Killeen_MDU_813 N Park St Apartments,813 N Park St Apartments,Killeen,TX,Future,1. Project - PAL/ROE Signed,,,,On Net,a2XVT000003JyMv2AK,2026-05-25T11:52:07.000+0000,006WR00000xvFEsYAM
a0FWR00000VMovZ2AT,P-006833,Killeen_MDU_The Links Apts,The Links Apts,Killeen,TX,Future,3. Project - Construction Phase,,,,On Net,a2XVT000003JzIz2AK,2026-05-25T11:52:07.000+0000,006WR00000xvmSZYAY
a0FWR00000VfNmn2AF,P-006834,Omaha_MDU_Orchard Park Apartments,Orchard Park Apartments,Omaha,NE,Future,3. Project - Construction Phase,,2026-09-11,,On Net,a2XVT000003Lvny2AC,2026-05-25T11:52:07.000+0000,006WR00000wkBToYAM
a0FWR00000VpUVG2A3,P-006838,Omaha_MDU_Indian Hills Village Court,Indian Hills Village Court,Omaha,NE,Future,3. Project - Construction Phase,,2026-09-11,,On Net,a2XVT000003NCy12AG,2026-05-25T11:52:07.000+0000,006WR00000wk1ERYAY
a0FWR00000VpVhU2AV,P-006844,Solana Beach_MDU_Seascape Chateau,Seascape Chateau,Solana Beach,CA,In Service,4. Project - Completed,,,2024-06-03,On Net,a2XVT000003NYLp2AO,2026-05-25T11:52:07.000+0000,006WR00000y2DuoYAE
a0FWR00000Vpe3B2AR,P-006836,Solana Beach_MDU_Del Mar Beach Club,Del Mar Beach Club,Solana Beach,CA,In Service,4. Project - Completed,,,2024-06-03,On Net,a2XVT000003NNS12AO,2026-05-25T11:52:07.000+0000,006WR00000wkClNYAU
a0FWR00000Vpe4n2AB,P-006837,Omaha_MDU_Indian Hills Village Apartments,Indian Hills Village Apartments,Omaha,NE,Future,3. Project - Construction Phase,,2026-09-14,,On Net,a2XVT000003NCwP2AW,2026-05-25T11:52:07.000+0000,006WR00000wkBTuYAM
a0FWR00000Vpe4o2AB,P-006843,Solana Beach_MDU_Las Brisas,Las Brisas,SOLANA BEACH,CA,In Service,4. Project - Completed,,,2024-06-03,On Net,a2XVT000003NYKD2A4,2026-05-25T11:52:07.000+0000,006WR00000wkClkYAE
a0FWR00000Vpe6P2AR,P-006842,Solana Beach_MDU_Del Mar Shores Terrace,Del Mar Shores Terrace,Solana Beach,CA,In Service,4. Project - Completed,,,2024-06-03,On Net,a2XVT000003NYC92AO,2026-05-25T11:52:07.000+0000,006WR00000wkCllYAE
a0FWR00000Vpe9d2AB,P-006845,Solana Beach_MDU_Seascape Shores Condos,Seascape Shores Condos,Solana Beach,CA,In Service,4. Project - Completed,,,2024-06-03,On Net,a2XVT000003NYNR2A4,2026-05-25T11:52:07.000+0000,006WR00000y3iV0YAI
a0FWR00000VpeBF2AZ,P-006846,Solana Beach_MDU_Solana Beach & Tennis Club,Solana Beach & Tennis Club,Solana Beach,CA,In Service,4. Project - Completed,,,2024-06-03,On Net,a2XVT000003NYTt2AO,2026-05-25T11:52:07.000+0000,006WR00000wk9YTYAY
a0FWR00000VpeCr2AJ,P-006847,Solana Beach_MDU_Surfsong Condos,Surfsong Condos,Solana Beach,CA,In Service,4. Project - Completed,,,2024-06-03,On Net,a2XVT000003NYYj2AO,2026-05-25T11:52:07.000+0000,006WR00000y24mZYAQ
a0FWR00000W5dkf2AB,P-001672,Mesa_SFU_StonebridgeGardens,Stonebridge Gardens,Mesa,AZ,Future,1. Project - PAL/ROE Signed,2023-09-25,,,Near Net,a2XVT000003PLQv2AO,2026-05-25T11:52:07.000+0000,006WR00000wkDuOYAU
a0FWR00000WAOGL2A5,P-006203,Fort Worth_SFU_Fowler's RV Park,Fowler's RV Park,Fort Worth,TX,Future,1. Project - PAL/ROE Signed,2024-12-04,,,On Net,a2XVT0000010gjR2AQ,2026-05-25T11:52:07.000+0000,006WR00000wkDuKYAU
a0FWR00000WAOHx2AP,P-006859,Killeen_MDU_Whispering Hills Apartments,Whispering Hills Apartments,Killeen,TX,Future,3. Project - Construction Phase,2026-03-27,2026-10-13,,On Net,a2XVT000003PksL2AS,2026-05-25T11:52:07.000+0000,006WR00000wkDtzYAE
a0FWR00000WAOJZ2A5,P-006861,Killeen_MDU_Town East Apartments,Town East,KILLEEN,TX,Future,3. Project - Construction Phase,2026-03-27,2026-10-13,,On Net,a2XVT000003Plej2AC,2026-05-25T11:52:07.000+0000,006WR00000wk9RuYAI
a0FWR00000WAOLB2A5,P-006862,Killeen_MDU_117 & 121 W Avenue A,117 & 121 W Avenue A,Killeen,TX,Future,3. Project - Construction Phase,2026-03-27,2026-10-13,,On Net,a2XVT000003PmKf2AK,2026-05-25T11:52:07.000+0000,006WR00000wk9RtYAI
a0FWR00000WXIer2AH,P-006872,Omaha_MDU_Indian Hills Village Apartments-2,Indian Hills Village Apartments,Omaha,NE,Future,3. Project - Construction Phase,,2026-09-11,,On Net,a2XVT000003SSKb2AO,2026-05-25T11:52:07.000+0000,006WR00000wkBTuYAM
a0FWR00000WXIgT2AX,P-006874,Omaha_MDU_Orchard Park Apartments-2,Orchard Park Apartments,Omaha,NE,Future,3. Project - Construction Phase,,2026-09-11,,On Net,a2XVT000003SUJB2A4,2026-05-25T11:52:07.000+0000,006WR00000wkBToYAM
a0FWR00000WbwH72AJ,P-006876,Omaha_MDU_4750 LAFAYETTE AVE,4750 LAFAYETTE AVE,Omaha,NE,Future,3. Project - Construction Phase,,2026-10-02,,On Net,a2XVT000003SfHp2AK,2026-05-25T11:52:07.000+0000,006WR00000y2FzkYAE
a0FWR00000XGS0Y2AX,P-006375,Cedar Rapids_MDU_Overlook 380,Overlook 380,Cedar Rapids,IA,In Service,1. Project - PAL/ROE Signed,,,,Out of Footprint,a2XVT000001LkiP2AS,2026-05-25T11:52:07.000+0000,006WR00000wk1EKYAY
a0FWR00000XGbWs2AL,P-001021,Winter Park_MDU_Four Seasons Condominiums of Winter Park,Four Seasons Condominiums of Winter Park,Winter Park,FL,Future,1. Project - PAL/ROE Signed,,,,Out of Footprint,a2X4x000002oCCpEAM,2026-05-25T11:52:07.000+0000,006WR00000wkAk9YAE
a0FWR00000XGj9S2AT,P-001802,Avondale_MDU_Versante,Versante,Avondale,AZ,Future,1. Project - PAL/ROE Signed,,,,Out of Footprint,a2X4x000002iF1vEAE,2026-05-25T11:52:07.000+0000,006WR00000wjKFoYAM
a0FWR00000XGpQA2A1,P-001818,Dallas_MDU_The Outlook at Windhaven,The Outlook at Windhaven,Dallas,TX,Future,1. Project - PAL/ROE Signed,,,,In-Franchise,a2X4x000002iF2UEAU,2026-05-25T11:52:07.000+0000,006WR00000wkBojYAE
a0FWR00000XGxZ02AL,P-001607,Denver_MDU_Benedict Park Place,Benedict Park Place,Denver,CO,Future,1. Project - PAL/ROE Signed,,,,Out of Footprint,a2X4x000003CnSnEAK,2026-05-25T11:52:07.000+0000,006WR00000wkAVPYA2
a0FWR00000XH7gP2AT,P-000967,Scottsdale_MDU_Bella Vita,Bella Vita,Scottsdale,AZ,Future,1. Project - PAL/ROE Signed,,,,Out of Footprint,a2X4x000002oBbYEAU,2026-05-25T11:52:07.000+0000,006WR00000wkACGYA2
a0FWR00000XH7i12AD,P-000978,TX_DFW_THE_MCCALIP_GROUP,TX_DFW_THE_MCCALIP_GROUP,Rhome,TX,In Service,1. Project - PAL/ROE Signed,,,,In-Franchise,a2X4x000002oC2fEAE,2026-05-25T11:52:07.000+0000,
a0FWR00000XH7jd2AD,P-001019,Gilbert_MDU_San Clemente,San Clemente,Gilbert,AZ,Future,1. Project - PAL/ROE Signed,,,,Out of Footprint,a2X4x000002oCCfEAM,2026-05-25T11:52:07.000+0000,006WR00000wk9TBYAY
a0FWR00000XH7lF2AT,P-001020,Mesa_MDU_San Angelin,San Angelin,Mesa,AZ,Future,1. Project - PAL/ROE Signed,,,,In-Franchise,a2X4x000002oCCkEAM,2026-05-25T11:52:07.000+0000,006WR00000wk9TCYAY
a0FWR00000XH7mr2AD,P-001089,Oceanside_MDU_Camino Colony,Camino Colony,Oceanside,CA,Future,1. Project - PAL/ROE Signed,,,,In-Franchise,a2X4x000002oDlrEAE,2026-05-25T11:52:07.000+0000,006WR00000wkAjtYAE
a0FWR00000XH7oT2AT,P-001113,Goodyear_MDU_Adiamo Pine Valley,Adiamo Pine Valley,Goodyear,AZ,Future,1. Project - PAL/ROE Signed,,,,Out of Footprint,a2X4x000002oEbTEAU,2026-05-25T11:52:07.000+0000,006WR00000wkAkHYAU
a0FWR00000XH7q52AD,P-001608,Mesa_MDU_San Miguel Apartments,San Miguel Apartments,Mesa,AZ,Future,1. Project - PAL/ROE Signed,,,,In-Franchise,a2X4x000003CnSsEAK,2026-05-25T11:52:07.000+0000,006WR00000wk9TGYAY
a0FWR00000XH7rh2AD,P-001610,Mesa_MDU_Lemon & Pear Tree Apartments,Lemon & Pear Tree Apartments,Mesa,AZ,Future,1. Project - PAL/ROE Signed,,,,In-Franchise,a2X4x000003CnT2EAK,2026-05-25T11:52:07.000+0000,006WR00000wkDLxYAM
a0FWR00000XH7tJ2AT,P-001612,Killeen_MDU_Archstone Apartments,The Forum Apartments FKA Archstone Apartments,Killeen,TX,Future,1. Project - PAL/ROE Signed,,,,In-Franchise,a2X4x000003CnSyEAK,2026-05-25T11:52:07.000+0000,006WR00000wkDM2YAM
a0FWR00000XH7uv2AD,P-002041,Georgetown_MDU_Vida Apartments,Vida Apartments,Georgetown,TX,Future,1. Project - PAL/ROE Signed,,,,In-Franchise,a2X4x000002iFyYEAU,2026-05-25T11:52:07.000+0000,006WR00000wkCm3YAE
a0FWR00000XH7wX2AT,P-002501,CA_CARLSBAD_SA07_FB03_SunnyCreekApts,CA_CARLSBAD_SA07_FB03_SunnyCreekApts,Carlsbad,CA,Future,1. Project - PAL/ROE Signed,,,,In-Franchise,a2XVT000000021p2AA,2026-05-25T11:52:07.000+0000,
a0FWR00000XH7y92AD,P-002801,Seattle_MDU_Seattle Heights Condo Association,Seattle Heights Condo Association,Seattle,WA,Future,1. Project - PAL/ROE Signed,,,,Out of Footprint,a2X4x000003CsL9EAK,2026-05-25T11:52:07.000+0000,006WR00000wkAs5YAE
a0FWR00000XH7zl2AD,P-003273,Seattle_MDU_Madison Crossing,Madison Crossing,Seattle,WA,Future,1. Project - PAL/ROE Signed,,,,Out of Footprint,a2X4x000002iw66EAA,2026-05-25T11:52:07.000+0000,006WR00000wkArMYAU
a0FWR00000XH81N2AT,P-003274,Seattle_MDU_Lawrence Lofts,Lawrence Lofts,Seattle,WA,Future,1. Project - PAL/ROE Signed,,,,Out of Footprint,a2X4x000002iw6BEAQ,2026-05-25T11:52:07.000+0000,006WR00000wkArKYAU
a0FWR00000XH84b2AD,P-003329,CALIFORNIA_TEST_SITE,CALIFORNIA_TEST_SITE,,,,1. Project - PAL/ROE Signed,,,,,a2XVT00000002pp2AA,2026-05-25T11:52:07.000+0000,
a0FWR00000XH8cT2AT,P-003643,CALIFORNIA_TEST_SITE,CALIFORNIA_TEST_SITE,,,,1. Project - PAL/ROE Signed,,2024-03-22,,,a2XVT0000000GHh2AM,2026-05-25T11:52:07.000+0000,
a0FWR00000XH9Th2AL,P-004312,Feeder_MDU_Henderson Terrace,Feeder_MDU_Henderson Terrace,Bridgeport,TX,Under Construction,1. Project - PAL/ROE Signed,,,,In-Franchise,a2XVT0000003yNp2AI,2026-05-25T11:52:07.000+0000,006WR00000wk1EEYAY
a0FWR00000XH9VJ2A1,P-004313,TX_DFW_Feeder_Decatur_MDU_Eagle Ridge Terrace,TX_DFW_Feeder_Decatur_MDU_Eagle Ridge Terrace,Decatur,TX,Under Construction,1. Project - PAL/ROE Signed,,,,In-Franchise,a2XVT0000003zQL2AY,2026-05-25T11:52:07.000+0000,006WR00000wk1EIYAY
a0FWR00000XH9Wv2AL,P-004315,TX_DFW_Feeder_Azle_MDU_Eagle Lake,TX_DFW_Feeder_Azle_MDU_Eagle Lake,Azle,TX,Under Construction,1. Project - PAL/ROE Signed,,,,In-Franchise,a2XVT0000003zbd2AA,2026-05-25T11:52:07.000+0000,006WR00000wkEcZYAU
a0FWR00000XH9YX2A1,P-004475,Fort Worth_MDU_Belterra,Belterra,Fort Worth,TX,Future,1. Project - PAL/ROE Signed,,,,In-Franchise,a2XVT0000004Gfh2AE,2026-05-25T11:52:07.000+0000,006WR00000wkClBYAU
a0FWR00000XH9a92AD,P-004486,Keller_MDU_Olympus Town Center,Olympus Town Center,Keller,TX,Future,1. Project - PAL/ROE Signed,,,,In-Franchise,a2XVT0000004IBF2A2,2026-05-25T11:52:07.000+0000,006WR00000wkDLtYAM
a0FWR00000XH9bl2AD,P-004490,Chandler_MDU_Luxe @ Ocotillo,Luxe at Ocotillo,Chandler,AZ,Future,1. Project - PAL/ROE Signed,,,,In-Franchise,a2XVT0000004IKv2AM,2026-05-25T11:52:07.000+0000,006WR00000wkDM3YAM
a0FWR00000XH9dN2AT,P-004491,Chandler_MDU_Ocotillo Bay,Ocotillo Bay,Chandler,AZ,Future,1. Project - PAL/ROE Signed,,,,In-Franchise,a2XVT0000004IPl2AM,2026-05-25T11:52:07.000+0000,006WR00000wkDM4YAM
a0FWR00000XH9gb2AD,P-005598,Mesa_MDU_Hallcraft Villas Mesa 2,Hallcraft Villas 2 (HOA),Mesa,AZ,Future,1. Project - PAL/ROE Signed,,,,In-Franchise,a2XVT000000HCHh2AO,2026-05-25T11:52:07.000+0000,006WR00000wkC7XYAU
a0FWR00000XH9iD2AT,P-005894,Spokane Valley_MDU_University Apartments,University Apartments,Spokane Valley,WA,Future,1. Project - PAL/ROE Signed,,,,Out of Footprint,a2XVT000000XygX2AS,2026-05-25T11:52:07.000+0000,006WR00000wjnmKYAQ
a0FWR00000XH9of2AD,P-006318,Hornig_MDU_Cottages of Edina,Cottage of Edina,Edina,MN,Future,1. Project - PAL/ROE Signed,,,,Out of Footprint,a2XVT000001AvR32AK,2026-05-25T11:52:07.000+0000,006WR00000wk9ULYAY
a0FWR00000XH9qH2AT,P-006332,Culver City_MDU_Parkway Plaza,Parkway Plaza,Culver City,CA,In Service,1. Project - PAL/ROE Signed,,,,Out of Footprint,a2XVT000001CZHZ2A4,2026-05-25T11:52:07.000+0000,006WR00000wk1EUYAY
a0FWR00000XH9rt2AD,P-006333,Omaha_MDU_Northampton Arms Apartments,Northampton Arms Apt,Omaha,NE,In Service,1. Project - PAL/ROE Signed,,,,On Net,a2XVT000001CZvt2AG,2026-05-25T11:52:07.000+0000,006WR00000wkEcgYAE
a0FWR00000XH9tV2AT,P-006373,Culver City_MDU_Parkway Plaza,Parkway Plaza,Culver City,CA,In Service,1. Project - PAL/ROE Signed,,,,Out of Footprint,a2XVT000001KH7N2AW,2026-05-25T11:52:07.000+0000,006WR00000wk1EUYAY
a0FWR00000XH9tW2AT,P-006395,Cedar Rapids_MDU_Overlook 380,Overlook 380,Cedar Rapids,IA,In Service,1. Project - PAL/ROE Signed,,,,Out of Footprint,a2XVT000001RKbZ2AW,2026-05-25T11:52:07.000+0000,006WR00000wk1EKYAY
a0FWR00000XH9v72AD,P-006376,Cedar Rapids_MDU_Alexandra Apartments,Alexandra Apt,Cedar Rapids,IA,In Service,1. Project - PAL/ROE Signed,,,,Out of Footprint,a2XVT000001Lkor2AC,2026-05-25T11:52:07.000+0000,006WR00000wkEcbYAE
a0FWR00000XH9wj2AD,P-006377,Cedar Rapids_MDU_The Retreat on 6th,The Retreat on 6th,Cedar Rapids,IA,In Service,1. Project - PAL/ROE Signed,,,,Out of Footprint,a2XVT000001LkqT2AS,2026-05-25T11:52:07.000+0000,006WR00000wkEcdYAE
a0FWR00000XH9yL2AT,P-006384,Los Angeles_MDU_Ladera Townhouse,Ladera Townhouse,Los Angeles,CA,In Service,1. Project - PAL/ROE Signed,,,,Out of Footprint,a2XVT000001M5i12AC,2026-05-25T11:52:07.000+0000,006WR00000wk1EWYAY
a0FWR00000XH9zx2AD,P-006394,Cedar Rapids_MDU_Pheasant Run Apartments,Pheasant Run Apt,Cedar Rapids,IA,In Service,1. Project - PAL/ROE Signed,,,,Out of Footprint,a2XVT000001RK3h2AG,2026-05-25T11:52:07.000+0000,006WR00000wkEceYAE
a0FWR00000XHA1Z2AX,P-006396,Cedar Rapids_MDU_Overlook 380,Overlook 380,Cedar Rapids,IA,In Service,1. Project - PAL/ROE Signed,,,,Out of Footprint,a2XVT000001RKdB2AW,2026-05-25T11:52:07.000+0000,006WR00000wk1EKYAY
a0FWR00000XHA3B2AX,P-006397,Cedar Rapids_MDU_Pheasant Run Apartments,Pheasant Run Apt,Cedar Rapids,IA,In Service,1. Project - PAL/ROE Signed,,,,Out of Footprint,a2XVT000001RUCj2AO,2026-05-25T11:52:07.000+0000,006WR00000wkEceYAE
a0FWR00000XHA4n2AH,P-006415,Cedar Rapids_MDU_Pheasant Run Apartments,Pheasant Run Apt,Cedar Rapids,IA,In Service,1. Project - PAL/ROE Signed,,,,Out of Footprint,a2XVT000001Zul72AC,2026-05-25T11:52:07.000+0000,006WR00000wkEceYAE
a0FWR00000XHA6P2AX,P-006418,Cedar Rapids_MDU_The Retreat on 6th,The Retreat on 6th,Cedar Rapids,IA,In Service,1. Project - PAL/ROE Signed,,,,Out of Footprint,a2XVT000001amAP2AY,2026-05-25T11:52:07.000+0000,006WR00000wkEcdYAE
a0FWR00000XHA812AH,P-006430,Cedar Rapids_MDU_Pheasant Run Apartments,Pheasant Run Apt,Cedar Rapids,IA,In Service,1. Project - PAL/ROE Signed,,,,Out of Footprint,a2XVT000001fNOH2A2,2026-05-25T11:52:07.000+0000,006WR00000wkEceYAE
a0FWR00000XHA9d2AH,P-006431,Cedar Rapids_MDU_Alexandra Apartments,Alexandra Apt,Cedar Rapids,IA,In Service,1. Project - PAL/ROE Signed,,,,Out of Footprint,a2XVT000001fNWL2A2,2026-05-25T11:52:07.000+0000,006WR00000wkEcbYAE
a0FWR00000XHABF2A5,P-006440,Cedar Rapids_MDU_The Retreat on 6th,The Retreat on 6th,Cedar Rapids,IA,In Service,1. Project - PAL/ROE Signed,,,,Out of Footprint,a2XVT000001lN732AE,2026-05-25T11:52:07.000+0000,006WR00000wkEcdYAE
a0FWR00000XHACr2AP,P-006441,Cedar Rapids_MDU_Overlook 380,Overlook 380,Cedar Rapids,IA,In Service,1. Project - PAL/ROE Signed,,,,Out of Footprint,a2XVT000001lNyH2AU,2026-05-25T11:52:07.000+0000,006WR00000wk1EKYAY
a0FWR00000XHAET2A5,P-006482,Los Angeles_MDU_Ladera Townhouse,Ladera Townhouse,Los Angeles,CA,In Service,1. Project - PAL/ROE Signed,,,,Out of Footprint,a2XVT000001xZfV2AU,2026-05-25T11:52:07.000+0000,006WR00000wk1EWYAY
a0FWR00000XHAG52AP,P-006485,Mesa_MDU_La Costa at Dobson Ranch,La Costa at Dobson Ranch,Mesa,AZ,Future,1. Project - PAL/ROE Signed,,,,In-Franchise,a2XVT000001z18H2AQ,2026-05-25T11:52:07.000+0000,006WR00000wkDtnYAE
a0FWR00000XHAHh2AP,P-006486,Gilbert_MDU_Olive East,Olive East,Gilbert,AZ,Future,1. Project - PAL/ROE Signed,,,,Out of Footprint,a2XVT000001z1D92AI,2026-05-25T11:52:07.000+0000,006WR00000wkDtxYAE
a0FWR00000XHAJJ2A5,P-006488,Gilbert_MDU_Cambria Apartments,Cambria,Gilbert,AZ,Future,1. Project - PAL/ROE Signed,,,,Out of Footprint,a2XVT000001z1uf2AA,2026-05-25T11:52:07.000+0000,006WR00000yvz12YAA
a0FWR00000XHAMX2A5,P-006877,Georgetown_MDU_Linea Stillwater,Linea Stillwater,Georgetown,TX,Future,1. Project - PAL/ROE Signed,,,,In-Franchise,a2XVT000003WBJa2AO,2026-05-25T11:52:07.000+0000,006WR00000wk1EpYAI
a0FWR00000XHAO92AP,P-006882,Gilbert_MDU_The Sterling Apartments,The Sterling Apartments,Gilbert,AZ,In Service,3. Project - Construction Phase,2024-12-17,2026-06-29,,On Net,a2XVT000003WMN32AO,2026-05-25T11:52:07.000+0000,006WR00000wk1EeYAI
a0FWR00000XHAPl2AP,P-006884,Killeen_MDU_Bradley Arms,Bradley Arms_Colt RE,Killeen,TX,Future,2. Project - Design Phase,2026-04-14,,,On Net,a2XVT000003Xafh2AC,2026-05-25T11:52:07.000+0000,006WR00000wkCjuYAE
a0FWR00000YiZXx2AN,P-006898,Mesa_MDU_Woodglen Square Condo II,Woodglen Square ll,Mesa,AZ,Future,2. Project - Design Phase,2026-04-16,,,On Net,a2XVT000003YB0v2AG,2026-05-25T11:52:07.000+0000,006WR00000wkDtwYAE
a0FWR00000YiZZZ2A3,P-006899,Omaha_MDU_360 Skyview-2,360 Skyview,Omaha,NE,Future,3. Project - Construction Phase,,2026-08-28,,On Net,a2XVT000003YBk52AG,2026-05-25T11:52:07.000+0000,006WR00000xwF7xYAE
