SF_Id,Name,Field,Before,After,Source,Timestamp,Action
006WR00000wiNoSYAU,Haciendas de la Playa,StageName,ROE Secured,PAL/ROE Complete,2026-04-29 stage restructure,2026-04-29 15:46:03,UPDATE
006WR00000wk9YTYAY,Solana Beach and Tennis Club,StageName,ROE Secured,PAL/ROE Complete,2026-04-29 stage restructure,2026-04-29 15:46:03,UPDATE
006WR00000wkA6iYAE,Green Valley Mobile Estates Encinitas,StageName,ROE Secured,PAL/ROE Complete,2026-04-29 stage restructure,2026-04-29 15:46:03,UPDATE
006WR00000wkA8yYAE,78th Place Apartments,StageName,ROE Secured,PAL/ROE Complete,2026-04-29 stage restructure,2026-04-29 15:46:03,UPDATE
006WR00000wkAC1YAM,Paul Mark Apts,StageName,ROE Secured,PAL/ROE Complete,2026-04-29 stage restructure,2026-04-29 15:46:03,UPDATE
006WR00000wkClNYAU,Del Mar Beach Club,StageName,ROE Secured,PAL/ROE Complete,2026-04-29 stage restructure,2026-04-29 15:46:03,UPDATE
006WR00000wkClkYAE,Las Brisas,StageName,ROE Secured,PAL/ROE Complete,2026-04-29 stage restructure,2026-04-29 15:46:03,UPDATE
006WR00000wkCllYAE,Del Mar Shores Terrace,StageName,ROE Secured,PAL/ROE Complete,2026-04-29 stage restructure,2026-04-29 15:46:03,UPDATE
006WR00000xtaP4YAI,Omaha_MDU_4822-4826 Sahler St Apartments,StageName,ROE Secured,PAL/ROE Complete,2026-04-29 stage restructure,2026-04-29 15:46:03,UPDATE
006WR00000xuCFqYAM,Omaha_MDU_The Redman Townhomes & Apartments,StageName,ROE Secured,PAL/ROE Complete,2026-04-29 stage restructure,2026-04-29 15:46:03,UPDATE
006WR00000xuTn1YAE,KILLEEN_MDU_4308 Zephyr Rdt_APTS,StageName,ROE Secured,PAL/ROE Complete,2026-04-29 stage restructure,2026-04-29 15:46:03,UPDATE
006WR00000xuXoyYAE,Omaha_MDU_4616 Redman Ave,StageName,ROE Secured,PAL/ROE Complete,2026-04-29 stage restructure,2026-04-29 15:46:03,UPDATE
006WR00000xumrOYAQ,New Added Site,StageName,ROE Secured,PAL/ROE Complete,2026-04-29 stage restructure,2026-04-29 15:46:03,UPDATE
006WR00000xuxpsYAA,Omaha_MDU_4618 Redman Ave,StageName,ROE Secured,PAL/ROE Complete,2026-04-29 stage restructure,2026-04-29 15:46:03,UPDATE
006WR00000xuzoQYAQ,Killeen_MDU_Bradley Arms,StageName,ROE Secured,PAL/ROE Complete,2026-04-29 stage restructure,2026-04-29 15:46:03,UPDATE
006WR00000xuzq7YAA,Omaha_MDU_4803 Boyd St Apartments,StageName,ROE Secured,PAL/ROE Complete,2026-04-29 stage restructure,2026-04-29 15:46:03,UPDATE
006WR00000xv174YAA,Omaha_MDU_The Wakeley Pointe,StageName,ROE Secured,PAL/ROE Complete,2026-04-29 stage restructure,2026-04-29 15:46:03,UPDATE
006WR00000xv5LzYAI,Killeen_MDU_Stringer St Apts,StageName,ROE Secured,PAL/ROE Complete,2026-04-29 stage restructure,2026-04-29 15:46:03,UPDATE
006WR00000xv6y2YAA,Killeen_MDU_209 E Dean Ave,StageName,ROE Secured,PAL/ROE Complete,2026-04-29 stage restructure,2026-04-29 15:46:03,UPDATE
006WR00000xv9auYAA,Bridgeport_SA01_FDH08_PA02,StageName,ROE Secured,PAL/ROE Complete,2026-04-29 stage restructure,2026-04-29 15:46:03,UPDATE
006WR00000xvAAMYA2,Omaha_MDU_4527 Decatur St,StageName,ROE Secured,PAL/ROE Complete,2026-04-29 stage restructure,2026-04-29 15:46:03,UPDATE
006WR00000xvBUcYAM,Omaha_MDU_4023 HAMILTON ST,StageName,ROE Secured,PAL/ROE Complete,2026-04-29 stage restructure,2026-04-29 15:46:03,UPDATE
006WR00000xvE98YAE,Omaha_MDU_6302 Boyd St,StageName,ROE Secured,PAL/ROE Complete,2026-04-29 stage restructure,2026-04-29 15:46:03,UPDATE
006WR00000xvEU6YAM,Omaha_MDU_6406 Boyd St,StageName,ROE Secured,PAL/ROE Complete,2026-04-29 stage restructure,2026-04-29 15:46:03,UPDATE
006WR00000xvFDHYA2,Omaha_MDU_The Richards Apartments,StageName,ROE Secured,PAL/ROE Complete,2026-04-29 stage restructure,2026-04-29 15:46:03,UPDATE
006WR00000xvFEsYAM,Killeen_MDU_813 N Park St Apartments,StageName,ROE Secured,PAL/ROE Complete,2026-04-29 stage restructure,2026-04-29 15:46:03,UPDATE
006WR00000xvKb9YAE,Killeen_MDU_Villa Del North,StageName,ROE Secured,PAL/ROE Complete,2026-04-29 stage restructure,2026-04-29 15:46:03,UPDATE
006WR00000xvPe3YAE,Killeen_MDU_602 N 2nd St,StageName,ROE Secured,PAL/ROE Complete,2026-04-29 stage restructure,2026-04-29 15:46:03,UPDATE
006WR00000xvSKBYA2,Omaha_MDU_2313 N 72nd St apts,StageName,ROE Secured,PAL/ROE Complete,2026-04-29 stage restructure,2026-04-29 15:46:03,UPDATE
006WR00000xvW9GYAU,Taylor_MDU_Vance Apartments,StageName,ROE Secured,PAL/ROE Complete,2026-04-29 stage restructure,2026-04-29 15:46:03,UPDATE
006WR00000xvWR0YAM,Omaha_MDU_4810-4812 Capital Ave,StageName,ROE Secured,PAL/ROE Complete,2026-04-29 stage restructure,2026-04-29 15:46:03,UPDATE
006WR00000xvYe6YAE,Omaha_MDU_4484 Redman Ave,StageName,ROE Secured,PAL/ROE Complete,2026-04-29 stage restructure,2026-04-29 15:46:03,UPDATE
006WR00000xvYz4YAE,Omaha_MDU_Caroline,StageName,ROE Secured,PAL/ROE Complete,2026-04-29 stage restructure,2026-04-29 15:46:03,UPDATE
006WR00000xvZ3uYAE,Omaha_MDU_The Rose Apartments,StageName,ROE Secured,PAL/ROE Complete,2026-04-29 stage restructure,2026-04-29 15:46:03,UPDATE
006WR00000xvbCAYAY,Omaha_MDU_4907 Ames Ave Apartments,StageName,ROE Secured,PAL/ROE Complete,2026-04-29 stage restructure,2026-04-29 15:46:03,UPDATE
006WR00000xvhSvYAI,Killeen_MDU_1015-1017 Parmer Ave,StageName,ROE Secured,PAL/ROE Complete,2026-04-29 stage restructure,2026-04-29 15:46:03,UPDATE
006WR00000xvjmRYAQ,Omaha_MDU_The Frederick,StageName,ROE Secured,PAL/ROE Complete,2026-04-29 stage restructure,2026-04-29 15:46:03,UPDATE
006WR00000xvkCFYAY,Omaha_MDU_Brewer Apartments,StageName,ROE Secured,PAL/ROE Complete,2026-04-29 stage restructure,2026-04-29 15:46:03,UPDATE
006WR00000xvmSZYAY,Killeen_MDU_The Links Apts,StageName,ROE Secured,PAL/ROE Complete,2026-04-29 stage restructure,2026-04-29 15:46:03,UPDATE
006WR00000xvsXyYAI,Omaha_MDU_4318-4324 N 48th St Apartments,StageName,ROE Secured,PAL/ROE Complete,2026-04-29 stage restructure,2026-04-29 15:46:03,UPDATE
006WR00000xvxiwYAA,Omaha_MDU_4502 N 49th St,StageName,ROE Secured,PAL/ROE Complete,2026-04-29 stage restructure,2026-04-29 15:46:03,UPDATE
006WR00000xvyiEYAQ,Omaha_MDU_5240 Ames Ave,StageName,ROE Secured,PAL/ROE Complete,2026-04-29 stage restructure,2026-04-29 15:46:03,UPDATE
006WR00000xw0VXYAY,Omaha_MDU_4822-4824 Cass St,StageName,ROE Secured,PAL/ROE Complete,2026-04-29 stage restructure,2026-04-29 15:46:03,UPDATE
006WR00000xw41GYAQ,Bridgeport_SA01_FDH08_PA01,StageName,ROE Secured,PAL/ROE Complete,2026-04-29 stage restructure,2026-04-29 15:46:03,UPDATE
006WR00000xw7NKYAY,Killeen_MDU_511 N Gilmer & 512 Wyoming St,StageName,ROE Secured,PAL/ROE Complete,2026-04-29 stage restructure,2026-04-29 15:46:03,UPDATE
006WR00000xw7SBYAY,Omaha_MDU_4005 Hartman Circle,StageName,ROE Secured,PAL/ROE Complete,2026-04-29 stage restructure,2026-04-29 15:46:03,UPDATE
006WR00000xwCd8YAE,Omaha_MDU_5006 Davenport St,StageName,ROE Secured,PAL/ROE Complete,2026-04-29 stage restructure,2026-04-29 15:46:03,UPDATE
006WR00000xwEztYAE,Omaha_MDU_Benson Gardens,StageName,ROE Secured,PAL/ROE Complete,2026-04-29 stage restructure,2026-04-29 15:46:03,UPDATE
006WR00000xwF7xYAE,Omaha_MDU_360 Skyview,StageName,ROE Secured,PAL/ROE Complete,2026-04-29 stage restructure,2026-04-29 15:46:03,UPDATE
006WR00000xwF9ZYAU,Omaha_MDU_Arbor Creek Apartments,StageName,ROE Secured,PAL/ROE Complete,2026-04-29 stage restructure,2026-04-29 15:46:03,UPDATE
006WR00000xwFCnYAM,Omaha_MDU_4015 HAMILTON ST,StageName,ROE Secured,PAL/ROE Complete,2026-04-29 stage restructure,2026-04-29 15:46:03,UPDATE
006WR00000xwFMTYA2,Omaha_MDU_Birchwood Apts,StageName,ROE Secured,PAL/ROE Complete,2026-04-29 stage restructure,2026-04-29 15:46:03,UPDATE
006WR00000xwFPhYAM,Omaha_MDU_4313 N 65th St,StageName,ROE Secured,PAL/ROE Complete,2026-04-29 stage restructure,2026-04-29 15:46:03,UPDATE
006WR00000xwFRJYA2,Omaha_MDU_Benson Crest Apartments 1,StageName,ROE Secured,PAL/ROE Complete,2026-04-29 stage restructure,2026-04-29 15:46:03,UPDATE
006WR00000xwFSvYAM,Omaha_MDU_4455 Franklin St,StageName,ROE Secured,PAL/ROE Complete,2026-04-29 stage restructure,2026-04-29 15:46:03,UPDATE
006WR00000xwFcbYAE,Omaha_MDU_4606 Redman Ave,StageName,ROE Secured,PAL/ROE Complete,2026-04-29 stage restructure,2026-04-29 15:46:03,UPDATE
006WR00000xwFzBYAU,Omaha_MDU_Taylor Apartments,StageName,ROE Secured,PAL/ROE Complete,2026-04-29 stage restructure,2026-04-29 15:46:03,UPDATE
006WR00000xwG7FYAU,Omaha_MDU_Ellington Apartments,StageName,ROE Secured,PAL/ROE Complete,2026-04-29 stage restructure,2026-04-29 15:46:03,UPDATE
006WR00000xwGATYA2,Omaha_MDU_California Place,StageName,ROE Secured,PAL/ROE Complete,2026-04-29 stage restructure,2026-04-29 15:46:03,UPDATE
006WR00000xwGIXYA2,Omaha_MDU_6303 Taylor Cir,StageName,ROE Secured,PAL/ROE Complete,2026-04-29 stage restructure,2026-04-29 15:46:03,UPDATE
006WR00000xwGK9YAM,Omaha_MDU_6414 Boyd St,StageName,ROE Secured,PAL/ROE Complete,2026-04-29 stage restructure,2026-04-29 15:46:03,UPDATE
006WR00000xwGSDYA2,Omaha_MDU_St Frances Apartments,StageName,ROE Secured,PAL/ROE Complete,2026-04-29 stage restructure,2026-04-29 15:46:03,UPDATE
006WR00000xwGnBYAU,Killeen_MDU_201 W Green Ave,StageName,ROE Secured,PAL/ROE Complete,2026-04-29 stage restructure,2026-04-29 15:46:03,UPDATE
006WR00000xwGwrYAE,Killeen_MDU_Magnolia Heights,StageName,ROE Secured,PAL/ROE Complete,2026-04-29 stage restructure,2026-04-29 15:46:03,UPDATE
006WR00000xwH89YAE,Killeen_MDU_425 N Gilmer St,StageName,ROE Secured,PAL/ROE Complete,2026-04-29 stage restructure,2026-04-29 15:46:03,UPDATE
006WR00000xwH9lYAE,Killeen_MDU_5 W Rancier Ave,StageName,ROE Secured,PAL/ROE Complete,2026-04-29 stage restructure,2026-04-29 15:46:03,UPDATE
006WR00000xwHCzYAM,Killeen_MDU_601 Harbour Ave,StageName,ROE Secured,PAL/ROE Complete,2026-04-29 stage restructure,2026-04-29 15:46:03,UPDATE
006WR00000xwHHpYAM,Killeen_MDU_Downtown Manor,StageName,ROE Secured,PAL/ROE Complete,2026-04-29 stage restructure,2026-04-29 15:46:03,UPDATE
006WR00000xwHJRYA2,Killeen_MDU_703 Gilmer Street Apartments,StageName,ROE Secured,PAL/ROE Complete,2026-04-29 stage restructure,2026-04-29 15:46:03,UPDATE
006WR00000xwHL3YAM,Killeen_MDU_The Bungalows,StageName,ROE Secured,PAL/ROE Complete,2026-04-29 stage restructure,2026-04-29 15:46:03,UPDATE
006WR00000xwHPtYAM,Georgetown_MDU_Mid-Century Park,StageName,ROE Secured,PAL/ROE Complete,2026-04-29 stage restructure,2026-04-29 15:46:03,UPDATE
006WR00000xwHRVYA2,Killeen_MDU_East Gate Apartments,StageName,ROE Secured,PAL/ROE Complete,2026-04-29 stage restructure,2026-04-29 15:46:03,UPDATE
006WR00000y24mZYAQ,Solana Beach_MDU_Surfsong Condos,StageName,ROE Secured,PAL/ROE Complete,2026-04-29 stage restructure,2026-04-29 15:46:03,UPDATE
006WR00000y2DuoYAE,Solana Beach_MDU_Seascape Chateau,StageName,ROE Secured,PAL/ROE Complete,2026-04-29 stage restructure,2026-04-29 15:46:03,UPDATE
006WR00000y2FzkYAE,Omaha_MDU_4760 LAFAYETTE AVE,StageName,ROE Secured,PAL/ROE Complete,2026-04-29 stage restructure,2026-04-29 15:46:03,UPDATE
006WR00000y3J0LYAU,Omaha_MDU_5004 Davenport St,StageName,ROE Secured,PAL/ROE Complete,2026-04-29 stage restructure,2026-04-29 15:46:03,UPDATE
006WR00000y3iV0YAI,Solana Beach_MDU_Seascape Shores Condos,StageName,ROE Secured,PAL/ROE Complete,2026-04-29 stage restructure,2026-04-29 15:46:03,UPDATE
006WR00000y3jsTYAQ,Encinitas_MDU_Saxonay at Encinitas Ranch,StageName,ROE Secured,PAL/ROE Complete,2026-04-29 stage restructure,2026-04-29 15:46:03,UPDATE
006WR00000y3k5NYAQ,Decatur_MDU_Smallwood Trailer Park,StageName,ROE Secured,PAL/ROE Complete,2026-04-29 stage restructure,2026-04-29 15:46:03,UPDATE
006WR00000y46nRYAQ,Omaha_MDU_Farnam Flats,StageName,ROE Secured,PAL/ROE Complete,2026-04-29 stage restructure,2026-04-29 15:46:03,UPDATE
006WR00000yuZv2YAE,Laurel Cove Lane Pvt Road,StageName,ROE Secured,PAL/ROE Complete,2026-04-29 stage restructure,2026-04-29 15:46:03,UPDATE
006WR00000yugutYAA,Ocean View Private Road,StageName,ROE Secured,PAL/ROE Complete,2026-04-29 stage restructure,2026-04-29 15:46:03,UPDATE
006WR00000yvAMgYAM,Terraces At Cantebria HOA,StageName,ROE Secured,PAL/ROE Complete,2026-04-29 stage restructure,2026-04-29 15:46:03,UPDATE
006WR00000yvYteYAE,Manzanita Cove HOA,StageName,ROE Secured,PAL/ROE Complete,2026-04-29 stage restructure,2026-04-29 15:46:03,UPDATE
006WR00000yviUqYAI,Village At Leucadia HOA,StageName,ROE Secured,PAL/ROE Complete,2026-04-29 stage restructure,2026-04-29 15:46:03,UPDATE
006WR00000yvmgUYAQ,Cardiff Glen HOA,StageName,ROE Secured,PAL/ROE Complete,2026-04-29 stage restructure,2026-04-29 15:46:03,UPDATE
006WR00000yvvNCYAY,950-946-942 Hygeia Avenue,StageName,ROE Secured,PAL/ROE Complete,2026-04-29 stage restructure,2026-04-29 15:46:03,UPDATE
006WR00000yvvrqYAA,Cantaberia HOA,StageName,ROE Secured,PAL/ROE Complete,2026-04-29 stage restructure,2026-04-29 15:46:03,UPDATE
006WR00000yvxC6YAI,Hygeia Court HOA,StageName,ROE Secured,PAL/ROE Complete,2026-04-29 stage restructure,2026-04-29 15:46:03,UPDATE
006WR00000yw09zYAA,Beacons Beach Village,StageName,ROE Secured,PAL/ROE Complete,2026-04-29 stage restructure,2026-04-29 15:46:03,UPDATE
006WR00000yw0RiYAI,Encinitas Ranch HOA,StageName,ROE Secured,PAL/ROE Complete,2026-04-29 stage restructure,2026-04-29 15:46:03,UPDATE
006WR00000yw5zGYAQ,Oceanic Drive,StageName,ROE Secured,PAL/ROE Complete,2026-04-29 stage restructure,2026-04-29 15:46:03,UPDATE
006WR00000ywAsVYAU,Island View - Private Road,StageName,ROE Secured,PAL/ROE Complete,2026-04-29 stage restructure,2026-04-29 15:46:03,UPDATE
006WR00000ywEb8YAE,Portico At Rancho Carrillo HOA,StageName,ROE Secured,PAL/ROE Complete,2026-04-29 stage restructure,2026-04-29 15:46:03,UPDATE
006WR00000ywF2ZYAU,May Private Road,StageName,ROE Secured,PAL/ROE Complete,2026-04-29 stage restructure,2026-04-29 15:46:03,UPDATE
006WR00000ywMAUYA2,"247-263 HWY 101 Solana Beach, CA",StageName,ROE Secured,PAL/ROE Complete,2026-04-29 stage restructure,2026-04-29 15:46:03,UPDATE
006WR00000ywSm9YAE,North Shore HOA,StageName,ROE Secured,PAL/ROE Complete,2026-04-29 stage restructure,2026-04-29 15:46:03,UPDATE
006WR00000ywT2HYAU,Village Park HOA,StageName,ROE Secured,PAL/ROE Complete,2026-04-29 stage restructure,2026-04-29 15:46:03,UPDATE
006WR00000ywT5VYAU,Village Park Shady Tree #2,StageName,ROE Secured,PAL/ROE Complete,2026-04-29 stage restructure,2026-04-29 15:46:03,UPDATE
006WR00000ywTDZYA2,512-514 Via De La Valle,StageName,ROE Secured,PAL/ROE Complete,2026-04-29 stage restructure,2026-04-29 15:46:03,UPDATE
006WR00000ywTFBYA2,Las Vistas HOA,StageName,ROE Secured,PAL/ROE Complete,2026-04-29 stage restructure,2026-04-29 15:46:03,UPDATE
006WR00000ywTNFYA2,876 Bonita Drive,StageName,ROE Secured,PAL/ROE Complete,2026-04-29 stage restructure,2026-04-29 15:46:03,UPDATE
006WR00000ywTOrYAM,915-919 Neptune Ave,StageName,ROE Secured,PAL/ROE Complete,2026-04-29 stage restructure,2026-04-29 15:46:03,UPDATE
006WR00000ywTVJYA2,1471 Rubenstein,StageName,ROE Secured,PAL/ROE Complete,2026-04-29 stage restructure,2026-04-29 15:46:03,UPDATE
006WR00000ywTezYAE,San Ito,StageName,ROE Secured,PAL/ROE Complete,2026-04-29 stage restructure,2026-04-29 15:46:03,UPDATE
006WR00000ywU9dYAE,Sandy Point HOA,StageName,ROE Secured,PAL/ROE Complete,2026-04-29 stage restructure,2026-04-29 15:46:03,UPDATE
006WR0000112vHHYAY,Ito San,StageName,ROE Secured,PAL/ROE Complete,2026-04-29 stage restructure,2026-04-29 15:46:03,UPDATE
006WR000011kjHGYAY,ROE - 1660 S ALMA SCHOOL RD MESA AZ,StageName,ROE Secured,PAL/ROE Complete,2026-04-29 stage restructure,2026-04-29 15:46:03,UPDATE
006WR000011kjHRYAY,ROE - 2653 W GUADALUPE RD MESA AZ,StageName,ROE Secured,PAL/ROE Complete,2026-04-29 stage restructure,2026-04-29 15:46:03,UPDATE
006WR000011kjHVYAY,ROE - 1855 E SOUTHERN AVE MESA AZ,StageName,ROE Secured,PAL/ROE Complete,2026-04-29 stage restructure,2026-04-29 15:46:03,UPDATE
006WR000011kjHYYAY,ROE - 1745 S ALMA SCHOOL RD MESA AZ,StageName,ROE Secured,PAL/ROE Complete,2026-04-29 stage restructure,2026-04-29 15:46:03,UPDATE
006WR000011kjHiYAI,ROE - 4930 E MAIN ST MESA AZ,StageName,ROE Secured,PAL/ROE Complete,2026-04-29 stage restructure,2026-04-29 15:46:03,UPDATE
006WR000012N8jEYAS,ROE - 4210 E MAIN ST MESA AZ,StageName,ROE Secured,PAL/ROE Complete,2026-04-29 stage restructure,2026-04-29 15:46:03,UPDATE
006WR000012NNaCYAW,ROE - 2651 W GUADALUPE RD MESA AZ,StageName,ROE Secured,PAL/ROE Complete,2026-04-29 stage restructure,2026-04-29 15:46:03,UPDATE
006WR000012NOXtYAO,ROE - 540 W IRON AVE MESA AZ,StageName,ROE Secured,PAL/ROE Complete,2026-04-29 stage restructure,2026-04-29 15:46:03,UPDATE
006WR000012NeWFYA0,ROE - 806 13TH ST BRIDGEPORT TX,StageName,ROE Secured,PAL/ROE Complete,2026-04-29 stage restructure,2026-04-29 15:46:03,UPDATE
006WR000012NkIIYA0,ROE - 4115 LAKE ST OMAHA NE,StageName,ROE Secured,PAL/ROE Complete,2026-04-29 stage restructure,2026-04-29 15:46:03,UPDATE
006WR000012No2XYAS,ROE - 8811 MAPLE ST OMAHA NE,StageName,ROE Secured,PAL/ROE Complete,2026-04-29 stage restructure,2026-04-29 15:46:03,UPDATE
006WR000012NpTJYA0,ROE - 724 W COMMERCE AVE GILBERT AZ,StageName,ROE Secured,PAL/ROE Complete,2026-04-29 stage restructure,2026-04-29 15:46:03,UPDATE
006WR000012O6p0YAC,ROE - 616 COUNTY ROAD 4841 HASLET TX,StageName,ROE Secured,PAL/ROE Complete,2026-04-29 stage restructure,2026-04-29 15:46:03,UPDATE
006WR000012OCzLYAW,Omaha_MDU_5004 N 33rd St,StageName,ROE Secured,PAL/ROE Complete,2026-04-29 stage restructure,2026-04-29 15:46:03,UPDATE
006WR000012OLJOYA4,Omaha_MDU_6506 Boyd,StageName,ROE Secured,PAL/ROE Complete,2026-04-29 stage restructure,2026-04-29 15:46:03,UPDATE
006WR000012OTQcYAO,ROE - 4460 E MAIN ST MESA AZ,StageName,ROE Secured,PAL/ROE Complete,2026-04-29 stage restructure,2026-04-29 15:46:03,UPDATE
006WR000012OW0LYAW,ROE - 2150 S DOBSON RD MESA AZ,StageName,ROE Secured,PAL/ROE Complete,2026-04-29 stage restructure,2026-04-29 15:46:03,UPDATE
006WR000012OWQ6YAO,ROE - 2655 W GUADALUPE RD MESA AZ,StageName,ROE Secured,PAL/ROE Complete,2026-04-29 stage restructure,2026-04-29 15:46:03,UPDATE
006WR000012Oh0aYAC,ROE - 4614 DODGE ST OMAHA NE,StageName,ROE Secured,PAL/ROE Complete,2026-04-29 stage restructure,2026-04-29 15:46:03,UPDATE
006WR000012OkZYYA0,ROE - 5404 AMES AVE OMAHA NE,StageName,ROE Secured,PAL/ROE Complete,2026-04-29 stage restructure,2026-04-29 15:46:03,UPDATE
006WR000012OkcmYAC,ROE - 5020 N 72ND ST OMAHA NE,StageName,ROE Secured,PAL/ROE Complete,2026-04-29 stage restructure,2026-04-29 15:46:03,UPDATE
006WR000012OompYAC,ROE - 791 S MAIN ST KELLER TX,StageName,ROE Secured,PAL/ROE Complete,2026-04-29 stage restructure,2026-04-29 15:46:03,UPDATE
006WR000012OtcpYAC,Omaha_MDU_5511 N 30th St,StageName,ROE Secured,PAL/ROE Complete,2026-04-29 stage restructure,2026-04-29 15:46:03,UPDATE
006WR000012Ouc9YAC,ROE - 2152 S VINEYARD MESA AZ,StageName,ROE Secured,PAL/ROE Complete,2026-04-29 stage restructure,2026-04-29 15:46:03,UPDATE
006WR000012OwFmYAK,Omaha_MDU_6301 Military Ave,StageName,ROE Secured,PAL/ROE Complete,2026-04-29 stage restructure,2026-04-29 15:46:03,UPDATE
006WR000012Owu2YAC,ROE - 1231 W BASELINE RD MESA AZ,StageName,ROE Secured,PAL/ROE Complete,2026-04-29 stage restructure,2026-04-29 15:46:03,UPDATE
006WR000012P0nzYAC,Omaha_MDU_4038 Hamilton St,StageName,ROE Secured,PAL/ROE Complete,2026-04-29 stage restructure,2026-04-29 15:46:03,UPDATE
006WR000012PEffYAG,Omaha_MDU_4415 N 62nd St,StageName,ROE Secured,PAL/ROE Complete,2026-04-29 stage restructure,2026-04-29 15:46:03,UPDATE
006WR000012PJqbYAG,ROE - 1835 S EXTENSION RD MESA AZ,StageName,ROE Secured,PAL/ROE Complete,2026-04-29 stage restructure,2026-04-29 15:46:03,UPDATE
006WR000012PK9xYAG,ROE - 4454 E UNIVERSITY DR MESA AZ,StageName,ROE Secured,PAL/ROE Complete,2026-04-29 stage restructure,2026-04-29 15:46:03,UPDATE
006WR000012PKJdYAO,ROE - 459 N VAL VISTA DR MESA AZ,StageName,ROE Secured,PAL/ROE Complete,2026-04-29 stage restructure,2026-04-29 15:46:03,UPDATE
006WR000012PKMrYAO,ROE - 540 W IRON AVE MESA AZ,StageName,ROE Secured,PAL/ROE Complete,2026-04-29 stage restructure,2026-04-29 15:46:03,UPDATE
006WR000012PKczYAG,ROE - 830 E SOUTHERN AVE MESA AZ,StageName,ROE Secured,PAL/ROE Complete,2026-04-29 stage restructure,2026-04-29 15:46:03,UPDATE
006WR000012PPJNYA4,ROE - 708 W HUBBARD ST MINERAL WELLS TX,StageName,ROE Secured,PAL/ROE Complete,2026-04-29 stage restructure,2026-04-29 15:46:03,UPDATE
006WR000012PbluYAC,Omaha_MDU_8021 Maple Street,StageName,ROE Secured,PAL/ROE Complete,2026-04-29 stage restructure,2026-04-29 15:46:03,UPDATE
006WR000012PmNyYAK,ROE - 891 KELLER PKWY KELLER TX,StageName,ROE Secured,PAL/ROE Complete,2026-04-29 stage restructure,2026-04-29 15:46:03,UPDATE
006WR000012Po1aYAC,Omaha_MDU_4407 N 62nd St,StageName,ROE Secured,PAL/ROE Complete,2026-04-29 stage restructure,2026-04-29 15:46:03,UPDATE
006WR000012Pp46YAC,ROE - 5022 UNDERWOOD AVE OMAHA NE,StageName,ROE Secured,PAL/ROE Complete,2026-04-29 stage restructure,2026-04-29 15:46:03,UPDATE
006WR000012PzQ2YAK,Omaha_MDU_4411 N 62nd St,StageName,ROE Secured,PAL/ROE Complete,2026-04-29 stage restructure,2026-04-29 15:46:03,UPDATE
006WR000012Q2XaYAK,Omaha_MDU_4402 N 60th Ave,StageName,ROE Secured,PAL/ROE Complete,2026-04-29 stage restructure,2026-04-29 15:46:03,UPDATE
006WR000012Q35RYAS,ROE - 5019 UNDERWOOD AVE OMAHA NE,StageName,ROE Secured,PAL/ROE Complete,2026-04-29 stage restructure,2026-04-29 15:46:03,UPDATE
006WR000012Q3ILYA0,ROE - 5148 N 90TH ST OMAHA NE,StageName,ROE Secured,PAL/ROE Complete,2026-04-29 stage restructure,2026-04-29 15:46:03,UPDATE
006WR000012Q3a5YAC,Omaha_MDU_5511 N 30th St (additional units),StageName,ROE Secured,PAL/ROE Complete,2026-04-29 stage restructure,2026-04-29 15:46:03,UPDATE
006WR000012Q3mzYAC,Omaha_MDU_4440 N 61st St,StageName,ROE Secured,PAL/ROE Complete,2026-04-29 stage restructure,2026-04-29 15:46:03,UPDATE
006WR000012QINpYAO,ROE - 11477 WOODLAND SPRINGS DR FORT WORTH TX,StageName,ROE Secured,PAL/ROE Complete,2026-04-29 stage restructure,2026-04-29 15:46:03,UPDATE
006WR000012QIm1YAG,ROE - 2880 TINSLEY LN FORT WORTH TX,StageName,ROE Secured,PAL/ROE Complete,2026-04-29 stage restructure,2026-04-29 15:46:03,UPDATE
006WR000012QQ8TYAW,ROE - 4115 LAKE ST OMAHA NE,StageName,ROE Secured,PAL/ROE Complete,2026-04-29 stage restructure,2026-04-29 15:46:03,UPDATE
006WR000012QQEvYAO,ROE - 8361 MORMON BRIDGE RD OMAHA NE,StageName,ROE Secured,PAL/ROE Complete,2026-04-29 stage restructure,2026-04-29 15:46:03,UPDATE
006WR000012QQLNYA4,ROE - 4521 N 30TH ST OMAHA NE,StageName,ROE Secured,PAL/ROE Complete,2026-04-29 stage restructure,2026-04-29 15:46:03,UPDATE
006WR000012QQZtYAO,Omaha_MDU_7610 Ohio Plaza,StageName,ROE Secured,PAL/ROE Complete,2026-04-29 stage restructure,2026-04-29 15:46:03,UPDATE
006WR000012QQgLYAW,Omaha_MDU_5511 N 30th St (3rd),StageName,ROE Secured,PAL/ROE Complete,2026-04-29 stage restructure,2026-04-29 15:46:03,UPDATE
006WR00000wk1EFYAY,Affordable Storage,StageName,Under Contract,PAL/ROE Complete,2026-04-29 stage restructure,2026-04-29 15:46:03,UPDATE
006WR00000wk1EcYAI,Terrace Heights Apartments,StageName,Under Contract,PAL/ROE Complete,2026-04-29 stage restructure,2026-04-29 15:46:03,UPDATE
006WR00000wkCjuYAE,Bradley Arms_Colt RE,StageName,Under Contract,PAL/ROE Complete,2026-04-29 stage restructure,2026-04-29 15:46:03,UPDATE
006WR00000wkDtwYAE,Woodglen Square ll,StageName,Under Contract,PAL/ROE Complete,2026-04-29 stage restructure,2026-04-29 15:46:03,UPDATE
006WR00000wkDu3YAE,La Costa Paloma,StageName,Under Contract,PAL/ROE Complete,2026-04-29 stage restructure,2026-04-29 15:46:03,UPDATE
006WR00000wkDu9YAE,Oakwood Apartments,StageName,Under Contract,PAL/ROE Complete,2026-04-29 stage restructure,2026-04-29 15:46:03,UPDATE
006WR00000wkDuDYAU,Texana Apartments,StageName,Under Contract,PAL/ROE Complete,2026-04-29 stage restructure,2026-04-29 15:46:03,UPDATE
006WR00000wkDuFYAU,Bahia Palms Apartments,StageName,Under Contract,PAL/ROE Complete,2026-04-29 stage restructure,2026-04-29 15:46:03,UPDATE
006WR00000wkDuJYAU,Vanderbilt Apartments,StageName,Under Contract,PAL/ROE Complete,2026-04-29 stage restructure,2026-04-29 15:46:03,UPDATE
006WR00000wkDuLYAU,Mira Vista Apartments,StageName,Under Contract,PAL/ROE Complete,2026-04-29 stage restructure,2026-04-29 15:46:03,UPDATE
006WR00000wkDuuYAE,Autumn Villas Apartments,StageName,Under Contract,PAL/ROE Complete,2026-04-29 stage restructure,2026-04-29 15:46:03,UPDATE
006WR00000wkDuvYAE,Conquistador Apartments,StageName,Under Contract,PAL/ROE Complete,2026-04-29 stage restructure,2026-04-29 15:46:03,UPDATE
006WR00000wkDuxYAE,Seven Points Apartments,StageName,Under Contract,PAL/ROE Complete,2026-04-29 stage restructure,2026-04-29 15:46:03,UPDATE
006WR00000wkDuzYAE,Whispering Oaks Apartments,StageName,Under Contract,PAL/ROE Complete,2026-04-29 stage restructure,2026-04-29 15:46:03,UPDATE
006WR00000wkDv1YAE,Rose Villa Apartments,StageName,Under Contract,PAL/ROE Complete,2026-04-29 stage restructure,2026-04-29 15:46:03,UPDATE
006WR00000wkDv3YAE,La Villita Apartments,StageName,Under Contract,PAL/ROE Complete,2026-04-29 stage restructure,2026-04-29 15:46:03,UPDATE
006WR00000wkDv5YAE,Mill Creek Square Apartments,StageName,Under Contract,PAL/ROE Complete,2026-04-29 stage restructure,2026-04-29 15:46:03,UPDATE
006WR00000wkDv7YAE,Gainesville Gardens Apartments,StageName,Under Contract,PAL/ROE Complete,2026-04-29 stage restructure,2026-04-29 15:46:03,UPDATE
006WR00000wkDv9YAE,Misty Hollow Apartments,StageName,Under Contract,PAL/ROE Complete,2026-04-29 stage restructure,2026-04-29 15:46:03,UPDATE
006WR00000wkDvBYAU,Northpark Apartments,StageName,Under Contract,PAL/ROE Complete,2026-04-29 stage restructure,2026-04-29 15:46:03,UPDATE
006WR00000wkEZnYAM,Paris Retirement Village,StageName,Under Contract,PAL/ROE Complete,2026-04-29 stage restructure,2026-04-29 15:46:03,UPDATE
006WR00000wkEZpYAM,Cypress Ridge,StageName,Under Contract,PAL/ROE Complete,2026-04-29 stage restructure,2026-04-29 15:46:03,UPDATE
006WR00000wkEZrYAM,Lakeview Park,StageName,Under Contract,PAL/ROE Complete,2026-04-29 stage restructure,2026-04-29 15:46:03,UPDATE
006WR00000wkEZsYAM,Park at Clear Creek,StageName,Under Contract,PAL/ROE Complete,2026-04-29 stage restructure,2026-04-29 15:46:03,UPDATE
006WR00000wkEZuYAM,Pinnacle Pointe,StageName,Under Contract,PAL/ROE Complete,2026-04-29 stage restructure,2026-04-29 15:46:03,UPDATE
006WR00000wkEZwYAM,Western Hills Apartments,StageName,Under Contract,PAL/ROE Complete,2026-04-29 stage restructure,2026-04-29 15:46:03,UPDATE
006WR00000wkEa1YAE,Vista Hermosa Apartments,StageName,Under Contract,PAL/ROE Complete,2026-04-29 stage restructure,2026-04-29 15:46:03,UPDATE
006WR00000wkEa2YAE,Pecan Creek Apartments,StageName,Under Contract,PAL/ROE Complete,2026-04-29 stage restructure,2026-04-29 15:46:03,UPDATE
006WR00000wkEa3YAE,Stoneridge Apartments,StageName,Under Contract,PAL/ROE Complete,2026-04-29 stage restructure,2026-04-29 15:46:03,UPDATE
006WR00000wkEa4YAE,Woodstock III Apartments,StageName,Under Contract,PAL/ROE Complete,2026-04-29 stage restructure,2026-04-29 15:46:03,UPDATE
006WR00000wkEa5YAE,La Mirage Villas Apartments,StageName,Under Contract,PAL/ROE Complete,2026-04-29 stage restructure,2026-04-29 15:46:03,UPDATE
006WR00000wkEa6YAE,Briarwood Apartments,StageName,Under Contract,PAL/ROE Complete,2026-04-29 stage restructure,2026-04-29 15:46:03,UPDATE
006WR00000wkEa7YAE,Prairie Village Apartments,StageName,Under Contract,PAL/ROE Complete,2026-04-29 stage restructure,2026-04-29 15:46:03,UPDATE
006WR00000wkEa8YAE,La Mirage Apartments,StageName,Under Contract,PAL/ROE Complete,2026-04-29 stage restructure,2026-04-29 15:46:03,UPDATE
006WR00000wkEa9YAE,Hillside Apartments,StageName,Under Contract,PAL/ROE Complete,2026-04-29 stage restructure,2026-04-29 15:46:03,UPDATE
006WR00000wkEaAYAU,Pilot Point Apartments,StageName,Under Contract,PAL/ROE Complete,2026-04-29 stage restructure,2026-04-29 15:46:03,UPDATE
006WR00000wkEaBYAU,May Road Apartments,StageName,Under Contract,PAL/ROE Complete,2026-04-29 stage restructure,2026-04-29 15:46:03,UPDATE
006WR00000wkEaCYAU,Village Place Apartments,StageName,Under Contract,PAL/ROE Complete,2026-04-29 stage restructure,2026-04-29 15:46:03,UPDATE
006WR00000wkEaDYAU,Mesquite Trails Apartments,StageName,Under Contract,PAL/ROE Complete,2026-04-29 stage restructure,2026-04-29 15:46:03,UPDATE
006WR00000wkEaEYAU,Lakeview Court Apartments,StageName,Under Contract,PAL/ROE Complete,2026-04-29 stage restructure,2026-04-29 15:46:03,UPDATE
006WR00000wkEaFYAU,Regency Apartments,StageName,Under Contract,PAL/ROE Complete,2026-04-29 stage restructure,2026-04-29 15:46:03,UPDATE
006WR00000wkEaGYAU,Rio Grande Apartments,StageName,Under Contract,PAL/ROE Complete,2026-04-29 stage restructure,2026-04-29 15:46:03,UPDATE
006WR00000wkEbPYAU,1507 N 8th Apartments_Colt RE,StageName,Under Contract,PAL/ROE Complete,2026-04-29 stage restructure,2026-04-29 15:46:03,UPDATE
006WR00000wkEbQYAU,307 N Apartments_Colt RE,StageName,Under Contract,PAL/ROE Complete,2026-04-29 stage restructure,2026-04-29 15:46:03,UPDATE
006WR00000wkEbRYAU,Jerome Apartments_Colt RE,StageName,Under Contract,PAL/ROE Complete,2026-04-29 stage restructure,2026-04-29 15:46:03,UPDATE
006WR00000wkEbSYAU,Saffari Apts_Colt RE,StageName,Under Contract,PAL/ROE Complete,2026-04-29 stage restructure,2026-04-29 15:46:03,UPDATE
006WR00000wkEbTYAU,Soaring Eagle Apartments_Colt RE,StageName,Under Contract,PAL/ROE Complete,2026-04-29 stage restructure,2026-04-29 15:46:03,UPDATE
006WR00000wkEbUYAU,1807 Mulford Apartments_Colt RE,StageName,Under Contract,PAL/ROE Complete,2026-04-29 stage restructure,2026-04-29 15:46:03,UPDATE
006WR00000wkEboYAE,The Bungalows,StageName,Under Contract,PAL/ROE Complete,2026-04-29 stage restructure,2026-04-29 15:46:03,UPDATE
006WR00000wkEcKYAU,Lexington Place (Monterey),StageName,Under Contract,PAL/ROE Complete,2026-04-29 stage restructure,2026-04-29 15:46:03,UPDATE
006WR00000wkEcLYAU,Olympus Waterford,StageName,Under Contract,PAL/ROE Complete,2026-04-29 stage restructure,2026-04-29 15:46:03,UPDATE
006WR00000wkEcXYAU,Lakewood Manufactured Home Community,StageName,Under Contract,PAL/ROE Complete,2026-04-29 stage restructure,2026-04-29 15:46:03,UPDATE
006WR00000y2k2dYAA,Omaha_MDU_3344-3348 Larimore Ave,StageName,Under Contract,PAL/ROE Complete,2026-04-29 stage restructure,2026-04-29 15:46:03,UPDATE
006WR00000y3NdSYAU,Omaha_MDU_Benson Crest Apartments 2,StageName,Under Contract,PAL/ROE Complete,2026-04-29 stage restructure,2026-04-29 15:46:03,UPDATE
006WR00000y3jyvYAA,Omaha_MDU_4612 Redman Ave,StageName,Under Contract,PAL/ROE Complete,2026-04-29 stage restructure,2026-04-29 15:46:03,UPDATE
006WR00000y3k29YAA,Omaha_MDU_9208 Ohio St,StageName,Under Contract,PAL/ROE Complete,2026-04-29 stage restructure,2026-04-29 15:46:03,UPDATE
006WR00000yvMEBYA2,Hacienda de la Playa HOA,StageName,Under Contract,PAL/ROE Complete,2026-04-29 stage restructure,2026-04-29 15:46:03,UPDATE
006WR00000yvY5dYAE,Converge Justin,StageName,Under Contract,PAL/ROE Complete,2026-04-29 stage restructure,2026-04-29 15:46:03,UPDATE
006WR000010BbmwYAC,TEST PROPERTY,StageName,Under Contract,PAL/ROE Complete,2026-04-29 stage restructure,2026-04-29 15:46:03,UPDATE
006WR00000wk1EEYAY,Henderson Terrace Apartments,StageName,EMA/Bulk Completed,EMA/Bulk Complete,2026-04-29 stage restructure,2026-04-29 15:46:03,UPDATE
006WR00000wk1EGYAY,Monaghan Apartments,StageName,EMA/Bulk Completed,EMA/Bulk Complete,2026-04-29 stage restructure,2026-04-29 15:46:03,UPDATE
006WR00000wk1EHYAY,Boyd South Apartments,StageName,EMA/Bulk Completed,EMA/Bulk Complete,2026-04-29 stage restructure,2026-04-29 15:46:03,UPDATE
006WR00000wk1EIYAY,Eagle Ridge Terrace Apartments,StageName,EMA/Bulk Completed,EMA/Bulk Complete,2026-04-29 stage restructure,2026-04-29 15:46:03,UPDATE
006WR00000wk1EJYAY,Aspen Ridge,StageName,EMA/Bulk Completed,EMA/Bulk Complete,2026-04-29 stage restructure,2026-04-29 15:46:03,UPDATE
006WR00000wk1EKYAY,Overlook 380,StageName,EMA/Bulk Completed,EMA/Bulk Complete,2026-04-29 stage restructure,2026-04-29 15:46:03,UPDATE
006WR00000wk1ELYAY,Arcos De Mesa,StageName,EMA/Bulk Completed,EMA/Bulk Complete,2026-04-29 stage restructure,2026-04-29 15:46:03,UPDATE
006WR00000wk1EMYAY,Hunters Pointe (Mesa),StageName,EMA/Bulk Completed,EMA/Bulk Complete,2026-04-29 stage restructure,2026-04-29 15:46:03,UPDATE
006WR00000wk1ENYAY,Valencia Apartments,StageName,EMA/Bulk Completed,EMA/Bulk Complete,2026-04-29 stage restructure,2026-04-29 15:46:03,UPDATE
006WR00000wk1EOYAY,Midwest Patio Home Apartments,StageName,EMA/Bulk Completed,EMA/Bulk Complete,2026-04-29 stage restructure,2026-04-29 15:46:03,UPDATE
006WR00000wk1EPYAY,Big Sky Patio Home Apartments,StageName,EMA/Bulk Completed,EMA/Bulk Complete,2026-04-29 stage restructure,2026-04-29 15:46:03,UPDATE
006WR00000wk1EQYAY,Hitt Road Patio Home Apartments,StageName,EMA/Bulk Completed,EMA/Bulk Complete,2026-04-29 stage restructure,2026-04-29 15:46:03,UPDATE
006WR00000wk1ESYAY,Willow Creek,StageName,EMA/Bulk Completed,EMA/Bulk Complete,2026-04-29 stage restructure,2026-04-29 15:46:03,UPDATE
006WR00000wk1ETYAY,Centennial Patio Home Apartments,StageName,EMA/Bulk Completed,EMA/Bulk Complete,2026-04-29 stage restructure,2026-04-29 15:46:03,UPDATE
006WR00000wk1EUYAY,Parkway Plaza,StageName,EMA/Bulk Completed,EMA/Bulk Complete,2026-04-29 stage restructure,2026-04-29 15:46:03,UPDATE
006WR00000wk1EVYAY,The Reserve,StageName,EMA/Bulk Completed,EMA/Bulk Complete,2026-04-29 stage restructure,2026-04-29 15:46:03,UPDATE
006WR00000wk1EWYAY,Ladera Townhouse,StageName,EMA/Bulk Completed,EMA/Bulk Complete,2026-04-29 stage restructure,2026-04-29 15:46:03,UPDATE
006WR00000wk1EXYAY,Crestview Place Apartments,StageName,EMA/Bulk Completed,EMA/Bulk Complete,2026-04-29 stage restructure,2026-04-29 15:46:03,UPDATE
006WR00000wk1EYYAY,Cielo Apartments,StageName,EMA/Bulk Completed,EMA/Bulk Complete,2026-04-29 stage restructure,2026-04-29 15:46:03,UPDATE
006WR00000wk1EZYAY,The Overlook at Thornton,StageName,EMA/Bulk Completed,EMA/Bulk Complete,2026-04-29 stage restructure,2026-04-29 15:46:03,UPDATE
006WR00000wk1EaYAI,Southgate Apartments,StageName,EMA/Bulk Completed,EMA/Bulk Complete,2026-04-29 stage restructure,2026-04-29 15:46:03,UPDATE
006WR00000wk1EbYAI,Valley View Estates,StageName,EMA/Bulk Completed,EMA/Bulk Complete,2026-04-29 stage restructure,2026-04-29 15:46:03,UPDATE
006WR00000wk1EdYAI,Cougar Creek Apartments,StageName,EMA/Bulk Completed,EMA/Bulk Complete,2026-04-29 stage restructure,2026-04-29 15:46:03,UPDATE
006WR00000wk1EeYAI,The Sterling Apartments,StageName,EMA/Bulk Completed,EMA/Bulk Complete,2026-04-29 stage restructure,2026-04-29 15:46:03,UPDATE
006WR00000wk1EfYAI,Navajo Hills,StageName,EMA/Bulk Completed,EMA/Bulk Complete,2026-04-29 stage restructure,2026-04-29 15:46:03,UPDATE
006WR00000wk1EgYAI,Sun Valley Ranch Apartments,StageName,EMA/Bulk Completed,EMA/Bulk Complete,2026-04-29 stage restructure,2026-04-29 15:46:03,UPDATE
006WR00000wk1EhYAI,Tallgrass Village,StageName,EMA/Bulk Completed,EMA/Bulk Complete,2026-04-29 stage restructure,2026-04-29 15:46:03,UPDATE
006WR00000wk1EiYAI,Yavapai Hills Apartments,StageName,EMA/Bulk Completed,EMA/Bulk Complete,2026-04-29 stage restructure,2026-04-29 15:46:03,UPDATE
006WR00000wk1EjYAI,The Renaissance at Stoney Creek,StageName,EMA/Bulk Completed,EMA/Bulk Complete,2026-04-29 stage restructure,2026-04-29 15:46:03,UPDATE
006WR00000wk1EkYAI,Cielo on 5th (f/k/a Equinox on 5th),StageName,EMA/Bulk Completed,EMA/Bulk Complete,2026-04-29 stage restructure,2026-04-29 15:46:03,UPDATE
006WR00000wk1ElYAI,The Bluffs of Brookside,StageName,EMA/Bulk Completed,EMA/Bulk Complete,2026-04-29 stage restructure,2026-04-29 15:46:03,UPDATE
006WR00000wk1EmYAI,Bay Colony Apartments,StageName,EMA/Bulk Completed,EMA/Bulk Complete,2026-04-29 stage restructure,2026-04-29 15:46:03,UPDATE
006WR00000wk1EnYAI,Hallcraft Villas Mesa 1,StageName,EMA/Bulk Completed,EMA/Bulk Complete,2026-04-29 stage restructure,2026-04-29 15:46:03,UPDATE
006WR00000wk1EoYAI,Villa Pacifica Apartments - Tucson,StageName,EMA/Bulk Completed,EMA/Bulk Complete,2026-04-29 stage restructure,2026-04-29 15:46:03,UPDATE
006WR00000wk1EpYAI,Linea Stillwater,StageName,EMA/Bulk Completed,EMA/Bulk Complete,2026-04-29 stage restructure,2026-04-29 15:46:03,UPDATE
006WR00000wk9RtYAI,117 and 121 E Avenue A Apartments,StageName,EMA/Bulk Completed,EMA/Bulk Complete,2026-04-29 stage restructure,2026-04-29 15:46:03,UPDATE
006WR00000wk9RuYAI,Town East,StageName,EMA/Bulk Completed,EMA/Bulk Complete,2026-04-29 stage restructure,2026-04-29 15:46:03,UPDATE
006WR00000wkDtzYAE,Whispering Hills Apartments,StageName,EMA/Bulk Completed,EMA/Bulk Complete,2026-04-29 stage restructure,2026-04-29 15:46:03,UPDATE
006WR00000wkDu6YAE,500 NE 70th,StageName,EMA/Bulk Completed,EMA/Bulk Complete,2026-04-29 stage restructure,2026-04-29 15:46:03,UPDATE
006WR00000wkDuPYAU,7000 Roosevelt Way Apt,StageName,EMA/Bulk Completed,EMA/Bulk Complete,2026-04-29 stage restructure,2026-04-29 15:46:03,UPDATE
006WR00000wkDuRYAU,7101 Roosevelt Way Apt,StageName,EMA/Bulk Completed,EMA/Bulk Complete,2026-04-29 stage restructure,2026-04-29 15:46:03,UPDATE
006WR00000wkDuSYAU,The Fifth Avenue,StageName,EMA/Bulk Completed,EMA/Bulk Complete,2026-04-29 stage restructure,2026-04-29 15:46:03,UPDATE
006WR00000wkDuTYAU,The Sixth Avenue,StageName,EMA/Bulk Completed,EMA/Bulk Complete,2026-04-29 stage restructure,2026-04-29 15:46:03,UPDATE
006WR00000wkDuhYAE,The Park West,StageName,EMA/Bulk Completed,EMA/Bulk Complete,2026-04-29 stage restructure,2026-04-29 15:46:03,UPDATE
006WR00000wkDujYAE,Villa Boitano 2,StageName,EMA/Bulk Completed,EMA/Bulk Complete,2026-04-29 stage restructure,2026-04-29 15:46:03,UPDATE
006WR00000wkDulYAE,104 North Apt,StageName,EMA/Bulk Completed,EMA/Bulk Complete,2026-04-29 stage restructure,2026-04-29 15:46:03,UPDATE
006WR00000wkDunYAE,Villa Boitano 3,StageName,EMA/Bulk Completed,EMA/Bulk Complete,2026-04-29 stage restructure,2026-04-29 15:46:03,UPDATE
006WR00000wkDupYAE,8746 Phinney Apt,StageName,EMA/Bulk Completed,EMA/Bulk Complete,2026-04-29 stage restructure,2026-04-29 15:46:03,UPDATE
006WR00000wkDurYAE,The Cliffetta,StageName,EMA/Bulk Completed,EMA/Bulk Complete,2026-04-29 stage restructure,2026-04-29 15:46:03,UPDATE
006WR00000wkDusYAE,Espana,StageName,EMA/Bulk Completed,EMA/Bulk Complete,2026-04-29 stage restructure,2026-04-29 15:46:03,UPDATE
006WR00000wkEZtYAM,5307 Ravenna,StageName,EMA/Bulk Completed,EMA/Bulk Complete,2026-04-29 stage restructure,2026-04-29 15:46:03,UPDATE
006WR00000wkEZvYAM,1744 Dexter Avenue Apartments,StageName,EMA/Bulk Completed,EMA/Bulk Complete,2026-04-29 stage restructure,2026-04-29 15:46:03,UPDATE
006WR00000wkEZyYAM,Green Lake South,StageName,EMA/Bulk Completed,EMA/Bulk Complete,2026-04-29 stage restructure,2026-04-29 15:46:03,UPDATE
006WR00000wkEZzYAM,430 NE Ravenna,StageName,EMA/Bulk Completed,EMA/Bulk Complete,2026-04-29 stage restructure,2026-04-29 15:46:03,UPDATE
006WR00000wkEa0YAE,Lakeland,StageName,EMA/Bulk Completed,EMA/Bulk Complete,2026-04-29 stage restructure,2026-04-29 15:46:03,UPDATE
006WR00000wkEaLYAU,The Royce,StageName,EMA/Bulk Completed,EMA/Bulk Complete,2026-04-29 stage restructure,2026-04-29 15:46:03,UPDATE
006WR00000wkEaMYAU,Aloha Wey Apartments,StageName,EMA/Bulk Completed,EMA/Bulk Complete,2026-04-29 stage restructure,2026-04-29 15:46:03,UPDATE
006WR00000wkEaNYAU,Jem-Wey Apartments,StageName,EMA/Bulk Completed,EMA/Bulk Complete,2026-04-29 stage restructure,2026-04-29 15:46:03,UPDATE
006WR00000wkEaqYAE,Katerina Chalet,StageName,EMA/Bulk Completed,EMA/Bulk Complete,2026-04-29 stage restructure,2026-04-29 15:46:03,UPDATE
006WR00000wkEarYAE,8409 5th Ave Apt,StageName,EMA/Bulk Completed,EMA/Bulk Complete,2026-04-29 stage restructure,2026-04-29 15:46:03,UPDATE
006WR00000wkEasYAE,Villa Boitano 1,StageName,EMA/Bulk Completed,EMA/Bulk Complete,2026-04-29 stage restructure,2026-04-29 15:46:03,UPDATE
006WR00000wkEatYAE,4459 Fremont Ave Apt,StageName,EMA/Bulk Completed,EMA/Bulk Complete,2026-04-29 stage restructure,2026-04-29 15:46:03,UPDATE
006WR00000wkEazYAE,Spring Mountain Apartments,StageName,EMA/Bulk Completed,EMA/Bulk Complete,2026-04-29 stage restructure,2026-04-29 15:46:03,UPDATE
006WR00000wkEb0YAE,Aspen Hills,StageName,EMA/Bulk Completed,EMA/Bulk Complete,2026-04-29 stage restructure,2026-04-29 15:46:03,UPDATE
006WR00000wkEb2YAE,Columbine Towers,StageName,EMA/Bulk Completed,EMA/Bulk Complete,2026-04-29 stage restructure,2026-04-29 15:46:03,UPDATE
006WR00000wkEbYYAU,Trailpoint by Trion Living / Trailpoint on Highline,StageName,EMA/Bulk Completed,EMA/Bulk Complete,2026-04-29 stage restructure,2026-04-29 15:46:03,UPDATE
006WR00000wkEbZYAU,Ballantrae Apartments,StageName,EMA/Bulk Completed,EMA/Bulk Complete,2026-04-29 stage restructure,2026-04-29 15:46:03,UPDATE
006WR00000wkEbaYAE,Westcliff Apartments,StageName,EMA/Bulk Completed,EMA/Bulk Complete,2026-04-29 stage restructure,2026-04-29 15:46:03,UPDATE
006WR00000wkEbbYAE,Sunshine Portland,StageName,EMA/Bulk Completed,EMA/Bulk Complete,2026-04-29 stage restructure,2026-04-29 15:46:03,UPDATE
006WR00000wkEbcYAE,Larpenteur Manor Apartments,StageName,EMA/Bulk Completed,EMA/Bulk Complete,2026-04-29 stage restructure,2026-04-29 15:46:03,UPDATE
006WR00000wkEbdYAE,Sun Place Apartments,StageName,EMA/Bulk Completed,EMA/Bulk Complete,2026-04-29 stage restructure,2026-04-29 15:46:03,UPDATE
006WR00000wkEbeYAE,Parkview Apartments,StageName,EMA/Bulk Completed,EMA/Bulk Complete,2026-04-29 stage restructure,2026-04-29 15:46:03,UPDATE
006WR00000wkEbfYAE,Cottage Terrace Apartments,StageName,EMA/Bulk Completed,EMA/Bulk Complete,2026-04-29 stage restructure,2026-04-29 15:46:03,UPDATE
006WR00000wkEbgYAE,Edgerton Highlands Apartments,StageName,EMA/Bulk Completed,EMA/Bulk Complete,2026-04-29 stage restructure,2026-04-29 15:46:03,UPDATE
006WR00000wkEbhYAE,Johnson Parkway Apartments,StageName,EMA/Bulk Completed,EMA/Bulk Complete,2026-04-29 stage restructure,2026-04-29 15:46:03,UPDATE
006WR00000wkEbiYAE,LaBlanche Apartments,StageName,EMA/Bulk Completed,EMA/Bulk Complete,2026-04-29 stage restructure,2026-04-29 15:46:03,UPDATE
006WR00000wkEbjYAE,Park Vista Apartments,StageName,EMA/Bulk Completed,EMA/Bulk Complete,2026-04-29 stage restructure,2026-04-29 15:46:03,UPDATE
006WR00000wkEbkYAE,Pine Tree Park Apartments,StageName,EMA/Bulk Completed,EMA/Bulk Complete,2026-04-29 stage restructure,2026-04-29 15:46:03,UPDATE
006WR00000wkEblYAE,Goldenstar Apartments,StageName,EMA/Bulk Completed,EMA/Bulk Complete,2026-04-29 stage restructure,2026-04-29 15:46:03,UPDATE
006WR00000wkEbmYAE,Evergreen East Apartments,StageName,EMA/Bulk Completed,EMA/Bulk Complete,2026-04-29 stage restructure,2026-04-29 15:46:03,UPDATE
006WR00000wkEbnYAE,Sherman Forbes Apartments,StageName,EMA/Bulk Completed,EMA/Bulk Complete,2026-04-29 stage restructure,2026-04-29 15:46:03,UPDATE
006WR00000wkEbpYAE,Shadow Green Apartments,StageName,EMA/Bulk Completed,EMA/Bulk Complete,2026-04-29 stage restructure,2026-04-29 15:46:03,UPDATE
006WR00000wkEbrYAE,Equinox on Indian School,StageName,EMA/Bulk Completed,EMA/Bulk Complete,2026-04-29 stage restructure,2026-04-29 15:46:03,UPDATE
006WR00000wkEbsYAE,Pomeroy Court,StageName,EMA/Bulk Completed,EMA/Bulk Complete,2026-04-29 stage restructure,2026-04-29 15:46:03,UPDATE
006WR00000wkEbuYAE,Coyote Creek,StageName,EMA/Bulk Completed,EMA/Bulk Complete,2026-04-29 stage restructure,2026-04-29 15:46:03,UPDATE
006WR00000wkEbvYAE,The Traditions Apartments,StageName,EMA/Bulk Completed,EMA/Bulk Complete,2026-04-29 stage restructure,2026-04-29 15:46:03,UPDATE
006WR00000wkEbwYAE,Garden Court Apartments,StageName,EMA/Bulk Completed,EMA/Bulk Complete,2026-04-29 stage restructure,2026-04-29 15:46:03,UPDATE
006WR00000wkEbxYAE,Woodcrest Townhomes,StageName,EMA/Bulk Completed,EMA/Bulk Complete,2026-04-29 stage restructure,2026-04-29 15:46:03,UPDATE
006WR00000wkEbyYAE,Aspen Oaks,StageName,EMA/Bulk Completed,EMA/Bulk Complete,2026-04-29 stage restructure,2026-04-29 15:46:03,UPDATE
006WR00000wkEbzYAE,Highland Shores Apartments,StageName,EMA/Bulk Completed,EMA/Bulk Complete,2026-04-29 stage restructure,2026-04-29 15:46:03,UPDATE
006WR00000wkEc0YAE,Barbary Knoll Apartments,StageName,EMA/Bulk Completed,EMA/Bulk Complete,2026-04-29 stage restructure,2026-04-29 15:46:03,UPDATE
006WR00000wkEc1YAE,Mountain Terrace,StageName,EMA/Bulk Completed,EMA/Bulk Complete,2026-04-29 stage restructure,2026-04-29 15:46:03,UPDATE
006WR00000wkEc2YAE,Meeker Commons,StageName,EMA/Bulk Completed,EMA/Bulk Complete,2026-04-29 stage restructure,2026-04-29 15:46:03,UPDATE
006WR00000wkEc3YAE,Capri on Camelback,StageName,EMA/Bulk Completed,EMA/Bulk Complete,2026-04-29 stage restructure,2026-04-29 15:46:03,UPDATE
006WR00000wkEc4YAE,Mansions at Hemingway,StageName,EMA/Bulk Completed,EMA/Bulk Complete,2026-04-29 stage restructure,2026-04-29 15:46:03,UPDATE
006WR00000wkEc7YAE,Maple Grove Villas,StageName,EMA/Bulk Completed,EMA/Bulk Complete,2026-04-29 stage restructure,2026-04-29 15:46:03,UPDATE
006WR00000wkEcFYAU,Equinox on Country Club,StageName,EMA/Bulk Completed,EMA/Bulk Complete,2026-04-29 stage restructure,2026-04-29 15:46:03,UPDATE
006WR00000wkEcGYAU,The Retreat at City Center,StageName,EMA/Bulk Completed,EMA/Bulk Complete,2026-04-29 stage restructure,2026-04-29 15:46:03,UPDATE
006WR00000wkEcHYAU,Avalon Wolf Ranch (f/k/a Retreat at Wolf Ranch),StageName,EMA/Bulk Completed,EMA/Bulk Complete,2026-04-29 stage restructure,2026-04-29 15:46:03,UPDATE
006WR00000wkEcIYAU,Lost Spurs,StageName,EMA/Bulk Completed,EMA/Bulk Complete,2026-04-29 stage restructure,2026-04-29 15:46:03,UPDATE
006WR00000wkEcJYAU,Grand Estates at Keller,StageName,EMA/Bulk Completed,EMA/Bulk Complete,2026-04-29 stage restructure,2026-04-29 15:46:03,UPDATE
006WR00000wkEcMYAU,Park Vista Townhomes,StageName,EMA/Bulk Completed,EMA/Bulk Complete,2026-04-29 stage restructure,2026-04-29 15:46:03,UPDATE
006WR00000wkEcNYAU,Eaves by Avalon (f/k/a Wimberly Apartments),StageName,EMA/Bulk Completed,EMA/Bulk Complete,2026-04-29 stage restructure,2026-04-29 15:46:03,UPDATE
006WR00000wkEcOYAU,Avalon at Castle Hills (f/k/a Lakeway Castle Hills),StageName,EMA/Bulk Completed,EMA/Bulk Complete,2026-04-29 stage restructure,2026-04-29 15:46:03,UPDATE
006WR00000wkEcPYAU,Liggins Tower,StageName,EMA/Bulk Completed,EMA/Bulk Complete,2026-04-29 stage restructure,2026-04-29 15:46:03,UPDATE
006WR00000wkEcQYAU,Laguna Vista Mobile Estates,StageName,EMA/Bulk Completed,EMA/Bulk Complete,2026-04-29 stage restructure,2026-04-29 15:46:03,UPDATE
006WR00000wkEcRYAU,Villa Del Mar,StageName,EMA/Bulk Completed,EMA/Bulk Complete,2026-04-29 stage restructure,2026-04-29 15:46:03,UPDATE
006WR00000wkEcSYAU,Dobson Greens Condo HOA,StageName,EMA/Bulk Completed,EMA/Bulk Complete,2026-04-29 stage restructure,2026-04-29 15:46:03,UPDATE
006WR00000wkEcTYAU,Dobson Bay Club HOA,StageName,EMA/Bulk Completed,EMA/Bulk Complete,2026-04-29 stage restructure,2026-04-29 15:46:03,UPDATE
006WR00000wkEcUYAU,Dobson Ranch Condos,StageName,EMA/Bulk Completed,EMA/Bulk Complete,2026-04-29 stage restructure,2026-04-29 15:46:03,UPDATE
006WR00000wkEcVYAU,Woodcreek Townhomes,StageName,EMA/Bulk Completed,EMA/Bulk Complete,2026-04-29 stage restructure,2026-04-29 15:46:03,UPDATE
006WR00000wkEcWYAU,Twin Palms Condominiums,StageName,EMA/Bulk Completed,EMA/Bulk Complete,2026-04-29 stage restructure,2026-04-29 15:46:03,UPDATE
006WR00000wkEcYYAU,Waterfront Landing,StageName,EMA/Bulk Completed,EMA/Bulk Complete,2026-04-29 stage restructure,2026-04-29 15:46:03,UPDATE
006WR00000wkEcZYAU,Eagle Lake Garden Apartments,StageName,EMA/Bulk Completed,EMA/Bulk Complete,2026-04-29 stage restructure,2026-04-29 15:46:03,UPDATE
006WR00000wkEcaYAE,Wheatbaker Patio Home Apartments,StageName,EMA/Bulk Completed,EMA/Bulk Complete,2026-04-29 stage restructure,2026-04-29 15:46:03,UPDATE
006WR00000wkEcbYAE,Alexandra Apartments,StageName,EMA/Bulk Completed,EMA/Bulk Complete,2026-04-29 stage restructure,2026-04-29 15:46:03,UPDATE
006WR00000wkEccYAE,Arthouse Apartments,StageName,EMA/Bulk Completed,EMA/Bulk Complete,2026-04-29 stage restructure,2026-04-29 15:46:03,UPDATE
006WR00000wkEcdYAE,The Retreat on 6th,StageName,EMA/Bulk Completed,EMA/Bulk Complete,2026-04-29 stage restructure,2026-04-29 15:46:03,UPDATE
006WR00000wkEceYAE,Pheasant Run Apartments,StageName,EMA/Bulk Completed,EMA/Bulk Complete,2026-04-29 stage restructure,2026-04-29 15:46:03,UPDATE
006WR00000wkEcfYAE,Enclave at Westport,StageName,EMA/Bulk Completed,EMA/Bulk Complete,2026-04-29 stage restructure,2026-04-29 15:46:03,UPDATE
006WR00000wkEcgYAE,Northampton Arms Apartments,StageName,EMA/Bulk Completed,EMA/Bulk Complete,2026-04-29 stage restructure,2026-04-29 15:46:03,UPDATE
006WR00000wkEchYAE,Watervue Apartments,StageName,EMA/Bulk Completed,EMA/Bulk Complete,2026-04-29 stage restructure,2026-04-29 15:46:03,UPDATE
006WR00000wkEciYAE,Discovery Village at Alliance Town Center,StageName,EMA/Bulk Completed,EMA/Bulk Complete,2026-04-29 stage restructure,2026-04-29 15:46:03,UPDATE
006WR00000wkEcjYAE,Lakeside Apartment Homes,StageName,EMA/Bulk Completed,EMA/Bulk Complete,2026-04-29 stage restructure,2026-04-29 15:46:03,UPDATE
006WR00000wkEckYAE,Crosspointe Vista,StageName,EMA/Bulk Completed,EMA/Bulk Complete,2026-04-29 stage restructure,2026-04-29 15:46:03,UPDATE
006WR00000wkEclYAE,Lucille on Roosevelt,StageName,EMA/Bulk Completed,EMA/Bulk Complete,2026-04-29 stage restructure,2026-04-29 15:46:03,UPDATE
006WR00000wkEcmYAE,Arbors of Killeen,StageName,EMA/Bulk Completed,EMA/Bulk Complete,2026-04-29 stage restructure,2026-04-29 15:46:03,UPDATE
006WR00000wkEcnYAE,Paloma Gardens Apartments,StageName,EMA/Bulk Completed,EMA/Bulk Complete,2026-04-29 stage restructure,2026-04-29 15:46:03,UPDATE
006WR00000wkEcoYAE,Mallard Run Apartments,StageName,EMA/Bulk Completed,EMA/Bulk Complete,2026-04-29 stage restructure,2026-04-29 15:46:03,UPDATE
006WR00000xwGf7YAE,Killeen_MDU_117-121_W_Avenue_A,StageName,EMA/Bulk Completed,EMA/Bulk Complete,2026-04-29 stage restructure,2026-04-29 15:46:03,UPDATE
006WR00000wiNnYYAU,Talavera,StageName,Prospecting,Prospects,2026-04-29 stage restructure,2026-04-29 15:46:03,UPDATE
006WR00000wiNnZYAU,Grandes Cortes Apartments,StageName,Prospecting,Prospects,2026-04-29 stage restructure,2026-04-29 15:46:03,UPDATE
006WR00000wiNnaYAE,Garden Grove,StageName,Prospecting,Prospects,2026-04-29 stage restructure,2026-04-29 15:46:03,UPDATE
006WR00000wiNnbYAE,Rancho Las Palmas,StageName,Prospecting,Prospects,2026-04-29 stage restructure,2026-04-29 15:46:03,UPDATE
006WR00000wiNncYAE,University Valley Apartments,StageName,Prospecting,Prospects,2026-04-29 stage restructure,2026-04-29 15:46:03,UPDATE
006WR00000wiNndYAE,The Lennox @ Tempe,StageName,Prospecting,Prospects,2026-04-29 stage restructure,2026-04-29 15:46:03,UPDATE
006WR00000wiNneYAE,Tempe Park Place,StageName,Prospecting,Prospects,2026-04-29 stage restructure,2026-04-29 15:46:03,UPDATE
006WR00000wiNnfYAE,Chesapeake,StageName,Prospecting,Prospects,2026-04-29 stage restructure,2026-04-29 15:46:03,UPDATE
006WR00000wiNngYAE,Apache Terrace Apartments,StageName,Prospecting,Prospects,2026-04-29 stage restructure,2026-04-29 15:46:03,UPDATE
006WR00000wiNnhYAE,Avana Tempe,StageName,Prospecting,Prospects,2026-04-29 stage restructure,2026-04-29 15:46:03,UPDATE
006WR00000wiNniYAE,La Estancia,StageName,Prospecting,Prospects,2026-04-29 stage restructure,2026-04-29 15:46:03,UPDATE
006WR00000wiNnjYAE,Highland Park (Tempe),StageName,Prospecting,Prospects,2026-04-29 stage restructure,2026-04-29 15:46:03,UPDATE
006WR00000wiNnkYAE,Omnia Baseline,StageName,Prospecting,Prospects,2026-04-29 stage restructure,2026-04-29 15:46:03,UPDATE
006WR00000wiNnlYAE,San Palmilla,StageName,Prospecting,Prospects,2026-04-29 stage restructure,2026-04-29 15:46:03,UPDATE
006WR00000wiNnmYAE,The Halston,StageName,Prospecting,Prospects,2026-04-29 stage restructure,2026-04-29 15:46:03,UPDATE
006WR00000wiNnnYAE,Villa Real,StageName,Prospecting,Prospects,2026-04-29 stage restructure,2026-04-29 15:46:03,UPDATE
006WR00000wiNnoYAE,Gila Springs Apartments,StageName,Prospecting,Prospects,2026-04-29 stage restructure,2026-04-29 15:46:03,UPDATE
006WR00000wiNnpYAE,Reflections at Gila Springs Apartment Homes,StageName,Prospecting,Prospects,2026-04-29 stage restructure,2026-04-29 15:46:03,UPDATE
006WR00000wiNnqYAE,Stonebridge Ranch Apartments,StageName,Prospecting,Prospects,2026-04-29 stage restructure,2026-04-29 15:46:03,UPDATE
006WR00000wiNnrYAE,2150 Apartments,StageName,Prospecting,Prospects,2026-04-29 stage restructure,2026-04-29 15:46:03,UPDATE
006WR00000wiNnsYAE,Cantera,StageName,Prospecting,Prospects,2026-04-29 stage restructure,2026-04-29 15:46:03,UPDATE
006WR00000wiNntYAE,Chandler Meadows,StageName,Prospecting,Prospects,2026-04-29 stage restructure,2026-04-29 15:46:03,UPDATE
006WR00000wiNnuYAE,Montage at Pecos Ranch,StageName,Prospecting,Prospects,2026-04-29 stage restructure,2026-04-29 15:46:03,UPDATE
006WR00000wiNnvYAE,Lumiere Chandler Condominiums,StageName,Prospecting,Prospects,2026-04-29 stage restructure,2026-04-29 15:46:03,UPDATE
006WR00000wiNnwYAE,Caldera,StageName,Prospecting,Prospects,2026-04-29 stage restructure,2026-04-29 15:46:03,UPDATE
006WR00000wiNnxYAE,The Linq,StageName,Prospecting,Prospects,2026-04-29 stage restructure,2026-04-29 15:46:03,UPDATE
006WR00000wiNnyYAE,Park Tower,StageName,Prospecting,Prospects,2026-04-29 stage restructure,2026-04-29 15:46:03,UPDATE
006WR00000wiNnzYAE,909 West Apartments,StageName,Prospecting,Prospects,2026-04-29 stage restructure,2026-04-29 15:46:03,UPDATE
006WR00000wiNo0YAE,CityScape at Lakeshore Apartments,StageName,Prospecting,Prospects,2026-04-29 stage restructure,2026-04-29 15:46:03,UPDATE
006WR00000wiNo1YAE,Finisterra,StageName,Prospecting,Prospects,2026-04-29 stage restructure,2026-04-29 15:46:03,UPDATE
006WR00000wiNo2YAE,Emerson Square,StageName,Prospecting,Prospects,2026-04-29 stage restructure,2026-04-29 15:46:03,UPDATE
006WR00000wiNo3YAE,Tamarak Apartments,StageName,Prospecting,Prospects,2026-04-29 stage restructure,2026-04-29 15:46:03,UPDATE
006WR00000wiNo4YAE,Tremezzo on the Lake,StageName,Prospecting,Prospects,2026-04-29 stage restructure,2026-04-29 15:46:03,UPDATE
006WR00000wiNo5YAE,The Township,StageName,Prospecting,Prospects,2026-04-29 stage restructure,2026-04-29 15:46:03,UPDATE
006WR00000wiNo6YAE,Waterside at Ocotillo,StageName,Prospecting,Prospects,2026-04-29 stage restructure,2026-04-29 15:46:03,UPDATE
006WR00000wiNo7YAE,Tempe Vista,StageName,Prospecting,Prospects,2026-04-29 stage restructure,2026-04-29 15:46:03,UPDATE
006WR00000wiNo8YAE,IMT Chandler,StageName,Prospecting,Prospects,2026-04-29 stage restructure,2026-04-29 15:46:03,UPDATE
006WR00000wiNo9YAE,Eastridge Apartments,StageName,Prospecting,Prospects,2026-04-29 stage restructure,2026-04-29 15:46:03,UPDATE
006WR00000wiNoAYAU,Tanque Verde,StageName,Prospecting,Prospects,2026-04-29 stage restructure,2026-04-29 15:46:03,UPDATE
006WR00000wiNoBYAU,Villas Los Duranzos,StageName,Prospecting,Prospects,2026-04-29 stage restructure,2026-04-29 15:46:03,UPDATE
006WR00000wiNoCYAU,Promontory Apartment Homes,StageName,Prospecting,Prospects,2026-04-29 stage restructure,2026-04-29 15:46:03,UPDATE
006WR00000wiNoDYAU,Coronado Villas,StageName,Prospecting,Prospects,2026-04-29 stage restructure,2026-04-29 15:46:03,UPDATE
006WR00000wiNoEYAU,Trails West MHP,StageName,Prospecting,Prospects,2026-04-29 stage restructure,2026-04-29 15:46:03,UPDATE
006WR00000wiNoFYAU,Riverstone,StageName,Prospecting,Prospects,2026-04-29 stage restructure,2026-04-29 15:46:03,UPDATE
006WR00000wiNoGYAU,Avana River Ranch,StageName,Prospecting,Prospects,2026-04-29 stage restructure,2026-04-29 15:46:03,UPDATE
006WR00000wiNoHYAU,Tides at Parkview,StageName,Prospecting,Prospects,2026-04-29 stage restructure,2026-04-29 15:46:03,UPDATE
006WR00000wiNoIYAU,Canyon Oaks,StageName,Prospecting,Prospects,2026-04-29 stage restructure,2026-04-29 15:46:03,UPDATE
006WR00000wiNoJYAU,Rincon Valley MHP,StageName,Prospecting,Prospects,2026-04-29 stage restructure,2026-04-29 15:46:03,UPDATE
006WR00000wiNoKYAU,Ascension at Ironwood,StageName,Prospecting,Prospects,2026-04-29 stage restructure,2026-04-29 15:46:03,UPDATE
006WR00000wiNoLYAU,Fellowship Square - Tucson,StageName,Prospecting,Prospects,2026-04-29 stage restructure,2026-04-29 15:46:03,UPDATE
006WR00000wiNoMYAU,Sycamore Creek Apartments,StageName,Prospecting,Prospects,2026-04-29 stage restructure,2026-04-29 15:46:03,UPDATE
006WR00000wiNoNYAU,Sorensen Heights,StageName,Prospecting,Prospects,2026-04-29 stage restructure,2026-04-29 15:46:03,UPDATE
006WR00000wiNoOYAU,Plaza Del Sol MHP,StageName,Prospecting,Prospects,2026-04-29 stage restructure,2026-04-29 15:46:03,UPDATE
006WR00000wiNoPYAU,Lake Pointe Apartments,StageName,Prospecting,Prospects,2026-04-29 stage restructure,2026-04-29 15:46:03,UPDATE
006WR00000wiNoQYAU,Villa Pacific Apartments - Oceanside,StageName,Prospecting,Prospects,2026-04-29 stage restructure,2026-04-29 15:46:03,UPDATE
006WR00000wiNoRYAU,Sonoran Vista,StageName,Prospecting,Prospects,2026-04-29 stage restructure,2026-04-29 15:46:03,UPDATE
006WR00000wiNoTYAU,Charleston Gardens,StageName,Prospecting,Prospects,2026-04-29 stage restructure,2026-04-29 15:46:03,UPDATE
006WR00000wiNoUYAU,Finn Apartments,StageName,Prospecting,Prospects,2026-04-29 stage restructure,2026-04-29 15:46:03,UPDATE
006WR00000wiNoVYAU,Haven at Lone Mountain Apartments,StageName,Prospecting,Prospects,2026-04-29 stage restructure,2026-04-29 15:46:03,UPDATE
006WR00000wiNoWYAU,Lumina on 19th Apartments,StageName,Prospecting,Prospects,2026-04-29 stage restructure,2026-04-29 15:46:03,UPDATE
006WR00000wiNoXYAU,Olive Queen Creek,StageName,Prospecting,Prospects,2026-04-29 stage restructure,2026-04-29 15:46:03,UPDATE
006WR00000wiNoYYAU,Casa Santa Fe,StageName,Prospecting,Prospects,2026-04-29 stage restructure,2026-04-29 15:46:03,UPDATE
006WR00000wiNoZYAU,Kaia Pointe,StageName,Prospecting,Prospects,2026-04-29 stage restructure,2026-04-29 15:46:03,UPDATE
006WR00000wiNoaYAE,Southgate Glen,StageName,Prospecting,Prospects,2026-04-29 stage restructure,2026-04-29 15:46:03,UPDATE
006WR00000wiNobYAE,Gardens of Weatherford,StageName,Prospecting,Prospects,2026-04-29 stage restructure,2026-04-29 15:46:03,UPDATE
006WR00000wiNocYAE,Jones13,StageName,Prospecting,Prospects,2026-04-29 stage restructure,2026-04-29 15:46:03,UPDATE
006WR00000wiNodYAE,Paisley & Pointe at Centennial Hills,StageName,Prospecting,Prospects,2026-04-29 stage restructure,2026-04-29 15:46:03,UPDATE
006WR00000wiNoeYAE,Country Oaks Apartments,StageName,Prospecting,Prospects,2026-04-29 stage restructure,2026-04-29 15:46:03,UPDATE
006WR00000wiNofYAE,Woodridge Villas,StageName,Prospecting,Prospects,2026-04-29 stage restructure,2026-04-29 15:46:03,UPDATE
006WR00000wiNogYAE,Senator Richard Bryon Senior Apartments,StageName,Prospecting,Prospects,2026-04-29 stage restructure,2026-04-29 15:46:03,UPDATE
006WR00000wiNohYAE,Noel Crest Condos HOA,StageName,Prospecting,Prospects,2026-04-29 stage restructure,2026-04-29 15:46:03,UPDATE
006WR00000wiNoiYAE,Lattitude,StageName,Prospecting,Prospects,2026-04-29 stage restructure,2026-04-29 15:46:03,UPDATE
006WR00000wiNojYAE,Elysian at Post,StageName,Prospecting,Prospects,2026-04-29 stage restructure,2026-04-29 15:46:03,UPDATE
006WR00000wiNokYAE,Foster Greens Apartments,StageName,Prospecting,Prospects,2026-04-29 stage restructure,2026-04-29 15:46:03,UPDATE
006WR00000wiNolYAE,Talisman Condos,StageName,Prospecting,Prospects,2026-04-29 stage restructure,2026-04-29 15:46:03,UPDATE
006WR00000wiNomYAE,Fiesta Condos,StageName,Prospecting,Prospects,2026-04-29 stage restructure,2026-04-29 15:46:03,UPDATE
006WR00000wiNonYAE,Wyndham Villas - Broadmoor,StageName,Prospecting,Prospects,2026-04-29 stage restructure,2026-04-29 15:46:03,UPDATE
006WR00000wiNooYAE,The Ridge & Shores Apartments,StageName,Prospecting,Prospects,2026-04-29 stage restructure,2026-04-29 15:46:03,UPDATE
006WR00000wiNopYAE,Western Sun Apartments,StageName,Prospecting,Prospects,2026-04-29 stage restructure,2026-04-29 15:46:03,UPDATE
006WR00000wiNoqYAE,Viewpoint Apartment Homes,StageName,Prospecting,Prospects,2026-04-29 stage restructure,2026-04-29 15:46:03,UPDATE
006WR00000wiNorYAE,Jerome Apartments,StageName,Prospecting,Prospects,2026-04-29 stage restructure,2026-04-29 15:46:03,UPDATE
006WR00000wiNosYAE,Sandstone Apartments,StageName,Prospecting,Prospects,2026-04-29 stage restructure,2026-04-29 15:46:03,UPDATE
006WR00000wiNotYAE,Lyn Terrace Apartments _Lumen Fl_Marvin,StageName,Prospecting,Prospects,2026-04-29 stage restructure,2026-04-29 15:46:03,UPDATE
006WR00000wiNouYAE,Lakeside Heights,StageName,Prospecting,Prospects,2026-04-29 stage restructure,2026-04-29 15:46:03,UPDATE
006WR00000wiNovYAE,Clarendon,StageName,Prospecting,Prospects,2026-04-29 stage restructure,2026-04-29 15:46:03,UPDATE
006WR00000wiNowYAE,Cinnabar Apts.,StageName,Prospecting,Prospects,2026-04-29 stage restructure,2026-04-29 15:46:03,UPDATE
006WR00000wiNoxYAE,Jasper,StageName,Prospecting,Prospects,2026-04-29 stage restructure,2026-04-29 15:46:03,UPDATE
006WR00000wiNoyYAE,University Gardens Apartment,StageName,Prospecting,Prospects,2026-04-29 stage restructure,2026-04-29 15:46:03,UPDATE
006WR00000wiNozYAE,Cliffs at North Mountain,StageName,Prospecting,Prospects,2026-04-29 stage restructure,2026-04-29 15:46:03,UPDATE
006WR00000wiNp0YAE,Palm Aire Apts.,StageName,Prospecting,Prospects,2026-04-29 stage restructure,2026-04-29 15:46:03,UPDATE
006WR00000wiNp1YAE,Landes - Thrive Communities,StageName,Prospecting,Prospects,2026-04-29 stage restructure,2026-04-29 15:46:03,UPDATE
006WR00000wiNp2YAE,Big Trout Lodge,StageName,Prospecting,Prospects,2026-04-29 stage restructure,2026-04-29 15:46:03,UPDATE
006WR00000wiNp3YAE,Cimarron Apartments LV,StageName,Prospecting,Prospects,2026-04-29 stage restructure,2026-04-29 15:46:03,UPDATE
006WR00000wiNp4YAE,Lyons Glen Apartments,StageName,Prospecting,Prospects,2026-04-29 stage restructure,2026-04-29 15:46:03,UPDATE
006WR00000wiNp5YAE,Regency Woods Apartments,StageName,Prospecting,Prospects,2026-04-29 stage restructure,2026-04-29 15:46:03,UPDATE
006WR00000wiNp6YAE,Soundview Apartment Homes,StageName,Prospecting,Prospects,2026-04-29 stage restructure,2026-04-29 15:46:03,UPDATE
006WR00000wj8JOYAY,The Link,StageName,Prospecting,Prospects,2026-04-29 stage restructure,2026-04-29 15:46:03,UPDATE
006WR00000wj8JPYAY,The Flats at SanTan,StageName,Prospecting,Prospects,2026-04-29 stage restructure,2026-04-29 15:46:03,UPDATE
006WR00000wj8JQYAY,Oasis in Mesa,StageName,Prospecting,Prospects,2026-04-29 stage restructure,2026-04-29 15:46:03,UPDATE
006WR00000wj8JRYAY,The Madison,StageName,Prospecting,Prospects,2026-04-29 stage restructure,2026-04-29 15:46:03,UPDATE
006WR00000wj8JSYAY,The Wyatt,StageName,Prospecting,Prospects,2026-04-29 stage restructure,2026-04-29 15:46:03,UPDATE
006WR00000wj8JTYAY,Acero Val Vista,StageName,Prospecting,Prospects,2026-04-29 stage restructure,2026-04-29 15:46:03,UPDATE
006WR00000wj8JUYAY,Mesa Village,StageName,Prospecting,Prospects,2026-04-29 stage restructure,2026-04-29 15:46:03,UPDATE
006WR00000wj8JVYAY,Avana Gilbert,StageName,Prospecting,Prospects,2026-04-29 stage restructure,2026-04-29 15:46:03,UPDATE
006WR00000wj8JWYAY,Fiesta Village Furnished Apartments,StageName,Prospecting,Prospects,2026-04-29 stage restructure,2026-04-29 15:46:03,UPDATE
006WR00000wj8JXYAY,Town Germann,StageName,Prospecting,Prospects,2026-04-29 stage restructure,2026-04-29 15:46:03,UPDATE
006WR00000wj8JYYAY,Marigold Ranch at San Tan Village,StageName,Prospecting,Prospects,2026-04-29 stage restructure,2026-04-29 15:46:03,UPDATE
006WR00000wj8JZYAY,College Park Woods,StageName,Prospecting,Prospects,2026-04-29 stage restructure,2026-04-29 15:46:03,UPDATE
006WR00000wj8JbYAI,El Mirage Mobile Home Park ( Saguaro Sun ),StageName,Prospecting,Prospects,2026-04-29 stage restructure,2026-04-29 15:46:03,UPDATE
006WR00000wj8JcYAI,Royal Palms Village (MHP),StageName,Prospecting,Prospects,2026-04-29 stage restructure,2026-04-29 15:46:03,UPDATE
006WR00000wj8JdYAI,Sunset Resort-520 Spaces (MHP),StageName,Prospecting,Prospects,2026-04-29 stage restructure,2026-04-29 15:46:03,UPDATE
006WR00000wj8JeYAI,Avia 266,StageName,Prospecting,Prospects,2026-04-29 stage restructure,2026-04-29 15:46:03,UPDATE
006WR00000wj8JfYAI,Cadia Crossing,StageName,Prospecting,Prospects,2026-04-29 stage restructure,2026-04-29 15:46:03,UPDATE
006WR00000wj8JgYAI,Apache Wells Trailer Rv Resort (MHP),StageName,Prospecting,Prospects,2026-04-29 stage restructure,2026-04-29 15:46:03,UPDATE
006WR00000wj8JhYAI,Agave Apartments,StageName,Prospecting,Prospects,2026-04-29 stage restructure,2026-04-29 15:46:03,UPDATE
006WR00000wj8JiYAI,Ascend at Red Mountain,StageName,Prospecting,Prospects,2026-04-29 stage restructure,2026-04-29 15:46:03,UPDATE
006WR00000wj8JjYAI,Ascend at Longbow Highpoint,StageName,Prospecting,Prospects,2026-04-29 stage restructure,2026-04-29 15:46:03,UPDATE
006WR00000wj8JkYAI,Album Mountain Vista,StageName,Prospecting,Prospects,2026-04-29 stage restructure,2026-04-29 15:46:03,UPDATE
006WR00000wj8JlYAI,Candela Park,StageName,Prospecting,Prospects,2026-04-29 stage restructure,2026-04-29 15:46:03,UPDATE
006WR00000wj8JmYAI,Dartmouth Trace,StageName,Prospecting,Prospects,2026-04-29 stage restructure,2026-04-29 15:46:03,UPDATE
006WR00000wj8JnYAI,Aspenwood Mobile Home Park (MHP),StageName,Prospecting,Prospects,2026-04-29 stage restructure,2026-04-29 15:46:03,UPDATE
006WR00000wj8JoYAI,Brookview Apartments,StageName,Prospecting,Prospects,2026-04-29 stage restructure,2026-04-29 15:46:03,UPDATE
006WR00000wj8JpYAI,Alta Uptown (Chandler AZ),StageName,Prospecting,Prospects,2026-04-29 stage restructure,2026-04-29 15:46:03,UPDATE
006WR00000wj8JqYAI,Calusa Trace,StageName,Prospecting,Prospects,2026-04-29 stage restructure,2026-04-29 15:46:03,UPDATE
006WR00000wj8JrYAI,Broadway Estates,StageName,Prospecting,Prospects,2026-04-29 stage restructure,2026-04-29 15:46:03,UPDATE
006WR00000wj8JsYAI,BB Living at Val Vista,StageName,Prospecting,Prospects,2026-04-29 stage restructure,2026-04-29 15:46:03,UPDATE
006WR00000wj8JtYAI,Camden Tempe,StageName,Prospecting,Prospects,2026-04-29 stage restructure,2026-04-29 15:46:03,UPDATE
006WR00000wj8JuYAI,Agave Village,StageName,Prospecting,Prospects,2026-04-29 stage restructure,2026-04-29 15:46:03,UPDATE
006WR00000wj8JvYAI,Crismon Gateway Rentals,StageName,Prospecting,Prospects,2026-04-29 stage restructure,2026-04-29 15:46:03,UPDATE
006WR00000wj8JwYAI,Cactus Wren (MHP),StageName,Prospecting,Prospects,2026-04-29 stage restructure,2026-04-29 15:46:03,UPDATE
006WR00000wj8JxYAI,Tuscan Isle,StageName,Prospecting,Prospects,2026-04-29 stage restructure,2026-04-29 15:46:03,UPDATE
006WR00000wj8JyYAI,Beverly Mobile Home Park,StageName,Prospecting,Prospects,2026-04-29 stage restructure,2026-04-29 15:46:03,UPDATE
006WR00000wj8JzYAI,Centennial Village,StageName,Prospecting,Prospects,2026-04-29 stage restructure,2026-04-29 15:46:03,UPDATE
006WR00000wj8K0YAI,Castillo Nuevo,StageName,Prospecting,Prospects,2026-04-29 stage restructure,2026-04-29 15:46:03,UPDATE
006WR00000wj8K1YAI,Westchase Apartments,StageName,Prospecting,Prospects,2026-04-29 stage restructure,2026-04-29 15:46:03,UPDATE
006WR00000wj8K2YAI,Copper Point,StageName,Prospecting,Prospects,2026-04-29 stage restructure,2026-04-29 15:46:03,UPDATE
006WR00000wj8K3YAI,Casa Serena (MHP),StageName,Prospecting,Prospects,2026-04-29 stage restructure,2026-04-29 15:46:03,UPDATE
006WR00000wj8K4YAI,Arizona Acres Resort,StageName,Prospecting,Prospects,2026-04-29 stage restructure,2026-04-29 15:46:03,UPDATE
006WR00000wj8K5YAI,1758 S Val Vista Dr,StageName,Prospecting,Prospects,2026-04-29 stage restructure,2026-04-29 15:46:03,UPDATE
006WR00000wj8K6YAI,Annex at Cadence,StageName,Prospecting,Prospects,2026-04-29 stage restructure,2026-04-29 15:46:03,UPDATE
006WR00000wj8K7YAI,Alta Vista Apartments,StageName,Prospecting,Prospects,2026-04-29 stage restructure,2026-04-29 15:46:03,UPDATE
006WR00000wj8K8YAI,9736 E Main St (MHP),StageName,Prospecting,Prospects,2026-04-29 stage restructure,2026-04-29 15:46:03,UPDATE
006WR00000wj8K9YAI,315-321 N Higley Rd,StageName,Prospecting,Prospects,2026-04-29 stage restructure,2026-04-29 15:46:03,UPDATE
006WR00000wj8KAYAY,Buenas on Broadway,StageName,Prospecting,Prospects,2026-04-29 stage restructure,2026-04-29 15:46:03,UPDATE
006WR00000wj8KBYAY,Centennial Village Corp,StageName,Prospecting,Prospects,2026-04-29 stage restructure,2026-04-29 15:46:03,UPDATE
006WR00000wj8KCYAY,1151 W Dragoon Cir,StageName,Prospecting,Prospects,2026-04-29 stage restructure,2026-04-29 15:46:03,UPDATE
006WR00000wj8KDYAY,Brighthaven Estates,StageName,Prospecting,Prospects,2026-04-29 stage restructure,2026-04-29 15:46:03,UPDATE
006WR00000wj8KEYAY,Encore on First West,StageName,Prospecting,Prospects,2026-04-29 stage restructure,2026-04-29 15:46:03,UPDATE
006WR00000wj8KFYAY,Mesa Artspace Lofts,StageName,Prospecting,Prospects,2026-04-29 stage restructure,2026-04-29 15:46:03,UPDATE
006WR00000wj8KGYAY,4455 Greenwood Avenue,StageName,Prospecting,Prospects,2026-04-29 stage restructure,2026-04-29 15:46:03,UPDATE
006WR00000wj8KHYAY,Kings Gate Senior Apartments,StageName,Prospecting,Prospects,2026-04-29 stage restructure,2026-04-29 15:46:03,UPDATE
006WR00000wj8KIYAY,Prairie Spring Apartments,StageName,Prospecting,Prospects,2026-04-29 stage restructure,2026-04-29 15:46:03,UPDATE
006WR00000wj8KJYAY,5301-5307 S. Maryland Avenue,StageName,Prospecting,Prospects,2026-04-29 stage restructure,2026-04-29 15:46:03,UPDATE
006WR00000wj8KKYAY,Mesa Station,StageName,Prospecting,Prospects,2026-04-29 stage restructure,2026-04-29 15:46:03,UPDATE
006WR00000wj8KLYAY,Juniper Gardens,StageName,Prospecting,Prospects,2026-04-29 stage restructure,2026-04-29 15:46:03,UPDATE
006WR00000wj8KMYAY,5049 S. Drexel Boulevard,StageName,Prospecting,Prospects,2026-04-29 stage restructure,2026-04-29 15:46:03,UPDATE
006WR00000wj8KNYAY,Avondale Apartments Envolve (copy),StageName,Prospecting,Prospects,2026-04-29 stage restructure,2026-04-29 15:46:03,UPDATE
006WR00000wj8KOYAY,Ocean Crest Apartments,StageName,Prospecting,Prospects,2026-04-29 stage restructure,2026-04-29 15:46:03,UPDATE
006WR00000wj8KPYAY,Albany Apartments,StageName,Prospecting,Prospects,2026-04-29 stage restructure,2026-04-29 15:46:03,UPDATE
006WR00000wj8KQYAY,Arboretum Village,StageName,Prospecting,Prospects,2026-04-29 stage restructure,2026-04-29 15:46:03,UPDATE
006WR00000wj8KRYAY,5053 S. Ellis Avenue,StageName,Prospecting,Prospects,2026-04-29 stage restructure,2026-04-29 15:46:03,UPDATE
006WR00000wj8KTYAY,Embassy Park Apartments,StageName,Prospecting,Prospects,2026-04-29 stage restructure,2026-04-29 15:46:03,UPDATE
006WR00000wj8KUYAY,Alta Rise,StageName,Prospecting,Prospects,2026-04-29 stage restructure,2026-04-29 15:46:03,UPDATE
006WR00000wj8KVYAY,Greentree Place Apartments,StageName,Prospecting,Prospects,2026-04-29 stage restructure,2026-04-29 15:46:03,UPDATE
006WR00000wj8KWYAY,102 West 9th Place Apartments,StageName,Prospecting,Prospects,2026-04-29 stage restructure,2026-04-29 15:46:03,UPDATE
006WR00000wj8KXYAY,Residences at Sorensen Square,StageName,Prospecting,Prospects,2026-04-29 stage restructure,2026-04-29 15:46:03,UPDATE
006WR00000wj8KYYAY,5100-5120 S. Ellis Avenue,StageName,Prospecting,Prospects,2026-04-29 stage restructure,2026-04-29 15:46:03,UPDATE
006WR00000wj8KZYAY,4721-29 S. Ellis St,StageName,Prospecting,Prospects,2026-04-29 stage restructure,2026-04-29 15:46:03,UPDATE
006WR00000wj8KaYAI,The Village at Grant Square,StageName,Prospecting,Prospects,2026-04-29 stage restructure,2026-04-29 15:46:03,UPDATE
006WR00000wj8KbYAI,5111 S. Kimbark Avenue,StageName,Prospecting,Prospects,2026-04-29 stage restructure,2026-04-29 15:46:03,UPDATE
006WR00000wj8KcYAI,Camelot Village,StageName,Prospecting,Prospects,2026-04-29 stage restructure,2026-04-29 15:46:03,UPDATE
006WR00000wj8KdYAI,5350-5358 S. Maryland,StageName,Prospecting,Prospects,2026-04-29 stage restructure,2026-04-29 15:46:03,UPDATE
006WR00000wj8KeYAI,Peony Village,StageName,Prospecting,Prospects,2026-04-29 stage restructure,2026-04-29 15:46:03,UPDATE
006WR00000wj8KfYAI,Sunrise on the Rail,StageName,Prospecting,Prospects,2026-04-29 stage restructure,2026-04-29 15:46:03,UPDATE
006WR00000wj8KgYAI,5118-5120 S. Greenwood Avenue,StageName,Prospecting,Prospects,2026-04-29 stage restructure,2026-04-29 15:46:03,UPDATE
006WR00000wj8KhYAI,5120 S. Hyde Park Boulevard,StageName,Prospecting,Prospects,2026-04-29 stage restructure,2026-04-29 15:46:03,UPDATE
006WR00000wj8KiYAI,Discovery at Daybreak HOA,StageName,Prospecting,Prospects,2026-04-29 stage restructure,2026-04-29 15:46:03,UPDATE
006WR00000wj8KjYAI,5400-5406 S. Maryland,StageName,Prospecting,Prospects,2026-04-29 stage restructure,2026-04-29 15:46:03,UPDATE
006WR00000wj8KkYAI,5128-5132 S. Cornell Avenue,StageName,Prospecting,Prospects,2026-04-29 stage restructure,2026-04-29 15:46:03,UPDATE
006WR00000wj8KlYAI,5202-5210 S. Cornell Avenue,StageName,Prospecting,Prospects,2026-04-29 stage restructure,2026-04-29 15:46:03,UPDATE
006WR00000wj8KmYAI,Shadow Pointe HOA,StageName,Prospecting,Prospects,2026-04-29 stage restructure,2026-04-29 15:46:03,UPDATE
006WR00000wj8KnYAI,5218-5220 S. Kimbark Avenue,StageName,Prospecting,Prospects,2026-04-29 stage restructure,2026-04-29 15:46:03,UPDATE
006WR00000wj8KoYAI,Siena Apartments,StageName,Prospecting,Prospects,2026-04-29 stage restructure,2026-04-29 15:46:03,UPDATE
006WR00000wj8KpYAI,4859 S. Champlain Avenue,StageName,Prospecting,Prospects,2026-04-29 stage restructure,2026-04-29 15:46:03,UPDATE
006WR00000wj8KqYAI,Parkview (AKA Elevate Apartments),StageName,Prospecting,Prospects,2026-04-29 stage restructure,2026-04-29 15:46:03,UPDATE
006WR00000wj8KrYAI,5222-38 S Drexel Ave.,StageName,Prospecting,Prospects,2026-04-29 stage restructure,2026-04-29 15:46:03,UPDATE
006WR00000wj8KsYAI,Pine Tree Apartments,StageName,Prospecting,Prospects,2026-04-29 stage restructure,2026-04-29 15:46:03,UPDATE
006WR00000wj8KtYAI,5229 S. Drexel Avenue,StageName,Prospecting,Prospects,2026-04-29 stage restructure,2026-04-29 15:46:03,UPDATE
006WR00000wj8KuYAI,5232 S. Hyde Park,StageName,Prospecting,Prospects,2026-04-29 stage restructure,2026-04-29 15:46:03,UPDATE
006WR00000wj8KvYAI,5234-5244 S. Ingleside Avenue,StageName,Prospecting,Prospects,2026-04-29 stage restructure,2026-04-29 15:46:03,UPDATE
006WR00000wj8KwYAI,Willow Ridge Townhomes,StageName,Prospecting,Prospects,2026-04-29 stage restructure,2026-04-29 15:46:03,UPDATE
006WR00000wj8KxYAI,Silver Creek - Mesa,StageName,Prospecting,Prospects,2026-04-29 stage restructure,2026-04-29 15:46:03,UPDATE
006WR00000wj8KyYAI,5237-5245 S. Kenwood Avenue,StageName,Prospecting,Prospects,2026-04-29 stage restructure,2026-04-29 15:46:03,UPDATE
006WR00000wjKFlYAM,Chapel Hill Apartments,StageName,Prospecting,Prospects,2026-04-29 stage restructure,2026-04-29 15:46:03,UPDATE
006WR00000wjKFmYAM,Ascend at Westinghouse,StageName,Prospecting,Prospects,2026-04-29 stage restructure,2026-04-29 15:46:03,UPDATE
006WR00000wjKFnYAM,Alta Berry Creek,StageName,Prospecting,Prospects,2026-04-29 stage restructure,2026-04-29 15:46:03,UPDATE
006WR00000wjKFoYAM,Versante Apartment Homes,StageName,Prospecting,Prospects,2026-04-29 stage restructure,2026-04-29 15:46:03,UPDATE
006WR00000wjKFpYAM,Cinnabar Apartments,StageName,Prospecting,Prospects,2026-04-29 stage restructure,2026-04-29 15:46:03,UPDATE
006WR00000wjKFqYAM,Palm Aire Apartments,StageName,Prospecting,Prospects,2026-04-29 stage restructure,2026-04-29 15:46:03,UPDATE
006WR00000wjKFrYAM,Strada Apartments,StageName,Prospecting,Prospects,2026-04-29 stage restructure,2026-04-29 15:46:03,UPDATE
006WR00000wjKFtYAM,Whitley Place,StageName,Prospecting,Prospects,2026-04-29 stage restructure,2026-04-29 15:46:03,UPDATE
006WR00000wjKFuYAM,Adley at Gleannloch,StageName,Prospecting,Prospects,2026-04-29 stage restructure,2026-04-29 15:46:03,UPDATE
006WR00000wjKFvYAM,Alleia Long Meadow Farms,StageName,Prospecting,Prospects,2026-04-29 stage restructure,2026-04-29 15:46:03,UPDATE
006WR00000wjKFwYAM,Ariza Plum Creek,StageName,Prospecting,Prospects,2026-04-29 stage restructure,2026-04-29 15:46:03,UPDATE
006WR00000wjKFxYAM,Auberry at Twin Creeks,StageName,Prospecting,Prospects,2026-04-29 stage restructure,2026-04-29 15:46:03,UPDATE
006WR00000wjKFyYAM,Aura 36Hundred,StageName,Prospecting,Prospects,2026-04-29 stage restructure,2026-04-29 15:46:03,UPDATE
006WR00000wjKFzYAM,Aura Benbrook,StageName,Prospecting,Prospects,2026-04-29 stage restructure,2026-04-29 15:46:03,UPDATE
006WR00000wjKG0YAM,Bluff Creek,StageName,Prospecting,Prospects,2026-04-29 stage restructure,2026-04-29 15:46:03,UPDATE
006WR00000wjKG1YAM,Brandon Place,StageName,Prospecting,Prospects,2026-04-29 stage restructure,2026-04-29 15:46:03,UPDATE
006WR00000wjKG2YAM,Bridgeport,StageName,Prospecting,Prospects,2026-04-29 stage restructure,2026-04-29 15:46:03,UPDATE
006WR00000wjKG3YAM,Satori Frisco,StageName,Prospecting,Prospects,2026-04-29 stage restructure,2026-04-29 15:46:03,UPDATE
006WR00000wjKG4YAM,Hangar 19,StageName,Prospecting,Prospects,2026-04-29 stage restructure,2026-04-29 15:46:03,UPDATE
006WR00000wjKG5YAM,Lakes at Westview I,StageName,Prospecting,Prospects,2026-04-29 stage restructure,2026-04-29 15:46:03,UPDATE
006WR00000wjKG6YAM,Lakes at Westview II,StageName,Prospecting,Prospects,2026-04-29 stage restructure,2026-04-29 15:46:03,UPDATE
006WR00000wjKG7YAM,Markham Oaks,StageName,Prospecting,Prospects,2026-04-29 stage restructure,2026-04-29 15:46:03,UPDATE
006WR00000wjKG8YAM,Riverhill,StageName,Prospecting,Prospects,2026-04-29 stage restructure,2026-04-29 15:46:03,UPDATE
006WR00000wjKG9YAM,Satori at Long Meadow,StageName,Prospecting,Prospects,2026-04-29 stage restructure,2026-04-29 15:46:03,UPDATE
006WR00000wjKGAYA2,Vale Frisco,StageName,Prospecting,Prospects,2026-04-29 stage restructure,2026-04-29 15:46:03,UPDATE
006WR00000wjKGBYA2,Vale Luxury,StageName,Prospecting,Prospects,2026-04-29 stage restructure,2026-04-29 15:46:03,UPDATE
006WR00000wjKGCYA2,Volterra at Westlake,StageName,Prospecting,Prospects,2026-04-29 stage restructure,2026-04-29 15:46:03,UPDATE
006WR00000wjKGDYA2,Westwood Park,StageName,Prospecting,Prospects,2026-04-29 stage restructure,2026-04-29 15:46:03,UPDATE
006WR00000wjKGEYA2,Wimbledon Green,StageName,Prospecting,Prospects,2026-04-29 stage restructure,2026-04-29 15:46:03,UPDATE
006WR00000wjKGFYA2,Wimbledon Green II,StageName,Prospecting,Prospects,2026-04-29 stage restructure,2026-04-29 15:46:03,UPDATE
006WR00000wjKGGYA2,Woodrun Village,StageName,Prospecting,Prospects,2026-04-29 stage restructure,2026-04-29 15:46:03,UPDATE
006WR00000wjKGHYA2,Springpointe Condominiums,StageName,Prospecting,Prospects,2026-04-29 stage restructure,2026-04-29 15:46:03,UPDATE
006WR00000wjKGIYA2,Manor at Aliante,StageName,Prospecting,Prospects,2026-04-29 stage restructure,2026-04-29 15:46:03,UPDATE
006WR00000wjKGJYA2,Sterling Court,StageName,Prospecting,Prospects,2026-04-29 stage restructure,2026-04-29 15:46:03,UPDATE
006WR00000wjKGKYA2,High Noon at Arlington Ranch,StageName,Prospecting,Prospects,2026-04-29 stage restructure,2026-04-29 15:46:03,UPDATE
006WR00000wjKGLYA2,Regency Village,StageName,Prospecting,Prospects,2026-04-29 stage restructure,2026-04-29 15:46:03,UPDATE
006WR00000wjKGMYA2,Travata and Montage at Summerlin Centre,StageName,Prospecting,Prospects,2026-04-29 stage restructure,2026-04-29 15:46:03,UPDATE
006WR00000wjKGNYA2,Western Oaks Apartments,StageName,Prospecting,Prospects,2026-04-29 stage restructure,2026-04-29 15:46:03,UPDATE
006WR00000wjKGOYA2,Mitchell Farm,StageName,Prospecting,Prospects,2026-04-29 stage restructure,2026-04-29 15:46:03,UPDATE
006WR00000wjKGRYA2,Falls At Borough Park,StageName,Prospecting,Prospects,2026-04-29 stage restructure,2026-04-29 15:46:03,UPDATE
006WR00000wjKGSYA2,Frisco Satori,StageName,Prospecting,Prospects,2026-04-29 stage restructure,2026-04-29 15:46:03,UPDATE
006WR00000wjKGTYA2,Cienega Springs,StageName,Prospecting,Prospects,2026-04-29 stage restructure,2026-04-29 15:46:03,UPDATE
006WR00000wjKGUYA2,Forest Manor,StageName,Prospecting,Prospects,2026-04-29 stage restructure,2026-04-29 15:46:03,UPDATE
006WR00000wjKGVYA2,Fox Street,StageName,Prospecting,Prospects,2026-04-29 stage restructure,2026-04-29 15:46:03,UPDATE
006WR00000wjKGWYA2,Capri-Riverstone,StageName,Prospecting,Prospects,2026-04-29 stage restructure,2026-04-29 15:46:03,UPDATE
006WR00000wjKGXYA2,Madison Hill,StageName,Prospecting,Prospects,2026-04-29 stage restructure,2026-04-29 15:46:03,UPDATE
006WR00000wjKGYYA2,Riviera,StageName,Prospecting,Prospects,2026-04-29 stage restructure,2026-04-29 15:46:03,UPDATE
006WR00000wjKGZYA2,Mountain Valley MHC,StageName,Prospecting,Prospects,2026-04-29 stage restructure,2026-04-29 15:46:03,UPDATE
006WR00000wjKGaYAM,Vallejo Terrace Apts,StageName,Prospecting,Prospects,2026-04-29 stage restructure,2026-04-29 15:46:03,UPDATE
006WR00000wjKGbYAM,Prentice Place,StageName,Prospecting,Prospects,2026-04-29 stage restructure,2026-04-29 15:46:03,UPDATE
006WR00000wjKGcYAM,Bransons Resort,StageName,Prospecting,Prospects,2026-04-29 stage restructure,2026-04-29 15:46:03,UPDATE
006WR00000wjKGdYAM,Aspen Basalt MHC,StageName,Prospecting,Prospects,2026-04-29 stage restructure,2026-04-29 15:46:03,UPDATE
006WR00000wjKGeYAM,Min Ari,StageName,Prospecting,Prospects,2026-04-29 stage restructure,2026-04-29 15:46:03,UPDATE
006WR00000wjKGfYAM,Miracle Mile,StageName,Prospecting,Prospects,2026-04-29 stage restructure,2026-04-29 15:46:03,UPDATE
006WR00000wjKGgYAM,Crisman Apartments,StageName,Prospecting,Prospects,2026-04-29 stage restructure,2026-04-29 15:46:03,UPDATE
006WR00000wjKGhYAM,Chesney Kleinjohn Apts,StageName,Prospecting,Prospects,2026-04-29 stage restructure,2026-04-29 15:46:03,UPDATE
006WR00000wjKGiYAM,Quail Ridge Estates,StageName,Prospecting,Prospects,2026-04-29 stage restructure,2026-04-29 15:46:03,UPDATE
006WR00000wjKGjYAM,"Castle Park MHC, LLC",StageName,Prospecting,Prospects,2026-04-29 stage restructure,2026-04-29 15:46:03,UPDATE
006WR00000wjKGkYAM,LincolnPointe Lofts I,StageName,Prospecting,Prospects,2026-04-29 stage restructure,2026-04-29 15:46:03,UPDATE
006WR00000wjKGlYAM,Alma Meadows,StageName,Prospecting,Prospects,2026-04-29 stage restructure,2026-04-29 15:46:03,UPDATE
006WR00000wjKGmYAM,Wildcreek Garden,StageName,Prospecting,Prospects,2026-04-29 stage restructure,2026-04-29 15:46:03,UPDATE
006WR00000wjKGnYAM,Juan Diego Apts,StageName,Prospecting,Prospects,2026-04-29 stage restructure,2026-04-29 15:46:03,UPDATE
006WR00000wjKGoYAM,Canada Hills,StageName,Prospecting,Prospects,2026-04-29 stage restructure,2026-04-29 15:46:03,UPDATE
006WR00000wjKGpYAM,Lumien at Fitzsimons,StageName,Prospecting,Prospects,2026-04-29 stage restructure,2026-04-29 15:46:03,UPDATE
006WR00000wjKGqYAM,Mountain View Mobile Home Park,StageName,Prospecting,Prospects,2026-04-29 stage restructure,2026-04-29 15:46:03,UPDATE
006WR00000wjKGrYAM,Clarkson Park Condos,StageName,Prospecting,Prospects,2026-04-29 stage restructure,2026-04-29 15:46:03,UPDATE
006WR00000wjKGsYAM,"Chaparral Homeowners Association, Inc.",StageName,Prospecting,Prospects,2026-04-29 stage restructure,2026-04-29 15:46:03,UPDATE
006WR00000wjKGtYAM,Veterans Apts,StageName,Prospecting,Prospects,2026-04-29 stage restructure,2026-04-29 15:46:03,UPDATE
006WR00000wjKGuYAM,Orpheus Condos,StageName,Prospecting,Prospects,2026-04-29 stage restructure,2026-04-29 15:46:03,UPDATE
006WR00000wjKGvYAM,Terrace Park- IPG,StageName,Prospecting,Prospects,2026-04-29 stage restructure,2026-04-29 15:46:03,UPDATE
006WR00000wjKGwYAM,The Pines at Pinehurst,StageName,Prospecting,Prospects,2026-04-29 stage restructure,2026-04-29 15:46:03,UPDATE
006WR00000wjKGxYAM,Saxony Apts,StageName,Prospecting,Prospects,2026-04-29 stage restructure,2026-04-29 15:46:03,UPDATE
006WR00000wjKGyYAM,Villas Glendale Townhouse,StageName,Prospecting,Prospects,2026-04-29 stage restructure,2026-04-29 15:46:03,UPDATE
006WR00000wjKGzYAM,Aspen Meadows New Development,StageName,Prospecting,Prospects,2026-04-29 stage restructure,2026-04-29 15:46:03,UPDATE
006WR00000wjKH0YAM,Carriage Lane / Carriage Court,StageName,Prospecting,Prospects,2026-04-29 stage restructure,2026-04-29 15:46:03,UPDATE
006WR00000wjKH1YAM,"Alpine Vista MHC, LLC",StageName,Prospecting,Prospects,2026-04-29 stage restructure,2026-04-29 15:46:03,UPDATE
006WR00000wjKH2YAM,Tallmadge Boyer Block,StageName,Prospecting,Prospects,2026-04-29 stage restructure,2026-04-29 15:46:03,UPDATE
006WR00000wjKH3YAM,Country Club of LaCholla,StageName,Prospecting,Prospects,2026-04-29 stage restructure,2026-04-29 15:46:03,UPDATE
006WR00000wjKH4YAM,"Patriot Mobile Home Park NV, LLC",StageName,Prospecting,Prospects,2026-04-29 stage restructure,2026-04-29 15:46:03,UPDATE
006WR00000wjKH5YAM,Freedom Springs,StageName,Prospecting,Prospects,2026-04-29 stage restructure,2026-04-29 15:46:03,UPDATE
006WR00000wjKH6YAM,Evoke Capitol LLC,StageName,Prospecting,Prospects,2026-04-29 stage restructure,2026-04-29 15:46:03,UPDATE
006WR00000wjKH7YAM,Lafayette Gardens,StageName,Prospecting,Prospects,2026-04-29 stage restructure,2026-04-29 15:46:03,UPDATE
006WR00000wjKH8YAM,1135 Logan St. Apts,StageName,Prospecting,Prospects,2026-04-29 stage restructure,2026-04-29 15:46:03,UPDATE
006WR00000wjKH9YAM,Sandstone at Eldorado Homeowners Association,StageName,Prospecting,Prospects,2026-04-29 stage restructure,2026-04-29 15:46:03,UPDATE
006WR00000wjKHAYA2,Barcelona Manor,StageName,Prospecting,Prospects,2026-04-29 stage restructure,2026-04-29 15:46:03,UPDATE
006WR00000wjKHBYA2,Normandy Gardens,StageName,Prospecting,Prospects,2026-04-29 stage restructure,2026-04-29 15:46:03,UPDATE
006WR00000wjKHCYA2,Jasmine Falls Homeowners Association,StageName,Prospecting,Prospects,2026-04-29 stage restructure,2026-04-29 15:46:03,UPDATE
006WR00000wjKHDYA2,San Pedro Resort,StageName,Prospecting,Prospects,2026-04-29 stage restructure,2026-04-29 15:46:03,UPDATE
006WR00000wjKHEYA2,Presidential Arms,StageName,Prospecting,Prospects,2026-04-29 stage restructure,2026-04-29 15:46:03,UPDATE
006WR00000wjKHFYA2,The Regent at Town Centre Homeowners Association,StageName,Prospecting,Prospects,2026-04-29 stage restructure,2026-04-29 15:46:03,UPDATE
006WR00000wjKHGYA2,Trail Creek Ranch,StageName,Prospecting,Prospects,2026-04-29 stage restructure,2026-04-29 15:46:03,UPDATE
006WR00000wjKHHYA2,Wheat Ridge Town Center North,StageName,Prospecting,Prospects,2026-04-29 stage restructure,2026-04-29 15:46:03,UPDATE
006WR00000wjKHIYA2,The Groves,StageName,Prospecting,Prospects,2026-04-29 stage restructure,2026-04-29 15:46:03,UPDATE
006WR00000wjdjoYAA,Metropolitan Towers,StageName,Prospecting,Prospects,2026-04-29 stage restructure,2026-04-29 15:46:03,UPDATE
006WR00000wjdjqYAA,Civic Plaza,StageName,Prospecting,Prospects,2026-04-29 stage restructure,2026-04-29 15:46:03,UPDATE
006WR00000wjdjrYAA,Vincent Marie,StageName,Prospecting,Prospects,2026-04-29 stage restructure,2026-04-29 15:46:03,UPDATE
006WR00000wjdjsYAA,Granite Village Condominiums,StageName,Prospecting,Prospects,2026-04-29 stage restructure,2026-04-29 15:46:03,UPDATE
006WR00000wjdjtYAA,Eagan Gables,StageName,Prospecting,Prospects,2026-04-29 stage restructure,2026-04-29 15:46:03,UPDATE
006WR00000wjdjvYAA,Valley Place,StageName,Prospecting,Prospects,2026-04-29 stage restructure,2026-04-29 15:46:03,UPDATE
006WR00000wjdjwYAA,Ridgepoint Apartments,StageName,Prospecting,Prospects,2026-04-29 stage restructure,2026-04-29 15:46:03,UPDATE
006WR00000wjdjxYAA,The Sedges,StageName,Prospecting,Prospects,2026-04-29 stage restructure,2026-04-29 15:46:03,UPDATE
006WR00000wjdjyYAA,University Village Apartments,StageName,Prospecting,Prospects,2026-04-29 stage restructure,2026-04-29 15:46:03,UPDATE
006WR00000wjdjzYAA,Boulevard 100,StageName,Prospecting,Prospects,2026-04-29 stage restructure,2026-04-29 15:46:03,UPDATE
006WR00000wjdk0YAA,Neo at Four Corners,StageName,Prospecting,Prospects,2026-04-29 stage restructure,2026-04-29 15:46:03,UPDATE
006WR00000wjdk1YAA,Park Ridgeway,StageName,Prospecting,Prospects,2026-04-29 stage restructure,2026-04-29 15:46:03,UPDATE
006WR00000wjdk2YAA,University Gardens,StageName,Prospecting,Prospects,2026-04-29 stage restructure,2026-04-29 15:46:03,UPDATE
006WR00000wjdk3YAA,Bass Lake Crossing,StageName,Prospecting,Prospects,2026-04-29 stage restructure,2026-04-29 15:46:03,UPDATE
006WR00000wjdk4YAA,Allegro Winter Park,StageName,Prospecting,Prospects,2026-04-29 stage restructure,2026-04-29 15:46:03,UPDATE
006WR00000wjdk5YAA,University Park Apts,StageName,Prospecting,Prospects,2026-04-29 stage restructure,2026-04-29 15:46:03,UPDATE
006WR00000wjdk6YAA,Palm Aire,StageName,Prospecting,Prospects,2026-04-29 stage restructure,2026-04-29 15:46:03,UPDATE
006WR00000wjdk7YAA,Urban Park,StageName,Prospecting,Prospects,2026-04-29 stage restructure,2026-04-29 15:46:03,UPDATE
006WR00000wjdk8YAA,Eagan Place,StageName,Prospecting,Prospects,2026-04-29 stage restructure,2026-04-29 15:46:03,UPDATE
006WR00000wjdk9YAA,The Junction at Iron Horse,StageName,Prospecting,Prospects,2026-04-29 stage restructure,2026-04-29 15:46:03,UPDATE
006WR00000wjdkAYAQ,Pinewood Park Apartments,StageName,Prospecting,Prospects,2026-04-29 stage restructure,2026-04-29 15:46:03,UPDATE
006WR00000wjdkBYAQ,Groves,StageName,Prospecting,Prospects,2026-04-29 stage restructure,2026-04-29 15:46:03,UPDATE
006WR00000wjdkCYAQ,Maple Ridge,StageName,Prospecting,Prospects,2026-04-29 stage restructure,2026-04-29 15:46:03,UPDATE
006WR00000wjdkDYAQ,The Residences at Emerson Park,StageName,Prospecting,Prospects,2026-04-29 stage restructure,2026-04-29 15:46:03,UPDATE
006WR00000wjdkEYAQ,Pantano Crossings,StageName,Prospecting,Prospects,2026-04-29 stage restructure,2026-04-29 15:46:03,UPDATE
006WR00000wjdkFYAQ,Meadowview,StageName,Prospecting,Prospects,2026-04-29 stage restructure,2026-04-29 15:46:03,UPDATE
006WR00000wjdkGYAQ,Arroyo Villas,StageName,Prospecting,Prospects,2026-04-29 stage restructure,2026-04-29 15:46:03,UPDATE
006WR00000wjdkHYAQ,The Neo Apartments,StageName,Prospecting,Prospects,2026-04-29 stage restructure,2026-04-29 15:46:03,UPDATE
006WR00000wjdkIYAQ,Bristol Village,StageName,Prospecting,Prospects,2026-04-29 stage restructure,2026-04-29 15:46:03,UPDATE
006WR00000wjdkJYAQ,Benmark Apartments,StageName,Prospecting,Prospects,2026-04-29 stage restructure,2026-04-29 15:46:03,UPDATE
006WR00000wjdkKYAQ,Chateau,StageName,Prospecting,Prospects,2026-04-29 stage restructure,2026-04-29 15:46:03,UPDATE
006WR00000wjdkLYAQ,Westridge Apartments,StageName,Prospecting,Prospects,2026-04-29 stage restructure,2026-04-29 15:46:03,UPDATE
006WR00000wjdkMYAQ,Palmetto Apartments,StageName,Prospecting,Prospects,2026-04-29 stage restructure,2026-04-29 15:46:03,UPDATE
006WR00000wjdkNYAQ,SIerra Meadows,StageName,Prospecting,Prospects,2026-04-29 stage restructure,2026-04-29 15:46:03,UPDATE
006WR00000wjdkOYAQ,Briarwood Manor Phase 1,StageName,Prospecting,Prospects,2026-04-29 stage restructure,2026-04-29 15:46:03,UPDATE
006WR00000wjdkPYAQ,Woodland Park,StageName,Prospecting,Prospects,2026-04-29 stage restructure,2026-04-29 15:46:03,UPDATE
006WR00000wjdkQYAQ,Encino Gardens,StageName,Prospecting,Prospects,2026-04-29 stage restructure,2026-04-29 15:46:03,UPDATE
006WR00000wjdkSYAQ,Briarwood Manor Phase 2,StageName,Prospecting,Prospects,2026-04-29 stage restructure,2026-04-29 15:46:03,UPDATE
006WR00000wjdkTYAQ,Highland Park (Fridley),StageName,Prospecting,Prospects,2026-04-29 stage restructure,2026-04-29 15:46:03,UPDATE
006WR00000wjdkUYAQ,Aspens,StageName,Prospecting,Prospects,2026-04-29 stage restructure,2026-04-29 15:46:03,UPDATE
006WR00000wjdkVYAQ,Royal American,StageName,Prospecting,Prospects,2026-04-29 stage restructure,2026-04-29 15:46:03,UPDATE
006WR00000wjdkWYAQ,Oakdale Apartments,StageName,Prospecting,Prospects,2026-04-29 stage restructure,2026-04-29 15:46:03,UPDATE
006WR00000wjdkXYAQ,River Quarry,StageName,Prospecting,Prospects,2026-04-29 stage restructure,2026-04-29 15:46:03,UPDATE
006WR00000wjdkYYAQ,Cedar gate,StageName,Prospecting,Prospects,2026-04-29 stage restructure,2026-04-29 15:46:03,UPDATE
006WR00000wjdkZYAQ,Ash Street Courtyard,StageName,Prospecting,Prospects,2026-04-29 stage restructure,2026-04-29 15:46:03,UPDATE
006WR00000wjdkaYAA,Park at Murano,StageName,Prospecting,Prospects,2026-04-29 stage restructure,2026-04-29 15:46:03,UPDATE
006WR00000wjdkbYAA,Woodbridge Apartments,StageName,Prospecting,Prospects,2026-04-29 stage restructure,2026-04-29 15:46:03,UPDATE
006WR00000wjdkcYAA,Hampshire Hill,StageName,Prospecting,Prospects,2026-04-29 stage restructure,2026-04-29 15:46:03,UPDATE
006WR00000wjdkdYAA,Harbour Court / 910 North,StageName,Prospecting,Prospects,2026-04-29 stage restructure,2026-04-29 15:46:03,UPDATE
006WR00000wjdkeYAA,Park at Veneto,StageName,Prospecting,Prospects,2026-04-29 stage restructure,2026-04-29 15:46:03,UPDATE
006WR00000wjdkfYAA,Layton Pointe,StageName,Prospecting,Prospects,2026-04-29 stage restructure,2026-04-29 15:46:03,UPDATE
006WR00000wjdkgYAA,Park at Pasitano,StageName,Prospecting,Prospects,2026-04-29 stage restructure,2026-04-29 15:46:03,UPDATE
006WR00000wjdkhYAA,Soll,StageName,Prospecting,Prospects,2026-04-29 stage restructure,2026-04-29 15:46:03,UPDATE
006WR00000wjdkiYAA,Colonial Court,StageName,Prospecting,Prospects,2026-04-29 stage restructure,2026-04-29 15:46:03,UPDATE
006WR00000wjdkjYAA,Winhall at Williams Point,StageName,Prospecting,Prospects,2026-04-29 stage restructure,2026-04-29 15:46:03,UPDATE
006WR00000wjdkkYAA,The Seville,StageName,Prospecting,Prospects,2026-04-29 stage restructure,2026-04-29 15:46:03,UPDATE
006WR00000wjdklYAA,Lost Creek,StageName,Prospecting,Prospects,2026-04-29 stage restructure,2026-04-29 15:46:03,UPDATE
006WR00000wjdkpYAA,Laurel Canyon,StageName,Prospecting,Prospects,2026-04-29 stage restructure,2026-04-29 15:46:03,UPDATE
006WR00000wjdkqYAA,Mendota Garden,StageName,Prospecting,Prospects,2026-04-29 stage restructure,2026-04-29 15:46:03,UPDATE
006WR00000wjdkrYAA,Skandia Mobile Country Club,StageName,Prospecting,Prospects,2026-04-29 stage restructure,2026-04-29 15:46:03,UPDATE
006WR00000wjdksYAA,Oak Hill Apartments,StageName,Prospecting,Prospects,2026-04-29 stage restructure,2026-04-29 15:46:03,UPDATE
006WR00000wjdktYAA,Parkside Apartments,StageName,Prospecting,Prospects,2026-04-29 stage restructure,2026-04-29 15:46:03,UPDATE
006WR00000wjdkuYAA,Regatta Apartments,StageName,Prospecting,Prospects,2026-04-29 stage restructure,2026-04-29 15:46:03,UPDATE
006WR00000wjdkvYAA,Spinnaker Landing,StageName,Prospecting,Prospects,2026-04-29 stage restructure,2026-04-29 15:46:03,UPDATE
006WR00000wjdkwYAA,Pleasant View Estates,StageName,Prospecting,Prospects,2026-04-29 stage restructure,2026-04-29 15:46:03,UPDATE
006WR00000wjdkxYAA,The Meadows,StageName,Prospecting,Prospects,2026-04-29 stage restructure,2026-04-29 15:46:03,UPDATE
006WR00000wjdkyYAA,Valley View Ephrata II,StageName,Prospecting,Prospects,2026-04-29 stage restructure,2026-04-29 15:46:03,UPDATE
006WR00000wjdkzYAA,Valley View Ephrata I,StageName,Prospecting,Prospects,2026-04-29 stage restructure,2026-04-29 15:46:03,UPDATE
006WR00000wjdl0YAA,Crescent Valley,StageName,Prospecting,Prospects,2026-04-29 stage restructure,2026-04-29 15:46:03,UPDATE
006WR00000wjdl1YAA,Fairway Estates MHC,StageName,Prospecting,Prospects,2026-04-29 stage restructure,2026-04-29 15:46:03,UPDATE
006WR00000wjdl2YAA,Lamplighter Camarillo,StageName,Prospecting,Prospects,2026-04-29 stage restructure,2026-04-29 15:46:03,UPDATE
006WR00000wjdl3YAA,Royal Garden Estates,StageName,Prospecting,Prospects,2026-04-29 stage restructure,2026-04-29 15:46:03,UPDATE
006WR00000wjdl4YAA,Sunset Estates,StageName,Prospecting,Prospects,2026-04-29 stage restructure,2026-04-29 15:46:03,UPDATE
006WR00000wjdl5YAA,Aspen Basalt Mobile Home Park,StageName,Prospecting,Prospects,2026-04-29 stage restructure,2026-04-29 15:46:03,UPDATE
006WR00000wjdl6YAA,Country Estates Mobile Home Park,StageName,Prospecting,Prospects,2026-04-29 stage restructure,2026-04-29 15:46:03,UPDATE
006WR00000wjdl7YAA,IPG Capital Mountain View,StageName,Prospecting,Prospects,2026-04-29 stage restructure,2026-04-29 15:46:03,UPDATE
006WR00000wjdl8YAA,Glenbrier Park,StageName,Prospecting,Prospects,2026-04-29 stage restructure,2026-04-29 15:46:03,UPDATE
006WR00000wjdl9YAA,Granger Senior Estates,StageName,Prospecting,Prospects,2026-04-29 stage restructure,2026-04-29 15:46:03,UPDATE
006WR00000wjdlAYAQ,Rustic Acres MHC,StageName,Prospecting,Prospects,2026-04-29 stage restructure,2026-04-29 15:46:03,UPDATE
006WR00000wjdlBYAQ,Windemere Meadows -Aumsville,StageName,Prospecting,Prospects,2026-04-29 stage restructure,2026-04-29 15:46:03,UPDATE
006WR00000wjdlCYAQ,Big Valley Woods,StageName,Prospecting,Prospects,2026-04-29 stage restructure,2026-04-29 15:46:03,UPDATE
006WR00000wjdlDYAQ,Camelot Mobile Estates,StageName,Prospecting,Prospects,2026-04-29 stage restructure,2026-04-29 15:46:03,UPDATE
006WR00000wjdlEYAQ,Concord Terrace,StageName,Prospecting,Prospects,2026-04-29 stage restructure,2026-04-29 15:46:03,UPDATE
006WR00000wjdlFYAQ,Excalibur Village,StageName,Prospecting,Prospects,2026-04-29 stage restructure,2026-04-29 15:46:03,UPDATE
006WR00000wjdlGYAQ,Golden Oaks,StageName,Prospecting,Prospects,2026-04-29 stage restructure,2026-04-29 15:46:03,UPDATE
006WR00000wjdlHYAQ,Mill Creek Estates,StageName,Prospecting,Prospects,2026-04-29 stage restructure,2026-04-29 15:46:03,UPDATE
006WR00000wjdlIYAQ,Remington Arms,StageName,Prospecting,Prospects,2026-04-29 stage restructure,2026-04-29 15:46:03,UPDATE
006WR00000wjdlJYAQ,The Pines (aka Windstone),StageName,Prospecting,Prospects,2026-04-29 stage restructure,2026-04-29 15:46:03,UPDATE
006WR00000wjdlKYAQ,Viking Estates,StageName,Prospecting,Prospects,2026-04-29 stage restructure,2026-04-29 15:46:03,UPDATE
006WR00000wjdlLYAQ,Wildwood Mobile Villa,StageName,Prospecting,Prospects,2026-04-29 stage restructure,2026-04-29 15:46:03,UPDATE
006WR00000wjdlMYAQ,Willow Pines,StageName,Prospecting,Prospects,2026-04-29 stage restructure,2026-04-29 15:46:03,UPDATE
006WR00000wjnOAYAY,Higley Apartments,StageName,Prospecting,Prospects,2026-04-29 stage restructure,2026-04-29 15:46:03,UPDATE
006WR00000wjnOBYAY,Rivulon,StageName,Prospecting,Prospects,2026-04-29 stage restructure,2026-04-29 15:46:03,UPDATE
006WR00000wjnOCYAY,Murietta at ASU,StageName,Prospecting,Prospects,2026-04-29 stage restructure,2026-04-29 15:46:03,UPDATE
006WR00000wjnODYAY,Sonoma Landing Luxury Apartments,StageName,Prospecting,Prospects,2026-04-29 stage restructure,2026-04-29 15:46:03,UPDATE
006WR00000wjnOEYAY,Lotus Point,StageName,Prospecting,Prospects,2026-04-29 stage restructure,2026-04-29 15:46:03,UPDATE
006WR00000wjnOFYAY,Karmella Mobile Home Park,StageName,Prospecting,Prospects,2026-04-29 stage restructure,2026-04-29 15:46:03,UPDATE
006WR00000wjnOGYAY,Mera Greenfield,StageName,Prospecting,Prospects,2026-04-29 stage restructure,2026-04-29 15:46:03,UPDATE
006WR00000wjnOHYAY,Encore On MacDonald,StageName,Prospecting,Prospects,2026-04-29 stage restructure,2026-04-29 15:46:03,UPDATE
006WR00000wjnOIYAY,Juanita Mobile Home Park,StageName,Prospecting,Prospects,2026-04-29 stage restructure,2026-04-29 15:46:03,UPDATE
006WR00000wjnOJYAY,Stillwater Superstition Apartments,StageName,Prospecting,Prospects,2026-04-29 stage restructure,2026-04-29 15:46:03,UPDATE
006WR00000wjnOKYAY,Villas On Hampton Avenue,StageName,Prospecting,Prospects,2026-04-29 stage restructure,2026-04-29 15:46:03,UPDATE
006WR00000wjnOLYAY,The Palms on Scottsdale,StageName,Prospecting,Prospects,2026-04-29 stage restructure,2026-04-29 15:46:03,UPDATE
006WR00000wjnOMYAY,Peralta Vista (Apt. homes rent),StageName,Prospecting,Prospects,2026-04-29 stage restructure,2026-04-29 15:46:03,UPDATE
006WR00000wjnONYAY,Smith + Rio,StageName,Prospecting,Prospects,2026-04-29 stage restructure,2026-04-29 15:46:03,UPDATE
006WR00000wjnOOYAY,Imperial Broadmoor,StageName,Prospecting,Prospects,2026-04-29 stage restructure,2026-04-29 15:46:03,UPDATE
006WR00000wjnOPYAY,Keller at Town Square,StageName,Prospecting,Prospects,2026-04-29 stage restructure,2026-04-29 15:46:03,UPDATE
006WR00000wjnOQYAY,Golf View Apartments,StageName,Prospecting,Prospects,2026-04-29 stage restructure,2026-04-29 15:46:03,UPDATE
006WR00000wjnORYAY,Sunridge Manor Apts - NOW - The Manhattan,StageName,Prospecting,Prospects,2026-04-29 stage restructure,2026-04-29 15:46:03,UPDATE
006WR00000wjnOSYAY,The Grid,StageName,Prospecting,Prospects,2026-04-29 stage restructure,2026-04-29 15:46:03,UPDATE
006WR00000wjnOTYAY,Pueblo Mesa (MHP),StageName,Prospecting,Prospects,2026-04-29 stage restructure,2026-04-29 15:46:03,UPDATE
006WR00000wjnOUYAY,The Resort (MHP),StageName,Prospecting,Prospects,2026-04-29 stage restructure,2026-04-29 15:46:03,UPDATE
006WR00000wjnOVYAY,The Aster at Mountain Vista,StageName,Prospecting,Prospects,2026-04-29 stage restructure,2026-04-29 15:46:03,UPDATE
006WR00000wjnOWYAY,The Havenly Gilbert,StageName,Prospecting,Prospects,2026-04-29 stage restructure,2026-04-29 15:46:03,UPDATE
006WR00000wjnOXYAY,Garden Spot Mobile Home Park,StageName,Prospecting,Prospects,2026-04-29 stage restructure,2026-04-29 15:46:03,UPDATE
006WR00000wjnOYYAY,Medina Station- Phase 2,StageName,Prospecting,Prospects,2026-04-29 stage restructure,2026-04-29 15:46:03,UPDATE
006WR00000wjnOZYAY,Golden West Apartments,StageName,Prospecting,Prospects,2026-04-29 stage restructure,2026-04-29 15:46:03,UPDATE
006WR00000wjnOaYAI,Modera Rio Salado,StageName,Prospecting,Prospects,2026-04-29 stage restructure,2026-04-29 15:46:03,UPDATE
006WR00000wjnObYAI,Hilo Tempe,StageName,Prospecting,Prospects,2026-04-29 stage restructure,2026-04-29 15:46:03,UPDATE
006WR00000wjnOcYAI,Gallery Park,StageName,Prospecting,Prospects,2026-04-29 stage restructure,2026-04-29 15:46:03,UPDATE
006WR00000wjnOdYAI,Melrose Place,StageName,Prospecting,Prospects,2026-04-29 stage restructure,2026-04-29 15:46:03,UPDATE
006WR00000wjnOeYAI,Ramblewood Condos,StageName,Prospecting,Prospects,2026-04-29 stage restructure,2026-04-29 15:46:03,UPDATE
006WR00000wjnOfYAI,Painted Trails Apartments,StageName,Prospecting,Prospects,2026-04-29 stage restructure,2026-04-29 15:46:03,UPDATE
006WR00000wjnOgYAI,Park Place at Gallery Park,StageName,Prospecting,Prospects,2026-04-29 stage restructure,2026-04-29 15:46:03,UPDATE
006WR00000wjnOhYAI,Trailing R Mobile Ranch-64 Spaces,StageName,Prospecting,Prospects,2026-04-29 stage restructure,2026-04-29 15:46:03,UPDATE
006WR00000wjnOiYAI,Silveridge Resort (MHP),StageName,Prospecting,Prospects,2026-04-29 stage restructure,2026-04-29 15:46:03,UPDATE
006WR00000wjnOjYAI,Springs at Red Mountain,StageName,Prospecting,Prospects,2026-04-29 stage restructure,2026-04-29 15:46:03,UPDATE
006WR00000wjnOkYAI,Medina Station Phase 1,StageName,Prospecting,Prospects,2026-04-29 stage restructure,2026-04-29 15:46:03,UPDATE
006WR00000wjnOlYAI,Sunny Crest (MHP),StageName,Prospecting,Prospects,2026-04-29 stage restructure,2026-04-29 15:46:03,UPDATE
006WR00000wjnOmYAI,Silver Spur Village,StageName,Prospecting,Prospects,2026-04-29 stage restructure,2026-04-29 15:46:03,UPDATE
006WR00000wjnOnYAI,The ONE at Mountain Vista,StageName,Prospecting,Prospects,2026-04-29 stage restructure,2026-04-29 15:46:03,UPDATE
006WR00000wjnOoYAI,Shadow Run Condos,StageName,Prospecting,Prospects,2026-04-29 stage restructure,2026-04-29 15:46:03,UPDATE
006WR00000wjnOpYAI,The Groves Apartments,StageName,Prospecting,Prospects,2026-04-29 stage restructure,2026-04-29 15:46:03,UPDATE
006WR00000wjnOqYAI,Southbank - Lot 6,StageName,Prospecting,Prospects,2026-04-29 stage restructure,2026-04-29 15:46:03,UPDATE
006WR00000wjnOrYAI,First & Farmer,StageName,Prospecting,Prospects,2026-04-29 stage restructure,2026-04-29 15:46:03,UPDATE
006WR00000wjnOsYAI,Garden View Apts/Deckz Townhomes,StageName,Prospecting,Prospects,2026-04-29 stage restructure,2026-04-29 15:46:03,UPDATE
006WR00000wjnOtYAI,Suncourt Villas Apartments,StageName,Prospecting,Prospects,2026-04-29 stage restructure,2026-04-29 15:46:03,UPDATE
006WR00000wjnOuYAI,Village Crossing at Broadway,StageName,Prospecting,Prospects,2026-04-29 stage restructure,2026-04-29 15:46:03,UPDATE
006WR00000wjnOvYAI,Mountain View Condo Rentals,StageName,Prospecting,Prospects,2026-04-29 stage restructure,2026-04-29 15:46:03,UPDATE
006WR00000wjnOwYAI,Horne Apartments,StageName,Prospecting,Prospects,2026-04-29 stage restructure,2026-04-29 15:46:03,UPDATE
006WR00000wjnOxYAI,The Davenport,StageName,Prospecting,Prospects,2026-04-29 stage restructure,2026-04-29 15:46:03,UPDATE
006WR00000wjnOyYAI,Sundial,StageName,Prospecting,Prospects,2026-04-29 stage restructure,2026-04-29 15:46:03,UPDATE
006WR00000wjnOzYAI,Sunflower/Rio Salada Place Apartments,StageName,Prospecting,Prospects,2026-04-29 stage restructure,2026-04-29 15:46:03,UPDATE
006WR00000wjnP0YAI,Villa Del Prado Apts,StageName,Prospecting,Prospects,2026-04-29 stage restructure,2026-04-29 15:46:03,UPDATE
006WR00000wjnP1YAI,Silver Spur Ranch (MHP),StageName,Prospecting,Prospects,2026-04-29 stage restructure,2026-04-29 15:46:03,UPDATE
006WR00000wjnP2YAI,Mesa Sunset (MHP),StageName,Prospecting,Prospects,2026-04-29 stage restructure,2026-04-29 15:46:03,UPDATE
006WR00000wjnP3YAI,Mountain View (MHP),StageName,Prospecting,Prospects,2026-04-29 stage restructure,2026-04-29 15:46:03,UPDATE
006WR00000wjnP4YAI,Los Racimos Condos,StageName,Prospecting,Prospects,2026-04-29 stage restructure,2026-04-29 15:46:03,UPDATE
006WR00000wjnP5YAI,The Residences at Mesa & Main,StageName,Prospecting,Prospects,2026-04-29 stage restructure,2026-04-29 15:46:03,UPDATE
006WR00000wjnP6YAI,Saratoga Apartments,StageName,Prospecting,Prospects,2026-04-29 stage restructure,2026-04-29 15:46:03,UPDATE
006WR00000wjnP7YAI,Elliot Place,StageName,Prospecting,Prospects,2026-04-29 stage restructure,2026-04-29 15:46:03,UPDATE
006WR00000wjnP8YAI,Lincoln South Bank,StageName,Prospecting,Prospects,2026-04-29 stage restructure,2026-04-29 15:46:03,UPDATE
006WR00000wjnP9YAI,Lakeside Villas,StageName,Prospecting,Prospects,2026-04-29 stage restructure,2026-04-29 15:46:03,UPDATE
006WR00000wjnPAYAY,District at Cooley Station,StageName,Prospecting,Prospects,2026-04-29 stage restructure,2026-04-29 15:46:03,UPDATE
006WR00000wjnPBYAY,Gilbert Commons,StageName,Prospecting,Prospects,2026-04-29 stage restructure,2026-04-29 15:46:03,UPDATE
006WR00000wjnPCYAY,Norte Town Lake,StageName,Prospecting,Prospects,2026-04-29 stage restructure,2026-04-29 15:46:03,UPDATE
006WR00000wjnPDYAY,Northbend,StageName,Prospecting,Prospects,2026-04-29 stage restructure,2026-04-29 15:46:03,UPDATE
006WR00000wjnPEYAY,Marquis at Chandler,StageName,Prospecting,Prospects,2026-04-29 stage restructure,2026-04-29 15:46:03,UPDATE
006WR00000wjnPFYAY,Skye Tempe,StageName,Prospecting,Prospects,2026-04-29 stage restructure,2026-04-29 15:46:03,UPDATE
006WR00000wjnPGYAY,South Pier at Tempe Town Lake,StageName,Prospecting,Prospects,2026-04-29 stage restructure,2026-04-29 15:46:03,UPDATE
006WR00000wjnPHYAY,The Curry Road Apartments,StageName,Prospecting,Prospects,2026-04-29 stage restructure,2026-04-29 15:46:03,UPDATE
006WR00000wjnPIYAY,Tempe Cascade (MHP),StageName,Prospecting,Prospects,2026-04-29 stage restructure,2026-04-29 15:46:03,UPDATE
006WR00000wjnPJYAY,St. James Manor Apartments,StageName,Prospecting,Prospects,2026-04-29 stage restructure,2026-04-29 15:46:03,UPDATE
006WR00000wjnPKYAY,Whelan Ranch Condominiums,StageName,Prospecting,Prospects,2026-04-29 stage restructure,2026-04-29 15:46:03,UPDATE
006WR00000wjnPLYAY,The Normandy,StageName,Prospecting,Prospects,2026-04-29 stage restructure,2026-04-29 15:46:03,UPDATE
006WR00000wjnPMYAY,The Mill,StageName,Prospecting,Prospects,2026-04-29 stage restructure,2026-04-29 15:46:03,UPDATE
006WR00000wjnPNYAY,Cypress Pointe II Senior Housing,StageName,Prospecting,Prospects,2026-04-29 stage restructure,2026-04-29 15:46:03,UPDATE
006WR00000wjnPOYAY,Riviera Court,StageName,Prospecting,Prospects,2026-04-29 stage restructure,2026-04-29 15:46:03,UPDATE
006WR00000wjnPPYAY,Hamburg MHP,StageName,Prospecting,Prospects,2026-04-29 stage restructure,2026-04-29 15:46:03,UPDATE
006WR00000wjnPQYAY,Chaucer Estates,StageName,Prospecting,Prospects,2026-04-29 stage restructure,2026-04-29 15:46:03,UPDATE
006WR00000wjnPRYAY,Cedar Creek,StageName,Prospecting,Prospects,2026-04-29 stage restructure,2026-04-29 15:46:03,UPDATE
006WR00000wjnPSYAY,Hillside CP LLC,StageName,Prospecting,Prospects,2026-04-29 stage restructure,2026-04-29 15:46:03,UPDATE
006WR00000wjnPTYAY,North Bay Estates,StageName,Prospecting,Prospects,2026-04-29 stage restructure,2026-04-29 15:46:03,UPDATE
006WR00000wjnPUYAY,Fredonia Estates CP LLC,StageName,Prospecting,Prospects,2026-04-29 stage restructure,2026-04-29 15:46:03,UPDATE
006WR00000wjnPVYAY,"Forest MHP, LLC",StageName,Prospecting,Prospects,2026-04-29 stage restructure,2026-04-29 15:46:03,UPDATE
006WR00000wjnPWYAY,Lynchburg (fka Suburban Trailer Town),StageName,Prospecting,Prospects,2026-04-29 stage restructure,2026-04-29 15:46:03,UPDATE
006WR00000wjnPXYAY,Lake Side MHC (Part of Buckeye Lake MHP above),StageName,Prospecting,Prospects,2026-04-29 stage restructure,2026-04-29 15:46:03,UPDATE
006WR00000wjnPYYAY,Morgantown Hills (Jarret Brothers),StageName,Prospecting,Prospects,2026-04-29 stage restructure,2026-04-29 15:46:03,UPDATE
006WR00000wjnPZYAY,Fairplay MHP,StageName,Prospecting,Prospects,2026-04-29 stage restructure,2026-04-29 15:46:03,UPDATE
006WR00000wjnPaYAI,Gold Pan MHP,StageName,Prospecting,Prospects,2026-04-29 stage restructure,2026-04-29 15:46:03,UPDATE
006WR00000wjnPbYAI,Dotsero MHP,StageName,Prospecting,Prospects,2026-04-29 stage restructure,2026-04-29 15:46:03,UPDATE
006WR00000wjnPcYAI,Greeley RV Park,StageName,Prospecting,Prospects,2026-04-29 stage restructure,2026-04-29 15:46:03,UPDATE
006WR00000wjnPdYAI,Walnut Manor,StageName,Prospecting,Prospects,2026-04-29 stage restructure,2026-04-29 15:46:03,UPDATE
006WR00000wjnPeYAI,Oxford Woods,StageName,Prospecting,Prospects,2026-04-29 stage restructure,2026-04-29 15:46:03,UPDATE
006WR00000wjnPfYAI,Stanton Hills MHP,StageName,Prospecting,Prospects,2026-04-29 stage restructure,2026-04-29 15:46:03,UPDATE
006WR00000wjnPgYAI,Sandy Hills Estates,StageName,Prospecting,Prospects,2026-04-29 stage restructure,2026-04-29 15:46:03,UPDATE
006WR00000wjnPhYAI,Riverbend Estates (Oakridge),StageName,Prospecting,Prospects,2026-04-29 stage restructure,2026-04-29 15:46:03,UPDATE
006WR00000wjnPiYAI,RV Retreat,StageName,Prospecting,Prospects,2026-04-29 stage restructure,2026-04-29 15:46:03,UPDATE
006WR00000wjnPjYAI,Beaver Dam,StageName,Prospecting,Prospects,2026-04-29 stage restructure,2026-04-29 15:46:03,UPDATE
006WR00000wjnPkYAI,City Gate,StageName,Prospecting,Prospects,2026-04-29 stage restructure,2026-04-29 15:46:03,UPDATE
006WR00000wjnkrYAA,Landmark on Lovers,StageName,Prospecting,Prospects,2026-04-29 stage restructure,2026-04-29 15:46:03,UPDATE
006WR00000wjnksYAA,Berkshire Auburn,StageName,Prospecting,Prospects,2026-04-29 stage restructure,2026-04-29 15:46:03,UPDATE
006WR00000wjnktYAA,Andulusian Gate,StageName,Prospecting,Prospects,2026-04-29 stage restructure,2026-04-29 15:46:03,UPDATE
006WR00000wjnkuYAA,South Side Flats,StageName,Prospecting,Prospects,2026-04-29 stage restructure,2026-04-29 15:46:03,UPDATE
006WR00000wjnkvYAA,Berkshire Amber,StageName,Prospecting,Prospects,2026-04-29 stage restructure,2026-04-29 15:46:03,UPDATE
006WR00000wjnkwYAA,Stonegate Apts,StageName,Prospecting,Prospects,2026-04-29 stage restructure,2026-04-29 15:46:03,UPDATE
006WR00000wjnkxYAA,Fiesta Park Village Condos,StageName,Prospecting,Prospects,2026-04-29 stage restructure,2026-04-29 15:46:03,UPDATE
006WR00000wjnkyYAA,Fiesta Village Furnished Apts,StageName,Prospecting,Prospects,2026-04-29 stage restructure,2026-04-29 15:46:03,UPDATE
006WR00000wjnkzYAA,Shorebird,StageName,Prospecting,Prospects,2026-04-29 stage restructure,2026-04-29 15:46:03,UPDATE
006WR00000wjnl0YAA,Country Cousins Mobile Home & RV Park,StageName,Prospecting,Prospects,2026-04-29 stage restructure,2026-04-29 15:46:03,UPDATE
006WR00000wjnl1YAA,Skyline Trinity,StageName,Prospecting,Prospects,2026-04-29 stage restructure,2026-04-29 15:46:03,UPDATE
006WR00000wjnl2YAA,Broadstone 51/51,StageName,Prospecting,Prospects,2026-04-29 stage restructure,2026-04-29 15:46:03,UPDATE
006WR00000wjnl3YAA,Larq Henderson,StageName,Prospecting,Prospects,2026-04-29 stage restructure,2026-04-29 15:46:03,UPDATE
006WR00000wjnl4YAA,Camden Belmont,StageName,Prospecting,Prospects,2026-04-29 stage restructure,2026-04-29 15:46:03,UPDATE
006WR00000wjnl5YAA,Buckeye Trails Commons,StageName,Prospecting,Prospects,2026-04-29 stage restructure,2026-04-29 15:46:03,UPDATE
006WR00000wjnl6YAA,Melody Villa Condominiums,StageName,Prospecting,Prospects,2026-04-29 stage restructure,2026-04-29 15:46:03,UPDATE
006WR00000wjnl7YAA,Ponderosa Pine Apartments (Pine Gardens),StageName,Prospecting,Prospects,2026-04-29 stage restructure,2026-04-29 15:46:03,UPDATE
006WR00000wjnl8YAA,Alexan Lower Greenville,StageName,Prospecting,Prospects,2026-04-29 stage restructure,2026-04-29 15:46:03,UPDATE
006WR00000wjnl9YAA,New Village at Lakewest,StageName,Prospecting,Prospects,2026-04-29 stage restructure,2026-04-29 15:46:03,UPDATE
006WR00000wjnlAYAQ,Alara Uptown,StageName,Prospecting,Prospects,2026-04-29 stage restructure,2026-04-29 15:46:03,UPDATE
006WR00000wjnlBYAQ,Bishop North,StageName,Prospecting,Prospects,2026-04-29 stage restructure,2026-04-29 15:46:03,UPDATE
006WR00000wjnlCYAQ,Thirty377,StageName,Prospecting,Prospects,2026-04-29 stage restructure,2026-04-29 15:46:03,UPDATE
006WR00000wjnlDYAQ,Stella,StageName,Prospecting,Prospects,2026-04-29 stage restructure,2026-04-29 15:46:03,UPDATE
006WR00000wjnlEYAQ,The Monterey,StageName,Prospecting,Prospects,2026-04-29 stage restructure,2026-04-29 15:46:03,UPDATE
006WR00000wjnlFYAQ,Temple View Condos,StageName,Prospecting,Prospects,2026-04-29 stage restructure,2026-04-29 15:46:03,UPDATE
006WR00000wjnlGYAQ,Tamarron Village,StageName,Prospecting,Prospects,2026-04-29 stage restructure,2026-04-29 15:46:03,UPDATE
006WR00000wjnlHYAQ,Four Mile Village Condominium Association,StageName,Prospecting,Prospects,2026-04-29 stage restructure,2026-04-29 15:46:03,UPDATE
006WR00000wjnlIYAQ,Pearl Studios,StageName,Prospecting,Prospects,2026-04-29 stage restructure,2026-04-29 15:46:03,UPDATE
006WR00000wjnlJYAQ,Portola East Mesa,StageName,Prospecting,Prospects,2026-04-29 stage restructure,2026-04-29 15:46:03,UPDATE
006WR00000wjnlKYAQ,Tremont Sr Apartment Homes,StageName,Prospecting,Prospects,2026-04-29 stage restructure,2026-04-29 15:46:03,UPDATE
006WR00000wjnlLYAQ,Ridge Point,StageName,Prospecting,Prospects,2026-04-29 stage restructure,2026-04-29 15:46:03,UPDATE
006WR00000wjnlMYAQ,Riverside Apartments,StageName,Prospecting,Prospects,2026-04-29 stage restructure,2026-04-29 15:46:03,UPDATE
006WR00000wjnlNYAQ,Riverside Mobile Estates,StageName,Prospecting,Prospects,2026-04-29 stage restructure,2026-04-29 15:46:03,UPDATE
006WR00000wjnlOYAQ,Chaska Place Apartments,StageName,Prospecting,Prospects,2026-04-29 stage restructure,2026-04-29 15:46:03,UPDATE
006WR00000wjnlPYAQ,Seven Palms,StageName,Prospecting,Prospects,2026-04-29 stage restructure,2026-04-29 15:46:03,UPDATE
006WR00000wjnlQYAQ,Marina South at Cape Harbor,StageName,Prospecting,Prospects,2026-04-29 stage restructure,2026-04-29 15:46:03,UPDATE
006WR00000wjnlRYAQ,Lodges at Deer Valley,StageName,Prospecting,Prospects,2026-04-29 stage restructure,2026-04-29 15:46:03,UPDATE
006WR00000wjnlSYAQ,Dolce Vita,StageName,Prospecting,Prospects,2026-04-29 stage restructure,2026-04-29 15:46:03,UPDATE
006WR00000wjnlTYAQ,Heather Brook Apartments,StageName,Prospecting,Prospects,2026-04-29 stage restructure,2026-04-29 15:46:03,UPDATE
006WR00000wjnlVYAQ,MAA Copper Ridge,StageName,Prospecting,Prospects,2026-04-29 stage restructure,2026-04-29 15:46:03,UPDATE
006WR00000wjnlWYAQ,MAA Watermark,StageName,Prospecting,Prospects,2026-04-29 stage restructure,2026-04-29 15:46:03,UPDATE
006WR00000wjnlXYAQ,MAA Boulder Ridge,StageName,Prospecting,Prospects,2026-04-29 stage restructure,2026-04-29 15:46:03,UPDATE
006WR00000wjnlZYAQ,Bentley By Broadmoor,StageName,Prospecting,Prospects,2026-04-29 stage restructure,2026-04-29 15:46:03,UPDATE
006WR00000wjnlaYAA,The Colonial Apartments Broadmoor,StageName,Prospecting,Prospects,2026-04-29 stage restructure,2026-04-29 15:46:03,UPDATE
006WR00000wjnlbYAA,Bellrock Crystal Springs Apartments,StageName,Prospecting,Prospects,2026-04-29 stage restructure,2026-04-29 15:46:03,UPDATE
006WR00000wjnldYAA,Town and Country Apartments,StageName,Prospecting,Prospects,2026-04-29 stage restructure,2026-04-29 15:46:03,UPDATE
006WR00000wjnlfYAA,"Cardinal Farms Subdivision, Phase 1",StageName,Prospecting,Prospects,2026-04-29 stage restructure,2026-04-29 15:46:03,UPDATE
006WR00000wjnlgYAA,Catalina Ridge,StageName,Prospecting,Prospects,2026-04-29 stage restructure,2026-04-29 15:46:03,UPDATE
006WR00000wjnlhYAA,Island Palms,StageName,Prospecting,Prospects,2026-04-29 stage restructure,2026-04-29 15:46:03,UPDATE
006WR00000wjnliYAA,The Highlands at Brentwood,StageName,Prospecting,Prospects,2026-04-29 stage restructure,2026-04-29 15:46:03,UPDATE
006WR00000wjnljYAA,Courtyard Towers,StageName,Prospecting,Prospects,2026-04-29 stage restructure,2026-04-29 15:46:03,UPDATE
006WR00000wjnlkYAA,Seventeen 805,StageName,Prospecting,Prospects,2026-04-29 stage restructure,2026-04-29 15:46:03,UPDATE
006WR00000wjnllYAA,Country Club Commons,StageName,Prospecting,Prospects,2026-04-29 stage restructure,2026-04-29 15:46:03,UPDATE
006WR00000wjnlmYAA,Gold Run Condos,StageName,Prospecting,Prospects,2026-04-29 stage restructure,2026-04-29 15:46:03,UPDATE
006WR00000wjnlnYAA,Country View Garden Homes,StageName,Prospecting,Prospects,2026-04-29 stage restructure,2026-04-29 15:46:03,UPDATE
006WR00000wjnloYAA,Outrigger Village,StageName,Prospecting,Prospects,2026-04-29 stage restructure,2026-04-29 15:46:03,UPDATE
006WR00000wjnlpYAA,Bella Vista LOST,StageName,Prospecting,Prospects,2026-04-29 stage restructure,2026-04-29 15:46:03,UPDATE
006WR00000wjnlqYAA,Cedar Park Apartments [WA],StageName,Prospecting,Prospects,2026-04-29 stage restructure,2026-04-29 15:46:03,UPDATE
006WR00000wjnlrYAA,Oak Haven RV,StageName,Prospecting,Prospects,2026-04-29 stage restructure,2026-04-29 15:46:03,UPDATE
006WR00000wjnlsYAA,The Residences of Holland Lake,StageName,Prospecting,Prospects,2026-04-29 stage restructure,2026-04-29 15:46:03,UPDATE
006WR00000wjnltYAA,Residences at Holly Oaks,StageName,Prospecting,Prospects,2026-04-29 stage restructure,2026-04-29 15:46:03,UPDATE
006WR00000wjnlvYAA,Triple Crown Estates,StageName,Prospecting,Prospects,2026-04-29 stage restructure,2026-04-29 15:46:03,UPDATE
006WR00000wjnlwYAA,The Ridge Apartments,StageName,Prospecting,Prospects,2026-04-29 stage restructure,2026-04-29 15:46:03,UPDATE
006WR00000wjnlxYAA,Montana Condos,StageName,Prospecting,Prospects,2026-04-29 stage restructure,2026-04-29 15:46:03,UPDATE
006WR00000wjnlyYAA,Vintage Hill Coop of Prairie Trail,StageName,Prospecting,Prospects,2026-04-29 stage restructure,2026-04-29 15:46:03,UPDATE
006WR00000wjnlzYAA,Perrine Court Apartments,StageName,Prospecting,Prospects,2026-04-29 stage restructure,2026-04-29 15:46:03,UPDATE
006WR00000wjnm0YAA,O'Malley Apartments,StageName,Prospecting,Prospects,2026-04-29 stage restructure,2026-04-29 15:46:03,UPDATE
006WR00000wjnm1YAA,Graymayre Crossing [LOST],StageName,Prospecting,Prospects,2026-04-29 stage restructure,2026-04-29 15:46:03,UPDATE
006WR00000wjnm2YAA,Park Capitol Apartments,StageName,Prospecting,Prospects,2026-04-29 stage restructure,2026-04-29 15:46:03,UPDATE
006WR00000wjnm3YAA,Winchester Court,StageName,Prospecting,Prospects,2026-04-29 stage restructure,2026-04-29 15:46:03,UPDATE
006WR00000wjnm4YAA,Loggerhead Cay,StageName,Prospecting,Prospects,2026-04-29 stage restructure,2026-04-29 15:46:03,UPDATE
006WR00000wjnm5YAA,Lincoln Village,StageName,Prospecting,Prospects,2026-04-29 stage restructure,2026-04-29 15:46:03,UPDATE
006WR00000wjnm6YAA,Mission View Manor West,StageName,Prospecting,Prospects,2026-04-29 stage restructure,2026-04-29 15:46:03,UPDATE
006WR00000wjnm7YAA,Westerly,StageName,Prospecting,Prospects,2026-04-29 stage restructure,2026-04-29 15:46:03,UPDATE
006WR00000wjnm8YAA,Destinations Alexander,StageName,Prospecting,Prospects,2026-04-29 stage restructure,2026-04-29 15:46:03,UPDATE
006WR00000wjnm9YAA,Rosewood Club,StageName,Prospecting,Prospects,2026-04-29 stage restructure,2026-04-29 15:46:03,UPDATE
006WR00000wjnmAYAQ,The Cornelius,StageName,Prospecting,Prospects,2026-04-29 stage restructure,2026-04-29 15:46:03,UPDATE
006WR00000wjnmBYAQ,Habitat Apartments [LOST],StageName,Prospecting,Prospects,2026-04-29 stage restructure,2026-04-29 15:46:03,UPDATE
006WR00000wjnmCYAQ,Summit Townomes,StageName,Prospecting,Prospects,2026-04-29 stage restructure,2026-04-29 15:46:03,UPDATE
006WR00000wjnmDYAQ,Spring Haven RV resort,StageName,Prospecting,Prospects,2026-04-29 stage restructure,2026-04-29 15:46:03,UPDATE
006WR00000wjnmEYAQ,Horizon Senior Apartments,StageName,Prospecting,Prospects,2026-04-29 stage restructure,2026-04-29 15:46:03,UPDATE
006WR00000wjnmFYAQ,Crescent Ridge Apartments,StageName,Prospecting,Prospects,2026-04-29 stage restructure,2026-04-29 15:46:03,UPDATE
006WR00000wjnmGYAQ,Colonial Square,StageName,Prospecting,Prospects,2026-04-29 stage restructure,2026-04-29 15:46:03,UPDATE
006WR00000wjnmHYAQ,Mesa Grande MHP-110 Spaces,StageName,Prospecting,Prospects,2026-04-29 stage restructure,2026-04-29 15:46:03,UPDATE
006WR00000wjnmIYAQ,The Port Apartments,StageName,Prospecting,Prospects,2026-04-29 stage restructure,2026-04-29 15:46:03,UPDATE
006WR00000wjnmJYAQ,Moda Shoreline,StageName,Prospecting,Prospects,2026-04-29 stage restructure,2026-04-29 15:46:03,UPDATE
006WR00000wjqCNYAY,Frankford Flats,StageName,Prospecting,Prospects,2026-04-29 stage restructure,2026-04-29 15:46:03,UPDATE
006WR00000wjqCOYAY,Summit Park Apartments,StageName,Prospecting,Prospects,2026-04-29 stage restructure,2026-04-29 15:46:03,UPDATE
006WR00000wjqCPYAY,Villas of Josey Ranch,StageName,Prospecting,Prospects,2026-04-29 stage restructure,2026-04-29 15:46:03,UPDATE
006WR00000wjqCQYAY,Greenbriar Park,StageName,Prospecting,Prospects,2026-04-29 stage restructure,2026-04-29 15:46:03,UPDATE
006WR00000wjqCRYAY,The Timbers Apartment Homes,StageName,Prospecting,Prospects,2026-04-29 stage restructure,2026-04-29 15:46:03,UPDATE
006WR00000wjqCSYAY,Walnut Creek Apartments,StageName,Prospecting,Prospects,2026-04-29 stage restructure,2026-04-29 15:46:03,UPDATE
006WR00000wjqCTYAY,Winsted at White Rock Lake Apartments,StageName,Prospecting,Prospects,2026-04-29 stage restructure,2026-04-29 15:46:03,UPDATE
006WR00000wjqCUYAY,Skye at Love,StageName,Prospecting,Prospects,2026-04-29 stage restructure,2026-04-29 15:46:03,UPDATE
006WR00000wjqCVYAY,Overlook at Bear Creek,StageName,Prospecting,Prospects,2026-04-29 stage restructure,2026-04-29 15:46:03,UPDATE
006WR00000wjqCWYAY,Pike West Commerce,StageName,Prospecting,Prospects,2026-04-29 stage restructure,2026-04-29 15:46:03,UPDATE
006WR00000wjqCXYAY,Northaven Terrace,StageName,Prospecting,Prospects,2026-04-29 stage restructure,2026-04-29 15:46:03,UPDATE
006WR00000wjqCYYAY,Josey Place Apartments,StageName,Prospecting,Prospects,2026-04-29 stage restructure,2026-04-29 15:46:03,UPDATE
006WR00000wjqCZYAY,Monarch Pass,StageName,Prospecting,Prospects,2026-04-29 stage restructure,2026-04-29 15:46:03,UPDATE
006WR00000wjqCaYAI,Horizons at Sunridge,StageName,Prospecting,Prospects,2026-04-29 stage restructure,2026-04-29 15:46:03,UPDATE
006WR00000wjqCbYAI,The Carling on Frankford,StageName,Prospecting,Prospects,2026-04-29 stage restructure,2026-04-29 15:46:03,UPDATE
006WR00000wjqCcYAI,Peters Colony apartments,StageName,Prospecting,Prospects,2026-04-29 stage restructure,2026-04-29 15:46:03,UPDATE
006WR00000wjqCdYAI,Switchyard,StageName,Prospecting,Prospects,2026-04-29 stage restructure,2026-04-29 15:46:03,UPDATE
006WR00000wjqCeYAI,The Isaac,StageName,Prospecting,Prospects,2026-04-29 stage restructure,2026-04-29 15:46:03,UPDATE
006WR00000wjqCgYAI,Parks on the Green,StageName,Prospecting,Prospects,2026-04-29 stage restructure,2026-04-29 15:46:03,UPDATE
006WR00000wjqChYAI,Gates de Provence,StageName,Prospecting,Prospects,2026-04-29 stage restructure,2026-04-29 15:46:03,UPDATE
006WR00000wjqCiYAI,Modera Walsh,StageName,Prospecting,Prospects,2026-04-29 stage restructure,2026-04-29 15:46:03,UPDATE
006WR00000wjqCjYAI,Edentree Apatments,StageName,Prospecting,Prospects,2026-04-29 stage restructure,2026-04-29 15:46:03,UPDATE
006WR00000wjqCkYAI,Monaco on the Trail,StageName,Prospecting,Prospects,2026-04-29 stage restructure,2026-04-29 15:46:03,UPDATE
006WR00000wjqClYAI,The Stream at High Pointe,StageName,Prospecting,Prospects,2026-04-29 stage restructure,2026-04-29 15:46:03,UPDATE
006WR00000wjqCmYAI,Treymore North,StageName,Prospecting,Prospects,2026-04-29 stage restructure,2026-04-29 15:46:03,UPDATE
006WR00000wjqCnYAI,The Burgundy Condos and Apartments,StageName,Prospecting,Prospects,2026-04-29 stage restructure,2026-04-29 15:46:03,UPDATE
006WR00000wjqCoYAI,Galleria Townhomes,StageName,Prospecting,Prospects,2026-04-29 stage restructure,2026-04-29 15:46:03,UPDATE
006WR00000wjqCpYAI,Lynn Villa APartments,StageName,Prospecting,Prospects,2026-04-29 stage restructure,2026-04-29 15:46:03,UPDATE
006WR00000wjqCqYAI,Preston Village,StageName,Prospecting,Prospects,2026-04-29 stage restructure,2026-04-29 15:46:03,UPDATE
006WR00000wjqCrYAI,Midtown,StageName,Prospecting,Prospects,2026-04-29 stage restructure,2026-04-29 15:46:03,UPDATE
006WR00000wjqCsYAI,Trinity Mills Apartments,StageName,Prospecting,Prospects,2026-04-29 stage restructure,2026-04-29 15:46:03,UPDATE
006WR00000wjqCtYAI,IMT Prestonwood,StageName,Prospecting,Prospects,2026-04-29 stage restructure,2026-04-29 15:46:03,UPDATE
006WR00000wjqCuYAI,River Junction,StageName,Prospecting,Prospects,2026-04-29 stage restructure,2026-04-29 15:46:03,UPDATE
006WR00000wjqCvYAI,The Edge at Glade Parks,StageName,Prospecting,Prospects,2026-04-29 stage restructure,2026-04-29 15:46:03,UPDATE
006WR00000wjqCwYAI,Enclave at Bear Creek,StageName,Prospecting,Prospects,2026-04-29 stage restructure,2026-04-29 15:46:03,UPDATE
006WR00000wjqCxYAI,Lux on Main,StageName,Prospecting,Prospects,2026-04-29 stage restructure,2026-04-29 15:46:03,UPDATE
006WR00000wjqCyYAI,The Georgian,StageName,Prospecting,Prospects,2026-04-29 stage restructure,2026-04-29 15:46:03,UPDATE
006WR00000wjqCzYAI,Northhaven Apartments,StageName,Prospecting,Prospects,2026-04-29 stage restructure,2026-04-29 15:46:03,UPDATE
006WR00000wjqD0YAI,Wildwood Villas,StageName,Prospecting,Prospects,2026-04-29 stage restructure,2026-04-29 15:46:03,UPDATE
006WR00000wjqD1YAI,LaSalle,StageName,Prospecting,Prospects,2026-04-29 stage restructure,2026-04-29 15:46:03,UPDATE
006WR00000wjqD2YAI,Greyson's Gate,StageName,Prospecting,Prospects,2026-04-29 stage restructure,2026-04-29 15:46:03,UPDATE
006WR00000wjqD3YAI,Midway Urban Village,StageName,Prospecting,Prospects,2026-04-29 stage restructure,2026-04-29 15:46:03,UPDATE
006WR00000wjqD4YAI,Windsor Westbridge,StageName,Prospecting,Prospects,2026-04-29 stage restructure,2026-04-29 15:46:03,UPDATE
006WR00000wjqD5YAI,Villas del Zocalo,StageName,Prospecting,Prospects,2026-04-29 stage restructure,2026-04-29 15:46:03,UPDATE
006WR00000wjqD6YAI,Vista Arbor Apartments,StageName,Prospecting,Prospects,2026-04-29 stage restructure,2026-04-29 15:46:03,UPDATE
006WR00000wjqD7YAI,Spanish Villas,StageName,Prospecting,Prospects,2026-04-29 stage restructure,2026-04-29 15:46:03,UPDATE
006WR00000wjqD8YAI,Tides on Larga,StageName,Prospecting,Prospects,2026-04-29 stage restructure,2026-04-29 15:46:03,UPDATE
006WR00000wjqD9YAI,Summit Ridge,StageName,Prospecting,Prospects,2026-04-29 stage restructure,2026-04-29 15:46:03,UPDATE
006WR00000wjqDAYAY,Trinity Square,StageName,Prospecting,Prospects,2026-04-29 stage restructure,2026-04-29 15:46:03,UPDATE
006WR00000wjqDBYAY,LYV Broadway,StageName,Prospecting,Prospects,2026-04-29 stage restructure,2026-04-29 15:46:03,UPDATE
006WR00000wjqDCYAY,The Gardens Of Josey Lane,StageName,Prospecting,Prospects,2026-04-29 stage restructure,2026-04-29 15:46:03,UPDATE
006WR00000wjqDDYAY,The Drake on Summit,StageName,Prospecting,Prospects,2026-04-29 stage restructure,2026-04-29 15:46:03,UPDATE
006WR00000wjqDEYAY,Ridgeline Townhomes,StageName,Prospecting,Prospects,2026-04-29 stage restructure,2026-04-29 15:46:03,UPDATE
006WR00000wjqDFYAY,The Continental,StageName,Prospecting,Prospects,2026-04-29 stage restructure,2026-04-29 15:46:03,UPDATE
006WR00000wjqDGYAY,Treymore at Cityplace,StageName,Prospecting,Prospects,2026-04-29 stage restructure,2026-04-29 15:46:03,UPDATE
006WR00000wjqDHYAY,Sevilla Condos,StageName,Prospecting,Prospects,2026-04-29 stage restructure,2026-04-29 15:46:03,UPDATE
006WR00000wjqDIYAY,The Village Dakota,StageName,Prospecting,Prospects,2026-04-29 stage restructure,2026-04-29 15:46:03,UPDATE
006WR00000wjqDJYAY,Villa Siena Apartments,StageName,Prospecting,Prospects,2026-04-29 stage restructure,2026-04-29 15:46:03,UPDATE
006WR00000wjqDKYAY,Heritage at Brentwood,StageName,Prospecting,Prospects,2026-04-29 stage restructure,2026-04-29 15:46:03,UPDATE
006WR00000wjqDLYAY,Keller Oaks,StageName,Prospecting,Prospects,2026-04-29 stage restructure,2026-04-29 15:46:03,UPDATE
006WR00000wjqDMYAY,Frankford Station,StageName,Prospecting,Prospects,2026-04-29 stage restructure,2026-04-29 15:46:03,UPDATE
006WR00000wjqDNYAY,The Brooke Apartments,StageName,Prospecting,Prospects,2026-04-29 stage restructure,2026-04-29 15:46:03,UPDATE
006WR00000wjqDOYAY,The Katy,StageName,Prospecting,Prospects,2026-04-29 stage restructure,2026-04-29 15:46:03,UPDATE
006WR00000wjqDPYAY,Hazel by the Galleria,StageName,Prospecting,Prospects,2026-04-29 stage restructure,2026-04-29 15:46:03,UPDATE
006WR00000wjqDQYAY,Yorktown Luxary Apartments,StageName,Prospecting,Prospects,2026-04-29 stage restructure,2026-04-29 15:46:03,UPDATE
006WR00000wjqDRYAY,Vance at Bishop Union,StageName,Prospecting,Prospects,2026-04-29 stage restructure,2026-04-29 15:46:03,UPDATE
006WR00000wjqDSYAY,The Lockley,StageName,Prospecting,Prospects,2026-04-29 stage restructure,2026-04-29 15:46:03,UPDATE
006WR00000wjqDTYAY,Rise 120,StageName,Prospecting,Prospects,2026-04-29 stage restructure,2026-04-29 15:46:03,UPDATE
006WR00000wjqDUYAY,Embry,StageName,Prospecting,Prospects,2026-04-29 stage restructure,2026-04-29 15:46:03,UPDATE
006WR00000wjqDVYAY,Lone Star Gas Lofts,StageName,Prospecting,Prospects,2026-04-29 stage restructure,2026-04-29 15:46:03,UPDATE
006WR00000wjqDWYAY,LTD West Commerce,StageName,Prospecting,Prospects,2026-04-29 stage restructure,2026-04-29 15:46:03,UPDATE
006WR00000wjqDXYAY,Newsome Homes,StageName,Prospecting,Prospects,2026-04-29 stage restructure,2026-04-29 15:46:03,UPDATE
006WR00000wjqDYYAY,Rocklyn Apartments,StageName,Prospecting,Prospects,2026-04-29 stage restructure,2026-04-29 15:46:03,UPDATE
006WR00000wjqDZYAY,Heatherstone Apartments,StageName,Prospecting,Prospects,2026-04-29 stage restructure,2026-04-29 15:46:03,UPDATE
006WR00000wjqDaYAI,Vail Quarters,StageName,Prospecting,Prospects,2026-04-29 stage restructure,2026-04-29 15:46:03,UPDATE
006WR00000wjqDbYAI,Sterlingshire Apartments,StageName,Prospecting,Prospects,2026-04-29 stage restructure,2026-04-29 15:46:03,UPDATE
006WR00000wjqDcYAI,Vail Village Club Apartments,StageName,Prospecting,Prospects,2026-04-29 stage restructure,2026-04-29 15:46:03,UPDATE
006WR00000wjqDdYAI,The Brisco,StageName,Prospecting,Prospects,2026-04-29 stage restructure,2026-04-29 15:46:03,UPDATE
006WR00000wjqDeYAI,Windsor Turtle Creek,StageName,Prospecting,Prospects,2026-04-29 stage restructure,2026-04-29 15:46:03,UPDATE
006WR00000wjqDfYAI,Modera Georgetown,StageName,Prospecting,Prospects,2026-04-29 stage restructure,2026-04-29 15:46:03,UPDATE
006WR00000wjqDgYAI,Victor Prosper,StageName,Prospecting,Prospects,2026-04-29 stage restructure,2026-04-29 15:46:03,UPDATE
006WR00000wjqDhYAI,Wildwood,StageName,Prospecting,Prospects,2026-04-29 stage restructure,2026-04-29 15:46:03,UPDATE
006WR00000wjqDiYAI,Palencia,StageName,Prospecting,Prospects,2026-04-29 stage restructure,2026-04-29 15:46:03,UPDATE
006WR00000wjqDjYAI,Vinewood Apartments,StageName,Prospecting,Prospects,2026-04-29 stage restructure,2026-04-29 15:46:03,UPDATE
006WR00000wjqDkYAI,Oaks at Creekside,StageName,Prospecting,Prospects,2026-04-29 stage restructure,2026-04-29 15:46:03,UPDATE
006WR00000wjqDlYAI,The Woods of Five Mile Creek,StageName,Prospecting,Prospects,2026-04-29 stage restructure,2026-04-29 15:46:03,UPDATE
006WR00000wjqDmYAI,Pinnacle Ridge,StageName,Prospecting,Prospects,2026-04-29 stage restructure,2026-04-29 15:46:03,UPDATE
006WR00000wjqDnYAI,Park Hill Apartments,StageName,Prospecting,Prospects,2026-04-29 stage restructure,2026-04-29 15:46:03,UPDATE
006WR00000wjqDoYAI,Ridge Parc,StageName,Prospecting,Prospects,2026-04-29 stage restructure,2026-04-29 15:46:03,UPDATE
006WR00000wjqDpYAI,Villas on the Hill,StageName,Prospecting,Prospects,2026-04-29 stage restructure,2026-04-29 15:46:03,UPDATE
006WR00000wjqDqYAI,The Mark at Midtown Park,StageName,Prospecting,Prospects,2026-04-29 stage restructure,2026-04-29 15:46:03,UPDATE
006WR00000wjqDrYAI,The Tallows Apartments,StageName,Prospecting,Prospects,2026-04-29 stage restructure,2026-04-29 15:46:03,UPDATE
006WR00000wjqDsYAI,Pleasant Run Apartments,StageName,Prospecting,Prospects,2026-04-29 stage restructure,2026-04-29 15:46:03,UPDATE
006WR00000wjqDtYAI,Windsor West Lemon,StageName,Prospecting,Prospects,2026-04-29 stage restructure,2026-04-29 15:46:03,UPDATE
006WR00000wjqDuYAI,Gallery at Turtle Creek,StageName,Prospecting,Prospects,2026-04-29 stage restructure,2026-04-29 15:46:03,UPDATE
006WR00000wjqDvYAI,Gables Villa Rosa,StageName,Prospecting,Prospects,2026-04-29 stage restructure,2026-04-29 15:46:03,UPDATE
006WR00000wjqDwYAI,Eleven10 at Farmers Market Apartments,StageName,Prospecting,Prospects,2026-04-29 stage restructure,2026-04-29 15:46:03,UPDATE
006WR00000wk3O6YAI,Estates at East Riverside,StageName,Prospecting,Prospects,2026-04-29 stage restructure,2026-04-29 15:46:03,UPDATE
006WR00000wk3O7YAI,Stone Vista,StageName,Prospecting,Prospects,2026-04-29 stage restructure,2026-04-29 15:46:03,UPDATE
006WR00000wk3O8YAI,Elm Grove Estates,StageName,Prospecting,Prospects,2026-04-29 stage restructure,2026-04-29 15:46:03,UPDATE
006WR00000wk3O9YAI,Icon Apartments,StageName,Prospecting,Prospects,2026-04-29 stage restructure,2026-04-29 15:46:03,UPDATE
006WR00000wk3OAYAY,El Camino 76 Mobile Estates,StageName,Prospecting,Prospects,2026-04-29 stage restructure,2026-04-29 15:46:03,UPDATE
006WR00000wk3OBYAY,Village Park Apartments,StageName,Prospecting,Prospects,2026-04-29 stage restructure,2026-04-29 15:46:03,UPDATE
006WR00000wk3OCYAY,The Hamptons,StageName,Prospecting,Prospects,2026-04-29 stage restructure,2026-04-29 15:46:03,UPDATE
006WR00000wk3ODYAY,Terra Vida Apts,StageName,Prospecting,Prospects,2026-04-29 stage restructure,2026-04-29 15:46:03,UPDATE
006WR00000wk3OEYAY,The Palms at Augusta Ranch,StageName,Prospecting,Prospects,2026-04-29 stage restructure,2026-04-29 15:46:03,UPDATE
006WR00000wk3OFYAY,Pala Mesa Apartments,StageName,Prospecting,Prospects,2026-04-29 stage restructure,2026-04-29 15:46:03,UPDATE
006WR00000wk3OGYAY,The Enclave at Gilbert Senior Living,StageName,Prospecting,Prospects,2026-04-29 stage restructure,2026-04-29 15:46:03,UPDATE
006WR00000wk3OHYAY,Riggs Circle,StageName,Prospecting,Prospects,2026-04-29 stage restructure,2026-04-29 15:46:03,UPDATE
006WR00000wk3OIYAY,The Springs at Alta Mesa,StageName,Prospecting,Prospects,2026-04-29 stage restructure,2026-04-29 15:46:03,UPDATE
006WR00000wk3OJYAY,The Bronte East,StageName,Prospecting,Prospects,2026-04-29 stage restructure,2026-04-29 15:46:03,UPDATE
006WR00000wk3OKYAY,The Heritage,StageName,Prospecting,Prospects,2026-04-29 stage restructure,2026-04-29 15:46:03,UPDATE
006WR00000wk3OLYAY,Skyline at Cooley Station,StageName,Prospecting,Prospects,2026-04-29 stage restructure,2026-04-29 15:46:03,UPDATE
006WR00000wk3OMYAY,University Palms Apartments,StageName,Prospecting,Prospects,2026-04-29 stage restructure,2026-04-29 15:46:03,UPDATE
006WR00000wk3ONYAY,Southwest Villas,StageName,Prospecting,Prospects,2026-04-29 stage restructure,2026-04-29 15:46:03,UPDATE
006WR00000wk3OOYAY,The Mark at 87,StageName,Prospecting,Prospects,2026-04-29 stage restructure,2026-04-29 15:46:03,UPDATE
006WR00000wk3OPYAY,The Pacifica,StageName,Prospecting,Prospects,2026-04-29 stage restructure,2026-04-29 15:46:03,UPDATE
006WR00000wk3OQYAY,Williams Gateway,StageName,Prospecting,Prospects,2026-04-29 stage restructure,2026-04-29 15:46:03,UPDATE
006WR00000wk3ORYAY,Tides at Mesa,StageName,Prospecting,Prospects,2026-04-29 stage restructure,2026-04-29 15:46:03,UPDATE
006WR00000wk3OSYAY,Serrano Gardens,StageName,Prospecting,Prospects,2026-04-29 stage restructure,2026-04-29 15:46:03,UPDATE
006WR00000wk3OTYAY,Trails at Harris,StageName,Prospecting,Prospects,2026-04-29 stage restructure,2026-04-29 15:46:03,UPDATE
006WR00000wk3OUYAY,Tides on Gilbert West,StageName,Prospecting,Prospects,2026-04-29 stage restructure,2026-04-29 15:46:03,UPDATE
006WR00000wk3OVYAY,Wintercove Apartments,StageName,Prospecting,Prospects,2026-04-29 stage restructure,2026-04-29 15:46:03,UPDATE
006WR00000wk3OWYAY,Paradise Palms-100 Spaces,StageName,Prospecting,Prospects,2026-04-29 stage restructure,2026-04-29 15:46:03,UPDATE
006WR00000wk3OXYAY,Tides on Southern,StageName,Prospecting,Prospects,2026-04-29 stage restructure,2026-04-29 15:46:03,UPDATE
006WR00000wk3OYYAY,The Village at Lindsay Park Apartments,StageName,Prospecting,Prospects,2026-04-29 stage restructure,2026-04-29 15:46:03,UPDATE
006WR00000wk3OZYAY,Superstition Canyon Luxury Apartments,StageName,Prospecting,Prospects,2026-04-29 stage restructure,2026-04-29 15:46:03,UPDATE
006WR00000wk3OaYAI,The Courtyards,StageName,Prospecting,Prospects,2026-04-29 stage restructure,2026-04-29 15:46:03,UPDATE
006WR00000wk3ObYAI,Valor on Eighth,StageName,Prospecting,Prospects,2026-04-29 stage restructure,2026-04-29 15:46:03,UPDATE
006WR00000wk3OcYAI,Village at Royal Palms,StageName,Prospecting,Prospects,2026-04-29 stage restructure,2026-04-29 15:46:03,UPDATE
006WR00000wk3OdYAI,Sands Apartments,StageName,Prospecting,Prospects,2026-04-29 stage restructure,2026-04-29 15:46:03,UPDATE
006WR00000wk3OeYAI,Palm Shadows Apartments,StageName,Prospecting,Prospects,2026-04-29 stage restructure,2026-04-29 15:46:03,UPDATE
006WR00000wk3OfYAI,Page Commons,StageName,Prospecting,Prospects,2026-04-29 stage restructure,2026-04-29 15:46:03,UPDATE
006WR00000wk3OgYAI,Summit Lake,StageName,Prospecting,Prospects,2026-04-29 stage restructure,2026-04-29 15:46:03,UPDATE
006WR00000wk3OhYAI,Westwood Townhomes,StageName,Prospecting,Prospects,2026-04-29 stage restructure,2026-04-29 15:46:03,UPDATE
006WR00000wk3OiYAI,Skyline Park,StageName,Prospecting,Prospects,2026-04-29 stage restructure,2026-04-29 15:46:03,UPDATE
006WR00000wk3OjYAI,Villas Valencia Townhouses,StageName,Prospecting,Prospects,2026-04-29 stage restructure,2026-04-29 15:46:03,UPDATE
006WR00000wk3OkYAI,Genoa Lakes,StageName,Prospecting,Prospects,2026-04-29 stage restructure,2026-04-29 15:46:03,UPDATE
006WR00000wk3OlYAI,Ventana Estates,StageName,Prospecting,Prospects,2026-04-29 stage restructure,2026-04-29 15:46:03,UPDATE
006WR00000wk3OmYAI,Stone Canyon Apartments,StageName,Prospecting,Prospects,2026-04-29 stage restructure,2026-04-29 15:46:03,UPDATE
006WR00000wk3OnYAI,Indigo Lofts,StageName,Prospecting,Prospects,2026-04-29 stage restructure,2026-04-29 15:46:03,UPDATE
006WR00000wk3OoYAI,Wasatch Club,StageName,Prospecting,Prospects,2026-04-29 stage restructure,2026-04-29 15:46:03,UPDATE
006WR00000wk3OpYAI,Chandler Ridge,StageName,Prospecting,Prospects,2026-04-29 stage restructure,2026-04-29 15:46:03,UPDATE
006WR00000wk3OqYAI,Deserama Mobile Home Community,StageName,Prospecting,Prospects,2026-04-29 stage restructure,2026-04-29 15:46:03,UPDATE
006WR00000wk3OrYAI,Orangewood Shadows RV Resort,StageName,Prospecting,Prospects,2026-04-29 stage restructure,2026-04-29 15:46:03,UPDATE
006WR00000wk3OsYAI,Seyenna Vistas,StageName,Prospecting,Prospects,2026-04-29 stage restructure,2026-04-29 15:46:03,UPDATE
006WR00000wk3OtYAI,Windhaven III,StageName,Prospecting,Prospects,2026-04-29 stage restructure,2026-04-29 15:46:03,UPDATE
006WR00000wk3OuYAI,Palm Harbor Estates,StageName,Prospecting,Prospects,2026-04-29 stage restructure,2026-04-29 15:46:03,UPDATE
006WR00000wk3OvYAI,Tides at Chandler,StageName,Prospecting,Prospects,2026-04-29 stage restructure,2026-04-29 15:46:03,UPDATE
006WR00000wk3OwYAI,Azure Wexford Apartments,StageName,Prospecting,Prospects,2026-04-29 stage restructure,2026-04-29 15:46:03,UPDATE
006WR00000wk3OxYAI,Biltmore Palms Condominium,StageName,Prospecting,Prospects,2026-04-29 stage restructure,2026-04-29 15:46:03,UPDATE
006WR00000wk3OyYAI,Campus View,StageName,Prospecting,Prospects,2026-04-29 stage restructure,2026-04-29 15:46:03,UPDATE
006WR00000wk3OzYAI,Bridgemoor Apartments,StageName,Prospecting,Prospects,2026-04-29 stage restructure,2026-04-29 15:46:03,UPDATE
006WR00000wk3P0YAI,Fountain Springs Apartments,StageName,Prospecting,Prospects,2026-04-29 stage restructure,2026-04-29 15:46:03,UPDATE
006WR00000wk3P1YAI,Tela Verde,StageName,Prospecting,Prospects,2026-04-29 stage restructure,2026-04-29 15:46:03,UPDATE
006WR00000wk3P2YAI,Westdale Court Apartments,StageName,Prospecting,Prospects,2026-04-29 stage restructure,2026-04-29 15:46:03,UPDATE
006WR00000wk3P3YAI,Whitewater II,StageName,Prospecting,Prospects,2026-04-29 stage restructure,2026-04-29 15:46:03,UPDATE
006WR00000wk3P4YAI,River House at the Trailhead,StageName,Prospecting,Prospects,2026-04-29 stage restructure,2026-04-29 15:46:03,UPDATE
006WR00000wk3P5YAI,Sapphire on the Talbot,StageName,Prospecting,Prospects,2026-04-29 stage restructure,2026-04-29 15:46:03,UPDATE
006WR00000wk3P6YAI,Shady Oaks,StageName,Prospecting,Prospects,2026-04-29 stage restructure,2026-04-29 15:46:03,UPDATE
006WR00000wk3P8YAI,Gateway Northwest Apartments,StageName,Prospecting,Prospects,2026-04-29 stage restructure,2026-04-29 15:46:03,UPDATE
006WR00000wk3P9YAI,The Hudson at Killeen,StageName,Prospecting,Prospects,2026-04-29 stage restructure,2026-04-29 15:46:03,UPDATE
006WR00000wk3PAYAY,The Stella,StageName,Prospecting,Prospects,2026-04-29 stage restructure,2026-04-29 15:46:03,UPDATE
006WR00000wk3PBYAY,Independence Place,StageName,Prospecting,Prospects,2026-04-29 stage restructure,2026-04-29 15:46:03,UPDATE
006WR00000wk3PCYAY,Silverway Apartments,StageName,Prospecting,Prospects,2026-04-29 stage restructure,2026-04-29 15:46:03,UPDATE
006WR00000wk3PDYAY,The Arbors of Taylor,StageName,Prospecting,Prospects,2026-04-29 stage restructure,2026-04-29 15:46:03,UPDATE
006WR00000wk3PEYAY,El Dorado Apartments,StageName,Prospecting,Prospects,2026-04-29 stage restructure,2026-04-29 15:46:03,UPDATE
006WR00000wk3PFYAY,Liberty Manor,StageName,Prospecting,Prospects,2026-04-29 stage restructure,2026-04-29 15:46:03,UPDATE
006WR00000wk3PIYAY,The Foundry Apartments,StageName,Prospecting,Prospects,2026-04-29 stage restructure,2026-04-29 15:46:03,UPDATE
006WR00000wk3PKYAY,Be Mesa,StageName,Prospecting,Prospects,2026-04-29 stage restructure,2026-04-29 15:46:03,UPDATE
006WR00000wk3PLYAY,Clay Gardens Apartments,StageName,Prospecting,Prospects,2026-04-29 stage restructure,2026-04-29 15:46:03,UPDATE
006WR00000wk3PMYAY,Laguna Knolls Apartments,StageName,Prospecting,Prospects,2026-04-29 stage restructure,2026-04-29 15:46:03,UPDATE
006WR00000wk3PNYAY,Park West Townhouses,StageName,Prospecting,Prospects,2026-04-29 stage restructure,2026-04-29 15:46:03,UPDATE
006WR00000wk3POYAY,Lachen Tara Apartments,StageName,Prospecting,Prospects,2026-04-29 stage restructure,2026-04-29 15:46:03,UPDATE
006WR00000wk3PPYAY,Villas at Higuera,StageName,Prospecting,Prospects,2026-04-29 stage restructure,2026-04-29 15:46:03,UPDATE
006WR00000wk3PQYAY,Quail Ridge Apartments,StageName,Prospecting,Prospects,2026-04-29 stage restructure,2026-04-29 15:46:03,UPDATE
006WR00000wk3PRYAY,Birchwood,StageName,Prospecting,Prospects,2026-04-29 stage restructure,2026-04-29 15:46:03,UPDATE
006WR00000wk3PSYAY,Hidden Oaks,StageName,Prospecting,Prospects,2026-04-29 stage restructure,2026-04-29 15:46:03,UPDATE
006WR00000wk3PTYAY,Cloverdale Garden,StageName,Prospecting,Prospects,2026-04-29 stage restructure,2026-04-29 15:46:03,UPDATE
006WR00000wk3PUYAY,Corning Apts,StageName,Prospecting,Prospects,2026-04-29 stage restructure,2026-04-29 15:46:03,UPDATE
006WR00000wk3PVYAY,Maywood Apartments,StageName,Prospecting,Prospects,2026-04-29 stage restructure,2026-04-29 15:46:03,UPDATE
006WR00000wk3PWYAY,Bardsley Garden,StageName,Prospecting,Prospects,2026-04-29 stage restructure,2026-04-29 15:46:03,UPDATE
006WR00000wk3PXYAY,Willows Apartments,StageName,Prospecting,Prospects,2026-04-29 stage restructure,2026-04-29 15:46:03,UPDATE
006WR00000wk3PYYAY,Marisol Apartments,StageName,Prospecting,Prospects,2026-04-29 stage restructure,2026-04-29 15:46:03,UPDATE
006WR00000wk3PZYAY,Shoreline Apartments,StageName,Prospecting,Prospects,2026-04-29 stage restructure,2026-04-29 15:46:03,UPDATE
006WR00000wk3PaYAI,Three Crown Apartments,StageName,Prospecting,Prospects,2026-04-29 stage restructure,2026-04-29 15:46:03,UPDATE
006WR00000wk3PbYAI,Pinecrest Apartments,StageName,Prospecting,Prospects,2026-04-29 stage restructure,2026-04-29 15:46:03,UPDATE
006WR00000wk3PcYAI,D Street Apartments,StageName,Prospecting,Prospects,2026-04-29 stage restructure,2026-04-29 15:46:03,UPDATE
006WR00000wk3PdYAI,Redwood Highway Apartments,StageName,Prospecting,Prospects,2026-04-29 stage restructure,2026-04-29 15:46:03,UPDATE
006WR00000wk3PeYAI,La Brea Apartments,StageName,Prospecting,Prospects,2026-04-29 stage restructure,2026-04-29 15:46:03,UPDATE
006WR00000wk3PfYAI,College Park,StageName,Prospecting,Prospects,2026-04-29 stage restructure,2026-04-29 15:46:03,UPDATE
006WR00000wk3PgYAI,The Ridge,StageName,Prospecting,Prospects,2026-04-29 stage restructure,2026-04-29 15:46:03,UPDATE
006WR00000wk9RxYAI,Hazel Park,StageName,Prospecting,Prospects,2026-04-29 stage restructure,2026-04-29 15:46:03,UPDATE
006WR00000wk9RzYAI,Chateau Apartments,StageName,Prospecting,Prospects,2026-04-29 stage restructure,2026-04-29 15:46:03,UPDATE
006WR00000wk9S1YAI,Sunterra Apartments,StageName,Prospecting,Prospects,2026-04-29 stage restructure,2026-04-29 15:46:03,UPDATE
006WR00000wk9S2YAI,The Veranda at Twin Creek Apartments,StageName,Prospecting,Prospects,2026-04-29 stage restructure,2026-04-29 15:46:03,UPDATE
006WR00000wk9S3YAI,Woodglen Square l,StageName,Prospecting,Prospects,2026-04-29 stage restructure,2026-04-29 15:46:03,UPDATE
006WR00000wk9S4YAI,Skyview Townhomes,StageName,Prospecting,Prospects,2026-04-29 stage restructure,2026-04-29 15:46:03,UPDATE
006WR00000wk9S6YAI,Hidden Valley Apartments,StageName,Prospecting,Prospects,2026-04-29 stage restructure,2026-04-29 15:46:03,UPDATE
006WR00000wk9S7YAI,Park Village West,StageName,Prospecting,Prospects,2026-04-29 stage restructure,2026-04-29 15:46:03,UPDATE
006WR00000wk9S8YAI,Capitol Ave Apartments,StageName,Prospecting,Prospects,2026-04-29 stage restructure,2026-04-29 15:46:03,UPDATE
006WR00000wk9S9YAI,Davenport Apartments,StageName,Prospecting,Prospects,2026-04-29 stage restructure,2026-04-29 15:46:03,UPDATE
006WR00000wk9SAYAY,Artistry on 10th,StageName,Prospecting,Prospects,2026-04-29 stage restructure,2026-04-29 15:46:03,UPDATE
006WR00000wk9SBYAY,Enclave Villas Condominiums,StageName,Prospecting,Prospects,2026-04-29 stage restructure,2026-04-29 15:46:03,UPDATE
006WR00000wk9SCYAY,Cabrillo Apartments,StageName,Prospecting,Prospects,2026-04-29 stage restructure,2026-04-29 15:46:03,UPDATE
006WR00000wk9SDYAY,Meadow Glen Mobile Home Park,StageName,Prospecting,Prospects,2026-04-29 stage restructure,2026-04-29 15:46:03,UPDATE
006WR00000wk9SFYAY,Sun View,StageName,Prospecting,Prospects,2026-04-29 stage restructure,2026-04-29 15:46:03,UPDATE
006WR00000wk9SHYAY,Atria Villa Apartments,StageName,Prospecting,Prospects,2026-04-29 stage restructure,2026-04-29 15:46:03,UPDATE
006WR00000wk9SKYAY,Bayshore at Agua Hedionda,StageName,Prospecting,Prospects,2026-04-29 stage restructure,2026-04-29 15:46:03,UPDATE
006WR00000wk9SMYAY,Wolf Lodge Condos,StageName,Prospecting,Prospects,2026-04-29 stage restructure,2026-04-29 15:46:03,UPDATE
006WR00000wk9SNYAY,Equinox on Columbus,StageName,Prospecting,Prospects,2026-04-29 stage restructure,2026-04-29 15:46:03,UPDATE
006WR00000wk9SOYAY,Plumwood Terrace HOA,StageName,Prospecting,Prospects,2026-04-29 stage restructure,2026-04-29 15:46:03,UPDATE
006WR00000wk9SPYAY,Timberland at Crestbruck Park 1_Lumen IA_Bryce,StageName,Prospecting,Prospects,2026-04-29 stage restructure,2026-04-29 15:46:03,UPDATE
006WR00000wk9SQYAY,Timberland at Crestbruck Park 2_Lumen IA_Bryce,StageName,Prospecting,Prospects,2026-04-29 stage restructure,2026-04-29 15:46:03,UPDATE
006WR00000wk9SRYAY,Ashley Square _Lumen IA_Bryce,StageName,Prospecting,Prospects,2026-04-29 stage restructure,2026-04-29 15:46:03,UPDATE
006WR00000wk9STYAY,Stone Ranch,StageName,Prospecting,Prospects,2026-04-29 stage restructure,2026-04-29 15:46:03,UPDATE
006WR00000wk9SUYAY,Kachina Apartments,StageName,Prospecting,Prospects,2026-04-29 stage restructure,2026-04-29 15:46:03,UPDATE
006WR00000wk9SVYAY,Cottonwood Crossings,StageName,Prospecting,Prospects,2026-04-29 stage restructure,2026-04-29 15:46:03,UPDATE
006WR00000wk9SWYAY,Sterling Point,StageName,Prospecting,Prospects,2026-04-29 stage restructure,2026-04-29 15:46:03,UPDATE
006WR00000wk9SXYAY,Prospector's Point,StageName,Prospecting,Prospects,2026-04-29 stage restructure,2026-04-29 15:46:03,UPDATE
006WR00000wk9SaYAI,Dundee Court,StageName,Prospecting,Prospects,2026-04-29 stage restructure,2026-04-29 15:46:03,UPDATE
006WR00000wk9SbYAI,Benson Gardens Blvd,StageName,Prospecting,Prospects,2026-04-29 stage restructure,2026-04-29 15:46:03,UPDATE
006WR00000wk9ScYAI,Cass Street Apartments,StageName,Prospecting,Prospects,2026-04-29 stage restructure,2026-04-29 15:46:03,UPDATE
006WR00000wk9SeYAI,Ave at Johnston Commons,StageName,Prospecting,Prospects,2026-04-29 stage restructure,2026-04-29 15:46:03,UPDATE
006WR00000wk9SfYAI,Georgetown Square Apartments,StageName,Prospecting,Prospects,2026-04-29 stage restructure,2026-04-29 15:46:03,UPDATE
006WR00000wk9SgYAI,Fisher's Mill,StageName,Prospecting,Prospects,2026-04-29 stage restructure,2026-04-29 15:46:03,UPDATE
006WR00000wk9ShYAI,Centennial Apartments,StageName,Prospecting,Prospects,2026-04-29 stage restructure,2026-04-29 15:46:03,UPDATE
006WR00000wk9SiYAI,Millennium Park Apartments,StageName,Prospecting,Prospects,2026-04-29 stage restructure,2026-04-29 15:46:03,UPDATE
006WR00000wk9SkYAI,Chalet Apartments,StageName,Prospecting,Prospects,2026-04-29 stage restructure,2026-04-29 15:46:03,UPDATE
006WR00000wk9SlYAI,Mariposa Apartment Homes at River Bend,StageName,Prospecting,Prospects,2026-04-29 stage restructure,2026-04-29 15:46:03,UPDATE
006WR00000wk9SmYAI,Golden Vista RV Resort,StageName,Prospecting,Prospects,2026-04-29 stage restructure,2026-04-29 15:46:03,UPDATE
006WR00000wk9SpYAI,Carmel Creekside,StageName,Prospecting,Prospects,2026-04-29 stage restructure,2026-04-29 15:46:03,UPDATE
006WR00000wk9SqYAI,Hunter's Glen Apartments,StageName,Prospecting,Prospects,2026-04-29 stage restructure,2026-04-29 15:46:03,UPDATE
006WR00000wk9SrYAI,Cottonwood Apartments East,StageName,Prospecting,Prospects,2026-04-29 stage restructure,2026-04-29 15:46:03,UPDATE
006WR00000wk9SsYAI,Sandpiper Pointe,StageName,Prospecting,Prospects,2026-04-29 stage restructure,2026-04-29 15:46:03,UPDATE
006WR00000wk9SuYAI,Riverside Villas,StageName,Prospecting,Prospects,2026-04-29 stage restructure,2026-04-29 15:46:03,UPDATE
006WR00000wk9SvYAI,Park_Place,StageName,Prospecting,Prospects,2026-04-29 stage restructure,2026-04-29 15:46:03,UPDATE
006WR00000wk9SxYAI,Cottonwood Apartments West,StageName,Prospecting,Prospects,2026-04-29 stage restructure,2026-04-29 15:46:03,UPDATE
006WR00000wk9SyYAI,Redwood Linden Oaks One,StageName,Prospecting,Prospects,2026-04-29 stage restructure,2026-04-29 15:46:03,UPDATE
006WR00000wk9SzYAI,Redwood Linden Oaks Two,StageName,Prospecting,Prospects,2026-04-29 stage restructure,2026-04-29 15:46:03,UPDATE
006WR00000wk9T0YAI,Redwood Havenwood One,StageName,Prospecting,Prospects,2026-04-29 stage restructure,2026-04-29 15:46:03,UPDATE
006WR00000wk9T1YAI,Redwood Havenwood Two,StageName,Prospecting,Prospects,2026-04-29 stage restructure,2026-04-29 15:46:03,UPDATE
006WR00000wk9T3YAI,Mcqueen Landing HOA,StageName,Prospecting,Prospects,2026-04-29 stage restructure,2026-04-29 15:46:03,UPDATE
006WR00000wk9T4YAI,La Costa Hills HOA,StageName,Prospecting,Prospects,2026-04-29 stage restructure,2026-04-29 15:46:03,UPDATE
006WR00000wk9T5YAI,Park Place Village Condominium,StageName,Prospecting,Prospects,2026-04-29 stage restructure,2026-04-29 15:46:03,UPDATE
006WR00000wk9T6YAI,Terrace Villa_Morris RE,StageName,Prospecting,Prospects,2026-04-29 stage restructure,2026-04-29 15:46:03,UPDATE
006WR00000wk9T7YAI,Village West Apartments_Morris RE,StageName,Prospecting,Prospects,2026-04-29 stage restructure,2026-04-29 15:46:03,UPDATE
006WR00000wk9T8YAI,Quail Hollow Apts_Morris RE,StageName,Prospecting,Prospects,2026-04-29 stage restructure,2026-04-29 15:46:03,UPDATE
006WR00000wk9T9YAI,Killeen_MDU_512 W Green Ave_Morris RE,StageName,Prospecting,Prospects,2026-04-29 stage restructure,2026-04-29 15:46:03,UPDATE
006WR00000wk9TAYAY,Arcadia Lofts,StageName,Prospecting,Prospects,2026-04-29 stage restructure,2026-04-29 15:46:03,UPDATE
006WR00000wk9TDYAY,Waters Edge Apartment Homes,StageName,Prospecting,Prospects,2026-04-29 stage restructure,2026-04-29 15:46:03,UPDATE
006WR00000wk9TFYAY,Creekwood Apartments,StageName,Prospecting,Prospects,2026-04-29 stage restructure,2026-04-29 15:46:03,UPDATE
006WR00000wk9THYAY,Canyon Club Apartments,StageName,Prospecting,Prospects,2026-04-29 stage restructure,2026-04-29 15:46:03,UPDATE
006WR00000wk9TIYAY,Stoney Brook Apartments,StageName,Prospecting,Prospects,2026-04-29 stage restructure,2026-04-29 15:46:03,UPDATE
006WR00000wk9TJYAY,Carlsbad View Apartments,StageName,Prospecting,Prospects,2026-04-29 stage restructure,2026-04-29 15:46:03,UPDATE
006WR00000wk9TKYAY,Ocean Hills Senior Living Apartments,StageName,Prospecting,Prospects,2026-04-29 stage restructure,2026-04-29 15:46:03,UPDATE
006WR00000wk9TLYAY,Oceana Apartment Homes,StageName,Prospecting,Prospects,2026-04-29 stage restructure,2026-04-29 15:46:03,UPDATE
006WR00000wk9TMYAY,Mira Mar Mobile Home Community,StageName,Prospecting,Prospects,2026-04-29 stage restructure,2026-04-29 15:46:03,UPDATE
006WR00000wk9TNYAY,Pierside South,StageName,Prospecting,Prospects,2026-04-29 stage restructure,2026-04-29 15:46:03,UPDATE
006WR00000wk9TOYAY,Boulevard Apartments,StageName,Prospecting,Prospects,2026-04-29 stage restructure,2026-04-29 15:46:03,UPDATE
006WR00000wk9TPYAY,Elan Milano,StageName,Prospecting,Prospects,2026-04-29 stage restructure,2026-04-29 15:46:03,UPDATE
006WR00000wk9TQYAY,Edson,StageName,Prospecting,Prospects,2026-04-29 stage restructure,2026-04-29 15:46:03,UPDATE
006WR00000wk9TRYAY,Elan Oceano at Rancho Del Oro,StageName,Prospecting,Prospects,2026-04-29 stage restructure,2026-04-29 15:46:03,UPDATE
006WR00000wk9TSYAY,Canyon Creek,StageName,Prospecting,Prospects,2026-04-29 stage restructure,2026-04-29 15:46:03,UPDATE
006WR00000wk9TTYAY,Ocean Vista Apartments,StageName,Prospecting,Prospects,2026-04-29 stage restructure,2026-04-29 15:46:03,UPDATE
006WR00000wk9TUYAY,Cavalier Mobile Estates,StageName,Prospecting,Prospects,2026-04-29 stage restructure,2026-04-29 15:46:03,UPDATE
006WR00000wk9TVYAY,Westwood Village,StageName,Prospecting,Prospects,2026-04-29 stage restructure,2026-04-29 15:46:03,UPDATE
006WR00000wk9TWYAY,Piazza D'Oro Townhomes,StageName,Prospecting,Prospects,2026-04-29 stage restructure,2026-04-29 15:46:03,UPDATE
006WR00000wk9TXYAY,River Oaks,StageName,Prospecting,Prospects,2026-04-29 stage restructure,2026-04-29 15:46:03,UPDATE
006WR00000wk9TYYAY,Pacific View,StageName,Prospecting,Prospects,2026-04-29 stage restructure,2026-04-29 15:46:03,UPDATE
006WR00000wk9TZYAY,Sunset View,StageName,Prospecting,Prospects,2026-04-29 stage restructure,2026-04-29 15:46:03,UPDATE
006WR00000wk9TaYAI,Parkside Villa Apartments,StageName,Prospecting,Prospects,2026-04-29 stage restructure,2026-04-29 15:46:03,UPDATE
006WR00000wk9TbYAI,Sofi Ocean Hills,StageName,Prospecting,Prospects,2026-04-29 stage restructure,2026-04-29 15:46:03,UPDATE
006WR00000wk9TcYAI,Shadow Way Apartments,StageName,Prospecting,Prospects,2026-04-29 stage restructure,2026-04-29 15:46:03,UPDATE
006WR00000wk9TdYAI,DeLuz Family Housing,StageName,Prospecting,Prospects,2026-04-29 stage restructure,2026-04-29 15:46:03,UPDATE
006WR00000wk9TeYAI,Aviara Apartments,StageName,Prospecting,Prospects,2026-04-29 stage restructure,2026-04-29 15:46:03,UPDATE
006WR00000wk9TfYAI,Santa Fe Ranch,StageName,Prospecting,Prospects,2026-04-29 stage restructure,2026-04-29 15:46:03,UPDATE
006WR00000wk9TgYAI,Hunters Pointe,StageName,Prospecting,Prospects,2026-04-29 stage restructure,2026-04-29 15:46:03,UPDATE
006WR00000wk9ThYAI,The Tradition,StageName,Prospecting,Prospects,2026-04-29 stage restructure,2026-04-29 15:46:03,UPDATE
006WR00000wk9TiYAI,Portola Senior Housing,StageName,Prospecting,Prospects,2026-04-29 stage restructure,2026-04-29 15:46:03,UPDATE
006WR00000wk9TjYAI,Villas at Carlsbad,StageName,Prospecting,Prospects,2026-04-29 stage restructure,2026-04-29 15:46:03,UPDATE
006WR00000wk9TkYAI,Laurel Tree Apartments,StageName,Prospecting,Prospects,2026-04-29 stage restructure,2026-04-29 15:46:03,UPDATE
006WR00000wk9TlYAI,Lanikai Lane,StageName,Prospecting,Prospects,2026-04-29 stage restructure,2026-04-29 15:46:03,UPDATE
006WR00000wk9TmYAI,Mariposa Apartments,StageName,Prospecting,Prospects,2026-04-29 stage restructure,2026-04-29 15:46:03,UPDATE
006WR00000wk9TnYAI,Rising Glen,StageName,Prospecting,Prospects,2026-04-29 stage restructure,2026-04-29 15:46:03,UPDATE
006WR00000wk9ToYAI,Villa Loma Apartments,StageName,Prospecting,Prospects,2026-04-29 stage restructure,2026-04-29 15:46:03,UPDATE
006WR00000wk9TpYAI,Ocean View Terrace,StageName,Prospecting,Prospects,2026-04-29 stage restructure,2026-04-29 15:46:03,UPDATE
006WR00000wk9TqYAI,Legante Paseo,StageName,Prospecting,Prospects,2026-04-29 stage restructure,2026-04-29 15:46:03,UPDATE
006WR00000wk9TrYAI,The Rail at Georgetown,StageName,Prospecting,Prospects,2026-04-29 stage restructure,2026-04-29 15:46:03,UPDATE
006WR00000wk9TsYAI,Oaks At Georgetown,StageName,Prospecting,Prospects,2026-04-29 stage restructure,2026-04-29 15:46:03,UPDATE
006WR00000wk9TtYAI,Radius Wolf Ranch,StageName,Prospecting,Prospects,2026-04-29 stage restructure,2026-04-29 15:46:03,UPDATE
006WR00000wk9TuYAI,302 North,StageName,Prospecting,Prospects,2026-04-29 stage restructure,2026-04-29 15:46:03,UPDATE
006WR00000wk9TvYAI,Dobson Glen,StageName,Prospecting,Prospects,2026-04-29 stage restructure,2026-04-29 15:46:03,UPDATE
006WR00000wk9TwYAI,Dobson Villas,StageName,Prospecting,Prospects,2026-04-29 stage restructure,2026-04-29 15:46:03,UPDATE
006WR00000wk9TxYAI,La Jolla Cove Condos,StageName,Prospecting,Prospects,2026-04-29 stage restructure,2026-04-29 15:46:03,UPDATE
006WR00000wk9TyYAI,Brookside AMD Condos,StageName,Prospecting,Prospects,2026-04-29 stage restructure,2026-04-29 15:46:03,UPDATE
006WR00000wk9TzYAI,"Skyview Mesa Unit Two Homeowners Association, Mesa AZ",StageName,Prospecting,Prospects,2026-04-29 stage restructure,2026-04-29 15:46:03,UPDATE
006WR00000wk9U0YAI,Emelita Place,StageName,Prospecting,Prospects,2026-04-29 stage restructure,2026-04-29 15:46:03,UPDATE
006WR00000wk9U1YAI,CottonWood Villas Condominiums,StageName,Prospecting,Prospects,2026-04-29 stage restructure,2026-04-29 15:46:03,UPDATE
006WR00000wk9U2YAI,Exchange on the 8,StageName,Prospecting,Prospects,2026-04-29 stage restructure,2026-04-29 15:46:03,UPDATE
006WR00000wk9U3YAI,Mesa Ridge Apartments,StageName,Prospecting,Prospects,2026-04-29 stage restructure,2026-04-29 15:46:03,UPDATE
006WR00000wk9U4YAI,Beacon at 601/Crestwood Apartments,StageName,Prospecting,Prospects,2026-04-29 stage restructure,2026-04-29 15:46:03,UPDATE
006WR00000wk9U5YAI,Madera Point Apartments,StageName,Prospecting,Prospects,2026-04-29 stage restructure,2026-04-29 15:46:03,UPDATE
006WR00000wk9U6YAI,Central on Broadway Apartments,StageName,Prospecting,Prospects,2026-04-29 stage restructure,2026-04-29 15:46:03,UPDATE
006WR00000wk9U7YAI,Broadway Vista Apartments,StageName,Prospecting,Prospects,2026-04-29 stage restructure,2026-04-29 15:46:03,UPDATE
006WR00000wk9U8YAI,Mesa Coronado II,StageName,Prospecting,Prospects,2026-04-29 stage restructure,2026-04-29 15:46:03,UPDATE
006WR00000wk9UAYAY,The Flats Apts,StageName,Prospecting,Prospects,2026-04-29 stage restructure,2026-04-29 15:46:03,UPDATE
006WR00000wk9UBYAY,Continental Townhomes,StageName,Prospecting,Prospects,2026-04-29 stage restructure,2026-04-29 15:46:03,UPDATE
006WR00000wk9UCYAY,Sycamore Square,StageName,Prospecting,Prospects,2026-04-29 stage restructure,2026-04-29 15:46:03,UPDATE
006WR00000wk9UDYAY,Mesa Coronado Condos,StageName,Prospecting,Prospects,2026-04-29 stage restructure,2026-04-29 15:46:03,UPDATE
006WR00000wk9UEYAY,Fiesta Villas Condos,StageName,Prospecting,Prospects,2026-04-29 stage restructure,2026-04-29 15:46:03,UPDATE
006WR00000wk9UFYAY,Villa Fiesta Apts,StageName,Prospecting,Prospects,2026-04-29 stage restructure,2026-04-29 15:46:03,UPDATE
006WR00000wk9UGYAY,Paragon Place,StageName,Prospecting,Prospects,2026-04-29 stage restructure,2026-04-29 15:46:03,UPDATE
006WR00000wk9UHYAY,Pebble Creek Apartments,StageName,Prospecting,Prospects,2026-04-29 stage restructure,2026-04-29 15:46:03,UPDATE
006WR00000wk9UIYAY,Spanish Arcos Apartments,StageName,Prospecting,Prospects,2026-04-29 stage restructure,2026-04-29 15:46:03,UPDATE
006WR00000wk9UJYAY,Ovation at Tempe,StageName,Prospecting,Prospects,2026-04-29 stage restructure,2026-04-29 15:46:03,UPDATE
006WR00000wk9UKYAY,Hacienda de Valencia,StageName,Prospecting,Prospects,2026-04-29 stage restructure,2026-04-29 15:46:03,UPDATE
006WR00000wk9ULYAY,Cottages of Edina,StageName,Prospecting,Prospects,2026-04-29 stage restructure,2026-04-29 15:46:03,UPDATE
006WR00000wk9UNYAY,Enclave at Arrowhead Apartments,StageName,Prospecting,Prospects,2026-04-29 stage restructure,2026-04-29 15:46:03,UPDATE
006WR00000wk9UOYAY,The Orchard on Gilbert,StageName,Prospecting,Prospects,2026-04-29 stage restructure,2026-04-29 15:46:03,UPDATE
006WR00000wk9UPYAY,Marabrisa Condominiums,StageName,Prospecting,Prospects,2026-04-29 stage restructure,2026-04-29 15:46:03,UPDATE
006WR00000wk9UQYAY,Hunters Woods Apartments,StageName,Prospecting,Prospects,2026-04-29 stage restructure,2026-04-29 15:46:03,UPDATE
006WR00000wk9URYAY,Irving Schoolhouse,StageName,Prospecting,Prospects,2026-04-29 stage restructure,2026-04-29 15:46:03,UPDATE
006WR00000wk9USYAY,Ponderosa Apartments,StageName,Prospecting,Prospects,2026-04-29 stage restructure,2026-04-29 15:46:03,UPDATE
006WR00000wk9UUYAY,Park Village Apartments,StageName,Prospecting,Prospects,2026-04-29 stage restructure,2026-04-29 15:46:03,UPDATE
006WR00000wk9UZYAY,Bethlehem's Pioneer Place,StageName,Prospecting,Prospects,2026-04-29 stage restructure,2026-04-29 15:46:03,UPDATE
006WR00000wk9UaYAI,Harris Gardens,StageName,Prospecting,Prospects,2026-04-29 stage restructure,2026-04-29 15:46:03,UPDATE
006WR00000wk9UbYAI,The Meadows MHP,StageName,Prospecting,Prospects,2026-04-29 stage restructure,2026-04-29 15:46:03,UPDATE
006WR00000wk9UcYAI,Legacy Trails Apartments,StageName,Prospecting,Prospects,2026-04-29 stage restructure,2026-04-29 15:46:03,UPDATE
006WR00000wk9UdYAI,The Palms at South Mountain,StageName,Prospecting,Prospects,2026-04-29 stage restructure,2026-04-29 15:46:03,UPDATE
006WR00000wk9UeYAI,Ritz colony,StageName,Prospecting,Prospects,2026-04-29 stage restructure,2026-04-29 15:46:03,UPDATE
006WR00000wk9UfYAI,Sea Point Tennis Club at La Costa,StageName,Prospecting,Prospects,2026-04-29 stage restructure,2026-04-29 15:46:03,UPDATE
006WR00000wk9UgYAI,Firenze Apartments,StageName,Prospecting,Prospects,2026-04-29 stage restructure,2026-04-29 15:46:03,UPDATE
006WR00000wk9UhYAI,Villas of La Costa,StageName,Prospecting,Prospects,2026-04-29 stage restructure,2026-04-29 15:46:03,UPDATE
006WR00000wk9UiYAI,The Enclave,StageName,Prospecting,Prospects,2026-04-29 stage restructure,2026-04-29 15:46:03,UPDATE
006WR00000wk9UjYAI,Casitas La Costa,StageName,Prospecting,Prospects,2026-04-29 stage restructure,2026-04-29 15:46:03,UPDATE
006WR00000wk9UkYAI,Monarch Villas,StageName,Prospecting,Prospects,2026-04-29 stage restructure,2026-04-29 15:46:03,UPDATE
006WR00000wk9UlYAI,Tooele Gateway,StageName,Prospecting,Prospects,2026-04-29 stage restructure,2026-04-29 15:46:03,UPDATE
006WR00000wk9UmYAI,Essex Heights Apartments,StageName,Prospecting,Prospects,2026-04-29 stage restructure,2026-04-29 15:46:03,UPDATE
006WR00000wk9UnYAI,Encinitas Terrace Senior Apts,StageName,Prospecting,Prospects,2026-04-29 stage restructure,2026-04-29 15:46:03,UPDATE
006WR00000wk9UoYAI,Village Park Apartments,StageName,Prospecting,Prospects,2026-04-29 stage restructure,2026-04-29 15:46:03,UPDATE
006WR00000wk9UpYAI,Elan Pacifico,StageName,Prospecting,Prospects,2026-04-29 stage restructure,2026-04-29 15:46:03,UPDATE
006WR00000wk9UqYAI,Elan Cardiff By the Sea Apartments,StageName,Prospecting,Prospects,2026-04-29 stage restructure,2026-04-29 15:46:03,UPDATE
006WR00000wk9UrYAI,West Hampton Cove,StageName,Prospecting,Prospects,2026-04-29 stage restructure,2026-04-29 15:46:03,UPDATE
006WR00000wk9UsYAI,Pacific Pines,StageName,Prospecting,Prospects,2026-04-29 stage restructure,2026-04-29 15:46:03,UPDATE
006WR00000wk9UtYAI,Regal View HOA,StageName,Prospecting,Prospects,2026-04-29 stage restructure,2026-04-29 15:46:03,UPDATE
006WR00000wk9UuYAI,Fox Point Farms,StageName,Prospecting,Prospects,2026-04-29 stage restructure,2026-04-29 15:46:03,UPDATE
006WR00000wk9UwYAI,The Maddox,StageName,Prospecting,Prospects,2026-04-29 stage restructure,2026-04-29 15:46:03,UPDATE
006WR00000wk9UxYAI,La Mirage Apartments (Tempe),StageName,Prospecting,Prospects,2026-04-29 stage restructure,2026-04-29 15:46:03,UPDATE
006WR00000wk9UyYAI,Nines at Lakeside,StageName,Prospecting,Prospects,2026-04-29 stage restructure,2026-04-29 15:46:03,UPDATE
006WR00000wk9UzYAI,Mira Santi,StageName,Prospecting,Prospects,2026-04-29 stage restructure,2026-04-29 15:46:03,UPDATE
006WR00000wk9V0YAI,Carino Villas Condominiums,StageName,Prospecting,Prospects,2026-04-29 stage restructure,2026-04-29 15:46:03,UPDATE
006WR00000wk9V1YAI,Villagio Apartment Homes,StageName,Prospecting,Prospects,2026-04-29 stage restructure,2026-04-29 15:46:03,UPDATE
006WR00000wk9V2YAI,505 West Apartment Homes,StageName,Prospecting,Prospects,2026-04-29 stage restructure,2026-04-29 15:46:03,UPDATE
006WR00000wk9V3YAI,Sentry Tempe,StageName,Prospecting,Prospects,2026-04-29 stage restructure,2026-04-29 15:46:03,UPDATE
006WR00000wk9V4YAI,Rise at the Retreat,StageName,Prospecting,Prospects,2026-04-29 stage restructure,2026-04-29 15:46:03,UPDATE
006WR00000wk9V5YAI,Lakeview at the Bay,StageName,Prospecting,Prospects,2026-04-29 stage restructure,2026-04-29 15:46:03,UPDATE
006WR00000wk9V6YAI,Sono Tempe (Prev Tides at S Tempe),StageName,Prospecting,Prospects,2026-04-29 stage restructure,2026-04-29 15:46:03,UPDATE
006WR00000wk9YLYAY,Watercrest Apartments,StageName,Prospecting,Prospects,2026-04-29 stage restructure,2026-04-29 15:46:03,UPDATE
006WR00000wk9YMYAY,The Cove,StageName,Prospecting,Prospects,2026-04-29 stage restructure,2026-04-29 15:46:03,UPDATE
006WR00000wk9YOYAY,Oregon 42,StageName,Prospecting,Prospects,2026-04-29 stage restructure,2026-04-29 15:46:03,UPDATE
006WR00000wk9YPYAY,Cassi And Lyra,StageName,Prospecting,Prospects,2026-04-29 stage restructure,2026-04-29 15:46:03,UPDATE
006WR00000wk9YQYAY,St James Tower Apartments,StageName,Prospecting,Prospects,2026-04-29 stage restructure,2026-04-29 15:46:03,UPDATE
006WR00000wk9YRYAY,Images Springcreek,StageName,Prospecting,Prospects,2026-04-29 stage restructure,2026-04-29 15:46:03,UPDATE
006WR00000wk9YSYAY,Lake Crest,StageName,Prospecting,Prospects,2026-04-29 stage restructure,2026-04-29 15:46:03,UPDATE
006WR00000wk9YUYAY,Pioneer Ridge,StageName,Prospecting,Prospects,2026-04-29 stage restructure,2026-04-29 15:46:03,UPDATE
006WR00000wk9YVYAY,Lomas Santa Fe Country Club Villas,StageName,Prospecting,Prospects,2026-04-29 stage restructure,2026-04-29 15:46:03,UPDATE
006WR00000wk9YWYAY,The Reserve At Metolius,StageName,Prospecting,Prospects,2026-04-29 stage restructure,2026-04-29 15:46:03,UPDATE
006WR00000wk9YXYAY,The Springs Apartments In Sisters,StageName,Prospecting,Prospects,2026-04-29 stage restructure,2026-04-29 15:46:03,UPDATE
006WR00000wk9YYYAY,Park Winds,StageName,Prospecting,Prospects,2026-04-29 stage restructure,2026-04-29 15:46:03,UPDATE
006WR00000wk9YZYAY,Prairie Winds,StageName,Prospecting,Prospects,2026-04-29 stage restructure,2026-04-29 15:46:03,UPDATE
006WR00000wk9YaYAI,PrairieGrass at Jordan Creek,StageName,Prospecting,Prospects,2026-04-29 stage restructure,2026-04-29 15:46:03,UPDATE
006WR00000wk9YbYAI,Mesa Senior Meadows,StageName,Prospecting,Prospects,2026-04-29 stage restructure,2026-04-29 15:46:03,UPDATE
006WR00000wk9YcYAI,PrairieGrass at Waukee,StageName,Prospecting,Prospects,2026-04-29 stage restructure,2026-04-29 15:46:03,UPDATE
006WR00000wk9YdYAI,Redwood Altoona Linden Oaks One,StageName,Prospecting,Prospects,2026-04-29 stage restructure,2026-04-29 15:46:03,UPDATE
006WR00000wk9YeYAI,Redwood Altoona Linden Oaks Two,StageName,Prospecting,Prospects,2026-04-29 stage restructure,2026-04-29 15:46:03,UPDATE
006WR00000wk9YfYAI,Redwood Ankeny Havenwood One,StageName,Prospecting,Prospects,2026-04-29 stage restructure,2026-04-29 15:46:03,UPDATE
006WR00000wk9YgYAI,The Village at Hampton Court,StageName,Prospecting,Prospects,2026-04-29 stage restructure,2026-04-29 15:46:03,UPDATE
006WR00000wk9YhYAI,Redwood Ankeny Havenwood Two,StageName,Prospecting,Prospects,2026-04-29 stage restructure,2026-04-29 15:46:03,UPDATE
006WR00000wk9YiYAI,417 4TH AVE (Portfolio),StageName,Prospecting,Prospects,2026-04-29 stage restructure,2026-04-29 15:46:03,UPDATE
006WR00000wk9YjYAI,Redwood Grimes,StageName,Prospecting,Prospects,2026-04-29 stage restructure,2026-04-29 15:46:03,UPDATE
006WR00000wk9YkYAI,Redwood Waukee Somerset Oaks One,StageName,Prospecting,Prospects,2026-04-29 stage restructure,2026-04-29 15:46:03,UPDATE
006WR00000wk9YlYAI,Redwood Waukee Somerset Oaks Two,StageName,Prospecting,Prospects,2026-04-29 stage restructure,2026-04-29 15:46:03,UPDATE
006WR00000wk9YmYAI,Westbrook Gardens,StageName,Prospecting,Prospects,2026-04-29 stage restructure,2026-04-29 15:46:03,UPDATE
006WR00000wk9YnYAI,Summerplace Apartments,StageName,Prospecting,Prospects,2026-04-29 stage restructure,2026-04-29 15:46:03,UPDATE
006WR00000wk9YoYAI,Sunridge Apartments,StageName,Prospecting,Prospects,2026-04-29 stage restructure,2026-04-29 15:46:03,UPDATE
006WR00000wk9YpYAI,Deer Creek Village,StageName,Prospecting,Prospects,2026-04-29 stage restructure,2026-04-29 15:46:03,UPDATE
006WR00000wk9YqYAI,Desert Rose Apartments,StageName,Prospecting,Prospects,2026-04-29 stage restructure,2026-04-29 15:46:03,UPDATE
006WR00000wk9YrYAI,Slate Canyon Apartments,StageName,Prospecting,Prospects,2026-04-29 stage restructure,2026-04-29 15:46:03,UPDATE
006WR00000wk9YsYAI,Fox Meadow,StageName,Prospecting,Prospects,2026-04-29 stage restructure,2026-04-29 15:46:03,UPDATE
006WR00000wk9YtYAI,The Lodge at Maple Grove,StageName,Prospecting,Prospects,2026-04-29 stage restructure,2026-04-29 15:46:03,UPDATE
006WR00000wk9YuYAI,Westpointe,StageName,Prospecting,Prospects,2026-04-29 stage restructure,2026-04-29 15:46:03,UPDATE
006WR00000wk9YvYAI,The Oaks Gracious Retirement Living,StageName,Prospecting,Prospects,2026-04-29 stage restructure,2026-04-29 15:46:03,UPDATE
006WR00000wk9YwYAI,San Gabriel Senior Village Apartments,StageName,Prospecting,Prospects,2026-04-29 stage restructure,2026-04-29 15:46:03,UPDATE
006WR00000wk9YxYAI,Fort Hood Family Housing,StageName,Prospecting,Prospects,2026-04-29 stage restructure,2026-04-29 15:46:03,UPDATE
006WR00000wk9YzYAI,Northcliffe Duplexes,StageName,Prospecting,Prospects,2026-04-29 stage restructure,2026-04-29 15:46:03,UPDATE
006WR00000wk9Z0YAI,Westwind of Killeen Apartments,StageName,Prospecting,Prospects,2026-04-29 stage restructure,2026-04-29 15:46:03,UPDATE
006WR00000wk9Z1YAI,Hyde Estates,StageName,Prospecting,Prospects,2026-04-29 stage restructure,2026-04-29 15:46:03,UPDATE
006WR00000wk9Z2YAI,The Brownstone at The Summit,StageName,Prospecting,Prospects,2026-04-29 stage restructure,2026-04-29 15:46:03,UPDATE
006WR00000wk9Z3YAI,Georgetown heights,StageName,Prospecting,Prospects,2026-04-29 stage restructure,2026-04-29 15:46:03,UPDATE
006WR00000wk9Z4YAI,Taylor Square Apartments,StageName,Prospecting,Prospects,2026-04-29 stage restructure,2026-04-29 15:46:03,UPDATE
006WR00000wk9Z7YAI,Hillcrest Apartments,StageName,Prospecting,Prospects,2026-04-29 stage restructure,2026-04-29 15:46:03,UPDATE
006WR00000wk9Z8YAI,Stonehaven,StageName,Prospecting,Prospects,2026-04-29 stage restructure,2026-04-29 15:46:03,UPDATE
006WR00000wk9Z9YAI,Residences of Stillwater,StageName,Prospecting,Prospects,2026-04-29 stage restructure,2026-04-29 15:46:03,UPDATE
006WR00000wk9ZAYAY,Allegro Apartment Homes,StageName,Prospecting,Prospects,2026-04-29 stage restructure,2026-04-29 15:46:03,UPDATE
006WR00000wk9ZBYAY,Altamont Summit,StageName,Prospecting,Prospects,2026-04-29 stage restructure,2026-04-29 15:46:03,UPDATE
006WR00000wk9ZCYAY,Alturas at Bell Tower,StageName,Prospecting,Prospects,2026-04-29 stage restructure,2026-04-29 15:46:03,UPDATE
006WR00000wk9ZDYAY,Avalon Meydenbauer,StageName,Prospecting,Prospects,2026-04-29 stage restructure,2026-04-29 15:46:03,UPDATE
006WR00000wk9ZEYAY,Avalon Towers,StageName,Prospecting,Prospects,2026-04-29 stage restructure,2026-04-29 15:46:03,UPDATE
006WR00000wk9ZFYAY,Avondale Housing Development,StageName,Prospecting,Prospects,2026-04-29 stage restructure,2026-04-29 15:46:03,UPDATE
006WR00000wk9ZGYAY,Azure Creek,StageName,Prospecting,Prospects,2026-04-29 stage restructure,2026-04-29 15:46:03,UPDATE
006WR00000wk9ZHYAY,Ballard on the Park,StageName,Prospecting,Prospects,2026-04-29 stage restructure,2026-04-29 15:46:03,UPDATE
006WR00000wk9ZIYAY,Beau Rivage,StageName,Prospecting,Prospects,2026-04-29 stage restructure,2026-04-29 15:46:03,UPDATE
006WR00000wk9ZJYAY,Bellaire Ranch,StageName,Prospecting,Prospects,2026-04-29 stage restructure,2026-04-29 15:46:03,UPDATE
006WR00000wk9ZKYAY,Villa Storia,StageName,Prospecting,Prospects,2026-04-29 stage restructure,2026-04-29 15:46:03,UPDATE
006WR00000wk9ZLYAY,Old Grove,StageName,Prospecting,Prospects,2026-04-29 stage restructure,2026-04-29 15:46:03,UPDATE
006WR00000wk9ZMYAY,Centre Ridge,StageName,Prospecting,Prospects,2026-04-29 stage restructure,2026-04-29 15:46:03,UPDATE
006WR00000wk9ZNYAY,Applewood Pointe Apartments,StageName,Prospecting,Prospects,2026-04-29 stage restructure,2026-04-29 15:46:03,UPDATE
006WR00000wk9ZOYAY,Capitol Place,StageName,Prospecting,Prospects,2026-04-29 stage restructure,2026-04-29 15:46:03,UPDATE
006WR00000wk9ZPYAY,Crossroads Village Apartments,StageName,Prospecting,Prospects,2026-04-29 stage restructure,2026-04-29 15:46:03,UPDATE
006WR00000wk9ZQYAY,Cambridge Villas,StageName,Prospecting,Prospects,2026-04-29 stage restructure,2026-04-29 15:46:03,UPDATE
006WR00000wk9ZRYAY,Bluffs at Cherry Hills,StageName,Prospecting,Prospects,2026-04-29 stage restructure,2026-04-29 15:46:03,UPDATE
006WR00000wk9ZSYAY,Castle Creek,StageName,Prospecting,Prospects,2026-04-29 stage restructure,2026-04-29 15:46:03,UPDATE
006WR00000wk9ZTYAY,Georgetowne,StageName,Prospecting,Prospects,2026-04-29 stage restructure,2026-04-29 15:46:03,UPDATE
006WR00000wk9ZUYAY,West Haven,StageName,Prospecting,Prospects,2026-04-29 stage restructure,2026-04-29 15:46:03,UPDATE
006WR00000wk9ZVYAY,Pacific Winds,StageName,Prospecting,Prospects,2026-04-29 stage restructure,2026-04-29 15:46:03,UPDATE
006WR00000wk9ZWYAY,Park on Center,StageName,Prospecting,Prospects,2026-04-29 stage restructure,2026-04-29 15:46:03,UPDATE
006WR00000wk9ZXYAY,Elan Playa Mar Apartment Homes,StageName,Prospecting,Prospects,2026-04-29 stage restructure,2026-04-29 15:46:03,UPDATE
006WR00000wk9ZYYAY,La Mision Village,StageName,Prospecting,Prospects,2026-04-29 stage restructure,2026-04-29 15:46:03,UPDATE
006WR00000wk9ZZYAY,Rosebay Falls,StageName,Prospecting,Prospects,2026-04-29 stage restructure,2026-04-29 15:46:03,UPDATE
006WR00000wk9ZaYAI,Garden Valley Court,StageName,Prospecting,Prospects,2026-04-29 stage restructure,2026-04-29 15:46:03,UPDATE
006WR00000wk9ZbYAI,Spencer Apartments,StageName,Prospecting,Prospects,2026-04-29 stage restructure,2026-04-29 15:46:03,UPDATE
006WR00000wk9ZcYAI,Park Place Bluffs,StageName,Prospecting,Prospects,2026-04-29 stage restructure,2026-04-29 15:46:03,UPDATE
006WR00000wk9ZdYAI,Westbrook Gardens Apartments,StageName,Prospecting,Prospects,2026-04-29 stage restructure,2026-04-29 15:46:03,UPDATE
006WR00000wk9ZeYAI,Glenwood Manor,StageName,Prospecting,Prospects,2026-04-29 stage restructure,2026-04-29 15:46:03,UPDATE
006WR00000wk9ZfYAI,Highlander Overlook and Burdette + Wade,StageName,Prospecting,Prospects,2026-04-29 stage restructure,2026-04-29 15:46:03,UPDATE
006WR00000wk9ZgYAI,Hello Apartments,StageName,Prospecting,Prospects,2026-04-29 stage restructure,2026-04-29 15:46:03,UPDATE
006WR00000wk9ZhYAI,Whispering Ridge,StageName,Prospecting,Prospects,2026-04-29 stage restructure,2026-04-29 15:46:03,UPDATE
006WR00000wk9ZiYAI,Midtown Crossing Contemporary Apartments,StageName,Prospecting,Prospects,2026-04-29 stage restructure,2026-04-29 15:46:03,UPDATE
006WR00000wk9ZjYAI,Highpoint,StageName,Prospecting,Prospects,2026-04-29 stage restructure,2026-04-29 15:46:03,UPDATE
006WR00000wk9ZkYAI,Elk Hills Apartments,StageName,Prospecting,Prospects,2026-04-29 stage restructure,2026-04-29 15:46:03,UPDATE
006WR00000wk9ZlYAI,Springhill Ridge in Omaha,StageName,Prospecting,Prospects,2026-04-29 stage restructure,2026-04-29 15:46:03,UPDATE
006WR00000wk9ZmYAI,Torello on Maple,StageName,Prospecting,Prospects,2026-04-29 stage restructure,2026-04-29 15:46:03,UPDATE
006WR00000wk9ZnYAI,Orchard Mesa,StageName,Prospecting,Prospects,2026-04-29 stage restructure,2026-04-29 15:46:03,UPDATE
006WR00000wk9ZoYAI,The Marvely,StageName,Prospecting,Prospects,2026-04-29 stage restructure,2026-04-29 15:46:03,UPDATE
006WR00000wk9ZpYAI,Rolling Hills Ranch Senior Living,StageName,Prospecting,Prospects,2026-04-29 stage restructure,2026-04-29 15:46:03,UPDATE
006WR00000wk9ZqYAI,The Slate,StageName,Prospecting,Prospects,2026-04-29 stage restructure,2026-04-29 15:46:03,UPDATE
006WR00000wk9ZrYAI,Pacific Gardens Apartments,StageName,Prospecting,Prospects,2026-04-29 stage restructure,2026-04-29 15:46:03,UPDATE
006WR00000wk9ZsYAI,Maplewood Estates,StageName,Prospecting,Prospects,2026-04-29 stage restructure,2026-04-29 15:46:03,UPDATE
006WR00000wk9ZtYAI,Wellington Park,StageName,Prospecting,Prospects,2026-04-29 stage restructure,2026-04-29 15:46:03,UPDATE
006WR00000wk9ZuYAI,Stonegate Park,StageName,Prospecting,Prospects,2026-04-29 stage restructure,2026-04-29 15:46:03,UPDATE
006WR00000wk9ZvYAI,The Reserve at The Knolls,StageName,Prospecting,Prospects,2026-04-29 stage restructure,2026-04-29 15:46:03,UPDATE
006WR00000wk9ZwYAI,Tranquility Pointe,StageName,Prospecting,Prospects,2026-04-29 stage restructure,2026-04-29 15:46:03,UPDATE
006WR00000wk9ZxYAI,Southside Terrace Phase 2,StageName,Prospecting,Prospects,2026-04-29 stage restructure,2026-04-29 15:46:03,UPDATE
006WR00000wk9ZyYAI,Camelot VI,StageName,Prospecting,Prospects,2026-04-29 stage restructure,2026-04-29 15:46:03,UPDATE
006WR00000wk9ZzYAI,4651 Dodge St,StageName,Prospecting,Prospects,2026-04-29 stage restructure,2026-04-29 15:46:03,UPDATE
006WR00000wkA6DYAU,46 Dodge Apartments,StageName,Prospecting,Prospects,2026-04-29 stage restructure,2026-04-29 15:46:03,UPDATE
006WR00000wkA6EYAU,Chateau at Hillsborough,StageName,Prospecting,Prospects,2026-04-29 stage restructure,2026-04-29 15:46:03,UPDATE
006WR00000wkA6FYAU,Avidor Omaha,StageName,Prospecting,Prospects,2026-04-29 stage restructure,2026-04-29 15:46:03,UPDATE
006WR00000wkA6GYAU,Bel Court Apartments,StageName,Prospecting,Prospects,2026-04-29 stage restructure,2026-04-29 15:46:03,UPDATE
006WR00000wkA6HYAU,148th Place,StageName,Prospecting,Prospects,2026-04-29 stage restructure,2026-04-29 15:46:03,UPDATE
006WR00000wkA6IYAU,Piraeus Point,StageName,Prospecting,Prospects,2026-04-29 stage restructure,2026-04-29 15:46:03,UPDATE
006WR00000wkA6JYAU,Oak Leaf Apartments,StageName,Prospecting,Prospects,2026-04-29 stage restructure,2026-04-29 15:46:03,UPDATE
006WR00000wkA6KYAU,Bella Vista Senior Living Community,StageName,Prospecting,Prospects,2026-04-29 stage restructure,2026-04-29 15:46:03,UPDATE
006WR00000wkA6LYAU,Mission Flats,StageName,Prospecting,Prospects,2026-04-29 stage restructure,2026-04-29 15:46:03,UPDATE
006WR00000wkA6MYAU,Trico Mobile Estates,StageName,Prospecting,Prospects,2026-04-29 stage restructure,2026-04-29 15:46:03,UPDATE
006WR00000wkA6NYAU,View House,StageName,Prospecting,Prospects,2026-04-29 stage restructure,2026-04-29 15:46:03,UPDATE
006WR00000wkA6OYAU,Sea Bluff,StageName,Prospecting,Prospects,2026-04-29 stage restructure,2026-04-29 15:46:03,UPDATE
006WR00000wkA6PYAU,Nobility Point,StageName,Prospecting,Prospects,2026-04-29 stage restructure,2026-04-29 15:46:03,UPDATE
006WR00000wkA6QYAU,Oak Brook Park Apartments,StageName,Prospecting,Prospects,2026-04-29 stage restructure,2026-04-29 15:46:03,UPDATE
006WR00000wkA6RYAU,Langston Loge,StageName,Prospecting,Prospects,2026-04-29 stage restructure,2026-04-29 15:46:03,UPDATE
006WR00000wkA6SYAU,Old Mill Apartments,StageName,Prospecting,Prospects,2026-04-29 stage restructure,2026-04-29 15:46:03,UPDATE
006WR00000wkA6TYAU,Mission View Manor,StageName,Prospecting,Prospects,2026-04-29 stage restructure,2026-04-29 15:46:03,UPDATE
006WR00000wkA6UYAU,Whispering Hills,StageName,Prospecting,Prospects,2026-04-29 stage restructure,2026-04-29 15:46:03,UPDATE
006WR00000wkA6VYAU,Dundee View,StageName,Prospecting,Prospects,2026-04-29 stage restructure,2026-04-29 15:46:03,UPDATE
006WR00000wkA6WYAU,Dundee Flats,StageName,Prospecting,Prospects,2026-04-29 stage restructure,2026-04-29 15:46:03,UPDATE
006WR00000wkA6XYAU,Fox Ridge,StageName,Prospecting,Prospects,2026-04-29 stage restructure,2026-04-29 15:46:03,UPDATE
006WR00000wkA6YYAU,The Club at Highland Park Apartments,StageName,Prospecting,Prospects,2026-04-29 stage restructure,2026-04-29 15:46:03,UPDATE
006WR00000wkA6ZYAU,Eagle Run Apartments,StageName,Prospecting,Prospects,2026-04-29 stage restructure,2026-04-29 15:46:03,UPDATE
006WR00000wkA6aYAE,Park Place Apartments,StageName,Prospecting,Prospects,2026-04-29 stage restructure,2026-04-29 15:46:03,UPDATE
006WR00000wkA6bYAE,Woodgate Townhomes,StageName,Prospecting,Prospects,2026-04-29 stage restructure,2026-04-29 15:46:03,UPDATE
006WR00000wkA6cYAE,Regency Lakeside Apartments,StageName,Prospecting,Prospects,2026-04-29 stage restructure,2026-04-29 15:46:03,UPDATE
006WR00000wkA6dYAE,Howard Street,StageName,Prospecting,Prospects,2026-04-29 stage restructure,2026-04-29 15:46:03,UPDATE
006WR00000wkA6eYAE,Ovation Heartwood Preserve-Independent Living,StageName,Prospecting,Prospects,2026-04-29 stage restructure,2026-04-29 15:46:03,UPDATE
006WR00000wkA6gYAE,Atlas Apartments,StageName,Prospecting,Prospects,2026-04-29 stage restructure,2026-04-29 15:46:03,UPDATE
006WR00000wkA6hYAE,Citadel Apartments,StageName,Prospecting,Prospects,2026-04-29 stage restructure,2026-04-29 15:46:03,UPDATE
006WR00000wkA6jYAE,JC Wade Senior Villas,StageName,Prospecting,Prospects,2026-04-29 stage restructure,2026-04-29 15:46:03,UPDATE
006WR00000wkA6kYAE,Preserve at Evans Place [Tudor Heights],StageName,Prospecting,Prospects,2026-04-29 stage restructure,2026-04-29 15:46:03,UPDATE
006WR00000wkA6lYAE,Park 125,StageName,Prospecting,Prospects,2026-04-29 stage restructure,2026-04-29 15:46:03,UPDATE
006WR00000wkA6mYAE,The Biltmore Apartments,StageName,Prospecting,Prospects,2026-04-29 stage restructure,2026-04-29 15:46:03,UPDATE
006WR00000wkA6nYAE,Raintree Apartments,StageName,Prospecting,Prospects,2026-04-29 stage restructure,2026-04-29 15:46:03,UPDATE
006WR00000wkA6oYAE,The Vanderbilt Apartments,StageName,Prospecting,Prospects,2026-04-29 stage restructure,2026-04-29 15:46:03,UPDATE
006WR00000wkA6pYAE,Vivo Living Omaha,StageName,Prospecting,Prospects,2026-04-29 stage restructure,2026-04-29 15:46:03,UPDATE
006WR00000wkA6qYAE,Woodland Meadows,StageName,Prospecting,Prospects,2026-04-29 stage restructure,2026-04-29 15:46:03,UPDATE
006WR00000wkA6rYAE,Tides on University,StageName,Prospecting,Prospects,2026-04-29 stage restructure,2026-04-29 15:46:03,UPDATE
006WR00000wkA6sYAE,Quintana at Cooley Station,StageName,Prospecting,Prospects,2026-04-29 stage restructure,2026-04-29 15:46:03,UPDATE
006WR00000wkA6tYAE,Mahoney Village,StageName,Prospecting,Prospects,2026-04-29 stage restructure,2026-04-29 15:46:03,UPDATE
006WR00000wkA6uYAE,Cielo on Gilbert,StageName,Prospecting,Prospects,2026-04-29 stage restructure,2026-04-29 15:46:03,UPDATE
006WR00000wkA6vYAE,Georgetown Park Apartment Homes,StageName,Prospecting,Prospects,2026-04-29 stage restructure,2026-04-29 15:46:03,UPDATE
006WR00000wkA6wYAE,San Gabriel Apartments,StageName,Prospecting,Prospects,2026-04-29 stage restructure,2026-04-29 15:46:03,UPDATE
006WR00000wkA6yYAE,Irvington Heights,StageName,Prospecting,Prospects,2026-04-29 stage restructure,2026-04-29 15:46:03,UPDATE
006WR00000wkA6zYAE,Promontory Point,StageName,Prospecting,Prospects,2026-04-29 stage restructure,2026-04-29 15:46:03,UPDATE
006WR00000wkA70YAE,Shamrock Arrowride Apartments,StageName,Prospecting,Prospects,2026-04-29 stage restructure,2026-04-29 15:46:03,UPDATE
006WR00000wkA71YAE,Campus Town,StageName,Prospecting,Prospects,2026-04-29 stage restructure,2026-04-29 15:46:03,UPDATE
006WR00000wkA72YAE,Trails at Carmel Creek,StageName,Prospecting,Prospects,2026-04-29 stage restructure,2026-04-29 15:46:03,UPDATE
006WR00000wkA73YAE,Heritage District,StageName,Prospecting,Prospects,2026-04-29 stage restructure,2026-04-29 15:46:03,UPDATE
006WR00000wkA74YAE,Goldfinch Meadows,StageName,Prospecting,Prospects,2026-04-29 stage restructure,2026-04-29 15:46:03,UPDATE
006WR00000wkA75YAE,Grand View Apartments,StageName,Prospecting,Prospects,2026-04-29 stage restructure,2026-04-29 15:46:03,UPDATE
006WR00000wkA76YAE,One East Tucson,StageName,Prospecting,Prospects,2026-04-29 stage restructure,2026-04-29 15:46:03,UPDATE
006WR00000wkA77YAE,Carver Ridge Townhomes,StageName,Prospecting,Prospects,2026-04-29 stage restructure,2026-04-29 15:46:03,UPDATE
006WR00000wkA78YAE,The Place at Canyon Ridge,StageName,Prospecting,Prospects,2026-04-29 stage restructure,2026-04-29 15:46:03,UPDATE
006WR00000wkA79YAE,The Quin,StageName,Prospecting,Prospects,2026-04-29 stage restructure,2026-04-29 15:46:03,UPDATE
006WR00000wkA7AYAU,Lincoln Apartments _ FF Freddy,StageName,Prospecting,Prospects,2026-04-29 stage restructure,2026-04-29 15:46:03,UPDATE
006WR00000wkA7BYAU,Town & Country Mobile Homes,StageName,Prospecting,Prospects,2026-04-29 stage restructure,2026-04-29 15:46:03,UPDATE
006WR00000wkA7CYAU,Aurora Meadows Apartments (Lumen CO),StageName,Prospecting,Prospects,2026-04-29 stage restructure,2026-04-29 15:46:03,UPDATE
006WR00000wkA7DYAU,Coral Point Apartments,StageName,Prospecting,Prospects,2026-04-29 stage restructure,2026-04-29 15:46:03,UPDATE
006WR00000wkA7EYAU,Ivy Crossing Apartment Homes (Lumen CO),StageName,Prospecting,Prospects,2026-04-29 stage restructure,2026-04-29 15:46:03,UPDATE
006WR00000wkA7FYAU,Gilbert Square Apts,StageName,Prospecting,Prospects,2026-04-29 stage restructure,2026-04-29 15:46:03,UPDATE
006WR00000wkA7GYAU,Landry on 56,StageName,Prospecting,Prospects,2026-04-29 stage restructure,2026-04-29 15:46:03,UPDATE
006WR00000wkA7HYAU,Envision Apartments,StageName,Prospecting,Prospects,2026-04-29 stage restructure,2026-04-29 15:46:03,UPDATE
006WR00000wkA7IYAU,Sawgrass Links Townhomes_Lumen IA_Bryce,StageName,Prospecting,Prospects,2026-04-29 stage restructure,2026-04-29 15:46:03,UPDATE
006WR00000wkA7JYAU,Noahs Landing (Lumen FL_Starwood),StageName,Prospecting,Prospects,2026-04-29 stage restructure,2026-04-29 15:46:03,UPDATE
006WR00000wkA7KYAU,Whistler's Cove Apartments (Lumen FL_Starwood),StageName,Prospecting,Prospects,2026-04-29 stage restructure,2026-04-29 15:46:03,UPDATE
006WR00000wkA7LYAU,La Petite Chateau Apartments,StageName,Prospecting,Prospects,2026-04-29 stage restructure,2026-04-29 15:46:03,UPDATE
006WR00000wkA7MYAU,Discovery Point,StageName,Prospecting,Prospects,2026-04-29 stage restructure,2026-04-29 15:46:03,UPDATE
006WR00000wkA7NYAU,Buena Vista Point Apartments (Lumen FL_Starwood),StageName,Prospecting,Prospects,2026-04-29 stage restructure,2026-04-29 15:46:03,UPDATE
006WR00000wkA7OYAU,Emparrado Apartments,StageName,Prospecting,Prospects,2026-04-29 stage restructure,2026-04-29 15:46:03,UPDATE
006WR00000wkA7PYAU,Ocean Hills Country Club HOA,StageName,Prospecting,Prospects,2026-04-29 stage restructure,2026-04-29 15:46:03,UPDATE
006WR00000wkA7QYAU,Fountain East (MHP),StageName,Prospecting,Prospects,2026-04-29 stage restructure,2026-04-29 15:46:03,UPDATE
006WR00000wkA7RYAU,Alante at the Islands,StageName,Prospecting,Prospects,2026-04-29 stage restructure,2026-04-29 15:46:03,UPDATE
006WR00000wkA7SYAU,Vineyards at Trophy Club,StageName,Prospecting,Prospects,2026-04-29 stage restructure,2026-04-29 15:46:03,UPDATE
006WR00000wkA7TYAU,Level 550,StageName,Prospecting,Prospects,2026-04-29 stage restructure,2026-04-29 15:46:03,UPDATE
006WR00000wkA7UYAU,Coronado Mobile Home Park,StageName,Prospecting,Prospects,2026-04-29 stage restructure,2026-04-29 15:46:03,UPDATE
006WR00000wkA7VYAU,Seacrest Village,StageName,Prospecting,Prospects,2026-04-29 stage restructure,2026-04-29 15:46:03,UPDATE
006WR00000wkA7WYAU,Chandler Meadows Unfurnished Apartments,StageName,Prospecting,Prospects,2026-04-29 stage restructure,2026-04-29 15:46:03,UPDATE
006WR00000wkA7XYAU,Lucera Apartments,StageName,Prospecting,Prospects,2026-04-29 stage restructure,2026-04-29 15:46:03,UPDATE
006WR00000wkA7YYAU,Desert Jewel Apartments,StageName,Prospecting,Prospects,2026-04-29 stage restructure,2026-04-29 15:46:03,UPDATE
006WR00000wkA7ZYAU,Revere Ridge Apartments,StageName,Prospecting,Prospects,2026-04-29 stage restructure,2026-04-29 15:46:03,UPDATE
006WR00000wkA7aYAE,Amberwood Manor,StageName,Prospecting,Prospects,2026-04-29 stage restructure,2026-04-29 15:46:03,UPDATE
006WR00000wkA7bYAE,Delano Apartments,StageName,Prospecting,Prospects,2026-04-29 stage restructure,2026-04-29 15:46:03,UPDATE
006WR00000wkA7cYAE,Desert Valley Oasis (MHP),StageName,Prospecting,Prospects,2026-04-29 stage restructure,2026-04-29 15:46:03,UPDATE
006WR00000wkA7dYAE,Crescent Run (MHP),StageName,Prospecting,Prospects,2026-04-29 stage restructure,2026-04-29 15:46:03,UPDATE
006WR00000wkA7eYAE,Luxe 1930,StageName,Prospecting,Prospects,2026-04-29 stage restructure,2026-04-29 15:46:03,UPDATE
006WR00000wkA7fYAE,Christian Care Manor,StageName,Prospecting,Prospects,2026-04-29 stage restructure,2026-04-29 15:46:03,UPDATE
006WR00000wkA7gYAE,Las Palmas Grand (MHP),StageName,Prospecting,Prospects,2026-04-29 stage restructure,2026-04-29 15:46:03,UPDATE
006WR00000wkA7hYAE,Montero at Dana Park,StageName,Prospecting,Prospects,2026-04-29 stage restructure,2026-04-29 15:46:03,UPDATE
006WR00000wkA7iYAE,Lindsay Palms Apartments,StageName,Prospecting,Prospects,2026-04-29 stage restructure,2026-04-29 15:46:03,UPDATE
006WR00000wkA7jYAE,Encore on First,StageName,Prospecting,Prospects,2026-04-29 stage restructure,2026-04-29 15:46:03,UPDATE
006WR00000wkA7kYAE,Desert Palms Apartments,StageName,Prospecting,Prospects,2026-04-29 stage restructure,2026-04-29 15:46:03,UPDATE
006WR00000wkA7lYAE,Ashland Manor Apartments,StageName,Prospecting,Prospects,2026-04-29 stage restructure,2026-04-29 15:46:03,UPDATE
006WR00000wkA7mYAE,Modera Gilbert,StageName,Prospecting,Prospects,2026-04-29 stage restructure,2026-04-29 15:46:03,UPDATE
006WR00000wkA7nYAE,German Oaks,StageName,Prospecting,Prospects,2026-04-29 stage restructure,2026-04-29 15:46:03,UPDATE
006WR00000wkA7oYAE,Terrace Garden Apartments,StageName,Prospecting,Prospects,2026-04-29 stage restructure,2026-04-29 15:46:03,UPDATE
006WR00000wkA7pYAE,Whispering Pines Townhomes,StageName,Prospecting,Prospects,2026-04-29 stage restructure,2026-04-29 15:46:03,UPDATE
006WR00000wkA7qYAE,Cortland Mountain Vista,StageName,Prospecting,Prospects,2026-04-29 stage restructure,2026-04-29 15:46:03,UPDATE
006WR00000wkA7rYAE,Chateau Gardens Apartments,StageName,Prospecting,Prospects,2026-04-29 stage restructure,2026-04-29 15:46:03,UPDATE
006WR00000wkA7sYAE,Fairview Apartments,StageName,Prospecting,Prospects,2026-04-29 stage restructure,2026-04-29 15:46:03,UPDATE
006WR00000wkA7tYAE,Gentry's Walk,StageName,Prospecting,Prospects,2026-04-29 stage restructure,2026-04-29 15:46:03,UPDATE
006WR00000wkA7uYAE,Sunrise Village(MHP),StageName,Prospecting,Prospects,2026-04-29 stage restructure,2026-04-29 15:46:03,UPDATE
006WR00000wkA7vYAE,Country Club Verandas Apartments,StageName,Prospecting,Prospects,2026-04-29 stage restructure,2026-04-29 15:46:03,UPDATE
006WR00000wkA7wYAE,Autumn Creek Apartments,StageName,Prospecting,Prospects,2026-04-29 stage restructure,2026-04-29 15:46:03,UPDATE
006WR00000wkA7xYAE,Missouri Meadows Apartments,StageName,Prospecting,Prospects,2026-04-29 stage restructure,2026-04-29 15:46:03,UPDATE
006WR00000wkA7yYAE,Habitat Condos,StageName,Prospecting,Prospects,2026-04-29 stage restructure,2026-04-29 15:46:03,UPDATE
006WR00000wkA7zYAE,Wyndham Hill,StageName,Prospecting,Prospects,2026-04-29 stage restructure,2026-04-29 15:46:03,UPDATE
006WR00000wkA80YAE,Cortina Apartments,StageName,Prospecting,Prospects,2026-04-29 stage restructure,2026-04-29 15:46:03,UPDATE
006WR00000wkA81YAE,Avana Chandler,StageName,Prospecting,Prospects,2026-04-29 stage restructure,2026-04-29 15:46:03,UPDATE
006WR00000wkA82YAE,Benson Gardens Apartments,StageName,Prospecting,Prospects,2026-04-29 stage restructure,2026-04-29 15:46:03,UPDATE
006WR00000wkA83YAE,Cactus Gardens,StageName,Prospecting,Prospects,2026-04-29 stage restructure,2026-04-29 15:46:03,UPDATE
006WR00000wkA84YAE,Palmas Del Sol,StageName,Prospecting,Prospects,2026-04-29 stage restructure,2026-04-29 15:46:03,UPDATE
006WR00000wkA85YAE,Cimarron Apartments,StageName,Prospecting,Prospects,2026-04-29 stage restructure,2026-04-29 15:46:03,UPDATE
006WR00000wkA86YAE,Pueblo Grande (MHP),StageName,Prospecting,Prospects,2026-04-29 stage restructure,2026-04-29 15:46:03,UPDATE
006WR00000wkA87YAE,Camino del Rey (HOA),StageName,Prospecting,Prospects,2026-04-29 stage restructure,2026-04-29 15:46:03,UPDATE
006WR00000wkA88YAE,Cottonwood Apartments (Mesa),StageName,Prospecting,Prospects,2026-04-29 stage restructure,2026-04-29 15:46:03,UPDATE
006WR00000wkA89YAE,Club 715,StageName,Prospecting,Prospects,2026-04-29 stage restructure,2026-04-29 15:46:03,UPDATE
006WR00000wkA8AYAU,The Grove at Hickman,StageName,Prospecting,Prospects,2026-04-29 stage restructure,2026-04-29 15:46:03,UPDATE
006WR00000wkA8BYAU,Pennytree Apartments,StageName,Prospecting,Prospects,2026-04-29 stage restructure,2026-04-29 15:46:03,UPDATE
006WR00000wkA8CYAU,Avilla Lehi Crossing,StageName,Prospecting,Prospects,2026-04-29 stage restructure,2026-04-29 15:46:03,UPDATE
006WR00000wkA8DYAU,Country Club Greens,StageName,Prospecting,Prospects,2026-04-29 stage restructure,2026-04-29 15:46:03,UPDATE
006WR00000wkA8EYAU,Canal on Baseline,StageName,Prospecting,Prospects,2026-04-29 stage restructure,2026-04-29 15:46:03,UPDATE
006WR00000wkA8FYAU,Maplewood Court Apartments,StageName,Prospecting,Prospects,2026-04-29 stage restructure,2026-04-29 15:46:03,UPDATE
006WR00000wkA8GYAU,Dahcotah View (copy) (copy),StageName,Prospecting,Prospects,2026-04-29 stage restructure,2026-04-29 15:46:03,UPDATE
006WR00000wkA8HYAU,Rise Country Club,StageName,Prospecting,Prospects,2026-04-29 stage restructure,2026-04-29 15:46:03,UPDATE
006WR00000wkA8IYAU,Keystone Park Apartments,StageName,Prospecting,Prospects,2026-04-29 stage restructure,2026-04-29 15:46:03,UPDATE
006WR00000wkA8JYAU,Dartmoor Apartments,StageName,Prospecting,Prospects,2026-04-29 stage restructure,2026-04-29 15:46:03,UPDATE
006WR00000wkA8KYAU,Desert Village(MHP),StageName,Prospecting,Prospects,2026-04-29 stage restructure,2026-04-29 15:46:03,UPDATE
006WR00000wkA8LYAU,Elan Sandpiper,StageName,Prospecting,Prospects,2026-04-29 stage restructure,2026-04-29 15:46:03,UPDATE
006WR00000wkA8MYAU,Colores Del Sol,StageName,Prospecting,Prospects,2026-04-29 stage restructure,2026-04-29 15:46:03,UPDATE
006WR00000wkA8NYAU,225 S Highway 101 Apartments,StageName,Prospecting,Prospects,2026-04-29 stage restructure,2026-04-29 15:46:03,UPDATE
006WR00000wkA8OYAU,Elan Solana Pointe,StageName,Prospecting,Prospects,2026-04-29 stage restructure,2026-04-29 15:46:03,UPDATE
006WR00000wkA8PYAU,Connect on University,StageName,Prospecting,Prospects,2026-04-29 stage restructure,2026-04-29 15:46:03,UPDATE
006WR00000wkA8QYAU,Cornerstone Manor Apartments,StageName,Prospecting,Prospects,2026-04-29 stage restructure,2026-04-29 15:46:03,UPDATE
006WR00000wkA8RYAU,Lakeview at Superstition Springs Amentspart,StageName,Prospecting,Prospects,2026-04-29 stage restructure,2026-04-29 15:46:03,UPDATE
006WR00000wkA8SYAU,Horne Patio Homes,StageName,Prospecting,Prospects,2026-04-29 stage restructure,2026-04-29 15:46:03,UPDATE
006WR00000wkA8TYAU,Saratoga West Condominiums,StageName,Prospecting,Prospects,2026-04-29 stage restructure,2026-04-29 15:46:03,UPDATE
006WR00000wkA8UYAU,Gateway Village Apartments,StageName,Prospecting,Prospects,2026-04-29 stage restructure,2026-04-29 15:46:03,UPDATE
006WR00000wkA8VYAU,Copperstone Apartments,StageName,Prospecting,Prospects,2026-04-29 stage restructure,2026-04-29 15:46:03,UPDATE
006WR00000wkA8WYAU,Olive Tree Vistas,StageName,Prospecting,Prospects,2026-04-29 stage restructure,2026-04-29 15:46:03,UPDATE
006WR00000wkA8XYAU,Corals Apartments,StageName,Prospecting,Prospects,2026-04-29 stage restructure,2026-04-29 15:46:03,UPDATE
006WR00000wkA8YYAU,Vaseo Apartments,StageName,Prospecting,Prospects,2026-04-29 stage restructure,2026-04-29 15:46:03,UPDATE
006WR00000wkA8ZYAU,Del Mar Downs Condos,StageName,Prospecting,Prospects,2026-04-29 stage restructure,2026-04-29 15:46:03,UPDATE
006WR00000wkA8aYAE,Beau Manor Townhomes,StageName,Prospecting,Prospects,2026-04-29 stage restructure,2026-04-29 15:46:03,UPDATE
006WR00000wkA8bYAE,Glen at Mesa,StageName,Prospecting,Prospects,2026-04-29 stage restructure,2026-04-29 15:46:03,UPDATE
006WR00000wkA8cYAE,Eucalyptus Apartments,StageName,Prospecting,Prospects,2026-04-29 stage restructure,2026-04-29 15:46:03,UPDATE
006WR00000wkA8dYAE,Glenhaven Estates,StageName,Prospecting,Prospects,2026-04-29 stage restructure,2026-04-29 15:46:03,UPDATE
006WR00000wkA8eYAE,Park Crest,StageName,Prospecting,Prospects,2026-04-29 stage restructure,2026-04-29 15:46:03,UPDATE
006WR00000wkA8fYAE,Bernard Richard Apartments,StageName,Prospecting,Prospects,2026-04-29 stage restructure,2026-04-29 15:46:03,UPDATE
006WR00000wkA8gYAE,Hillside Park Apartments,StageName,Prospecting,Prospects,2026-04-29 stage restructure,2026-04-29 15:46:03,UPDATE
006WR00000wkA8hYAE,Mesa Royale Apts,StageName,Prospecting,Prospects,2026-04-29 stage restructure,2026-04-29 15:46:03,UPDATE
006WR00000wkA8iYAE,La Cascada,StageName,Prospecting,Prospects,2026-04-29 stage restructure,2026-04-29 15:46:03,UPDATE
006WR00000wkA8jYAE,La Casita MHP,StageName,Prospecting,Prospects,2026-04-29 stage restructure,2026-04-29 15:46:03,UPDATE
006WR00000wkA8lYAE,La Mer Condos,StageName,Prospecting,Prospects,2026-04-29 stage restructure,2026-04-29 15:46:03,UPDATE
006WR00000wkA8mYAE,4813-4823 Boyd St Apartments,StageName,Prospecting,Prospects,2026-04-29 stage restructure,2026-04-29 15:46:03,UPDATE
006WR00000wkA8nYAE,Ville de Sante Terrace Apartments (1),StageName,Prospecting,Prospects,2026-04-29 stage restructure,2026-04-29 15:46:03,UPDATE
006WR00000wkA8oYAE,Buenas North Harris (Harris Place Apts old name),StageName,Prospecting,Prospects,2026-04-29 stage restructure,2026-04-29 15:46:03,UPDATE
006WR00000wkA8pYAE,Caravelle Apartments,StageName,Prospecting,Prospects,2026-04-29 stage restructure,2026-04-29 15:46:03,UPDATE
006WR00000wkA8qYAE,Aspen Condos,StageName,Prospecting,Prospects,2026-04-29 stage restructure,2026-04-29 15:46:03,UPDATE
006WR00000wkA8rYAE,Laurel Hill Apartments,StageName,Prospecting,Prospects,2026-04-29 stage restructure,2026-04-29 15:46:03,UPDATE
006WR00000wkA8sYAE,Magana Apartments,StageName,Prospecting,Prospects,2026-04-29 stage restructure,2026-04-29 15:46:03,UPDATE
006WR00000wkA8tYAE,Corby Castle Apts,StageName,Prospecting,Prospects,2026-04-29 stage restructure,2026-04-29 15:46:03,UPDATE
006WR00000wkA8uYAE,Lepuy Apartments,StageName,Prospecting,Prospects,2026-04-29 stage restructure,2026-04-29 15:46:03,UPDATE
006WR00000wkA8vYAE,Coronado Condominiums,StageName,Prospecting,Prospects,2026-04-29 stage restructure,2026-04-29 15:46:03,UPDATE
006WR00000wkA8wYAE,Cypress Pointe II Apartment Complex,StageName,Prospecting,Prospects,2026-04-29 stage restructure,2026-04-29 15:46:03,UPDATE
006WR00000wkA8xYAE,IMT Desert Palm Village,StageName,Prospecting,Prospects,2026-04-29 stage restructure,2026-04-29 15:46:03,UPDATE
006WR00000wkA8zYAE,6314 Boyd Street,StageName,Prospecting,Prospects,2026-04-29 stage restructure,2026-04-29 15:46:03,UPDATE
006WR00000wkA90YAE,Villa Del Rey _ FF Freddy,StageName,Prospecting,Prospects,2026-04-29 stage restructure,2026-04-29 15:46:03,UPDATE
006WR00000wkA91YAE,Bloomfield Forum,StageName,Prospecting,Prospects,2026-04-29 stage restructure,2026-04-29 15:46:03,UPDATE
006WR00000wkA92YAE,The Springs at 1100,StageName,Prospecting,Prospects,2026-04-29 stage restructure,2026-04-29 15:46:03,UPDATE
006WR00000wkA93YAE,Woodstone Townhomes,StageName,Prospecting,Prospects,2026-04-29 stage restructure,2026-04-29 15:46:03,UPDATE
006WR00000wkA94YAE,Cortland Riverside Apartments,StageName,Prospecting,Prospects,2026-04-29 stage restructure,2026-04-29 15:46:03,UPDATE
006WR00000wkA95YAE,Parkwood Apartments,StageName,Prospecting,Prospects,2026-04-29 stage restructure,2026-04-29 15:46:03,UPDATE
006WR00000wkA96YAE,Birchway Quarry Falls Apartments,StageName,Prospecting,Prospects,2026-04-29 stage restructure,2026-04-29 15:46:03,UPDATE
006WR00000wkA97YAE,Arbol Residences of Santa Rosa,StageName,Prospecting,Prospects,2026-04-29 stage restructure,2026-04-29 15:46:03,UPDATE
006WR00000wkA98YAE,Churchill at Golden Triangle,StageName,Prospecting,Prospects,2026-04-29 stage restructure,2026-04-29 15:46:03,UPDATE
006WR00000wkA99YAE,Oasis at Mesa Palms,StageName,Prospecting,Prospects,2026-04-29 stage restructure,2026-04-29 15:46:03,UPDATE
006WR00000wkA9AYAU,Partridge Place,StageName,Prospecting,Prospects,2026-04-29 stage restructure,2026-04-29 15:46:03,UPDATE
006WR00000wkA9CYAU,Brookside,StageName,Prospecting,Prospects,2026-04-29 stage restructure,2026-04-29 15:46:03,UPDATE
006WR00000wkA9DYAU,College Park Apartments,StageName,Prospecting,Prospects,2026-04-29 stage restructure,2026-04-29 15:46:03,UPDATE
006WR00000wkA9EYAU,Allora Georgetown,StageName,Prospecting,Prospects,2026-04-29 stage restructure,2026-04-29 15:46:03,UPDATE
006WR00000wkA9FYAU,Azle Creek Apartments,StageName,Prospecting,Prospects,2026-04-29 stage restructure,2026-04-29 15:46:03,UPDATE
006WR00000wkA9GYAU,College Park,StageName,Prospecting,Prospects,2026-04-29 stage restructure,2026-04-29 15:46:03,UPDATE
006WR00000wkA9IYAU,Clear Creek Mobile Home Park,StageName,Prospecting,Prospects,2026-04-29 stage restructure,2026-04-29 15:46:03,UPDATE
006WR00000wkA9JYAU,Park Centre Casitas Condos,StageName,Prospecting,Prospects,2026-04-29 stage restructure,2026-04-29 15:46:03,UPDATE
006WR00000wkA9KYAU,River Oaks Apartments,StageName,Prospecting,Prospects,2026-04-29 stage restructure,2026-04-29 15:46:03,UPDATE
006WR00000wkA9LYAU,Stepping Stone Apartments,StageName,Prospecting,Prospects,2026-04-29 stage restructure,2026-04-29 15:46:03,UPDATE
006WR00000wkA9MYAU,Grace Place Apartments,StageName,Prospecting,Prospects,2026-04-29 stage restructure,2026-04-29 15:46:03,UPDATE
006WR00000wkA9NYAU,Village at East Riverside,StageName,Prospecting,Prospects,2026-04-29 stage restructure,2026-04-29 15:46:03,UPDATE
006WR00000wkAB3YAM,Persimmon Terrace Apartments,StageName,Prospecting,Prospects,2026-04-29 stage restructure,2026-04-29 15:46:03,UPDATE
006WR00000wkAB4YAM,Vista Torre,StageName,Prospecting,Prospects,2026-04-29 stage restructure,2026-04-29 15:46:03,UPDATE
006WR00000wkAB5YAM,Oakwood,StageName,Prospecting,Prospects,2026-04-29 stage restructure,2026-04-29 15:46:03,UPDATE
006WR00000wkAB6YAM,Tuscana Townhomes,StageName,Prospecting,Prospects,2026-04-29 stage restructure,2026-04-29 15:46:03,UPDATE
006WR00000wkAB7YAM,Moonlight,StageName,Prospecting,Prospects,2026-04-29 stage restructure,2026-04-29 15:46:03,UPDATE
006WR00000wkAB8YAM,Porvenir Estates II,StageName,Prospecting,Prospects,2026-04-29 stage restructure,2026-04-29 15:46:03,UPDATE
006WR00000wkAB9YAM,Porvenir Estates I,StageName,Prospecting,Prospects,2026-04-29 stage restructure,2026-04-29 15:46:03,UPDATE
006WR00000wkABAYA2,Huron Plaza,StageName,Prospecting,Prospects,2026-04-29 stage restructure,2026-04-29 15:46:03,UPDATE
006WR00000wkABBYA2,Niland,StageName,Prospecting,Prospects,2026-04-29 stage restructure,2026-04-29 15:46:03,UPDATE
006WR00000wkABCYA2,Placer West,StageName,Prospecting,Prospects,2026-04-29 stage restructure,2026-04-29 15:46:03,UPDATE
006WR00000wkABDYA2,The Shadows Garden Apts,StageName,Prospecting,Prospects,2026-04-29 stage restructure,2026-04-29 15:46:03,UPDATE
006WR00000wkABEYA2,Harvard,StageName,Prospecting,Prospects,2026-04-29 stage restructure,2026-04-29 15:46:03,UPDATE
006WR00000wkABFYA2,12th & D Apartments,StageName,Prospecting,Prospects,2026-04-29 stage restructure,2026-04-29 15:46:03,UPDATE
006WR00000wkABGYA2,Creekside Colony Apartments,StageName,Prospecting,Prospects,2026-04-29 stage restructure,2026-04-29 15:46:03,UPDATE
006WR00000wkABHYA2,Park on Riley,StageName,Prospecting,Prospects,2026-04-29 stage restructure,2026-04-29 15:46:03,UPDATE
006WR00000wkABIYA2,Sierra Oaks Apartments,StageName,Prospecting,Prospects,2026-04-29 stage restructure,2026-04-29 15:46:03,UPDATE
006WR00000wkABJYA2,Walnut Hill Apartments,StageName,Prospecting,Prospects,2026-04-29 stage restructure,2026-04-29 15:46:03,UPDATE
006WR00000wkABKYA2,Katy Creek,StageName,Prospecting,Prospects,2026-04-29 stage restructure,2026-04-29 15:46:03,UPDATE
006WR00000wkABLYA2,Breckenridge Apartments,StageName,Prospecting,Prospects,2026-04-29 stage restructure,2026-04-29 15:46:03,UPDATE
006WR00000wkABMYA2,Crestmoor Park South,StageName,Prospecting,Prospects,2026-04-29 stage restructure,2026-04-29 15:46:03,UPDATE
006WR00000wkABNYA2,Crestmoor Park West,StageName,Prospecting,Prospects,2026-04-29 stage restructure,2026-04-29 15:46:03,UPDATE
006WR00000wkABOYA2,Comanche Retirement Village,StageName,Prospecting,Prospects,2026-04-29 stage restructure,2026-04-29 15:46:03,UPDATE
006WR00000wkABPYA2,Dekalb Apartments,StageName,Prospecting,Prospects,2026-04-29 stage restructure,2026-04-29 15:46:03,UPDATE
006WR00000wkABQYA2,Colony Park Apartments,StageName,Prospecting,Prospects,2026-04-29 stage restructure,2026-04-29 15:46:03,UPDATE
006WR00000wkABRYA2,Camelot Square Apartments,StageName,Prospecting,Prospects,2026-04-29 stage restructure,2026-04-29 15:46:03,UPDATE
006WR00000wkABSYA2,Somervell Apartments,StageName,Prospecting,Prospects,2026-04-29 stage restructure,2026-04-29 15:46:03,UPDATE
006WR00000wkABTYA2,Glen Rose Apartments,StageName,Prospecting,Prospects,2026-04-29 stage restructure,2026-04-29 15:46:03,UPDATE
006WR00000wkABUYA2,Emerald RV,StageName,Prospecting,Prospects,2026-04-29 stage restructure,2026-04-29 15:46:03,UPDATE
006WR00000wkABVYA2,Allen's Point Apartments,StageName,Prospecting,Prospects,2026-04-29 stage restructure,2026-04-29 15:46:03,UPDATE
006WR00000wkABWYA2,Hillside Apartments,StageName,Prospecting,Prospects,2026-04-29 stage restructure,2026-04-29 15:46:03,UPDATE
006WR00000wkABXYA2,Kaufman Retirement Village (fka Cedar Ridge),StageName,Prospecting,Prospects,2026-04-29 stage restructure,2026-04-29 15:46:03,UPDATE
006WR00000wkABYYA2,Commonwealth I,StageName,Prospecting,Prospects,2026-04-29 stage restructure,2026-04-29 15:46:03,UPDATE
006WR00000wkABZYA2,Regal Apartments,StageName,Prospecting,Prospects,2026-04-29 stage restructure,2026-04-29 15:46:03,UPDATE
006WR00000wkABaYAM,Waterwood Apartments,StageName,Prospecting,Prospects,2026-04-29 stage restructure,2026-04-29 15:46:03,UPDATE
006WR00000wkABbYAM,Venus Retirement Village,StageName,Prospecting,Prospects,2026-04-29 stage restructure,2026-04-29 15:46:03,UPDATE
006WR00000wkABcYAM,Whitney Place Apartments,StageName,Prospecting,Prospects,2026-04-29 stage restructure,2026-04-29 15:46:03,UPDATE
006WR00000wkABdYAM,Whitney Retirement Village,StageName,Prospecting,Prospects,2026-04-29 stage restructure,2026-04-29 15:46:03,UPDATE
006WR00000wkABeYAM,Azlewood,StageName,Prospecting,Prospects,2026-04-29 stage restructure,2026-04-29 15:46:03,UPDATE
006WR00000wkABfYAM,Ingersoll Square Phase I/II,StageName,Prospecting,Prospects,2026-04-29 stage restructure,2026-04-29 15:46:03,UPDATE
006WR00000wkABgYAM,Ingersoll Square Phase III,StageName,Prospecting,Prospects,2026-04-29 stage restructure,2026-04-29 15:46:03,UPDATE
006WR00000wkABhYAM,Northpointe Apartments,StageName,Prospecting,Prospects,2026-04-29 stage restructure,2026-04-29 15:46:03,UPDATE
006WR00000wkABiYAM,Bexley Apartments,StageName,Prospecting,Prospects,2026-04-29 stage restructure,2026-04-29 15:46:03,UPDATE
006WR00000wkABjYAM,Country Oaks Apartments,StageName,Prospecting,Prospects,2026-04-29 stage restructure,2026-04-29 15:46:03,UPDATE
006WR00000wkABkYAM,Black Rock Ridge Townhomes,StageName,Prospecting,Prospects,2026-04-29 stage restructure,2026-04-29 15:46:03,UPDATE
006WR00000wkABlYAM,Canyon Ranch Condos,StageName,Prospecting,Prospects,2026-04-29 stage restructure,2026-04-29 15:46:03,UPDATE
006WR00000wkABmYAM,Kings Court Apartments [M street],StageName,Prospecting,Prospects,2026-04-29 stage restructure,2026-04-29 15:46:03,UPDATE
006WR00000wkABnYAM,2121 Belmont,StageName,Prospecting,Prospects,2026-04-29 stage restructure,2026-04-29 15:46:03,UPDATE
006WR00000wkABoYAM,Beachwalk Condos,StageName,Prospecting,Prospects,2026-04-29 stage restructure,2026-04-29 15:46:03,UPDATE
006WR00000wkABpYAM,Liberty Manor,StageName,Prospecting,Prospects,2026-04-29 stage restructure,2026-04-29 15:46:03,UPDATE
006WR00000wkABqYAM,The Dalton Apartments,StageName,Prospecting,Prospects,2026-04-29 stage restructure,2026-04-29 15:46:03,UPDATE
006WR00000wkABrYAM,Star Estates MHP,StageName,Prospecting,Prospects,2026-04-29 stage restructure,2026-04-29 15:46:03,UPDATE
006WR00000wkABsYAM,Heritage Manor,StageName,Prospecting,Prospects,2026-04-29 stage restructure,2026-04-29 15:46:03,UPDATE
006WR00000wkABtYAM,Elan Alicante Apartments,StageName,Prospecting,Prospects,2026-04-29 stage restructure,2026-04-29 15:46:03,UPDATE
006WR00000wkABuYAM,Park Del Mar Condos,StageName,Prospecting,Prospects,2026-04-29 stage restructure,2026-04-29 15:46:03,UPDATE
006WR00000wkABvYAM,Elan Seacrest Encinitas Apartments,StageName,Prospecting,Prospects,2026-04-29 stage restructure,2026-04-29 15:46:03,UPDATE
006WR00000wkABwYAM,Pleasant View MHP,StageName,Prospecting,Prospects,2026-04-29 stage restructure,2026-04-29 15:46:03,UPDATE
006WR00000wkABxYAM,Liberty Landing AKA Century Park Apartments,StageName,Prospecting,Prospects,2026-04-29 stage restructure,2026-04-29 15:46:03,UPDATE
006WR00000wkAByYAM,New Life RV Park,StageName,Prospecting,Prospects,2026-04-29 stage restructure,2026-04-29 15:46:03,UPDATE
006WR00000wkABzYAM,KILLEEN_MDU_Lowrance HOA,StageName,Prospecting,Prospects,2026-04-29 stage restructure,2026-04-29 15:46:03,UPDATE
006WR00000wkAC0YAM,Bull Run Apts,StageName,Prospecting,Prospects,2026-04-29 stage restructure,2026-04-29 15:46:03,UPDATE
006WR00000wkAC3YAM,Mesa Garden Apartments,StageName,Prospecting,Prospects,2026-04-29 stage restructure,2026-04-29 15:46:03,UPDATE
006WR00000wkAC4YAM,Sycamore Greens,StageName,Prospecting,Prospects,2026-04-29 stage restructure,2026-04-29 15:46:03,UPDATE
006WR00000wkAC5YAM,Sycamore Ridge Apartments,StageName,Prospecting,Prospects,2026-04-29 stage restructure,2026-04-29 15:46:03,UPDATE
006WR00000wkAC6YAM,Elan Shadowridge Meadows,StageName,Prospecting,Prospects,2026-04-29 stage restructure,2026-04-29 15:46:03,UPDATE
006WR00000wkAC7YAM,Sofi Shadowridge,StageName,Prospecting,Prospects,2026-04-29 stage restructure,2026-04-29 15:46:03,UPDATE
006WR00000wkAC8YAM,Shadow Ridge Park Apartments,StageName,Prospecting,Prospects,2026-04-29 stage restructure,2026-04-29 15:46:03,UPDATE
006WR00000wkAC9YAM,Sycamore Hills Village,StageName,Prospecting,Prospects,2026-04-29 stage restructure,2026-04-29 15:46:03,UPDATE
006WR00000wkACAYA2,Pepperwood Apartments,StageName,Prospecting,Prospects,2026-04-29 stage restructure,2026-04-29 15:46:03,UPDATE
006WR00000wkACBYA2,Oak Manor,StageName,Prospecting,Prospects,2026-04-29 stage restructure,2026-04-29 15:46:03,UPDATE
006WR00000wkACCYA2,Foothill Courtyards,StageName,Prospecting,Prospects,2026-04-29 stage restructure,2026-04-29 15:46:03,UPDATE
006WR00000wkACEYA2,Birchwood Apts,StageName,Prospecting,Prospects,2026-04-29 stage restructure,2026-04-29 15:46:03,UPDATE
006WR00000wkACFYA2,Blondo Plaza Apartments,StageName,Prospecting,Prospects,2026-04-29 stage restructure,2026-04-29 15:46:03,UPDATE
006WR00000wkACIYA2,"Sun City, Georgetown, TX",StageName,Prospecting,Prospects,2026-04-29 stage restructure,2026-04-29 15:46:03,UPDATE
006WR00000wkACJYA2,Aventura,StageName,Prospecting,Prospects,2026-04-29 stage restructure,2026-04-29 15:46:03,UPDATE
006WR00000wkACKYA2,Cactas Flats,StageName,Prospecting,Prospects,2026-04-29 stage restructure,2026-04-29 15:46:03,UPDATE
006WR00000wkACLYA2,Camelview Greens,StageName,Prospecting,Prospects,2026-04-29 stage restructure,2026-04-29 15:46:03,UPDATE
006WR00000wkACMYA2,Casa Granada,StageName,Prospecting,Prospects,2026-04-29 stage restructure,2026-04-29 15:46:03,UPDATE
006WR00000wkACNYA2,Concorde Condominiums,StageName,Prospecting,Prospects,2026-04-29 stage restructure,2026-04-29 15:46:03,UPDATE
006WR00000wkACOYA2,Discovery at Tatum II,StageName,Prospecting,Prospects,2026-04-29 stage restructure,2026-04-29 15:46:03,UPDATE
006WR00000wkACPYA2,Dream Creek,StageName,Prospecting,Prospects,2026-04-29 stage restructure,2026-04-29 15:46:03,UPDATE
006WR00000wkACQYA2,Lakeshores at Anderson Springs,StageName,Prospecting,Prospects,2026-04-29 stage restructure,2026-04-29 15:46:03,UPDATE
006WR00000wkACRYA2,Larronata Condominiums,StageName,Prospecting,Prospects,2026-04-29 stage restructure,2026-04-29 15:46:03,UPDATE
006WR00000wkACSYA2,Las Hadas Villas,StageName,Prospecting,Prospects,2026-04-29 stage restructure,2026-04-29 15:46:03,UPDATE
006WR00000wkACTYA2,Mira Vista,StageName,Prospecting,Prospects,2026-04-29 stage restructure,2026-04-29 15:46:03,UPDATE
006WR00000wkACUYA2,Mistwood Condominium,StageName,Prospecting,Prospects,2026-04-29 stage restructure,2026-04-29 15:46:03,UPDATE
006WR00000wkACVYA2,Paradise Park II,StageName,Prospecting,Prospects,2026-04-29 stage restructure,2026-04-29 15:46:03,UPDATE
006WR00000wkACWYA2,Providence on Central,StageName,Prospecting,Prospects,2026-04-29 stage restructure,2026-04-29 15:46:03,UPDATE
006WR00000wkACXYA2,Scottsdale Bay Club,StageName,Prospecting,Prospects,2026-04-29 stage restructure,2026-04-29 15:46:03,UPDATE
006WR00000wkACYYA2,The Townes at PV Landing Condo (The Vistas),StageName,Prospecting,Prospects,2026-04-29 stage restructure,2026-04-29 15:46:03,UPDATE
006WR00000wkACZYA2,The Village at Stone Creek Condominiums,StageName,Prospecting,Prospects,2026-04-29 stage restructure,2026-04-29 15:46:03,UPDATE
006WR00000wkACaYAM,Village at Gilbert Warner,StageName,Prospecting,Prospects,2026-04-29 stage restructure,2026-04-29 15:46:03,UPDATE
006WR00000wkACbYAM,Walden Condo,StageName,Prospecting,Prospects,2026-04-29 stage restructure,2026-04-29 15:46:03,UPDATE
006WR00000wkACcYAM,Larkspur Apartments,StageName,Prospecting,Prospects,2026-04-29 stage restructure,2026-04-29 15:46:03,UPDATE
006WR00000wkACdYAM,Carroll at Rivery Ranch,StageName,Prospecting,Prospects,2026-04-29 stage restructure,2026-04-29 15:46:03,UPDATE
006WR00000wkACeYAM,Caroline at Georgtown,StageName,Prospecting,Prospects,2026-04-29 stage restructure,2026-04-29 15:46:03,UPDATE
006WR00000wkACfYAM,Bexley Wolf Ranch,StageName,Prospecting,Prospects,2026-04-29 stage restructure,2026-04-29 15:46:03,UPDATE
006WR00000wkAUPYA2,Lara Lea,StageName,Prospecting,Prospects,2026-04-29 stage restructure,2026-04-29 15:46:03,UPDATE
006WR00000wkAUQYA2,Blue Heron Estates,StageName,Prospecting,Prospects,2026-04-29 stage restructure,2026-04-29 15:46:03,UPDATE
006WR00000wkAURYA2,Chinook Winds,StageName,Prospecting,Prospects,2026-04-29 stage restructure,2026-04-29 15:46:03,UPDATE
006WR00000wkAUSYA2,Rincon Country,StageName,Prospecting,Prospects,2026-04-29 stage restructure,2026-04-29 15:46:03,UPDATE
006WR00000wkAUTYA2,Canterbury Apartments,StageName,Prospecting,Prospects,2026-04-29 stage restructure,2026-04-29 15:46:03,UPDATE
006WR00000wkAUUYA2,Arborwood,StageName,Prospecting,Prospects,2026-04-29 stage restructure,2026-04-29 15:46:03,UPDATE
006WR00000wkAUVYA2,Slo-Hi Flats,StageName,Prospecting,Prospects,2026-04-29 stage restructure,2026-04-29 15:46:03,UPDATE
006WR00000wkAUWYA2,Ridgewood MHP,StageName,Prospecting,Prospects,2026-04-29 stage restructure,2026-04-29 15:46:03,UPDATE
006WR00000wkAUXYA2,Lake Powell,StageName,Prospecting,Prospects,2026-04-29 stage restructure,2026-04-29 15:46:03,UPDATE
006WR00000wkAUYYA2,Westside Mobile,StageName,Prospecting,Prospects,2026-04-29 stage restructure,2026-04-29 15:46:03,UPDATE
006WR00000wkAUZYA2,Edge Point Apartments,StageName,Prospecting,Prospects,2026-04-29 stage restructure,2026-04-29 15:46:03,UPDATE
006WR00000wkAUaYAM,Shangri La,StageName,Prospecting,Prospects,2026-04-29 stage restructure,2026-04-29 15:46:03,UPDATE
006WR00000wkAUbYAM,Shiloh Townhomes,StageName,Prospecting,Prospects,2026-04-29 stage restructure,2026-04-29 15:46:03,UPDATE
006WR00000wkAUcYAM,Oasis at Magic Ranch Homeowners Association,StageName,Prospecting,Prospects,2026-04-29 stage restructure,2026-04-29 15:46:03,UPDATE
006WR00000wkAUdYAM,Lumien Apartments,StageName,Prospecting,Prospects,2026-04-29 stage restructure,2026-04-29 15:46:03,UPDATE
006WR00000wkAUeYAM,Greenway Flats,StageName,Prospecting,Prospects,2026-04-29 stage restructure,2026-04-29 15:46:03,UPDATE
006WR00000wkAUfYAM,Orchard Grove,StageName,Prospecting,Prospects,2026-04-29 stage restructure,2026-04-29 15:46:03,UPDATE
006WR00000wkAUgYAM,Trilogy at Power Ranch,StageName,Prospecting,Prospects,2026-04-29 stage restructure,2026-04-29 15:46:03,UPDATE
006WR00000wkAUhYAM,Falls at Legend Trail,StageName,Prospecting,Prospects,2026-04-29 stage restructure,2026-04-29 15:46:03,UPDATE
006WR00000wkAUiYAM,Warren Village,StageName,Prospecting,Prospects,2026-04-29 stage restructure,2026-04-29 15:46:03,UPDATE
006WR00000wkAUjYAM,The Apartments at University Station,StageName,Prospecting,Prospects,2026-04-29 stage restructure,2026-04-29 15:46:03,UPDATE
006WR00000wkAUkYAM,North County Village,StageName,Prospecting,Prospects,2026-04-29 stage restructure,2026-04-29 15:46:03,UPDATE
006WR00000wkAUlYAM,Fronterra Village,StageName,Prospecting,Prospects,2026-04-29 stage restructure,2026-04-29 15:46:03,UPDATE
006WR00000wkAUmYAM,PCP-Mile High MHP,StageName,Prospecting,Prospects,2026-04-29 stage restructure,2026-04-29 15:46:03,UPDATE
006WR00000wkAUnYAM,Aviana at Tuscany,StageName,Prospecting,Prospects,2026-04-29 stage restructure,2026-04-29 15:46:03,UPDATE
006WR00000wkAUpYAM,The Apartments at Yale Station,StageName,Prospecting,Prospects,2026-04-29 stage restructure,2026-04-29 15:46:03,UPDATE
006WR00000wkAUqYAM,Clyburn At Stapleton,StageName,Prospecting,Prospects,2026-04-29 stage restructure,2026-04-29 15:46:03,UPDATE
006WR00000wkAUrYAM,Del Norte Accessible Apts,StageName,Prospecting,Prospects,2026-04-29 stage restructure,2026-04-29 15:46:03,UPDATE
006WR00000wkAUsYAM,Lodge at Black Forest,StageName,Prospecting,Prospects,2026-04-29 stage restructure,2026-04-29 15:46:03,UPDATE
006WR00000wkAUtYAM,Mercury on Mill ABACUS,StageName,Prospecting,Prospects,2026-04-29 stage restructure,2026-04-29 15:46:03,UPDATE
006WR00000wkAUuYAM,Sun Villa,StageName,Prospecting,Prospects,2026-04-29 stage restructure,2026-04-29 15:46:03,UPDATE
006WR00000wkAUvYAM,Garden Court at Yale Station,StageName,Prospecting,Prospects,2026-04-29 stage restructure,2026-04-29 15:46:03,UPDATE
006WR00000wkAUwYAM,Ashewood,StageName,Prospecting,Prospects,2026-04-29 stage restructure,2026-04-29 15:46:03,UPDATE
006WR00000wkAUxYAM,Murdock Apts,StageName,Prospecting,Prospects,2026-04-29 stage restructure,2026-04-29 15:46:03,UPDATE
006WR00000wkAUyYAM,Mountain Vista,StageName,Prospecting,Prospects,2026-04-29 stage restructure,2026-04-29 15:46:03,UPDATE
006WR00000wkAUzYAM,Chaparral 1,StageName,Prospecting,Prospects,2026-04-29 stage restructure,2026-04-29 15:46:03,UPDATE
006WR00000wkAV0YAM,The Foundry,StageName,Prospecting,Prospects,2026-04-29 stage restructure,2026-04-29 15:46:03,UPDATE
006WR00000wkAV1YAM,Dakota Station I Condominiums,StageName,Prospecting,Prospects,2026-04-29 stage restructure,2026-04-29 15:46:03,UPDATE
006WR00000wkAV2YAM,Carson Highlands,StageName,Prospecting,Prospects,2026-04-29 stage restructure,2026-04-29 15:46:03,UPDATE
006WR00000wkAV3YAM,Chaparral Ranch,StageName,Prospecting,Prospects,2026-04-29 stage restructure,2026-04-29 15:46:03,UPDATE
006WR00000wkAV4YAM,Willow Street Residences,StageName,Prospecting,Prospects,2026-04-29 stage restructure,2026-04-29 15:46:03,UPDATE
006WR00000wkAV5YAM,Gun Club Green,StageName,Prospecting,Prospects,2026-04-29 stage restructure,2026-04-29 15:46:03,UPDATE
006WR00000wkAV6YAM,Greenspot Village,StageName,Prospecting,Prospects,2026-04-29 stage restructure,2026-04-29 15:46:03,UPDATE
006WR00000wkAV7YAM,Northfield,StageName,Prospecting,Prospects,2026-04-29 stage restructure,2026-04-29 15:46:03,UPDATE
006WR00000wkAV8YAM,Welby Hill,StageName,Prospecting,Prospects,2026-04-29 stage restructure,2026-04-29 15:46:03,UPDATE
006WR00000wkAV9YAM,Haigan-Canino Terrace,StageName,Prospecting,Prospects,2026-04-29 stage restructure,2026-04-29 15:46:03,UPDATE
006WR00000wkAVAYA2,Copper Kettle/Paradise Valley Ranch,StageName,Prospecting,Prospects,2026-04-29 stage restructure,2026-04-29 15:46:03,UPDATE
006WR00000wkAVBYA2,LincolnPointe Lofts II,StageName,Prospecting,Prospects,2026-04-29 stage restructure,2026-04-29 15:46:03,UPDATE
006WR00000wkAVCYA2,Cypress Gardens,StageName,Prospecting,Prospects,2026-04-29 stage restructure,2026-04-29 15:46:03,UPDATE
006WR00000wkAVDYA2,Grosvenor Arms,StageName,Prospecting,Prospects,2026-04-29 stage restructure,2026-04-29 15:46:03,UPDATE
006WR00000wkAVEYA2,Villa Carmel,StageName,Prospecting,Prospects,2026-04-29 stage restructure,2026-04-29 15:46:03,UPDATE
006WR00000wkAVFYA2,Niblock-Yavovette Terrace,StageName,Prospecting,Prospects,2026-04-29 stage restructure,2026-04-29 15:46:03,UPDATE
006WR00000wkAVGYA2,Ridgeview Eagle Bend,StageName,Prospecting,Prospects,2026-04-29 stage restructure,2026-04-29 15:46:03,UPDATE
006WR00000wkAVHYA2,Santiago Estates,StageName,Prospecting,Prospects,2026-04-29 stage restructure,2026-04-29 15:46:03,UPDATE
006WR00000wkAVIYA2,Aspen Leaf,StageName,Prospecting,Prospects,2026-04-29 stage restructure,2026-04-29 15:46:03,UPDATE
006WR00000wkAVJYA2,Castle Pines North,StageName,Prospecting,Prospects,2026-04-29 stage restructure,2026-04-29 15:46:03,UPDATE
006WR00000wkAVKYA2,Caraway,StageName,Prospecting,Prospects,2026-04-29 stage restructure,2026-04-29 15:46:03,UPDATE
006WR00000wkAVLYA2,Sunrise Gardens,StageName,Prospecting,Prospects,2026-04-29 stage restructure,2026-04-29 15:46:03,UPDATE
006WR00000wkAVMYA2,Timber Ridge,StageName,Prospecting,Prospects,2026-04-29 stage restructure,2026-04-29 15:46:03,UPDATE
006WR00000wkAVNYA2,Wheat Ridge Town Center,StageName,Prospecting,Prospects,2026-04-29 stage restructure,2026-04-29 15:46:03,UPDATE
006WR00000wkAVOYA2,Emerson Street Apts,StageName,Prospecting,Prospects,2026-04-29 stage restructure,2026-04-29 15:46:03,UPDATE
006WR00000wkAVPYA2,Benedict Park Place,StageName,Prospecting,Prospects,2026-04-29 stage restructure,2026-04-29 15:46:03,UPDATE
006WR00000wkAVQYA2,Sunrise Estates,StageName,Prospecting,Prospects,2026-04-29 stage restructure,2026-04-29 15:46:03,UPDATE
006WR00000wkAVRYA2,Silva-Markham Partners,StageName,Prospecting,Prospects,2026-04-29 stage restructure,2026-04-29 15:46:03,UPDATE
006WR00000wkAVSYA2,Silverado,StageName,Prospecting,Prospects,2026-04-29 stage restructure,2026-04-29 15:46:03,UPDATE
006WR00000wkAVTYA2,Gateway at 2534,StageName,Prospecting,Prospects,2026-04-29 stage restructure,2026-04-29 15:46:03,UPDATE
006WR00000wkAVUYA2,Palm Grove,StageName,Prospecting,Prospects,2026-04-29 stage restructure,2026-04-29 15:46:03,UPDATE
006WR00000wkAVVYA2,El Adobe Estates,StageName,Prospecting,Prospects,2026-04-29 stage restructure,2026-04-29 15:46:03,UPDATE
006WR00000wkAVWYA2,The Promenade at Lowry,StageName,Prospecting,Prospects,2026-04-29 stage restructure,2026-04-29 15:46:03,UPDATE
006WR00000wkAVXYA2,The Boulders,StageName,Prospecting,Prospects,2026-04-29 stage restructure,2026-04-29 15:46:03,UPDATE
006WR00000wkAVYYA2,French Quarter,StageName,Prospecting,Prospects,2026-04-29 stage restructure,2026-04-29 15:46:03,UPDATE
006WR00000wkAVZYA2,Atlantis Envolve,StageName,Prospecting,Prospects,2026-04-29 stage restructure,2026-04-29 15:46:03,UPDATE
006WR00000wkAVaYAM,Trail Ridge at Woodland Park,StageName,Prospecting,Prospects,2026-04-29 stage restructure,2026-04-29 15:46:03,UPDATE
006WR00000wkAVbYAM,Alpenglow Village,StageName,Prospecting,Prospects,2026-04-29 stage restructure,2026-04-29 15:46:03,UPDATE
006WR00000wkAVcYAM,Moline At Stapleton,StageName,Prospecting,Prospects,2026-04-29 stage restructure,2026-04-29 15:46:03,UPDATE
006WR00000wkAVdYAM,Stonehedge Place Apartments,StageName,Prospecting,Prospects,2026-04-29 stage restructure,2026-04-29 15:46:03,UPDATE
006WR00000wkAVeYAM,Bella Vista MHC,StageName,Prospecting,Prospects,2026-04-29 stage restructure,2026-04-29 15:46:03,UPDATE
006WR00000wkAVfYAM,Regal Apts,StageName,Prospecting,Prospects,2026-04-29 stage restructure,2026-04-29 15:46:03,UPDATE
006WR00000wkAVgYAM,HAWC Apartments,StageName,Prospecting,Prospects,2026-04-29 stage restructure,2026-04-29 15:46:03,UPDATE
006WR00000wkAVhYAM,Dave's Place,StageName,Prospecting,Prospects,2026-04-29 stage restructure,2026-04-29 15:46:03,UPDATE
006WR00000wkAViYAM,Strada I & II - UP,StageName,Prospecting,Prospects,2026-04-29 stage restructure,2026-04-29 15:46:03,UPDATE
006WR00000wkAVjYAM,Hillsborough,StageName,Prospecting,Prospects,2026-04-29 stage restructure,2026-04-29 15:46:03,UPDATE
006WR00000wkAVkYAM,Court Avenue Lofts,StageName,Prospecting,Prospects,2026-04-29 stage restructure,2026-04-29 15:46:03,UPDATE
006WR00000wkAVlYAM,Kings Kourt Apartrments,StageName,Prospecting,Prospects,2026-04-29 stage restructure,2026-04-29 15:46:03,UPDATE
006WR00000wkAVmYAM,Pinnacle Apartments,StageName,Prospecting,Prospects,2026-04-29 stage restructure,2026-04-29 15:46:03,UPDATE
006WR00000wkAVnYAM,Waterside Cove,StageName,Prospecting,Prospects,2026-04-29 stage restructure,2026-04-29 15:46:03,UPDATE
006WR00000wkAVoYAM,Tides at East Glendale - UP,StageName,Prospecting,Prospects,2026-04-29 stage restructure,2026-04-29 15:46:03,UPDATE
006WR00000wkAVpYAM,Willowbrook,StageName,Prospecting,Prospects,2026-04-29 stage restructure,2026-04-29 15:46:03,UPDATE
006WR00000wkAVqYAM,Melbourne,StageName,Prospecting,Prospects,2026-04-29 stage restructure,2026-04-29 15:46:03,UPDATE
006WR00000wkAVrYAM,Wyngate Townhomes,StageName,Prospecting,Prospects,2026-04-29 stage restructure,2026-04-29 15:46:03,UPDATE
006WR00000wkAVsYAM,Platinum Point Townhomes,StageName,Prospecting,Prospects,2026-04-29 stage restructure,2026-04-29 15:46:03,UPDATE
006WR00000wkAVtYAM,The Becksted,StageName,Prospecting,Prospects,2026-04-29 stage restructure,2026-04-29 15:46:03,UPDATE
006WR00000wkAVvYAM,Avondale Trace,StageName,Prospecting,Prospects,2026-04-29 stage restructure,2026-04-29 15:46:03,UPDATE
006WR00000wkAVwYAM,Oakdale of West Saint Paul,StageName,Prospecting,Prospects,2026-04-29 stage restructure,2026-04-29 15:46:03,UPDATE
006WR00000wkAVxYAM,River Tower Apartments,StageName,Prospecting,Prospects,2026-04-29 stage restructure,2026-04-29 15:46:03,UPDATE
006WR00000wkAVzYAM,Adam Ridge,StageName,Prospecting,Prospects,2026-04-29 stage restructure,2026-04-29 15:46:03,UPDATE
006WR00000wkAW0YAM,Joseph's Pointe at Upper Landing,StageName,Prospecting,Prospects,2026-04-29 stage restructure,2026-04-29 15:46:03,UPDATE
006WR00000wkAW2YAM,RiverEast,StageName,Prospecting,Prospects,2026-04-29 stage restructure,2026-04-29 15:46:03,UPDATE
006WR00000wkAW4YAM,Horizon Place Apartments,StageName,Prospecting,Prospects,2026-04-29 stage restructure,2026-04-29 15:46:03,UPDATE
006WR00000wkAivYAE,Woodburn Senior Estates Mobile Home Community,StageName,Prospecting,Prospects,2026-04-29 stage restructure,2026-04-29 15:46:03,UPDATE
006WR00000wkAiwYAE,Apple Acres,StageName,Prospecting,Prospects,2026-04-29 stage restructure,2026-04-29 15:46:03,UPDATE
006WR00000wkAixYAE,Bonneville Gardens,StageName,Prospecting,Prospects,2026-04-29 stage restructure,2026-04-29 15:46:03,UPDATE
006WR00000wkAiyYAE,Cambridge (Mobile Home Park),StageName,Prospecting,Prospects,2026-04-29 stage restructure,2026-04-29 15:46:03,UPDATE
006WR00000wkAizYAE,Cinnamon Ridge,StageName,Prospecting,Prospects,2026-04-29 stage restructure,2026-04-29 15:46:03,UPDATE
006WR00000wkAj0YAE,Cottonwood Coves MHC,StageName,Prospecting,Prospects,2026-04-29 stage restructure,2026-04-29 15:46:03,UPDATE
006WR00000wkAj1YAE,IPG Capital Green Acres,StageName,Prospecting,Prospects,2026-04-29 stage restructure,2026-04-29 15:46:03,UPDATE
006WR00000wkAj2YAE,Palatial Living,StageName,Prospecting,Prospects,2026-04-29 stage restructure,2026-04-29 15:46:03,UPDATE
006WR00000wkAj3YAE,Ridgewood Estates,StageName,Prospecting,Prospects,2026-04-29 stage restructure,2026-04-29 15:46:03,UPDATE
006WR00000wkAj4YAE,Windemere Meadows,StageName,Prospecting,Prospects,2026-04-29 stage restructure,2026-04-29 15:46:03,UPDATE
006WR00000wkAj5YAE,Wood Haven,StageName,Prospecting,Prospects,2026-04-29 stage restructure,2026-04-29 15:46:03,UPDATE
006WR00000wkAj6YAE,Alpine Mobile Estates,StageName,Prospecting,Prospects,2026-04-29 stage restructure,2026-04-29 15:46:03,UPDATE
006WR00000wkAj7YAE,Brookhallow RV,StageName,Prospecting,Prospects,2026-04-29 stage restructure,2026-04-29 15:46:03,UPDATE
006WR00000wkAj8YAE,Brookhollow MHP,StageName,Prospecting,Prospects,2026-04-29 stage restructure,2026-04-29 15:46:03,UPDATE
006WR00000wkAj9YAE,Country Manor Mobile Village,StageName,Prospecting,Prospects,2026-04-29 stage restructure,2026-04-29 15:46:03,UPDATE
006WR00000wkAjAYAU,Duvall Highlands,StageName,Prospecting,Prospects,2026-04-29 stage restructure,2026-04-29 15:46:03,UPDATE
006WR00000wkAjBYAU,Majestic Mobile Manor(64) and RV Park(88),StageName,Prospecting,Prospects,2026-04-29 stage restructure,2026-04-29 15:46:03,UPDATE
006WR00000wkAjCYAU,Portage Green,StageName,Prospecting,Prospects,2026-04-29 stage restructure,2026-04-29 15:46:03,UPDATE
006WR00000wkAjDYAU,Skylark Village Estates II,StageName,Prospecting,Prospects,2026-04-29 stage restructure,2026-04-29 15:46:03,UPDATE
006WR00000wkAjEYAU,Edwards Mobile Home Park,StageName,Prospecting,Prospects,2026-04-29 stage restructure,2026-04-29 15:46:03,UPDATE
006WR00000wkAjFYAU,Bel Bo Mobile Home Park,StageName,Prospecting,Prospects,2026-04-29 stage restructure,2026-04-29 15:46:03,UPDATE
006WR00000wkAjGYAU,Hilltop Mobile Home Park,StageName,Prospecting,Prospects,2026-04-29 stage restructure,2026-04-29 15:46:03,UPDATE
006WR00000wkAjHYAU,Parktown Mobile Home Park,StageName,Prospecting,Prospects,2026-04-29 stage restructure,2026-04-29 15:46:03,UPDATE
006WR00000wkAjIYAU,Ridge Village Mobile Home Park,StageName,Prospecting,Prospects,2026-04-29 stage restructure,2026-04-29 15:46:03,UPDATE
006WR00000wkAjJYAU,Specialville Estates,StageName,Prospecting,Prospects,2026-04-29 stage restructure,2026-04-29 15:46:03,UPDATE
006WR00000wkAjKYAU,Meadowbrook Mobile Home Park,StageName,Prospecting,Prospects,2026-04-29 stage restructure,2026-04-29 15:46:03,UPDATE
006WR00000wkAjLYAU,Apache Manor,StageName,Prospecting,Prospects,2026-04-29 stage restructure,2026-04-29 15:46:03,UPDATE
006WR00000wkAjMYAU,Blueridge,StageName,Prospecting,Prospects,2026-04-29 stage restructure,2026-04-29 15:46:03,UPDATE
006WR00000wkAjNYAU,Colonial Village,StageName,Prospecting,Prospects,2026-04-29 stage restructure,2026-04-29 15:46:03,UPDATE
006WR00000wkAjOYAU,Haden Park Mobile Homes,StageName,Prospecting,Prospects,2026-04-29 stage restructure,2026-04-29 15:46:03,UPDATE
006WR00000wkAjPYAU,J&L Mobile Home Park,StageName,Prospecting,Prospects,2026-04-29 stage restructure,2026-04-29 15:46:03,UPDATE
006WR00000wkAjQYAU,Northridge,StageName,Prospecting,Prospects,2026-04-29 stage restructure,2026-04-29 15:46:03,UPDATE
006WR00000wkAjRYAU,Oakridge Mobile Home Park,StageName,Prospecting,Prospects,2026-04-29 stage restructure,2026-04-29 15:46:03,UPDATE
006WR00000wkAjSYAU,Rustic Meadows,StageName,Prospecting,Prospects,2026-04-29 stage restructure,2026-04-29 15:46:03,UPDATE
006WR00000wkAjTYAU,Whitton Heights,StageName,Prospecting,Prospects,2026-04-29 stage restructure,2026-04-29 15:46:03,UPDATE
006WR00000wkAjUYAU,98 Mobile Home Park,StageName,Prospecting,Prospects,2026-04-29 stage restructure,2026-04-29 15:46:03,UPDATE
006WR00000wkAjVYAU,Aurora Acres,StageName,Prospecting,Prospects,2026-04-29 stage restructure,2026-04-29 15:46:03,UPDATE
006WR00000wkAjWYAU,Avon Park Village,StageName,Prospecting,Prospects,2026-04-29 stage restructure,2026-04-29 15:46:03,UPDATE
006WR00000wkAjXYAU,Big Oaks River Resort,StageName,Prospecting,Prospects,2026-04-29 stage restructure,2026-04-29 15:46:03,UPDATE
006WR00000wkAjYYAU,Cedar Circle,StageName,Prospecting,Prospects,2026-04-29 stage restructure,2026-04-29 15:46:03,UPDATE
006WR00000wkAjZYAU,Coach Light Villa,StageName,Prospecting,Prospects,2026-04-29 stage restructure,2026-04-29 15:46:03,UPDATE
006WR00000wkAjaYAE,Fontana Cove Mobile Home Park,StageName,Prospecting,Prospects,2026-04-29 stage restructure,2026-04-29 15:46:03,UPDATE
006WR00000wkAjbYAE,Friendly Mobile Home Park,StageName,Prospecting,Prospects,2026-04-29 stage restructure,2026-04-29 15:46:03,UPDATE
006WR00000wkAjcYAE,Holiday Haven Mobile Home Park,StageName,Prospecting,Prospects,2026-04-29 stage restructure,2026-04-29 15:46:03,UPDATE
006WR00000wkAjdYAE,Lake Bonnet Estates,StageName,Prospecting,Prospects,2026-04-29 stage restructure,2026-04-29 15:46:03,UPDATE
006WR00000wkAjeYAE,Shadow Ridge Apartments,StageName,Prospecting,Prospects,2026-04-29 stage restructure,2026-04-29 15:46:03,UPDATE
006WR00000wkAjfYAE,Summit By The Lake,StageName,Prospecting,Prospects,2026-04-29 stage restructure,2026-04-29 15:46:03,UPDATE
006WR00000wkAjgYAE,Lakeside Gardens,StageName,Prospecting,Prospects,2026-04-29 stage restructure,2026-04-29 15:46:03,UPDATE
006WR00000wkAjhYAE,Lloyd's Mobile Home Park,StageName,Prospecting,Prospects,2026-04-29 stage restructure,2026-04-29 15:46:03,UPDATE
006WR00000wkAjiYAE,Marietta Mobile Court,StageName,Prospecting,Prospects,2026-04-29 stage restructure,2026-04-29 15:46:03,UPDATE
006WR00000wkAjjYAE,Oak Shores,StageName,Prospecting,Prospects,2026-04-29 stage restructure,2026-04-29 15:46:03,UPDATE
006WR00000wkAjkYAE,Sunshine RV Resort MH / RV (3),StageName,Prospecting,Prospects,2026-04-29 stage restructure,2026-04-29 15:46:03,UPDATE
006WR00000wkAjlYAE,Titusville Estates Mobile Home Community,StageName,Prospecting,Prospects,2026-04-29 stage restructure,2026-04-29 15:46:03,UPDATE
006WR00000wkAjmYAE,Countryview Jonesboro,StageName,Prospecting,Prospects,2026-04-29 stage restructure,2026-04-29 15:46:03,UPDATE
006WR00000wkAjnYAE,First Point,StageName,Prospecting,Prospects,2026-04-29 stage restructure,2026-04-29 15:46:03,UPDATE
006WR00000wkAjoYAE,Cape Woods Resorts,StageName,Prospecting,Prospects,2026-04-29 stage restructure,2026-04-29 15:46:03,UPDATE
006WR00000wkAjpYAE,Ernie's Mobile Home Park,StageName,Prospecting,Prospects,2026-04-29 stage restructure,2026-04-29 15:46:03,UPDATE
006WR00000wkAjqYAE,Riverside Mobile Estates,StageName,Prospecting,Prospects,2026-04-29 stage restructure,2026-04-29 15:46:03,UPDATE
006WR00000wkAjrYAE,Green Acres Mobile Home Park,StageName,Prospecting,Prospects,2026-04-29 stage restructure,2026-04-29 15:46:03,UPDATE
006WR00000wkAjsYAE,Pleasant Acres Mobile Home Park,StageName,Prospecting,Prospects,2026-04-29 stage restructure,2026-04-29 15:46:03,UPDATE
006WR00000wkAjuYAE,Country Villas,StageName,Prospecting,Prospects,2026-04-29 stage restructure,2026-04-29 15:46:03,UPDATE
006WR00000wkAjvYAE,The Villages of Monterey,StageName,Prospecting,Prospects,2026-04-29 stage restructure,2026-04-29 15:46:03,UPDATE
006WR00000wkAjwYAE,Presidio at Rancho Del Oro,StageName,Prospecting,Prospects,2026-04-29 stage restructure,2026-04-29 15:46:03,UPDATE
006WR00000wkAjxYAE,Mission Hills,StageName,Prospecting,Prospects,2026-04-29 stage restructure,2026-04-29 15:46:03,UPDATE
006WR00000wkAjyYAE,Valley View,StageName,Prospecting,Prospects,2026-04-29 stage restructure,2026-04-29 15:46:03,UPDATE
006WR00000wkAjzYAE,Ocean Breeze Senior Village,StageName,Prospecting,Prospects,2026-04-29 stage restructure,2026-04-29 15:46:03,UPDATE
006WR00000wkAk0YAE,Windsor Aviara,StageName,Prospecting,Prospects,2026-04-29 stage restructure,2026-04-29 15:46:03,UPDATE
006WR00000wkAk1YAE,The Bluffs at Carlsbad,StageName,Prospecting,Prospects,2026-04-29 stage restructure,2026-04-29 15:46:03,UPDATE
006WR00000wkAk2YAE,Carlsbad Station,StageName,Prospecting,Prospects,2026-04-29 stage restructure,2026-04-29 15:46:03,UPDATE
006WR00000wkAk3YAE,Inwood Station,StageName,Prospecting,Prospects,2026-04-29 stage restructure,2026-04-29 15:46:03,UPDATE
006WR00000wkAk4YAE,Maple at Med Center,StageName,Prospecting,Prospects,2026-04-29 stage restructure,2026-04-29 15:46:03,UPDATE
006WR00000wkAk5YAE,Flower Fields,StageName,Prospecting,Prospects,2026-04-29 stage restructure,2026-04-29 15:46:03,UPDATE
006WR00000wkAk6YAE,Seagate Condominium Rentals,StageName,Prospecting,Prospects,2026-04-29 stage restructure,2026-04-29 15:46:03,UPDATE
006WR00000wkAk7YAE,Fiori on Vitruvian Park,StageName,Prospecting,Prospects,2026-04-29 stage restructure,2026-04-29 15:46:03,UPDATE
006WR00000wkAk8YAE,Camp Pendleton,StageName,Prospecting,Prospects,2026-04-29 stage restructure,2026-04-29 15:46:03,UPDATE
006WR00000wkAkBYAU,River Oaks Condos,StageName,Prospecting,Prospects,2026-04-29 stage restructure,2026-04-29 15:46:03,UPDATE
006WR00000wkAkCYAU,Arbors of Central Park,StageName,Prospecting,Prospects,2026-04-29 stage restructure,2026-04-29 15:46:03,UPDATE
006WR00000wkAkDYAU,South Side on Lamar,StageName,Prospecting,Prospects,2026-04-29 stage restructure,2026-04-29 15:46:03,UPDATE
006WR00000wkAkEYAU,Butler Brothers Building,StageName,Prospecting,Prospects,2026-04-29 stage restructure,2026-04-29 15:46:03,UPDATE
006WR00000wkAkFYAU,Townhomes of Bent Tree,StageName,Prospecting,Prospects,2026-04-29 stage restructure,2026-04-29 15:46:03,UPDATE
006WR00000wkAkGYAU,Old West Manor II Homeowners Association Inc,StageName,Prospecting,Prospects,2026-04-29 stage restructure,2026-04-29 15:46:03,UPDATE
006WR00000wkAkHYAU,Adiamo Palm Valley,StageName,Prospecting,Prospects,2026-04-29 stage restructure,2026-04-29 15:46:03,UPDATE
006WR00000wkAkIYAU,The Mayflower Dallas,StageName,Prospecting,Prospects,2026-04-29 stage restructure,2026-04-29 15:46:03,UPDATE
006WR00000wkAkJYAU,State Thomas Ravello,StageName,Prospecting,Prospects,2026-04-29 stage restructure,2026-04-29 15:46:03,UPDATE
006WR00000wkAkKYAU,MAA McKinney Avenue,StageName,Prospecting,Prospects,2026-04-29 stage restructure,2026-04-29 15:46:03,UPDATE
006WR00000wkAkLYAU,Village on the Green,StageName,Prospecting,Prospects,2026-04-29 stage restructure,2026-04-29 15:46:03,UPDATE
006WR00000wkAkMYAU,Teak at the Branch,StageName,Prospecting,Prospects,2026-04-29 stage restructure,2026-04-29 15:46:03,UPDATE
006WR00000wkAkNYAU,Cedar at the Branch,StageName,Prospecting,Prospects,2026-04-29 stage restructure,2026-04-29 15:46:03,UPDATE
006WR00000wkAkOYAU,The Ash at the Branch,StageName,Prospecting,Prospects,2026-04-29 stage restructure,2026-04-29 15:46:03,UPDATE
006WR00000wkAkPYAU,Camden Greenville,StageName,Prospecting,Prospects,2026-04-29 stage restructure,2026-04-29 15:46:03,UPDATE
006WR00000wkAkQYAU,Villeta Apartments,StageName,Prospecting,Prospects,2026-04-29 stage restructure,2026-04-29 15:46:03,UPDATE
006WR00000wkAkRYAU,2 Vista Vallley Apartments/LONGMORE ESTATES CONDOS NORTH & SOUTH,StageName,Prospecting,Prospects,2026-04-29 stage restructure,2026-04-29 15:46:03,UPDATE
006WR00000wkAkSYAU,Santa Fe Villas,StageName,Prospecting,Prospects,2026-04-29 stage restructure,2026-04-29 15:46:03,UPDATE
006WR00000wkAkTYAU,Fiesta Pointe,StageName,Prospecting,Prospects,2026-04-29 stage restructure,2026-04-29 15:46:03,UPDATE
006WR00000wkAkUYAU,The Cove Apartments,StageName,Prospecting,Prospects,2026-04-29 stage restructure,2026-04-29 15:46:03,UPDATE
006WR00000wkAkVYAU,Monterey Point Condominiums,StageName,Prospecting,Prospects,2026-04-29 stage restructure,2026-04-29 15:46:03,UPDATE
006WR00000wkAkWYAU,Rise Broadway (old name - Broadway Gardens Condominiums),StageName,Prospecting,Prospects,2026-04-29 stage restructure,2026-04-29 15:46:03,UPDATE
006WR00000wkAkXYAU,Alma Meadows MHC,StageName,Prospecting,Prospects,2026-04-29 stage restructure,2026-04-29 15:46:03,UPDATE
006WR00000wkAkYYAU,Alma Park Apartments,StageName,Prospecting,Prospects,2026-04-29 stage restructure,2026-04-29 15:46:03,UPDATE
006WR00000wkAkZYAU,Villas Mesa 3,StageName,Prospecting,Prospects,2026-04-29 stage restructure,2026-04-29 15:46:03,UPDATE
006WR00000wkAr0YAE,Village Green,StageName,Prospecting,Prospects,2026-04-29 stage restructure,2026-04-29 15:46:03,UPDATE
006WR00000wkAr1YAE,Rockcliffe Apartments,StageName,Prospecting,Prospects,2026-04-29 stage restructure,2026-04-29 15:46:03,UPDATE
006WR00000wkAr2YAE,Midland Heights,StageName,Prospecting,Prospects,2026-04-29 stage restructure,2026-04-29 15:46:03,UPDATE
006WR00000wkAr3YAE,Salt,StageName,Prospecting,Prospects,2026-04-29 stage restructure,2026-04-29 15:46:03,UPDATE
006WR00000wkAr4YAE,Parkwood Terrace,StageName,Prospecting,Prospects,2026-04-29 stage restructure,2026-04-29 15:46:03,UPDATE
006WR00000wkAr5YAE,Pinewood Estates,StageName,Prospecting,Prospects,2026-04-29 stage restructure,2026-04-29 15:46:03,UPDATE
006WR00000wkAr6YAE,Mountain Run Apartments,StageName,Prospecting,Prospects,2026-04-29 stage restructure,2026-04-29 15:46:03,UPDATE
006WR00000wkAr7YAE,Windsong Apartments,StageName,Prospecting,Prospects,2026-04-29 stage restructure,2026-04-29 15:46:03,UPDATE
006WR00000wkAr8YAE,Ascent Apartments,StageName,Prospecting,Prospects,2026-04-29 stage restructure,2026-04-29 15:46:03,UPDATE
006WR00000wkAr9YAE,Stone Oaks Apartments,StageName,Prospecting,Prospects,2026-04-29 stage restructure,2026-04-29 15:46:03,UPDATE
006WR00000wkArAYAU,Milo at Mountain Park,StageName,Prospecting,Prospects,2026-04-29 stage restructure,2026-04-29 15:46:03,UPDATE
006WR00000wkArBYAU,Lamplighter Estates,StageName,Prospecting,Prospects,2026-04-29 stage restructure,2026-04-29 15:46:03,UPDATE
006WR00000wkArCYAU,Maddox Apartments,StageName,Prospecting,Prospects,2026-04-29 stage restructure,2026-04-29 15:46:03,UPDATE
006WR00000wkArDYAU,Harbor Steps [LOST],StageName,Prospecting,Prospects,2026-04-29 stage restructure,2026-04-29 15:46:03,UPDATE
006WR00000wkArEYAU,River Walk Apartments,StageName,Prospecting,Prospects,2026-04-29 stage restructure,2026-04-29 15:46:03,UPDATE
006WR00000wkArFYAU,River10 Apartments,StageName,Prospecting,Prospects,2026-04-29 stage restructure,2026-04-29 15:46:03,UPDATE
006WR00000wkArGYAU,Eden West,StageName,Prospecting,Prospects,2026-04-29 stage restructure,2026-04-29 15:46:03,UPDATE
006WR00000wkArHYAU,Rya Suites,StageName,Prospecting,Prospects,2026-04-29 stage restructure,2026-04-29 15:46:03,UPDATE
006WR00000wkArIYAU,Westchester Square,StageName,Prospecting,Prospects,2026-04-29 stage restructure,2026-04-29 15:46:03,UPDATE
006WR00000wkArJYAU,Riverview Highlands,StageName,Prospecting,Prospects,2026-04-29 stage restructure,2026-04-29 15:46:03,UPDATE
006WR00000wkArKYAU,Lawrence Lofts,StageName,Prospecting,Prospects,2026-04-29 stage restructure,2026-04-29 15:46:03,UPDATE
006WR00000wkArLYAU,Vivace at Gateway Place,StageName,Prospecting,Prospects,2026-04-29 stage restructure,2026-04-29 15:46:03,UPDATE
006WR00000wkArMYAU,Madison Crossing,StageName,Prospecting,Prospects,2026-04-29 stage restructure,2026-04-29 15:46:03,UPDATE
006WR00000wkArNYAU,The Vue at Spring Creek,StageName,Prospecting,Prospects,2026-04-29 stage restructure,2026-04-29 15:46:03,UPDATE
006WR00000wkArOYAU,Shannon South AVE5,StageName,Prospecting,Prospects,2026-04-29 stage restructure,2026-04-29 15:46:03,UPDATE
006WR00000wkArPYAU,Phillipi Plaza,StageName,Prospecting,Prospects,2026-04-29 stage restructure,2026-04-29 15:46:03,UPDATE
006WR00000wkArQYAU,Burnsville Parkway Apartments,StageName,Prospecting,Prospects,2026-04-29 stage restructure,2026-04-29 15:46:03,UPDATE
006WR00000wkArRYAU,Hamline Pointe [LOST],StageName,Prospecting,Prospects,2026-04-29 stage restructure,2026-04-29 15:46:03,UPDATE
006WR00000wkArSYAU,Peppermill Lofts,StageName,Prospecting,Prospects,2026-04-29 stage restructure,2026-04-29 15:46:03,UPDATE
006WR00000wkArTYAU,Reserve at Metolius [LOST],StageName,Prospecting,Prospects,2026-04-29 stage restructure,2026-04-29 15:46:03,UPDATE
006WR00000wkArUYAU,Maple Park,StageName,Prospecting,Prospects,2026-04-29 stage restructure,2026-04-29 15:46:03,UPDATE
006WR00000wkArVYAU,Skywater at Town Lake,StageName,Prospecting,Prospects,2026-04-29 stage restructure,2026-04-29 15:46:03,UPDATE
006WR00000wkArWYAU,Woodland West,StageName,Prospecting,Prospects,2026-04-29 stage restructure,2026-04-29 15:46:03,UPDATE
006WR00000wkArXYAU,Cascade Apartments,StageName,Prospecting,Prospects,2026-04-29 stage restructure,2026-04-29 15:46:03,UPDATE
006WR00000wkArYYAU,Colonial Village,StageName,Prospecting,Prospects,2026-04-29 stage restructure,2026-04-29 15:46:03,UPDATE
006WR00000wkArZYAU,Brookside Condos,StageName,Prospecting,Prospects,2026-04-29 stage restructure,2026-04-29 15:46:03,UPDATE
006WR00000wkAraYAE,Jefferson West,StageName,Prospecting,Prospects,2026-04-29 stage restructure,2026-04-29 15:46:03,UPDATE
006WR00000wkArbYAE,Greenhouse Apartments,StageName,Prospecting,Prospects,2026-04-29 stage restructure,2026-04-29 15:46:03,UPDATE
006WR00000wkArcYAE,Audenn Apartments,StageName,Prospecting,Prospects,2026-04-29 stage restructure,2026-04-29 15:46:03,UPDATE
006WR00000wkArdYAE,Shoreview Grand Apartments,StageName,Prospecting,Prospects,2026-04-29 stage restructure,2026-04-29 15:46:03,UPDATE
006WR00000wkAreYAE,Saddlebrook Apartments,StageName,Prospecting,Prospects,2026-04-29 stage restructure,2026-04-29 15:46:03,UPDATE
006WR00000wkArgYAE,Arioso Apartments,StageName,Prospecting,Prospects,2026-04-29 stage restructure,2026-04-29 15:46:03,UPDATE
006WR00000wkArhYAE,Perry & Rio Salado,StageName,Prospecting,Prospects,2026-04-29 stage restructure,2026-04-29 15:46:03,UPDATE
006WR00000wkAriYAE,High Pointe,StageName,Prospecting,Prospects,2026-04-29 stage restructure,2026-04-29 15:46:03,UPDATE
006WR00000wkArjYAE,Symphony,StageName,Prospecting,Prospects,2026-04-29 stage restructure,2026-04-29 15:46:03,UPDATE
006WR00000wkArkYAE,Pines at Marston Lake,StageName,Prospecting,Prospects,2026-04-29 stage restructure,2026-04-29 15:46:03,UPDATE
006WR00000wkArlYAE,Ingersoll Towers,StageName,Prospecting,Prospects,2026-04-29 stage restructure,2026-04-29 15:46:03,UPDATE
006WR00000wkArmYAE,Plaza Manor,StageName,Prospecting,Prospects,2026-04-29 stage restructure,2026-04-29 15:46:03,UPDATE
006WR00000wkArnYAE,Mansions at Jordan Creek,StageName,Prospecting,Prospects,2026-04-29 stage restructure,2026-04-29 15:46:03,UPDATE
006WR00000wkAroYAE,Crescent Chase,StageName,Prospecting,Prospects,2026-04-29 stage restructure,2026-04-29 15:46:03,UPDATE
006WR00000wkArpYAE,Sugar Pine,StageName,Prospecting,Prospects,2026-04-29 stage restructure,2026-04-29 15:46:03,UPDATE
006WR00000wkArqYAE,Alterra Apartments,StageName,Prospecting,Prospects,2026-04-29 stage restructure,2026-04-29 15:46:03,UPDATE
006WR00000wkArrYAE,Astoria Senior Living,StageName,Prospecting,Prospects,2026-04-29 stage restructure,2026-04-29 15:46:03,UPDATE
006WR00000wkArsYAE,Castlebrook Condos,StageName,Prospecting,Prospects,2026-04-29 stage restructure,2026-04-29 15:46:03,UPDATE
006WR00000wkArtYAE,Bridlewood Apartments,StageName,Prospecting,Prospects,2026-04-29 stage restructure,2026-04-29 15:46:03,UPDATE
006WR00000wkAruYAE,The Village at Westchester,StageName,Prospecting,Prospects,2026-04-29 stage restructure,2026-04-29 15:46:03,UPDATE
006WR00000wkArvYAE,Sherwood Glen,StageName,Prospecting,Prospects,2026-04-29 stage restructure,2026-04-29 15:46:03,UPDATE
006WR00000wkArwYAE,Palm Terrace,StageName,Prospecting,Prospects,2026-04-29 stage restructure,2026-04-29 15:46:03,UPDATE
006WR00000wkAs0YAE,Deer Creek,StageName,Prospecting,Prospects,2026-04-29 stage restructure,2026-04-29 15:46:03,UPDATE
006WR00000wkAs1YAE,Selway Apartments,StageName,Prospecting,Prospects,2026-04-29 stage restructure,2026-04-29 15:46:03,UPDATE
006WR00000wkAs2YAE,Washington Manor,StageName,Prospecting,Prospects,2026-04-29 stage restructure,2026-04-29 15:46:03,UPDATE
006WR00000wkAs3YAE,Tropicana Villas,StageName,Prospecting,Prospects,2026-04-29 stage restructure,2026-04-29 15:46:03,UPDATE
006WR00000wkAs4YAE,San Palmas,StageName,Prospecting,Prospects,2026-04-29 stage restructure,2026-04-29 15:46:03,UPDATE
006WR00000wkAs5YAE,Seattle Heights,StageName,Prospecting,Prospects,2026-04-29 stage restructure,2026-04-29 15:46:03,UPDATE
006WR00000wkAs6YAE,The Cassidy at Western Hills,StageName,Prospecting,Prospects,2026-04-29 stage restructure,2026-04-29 15:46:03,UPDATE
006WR00000wkAs7YAE,Canterbury at Riverwalk,StageName,Prospecting,Prospects,2026-04-29 stage restructure,2026-04-29 15:46:03,UPDATE
006WR00000wkAs8YAE,CW Moore Apartments,StageName,Prospecting,Prospects,2026-04-29 stage restructure,2026-04-29 15:46:03,UPDATE
006WR00000wkAs9YAE,Westerley,StageName,Prospecting,Prospects,2026-04-29 stage restructure,2026-04-29 15:46:03,UPDATE
006WR00000wkAsAYAU,Bellaire Ranch Apartments,StageName,Prospecting,Prospects,2026-04-29 stage restructure,2026-04-29 15:46:03,UPDATE
006WR00000wkAsBYAU,Trails at San Tan,StageName,Prospecting,Prospects,2026-04-29 stage restructure,2026-04-29 15:46:03,UPDATE
006WR00000wkAsCYAU,Alcove at the Islands,StageName,Prospecting,Prospects,2026-04-29 stage restructure,2026-04-29 15:46:03,UPDATE
006WR00000wkAsDYAU,Stillwater Rivulon,StageName,Prospecting,Prospects,2026-04-29 stage restructure,2026-04-29 15:46:03,UPDATE
006WR00000wkAsEYAU,West Sixth Tempe,StageName,Prospecting,Prospects,2026-04-29 stage restructure,2026-04-29 15:46:03,UPDATE
006WR00000wkAsFYAU,Novus 3G,StageName,Prospecting,Prospects,2026-04-29 stage restructure,2026-04-29 15:46:03,UPDATE
006WR00000wkAsGYAU,Studio 710,StageName,Prospecting,Prospects,2026-04-29 stage restructure,2026-04-29 15:46:03,UPDATE
006WR00000wkAsHYAU,Town Chandler,StageName,Prospecting,Prospects,2026-04-29 stage restructure,2026-04-29 15:46:03,UPDATE
006WR00000wkAsIYAU,The Reserve at Gilbert Towne Center,StageName,Prospecting,Prospects,2026-04-29 stage restructure,2026-04-29 15:46:03,UPDATE
006WR00000wkAsJYAU,Espiral Apartments,StageName,Prospecting,Prospects,2026-04-29 stage restructure,2026-04-29 15:46:03,UPDATE
006WR00000wkAsKYAU,The Gilmore,StageName,Prospecting,Prospects,2026-04-29 stage restructure,2026-04-29 15:46:03,UPDATE
006WR00000wkAsLYAU,Tempe Station,StageName,Prospecting,Prospects,2026-04-29 stage restructure,2026-04-29 15:46:03,UPDATE
006WR00000wkAsMYAU,Verena at Gilbert,StageName,Prospecting,Prospects,2026-04-29 stage restructure,2026-04-29 15:46:03,UPDATE
006WR00000wkAsNYAU,Dobson Towne Centre Apartments,StageName,Prospecting,Prospects,2026-04-29 stage restructure,2026-04-29 15:46:03,UPDATE
006WR00000wkAsOYAU,Tuscany at Gabriella Pointe,StageName,Prospecting,Prospects,2026-04-29 stage restructure,2026-04-29 15:46:03,UPDATE
006WR00000wkAsPYAU,Skyview,StageName,Prospecting,Prospects,2026-04-29 stage restructure,2026-04-29 15:46:03,UPDATE
006WR00000wkAsQYAU,The Alyssa,StageName,Prospecting,Prospects,2026-04-29 stage restructure,2026-04-29 15:46:03,UPDATE
006WR00000wkAsRYAU,Trevi,StageName,Prospecting,Prospects,2026-04-29 stage restructure,2026-04-29 15:46:03,UPDATE
006WR00000wkAsSYAU,La Vida Del Mar [Assisted Living],StageName,Prospecting,Prospects,2026-04-29 stage restructure,2026-04-29 15:46:03,UPDATE
006WR00000wkAsTYAU,Vue Nineteen 01,StageName,Prospecting,Prospects,2026-04-29 stage restructure,2026-04-29 15:46:03,UPDATE
006WR00000wkAsUYAU,Nollie,StageName,Prospecting,Prospects,2026-04-29 stage restructure,2026-04-29 15:46:03,UPDATE
006WR00000wkAsVYAU,The Local,StageName,Prospecting,Prospects,2026-04-29 stage restructure,2026-04-29 15:46:03,UPDATE
006WR00000wkAsWYAU,Paseo on University,StageName,Prospecting,Prospects,2026-04-29 stage restructure,2026-04-29 15:46:03,UPDATE
006WR00000wkAsXYAU,Trovita Rio,StageName,Prospecting,Prospects,2026-04-29 stage restructure,2026-04-29 15:46:03,UPDATE
006WR00000wkAsYYAU,Nexa Apartments,StageName,Prospecting,Prospects,2026-04-29 stage restructure,2026-04-29 15:46:03,UPDATE
006WR00000wkAsZYAU,Skye at McClintock Station,StageName,Prospecting,Prospects,2026-04-29 stage restructure,2026-04-29 15:46:03,UPDATE
006WR00000wkAsaYAE,San Cervantes,StageName,Prospecting,Prospects,2026-04-29 stage restructure,2026-04-29 15:46:03,UPDATE
006WR00000wkAsbYAE,The Cameron,StageName,Prospecting,Prospects,2026-04-29 stage restructure,2026-04-29 15:46:03,UPDATE
006WR00000wkAscYAE,The Curve at Gilbert,StageName,Prospecting,Prospects,2026-04-29 stage restructure,2026-04-29 15:46:03,UPDATE
006WR00000wkAsdYAE,Pier 202,StageName,Prospecting,Prospects,2026-04-29 stage restructure,2026-04-29 15:46:03,UPDATE
006WR00000wkAseYAE,The Hyve,StageName,Prospecting,Prospects,2026-04-29 stage restructure,2026-04-29 15:46:03,UPDATE
006WR00000wkAsfYAE,Vista Way Village,StageName,Prospecting,Prospects,2026-04-29 stage restructure,2026-04-29 15:46:03,UPDATE
006WR00000wkAsgYAE,The Aubrey,StageName,Prospecting,Prospects,2026-04-29 stage restructure,2026-04-29 15:46:03,UPDATE
006WR00000wkAshYAE,Soltra at SanTan Village,StageName,Prospecting,Prospects,2026-04-29 stage restructure,2026-04-29 15:46:03,UPDATE
006WR00000wkAsiYAE,The Higley,StageName,Prospecting,Prospects,2026-04-29 stage restructure,2026-04-29 15:46:03,UPDATE
006WR00000wkBFBYA2,Connect at First Creek,StageName,Prospecting,Prospects,2026-04-29 stage restructure,2026-04-29 15:46:03,UPDATE
006WR00000wkBFCYA2,Delphi Falls,StageName,Prospecting,Prospects,2026-04-29 stage restructure,2026-04-29 15:46:03,UPDATE
006WR00000wkBFDYA2,Bay Country MHP,StageName,Prospecting,Prospects,2026-04-29 stage restructure,2026-04-29 15:46:03,UPDATE
006WR00000wkBFEYA2,Grove City MHP,StageName,Prospecting,Prospects,2026-04-29 stage restructure,2026-04-29 15:46:03,UPDATE
006WR00000wkBFFYA2,Luxor MHP,StageName,Prospecting,Prospects,2026-04-29 stage restructure,2026-04-29 15:46:03,UPDATE
006WR00000wkBFGYA2,Hannibal Estates,StageName,Prospecting,Prospects,2026-04-29 stage restructure,2026-04-29 15:46:03,UPDATE
006WR00000wkBFHYA2,Dover Bridge Park,StageName,Prospecting,Prospects,2026-04-29 stage restructure,2026-04-29 15:46:03,UPDATE
006WR00000wkBFIYA2,Echo Ridge at North Hills,StageName,Prospecting,Prospects,2026-04-29 stage restructure,2026-04-29 15:46:03,UPDATE
006WR00000wkBFJYA2,Sunny Creek Estates,StageName,Prospecting,Prospects,2026-04-29 stage restructure,2026-04-29 15:46:03,UPDATE
006WR00000wkBFKYA2,White Pines,StageName,Prospecting,Prospects,2026-04-29 stage restructure,2026-04-29 15:46:03,UPDATE
006WR00000wkBFLYA2,Pine Valley Estates,StageName,Prospecting,Prospects,2026-04-29 stage restructure,2026-04-29 15:46:03,UPDATE
006WR00000wkBFMYA2,Pinehurst Manor,StageName,Prospecting,Prospects,2026-04-29 stage restructure,2026-04-29 15:46:03,UPDATE
006WR00000wkBFNYA2,Winstead MHP,StageName,Prospecting,Prospects,2026-04-29 stage restructure,2026-04-29 15:46:03,UPDATE
006WR00000wkBFOYA2,Roberts MHC,StageName,Prospecting,Prospects,2026-04-29 stage restructure,2026-04-29 15:46:03,UPDATE
006WR00000wkBFPYA2,Suburban Acres,StageName,Prospecting,Prospects,2026-04-29 stage restructure,2026-04-29 15:46:03,UPDATE
006WR00000wkBFQYA2,The Oaks(Asset E),StageName,Prospecting,Prospects,2026-04-29 stage restructure,2026-04-29 15:46:03,UPDATE
006WR00000wkBFRYA2,Perry MHC,StageName,Prospecting,Prospects,2026-04-29 stage restructure,2026-04-29 15:46:03,UPDATE
006WR00000wkBFSYA2,Oak Hills,StageName,Prospecting,Prospects,2026-04-29 stage restructure,2026-04-29 15:46:03,UPDATE
006WR00000wkBFTYA2,The Station Apartments,StageName,Prospecting,Prospects,2026-04-29 stage restructure,2026-04-29 15:46:03,UPDATE
006WR00000wkBFUYA2,Osito Ridge,StageName,Prospecting,Prospects,2026-04-29 stage restructure,2026-04-29 15:46:03,UPDATE
006WR00000wkBFVYA2,Western Estates,StageName,Prospecting,Prospects,2026-04-29 stage restructure,2026-04-29 15:46:03,UPDATE
006WR00000wkBFWYA2,Buckeye Lake MHP,StageName,Prospecting,Prospects,2026-04-29 stage restructure,2026-04-29 15:46:03,UPDATE
006WR00000wkBFXYA2,Bernie's MHP,StageName,Prospecting,Prospects,2026-04-29 stage restructure,2026-04-29 15:46:03,UPDATE
006WR00000wkBFYYA2,Baxters,StageName,Prospecting,Prospects,2026-04-29 stage restructure,2026-04-29 15:46:03,UPDATE
006WR00000wkBFZYA2,Deerwood MHC,StageName,Prospecting,Prospects,2026-04-29 stage restructure,2026-04-29 15:46:03,UPDATE
006WR00000wkBFaYAM,Long Meadow MHP,StageName,Prospecting,Prospects,2026-04-29 stage restructure,2026-04-29 15:46:03,UPDATE
006WR00000wkBFbYAM,HC - Flanders MHP,StageName,Prospecting,Prospects,2026-04-29 stage restructure,2026-04-29 15:46:03,UPDATE
006WR00000wkBFcYAM,Easy Living Community,StageName,Prospecting,Prospects,2026-04-29 stage restructure,2026-04-29 15:46:03,UPDATE
006WR00000wkBFdYAM,Jones Estates Greentree OH LLC,StageName,Prospecting,Prospects,2026-04-29 stage restructure,2026-04-29 15:46:03,UPDATE
006WR00000wkBFeYAM,Jones Estates Miamisport IN LLC,StageName,Prospecting,Prospects,2026-04-29 stage restructure,2026-04-29 15:46:03,UPDATE
006WR00000wkBFfYAM,Green Hill,StageName,Prospecting,Prospects,2026-04-29 stage restructure,2026-04-29 15:46:03,UPDATE
006WR00000wkBFgYAM,Mill Road Estates,StageName,Prospecting,Prospects,2026-04-29 stage restructure,2026-04-29 15:46:03,UPDATE
006WR00000wkBFhYAM,Lake Shore Court (Part of Buckeye Lake MHP above),StageName,Prospecting,Prospects,2026-04-29 stage restructure,2026-04-29 15:46:03,UPDATE
006WR00000wkBFiYAM,Glen Lake MHP,StageName,Prospecting,Prospects,2026-04-29 stage restructure,2026-04-29 15:46:03,UPDATE
006WR00000wkBFjYAM,Franklin Village,StageName,Prospecting,Prospects,2026-04-29 stage restructure,2026-04-29 15:46:03,UPDATE
006WR00000wkBFkYAM,Mill 8,StageName,Prospecting,Prospects,2026-04-29 stage restructure,2026-04-29 15:46:03,UPDATE
006WR00000wkBFlYAM,Valley View (Asset E),StageName,Prospecting,Prospects,2026-04-29 stage restructure,2026-04-29 15:46:03,UPDATE
006WR00000wkBFmYAM,Skyview Terrace,StageName,Prospecting,Prospects,2026-04-29 stage restructure,2026-04-29 15:46:03,UPDATE
006WR00000wkBFnYAM,The Pines,StageName,Prospecting,Prospects,2026-04-29 stage restructure,2026-04-29 15:46:03,UPDATE
006WR00000wkBFoYAM,Princeton Village,StageName,Prospecting,Prospects,2026-04-29 stage restructure,2026-04-29 15:46:03,UPDATE
006WR00000wkBFpYAM,Waterside (fka Staton MHP),StageName,Prospecting,Prospects,2026-04-29 stage restructure,2026-04-29 15:46:03,UPDATE
006WR00000wkBFqYAM,Tropicana MHP,StageName,Prospecting,Prospects,2026-04-29 stage restructure,2026-04-29 15:46:03,UPDATE
006WR00000wkBFrYAM,Salamonie Estates,StageName,Prospecting,Prospects,2026-04-29 stage restructure,2026-04-29 15:46:03,UPDATE
006WR00000wkBFsYAM,Osage,StageName,Prospecting,Prospects,2026-04-29 stage restructure,2026-04-29 15:46:03,UPDATE
006WR00000wkBFtYAM,58 Space Garden Spot Mobile Home Park,StageName,Prospecting,Prospects,2026-04-29 stage restructure,2026-04-29 15:46:03,UPDATE
006WR00000wkBFuYAM,Copper Springs Retirement Community,StageName,Prospecting,Prospects,2026-04-29 stage restructure,2026-04-29 15:46:03,UPDATE
006WR00000wkBFvYAM,Country Club Heights Condominiums,StageName,Prospecting,Prospects,2026-04-29 stage restructure,2026-04-29 15:46:03,UPDATE
006WR00000wkBFwYAM,American Groves,StageName,Prospecting,Prospects,2026-04-29 stage restructure,2026-04-29 15:46:03,UPDATE
006WR00000wkBFxYAM,Culdesac Tempe,StageName,Prospecting,Prospects,2026-04-29 stage restructure,2026-04-29 15:46:03,UPDATE
006WR00000wkBFyYAM,Holiday Palms Active 55+ Community(MHP),StageName,Prospecting,Prospects,2026-04-29 stage restructure,2026-04-29 15:46:03,UPDATE
006WR00000wkBFzYAM,Legacy on Main II,StageName,Prospecting,Prospects,2026-04-29 stage restructure,2026-04-29 15:46:03,UPDATE
006WR00000wkBG0YAM,Escobedo at Verde Vista,StageName,Prospecting,Prospects,2026-04-29 stage restructure,2026-04-29 15:46:03,UPDATE
006WR00000wkBG1YAM,Parkhaven Estates & RV Resort (MHP),StageName,Prospecting,Prospects,2026-04-29 stage restructure,2026-04-29 15:46:03,UPDATE
006WR00000wkBG2YAM,Vivo Living Mesa,StageName,Prospecting,Prospects,2026-04-29 stage restructure,2026-04-29 15:46:03,UPDATE
006WR00000wkBG3YAM,NOVEL Val Vista,StageName,Prospecting,Prospects,2026-04-29 stage restructure,2026-04-29 15:46:03,UPDATE
006WR00000wkBG4YAM,Westmount at Downtown Tempe,StageName,Prospecting,Prospects,2026-04-29 stage restructure,2026-04-29 15:46:03,UPDATE
006WR00000wkBG6YAM,Villas on Ash,StageName,Prospecting,Prospects,2026-04-29 stage restructure,2026-04-29 15:46:03,UPDATE
006WR00000wkBG7YAM,Gilbert Greens,StageName,Prospecting,Prospects,2026-04-29 stage restructure,2026-04-29 15:46:03,UPDATE
006WR00000wkBG8YAM,Atlas Mesa,StageName,Prospecting,Prospects,2026-04-29 stage restructure,2026-04-29 15:46:03,UPDATE
006WR00000wkBG9YAM,201 S Crismon Rd (MHP),StageName,Prospecting,Prospects,2026-04-29 stage restructure,2026-04-29 15:46:03,UPDATE
006WR00000wkBGAYA2,Asteria Apartment Homes,StageName,Prospecting,Prospects,2026-04-29 stage restructure,2026-04-29 15:46:03,UPDATE
006WR00000wkBGBYA2,Aura Watermark,StageName,Prospecting,Prospects,2026-04-29 stage restructure,2026-04-29 15:46:03,UPDATE
006WR00000wkBGCYA2,Avana Coronado,StageName,Prospecting,Prospects,2026-04-29 stage restructure,2026-04-29 15:46:03,UPDATE
006WR00000wkBGDYA2,Arches at Hidden Creek,StageName,Prospecting,Prospects,2026-04-29 stage restructure,2026-04-29 15:46:03,UPDATE
006WR00000wkBGEYA2,Borrego at Spectrum,StageName,Prospecting,Prospects,2026-04-29 stage restructure,2026-04-29 15:46:03,UPDATE
006WR00000wkBGFYA2,BB Living at Higley Park,StageName,Prospecting,Prospects,2026-04-29 stage restructure,2026-04-29 15:46:03,UPDATE
006WR00000wkBGGYA2,Avanterra Town Square,StageName,Prospecting,Prospects,2026-04-29 stage restructure,2026-04-29 15:46:03,UPDATE
006WR00000wkBGHYA2,Metro on Main,StageName,Prospecting,Prospects,2026-04-29 stage restructure,2026-04-29 15:46:03,UPDATE
006WR00000wkBGIYA2,IMT Riverview,StageName,Prospecting,Prospects,2026-04-29 stage restructure,2026-04-29 15:46:03,UPDATE
006WR00000wkBGJYA2,MAA City Gate,StageName,Prospecting,Prospects,2026-04-29 stage restructure,2026-04-29 15:46:03,UPDATE
006WR00000wkBGKYA2,Inspira Gateway,StageName,Prospecting,Prospects,2026-04-29 stage restructure,2026-04-29 15:46:03,UPDATE
006WR00000wkBGLYA2,Moxie,StageName,Prospecting,Prospects,2026-04-29 stage restructure,2026-04-29 15:46:03,UPDATE
006WR00000wkBGMYA2,Elevation San Tan,StageName,Prospecting,Prospects,2026-04-29 stage restructure,2026-04-29 15:46:03,UPDATE
006WR00000wkBGNYA2,Lakeside,StageName,Prospecting,Prospects,2026-04-29 stage restructure,2026-04-29 15:46:03,UPDATE
006WR00000wkBGOYA2,Gateway at Cooley Station,StageName,Prospecting,Prospects,2026-04-29 stage restructure,2026-04-29 15:46:03,UPDATE
006WR00000wkBGPYA2,Vantage Point Apartments,StageName,Prospecting,Prospects,2026-04-29 stage restructure,2026-04-29 15:46:03,UPDATE
006WR00000wkBGQYA2,Vistara at SanTan Village,StageName,Prospecting,Prospects,2026-04-29 stage restructure,2026-04-29 15:46:03,UPDATE
006WR00000wkBGRYA2,Redstone at SanTan Village,StageName,Prospecting,Prospects,2026-04-29 stage restructure,2026-04-29 15:46:03,UPDATE
006WR00000wkBGSYA2,Sierra Estates (MHP),StageName,Prospecting,Prospects,2026-04-29 stage restructure,2026-04-29 15:46:03,UPDATE
006WR00000wkBGTYA2,Trax at Cooley Station,StageName,Prospecting,Prospects,2026-04-29 stage restructure,2026-04-29 15:46:03,UPDATE
006WR00000wkBGUYA2,San Villante,StageName,Prospecting,Prospects,2026-04-29 stage restructure,2026-04-29 15:46:03,UPDATE
006WR00000wkBGVYA2,The District Lofts,StageName,Prospecting,Prospects,2026-04-29 stage restructure,2026-04-29 15:46:03,UPDATE
006WR00000wkBGWYA2,Serena Shores,StageName,Prospecting,Prospects,2026-04-29 stage restructure,2026-04-29 15:46:03,UPDATE
006WR00000wkBGXYA2,Station21,StageName,Prospecting,Prospects,2026-04-29 stage restructure,2026-04-29 15:46:03,UPDATE
006WR00000wkBGYYA2,Olive Apartments,StageName,Prospecting,Prospects,2026-04-29 stage restructure,2026-04-29 15:46:03,UPDATE
006WR00000wkBGZYA2,The Julia,StageName,Prospecting,Prospects,2026-04-29 stage restructure,2026-04-29 15:46:03,UPDATE
006WR00000wkBGaYAM,Metro at Downtown Mesa,StageName,Prospecting,Prospects,2026-04-29 stage restructure,2026-04-29 15:46:03,UPDATE
006WR00000wkBGbYAM,6th St & South Rural Rd,StageName,Prospecting,Prospects,2026-04-29 stage restructure,2026-04-29 15:46:03,UPDATE
006WR00000wkBGcYAM,211 E 7th St,StageName,Prospecting,Prospects,2026-04-29 stage restructure,2026-04-29 15:46:03,UPDATE
006WR00000wkBGdYAM,Aura Apache,StageName,Prospecting,Prospects,2026-04-29 stage restructure,2026-04-29 15:46:03,UPDATE
006WR00000wkBGeYAM,Highlands At Spectrum,StageName,Prospecting,Prospects,2026-04-29 stage restructure,2026-04-29 15:46:03,UPDATE
006WR00000wkBGfYAM,Icon at Cooley Station,StageName,Prospecting,Prospects,2026-04-29 stage restructure,2026-04-29 15:46:03,UPDATE
006WR00000wkBGgYAM,Legacy on Main,StageName,Prospecting,Prospects,2026-04-29 stage restructure,2026-04-29 15:46:03,UPDATE
006WR00000wkBGhYAM,SanTan by Baron,StageName,Prospecting,Prospects,2026-04-29 stage restructure,2026-04-29 15:46:03,UPDATE
006WR00000wkBGiYAM,Town Commons,StageName,Prospecting,Prospects,2026-04-29 stage restructure,2026-04-29 15:46:03,UPDATE
006WR00000wkBGjYAM,Valle Del Oro (MHP),StageName,Prospecting,Prospects,2026-04-29 stage restructure,2026-04-29 15:46:03,UPDATE
006WR00000wkBGkYAM,The Tyler,StageName,Prospecting,Prospects,2026-04-29 stage restructure,2026-04-29 15:46:03,UPDATE
006WR00000wkBGlYAM,X-b Trailer Ranch-107 Spaces (MHP),StageName,Prospecting,Prospects,2026-04-29 stage restructure,2026-04-29 15:46:03,UPDATE
006WR00000wkBGmYAM,San Privada,StageName,Prospecting,Prospects,2026-04-29 stage restructure,2026-04-29 15:46:03,UPDATE
006WR00000wkBGnYAM,The Villages at Park Center,StageName,Prospecting,Prospects,2026-04-29 stage restructure,2026-04-29 15:46:03,UPDATE
006WR00000wkBThYAM,5252 S Cornell Ave,StageName,Prospecting,Prospects,2026-04-29 stage restructure,2026-04-29 15:46:03,UPDATE
006WR00000wkBTiYAM,Clove Apartments,StageName,Prospecting,Prospects,2026-04-29 stage restructure,2026-04-29 15:46:03,UPDATE
006WR00000wkBTjYAM,5300-5308 S. Greenwood Avenue,StageName,Prospecting,Prospects,2026-04-29 stage restructure,2026-04-29 15:46:03,UPDATE
006WR00000wkBTkYAM,Sun Life RV Resort,StageName,Prospecting,Prospects,2026-04-29 stage restructure,2026-04-29 15:46:03,UPDATE
006WR00000wkBTlYAM,5300-5308 S. Hyde Park Boulevard,StageName,Prospecting,Prospects,2026-04-29 stage restructure,2026-04-29 15:46:03,UPDATE
006WR00000wkBTmYAM,Azle Oaks Apartments,StageName,Prospecting,Prospects,2026-04-29 stage restructure,2026-04-29 15:46:03,UPDATE
006WR00000wkBTnYAM,5300 South Drexel,StageName,Prospecting,Prospects,2026-04-29 stage restructure,2026-04-29 15:46:03,UPDATE
006WR00000wkBToYAM,Orchard Park Apartments,StageName,Prospecting,Prospects,2026-04-29 stage restructure,2026-04-29 15:46:03,UPDATE
006WR00000wkBTpYAM,5034-5046 S. Woodlawn Avenue,StageName,Prospecting,Prospects,2026-04-29 stage restructure,2026-04-29 15:46:03,UPDATE
006WR00000wkBTqYAM,Woodbridge Senior Living [Connect55+],StageName,Prospecting,Prospects,2026-04-29 stage restructure,2026-04-29 15:46:03,UPDATE
006WR00000wkBTrYAM,5320-5326.5 S. Drexel Boulevard,StageName,Prospecting,Prospects,2026-04-29 stage restructure,2026-04-29 15:46:03,UPDATE
006WR00000wkBTsYAM,The Cape,StageName,Prospecting,Prospects,2026-04-29 stage restructure,2026-04-29 15:46:03,UPDATE
006WR00000wkBTtYAM,5325 S. Hyde Park Boulevard,StageName,Prospecting,Prospects,2026-04-29 stage restructure,2026-04-29 15:46:03,UPDATE
006WR00000wkBTuYAM,Indian Hills Village Apartments,StageName,Prospecting,Prospects,2026-04-29 stage restructure,2026-04-29 15:46:03,UPDATE
006WR00000wkBTvYAM,5326-5336 S. Greenwood Avenue,StageName,Prospecting,Prospects,2026-04-29 stage restructure,2026-04-29 15:46:03,UPDATE
006WR00000wkBTwYAM,5335-5337 S. Woodlawn Avenue,StageName,Prospecting,Prospects,2026-04-29 stage restructure,2026-04-29 15:46:03,UPDATE
006WR00000wkBTxYAM,The Springs,StageName,Prospecting,Prospects,2026-04-29 stage restructure,2026-04-29 15:46:03,UPDATE
006WR00000wkBTyYAM,5335-5345 S. Kimbark Avenue,StageName,Prospecting,Prospects,2026-04-29 stage restructure,2026-04-29 15:46:03,UPDATE
006WR00000wkBTzYAM,Luma Lane Apartments,StageName,Prospecting,Prospects,2026-04-29 stage restructure,2026-04-29 15:46:03,UPDATE
006WR00000wkBU0YAM,5336-5338 S. Hyde Park Boulevard,StageName,Prospecting,Prospects,2026-04-29 stage restructure,2026-04-29 15:46:03,UPDATE
006WR00000wkBU1YAM,5337 S. Hyde Park Boulevard,StageName,Prospecting,Prospects,2026-04-29 stage restructure,2026-04-29 15:46:03,UPDATE
006WR00000wkBU2YAM,Emerson Mill Avenue,StageName,Prospecting,Prospects,2026-04-29 stage restructure,2026-04-29 15:46:03,UPDATE
006WR00000wkBU3YAM,5339-5345 S. Woodlawn,StageName,Prospecting,Prospects,2026-04-29 stage restructure,2026-04-29 15:46:03,UPDATE
006WR00000wkBU4YAM,Copper Ridge HOA,StageName,Prospecting,Prospects,2026-04-29 stage restructure,2026-04-29 15:46:03,UPDATE
006WR00000wkBU5YAM,5355-5361 S. Cottage Grove,StageName,Prospecting,Prospects,2026-04-29 stage restructure,2026-04-29 15:46:03,UPDATE
006WR00000wkBU6YAM,5400-5408 S. Ingleside,StageName,Prospecting,Prospects,2026-04-29 stage restructure,2026-04-29 15:46:03,UPDATE
006WR00000wkBU7YAM,5401-5403 S. Woodlawn,StageName,Prospecting,Prospects,2026-04-29 stage restructure,2026-04-29 15:46:03,UPDATE
006WR00000wkBU8YAM,5401-5405 S. Drexel Boulevard,StageName,Prospecting,Prospects,2026-04-29 stage restructure,2026-04-29 15:46:03,UPDATE
006WR00000wkBU9YAM,5401-5409 S. Cottage Grove Avenue,StageName,Prospecting,Prospects,2026-04-29 stage restructure,2026-04-29 15:46:03,UPDATE
006WR00000wkBUAYA2,5405-5407 S. Woodlawn Avenue,StageName,Prospecting,Prospects,2026-04-29 stage restructure,2026-04-29 15:46:03,UPDATE
006WR00000wkBUBYA2,5409 S. Blackstone,StageName,Prospecting,Prospects,2026-04-29 stage restructure,2026-04-29 15:46:03,UPDATE
006WR00000wkBUCYA2,5411-5421 S. Ellis Avenue,StageName,Prospecting,Prospects,2026-04-29 stage restructure,2026-04-29 15:46:03,UPDATE
006WR00000wkBUDYA2,Chisholm Trail Senior Village,StageName,Prospecting,Prospects,2026-04-29 stage restructure,2026-04-29 15:46:03,UPDATE
006WR00000wkBUEYA2,5415 S. Woodlawn Avenue,StageName,Prospecting,Prospects,2026-04-29 stage restructure,2026-04-29 15:46:03,UPDATE
006WR00000wkBUFYA2,5416 S. Woodlawn Avenue,StageName,Prospecting,Prospects,2026-04-29 stage restructure,2026-04-29 15:46:03,UPDATE
006WR00000wkBUGYA2,5427 S. Greenwood,StageName,Prospecting,Prospects,2026-04-29 stage restructure,2026-04-29 15:46:03,UPDATE
006WR00000wkBUHYA2,5429 S. Woodlawn Avenue,StageName,Prospecting,Prospects,2026-04-29 stage restructure,2026-04-29 15:46:03,UPDATE
006WR00000wkBUIYA2,5452-5466 S. Ellis Avenue,StageName,Prospecting,Prospects,2026-04-29 stage restructure,2026-04-29 15:46:03,UPDATE
006WR00000wkBUJYA2,5457-5459 S. Blackstone Avenue,StageName,Prospecting,Prospects,2026-04-29 stage restructure,2026-04-29 15:46:03,UPDATE
006WR00000wkBUKYA2,5468-70 S. Hyde Park Boulevard,StageName,Prospecting,Prospects,2026-04-29 stage restructure,2026-04-29 15:46:03,UPDATE
006WR00000wkBULYA2,Aviator West 7th Apartments,StageName,Prospecting,Prospects,2026-04-29 stage restructure,2026-04-29 15:46:03,UPDATE
006WR00000wkBUMYA2,5474-5480 S. Hyde Park Boulevard,StageName,Prospecting,Prospects,2026-04-29 stage restructure,2026-04-29 15:46:03,UPDATE
006WR00000wkBUNYA2,5487-5491 S. Hyde Park Boulevard,StageName,Prospecting,Prospects,2026-04-29 stage restructure,2026-04-29 15:46:03,UPDATE
006WR00000wkBUOYA2,5500 S. Cornell,StageName,Prospecting,Prospects,2026-04-29 stage restructure,2026-04-29 15:46:03,UPDATE
006WR00000wkBUPYA2,520 Samuels Ave - The Franklin At Samuels Ave Apartments,StageName,Prospecting,Prospects,2026-04-29 stage restructure,2026-04-29 15:46:03,UPDATE
006WR00000wkBUQYA2,5501 S. Cornell,StageName,Prospecting,Prospects,2026-04-29 stage restructure,2026-04-29 15:46:03,UPDATE
006WR00000wkBURYA2,5507-5509 S. Hyde Park Boulevard,StageName,Prospecting,Prospects,2026-04-29 stage restructure,2026-04-29 15:46:03,UPDATE
006WR00000wkBUSYA2,5508 S. Cornell Avenue,StageName,Prospecting,Prospects,2026-04-29 stage restructure,2026-04-29 15:46:03,UPDATE
006WR00000wkBUTYA2,5512 S. Hyde Park Boulevard,StageName,Prospecting,Prospects,2026-04-29 stage restructure,2026-04-29 15:46:03,UPDATE
006WR00000wkBUUYA2,5524-5526 S. Everett Avenue,StageName,Prospecting,Prospects,2026-04-29 stage restructure,2026-04-29 15:46:03,UPDATE
006WR00000wkBUVYA2,5528-5532 S. Everett Avenue,StageName,Prospecting,Prospects,2026-04-29 stage restructure,2026-04-29 15:46:03,UPDATE
006WR00000wkBUWYA2,5528 S. Cornell Avenue,StageName,Prospecting,Prospects,2026-04-29 stage restructure,2026-04-29 15:46:03,UPDATE
006WR00000wkBUXYA2,5532 S. Kimbark Avenue,StageName,Prospecting,Prospects,2026-04-29 stage restructure,2026-04-29 15:46:03,UPDATE
006WR00000wkBUYYA2,5533 S. Blackstone,StageName,Prospecting,Prospects,2026-04-29 stage restructure,2026-04-29 15:46:03,UPDATE
006WR00000wkBUZYA2,5535 S. Kimbark Avenue,StageName,Prospecting,Prospects,2026-04-29 stage restructure,2026-04-29 15:46:03,UPDATE
006WR00000wkBUaYAM,5557-59 S. University Avenue,StageName,Prospecting,Prospects,2026-04-29 stage restructure,2026-04-29 15:46:03,UPDATE
006WR00000wkBUbYAM,5623 S. Dorchester,StageName,Prospecting,Prospects,2026-04-29 stage restructure,2026-04-29 15:46:03,UPDATE
006WR00000wkBUcYAM,Bexley at Left Bank II Apartments,StageName,Prospecting,Prospects,2026-04-29 stage restructure,2026-04-29 15:46:03,UPDATE
006WR00000wkBUdYAM,5700 S. Blackstone,StageName,Prospecting,Prospects,2026-04-29 stage restructure,2026-04-29 15:46:03,UPDATE
006WR00000wkBUeYAM,Riviera park Apartments,StageName,Prospecting,Prospects,2026-04-29 stage restructure,2026-04-29 15:46:03,UPDATE
006WR00000wkBUfYAM,5706-10 S. Blackstone Ave,StageName,Prospecting,Prospects,2026-04-29 stage restructure,2026-04-29 15:46:03,UPDATE
006WR00000wkBUgYAM,Axis Waterfront Apartments,StageName,Prospecting,Prospects,2026-04-29 stage restructure,2026-04-29 15:46:03,UPDATE
006WR00000wkBUhYAM,5715-5725 S. Kimbark Avenue,StageName,Prospecting,Prospects,2026-04-29 stage restructure,2026-04-29 15:46:03,UPDATE
006WR00000wkBUiYAM,918 E. Hyde Park Boulevard,StageName,Prospecting,Prospects,2026-04-29 stage restructure,2026-04-29 15:46:03,UPDATE
006WR00000wkBUjYAM,925 E. 46th Street Apartments,StageName,Prospecting,Prospects,2026-04-29 stage restructure,2026-04-29 15:46:03,UPDATE
006WR00000wkBUkYAM,Algonquin Apartments,StageName,Prospecting,Prospects,2026-04-29 stage restructure,2026-04-29 15:46:03,UPDATE
006WR00000wkBUlYAM,City Hyde Park,StageName,Prospecting,Prospects,2026-04-29 stage restructure,2026-04-29 15:46:03,UPDATE
006WR00000wkBUmYAM,Ascend at Chisholm Trail Apartments,StageName,Prospecting,Prospects,2026-04-29 stage restructure,2026-04-29 15:46:03,UPDATE
006WR00000wkBUnYAM,Cloisters,StageName,Prospecting,Prospects,2026-04-29 stage restructure,2026-04-29 15:46:03,UPDATE
006WR00000wkBUoYAM,Cornell Terrace,StageName,Prospecting,Prospects,2026-04-29 stage restructure,2026-04-29 15:46:03,UPDATE
006WR00000wkBUpYAM,Marland Place,StageName,Prospecting,Prospects,2026-04-29 stage restructure,2026-04-29 15:46:03,UPDATE
006WR00000wkBUqYAM,Canfield Apartments,StageName,Prospecting,Prospects,2026-04-29 stage restructure,2026-04-29 15:46:03,UPDATE
006WR00000wkBUrYAM,3445 S Rhodes Ave,StageName,Prospecting,Prospects,2026-04-29 stage restructure,2026-04-29 15:46:03,UPDATE
006WR00000wkBUsYAM,Adams Park Apartments,StageName,Prospecting,Prospects,2026-04-29 stage restructure,2026-04-29 15:46:03,UPDATE
006WR00000wkBUtYAM,Encore Landing Apartment Homes,StageName,Prospecting,Prospects,2026-04-29 stage restructure,2026-04-29 15:46:03,UPDATE
006WR00000wkBUuYAM,3440 S Cottage Grove,StageName,Prospecting,Prospects,2026-04-29 stage restructure,2026-04-29 15:46:03,UPDATE
006WR00000wkBUvYAM,Canal Station,StageName,Prospecting,Prospects,2026-04-29 stage restructure,2026-04-29 15:46:03,UPDATE
006WR00000wkBUwYAM,1018 E. 54th Street,StageName,Prospecting,Prospects,2026-04-29 stage restructure,2026-04-29 15:46:03,UPDATE
006WR00000wkBUxYAM,Bristol Park at Eagle Mountain,StageName,Prospecting,Prospects,2026-04-29 stage restructure,2026-04-29 15:46:03,UPDATE
006WR00000wkBUyYAM,1101 E. Hyde Park Boulevard,StageName,Prospecting,Prospects,2026-04-29 stage restructure,2026-04-29 15:46:03,UPDATE
006WR00000wkBUzYAM,1154-56 E. 56th Street,StageName,Prospecting,Prospects,2026-04-29 stage restructure,2026-04-29 15:46:03,UPDATE
006WR00000wkBV0YAM,1321 E. 57th St,StageName,Prospecting,Prospects,2026-04-29 stage restructure,2026-04-29 15:46:03,UPDATE
006WR00000wkBV1YAM,1323 E. 57th St,StageName,Prospecting,Prospects,2026-04-29 stage restructure,2026-04-29 15:46:03,UPDATE
006WR00000wkBV2YAM,1358 E. 58th Street,StageName,Prospecting,Prospects,2026-04-29 stage restructure,2026-04-29 15:46:03,UPDATE
006WR00000wkBV3YAM,1400 E. 57th Street,StageName,Prospecting,Prospects,2026-04-29 stage restructure,2026-04-29 15:46:03,UPDATE
006WR00000wkBV4YAM,Amber Court,StageName,Prospecting,Prospects,2026-04-29 stage restructure,2026-04-29 15:46:03,UPDATE
006WR00000wkBV5YAM,Bridges of San Ramon,StageName,Prospecting,Prospects,2026-04-29 stage restructure,2026-04-29 15:46:03,UPDATE
006WR00000wkBV6YAM,Carlyle,StageName,Prospecting,Prospects,2026-04-29 stage restructure,2026-04-29 15:46:03,UPDATE
006WR00000wkBV7YAM,Cotton Wood,StageName,Prospecting,Prospects,2026-04-29 stage restructure,2026-04-29 15:46:03,UPDATE
006WR00000wkBV8YAM,Campbell Run,StageName,Prospecting,Prospects,2026-04-29 stage restructure,2026-04-29 15:46:03,UPDATE
006WR00000wkBV9YAM,1413-15 E. 57th St,StageName,Prospecting,Prospects,2026-04-29 stage restructure,2026-04-29 15:46:03,UPDATE
006WR00000wkBVAYA2,1440-1450 E. 52nd Street,StageName,Prospecting,Prospects,2026-04-29 stage restructure,2026-04-29 15:46:03,UPDATE
006WR00000wkBVBYA2,1515-1521 E. 54th Street,StageName,Prospecting,Prospects,2026-04-29 stage restructure,2026-04-29 15:46:03,UPDATE
006WR00000wkBVCYA2,Cedar Park Apartments,StageName,Prospecting,Prospects,2026-04-29 stage restructure,2026-04-29 15:46:03,UPDATE
006WR00000wkBVDYA2,Asbury Park Apartments,StageName,Prospecting,Prospects,2026-04-29 stage restructure,2026-04-29 15:46:03,UPDATE
006WR00000wkBVEYA2,Brazos Park Apartments,StageName,Prospecting,Prospects,2026-04-29 stage restructure,2026-04-29 15:46:03,UPDATE
006WR00000wkBVFYA2,Crystal Falls Crossing,StageName,Prospecting,Prospects,2026-04-29 stage restructure,2026-04-29 15:46:03,UPDATE
006WR00000wkBVGYA2,Clear Creek Meadows,StageName,Prospecting,Prospects,2026-04-29 stage restructure,2026-04-29 15:46:03,UPDATE
006WR00000wkBVHYA2,Belle Oaks Apartments,StageName,Prospecting,Prospects,2026-04-29 stage restructure,2026-04-29 15:46:03,UPDATE
006WR00000wkBVIYA2,Chappell Oaks Apartments,StageName,Prospecting,Prospects,2026-04-29 stage restructure,2026-04-29 15:46:03,UPDATE
006WR00000wkBn3YAE,Cove Village Apartments,StageName,Prospecting,Prospects,2026-04-29 stage restructure,2026-04-29 15:46:03,UPDATE
006WR00000wkBn4YAE,Brookview Village Apartments,StageName,Prospecting,Prospects,2026-04-29 stage restructure,2026-04-29 15:46:03,UPDATE
006WR00000wkBn5YAE,Autumn Chase Apartments,StageName,Prospecting,Prospects,2026-04-29 stage restructure,2026-04-29 15:46:03,UPDATE
006WR00000wkBn7YAE,Avana River Park Apartments,StageName,Prospecting,Prospects,2026-04-29 stage restructure,2026-04-29 15:46:03,UPDATE
006WR00000wkBn8YAE,Fox Meadows Apartments,StageName,Prospecting,Prospects,2026-04-29 stage restructure,2026-04-29 15:46:03,UPDATE
006WR00000wkBn9YAE,500 Flats Apartments,StageName,Prospecting,Prospects,2026-04-29 stage restructure,2026-04-29 15:46:03,UPDATE
006WR00000wkBnAYAU,Solstice on the Park,StageName,Prospecting,Prospects,2026-04-29 stage restructure,2026-04-29 15:46:03,UPDATE
006WR00000wkBnBYAU,Butler Place Apartments,StageName,Prospecting,Prospects,2026-04-29 stage restructure,2026-04-29 15:46:03,UPDATE
006WR00000wkBnCYAU,Bear Creek at Hardwood,StageName,Prospecting,Prospects,2026-04-29 stage restructure,2026-04-29 15:46:03,UPDATE
006WR00000wkBnDYAU,Bell City Line,StageName,Prospecting,Prospects,2026-04-29 stage restructure,2026-04-29 15:46:03,UPDATE
006WR00000wkBnEYAU,Belmond,StageName,Prospecting,Prospects,2026-04-29 stage restructure,2026-04-29 15:46:03,UPDATE
006WR00000wkBnFYAU,Bell Tower,StageName,Prospecting,Prospects,2026-04-29 stage restructure,2026-04-29 15:46:03,UPDATE
006WR00000wkBnGYAU,Cameron Creek,StageName,Prospecting,Prospects,2026-04-29 stage restructure,2026-04-29 15:46:03,UPDATE
006WR00000wkBnHYAU,Canopy Homes,StageName,Prospecting,Prospects,2026-04-29 stage restructure,2026-04-29 15:46:03,UPDATE
006WR00000wkBnIYAU,Casa Place Apartments,StageName,Prospecting,Prospects,2026-04-29 stage restructure,2026-04-29 15:46:03,UPDATE
006WR00000wkBnJYAU,Ash Lane,StageName,Prospecting,Prospects,2026-04-29 stage restructure,2026-04-29 15:46:03,UPDATE
006WR00000wkBnKYAU,Community Place Apartments,StageName,Prospecting,Prospects,2026-04-29 stage restructure,2026-04-29 15:46:03,UPDATE
006WR00000wkBnLYAU,AAA Properties dba Chateau Apartments,StageName,Prospecting,Prospects,2026-04-29 stage restructure,2026-04-29 15:46:03,UPDATE
006WR00000wkBnMYAU,Center Point Apartments,StageName,Prospecting,Prospects,2026-04-29 stage restructure,2026-04-29 15:46:03,UPDATE
006WR00000wkBnNYAU,Bridges at Deer Run,StageName,Prospecting,Prospects,2026-04-29 stage restructure,2026-04-29 15:46:03,UPDATE
006WR00000wkBnOYAU,Clark Ridge Canyon,StageName,Prospecting,Prospects,2026-04-29 stage restructure,2026-04-29 15:46:03,UPDATE
006WR00000wkBnPYAU,Chapel Brook Apartments,StageName,Prospecting,Prospects,2026-04-29 stage restructure,2026-04-29 15:46:03,UPDATE
006WR00000wkBnQYAU,Cantera Apartment Homes,StageName,Prospecting,Prospects,2026-04-29 stage restructure,2026-04-29 15:46:03,UPDATE
006WR00000wkBnRYAU,Copperfield Village AKA Morada Victoria East,StageName,Prospecting,Prospects,2026-04-29 stage restructure,2026-04-29 15:46:03,UPDATE
006WR00000wkBnSYAU,Cornell at Midtown,StageName,Prospecting,Prospects,2026-04-29 stage restructure,2026-04-29 15:46:03,UPDATE
006WR00000wkBnTYAU,Chateau Apartments,StageName,Prospecting,Prospects,2026-04-29 stage restructure,2026-04-29 15:46:03,UPDATE
006WR00000wkBnUYAU,Chapel Creek Apartments,StageName,Prospecting,Prospects,2026-04-29 stage restructure,2026-04-29 15:46:03,UPDATE
006WR00000wkBnVYAU,Bear Grounds,StageName,Prospecting,Prospects,2026-04-29 stage restructure,2026-04-29 15:46:03,UPDATE
006WR00000wkBnWYAU,Country Club Apartments,StageName,Prospecting,Prospects,2026-04-29 stage restructure,2026-04-29 15:46:03,UPDATE
006WR00000wkBnXYAU,Chase Place,StageName,Prospecting,Prospects,2026-04-29 stage restructure,2026-04-29 15:46:03,UPDATE
006WR00000wkBnYYAU,Bent Tree Trails Apartments,StageName,Prospecting,Prospects,2026-04-29 stage restructure,2026-04-29 15:46:03,UPDATE
006WR00000wkBnZYAU,2929 Wycliff,StageName,Prospecting,Prospects,2026-04-29 stage restructure,2026-04-29 15:46:03,UPDATE
006WR00000wkBnaYAE,Bella Vista Apartments,StageName,Prospecting,Prospects,2026-04-29 stage restructure,2026-04-29 15:46:03,UPDATE
006WR00000wkBnbYAE,Crest Oasis,StageName,Prospecting,Prospects,2026-04-29 stage restructure,2026-04-29 15:46:03,UPDATE
006WR00000wkBncYAE,Central Square at Frisco Square,StageName,Prospecting,Prospects,2026-04-29 stage restructure,2026-04-29 15:46:03,UPDATE
006WR00000wkBndYAE,Abbey Glenn,StageName,Prospecting,Prospects,2026-04-29 stage restructure,2026-04-29 15:46:03,UPDATE
006WR00000wkBneYAE,Clarendale at Indian Lake,StageName,Prospecting,Prospects,2026-04-29 stage restructure,2026-04-29 15:46:03,UPDATE
006WR00000wkBnfYAE,1809 on Cox Apartments,StageName,Prospecting,Prospects,2026-04-29 stage restructure,2026-04-29 15:46:03,UPDATE
006WR00000wkBngYAE,The Delaney at Lake Waco,StageName,Prospecting,Prospects,2026-04-29 stage restructure,2026-04-29 15:46:03,UPDATE
006WR00000wkBnhYAE,Drexel Grand,StageName,Prospecting,Prospects,2026-04-29 stage restructure,2026-04-29 15:46:03,UPDATE
006WR00000wkBniYAE,The Delaney at Parkway Lakes,StageName,Prospecting,Prospects,2026-04-29 stage restructure,2026-04-29 15:46:03,UPDATE
006WR00000wkBnjYAE,Drexel Terrace,StageName,Prospecting,Prospects,2026-04-29 stage restructure,2026-04-29 15:46:03,UPDATE
006WR00000wkBnkYAE,The Delaney at South Shore,StageName,Prospecting,Prospects,2026-04-29 stage restructure,2026-04-29 15:46:03,UPDATE
006WR00000wkBnlYAE,East Park Tower,StageName,Prospecting,Prospects,2026-04-29 stage restructure,2026-04-29 15:46:03,UPDATE
006WR00000wkBnmYAE,Ellis Court,StageName,Prospecting,Prospects,2026-04-29 stage restructure,2026-04-29 15:46:03,UPDATE
006WR00000wkBnnYAE,Greenwood 5201,StageName,Prospecting,Prospects,2026-04-29 stage restructure,2026-04-29 15:46:03,UPDATE
006WR00000wkBnoYAE,Harper Court,StageName,Prospecting,Prospects,2026-04-29 stage restructure,2026-04-29 15:46:03,UPDATE
006WR00000wkBnpYAE,Adams Bend Apartments,StageName,Prospecting,Prospects,2026-04-29 stage restructure,2026-04-29 15:46:03,UPDATE
006WR00000wkBnqYAE,Kenwood Court,StageName,Prospecting,Prospects,2026-04-29 stage restructure,2026-04-29 15:46:03,UPDATE
006WR00000wkBnrYAE,Branch Creek Apartments,StageName,Prospecting,Prospects,2026-04-29 stage restructure,2026-04-29 15:46:03,UPDATE
006WR00000wkBnsYAE,Carrara at Cole33,StageName,Prospecting,Prospects,2026-04-29 stage restructure,2026-04-29 15:46:03,UPDATE
006WR00000wkBntYAE,Maple Court,StageName,Prospecting,Prospects,2026-04-29 stage restructure,2026-04-29 15:46:03,UPDATE
006WR00000wkBnuYAE,Paramour,StageName,Prospecting,Prospects,2026-04-29 stage restructure,2026-04-29 15:46:03,UPDATE
006WR00000wkBnvYAE,Ashford Apartments,StageName,Prospecting,Prospects,2026-04-29 stage restructure,2026-04-29 15:46:03,UPDATE
006WR00000wkBnwYAE,Shoreland,StageName,Prospecting,Prospects,2026-04-29 stage restructure,2026-04-29 15:46:03,UPDATE
006WR00000wkBnxYAE,Carrollton Park of North Dallas,StageName,Prospecting,Prospects,2026-04-29 stage restructure,2026-04-29 15:46:03,UPDATE
006WR00000wkBnyYAE,The Blackwood,StageName,Prospecting,Prospects,2026-04-29 stage restructure,2026-04-29 15:46:03,UPDATE
006WR00000wkBnzYAE,The Del Prado,StageName,Prospecting,Prospects,2026-04-29 stage restructure,2026-04-29 15:46:03,UPDATE
006WR00000wkBo0YAE,Andalusian Gate,StageName,Prospecting,Prospects,2026-04-29 stage restructure,2026-04-29 15:46:03,UPDATE
006WR00000wkBo1YAE,The Pepperland,StageName,Prospecting,Prospects,2026-04-29 stage restructure,2026-04-29 15:46:03,UPDATE
006WR00000wkBo2YAE,Brookhaven,StageName,Prospecting,Prospects,2026-04-29 stage restructure,2026-04-29 15:46:03,UPDATE
006WR00000wkBo3YAE,The Sutherland,StageName,Prospecting,Prospects,2026-04-29 stage restructure,2026-04-29 15:46:03,UPDATE
006WR00000wkBo4YAE,Courtney Place,StageName,Prospecting,Prospects,2026-04-29 stage restructure,2026-04-29 15:46:03,UPDATE
006WR00000wkBo5YAE,Windermere House,StageName,Prospecting,Prospects,2026-04-29 stage restructure,2026-04-29 15:46:03,UPDATE
006WR00000wkBo6YAE,Cortland Waters Edge,StageName,Prospecting,Prospects,2026-04-29 stage restructure,2026-04-29 15:46:03,UPDATE
006WR00000wkBo7YAE,Aberdeen at Bellmar,StageName,Prospecting,Prospects,2026-04-29 stage restructure,2026-04-29 15:46:03,UPDATE
006WR00000wkBo8YAE,Woodlawn Court,StageName,Prospecting,Prospects,2026-04-29 stage restructure,2026-04-29 15:46:03,UPDATE
006WR00000wkBo9YAE,Crest at Park Central,StageName,Prospecting,Prospects,2026-04-29 stage restructure,2026-04-29 15:46:03,UPDATE
006WR00000wkBoAYAU,Woodlawn Terrace,StageName,Prospecting,Prospects,2026-04-29 stage restructure,2026-04-29 15:46:03,UPDATE
006WR00000wkBoBYAU,Apple Creek,StageName,Prospecting,Prospects,2026-04-29 stage restructure,2026-04-29 15:46:03,UPDATE
006WR00000wkBoCYAU,Cortland at West Village,StageName,Prospecting,Prospects,2026-04-29 stage restructure,2026-04-29 15:46:03,UPDATE
006WR00000wkBoDYAU,Bell Katy Trail,StageName,Prospecting,Prospects,2026-04-29 stage restructure,2026-04-29 15:46:03,UPDATE
006WR00000wkBoEYAU,Cityplace Heights,StageName,Prospecting,Prospects,2026-04-29 stage restructure,2026-04-29 15:46:03,UPDATE
006WR00000wkBoFYAU,4123 Cedar Springs,StageName,Prospecting,Prospects,2026-04-29 stage restructure,2026-04-29 15:46:03,UPDATE
006WR00000wkBoGYAU,Enchanted Hills,StageName,Prospecting,Prospects,2026-04-29 stage restructure,2026-04-29 15:46:03,UPDATE
006WR00000wkBoHYAU,Woods Edge Apartments,StageName,Prospecting,Prospects,2026-04-29 stage restructure,2026-04-29 15:46:03,UPDATE
006WR00000wkBoIYAU,Darby Knox District,StageName,Prospecting,Prospects,2026-04-29 stage restructure,2026-04-29 15:46:03,UPDATE
006WR00000wkBoJYAU,Mallard Court,StageName,Prospecting,Prospects,2026-04-29 stage restructure,2026-04-29 15:46:03,UPDATE
006WR00000wkBoKYAU,7900 at Park Central,StageName,Prospecting,Prospects,2026-04-29 stage restructure,2026-04-29 15:46:03,UPDATE
006WR00000wkBoLYAU,The Village at Elkridge,StageName,Prospecting,Prospects,2026-04-29 stage restructure,2026-04-29 15:46:03,UPDATE
006WR00000wkBoMYAU,Churchill on the Park,StageName,Prospecting,Prospects,2026-04-29 stage restructure,2026-04-29 15:46:03,UPDATE
006WR00000wkBoNYAU,Austin Bluff,StageName,Prospecting,Prospects,2026-04-29 stage restructure,2026-04-29 15:46:03,UPDATE
006WR00000wkBoOYAU,Potomac Garden,StageName,Prospecting,Prospects,2026-04-29 stage restructure,2026-04-29 15:46:03,UPDATE
006WR00000wkBoPYAU,Axis at Wycliff,StageName,Prospecting,Prospects,2026-04-29 stage restructure,2026-04-29 15:46:03,UPDATE
006WR00000wkBoQYAU,Van Allen Apartments,StageName,Prospecting,Prospects,2026-04-29 stage restructure,2026-04-29 15:46:03,UPDATE
006WR00000wkBoRYAU,Sunrise Solar,StageName,Prospecting,Prospects,2026-04-29 stage restructure,2026-04-29 15:46:03,UPDATE
006WR00000wkBoSYAU,Pine Park Terrace,StageName,Prospecting,Prospects,2026-04-29 stage restructure,2026-04-29 15:46:03,UPDATE
006WR00000wkBoTYAU,Mohawk River Apartments,StageName,Prospecting,Prospects,2026-04-29 stage restructure,2026-04-29 15:46:03,UPDATE
006WR00000wkBoUYAU,Long Pond Village,StageName,Prospecting,Prospects,2026-04-29 stage restructure,2026-04-29 15:46:03,UPDATE
006WR00000wkBoVYAU,Homeroom Lofts,StageName,Prospecting,Prospects,2026-04-29 stage restructure,2026-04-29 15:46:03,UPDATE
006WR00000wkBoWYAU,Halfmoon Garden Apartments,StageName,Prospecting,Prospects,2026-04-29 stage restructure,2026-04-29 15:46:03,UPDATE
006WR00000wkBoXYAU,Grover Cleveland Apartments,StageName,Prospecting,Prospects,2026-04-29 stage restructure,2026-04-29 15:46:03,UPDATE
006WR00000wkBoYYAU,Draper Lofts,StageName,Prospecting,Prospects,2026-04-29 stage restructure,2026-04-29 15:46:03,UPDATE
006WR00000wkBoZYAU,Squaw Creek MHP,StageName,Prospecting,Prospects,2026-04-29 stage restructure,2026-04-29 15:46:03,UPDATE
006WR00000wkBoaYAE,Kently Pointe,StageName,Prospecting,Prospects,2026-04-29 stage restructure,2026-04-29 15:46:03,UPDATE
006WR00000wkBobYAE,Country Estates,StageName,Prospecting,Prospects,2026-04-29 stage restructure,2026-04-29 15:46:03,UPDATE
006WR00000wkBocYAE,The Summit,StageName,Prospecting,Prospects,2026-04-29 stage restructure,2026-04-29 15:46:03,UPDATE
006WR00000wkBodYAE,Maris Apartments,StageName,Prospecting,Prospects,2026-04-29 stage restructure,2026-04-29 15:46:03,UPDATE
006WR00000wkBoeYAE,Deer Park,StageName,Prospecting,Prospects,2026-04-29 stage restructure,2026-04-29 15:46:03,UPDATE
006WR00000wkBofYAE,Keelers Corner,StageName,Prospecting,Prospects,2026-04-29 stage restructure,2026-04-29 15:46:03,UPDATE
006WR00000wkBogYAE,Main St Flats,StageName,Prospecting,Prospects,2026-04-29 stage restructure,2026-04-29 15:46:03,UPDATE
006WR00000wkBohYAE,Thornton Place,StageName,Prospecting,Prospects,2026-04-29 stage restructure,2026-04-29 15:46:03,UPDATE
006WR00000wkBoiYAE,Washington Park Tower,StageName,Prospecting,Prospects,2026-04-29 stage restructure,2026-04-29 15:46:03,UPDATE
006WR00000wkBokYAE,Shady Creek Ranch Apartments,StageName,Prospecting,Prospects,2026-04-29 stage restructure,2026-04-29 15:46:03,UPDATE
006WR00000wkBolYAE,Apple Creek Apartments,StageName,Prospecting,Prospects,2026-04-29 stage restructure,2026-04-29 15:46:03,UPDATE
006WR00000wkBomYAE,Unnamed,StageName,Prospecting,Prospects,2026-04-29 stage restructure,2026-04-29 15:46:03,UPDATE
006WR00000wkBonYAE,Aspenwood,StageName,Prospecting,Prospects,2026-04-29 stage restructure,2026-04-29 15:46:03,UPDATE
006WR00000wkBooYAE,Parcwood,StageName,Prospecting,Prospects,2026-04-29 stage restructure,2026-04-29 15:46:03,UPDATE
006WR00000wkBopYAE,San Marquis,StageName,Prospecting,Prospects,2026-04-29 stage restructure,2026-04-29 15:46:03,UPDATE
006WR00000wkBoqYAE,Harbor Cove,StageName,Prospecting,Prospects,2026-04-29 stage restructure,2026-04-29 15:46:03,UPDATE
006WR00000wkBorYAE,La Vina,StageName,Prospecting,Prospects,2026-04-29 stage restructure,2026-04-29 15:46:03,UPDATE
006WR00000wkBosYAE,Park Hacienda,StageName,Prospecting,Prospects,2026-04-29 stage restructure,2026-04-29 15:46:03,UPDATE
006WR00000wkBotYAE,Edgewood Park,StageName,Prospecting,Prospects,2026-04-29 stage restructure,2026-04-29 15:46:03,UPDATE
006WR00000wkBouYAE,Metropolitan Park,StageName,Prospecting,Prospects,2026-04-29 stage restructure,2026-04-29 15:46:03,UPDATE
006WR00000wkBovYAE,Nightingale,StageName,Prospecting,Prospects,2026-04-29 stage restructure,2026-04-29 15:46:03,UPDATE
006WR00000wkBowYAE,Overlook at Lakemont,StageName,Prospecting,Prospects,2026-04-29 stage restructure,2026-04-29 15:46:03,UPDATE
006WR00000wkBoxYAE,Redmond Place Apartments,StageName,Prospecting,Prospects,2026-04-29 stage restructure,2026-04-29 15:46:03,UPDATE
006WR00000wkBoyYAE,Vue Kirkland,StageName,Prospecting,Prospects,2026-04-29 stage restructure,2026-04-29 15:46:03,UPDATE
006WR00000wkBozYAE,Grand Reserve,StageName,Prospecting,Prospects,2026-04-29 stage restructure,2026-04-29 15:46:03,UPDATE
006WR00000wkBp0YAE,Centreport Lake Apartments,StageName,Prospecting,Prospects,2026-04-29 stage restructure,2026-04-29 15:46:03,UPDATE
006WR00000wkBp1YAE,Whispering Pines,StageName,Prospecting,Prospects,2026-04-29 stage restructure,2026-04-29 15:46:03,UPDATE
006WR00000wkBp2YAE,College Park Apartments,StageName,Prospecting,Prospects,2026-04-29 stage restructure,2026-04-29 15:46:03,UPDATE
006WR00000wkBp3YAE,Chase Apartments,StageName,Prospecting,Prospects,2026-04-29 stage restructure,2026-04-29 15:46:03,UPDATE
006WR00000wkBp4YAE,Avocado Court,StageName,Prospecting,Prospects,2026-04-29 stage restructure,2026-04-29 15:46:03,UPDATE
006WR00000wkBp5YAE,Cedar Nettleton Apartments,StageName,Prospecting,Prospects,2026-04-29 stage restructure,2026-04-29 15:46:03,UPDATE
006WR00000wkBp6YAE,Willow Creek Apartments,StageName,Prospecting,Prospects,2026-04-29 stage restructure,2026-04-29 15:46:03,UPDATE
006WR00000wkBp9YAE,River Springs at Barge Ranch,StageName,Prospecting,Prospects,2026-04-29 stage restructure,2026-04-29 15:46:03,UPDATE
006WR00000wkBpAYAU,Oakview Apartments,StageName,Prospecting,Prospects,2026-04-29 stage restructure,2026-04-29 15:46:03,UPDATE
006WR00000wkBpBYAU,Midtown Apartments,StageName,Prospecting,Prospects,2026-04-29 stage restructure,2026-04-29 15:46:03,UPDATE
006WR00000wkBpCYAU,Grove at Nolan Creek,StageName,Prospecting,Prospects,2026-04-29 stage restructure,2026-04-29 15:46:03,UPDATE
006WR00000wkBpEYAU,University Club Apartments,StageName,Prospecting,Prospects,2026-04-29 stage restructure,2026-04-29 15:46:03,UPDATE
006WR00000wkBpFYAU,Eagle Crest Apartments,StageName,Prospecting,Prospects,2026-04-29 stage restructure,2026-04-29 15:46:03,UPDATE
006WR00000wkBpGYAU,Woodbridge Crossing,StageName,Prospecting,Prospects,2026-04-29 stage restructure,2026-04-29 15:46:03,UPDATE
006WR00000wkBpHYAU,Liberty Trails Apartments,StageName,Prospecting,Prospects,2026-04-29 stage restructure,2026-04-29 15:46:03,UPDATE
006WR00000wkBpIYAU,Oasis Apartments,StageName,Prospecting,Prospects,2026-04-29 stage restructure,2026-04-29 15:46:03,UPDATE
006WR00000wkBpJYAU,San Gabriel Crossing,StageName,Prospecting,Prospects,2026-04-29 stage restructure,2026-04-29 15:46:03,UPDATE
006WR00000wkBpKYAU,Oak Ridge,StageName,Prospecting,Prospects,2026-04-29 stage restructure,2026-04-29 15:46:03,UPDATE
006WR00000wkBpLYAU,Pecan Pointe Apartments,StageName,Prospecting,Prospects,2026-04-29 stage restructure,2026-04-29 15:46:03,UPDATE
006WR00000wkBpMYAU,Wildflower VIllas,StageName,Prospecting,Prospects,2026-04-29 stage restructure,2026-04-29 15:46:03,UPDATE
006WR00000wkBpNYAU,Exchange Sunshine Apartments,StageName,Prospecting,Prospects,2026-04-29 stage restructure,2026-04-29 15:46:03,UPDATE
006WR00000wkBpOYAU,West Avenue F Apartments,StageName,Prospecting,Prospects,2026-04-29 stage restructure,2026-04-29 15:46:03,UPDATE
006WR00000wkBpQYAU,Hunnington Townhomes,StageName,Prospecting,Prospects,2026-04-29 stage restructure,2026-04-29 15:46:03,UPDATE
006WR00000wkBpRYAU,Montrose Place Apartments,StageName,Prospecting,Prospects,2026-04-29 stage restructure,2026-04-29 15:46:03,UPDATE
006WR00000wkBpSYAU,Stubblefield Park,StageName,Prospecting,Prospects,2026-04-29 stage restructure,2026-04-29 15:46:03,UPDATE
006WR00000wkBpTYAU,MAA Willow Creek,StageName,Prospecting,Prospects,2026-04-29 stage restructure,2026-04-29 15:46:03,UPDATE
006WR00000wkBpUYAU,MAA Shoal Creek,StageName,Prospecting,Prospects,2026-04-29 stage restructure,2026-04-29 15:46:03,UPDATE
006WR00000wkBpVYAU,MAA Windmill Hill,StageName,Prospecting,Prospects,2026-04-29 stage restructure,2026-04-29 15:46:03,UPDATE
006WR00000wkBpWYAU,Station 42,StageName,Prospecting,Prospects,2026-04-29 stage restructure,2026-04-29 15:46:03,UPDATE
006WR00000wkBpXYAU,The Atlantic at Kessler Park,StageName,Prospecting,Prospects,2026-04-29 stage restructure,2026-04-29 15:46:03,UPDATE
006WR00000wkBpYYAU,Lakeside Apartments,StageName,Prospecting,Prospects,2026-04-29 stage restructure,2026-04-29 15:46:03,UPDATE
006WR00000wkBpZYAU,The Greens at Hickory Trail,StageName,Prospecting,Prospects,2026-04-29 stage restructure,2026-04-29 15:46:03,UPDATE
006WR00000wkBpaYAE,Gabriella,StageName,Prospecting,Prospects,2026-04-29 stage restructure,2026-04-29 15:46:03,UPDATE
006WR00000wkBpbYAE,Harlowe,StageName,Prospecting,Prospects,2026-04-29 stage restructure,2026-04-29 15:46:03,UPDATE
006WR00000wkBpcYAE,Trinity Union Apartments,StageName,Prospecting,Prospects,2026-04-29 stage restructure,2026-04-29 15:46:03,UPDATE
006WR00000wkBpdYAE,Westdale Hills - Doral,StageName,Prospecting,Prospects,2026-04-29 stage restructure,2026-04-29 15:46:03,UPDATE
006WR00000wkBpeYAE,The Retreat at River Ranch Apartments,StageName,Prospecting,Prospects,2026-04-29 stage restructure,2026-04-29 15:46:03,UPDATE
006WR00000wkBpfYAE,The Barcelona on Chisholm Trail Apartments,StageName,Prospecting,Prospects,2026-04-29 stage restructure,2026-04-29 15:46:03,UPDATE
006WR00000wkBpgYAE,Marine Creek Apartments,StageName,Prospecting,Prospects,2026-04-29 stage restructure,2026-04-29 15:46:03,UPDATE
006WR00000wkBphYAE,Southern Oaks Apartments,StageName,Prospecting,Prospects,2026-04-29 stage restructure,2026-04-29 15:46:03,UPDATE
006WR00000wkBpiYAE,The Creek on Calloway Apartments,StageName,Prospecting,Prospects,2026-04-29 stage restructure,2026-04-29 15:46:03,UPDATE
006WR00000wkBpjYAE,The Sadie Apartments,StageName,Prospecting,Prospects,2026-04-29 stage restructure,2026-04-29 15:46:03,UPDATE
006WR00000wkBpkYAE,The Drake on Summit Apartments,StageName,Prospecting,Prospects,2026-04-29 stage restructure,2026-04-29 15:46:03,UPDATE
006WR00000wkBplYAE,Eastbank at Waterside,StageName,Prospecting,Prospects,2026-04-29 stage restructure,2026-04-29 15:46:03,UPDATE
006WR00000wkBpnYAE,Tides on Post Oak Apartments,StageName,Prospecting,Prospects,2026-04-29 stage restructure,2026-04-29 15:46:03,UPDATE
006WR00000wkBpoYAE,The Chisholm Apartments,StageName,Prospecting,Prospects,2026-04-29 stage restructure,2026-04-29 15:46:03,UPDATE
006WR00000wkBppYAE,The Jameson at the Bluffs Apartments,StageName,Prospecting,Prospects,2026-04-29 stage restructure,2026-04-29 15:46:03,UPDATE
006WR00000wkBpqYAE,The Cooper Apartments,StageName,Prospecting,Prospects,2026-04-29 stage restructure,2026-04-29 15:46:03,UPDATE
006WR00000wkBprYAE,The Kelton at Clearfork,StageName,Prospecting,Prospects,2026-04-29 stage restructure,2026-04-29 15:46:03,UPDATE
006WR00000wkBpsYAE,The Davis Apartments,StageName,Prospecting,Prospects,2026-04-29 stage restructure,2026-04-29 15:46:03,UPDATE
006WR00000wkBptYAE,Oxford at Lake Worth Apartments,StageName,Prospecting,Prospects,2026-04-29 stage restructure,2026-04-29 15:46:03,UPDATE
006WR00000wkBpuYAE,The George,StageName,Prospecting,Prospects,2026-04-29 stage restructure,2026-04-29 15:46:03,UPDATE
006WR00000wkBpvYAE,Park West Apartments,StageName,Prospecting,Prospects,2026-04-29 stage restructure,2026-04-29 15:46:03,UPDATE
006WR00000wkBpwYAE,Mission Pointe Club,StageName,Prospecting,Prospects,2026-04-29 stage restructure,2026-04-29 15:46:03,UPDATE
006WR00000wkBpxYAE,Kendall Villas,StageName,Prospecting,Prospects,2026-04-29 stage restructure,2026-04-29 15:46:03,UPDATE
006WR00000wkBpyYAE,Station 121 at Town Center,StageName,Prospecting,Prospects,2026-04-29 stage restructure,2026-04-29 15:46:03,UPDATE
006WR00000wkBpzYAE,Linda Drive Apartments,StageName,Prospecting,Prospects,2026-04-29 stage restructure,2026-04-29 15:46:03,UPDATE
006WR00000wkBq0YAE,Mercer 1900 Apartments,StageName,Prospecting,Prospects,2026-04-29 stage restructure,2026-04-29 15:46:03,UPDATE
006WR00000wkBq1YAE,The Bluffs Apartments,StageName,Prospecting,Prospects,2026-04-29 stage restructure,2026-04-29 15:46:03,UPDATE
006WR00000wkBq2YAE,Montfort Place,StageName,Prospecting,Prospects,2026-04-29 stage restructure,2026-04-29 15:46:03,UPDATE
006WR00000wkBq3YAE,Eden Park at Bear Creek,StageName,Prospecting,Prospects,2026-04-29 stage restructure,2026-04-29 15:46:03,UPDATE
006WR00000wkBq4YAE,Virtue on Azalea,StageName,Prospecting,Prospects,2026-04-29 stage restructure,2026-04-29 15:46:03,UPDATE
006WR00000wkBq6YAE,Village on Pepper Creek,StageName,Prospecting,Prospects,2026-04-29 stage restructure,2026-04-29 15:46:03,UPDATE
006WR00000wkBq7YAE,Villa Del Mar,StageName,Prospecting,Prospects,2026-04-29 stage restructure,2026-04-29 15:46:03,UPDATE
006WR00000wkBq8YAE,The Preserve at Willow Park,StageName,Prospecting,Prospects,2026-04-29 stage restructure,2026-04-29 15:46:03,UPDATE
006WR00000wkBq9YAE,Neuhaus Lake Worth,StageName,Prospecting,Prospects,2026-04-29 stage restructure,2026-04-29 15:46:03,UPDATE
006WR00000wkBqAYAU,The Bricks on 13th,StageName,Prospecting,Prospects,2026-04-29 stage restructure,2026-04-29 15:46:03,UPDATE
006WR00000wkBqBYAU,Parks at Addison Apartments,StageName,Prospecting,Prospects,2026-04-29 stage restructure,2026-04-29 15:46:03,UPDATE
006WR00000wkBqCYAU,Woodchase Apartments,StageName,Prospecting,Prospects,2026-04-29 stage restructure,2026-04-29 15:46:03,UPDATE
006WR00000wkBqDYAU,Merrit McGowan Manor,StageName,Prospecting,Prospects,2026-04-29 stage restructure,2026-04-29 15:46:03,UPDATE
006WR00000wkBqEYAU,The Atlantic Highland Park,StageName,Prospecting,Prospects,2026-04-29 stage restructure,2026-04-29 15:46:03,UPDATE
006WR00000wkBqFYAU,The Langford,StageName,Prospecting,Prospects,2026-04-29 stage restructure,2026-04-29 15:46:03,UPDATE
006WR00000wkBqGYAU,Parc Plaza,StageName,Prospecting,Prospects,2026-04-29 stage restructure,2026-04-29 15:46:03,UPDATE
006WR00000wkC6PYAU,The Caruth,StageName,Prospecting,Prospects,2026-04-29 stage restructure,2026-04-29 15:46:03,UPDATE
006WR00000wkC6QYAU,Jefferson Innova,StageName,Prospecting,Prospects,2026-04-29 stage restructure,2026-04-29 15:46:03,UPDATE
006WR00000wkC6RYAU,Gables Uptown Trail,StageName,Prospecting,Prospects,2026-04-29 stage restructure,2026-04-29 15:46:03,UPDATE
006WR00000wkC6SYAU,Strata,StageName,Prospecting,Prospects,2026-04-29 stage restructure,2026-04-29 15:46:03,UPDATE
006WR00000wkC6TYAU,Indie Deep Ellum,StageName,Prospecting,Prospects,2026-04-29 stage restructure,2026-04-29 15:46:03,UPDATE
006WR00000wkC6UYAU,Victorian,StageName,Prospecting,Prospects,2026-04-29 stage restructure,2026-04-29 15:46:03,UPDATE
006WR00000wkC6WYAU,St. Charles Place,StageName,Prospecting,Prospects,2026-04-29 stage restructure,2026-04-29 15:46:03,UPDATE
006WR00000wkC6XYAU,Swivel,StageName,Prospecting,Prospects,2026-04-29 stage restructure,2026-04-29 15:46:03,UPDATE
006WR00000wkC6YYAU,The Centerline Apartments,StageName,Prospecting,Prospects,2026-04-29 stage restructure,2026-04-29 15:46:03,UPDATE
006WR00000wkC6ZYAU,Ocean Hills 55+,StageName,Prospecting,Prospects,2026-04-29 stage restructure,2026-04-29 15:46:03,UPDATE
006WR00000wkC6aYAE,Immanuel Village,StageName,Prospecting,Prospects,2026-04-29 stage restructure,2026-04-29 15:46:03,UPDATE
006WR00000wkC6bYAE,Willows Apartments,StageName,Prospecting,Prospects,2026-04-29 stage restructure,2026-04-29 15:46:03,UPDATE
006WR00000wkC6cYAE,Richland Park Apartments,StageName,Prospecting,Prospects,2026-04-29 stage restructure,2026-04-29 15:46:03,UPDATE
006WR00000wkC6dYAE,Steeplechase On Maple,StageName,Prospecting,Prospects,2026-04-29 stage restructure,2026-04-29 15:46:03,UPDATE
006WR00000wkC6eYAE,LivDomo 1,StageName,Prospecting,Prospects,2026-04-29 stage restructure,2026-04-29 15:46:03,UPDATE
006WR00000wkC6fYAE,LivDomo 2,StageName,Prospecting,Prospects,2026-04-29 stage restructure,2026-04-29 15:46:03,UPDATE
006WR00000wkC6gYAE,LivDomo 3,StageName,Prospecting,Prospects,2026-04-29 stage restructure,2026-04-29 15:46:03,UPDATE
006WR00000wkC6hYAE,LivDomo 4,StageName,Prospecting,Prospects,2026-04-29 stage restructure,2026-04-29 15:46:03,UPDATE
006WR00000wkC6iYAE,LivDomo 5,StageName,Prospecting,Prospects,2026-04-29 stage restructure,2026-04-29 15:46:03,UPDATE
006WR00000wkC6jYAE,LivDomo 7,StageName,Prospecting,Prospects,2026-04-29 stage restructure,2026-04-29 15:46:03,UPDATE
006WR00000wkC6kYAE,Somerset Court,StageName,Prospecting,Prospects,2026-04-29 stage restructure,2026-04-29 15:46:03,UPDATE
006WR00000wkC6lYAE,Robin Hill,StageName,Prospecting,Prospects,2026-04-29 stage restructure,2026-04-29 15:46:03,UPDATE
006WR00000wkC6mYAE,Park Mesa,StageName,Prospecting,Prospects,2026-04-29 stage restructure,2026-04-29 15:46:03,UPDATE
006WR00000wkC6nYAE,The Oaks Apartments,StageName,Prospecting,Prospects,2026-04-29 stage restructure,2026-04-29 15:46:03,UPDATE
006WR00000wkC6oYAE,The Piedmont,StageName,Prospecting,Prospects,2026-04-29 stage restructure,2026-04-29 15:46:03,UPDATE
006WR00000wkC6pYAE,Vero,StageName,Prospecting,Prospects,2026-04-29 stage restructure,2026-04-29 15:46:03,UPDATE
006WR00000wkC6qYAE,Ten01 on the Lake,StageName,Prospecting,Prospects,2026-04-29 stage restructure,2026-04-29 15:46:03,UPDATE
006WR00000wkC6rYAE,The Access,StageName,Prospecting,Prospects,2026-04-29 stage restructure,2026-04-29 15:46:03,UPDATE
006WR00000wkC6sYAE,Sandshell At Fossil Creek,StageName,Prospecting,Prospects,2026-04-29 stage restructure,2026-04-29 15:46:03,UPDATE
006WR00000wkC6tYAE,Madison Apartments,StageName,Prospecting,Prospects,2026-04-29 stage restructure,2026-04-29 15:46:03,UPDATE
006WR00000wkC6uYAE,Oak Knoll Villas,StageName,Prospecting,Prospects,2026-04-29 stage restructure,2026-04-29 15:46:03,UPDATE
006WR00000wkC6vYAE,Park View Terrace,StageName,Prospecting,Prospects,2026-04-29 stage restructure,2026-04-29 15:46:03,UPDATE
006WR00000wkC6wYAE,The Avenue at Carlsbad,StageName,Prospecting,Prospects,2026-04-29 stage restructure,2026-04-29 15:46:03,UPDATE
006WR00000wkC6xYAE,Terra Pointe Apartments,StageName,Prospecting,Prospects,2026-04-29 stage restructure,2026-04-29 15:46:03,UPDATE
006WR00000wkC6zYAE,Indian Creek,StageName,Prospecting,Prospects,2026-04-29 stage restructure,2026-04-29 15:46:03,UPDATE
006WR00000wkC70YAE,Mac's Mobile Home Park/ Twin Oaks II,StageName,Prospecting,Prospects,2026-04-29 stage restructure,2026-04-29 15:46:03,UPDATE
006WR00000wkC71YAE,Horizon House [LOST],StageName,Prospecting,Prospects,2026-04-29 stage restructure,2026-04-29 15:46:03,UPDATE
006WR00000wkC72YAE,Riviera Mobile Home & RV Park,StageName,Prospecting,Prospects,2026-04-29 stage restructure,2026-04-29 15:46:03,UPDATE
006WR00000wkC73YAE,Loveland by Broadmoor,StageName,Prospecting,Prospects,2026-04-29 stage restructure,2026-04-29 15:46:03,UPDATE
006WR00000wkC74YAE,Shamrock Trailer Park,StageName,Prospecting,Prospects,2026-04-29 stage restructure,2026-04-29 15:46:03,UPDATE
006WR00000wkC75YAE,Sea Aire Mobile Park,StageName,Prospecting,Prospects,2026-04-29 stage restructure,2026-04-29 15:46:03,UPDATE
006WR00000wkC7CYAU,Highlander,StageName,Prospecting,Prospects,2026-04-29 stage restructure,2026-04-29 15:46:03,UPDATE
006WR00000wkC7DYAU,Hidden Hills Apartments,StageName,Prospecting,Prospects,2026-04-29 stage restructure,2026-04-29 15:46:03,UPDATE
006WR00000wkC7EYAU,Green Oak Villas,StageName,Prospecting,Prospects,2026-04-29 stage restructure,2026-04-29 15:46:03,UPDATE
006WR00000wkC7FYAU,Green Valley MHP,StageName,Prospecting,Prospects,2026-04-29 stage restructure,2026-04-29 15:46:03,UPDATE
006WR00000wkC7IYAU,LivDomo 6,StageName,Prospecting,Prospects,2026-04-29 stage restructure,2026-04-29 15:46:03,UPDATE
006WR00000wkC7KYAU,Lindenwood Court Apartments,StageName,Prospecting,Prospects,2026-04-29 stage restructure,2026-04-29 15:46:03,UPDATE
006WR00000wkC7PYAU,Waterworks Condos,StageName,Prospecting,Prospects,2026-04-29 stage restructure,2026-04-29 15:46:03,UPDATE
006WR00000wkC7QYAU,Marlborough Mesa Villas,StageName,Prospecting,Prospects,2026-04-29 stage restructure,2026-04-29 15:46:03,UPDATE
006WR00000wkC7RYAU,Graysill Casitas,StageName,Prospecting,Prospects,2026-04-29 stage restructure,2026-04-29 15:46:03,UPDATE
006WR00000wkC7SYAU,S Karmella Trailer Park,StageName,Prospecting,Prospects,2026-04-29 stage restructure,2026-04-29 15:46:03,UPDATE
006WR00000wkC7TYAU,Alma Gardens Mobile Home and RV Park,StageName,Prospecting,Prospects,2026-04-29 stage restructure,2026-04-29 15:46:03,UPDATE
006WR00000wkC7UYAU,Mesa Summit Apartments,StageName,Prospecting,Prospects,2026-04-29 stage restructure,2026-04-29 15:46:03,UPDATE
006WR00000wkC7VYAU,The PLace at El Prado,StageName,Prospecting,Prospects,2026-04-29 stage restructure,2026-04-29 15:46:03,UPDATE
006WR00000wkC7WYAU,Westmount at Urban Trails,StageName,Prospecting,Prospects,2026-04-29 stage restructure,2026-04-29 15:46:03,UPDATE
006WR00000wkC7XYAU,Villas Mesa 2,StageName,Prospecting,Prospects,2026-04-29 stage restructure,2026-04-29 15:46:03,UPDATE
006WR00000wkC7YYAU,Westmount at The District Apartments,StageName,Prospecting,Prospects,2026-04-29 stage restructure,2026-04-29 15:46:03,UPDATE
006WR00000wkC7ZYAU,The Carondelet,StageName,Prospecting,Prospects,2026-04-29 stage restructure,2026-04-29 15:46:03,UPDATE
006WR00000wkC7aYAE,Butler Ridge,StageName,Prospecting,Prospects,2026-04-29 stage restructure,2026-04-29 15:46:03,UPDATE
006WR00000wkC7bYAE,Val Vista Villages RV Park & Resort,StageName,Prospecting,Prospects,2026-04-29 stage restructure,2026-04-29 15:46:03,UPDATE
006WR00000wkC7cYAE,Towerpoint RV Resort,StageName,Prospecting,Prospects,2026-04-29 stage restructure,2026-04-29 15:46:03,UPDATE
006WR00000wkC7dYAE,Mesa Regal Rv Resort,StageName,Prospecting,Prospects,2026-04-29 stage restructure,2026-04-29 15:46:03,UPDATE
006WR00000wkC7eYAE,The Citadel,StageName,Prospecting,Prospects,2026-04-29 stage restructure,2026-04-29 15:46:03,UPDATE
006WR00000wkC7fYAE,Vista Grove,StageName,Prospecting,Prospects,2026-04-29 stage restructure,2026-04-29 15:46:03,UPDATE
006WR00000wkC7gYAE,Waylon Desert Haven,StageName,Prospecting,Prospects,2026-04-29 stage restructure,2026-04-29 15:46:03,UPDATE
006WR00000wkC7hYAE,Patio Gardens MHP,StageName,Prospecting,Prospects,2026-04-29 stage restructure,2026-04-29 15:46:03,UPDATE
006WR00000wkC7iYAE,Rambler Mobile Home Park,StageName,Prospecting,Prospects,2026-04-29 stage restructure,2026-04-29 15:46:03,UPDATE
006WR00000wkC7jYAE,Talise Apartments,StageName,Prospecting,Prospects,2026-04-29 stage restructure,2026-04-29 15:46:03,UPDATE
006WR00000wkC7kYAE,San Cierra,StageName,Prospecting,Prospects,2026-04-29 stage restructure,2026-04-29 15:46:03,UPDATE
006WR00000wkC7lYAE,Waterford at Superstition Springs,StageName,Prospecting,Prospects,2026-04-29 stage restructure,2026-04-29 15:46:03,UPDATE
006WR00000wkC7mYAE,Cabrillo Pointe,StageName,Prospecting,Prospects,2026-04-29 stage restructure,2026-04-29 15:46:03,UPDATE
006WR00000wkC7nYAE,Biscayne Bay,StageName,Prospecting,Prospects,2026-04-29 stage restructure,2026-04-29 15:46:03,UPDATE
006WR00000wkC7oYAE,Reflections at Red Mountain,StageName,Prospecting,Prospects,2026-04-29 stage restructure,2026-04-29 15:46:03,UPDATE
006WR00000wkC7pYAE,Mirada at the Islands,StageName,Prospecting,Prospects,2026-04-29 stage restructure,2026-04-29 15:46:03,UPDATE
006WR00000wkC7qYAE,Lunar Bear 454 West,StageName,Prospecting,Prospects,2026-04-29 stage restructure,2026-04-29 15:46:03,UPDATE
006WR00000wkC7rYAE,Mesa Shadows Mobile Home Park,StageName,Prospecting,Prospects,2026-04-29 stage restructure,2026-04-29 15:46:03,UPDATE
006WR00000wkC7sYAE,Brentwood West,StageName,Prospecting,Prospects,2026-04-29 stage restructure,2026-04-29 15:46:03,UPDATE
006WR00000wkC7tYAE,Woodstream Village Apartments,StageName,Prospecting,Prospects,2026-04-29 stage restructure,2026-04-29 15:46:03,UPDATE
006WR00000wkC7uYAE,Sonoran Palms Apartments,StageName,Prospecting,Prospects,2026-04-29 stage restructure,2026-04-29 15:46:03,UPDATE
006WR00000wkC7vYAE,Burnett Place Apartments,StageName,Prospecting,Prospects,2026-04-29 stage restructure,2026-04-29 15:46:03,UPDATE
006WR00000wkC7wYAE,The Grove Independent Living,StageName,Prospecting,Prospects,2026-04-29 stage restructure,2026-04-29 15:46:03,UPDATE
006WR00000wkC7xYAE,Chateau West Apartments,StageName,Prospecting,Prospects,2026-04-29 stage restructure,2026-04-29 15:46:03,UPDATE
006WR00000wkC7yYAE,Quail Run Apartments,StageName,Prospecting,Prospects,2026-04-29 stage restructure,2026-04-29 15:46:03,UPDATE
006WR00000wkC7zYAE,Williamsburg Townhomes and Apartments,StageName,Prospecting,Prospects,2026-04-29 stage restructure,2026-04-29 15:46:03,UPDATE
006WR00000wkC80YAE,StoneGate Estates Mobile Home Community,StageName,Prospecting,Prospects,2026-04-29 stage restructure,2026-04-29 15:46:03,UPDATE
006WR00000wkC81YAE,The Village at Fox Creek,StageName,Prospecting,Prospects,2026-04-29 stage restructure,2026-04-29 15:46:03,UPDATE
006WR00000wkC82YAE,San Fernando Apartments,StageName,Prospecting,Prospects,2026-04-29 stage restructure,2026-04-29 15:46:03,UPDATE
006WR00000wkCjCYAU,Villas of Omaha at Butler Ridge,StageName,Prospecting,Prospects,2026-04-29 stage restructure,2026-04-29 15:46:03,UPDATE
006WR00000wkCjDYAU,Villa Vinee Apartments,StageName,Prospecting,Prospects,2026-04-29 stage restructure,2026-04-29 15:46:03,UPDATE
006WR00000wkCjEYAU,Sedona Springs,StageName,Prospecting,Prospects,2026-04-29 stage restructure,2026-04-29 15:46:03,UPDATE
006WR00000wkCjFYAU,La Mesa Grande Condominiums,StageName,Prospecting,Prospects,2026-04-29 stage restructure,2026-04-29 15:46:03,UPDATE
006WR00000wkCjHYAU,Rancho San Luis Rey 55+,StageName,Prospecting,Prospects,2026-04-29 stage restructure,2026-04-29 15:46:03,UPDATE
006WR00000wkCjIYAU,Val Vista Gardens,StageName,Prospecting,Prospects,2026-04-29 stage restructure,2026-04-29 15:46:03,UPDATE
006WR00000wkCjJYAU,View at Catalina Apartments,StageName,Prospecting,Prospects,2026-04-29 stage restructure,2026-04-29 15:46:03,UPDATE
006WR00000wkCjKYAU,Argenta Apartments,StageName,Prospecting,Prospects,2026-04-29 stage restructure,2026-04-29 15:46:03,UPDATE
006WR00000wkCjLYAU,Parker Place (Just off Post) Apartments,StageName,Prospecting,Prospects,2026-04-29 stage restructure,2026-04-29 15:46:03,UPDATE
006WR00000wkCjMYAU,Gardens of Taylor,StageName,Prospecting,Prospects,2026-04-29 stage restructure,2026-04-29 15:46:03,UPDATE
006WR00000wkCjNYAU,Sonoran Reserve,StageName,Prospecting,Prospects,2026-04-29 stage restructure,2026-04-29 15:46:03,UPDATE
006WR00000wkCjOYAU,Northpoint Villas,StageName,Prospecting,Prospects,2026-04-29 stage restructure,2026-04-29 15:46:03,UPDATE
006WR00000wkCjPYAU,Century Plaza,StageName,Prospecting,Prospects,2026-04-29 stage restructure,2026-04-29 15:46:03,UPDATE
006WR00000wkCjQYAU,Southridge Apartments,StageName,Prospecting,Prospects,2026-04-29 stage restructure,2026-04-29 15:46:03,UPDATE
006WR00000wkCjRYAU,Palm Gardens,StageName,Prospecting,Prospects,2026-04-29 stage restructure,2026-04-29 15:46:03,UPDATE
006WR00000wkCjSYAU,Apache East,StageName,Prospecting,Prospects,2026-04-29 stage restructure,2026-04-29 15:46:03,UPDATE
006WR00000wkCjTYAU,Copper Village,StageName,Prospecting,Prospects,2026-04-29 stage restructure,2026-04-29 15:46:03,UPDATE
006WR00000wkCjUYAU,Desert Skies,StageName,Prospecting,Prospects,2026-04-29 stage restructure,2026-04-29 15:46:03,UPDATE
006WR00000wkCjVYAU,215 N Power Rd,StageName,Prospecting,Prospects,2026-04-29 stage restructure,2026-04-29 15:46:03,UPDATE
006WR00000wkCjWYAU,Paradise Cove at the Islands,StageName,Prospecting,Prospects,2026-04-29 stage restructure,2026-04-29 15:46:03,UPDATE
006WR00000wkCjXYAU,Windsor Park,StageName,Prospecting,Prospects,2026-04-29 stage restructure,2026-04-29 15:46:03,UPDATE
006WR00000wkCjYYAU,Carefree Manor,StageName,Prospecting,Prospects,2026-04-29 stage restructure,2026-04-29 15:46:03,UPDATE
006WR00000wkCjZYAU,Sabino Vista II,StageName,Prospecting,Prospects,2026-04-29 stage restructure,2026-04-29 15:46:03,UPDATE
006WR00000wkCjaYAE,Campbell Ranch on Roger,StageName,Prospecting,Prospects,2026-04-29 stage restructure,2026-04-29 15:46:03,UPDATE
006WR00000wkCjbYAE,Sabino Vista I,StageName,Prospecting,Prospects,2026-04-29 stage restructure,2026-04-29 15:46:03,UPDATE
006WR00000wkCjcYAE,Deerfield Village on Fort Lowell,StageName,Prospecting,Prospects,2026-04-29 stage restructure,2026-04-29 15:46:03,UPDATE
006WR00000wkCjdYAE,Arcadia Park Apartments,StageName,Prospecting,Prospects,2026-04-29 stage restructure,2026-04-29 15:46:03,UPDATE
006WR00000wkCjeYAE,Capistrano Apartments,StageName,Prospecting,Prospects,2026-04-29 stage restructure,2026-04-29 15:46:03,UPDATE
006WR00000wkCjfYAE,Stone Hill Apartments,StageName,Prospecting,Prospects,2026-04-29 stage restructure,2026-04-29 15:46:03,UPDATE
006WR00000wkCjgYAE,Estates of Bridgeport,StageName,Prospecting,Prospects,2026-04-29 stage restructure,2026-04-29 15:46:03,UPDATE
006WR00000wkCjhYAE,TAYLOR_MDU_DEBUS_APTS AKA Boxwoods at Taylor Condo Community,StageName,Prospecting,Prospects,2026-04-29 stage restructure,2026-04-29 15:46:03,UPDATE
006WR00000wkCjiYAE,Sandstone Dr Townhomes,StageName,Prospecting,Prospects,2026-04-29 stage restructure,2026-04-29 15:46:03,UPDATE
006WR00000wkCjjYAE,Irvington Heights,StageName,Prospecting,Prospects,2026-04-29 stage restructure,2026-04-29 15:46:03,UPDATE
006WR00000wkCjkYAE,Valley of Dreams MHP,StageName,Prospecting,Prospects,2026-04-29 stage restructure,2026-04-29 15:46:03,UPDATE
006WR00000wkCjlYAE,Cantebria Senior Homes,StageName,Prospecting,Prospects,2026-04-29 stage restructure,2026-04-29 15:46:03,UPDATE
006WR00000wkCjmYAE,Spyglass Point,StageName,Prospecting,Prospects,2026-04-29 stage restructure,2026-04-29 15:46:03,UPDATE
006WR00000wkCjnYAE,Sixth Green Townhomes,StageName,Prospecting,Prospects,2026-04-29 stage restructure,2026-04-29 15:46:03,UPDATE
006WR00000wkCjoYAE,Woodgate Townhomes,StageName,Prospecting,Prospects,2026-04-29 stage restructure,2026-04-29 15:46:03,UPDATE
006WR00000wkCjpYAE,Steven's Manor Townhomes,StageName,Prospecting,Prospects,2026-04-29 stage restructure,2026-04-29 15:46:03,UPDATE
006WR00000wkCjqYAE,Hillside Rows Apts,StageName,Prospecting,Prospects,2026-04-29 stage restructure,2026-04-29 15:46:03,UPDATE
006WR00000wkCjrYAE,Su Casa Por Cortez Apartments Community Housing,StageName,Prospecting,Prospects,2026-04-29 stage restructure,2026-04-29 15:46:03,UPDATE
006WR00000wkCjsYAE,Vaughan Manor Apartments,StageName,Prospecting,Prospects,2026-04-29 stage restructure,2026-04-29 15:46:03,UPDATE
006WR00000wkCjtYAE,The Canyons at Linda Vista Trail,StageName,Prospecting,Prospects,2026-04-29 stage restructure,2026-04-29 15:46:03,UPDATE
006WR00000wkCjvYAE,Pima Canyon,StageName,Prospecting,Prospects,2026-04-29 stage restructure,2026-04-29 15:46:03,UPDATE
006WR00000wkCjwYAE,Villas at San Dorado,StageName,Prospecting,Prospects,2026-04-29 stage restructure,2026-04-29 15:46:03,UPDATE
006WR00000wkCjyYAE,Las Palmas Apartments,StageName,Prospecting,Prospects,2026-04-29 stage restructure,2026-04-29 15:46:03,UPDATE
006WR00000wkCjzYAE,The Golf Villas at Oro Valley,StageName,Prospecting,Prospects,2026-04-29 stage restructure,2026-04-29 15:46:03,UPDATE
006WR00000wkCk0YAE,Oro Vista Apartments,StageName,Prospecting,Prospects,2026-04-29 stage restructure,2026-04-29 15:46:03,UPDATE
006WR00000wkCk8YAE,Bridgewood Townhomes,StageName,Prospecting,Prospects,2026-04-29 stage restructure,2026-04-29 15:46:03,UPDATE
006WR00000wkCk9YAE,Vista Ridge,StageName,Prospecting,Prospects,2026-04-29 stage restructure,2026-04-29 15:46:03,UPDATE
006WR00000wkCkAYAU,Florence Towers,StageName,Prospecting,Prospects,2026-04-29 stage restructure,2026-04-29 15:46:03,UPDATE
006WR00000wkCkBYAU,Evans Tower,StageName,Prospecting,Prospects,2026-04-29 stage restructure,2026-04-29 15:46:03,UPDATE
006WR00000wkCkCYAU,Tre Allagio Condominium,StageName,Prospecting,Prospects,2026-04-29 stage restructure,2026-04-29 15:46:03,UPDATE
006WR00000wkCkDYAU,North Chandler Place,StageName,Prospecting,Prospects,2026-04-29 stage restructure,2026-04-29 15:46:03,UPDATE
006WR00000wkCkEYAU,Harbor Cove HOA,StageName,Prospecting,Prospects,2026-04-29 stage restructure,2026-04-29 15:46:03,UPDATE
006WR00000wkCkFYAU,Villas Las Toronjas II,StageName,Prospecting,Prospects,2026-04-29 stage restructure,2026-04-29 15:46:03,UPDATE
006WR00000wkCkGYAU,Huntington Park Apartments,StageName,Prospecting,Prospects,2026-04-29 stage restructure,2026-04-29 15:46:03,UPDATE
006WR00000wkCkHYAU,Villas las Naranjas,StageName,Prospecting,Prospects,2026-04-29 stage restructure,2026-04-29 15:46:03,UPDATE
006WR00000wkCkIYAU,Ocotillo Apartments,StageName,Prospecting,Prospects,2026-04-29 stage restructure,2026-04-29 15:46:03,UPDATE
006WR00000wkCkJYAU,El Conquistador Apartments,StageName,Prospecting,Prospects,2026-04-29 stage restructure,2026-04-29 15:46:03,UPDATE
006WR00000wkCkKYAU,Villas las Mandarinas,StageName,Prospecting,Prospects,2026-04-29 stage restructure,2026-04-29 15:46:03,UPDATE
006WR00000wkCkLYAU,Villas del Paraiso,StageName,Prospecting,Prospects,2026-04-29 stage restructure,2026-04-29 15:46:03,UPDATE
006WR00000wkCkMYAU,The Royal El Con Apartments,StageName,Prospecting,Prospects,2026-04-29 stage restructure,2026-04-29 15:46:03,UPDATE
006WR00000wkCkNYAU,Presidio Palms,StageName,Prospecting,Prospects,2026-04-29 stage restructure,2026-04-29 15:46:03,UPDATE
006WR00000wkCkOYAU,Council House Apartments,StageName,Prospecting,Prospects,2026-04-29 stage restructure,2026-04-29 15:46:03,UPDATE
006WR00000wkCkPYAU,San Marquis,StageName,Prospecting,Prospects,2026-04-29 stage restructure,2026-04-29 15:46:03,UPDATE
006WR00000wkCkQYAU,Villas las Toronjas I,StageName,Prospecting,Prospects,2026-04-29 stage restructure,2026-04-29 15:46:03,UPDATE
006WR00000wkCkRYAU,Palm Shadows Apartments - Tucson,StageName,Prospecting,Prospects,2026-04-29 stage restructure,2026-04-29 15:46:03,UPDATE
006WR00000wkCkSYAU,Sahara Apartments,StageName,Prospecting,Prospects,2026-04-29 stage restructure,2026-04-29 15:46:03,UPDATE
006WR00000wkCkTYAU,Villas de la Montaña,StageName,Prospecting,Prospects,2026-04-29 stage restructure,2026-04-29 15:46:03,UPDATE
006WR00000wkCkUYAU,Country Club Apartments - Tucson,StageName,Prospecting,Prospects,2026-04-29 stage restructure,2026-04-29 15:46:03,UPDATE
006WR00000wkCkVYAU,Villas Las Cerezas,StageName,Prospecting,Prospects,2026-04-29 stage restructure,2026-04-29 15:46:03,UPDATE
006WR00000wkCkWYAU,Liberty Landing Apartments,StageName,Prospecting,Prospects,2026-04-29 stage restructure,2026-04-29 15:46:03,UPDATE
006WR00000wkCkXYAU,Mesa_MDU_FiestaRVR,StageName,Prospecting,Prospects,2026-04-29 stage restructure,2026-04-29 15:46:03,UPDATE
006WR00000wkCkYYAU,Mesa_MDU_Greenfields Assisted Living,StageName,Prospecting,Prospects,2026-04-29 stage restructure,2026-04-29 15:46:03,UPDATE
006WR00000wkCkZYAU,New Towne West Apts,StageName,Prospecting,Prospects,2026-04-29 stage restructure,2026-04-29 15:46:03,UPDATE
006WR00000wkCkaYAE,Georgetown_MDU_Mariposa_Senior_Living,StageName,Prospecting,Prospects,2026-04-29 stage restructure,2026-04-29 15:46:03,UPDATE
006WR00000wkCkbYAE,Colina De La Costa HOA,StageName,Prospecting,Prospects,2026-04-29 stage restructure,2026-04-29 15:46:03,UPDATE
006WR00000wkCkcYAE,Caringa Way Condos,StageName,Prospecting,Prospects,2026-04-29 stage restructure,2026-04-29 15:46:03,UPDATE
006WR00000wkCkdYAE,La Costa Casa Grande,StageName,Prospecting,Prospects,2026-04-29 stage restructure,2026-04-29 15:46:03,UPDATE
006WR00000wkCkeYAE,Swanson Towers Condominiums,StageName,Prospecting,Prospects,2026-04-29 stage restructure,2026-04-29 15:46:03,UPDATE
006WR00000wkCkfYAE,Summit & Bloomfield Townhomes,StageName,Prospecting,Prospects,2026-04-29 stage restructure,2026-04-29 15:46:03,UPDATE
006WR00000wkCkgYAE,La Costa Village Townhomes,StageName,Prospecting,Prospects,2026-04-29 stage restructure,2026-04-29 15:46:03,UPDATE
006WR00000wkCkhYAE,Seascape,StageName,Prospecting,Prospects,2026-04-29 stage restructure,2026-04-29 15:46:03,UPDATE
006WR00000wkCkiYAE,Seaturf,StageName,Prospecting,Prospects,2026-04-29 stage restructure,2026-04-29 15:46:03,UPDATE
006WR00000wkCkjYAE,Arroyo Villas,StageName,Prospecting,Prospects,2026-04-29 stage restructure,2026-04-29 15:46:03,UPDATE
006WR00000wkCkkYAE,Coral Way,StageName,Prospecting,Prospects,2026-04-29 stage restructure,2026-04-29 15:46:03,UPDATE
006WR00000wkCklYAE,Villa De La Costa,StageName,Prospecting,Prospects,2026-04-29 stage restructure,2026-04-29 15:46:03,UPDATE
006WR00000wkCkmYAE,Cabanas at Coral Cove,StageName,Prospecting,Prospects,2026-04-29 stage restructure,2026-04-29 15:46:03,UPDATE
006WR00000wkCkoYAE,Saxony Village Apartments,StageName,Prospecting,Prospects,2026-04-29 stage restructure,2026-04-29 15:46:03,UPDATE
006WR00000wkCkpYAE,La Mer Condos,StageName,Prospecting,Prospects,2026-04-29 stage restructure,2026-04-29 15:46:03,UPDATE
006WR00000wkCkqYAE,Lamplighter Apartments,StageName,Prospecting,Prospects,2026-04-29 stage restructure,2026-04-29 15:46:03,UPDATE
006WR00000wkCkrYAE,Town And Country RV Park,StageName,Prospecting,Prospects,2026-04-29 stage restructure,2026-04-29 15:46:03,UPDATE
006WR00000wkCksYAE,Sunset Mesa,StageName,Prospecting,Prospects,2026-04-29 stage restructure,2026-04-29 15:46:03,UPDATE
006WR00000wkCktYAE,The Premiere at Eastmark,StageName,Prospecting,Prospects,2026-04-29 stage restructure,2026-04-29 15:46:03,UPDATE
006WR00000wkCkvYAE,Western Hills Condos,StageName,Prospecting,Prospects,2026-04-29 stage restructure,2026-04-29 15:46:03,UPDATE
006WR00000wkCkwYAE,Caravelle Townhomes,StageName,Prospecting,Prospects,2026-04-29 stage restructure,2026-04-29 15:46:03,UPDATE
006WR00000wkCkxYAE,Hamilton Village,StageName,Prospecting,Prospects,2026-04-29 stage restructure,2026-04-29 15:46:03,UPDATE
006WR00000wkCkyYAE,Ascot Village,StageName,Prospecting,Prospects,2026-04-29 stage restructure,2026-04-29 15:46:03,UPDATE
006WR00000wkCkzYAE,Millcreek Apartments,StageName,Prospecting,Prospects,2026-04-29 stage restructure,2026-04-29 15:46:03,UPDATE
006WR00000wkCl0YAE,Casa Antiqua Apartments,StageName,Prospecting,Prospects,2026-04-29 stage restructure,2026-04-29 15:46:03,UPDATE
006WR00000wkCl1YAE,The Meadows Apartments,StageName,Prospecting,Prospects,2026-04-29 stage restructure,2026-04-29 15:46:03,UPDATE
006WR00000wkCl2YAE,Vista Manor,StageName,Prospecting,Prospects,2026-04-29 stage restructure,2026-04-29 15:46:03,UPDATE
006WR00000wkCl5YAE,Landings,StageName,Prospecting,Prospects,2026-04-29 stage restructure,2026-04-29 15:46:03,UPDATE
006WR00000wkCl7YAE,Metro 101,StageName,Prospecting,Prospects,2026-04-29 stage restructure,2026-04-29 15:46:03,UPDATE
006WR00000wkCl8YAE,VELA Apartments,StageName,Prospecting,Prospects,2026-04-29 stage restructure,2026-04-29 15:46:03,UPDATE
006WR00000wkCl9YAE,Camden Tempe II,StageName,Prospecting,Prospects,2026-04-29 stage restructure,2026-04-29 15:46:03,UPDATE
006WR00000wkClAYAU,Madison at Westinghouse,StageName,Prospecting,Prospects,2026-04-29 stage restructure,2026-04-29 15:46:03,UPDATE
006WR00000wkClBYAU,Belterra,StageName,Prospecting,Prospects,2026-04-29 stage restructure,2026-04-29 15:46:03,UPDATE
006WR00000wkClHYAU,The Remington,StageName,Prospecting,Prospects,2026-04-29 stage restructure,2026-04-29 15:46:03,UPDATE
006WR00000wkClLYAU,Morgan Manor,StageName,Prospecting,Prospects,2026-04-29 stage restructure,2026-04-29 15:46:03,UPDATE
006WR00000wkClOYAU,Lakeview Apartments,StageName,Prospecting,Prospects,2026-04-29 stage restructure,2026-04-29 15:46:03,UPDATE
006WR00000wkClPYAU,Crestwood Apartment Homes,StageName,Prospecting,Prospects,2026-04-29 stage restructure,2026-04-29 15:46:03,UPDATE
006WR00000wkClRYAU,Grandridge,StageName,Prospecting,Prospects,2026-04-29 stage restructure,2026-04-29 15:46:03,UPDATE
006WR00000wkClTYAU,The Palo Apartments,StageName,Prospecting,Prospects,2026-04-29 stage restructure,2026-04-29 15:46:03,UPDATE
006WR00000wkClXYAU,Stafford Place,StageName,Prospecting,Prospects,2026-04-29 stage restructure,2026-04-29 15:46:03,UPDATE
006WR00000wkClYYAU,Collection Champions Circle,StageName,Prospecting,Prospects,2026-04-29 stage restructure,2026-04-29 15:46:03,UPDATE
006WR00000wkClZYAU,Paloma Village,StageName,Prospecting,Prospects,2026-04-29 stage restructure,2026-04-29 15:46:03,UPDATE
006WR00000wkClaYAE,Highview Apartments,StageName,Prospecting,Prospects,2026-04-29 stage restructure,2026-04-29 15:46:03,UPDATE
006WR00000wkClbYAE,Solea Keller,StageName,Prospecting,Prospects,2026-04-29 stage restructure,2026-04-29 15:46:03,UPDATE
006WR00000wkClcYAE,The Palo Townhomes,StageName,Prospecting,Prospects,2026-04-29 stage restructure,2026-04-29 15:46:03,UPDATE
006WR00000wkCldYAE,Keystone Apartments,StageName,Prospecting,Prospects,2026-04-29 stage restructure,2026-04-29 15:46:03,UPDATE
006WR00000wkCleYAE,Tucker Apts AKA Brickstone Villas,StageName,Prospecting,Prospects,2026-04-29 stage restructure,2026-04-29 15:46:03,UPDATE
006WR00000wkClfYAE,Album Keller Ranch,StageName,Prospecting,Prospects,2026-04-29 stage restructure,2026-04-29 15:46:03,UPDATE
006WR00000wkClgYAE,Country Place,StageName,Prospecting,Prospects,2026-04-29 stage restructure,2026-04-29 15:46:03,UPDATE
006WR00000wkClhYAE,Hutto Station Apartments,StageName,Prospecting,Prospects,2026-04-29 stage restructure,2026-04-29 15:46:03,UPDATE
006WR00000wkCliYAE,Watermere at the Preserve,StageName,Prospecting,Prospects,2026-04-29 stage restructure,2026-04-29 15:46:03,UPDATE
006WR00000wkClnYAE,Resia Hutto Square,StageName,Prospecting,Prospects,2026-04-29 stage restructure,2026-04-29 15:46:03,UPDATE
006WR00000wkCloYAE,Elan at Keller Ranch,StageName,Prospecting,Prospects,2026-04-29 stage restructure,2026-04-29 15:46:03,UPDATE
006WR00000wkClpYAE,Copper Mountain,StageName,Prospecting,Prospects,2026-04-29 stage restructure,2026-04-29 15:46:03,UPDATE
006WR00000wkClqYAE,The Lyric at Keller Center Stage,StageName,Prospecting,Prospects,2026-04-29 stage restructure,2026-04-29 15:46:03,UPDATE
006WR00000wkClrYAE,Enclave at Killeen,StageName,Prospecting,Prospects,2026-04-29 stage restructure,2026-04-29 15:46:03,UPDATE
006WR00000wkCltYAE,Twin creek,StageName,Prospecting,Prospects,2026-04-29 stage restructure,2026-04-29 15:46:03,UPDATE
006WR00000wkClvYAE,Westminster,StageName,Prospecting,Prospects,2026-04-29 stage restructure,2026-04-29 15:46:03,UPDATE
006WR00000wkClxYAE,NorthStar Georgetown,StageName,Prospecting,Prospects,2026-04-29 stage restructure,2026-04-29 15:46:03,UPDATE
006WR00000wkClyYAE,The Wesleyan,StageName,Prospecting,Prospects,2026-04-29 stage restructure,2026-04-29 15:46:03,UPDATE
006WR00000wkClzYAE,Woodland Pines,StageName,Prospecting,Prospects,2026-04-29 stage restructure,2026-04-29 15:46:03,UPDATE
006WR00000wkCm6YAE,Aztec Springs Apartments,StageName,Prospecting,Prospects,2026-04-29 stage restructure,2026-04-29 15:46:03,UPDATE
006WR00000wkCm8YAE,Harris Apartments,StageName,Prospecting,Prospects,2026-04-29 stage restructure,2026-04-29 15:46:03,UPDATE
006WR00000wkCm9YAE,Indian Trail Estates MHP,StageName,Prospecting,Prospects,2026-04-29 stage restructure,2026-04-29 15:46:03,UPDATE
006WR00000wkCmAYAU,Elmwood Tower - EXISTING BULK,StageName,Prospecting,Prospects,2026-04-29 stage restructure,2026-04-29 15:46:03,UPDATE
006WR00000wkCmLYAU,The Hillcrest,StageName,Prospecting,Prospects,2026-04-29 stage restructure,2026-04-29 15:46:03,UPDATE
006WR00000wkCmMYAU,Allora North Georgetown,StageName,Prospecting,Prospects,2026-04-29 stage restructure,2026-04-29 15:46:03,UPDATE
006WR00000wkCmNYAU,Alta Austin Avenue (AKA Austin Avenue),StageName,Prospecting,Prospects,2026-04-29 stage restructure,2026-04-29 15:46:03,UPDATE
006WR00000wkDLrYAM,Parallax @ Georgetown,StageName,Prospecting,Prospects,2026-04-29 stage restructure,2026-04-29 15:46:03,UPDATE
006WR00000wkDLsYAM,Williamson At The Overlook,StageName,Prospecting,Prospects,2026-04-29 stage restructure,2026-04-29 15:46:03,UPDATE
006WR00000wkDLtYAM,Olympus Town Center,StageName,Prospecting,Prospects,2026-04-29 stage restructure,2026-04-29 15:46:03,UPDATE
006WR00000wkDLuYAM,Two Rivers Apartments,StageName,Prospecting,Prospects,2026-04-29 stage restructure,2026-04-29 15:46:03,UPDATE
006WR00000wkDLvYAM,Rise at Dobson Ranch,StageName,Prospecting,Prospects,2026-04-29 stage restructure,2026-04-29 15:46:03,UPDATE
006WR00000wkDLwYAM,Waterford Place Apartments,StageName,Prospecting,Prospects,2026-04-29 stage restructure,2026-04-29 15:46:03,UPDATE
006WR00000wkDLyYAM,Verona Park Apts,StageName,Prospecting,Prospects,2026-04-29 stage restructure,2026-04-29 15:46:03,UPDATE
006WR00000wkDLzYAM,The Joshua Apts,StageName,Prospecting,Prospects,2026-04-29 stage restructure,2026-04-29 15:46:03,UPDATE
006WR00000wkDM0YAM,Vista Valley Apartments,StageName,Prospecting,Prospects,2026-04-29 stage restructure,2026-04-29 15:46:03,UPDATE
006WR00000wkDM1YAM,The District at Fiesta Park Apts,StageName,Prospecting,Prospects,2026-04-29 stage restructure,2026-04-29 15:46:03,UPDATE
006WR00000wkDM3YAM,Luxe at Ocotillo,StageName,Prospecting,Prospects,2026-04-29 stage restructure,2026-04-29 15:46:03,UPDATE
006WR00000wkDM4YAM,Ocotillo Bay,StageName,Prospecting,Prospects,2026-04-29 stage restructure,2026-04-29 15:46:03,UPDATE
006WR00000wkDM5YAM,Tierra Antigua Apartments,StageName,Prospecting,Prospects,2026-04-29 stage restructure,2026-04-29 15:46:03,UPDATE
006WR00000wkDM6YAM,Sandstone Foothills Apartments,StageName,Prospecting,Prospects,2026-04-29 stage restructure,2026-04-29 15:46:03,UPDATE
006WR00000wkDM7YAM,Garden Gate Apartments,StageName,Prospecting,Prospects,2026-04-29 stage restructure,2026-04-29 15:46:03,UPDATE
006WR00000wkDM8YAM,Stone Creek Apartments,StageName,Prospecting,Prospects,2026-04-29 stage restructure,2026-04-29 15:46:03,UPDATE
006WR00000wkDM9YAM,Olympus Stone Glen,StageName,Prospecting,Prospects,2026-04-29 stage restructure,2026-04-29 15:46:03,UPDATE
006WR00000wkDMAYA2,The Peaks Townhomes,StageName,Prospecting,Prospects,2026-04-29 stage restructure,2026-04-29 15:46:03,UPDATE
006WR00000wkDMBYA2,Rivery Park,StageName,Prospecting,Prospects,2026-04-29 stage restructure,2026-04-29 15:46:03,UPDATE
006WR00000wkDMCYA2,Rise at the District,StageName,Prospecting,Prospects,2026-04-29 stage restructure,2026-04-29 15:46:03,UPDATE
006WR00000wkDMDYA2,Charter Oaks,StageName,Prospecting,Prospects,2026-04-29 stage restructure,2026-04-29 15:46:03,UPDATE
006WR00000wkDMEYA2,Corby Street Apartments,StageName,Prospecting,Prospects,2026-04-29 stage restructure,2026-04-29 15:46:03,UPDATE
006WR00000wkDMFYA2,Grand Oaks at Liberty Hill,StageName,Prospecting,Prospects,2026-04-29 stage restructure,2026-04-29 15:46:03,UPDATE
006WR00000wkDMGYA2,North Park Landing Apartments,StageName,Prospecting,Prospects,2026-04-29 stage restructure,2026-04-29 15:46:03,UPDATE
006WR00000wkDMHYA2,Mesa_MDU_Del Corona Apts Del Coronado,StageName,Prospecting,Prospects,2026-04-29 stage restructure,2026-04-29 15:46:03,UPDATE
006WR00000wkDMIYA2,Lakeridge Apartments,StageName,Prospecting,Prospects,2026-04-29 stage restructure,2026-04-29 15:46:03,UPDATE
006WR00000wkDMJYA2,Beacon Hill Apartments,StageName,Prospecting,Prospects,2026-04-29 stage restructure,2026-04-29 15:46:03,UPDATE
006WR00000wkDMKYA2,Legacy Riverside Senior Living,StageName,Prospecting,Prospects,2026-04-29 stage restructure,2026-04-29 15:46:03,UPDATE
006WR00000wkDMLYA2,Harmon Senior Villas,StageName,Prospecting,Prospects,2026-04-29 stage restructure,2026-04-29 15:46:03,UPDATE
006WR00000wkDMMYA2,Vantage at Hutto,StageName,Prospecting,Prospects,2026-04-29 stage restructure,2026-04-29 15:46:03,UPDATE
006WR00000wkDMNYA2,Heights at 701,StageName,Prospecting,Prospects,2026-04-29 stage restructure,2026-04-29 15:46:03,UPDATE
006WR00000wkDMOYA2,Georgetown Place Apartments,StageName,Prospecting,Prospects,2026-04-29 stage restructure,2026-04-29 15:46:03,UPDATE
006WR00000wkDMPYA2,Aspire Fossil Creek,StageName,Prospecting,Prospects,2026-04-29 stage restructure,2026-04-29 15:46:03,UPDATE
006WR00000wkDMQYA2,The Opal Fort Worth,StageName,Prospecting,Prospects,2026-04-29 stage restructure,2026-04-29 15:46:03,UPDATE
006WR00000wkDMRYA2,Royal Gardens,StageName,Prospecting,Prospects,2026-04-29 stage restructure,2026-04-29 15:46:03,UPDATE
006WR00000wkDMSYA2,Creekside at North Beach,StageName,Prospecting,Prospects,2026-04-29 stage restructure,2026-04-29 15:46:03,UPDATE
006WR00000wkDMUYA2,The Holston,StageName,Prospecting,Prospects,2026-04-29 stage restructure,2026-04-29 15:46:03,UPDATE
006WR00000wkDMVYA2,The Dorel,StageName,Prospecting,Prospects,2026-04-29 stage restructure,2026-04-29 15:46:03,UPDATE
006WR00000wkDMWYA2,Oakwood Trail Apartments,StageName,Prospecting,Prospects,2026-04-29 stage restructure,2026-04-29 15:46:03,UPDATE
006WR00000wkDMXYA2,Pioneer Crossing Apartments,StageName,Prospecting,Prospects,2026-04-29 stage restructure,2026-04-29 15:46:03,UPDATE
006WR00000wkDMYYA2,ZAG Apartments,StageName,Prospecting,Prospects,2026-04-29 stage restructure,2026-04-29 15:46:03,UPDATE
006WR00000wkDMZYA2,Parkside Crossing Condominiums,StageName,Prospecting,Prospects,2026-04-29 stage restructure,2026-04-29 15:46:03,UPDATE
006WR00000wkDMaYAM,Silver Oak Apartments,StageName,Prospecting,Prospects,2026-04-29 stage restructure,2026-04-29 15:46:03,UPDATE
006WR00000wkDMbYAM,Villa Camino,StageName,Prospecting,Prospects,2026-04-29 stage restructure,2026-04-29 15:46:03,UPDATE
006WR00000wkDMcYAM,The Dylan,StageName,Prospecting,Prospects,2026-04-29 stage restructure,2026-04-29 15:46:03,UPDATE
006WR00000wkDMeYAM,Riverview Springs,StageName,Prospecting,Prospects,2026-04-29 stage restructure,2026-04-29 15:46:03,UPDATE
006WR00000wkDMgYAM,The Lofts at West 7th,StageName,Prospecting,Prospects,2026-04-29 stage restructure,2026-04-29 15:46:03,UPDATE
006WR00000wkDMhYAM,Highland Park Apartments,StageName,Prospecting,Prospects,2026-04-29 stage restructure,2026-04-29 15:46:03,UPDATE
006WR00000wkDMlYAM,Sorrento,StageName,Prospecting,Prospects,2026-04-29 stage restructure,2026-04-29 15:46:03,UPDATE
006WR00000wkDMmYAM,Tides on Overton Ridge,StageName,Prospecting,Prospects,2026-04-29 stage restructure,2026-04-29 15:46:03,UPDATE
006WR00000wkDMnYAM,Forest Hill Mobile Home Park,StageName,Prospecting,Prospects,2026-04-29 stage restructure,2026-04-29 15:46:03,UPDATE
006WR00000wkDMoYAM,Lauren Apartments,StageName,Prospecting,Prospects,2026-04-29 stage restructure,2026-04-29 15:46:03,UPDATE
006WR00000wkDMpYAM,Urban House,StageName,Prospecting,Prospects,2026-04-29 stage restructure,2026-04-29 15:46:03,UPDATE
006WR00000wkDMqYAM,Meadow Ridge,StageName,Prospecting,Prospects,2026-04-29 stage restructure,2026-04-29 15:46:03,UPDATE
006WR00000wkDMrYAM,Pacific Crest Apartments [OOF for Lumen],StageName,Prospecting,Prospects,2026-04-29 stage restructure,2026-04-29 15:46:03,UPDATE
006WR00000wkDMsYAM,Casa Grande,StageName,Prospecting,Prospects,2026-04-29 stage restructure,2026-04-29 15:46:03,UPDATE
006WR00000wkDMtYAM,Cedarwest Apartments,StageName,Prospecting,Prospects,2026-04-29 stage restructure,2026-04-29 15:46:03,UPDATE
006WR00000wkDMuYAM,Poway Villas,StageName,Prospecting,Prospects,2026-04-29 stage restructure,2026-04-29 15:46:03,UPDATE
006WR00000wkDMvYAM,Haley Ranch Estates,StageName,Prospecting,Prospects,2026-04-29 stage restructure,2026-04-29 15:46:03,UPDATE
006WR00000wkDMwYAM,Hillside Village Apartments,StageName,Prospecting,Prospects,2026-04-29 stage restructure,2026-04-29 15:46:03,UPDATE
006WR00000wkDMxYAM,The Hacienda at Georgetown,StageName,Prospecting,Prospects,2026-04-29 stage restructure,2026-04-29 15:46:03,UPDATE
006WR00000wkDMyYAM,Stone Arbor,StageName,Prospecting,Prospects,2026-04-29 stage restructure,2026-04-29 15:46:03,UPDATE
006WR00000wkDs9YAE,Sunland Terrace Apartments_Lumen AZ,StageName,Prospecting,Prospects,2026-04-29 stage restructure,2026-04-29 15:46:03,UPDATE
006WR00000wkDsKYAU,Ashton Place Apartments,StageName,Prospecting,Prospects,2026-04-29 stage restructure,2026-04-29 15:46:03,UPDATE
006WR00000wkDsLYAU,Cascade View,StageName,Prospecting,Prospects,2026-04-29 stage restructure,2026-04-29 15:46:03,UPDATE
006WR00000wkDsMYAU,Sterling Heights Apartments,StageName,Prospecting,Prospects,2026-04-29 stage restructure,2026-04-29 15:46:03,UPDATE
006WR00000wkDsNYAU,Avalon Park,StageName,Prospecting,Prospects,2026-04-29 stage restructure,2026-04-29 15:46:03,UPDATE
006WR00000wkDsOYAU,Wy'East Pointe,StageName,Prospecting,Prospects,2026-04-29 stage restructure,2026-04-29 15:46:03,UPDATE
006WR00000wkDsPYAU,Tarnhill,StageName,Prospecting,Prospects,2026-04-29 stage restructure,2026-04-29 15:46:03,UPDATE
006WR00000wkDsQYAU,Viviani,StageName,Prospecting,Prospects,2026-04-29 stage restructure,2026-04-29 15:46:03,UPDATE
006WR00000wkDsRYAU,Pepper Ridge Apartments,StageName,Prospecting,Prospects,2026-04-29 stage restructure,2026-04-29 15:46:03,UPDATE
006WR00000wkDsSYAU,Coronado Springs,StageName,Prospecting,Prospects,2026-04-29 stage restructure,2026-04-29 15:46:03,UPDATE
006WR00000wkDsTYAU,Tuscany,StageName,Prospecting,Prospects,2026-04-29 stage restructure,2026-04-29 15:46:03,UPDATE
006WR00000wkDsUYAU,Venicia,StageName,Prospecting,Prospects,2026-04-29 stage restructure,2026-04-29 15:46:03,UPDATE
006WR00000wkDsVYAU,Adiamo,StageName,Prospecting,Prospects,2026-04-29 stage restructure,2026-04-29 15:46:03,UPDATE
006WR00000wkDsWYAU,Madera,StageName,Prospecting,Prospects,2026-04-29 stage restructure,2026-04-29 15:46:03,UPDATE
006WR00000wkDsXYAU,Aspire at Tesora,StageName,Prospecting,Prospects,2026-04-29 stage restructure,2026-04-29 15:46:03,UPDATE
006WR00000wkDsYYAU,Tivoli,StageName,Prospecting,Prospects,2026-04-29 stage restructure,2026-04-29 15:46:03,UPDATE
006WR00000wkDsZYAU,Altessa,StageName,Prospecting,Prospects,2026-04-29 stage restructure,2026-04-29 15:46:03,UPDATE
006WR00000wkDsaYAE,Arzano,StageName,Prospecting,Prospects,2026-04-29 stage restructure,2026-04-29 15:46:03,UPDATE
006WR00000wkDsbYAE,Positano Apartments,StageName,Prospecting,Prospects,2026-04-29 stage restructure,2026-04-29 15:46:03,UPDATE
006WR00000wkDscYAE,Curtis Meadows,StageName,Prospecting,Prospects,2026-04-29 stage restructure,2026-04-29 15:46:03,UPDATE
006WR00000wkDsdYAE,Central Pointe,StageName,Prospecting,Prospects,2026-04-29 stage restructure,2026-04-29 15:46:03,UPDATE
006WR00000wkDseYAE,Venture Out at Mesa (MHP),StageName,Prospecting,Prospects,2026-04-29 stage restructure,2026-04-29 15:46:03,UPDATE
006WR00000wkDsqYAE,Casa Del Sol Envolve,StageName,Prospecting,Prospects,2026-04-29 stage restructure,2026-04-29 15:46:03,UPDATE
006WR00000wkDssYAE,Fiesta Village MH & RV Resort,StageName,Prospecting,Prospects,2026-04-29 stage restructure,2026-04-29 15:46:03,UPDATE
006WR00000wkDstYAE,Southern Palms Mobile Home & RV Park,StageName,Prospecting,Prospects,2026-04-29 stage restructure,2026-04-29 15:46:03,UPDATE
006WR00000wkDsuYAE,Forrest Bluff Senior Apartments,StageName,Prospecting,Prospects,2026-04-29 stage restructure,2026-04-29 15:46:03,UPDATE
006WR00000wkDsvYAE,Park_Place (Care Center),StageName,Prospecting,Prospects,2026-04-29 stage restructure,2026-04-29 15:46:03,UPDATE
006WR00000wkDsxYAE,Highlander Apartments,StageName,Prospecting,Prospects,2026-04-29 stage restructure,2026-04-29 15:46:03,UPDATE
006WR00000wkDsyYAE,Knoll Creek Apartments,StageName,Prospecting,Prospects,2026-04-29 stage restructure,2026-04-29 15:46:03,UPDATE
006WR00000wkDszYAE,Arbor on Broadway (Now Called) Buenas on Broadway,StageName,Prospecting,Prospects,2026-04-29 stage restructure,2026-04-29 15:46:03,UPDATE
006WR00000wkDt0YAE,Bel-Aire Manor,StageName,Prospecting,Prospects,2026-04-29 stage restructure,2026-04-29 15:46:03,UPDATE
006WR00000wkDt1YAE,The Harrison at Heritage,StageName,Prospecting,Prospects,2026-04-29 stage restructure,2026-04-29 15:46:03,UPDATE
006WR00000wkDt2YAE,25 Space Yucca Trailer Ranch,StageName,Prospecting,Prospects,2026-04-29 stage restructure,2026-04-29 15:46:03,UPDATE
006WR00000wkDt3YAE,Sea Crest Village Retirement Communities,StageName,Prospecting,Prospects,2026-04-29 stage restructure,2026-04-29 15:46:03,UPDATE
006WR00000wkDt4YAE,Charleston Court,StageName,Prospecting,Prospects,2026-04-29 stage restructure,2026-04-29 15:46:03,UPDATE
006WR00000wkDt5YAE,Underwood Senior Housing,StageName,Prospecting,Prospects,2026-04-29 stage restructure,2026-04-29 15:46:03,UPDATE
006WR00000wkDt6YAE,612-616 N 46 St,StageName,Prospecting,Prospects,2026-04-29 stage restructure,2026-04-29 15:46:03,UPDATE
006WR00000wkDt7YAE,Grant Ridge Apartments,StageName,Prospecting,Prospects,2026-04-29 stage restructure,2026-04-29 15:46:03,UPDATE
006WR00000wkDt8YAE,Dimple St MHP,StageName,Prospecting,Prospects,2026-04-29 stage restructure,2026-04-29 15:46:03,UPDATE
006WR00000wkDt9YAE,Indian Creek Duplexes,StageName,Prospecting,Prospects,2026-04-29 stage restructure,2026-04-29 15:46:03,UPDATE
006WR00000wkDtAYAU,Marlboro_Heights_Mobile Home_Park,StageName,Prospecting,Prospects,2026-04-29 stage restructure,2026-04-29 15:46:03,UPDATE
006WR00000wkDtBYAU,KILLEEN_MDU_Henderson_Garden,StageName,Prospecting,Prospects,2026-04-29 stage restructure,2026-04-29 15:46:03,UPDATE
006WR00000wkDtCYAU,DECATUR_MDU_Private_Rd_3176_Mobile_Park,StageName,Prospecting,Prospects,2026-04-29 stage restructure,2026-04-29 15:46:03,UPDATE
006WR00000wkDtDYAU,Nolan Creek Mobile Park,StageName,Prospecting,Prospects,2026-04-29 stage restructure,2026-04-29 15:46:03,UPDATE
006WR00000wkDtEYAU,Killeen_MDU_408-420 E Hallmark Ave,StageName,Prospecting,Prospects,2026-04-29 stage restructure,2026-04-29 15:46:03,UPDATE
006WR00000wkDtFYAU,Kings Arms Apartment II,StageName,Prospecting,Prospects,2026-04-29 stage restructure,2026-04-29 15:46:03,UPDATE
006WR00000wkDtGYAU,HARKER_HEIGHTS_MDU_207-217 W Beeline MHP,StageName,Prospecting,Prospects,2026-04-29 stage restructure,2026-04-29 15:46:03,UPDATE
006WR00000wkDtHYAU,Landmark Oak_Mobile_Park,StageName,Prospecting,Prospects,2026-04-29 stage restructure,2026-04-29 15:46:03,UPDATE
006WR00000wkDtIYAU,John Wesley Arms,StageName,Prospecting,Prospects,2026-04-29 stage restructure,2026-04-29 15:46:03,UPDATE
006WR00000wkDtJYAU,Las Palmas,StageName,Prospecting,Prospects,2026-04-29 stage restructure,2026-04-29 15:46:03,UPDATE
006WR00000wkDtKYAU,Valley View RV Park,StageName,Prospecting,Prospects,2026-04-29 stage restructure,2026-04-29 15:46:03,UPDATE
006WR00000wkDtLYAU,Killeen Housing Authority,StageName,Prospecting,Prospects,2026-04-29 stage restructure,2026-04-29 15:46:03,UPDATE
006WR00000wkDtMYAU,Fort_Hood MHP,StageName,Prospecting,Prospects,2026-04-29 stage restructure,2026-04-29 15:46:03,UPDATE
006WR00000wkDtNYAU,Omaha_MDU_Cherry Tree Apartments,StageName,Prospecting,Prospects,2026-04-29 stage restructure,2026-04-29 15:46:03,UPDATE
006WR00000wkDtOYAU,OMAHA_MDU_58TH_Plaza_CIR,StageName,Prospecting,Prospects,2026-04-29 stage restructure,2026-04-29 15:46:03,UPDATE
006WR00000wkDtRYAU,Mac's Mobile Home Park,StageName,Prospecting,Prospects,2026-04-29 stage restructure,2026-04-29 15:46:03,UPDATE
006WR00000wkDtUYAU,Mobile Manor Estates,StageName,Prospecting,Prospects,2026-04-29 stage restructure,2026-04-29 15:46:03,UPDATE
006WR00000wkDtVYAU,1301-1315 Quail_CIR_Apts,StageName,Prospecting,Prospects,2026-04-29 stage restructure,2026-04-29 15:46:03,UPDATE
006WR00000wkDtWYAU,GEORGETOWN_MDU_101_FM971 AKA Vered at San Gabriel,StageName,Prospecting,Prospects,2026-04-29 stage restructure,2026-04-29 15:46:03,UPDATE
006WR00000wkDtXYAU,Pelican Cove HOA,StageName,Prospecting,Prospects,2026-04-29 stage restructure,2026-04-29 15:46:03,UPDATE
006WR00000wkDtYYAU,ENCINITAS_MDU_Quail_Gardens,StageName,Prospecting,Prospects,2026-04-29 stage restructure,2026-04-29 15:46:03,UPDATE
006WR00000wkDtZYAU,OMAHA_MDU_Ogden Plaza,StageName,Prospecting,Prospects,2026-04-29 stage restructure,2026-04-29 15:46:03,UPDATE
006WR00000wkDtaYAE,Peony Park West Apartments,StageName,Prospecting,Prospects,2026-04-29 stage restructure,2026-04-29 15:46:03,UPDATE
006WR00000wkDtbYAE,Spindrift Apartments,StageName,Prospecting,Prospects,2026-04-29 stage restructure,2026-04-29 15:46:03,UPDATE
006WR00000wkDtcYAE,OMAHA_MDU_3331-3337 Meredith AVE APTS,StageName,Prospecting,Prospects,2026-04-29 stage restructure,2026-04-29 15:46:03,UPDATE
006WR00000wkDtdYAE,Highland Park Manor (HOA),StageName,Prospecting,Prospects,2026-04-29 stage restructure,2026-04-29 15:46:03,UPDATE
006WR00000wkDtfYAE,Leucadia Rocks,StageName,Prospecting,Prospects,2026-04-29 stage restructure,2026-04-29 15:46:03,UPDATE
006WR00000wkDtgYAE,Encinitas Villas,StageName,Prospecting,Prospects,2026-04-29 stage restructure,2026-04-29 15:46:03,UPDATE
006WR00000wkDthYAE,El Rancho Del Sol Apartments,StageName,Prospecting,Prospects,2026-04-29 stage restructure,2026-04-29 15:46:03,UPDATE
006WR00000wkDtkYAE,Maple Place Apartments,StageName,Prospecting,Prospects,2026-04-29 stage restructure,2026-04-29 15:46:03,UPDATE
006WR00000wkDtlYAE,350 E 5th Ave,StageName,Prospecting,Prospects,2026-04-29 stage restructure,2026-04-29 15:46:03,UPDATE
006WR00000xuFKAYA2,Bridgeport_MDU_Federal Housing Administration,StageName,Prospecting,Prospects,2026-04-29 stage restructure,2026-04-29 15:46:03,UPDATE
006WR00000xuog7YAA,Omaha_MDU_1121 N 48TH ST,StageName,Prospecting,Prospects,2026-04-29 stage restructure,2026-04-29 15:46:03,UPDATE
006WR00000xuqjXYAQ,Bridgeport_MDU_Edgewood Apartments,StageName,Prospecting,Prospects,2026-04-29 stage restructure,2026-04-29 15:46:03,UPDATE
006WR00000xuvORYAY,HARKER HEIGHTS_MDU_700 S Amy Ln apt,StageName,Prospecting,Prospects,2026-04-29 stage restructure,2026-04-29 15:46:03,UPDATE
006WR00000xv3nEYAQ,Mesa_MDU_447-451 S Olive,StageName,Prospecting,Prospects,2026-04-29 stage restructure,2026-04-29 15:46:03,UPDATE
006WR00000xveMwYAI,Mineral Wells_MDU_305-309 NW 4th St Apartments,StageName,Prospecting,Prospects,2026-04-29 stage restructure,2026-04-29 15:46:03,UPDATE
006WR00000xvlrSYAQ,NE_MDU_Larimore Senior Living,StageName,Prospecting,Prospects,2026-04-29 stage restructure,2026-04-29 15:46:03,UPDATE
006WR00000xvtfKYAQ,Omaha_MDU_1115-1117 N 48TH ST,StageName,Prospecting,Prospects,2026-04-29 stage restructure,2026-04-29 15:46:03,UPDATE
006WR00000xw5JvYAI,Killeen_MDU_191 N 1th St,StageName,Prospecting,Prospects,2026-04-29 stage restructure,2026-04-29 15:46:03,UPDATE
006WR00000xw9XDYAY,Killeen_MDU_127-129 N 1th St,StageName,Prospecting,Prospects,2026-04-29 stage restructure,2026-04-29 15:46:03,UPDATE
006WR00000xwEqDYAU,Mesa_MDU_El Rancho Del Sol Apts,StageName,Prospecting,Prospects,2026-04-29 stage restructure,2026-04-29 15:46:03,UPDATE
006WR00000xwFazYAE,Omaha_MDU_4524 Lafayette Ave,StageName,Prospecting,Prospects,2026-04-29 stage restructure,2026-04-29 15:46:03,UPDATE
006WR00000xwFsjYAE,Omaha_MDU_4752 NICHOLAS ST,StageName,Prospecting,Prospects,2026-04-29 stage restructure,2026-04-29 15:46:03,UPDATE
006WR00000xwFvyYAE,Killeen_MDU_Twin Apartments,StageName,Prospecting,Prospects,2026-04-29 stage restructure,2026-04-29 15:46:03,UPDATE
006WR00000xwGqPYAU,Killeen_MDU_204 E Harrison Ave,StageName,Prospecting,Prospects,2026-04-29 stage restructure,2026-04-29 15:46:03,UPDATE
006WR00000xwGs1YAE,Taylor_MDU_Tejas Apartments,StageName,Prospecting,Prospects,2026-04-29 stage restructure,2026-04-29 15:46:03,UPDATE
006WR00000xwGvFYAU,Killeen_MDU_Tee Top Apartments,StageName,Prospecting,Prospects,2026-04-29 stage restructure,2026-04-29 15:46:03,UPDATE
006WR00000ytiKQYAY,Pelican Ridge,StageName,Prospecting,Prospects,2026-04-29 stage restructure,2026-04-29 15:46:03,UPDATE
006WR00000ytrE5YAI,Trailer Rancho Mobile,StageName,Prospecting,Prospects,2026-04-29 stage restructure,2026-04-29 15:46:03,UPDATE
006WR00000yuOtDYAU,Pacifica Leucadia HOA,StageName,Prospecting,Prospects,2026-04-29 stage restructure,2026-04-29 15:46:03,UPDATE
006WR00000yuYsYYAU,Montego Village HOA,StageName,Prospecting,Prospects,2026-04-29 stage restructure,2026-04-29 15:46:03,UPDATE
006WR00000yueI2YAI,Calypso Legends Heritage,StageName,Prospecting,Prospects,2026-04-29 stage restructure,2026-04-29 15:46:03,UPDATE
006WR00000yuj1ZYAQ,Emerald Lake Village HOA,StageName,Prospecting,Prospects,2026-04-29 stage restructure,2026-04-29 15:46:03,UPDATE
006WR00000yuqW4YAI,Beach Street Encinitas,StageName,Prospecting,Prospects,2026-04-29 stage restructure,2026-04-29 15:46:03,UPDATE
006WR00000yutSHYAY,Cardiff Park,StageName,Prospecting,Prospects,2026-04-29 stage restructure,2026-04-29 15:46:03,UPDATE
006WR00000yutTtYAI,Quentin Court,StageName,Prospecting,Prospects,2026-04-29 stage restructure,2026-04-29 15:46:03,UPDATE
006WR00000yutvPYAQ,Cardiff Park HOA,StageName,Prospecting,Prospects,2026-04-29 stage restructure,2026-04-29 15:46:03,UPDATE
006WR00000yuxKdYAI,Mission Del Oro HOA,StageName,Prospecting,Prospects,2026-04-29 stage restructure,2026-04-29 15:46:03,UPDATE
006WR00000yv0X4YAI,Rancho Hermosa HOA,StageName,Prospecting,Prospects,2026-04-29 stage restructure,2026-04-29 15:46:03,UPDATE
006WR00000yv47cYAA,Alicante Hills HOA,StageName,Prospecting,Prospects,2026-04-29 stage restructure,2026-04-29 15:46:03,UPDATE
006WR00000yv6m8YAA,Camino Cabrillo Pvt Road,StageName,Prospecting,Prospects,2026-04-29 stage restructure,2026-04-29 15:46:03,UPDATE
006WR00000yv7YaYAI,FoxtailLoop,StageName,Prospecting,Prospects,2026-04-29 stage restructure,2026-04-29 15:46:03,UPDATE
006WR00000yv9vJYAQ,Promenade HOA,StageName,Prospecting,Prospects,2026-04-29 stage restructure,2026-04-29 15:46:03,UPDATE
006WR00000yvINSYA2,Forrest Bluff Terraces HOA,StageName,Prospecting,Prospects,2026-04-29 stage restructure,2026-04-29 15:46:03,UPDATE
006WR00000yvLI6YAM,Riviera Mobile Homes,StageName,Prospecting,Prospects,2026-04-29 stage restructure,2026-04-29 15:46:03,UPDATE
006WR00000yvMMIYA2,Fairways HOA,StageName,Prospecting,Prospects,2026-04-29 stage restructure,2026-04-29 15:46:03,UPDATE
006WR00000yvQkpYAE,Sky Loft HOA,StageName,Prospecting,Prospects,2026-04-29 stage restructure,2026-04-29 15:46:03,UPDATE
006WR00000yvR5nYAE,Del Mar Corporate Center,StageName,Prospecting,Prospects,2026-04-29 stage restructure,2026-04-29 15:46:03,UPDATE
006WR00000yvSJdYAM,Traditions At La Costa HOA,StageName,Prospecting,Prospects,2026-04-29 stage restructure,2026-04-29 15:46:03,UPDATE
006WR00000yvU0RYAU,3152 Levante,StageName,Prospecting,Prospects,2026-04-29 stage restructure,2026-04-29 15:46:03,UPDATE
006WR00000yvVsYYAU,3156 Levante,StageName,Prospecting,Prospects,2026-04-29 stage restructure,2026-04-29 15:46:03,UPDATE
006WR00000yvdF2YAI,Shamrock Mobile Estates,StageName,Prospecting,Prospects,2026-04-29 stage restructure,2026-04-29 15:46:03,UPDATE
006WR00000yvnHbYAI,Hilltop Trailer Park,StageName,Prospecting,Prospects,2026-04-29 stage restructure,2026-04-29 15:46:03,UPDATE
006WR00000yvoqPYAQ,Monte Mira HOA,StageName,Prospecting,Prospects,2026-04-29 stage restructure,2026-04-29 15:46:03,UPDATE
006WR00000yvv0eYAA,Coral Cove HOA,StageName,Prospecting,Prospects,2026-04-29 stage restructure,2026-04-29 15:46:03,UPDATE
006WR00000yvvAJYAY,Santa Fe Trails HOA,StageName,Prospecting,Prospects,2026-04-29 stage restructure,2026-04-29 15:46:03,UPDATE
006WR00000yvvYXYAY,Carlsbad Surfside HOA,StageName,Prospecting,Prospects,2026-04-29 stage restructure,2026-04-29 15:46:03,UPDATE
006WR00000yvxP0YAI,Hillside Patio Pvt Road,StageName,Prospecting,Prospects,2026-04-29 stage restructure,2026-04-29 15:46:03,UPDATE
006WR00000yvxthYAA,Tiki Village HOA,StageName,Prospecting,Prospects,2026-04-29 stage restructure,2026-04-29 15:46:03,UPDATE
006WR00000yvz12YAA,Cambria HOA,StageName,Prospecting,Prospects,2026-04-29 stage restructure,2026-04-29 15:46:03,UPDATE
006WR00000yw26xYAA,The Nest at La Costa,StageName,Prospecting,Prospects,2026-04-29 stage restructure,2026-04-29 15:46:03,UPDATE
006WR00000yw3HWYAY,La Costa Oaks South HOA,StageName,Prospecting,Prospects,2026-04-29 stage restructure,2026-04-29 15:46:03,UPDATE
006WR00000yw4jqYAA,Encinitas Town and Country Plaza,StageName,Prospecting,Prospects,2026-04-29 stage restructure,2026-04-29 15:46:03,UPDATE
006WR00000yw9QBYAY,Mendocino HOA,StageName,Prospecting,Prospects,2026-04-29 stage restructure,2026-04-29 15:46:03,UPDATE
006WR00000yw9YHYAY,Seaside Highlannds HOA,StageName,Prospecting,Prospects,2026-04-29 stage restructure,2026-04-29 15:46:03,UPDATE
006WR00000ywB2AYAU,Villas De La Costa HOA,StageName,Prospecting,Prospects,2026-04-29 stage restructure,2026-04-29 15:46:03,UPDATE
006WR00000ywBJuYAM,Shady Hollow Pvt Road,StageName,Prospecting,Prospects,2026-04-29 stage restructure,2026-04-29 15:46:03,UPDATE
006WR00000ywBdGYAU,La Costa Altezza HOA,StageName,Prospecting,Prospects,2026-04-29 stage restructure,2026-04-29 15:46:03,UPDATE
006WR00000ywCPfYAM,Encinitas Corporate Center,StageName,Prospecting,Prospects,2026-04-29 stage restructure,2026-04-29 15:46:03,UPDATE
006WR00000ywCuIYAU,53 Melrose Promenade HOA,StageName,Prospecting,Prospects,2026-04-29 stage restructure,2026-04-29 15:46:03,UPDATE
006WR00000ywF4AYAU,Seapoint Tennis Club,StageName,Prospecting,Prospects,2026-04-29 stage restructure,2026-04-29 15:46:03,UPDATE
006WR00000ywG8IYAU,Casitas De La Costa HOA,StageName,Prospecting,Prospects,2026-04-29 stage restructure,2026-04-29 15:46:03,UPDATE
006WR00000ywIQEYA2,Rancho Montecito,StageName,Prospecting,Prospects,2026-04-29 stage restructure,2026-04-29 15:46:03,UPDATE
006WR00000ywKINYA2,Villa Trieste HOA,StageName,Prospecting,Prospects,2026-04-29 stage restructure,2026-04-29 15:46:03,UPDATE
006WR00000ywLuMYAU,Flair Encinitas HOA,StageName,Prospecting,Prospects,2026-04-29 stage restructure,2026-04-29 15:46:03,UPDATE
006WR00000ywN6YYAU,On The Park HOA,StageName,Prospecting,Prospects,2026-04-29 stage restructure,2026-04-29 15:46:03,UPDATE
006WR00000ywOYtYAM,Carlsbad Arroyo Vista HOA,StageName,Prospecting,Prospects,2026-04-29 stage restructure,2026-04-29 15:46:03,UPDATE
006WR00000ywQveYAE,La Costa Town Square,StageName,Prospecting,Prospects,2026-04-29 stage restructure,2026-04-29 15:46:03,UPDATE
006WR00000ywSNxYAM,San Pacifico HOA,StageName,Prospecting,Prospects,2026-04-29 stage restructure,2026-04-29 15:46:03,UPDATE
006WR00000ywSPbYAM,Village Park Manor,StageName,Prospecting,Prospects,2026-04-29 stage restructure,2026-04-29 15:46:03,UPDATE
006WR00000ywSW1YAM,Paseo La Jolla Pvt Road,StageName,Prospecting,Prospects,2026-04-29 stage restructure,2026-04-29 15:46:03,UPDATE
006WR00000ywSXdYAM,La Costa Greens HOA,StageName,Prospecting,Prospects,2026-04-29 stage restructure,2026-04-29 15:46:03,UPDATE
006WR00000ywSarYAE,Via Casa Del Sol HOA,StageName,Prospecting,Prospects,2026-04-29 stage restructure,2026-04-29 15:46:03,UPDATE
006WR00000ywScTYAU,Alga Hills HOA,StageName,Prospecting,Prospects,2026-04-29 stage restructure,2026-04-29 15:46:03,UPDATE
006WR00000ywSe5YAE,La Costa Ridge2 HOA,StageName,Prospecting,Prospects,2026-04-29 stage restructure,2026-04-29 15:46:03,UPDATE
006WR00000ywSkXYAU,La Costa Ridge1 HOA,StageName,Prospecting,Prospects,2026-04-29 stage restructure,2026-04-29 15:46:03,UPDATE
006WR00000ywSnlYAE,Seaside Ridge HOA,StageName,Prospecting,Prospects,2026-04-29 stage restructure,2026-04-29 15:46:03,UPDATE
006WR00000ywSpNYAU,Seabluffe Villages HOA,StageName,Prospecting,Prospects,2026-04-29 stage restructure,2026-04-29 15:46:03,UPDATE
006WR00000ywSqzYAE,Sandalwood HOA,StageName,Prospecting,Prospects,2026-04-29 stage restructure,2026-04-29 15:46:03,UPDATE
006WR00000ywSsbYAE,The Summit HOA,StageName,Prospecting,Prospects,2026-04-29 stage restructure,2026-04-29 15:46:03,UPDATE
006WR00000ywSuDYAU,Santa Fe Business Park,StageName,Prospecting,Prospects,2026-04-29 stage restructure,2026-04-29 15:46:03,UPDATE
006WR00000ywSvpYAE,Encinitas Town and Country Business Park,StageName,Prospecting,Prospects,2026-04-29 stage restructure,2026-04-29 15:46:03,UPDATE
006WR00000ywT77YAE,Pacifica HOA,StageName,Prospecting,Prospects,2026-04-29 stage restructure,2026-04-29 15:46:03,UPDATE
006WR00000ywT8jYAE,Emerald Point HOA,StageName,Prospecting,Prospects,2026-04-29 stage restructure,2026-04-29 15:46:03,UPDATE
006WR00000ywTALYA2,Rancho Santalina HOA,StageName,Prospecting,Prospects,2026-04-29 stage restructure,2026-04-29 15:46:03,UPDATE
006WR00000ywTGnYAM,674 Via De La Valle,StageName,Prospecting,Prospects,2026-04-29 stage restructure,2026-04-29 15:46:03,UPDATE
006WR00000ywTIPYA2,Haidenger Center,StageName,Prospecting,Prospects,2026-04-29 stage restructure,2026-04-29 15:46:03,UPDATE
006WR00000ywTLdYAM,Seagate Terrace,StageName,Prospecting,Prospects,2026-04-29 stage restructure,2026-04-29 15:46:03,UPDATE
006WR00000ywTS5YAM,Valley of Dreams Mobile Village,StageName,Prospecting,Prospects,2026-04-29 stage restructure,2026-04-29 15:46:03,UPDATE
006WR00000ywTThYAM,Quail Gardens,StageName,Prospecting,Prospects,2026-04-29 stage restructure,2026-04-29 15:46:03,UPDATE
006WR00000ywTWvYAM,127 W. Glaucus,StageName,Prospecting,Prospects,2026-04-29 stage restructure,2026-04-29 15:46:03,UPDATE
006WR00000ywTa9YAE,127 W Glaucus St - A,StageName,Prospecting,Prospects,2026-04-29 stage restructure,2026-04-29 15:46:03,UPDATE
006WR00000ywTblYAE,"437 S Highway 101, 101-110",StageName,Prospecting,Prospects,2026-04-29 stage restructure,2026-04-29 15:46:03,UPDATE
006WR00000ywTdNYAU,"225 S. Hwy 101 , 17",StageName,Prospecting,Prospects,2026-04-29 stage restructure,2026-04-29 15:46:03,UPDATE
006WR00000ywTgbYAE,Surfsong,StageName,Prospecting,Prospects,2026-04-29 stage restructure,2026-04-29 15:46:03,UPDATE
006WR0000112fikYAA,Fox Point,StageName,Prospecting,Prospects,2026-04-29 stage restructure,2026-04-29 15:46:03,UPDATE
006WR000011367rYAA,Sand Piper Point,StageName,Prospecting,Prospects,2026-04-29 stage restructure,2026-04-29 15:46:03,UPDATE
006WR000011CrIpYAK,TEST PROPERTY 3,StageName,Prospecting,Prospects,2026-04-29 stage restructure,2026-04-29 15:46:03,UPDATE
006WR000011a3xbYAA,1404 Chico Hwy MHP,StageName,Prospecting,Prospects,2026-04-29 stage restructure,2026-04-29 15:46:03,UPDATE
006WR000011aP8ZYAU,Deerfield Clubhouse Apartments,StageName,Prospecting,Prospects,2026-04-29 stage restructure,2026-04-29 15:46:03,UPDATE
006WR000011aevbYAA,Church Hill Apartments,StageName,Prospecting,Prospects,2026-04-29 stage restructure,2026-04-29 15:46:03,UPDATE
006WR000011anIzYAI,Alhambra Apartments,StageName,Prospecting,Prospects,2026-04-29 stage restructure,2026-04-29 15:46:03,UPDATE
006WR000011arrAYAQ,740 E 3rd Ave,StageName,Prospecting,Prospects,2026-04-29 stage restructure,2026-04-29 15:46:03,UPDATE
006WR000011awSdYAI,Lookout Ridge Apartments,StageName,Prospecting,Prospects,2026-04-29 stage restructure,2026-04-29 15:46:03,UPDATE
006WR000011bOryYAE,Stone Plaza Apartments,StageName,Prospecting,Prospects,2026-04-29 stage restructure,2026-04-29 15:46:03,UPDATE
006WR000011bPfxYAE,Dundee Creek Apartments,StageName,Prospecting,Prospects,2026-04-29 stage restructure,2026-04-29 15:46:03,UPDATE
006WR000011bcuxYAA,Ville de Sante Apartments,StageName,Prospecting,Prospects,2026-04-29 stage restructure,2026-04-29 15:46:03,UPDATE
006WR000011bsupYAA,Benson Apartments,StageName,Prospecting,Prospects,2026-04-29 stage restructure,2026-04-29 15:46:03,UPDATE
006WR000011bxo2YAA,Sunset Arms,StageName,Prospecting,Prospects,2026-04-29 stage restructure,2026-04-29 15:46:03,UPDATE
006WR000011c5C6YAI,5120-5128 NW Radial Hwy,StageName,Prospecting,Prospects,2026-04-29 stage restructure,2026-04-29 15:46:03,UPDATE
006WR000011cBNzYAM,Seaside Commons,StageName,Prospecting,Prospects,2026-04-29 stage restructure,2026-04-29 15:46:03,UPDATE
006WR000011cGDyYAM,University Place Townhomes,StageName,Prospecting,Prospects,2026-04-29 stage restructure,2026-04-29 15:46:03,UPDATE
006WR000011cMfyYAE,Discovery Village at Alliance Town Center (Riverside),StageName,Prospecting,Prospects,2026-04-29 stage restructure,2026-04-29 15:46:03,UPDATE
006WR000011cNVaYAM,Autumn Heights,StageName,Prospecting,Prospects,2026-04-29 stage restructure,2026-04-29 15:46:03,UPDATE
006WR000011cWnNYAU,6302 Boyd Street,StageName,Prospecting,Prospects,2026-04-29 stage restructure,2026-04-29 15:46:03,UPDATE
006WR000011cWtpYAE,Heritage Apartments,StageName,Prospecting,Prospects,2026-04-29 stage restructure,2026-04-29 15:46:03,UPDATE
006WR000011cWvRYAU,Sandra Ann Apartments,StageName,Prospecting,Prospects,2026-04-29 stage restructure,2026-04-29 15:46:03,UPDATE
006WR000011caB3YAI,Contestoga Crossing,StageName,Prospecting,Prospects,2026-04-29 stage restructure,2026-04-29 15:46:03,UPDATE
006WR000011kit1YAA,ROE - 309 E AVENUE C KILLEEN TX,StageName,Prospecting,Prospects,2026-04-29 stage restructure,2026-04-29 15:46:03,UPDATE
006WR000011kit4YAA,ROE - 1650 S FM 51  DECATUR TX,StageName,Prospecting,Prospects,2026-04-29 stage restructure,2026-04-29 15:46:03,UPDATE
006WR000011kit6YAA,ROE - 200 COUNTY ROAD 306  JARRELL TX,StageName,Prospecting,Prospects,2026-04-29 stage restructure,2026-04-29 15:46:03,UPDATE
006WR000011kit8YAA,ROE - 2202 US HIGHWAY 380  BRIDGEPORT TX,StageName,Prospecting,Prospects,2026-04-29 stage restructure,2026-04-29 15:46:03,UPDATE
006WR000011kitFYAQ,ROE - 600 INDIAN TRAIL DR HARKER HEIGHTS TX,StageName,Prospecting,Prospects,2026-04-29 stage restructure,2026-04-29 15:46:03,UPDATE
006WR000011kitJYAQ,ROE - 1538 E SOUTHLAKE BLVD SOUTHLAKE TX,StageName,Prospecting,Prospects,2026-04-29 stage restructure,2026-04-29 15:46:03,UPDATE
006WR000011kitSYAQ,ROE - 1401 S HIGHWAY 287  DECATUR TX,StageName,Prospecting,Prospects,2026-04-29 stage restructure,2026-04-29 15:46:03,UPDATE
006WR000011kjHZYAY,ROE - 1830 S ALMA SCHOOL RD MESA AZ,StageName,Prospecting,Prospects,2026-04-29 stage restructure,2026-04-29 15:46:03,UPDATE
006WR000011kjHbYAI,ROE - 1012 S STAPLEY DR MESA AZ,StageName,Prospecting,Prospects,2026-04-29 stage restructure,2026-04-29 15:46:03,UPDATE
006WR000011kjHeYAI,ROE - 2120 W GUADALUPE RD MESA AZ,StageName,Prospecting,Prospects,2026-04-29 stage restructure,2026-04-29 15:46:03,UPDATE
006WR000011kjHgYAI,ROE - 2051 S DOBSON RD MESA AZ,StageName,Prospecting,Prospects,2026-04-29 stage restructure,2026-04-29 15:46:03,UPDATE
006WR000011kjHkYAI,ROE - 2050 W GUADALUPE RD MESA AZ,StageName,Prospecting,Prospects,2026-04-29 stage restructure,2026-04-29 15:46:03,UPDATE
006WR000011kjHlYAI,ROE - 2345 S ALMA SCHOOL RD MESA AZ,StageName,Prospecting,Prospects,2026-04-29 stage restructure,2026-04-29 15:46:03,UPDATE
006WR000011kjHmYAI,ROE - 2740 S ALMA SCHOOL RD MESA AZ,StageName,Prospecting,Prospects,2026-04-29 stage restructure,2026-04-29 15:46:03,UPDATE
006WR000011kjHnYAI,ROE - 835 E SOUTHERN AVE MESA AZ,StageName,Prospecting,Prospects,2026-04-29 stage restructure,2026-04-29 15:46:03,UPDATE
006WR000011kjHpYAI,ROE - 1916 W BASELINE RD MESA AZ,StageName,Prospecting,Prospects,2026-04-29 stage restructure,2026-04-29 15:46:03,UPDATE
006WR000011kjHuYAI,ROE - 303 E SOUTHERN AVE MESA AZ,StageName,Prospecting,Prospects,2026-04-29 stage restructure,2026-04-29 15:46:03,UPDATE
006WR000011kjHzYAI,ROE - 2023 W GUADALUPE RD MESA AZ,StageName,Prospecting,Prospects,2026-04-29 stage restructure,2026-04-29 15:46:03,UPDATE
006WR000011kjI3YAI,ROE - 1819 S DOBSON RD MESA AZ,StageName,Prospecting,Prospects,2026-04-29 stage restructure,2026-04-29 15:46:03,UPDATE
006WR000011kjI4YAI,ROE - 1924 S MACDONALD  MESA AZ,StageName,Prospecting,Prospects,2026-04-29 stage restructure,2026-04-29 15:46:03,UPDATE
006WR000011kjI7YAI,ROE - 1940 S COUNTRY CLUB DR MESA AZ,StageName,Prospecting,Prospects,2026-04-29 stage restructure,2026-04-29 15:46:03,UPDATE
006WR000011kjI8YAI,ROE - 1950 S COUNTRY CLUB DR MESA AZ,StageName,Prospecting,Prospects,2026-04-29 stage restructure,2026-04-29 15:46:03,UPDATE
006WR000011kjI9YAI,ROE - 4446 E UNIVERSITY DR MESA AZ,StageName,Prospecting,Prospects,2026-04-29 stage restructure,2026-04-29 15:46:03,UPDATE
006WR000011kjIAYAY,ROE - 63 N GREENFIELD RD MESA AZ,StageName,Prospecting,Prospects,2026-04-29 stage restructure,2026-04-29 15:46:03,UPDATE
006WR000011kjIGYAY,ROE - 255 E SOUTHERN AVE MESA AZ,StageName,Prospecting,Prospects,2026-04-29 stage restructure,2026-04-29 15:46:03,UPDATE
006WR000011kjIHYAY,ROE - 420 E SOUTHERN AVE MESA AZ,StageName,Prospecting,Prospects,2026-04-29 stage restructure,2026-04-29 15:46:03,UPDATE
006WR000011kjILYAY,ROE - 2121 W GUADALUPE RD MESA AZ,StageName,Prospecting,Prospects,2026-04-29 stage restructure,2026-04-29 15:46:03,UPDATE
006WR000011kjINYAY,ROE - 4406 E MAIN ST MESA AZ,StageName,Prospecting,Prospects,2026-04-29 stage restructure,2026-04-29 15:46:03,UPDATE
006WR000011kjIOYAY,ROE - 935 E MAIN ST MESA AZ,StageName,Prospecting,Prospects,2026-04-29 stage restructure,2026-04-29 15:46:03,UPDATE
006WR000011kjIPYAY,ROE - 2667 W BASELINE RD MESA AZ,StageName,Prospecting,Prospects,2026-04-29 stage restructure,2026-04-29 15:46:03,UPDATE
006WR000011kjIQYAY,ROE - 1060 E SOUTHERN AVE MESA AZ,StageName,Prospecting,Prospects,2026-04-29 stage restructure,2026-04-29 15:46:03,UPDATE
006WR000011kjIRYAY,ROE - 1116 S STAPLEY DR MESA AZ,StageName,Prospecting,Prospects,2026-04-29 stage restructure,2026-04-29 15:46:03,UPDATE
006WR000011kjISYAY,ROE - 347 E SOUTHERN AVE MESA AZ,StageName,Prospecting,Prospects,2026-04-29 stage restructure,2026-04-29 15:46:03,UPDATE
006WR000011kjIVYAY,ROE - 4410 E UNIVERSITY DR MESA AZ,StageName,Prospecting,Prospects,2026-04-29 stage restructure,2026-04-29 15:46:03,UPDATE
006WR000011kjIWYAY,ROE - 535 W BASELINE RD MESA AZ,StageName,Prospecting,Prospects,2026-04-29 stage restructure,2026-04-29 15:46:03,UPDATE
006WR000011kjIXYAY,ROE - 555 W IRON AVE MESA AZ,StageName,Prospecting,Prospects,2026-04-29 stage restructure,2026-04-29 15:46:03,UPDATE
006WR000011kjJ0YAI,ROE - 201 E CENTRAL TEXAS EXPY HARKER HEIGHTS TX,StageName,Prospecting,Prospects,2026-04-29 stage restructure,2026-04-29 15:46:03,UPDATE
006WR000011kjJ5YAI,ROE - 1013 W UNIVERSITY AVE GEORGETOWN TX,StageName,Prospecting,Prospects,2026-04-29 stage restructure,2026-04-29 15:46:03,UPDATE
006WR000011kjJ6YAI,ROE - 1711 E CENTRAL TEXAS EXPY KILLEEN TX,StageName,Prospecting,Prospects,2026-04-29 stage restructure,2026-04-29 15:46:03,UPDATE
006WR000011kjJ7YAI,ROE - 900 N AUSTIN AVE GEORGETOWN TX,StageName,Prospecting,Prospects,2026-04-29 stage restructure,2026-04-29 15:46:03,UPDATE
006WR000011kjJBYAY,ROE - 1019 W UNIVERSITY AVE GEORGETOWN TX,StageName,Prospecting,Prospects,2026-04-29 stage restructure,2026-04-29 15:46:03,UPDATE
006WR000011kjJDYAY,ROE - 3600 E UNIVERSITY AVE GEORGETOWN TX,StageName,Prospecting,Prospects,2026-04-29 stage restructure,2026-04-29 15:46:03,UPDATE
006WR000011kjJEYAY,ROE - 1816 S FM 51  DECATUR TX,StageName,Prospecting,Prospects,2026-04-29 stage restructure,2026-04-29 15:46:03,UPDATE
006WR000011kjJJYAY,ROE - 501 W ELMS RD KILLEEN TX,StageName,Prospecting,Prospects,2026-04-29 stage restructure,2026-04-29 15:46:03,UPDATE
006WR000011kjJKYAY,ROE - 1015 W UNIVERSITY AVE GEORGETOWN TX,StageName,Prospecting,Prospects,2026-04-29 stage restructure,2026-04-29 15:46:03,UPDATE
006WR000011kjJNYAY,ROE - 301 E AVENUE D KILLEEN TX,StageName,Prospecting,Prospects,2026-04-29 stage restructure,2026-04-29 15:46:03,UPDATE
006WR000011kjJOYAY,ROE - 107 HALMAR CV GEORGETOWN TX,StageName,Prospecting,Prospects,2026-04-29 stage restructure,2026-04-29 15:46:03,UPDATE
006WR000011kjJSYAY,ROE - 2904 TRIMMIER RD KILLEEN TX,StageName,Prospecting,Prospects,2026-04-29 stage restructure,2026-04-29 15:46:03,UPDATE
006WR000011kjJTYAY,ROE - 302 MILLERS XING HARKER HEIGHTS TX,StageName,Prospecting,Prospects,2026-04-29 stage restructure,2026-04-29 15:46:03,UPDATE
006WR000011kjJXYAY,ROE - 105 HALMAR CV GEORGETOWN TX,StageName,Prospecting,Prospects,2026-04-29 stage restructure,2026-04-29 15:46:03,UPDATE
006WR000011kjJdYAI,ROE - 1000 MEDICAL DR KILLEEN TX,StageName,Prospecting,Prospects,2026-04-29 stage restructure,2026-04-29 15:46:03,UPDATE
006WR000011kjJnYAI,ROE - 180 TOWN CENTER BLVD JARRELL TX,StageName,Prospecting,Prospects,2026-04-29 stage restructure,2026-04-29 15:46:03,UPDATE
006WR000011kjJrYAI,ROE - 4003 W STAN SCHLUETER LOOP KILLEEN TX,StageName,Prospecting,Prospects,2026-04-29 stage restructure,2026-04-29 15:46:03,UPDATE
006WR000011kjJvYAI,ROE - 710 W RANCIER AVE KILLEEN TX,StageName,Prospecting,Prospects,2026-04-29 stage restructure,2026-04-29 15:46:03,UPDATE
006WR000011kjJwYAI,ROE - 716 INDIAN TRAIL DR HARKER HEIGHTS TX,StageName,Prospecting,Prospects,2026-04-29 stage restructure,2026-04-29 15:46:03,UPDATE
006WR000011kjK0YAI,ROE - 242 STATE ST SOUTHLAKE TX,StageName,Prospecting,Prospects,2026-04-29 stage restructure,2026-04-29 15:46:03,UPDATE
006WR000011kjK2YAI,ROE - 1200 LOWES BLVD KILLEEN TX,StageName,Prospecting,Prospects,2026-04-29 stage restructure,2026-04-29 15:46:03,UPDATE
006WR000011kjK4YAI,ROE - 2006 N WS YOUNG DR KILLEEN TX,StageName,Prospecting,Prospects,2026-04-29 stage restructure,2026-04-29 15:46:03,UPDATE
006WR000011kjK7YAI,ROE - 3106 S WS YOUNG DR KILLEEN TX,StageName,Prospecting,Prospects,2026-04-29 stage restructure,2026-04-29 15:46:03,UPDATE
006WR000011kjKCYAY,ROE - 902 W CENTRAL TEXAS EXPY KILLEEN TX,StageName,Prospecting,Prospects,2026-04-29 stage restructure,2026-04-29 15:46:03,UPDATE
006WR000011kjKEYAY,ROE - 1021 W UNIVERSITY AVE GEORGETOWN TX,StageName,Prospecting,Prospects,2026-04-29 stage restructure,2026-04-29 15:46:03,UPDATE
006WR000011kjKMYAY,ROE - 937 FM 1821 HWY MINERAL WELLS TX,StageName,Prospecting,Prospects,2026-04-29 stage restructure,2026-04-29 15:46:03,UPDATE
006WR000011kjKNYAY,ROE - 6723 MID-CITIES BLVD N RICHLAND HILLS TX,StageName,Prospecting,Prospects,2026-04-29 stage restructure,2026-04-29 15:46:03,UPDATE
