Source,State,AgreeName,Address,Units,Active Units,FDH Activation Date,City,RE Assigned,ROE Executed Date,PAL Executed Date,RE Status,Closed Date,Closed Bucket,Closed Notes,Existing Fiber Provider,Off Hold/Exp Date,Notes,Management Company,Owner/Property Contact
Site Data,AZ,Mesa_MDU_SOUTHERN AND STAPLEY TOWNHOMES,1119 S STAPLEY DR UNIT 101 MESA AZ 85204,20,0,5/30/2025,Mesa,TF,,,Closed - Lost,46055,Existing Fiber,,,,1/24/26 no owner contact info. 1/29/26 having field check done to determine if this new build condos to rent property has fiber to the unit already. 2/2/26 field visit determined only coax available.,,HOA: Southern & Stapley Community Association. Condos: Villge Crossing at Stapley Owner LLC
Site Data,AZ,Mesa_MDU_Los Pinos Apartments,1206 E 9TH AVE MESA AZ 85204,10,0,5/30/2025,Mesa,TF,,,Closed - Market Reviewed,46087,Contact Info,No contact info for owner. Mailed ROE letter to tax address. No response.,,,"Need local support for owner/PM contact info 2/24/26 field support provided management info. Spoke w/ Frank, sold Biz to Pure 5 years ago. Sent inquiry thru website for PM 3/5 VM",All Az Property Management & Pure Property Management 480-969-1818 automated system. az.purepm.co  /formerly Bennett Prop MgmtFrank 480-688-1818,"RMR Investments LLC, PO Box 22223, Mesa, AZ 85277. Parcel # 139-53-083D parcel address is 859 S Stapley and includes several addresses."
Site Data,AZ,Mesa_MDU_707-715 E Dana 135 S Ashland,135 S ASHLAND MESA AZ 85204,11,0,6/20/2025,Mesa,TF,,,Closed - Market Reviewed,46077,Contact Info,No contact info for owner. Mailed ROE letter to tax address. No response. 2/24/26 local field support had no info,,,Need local support for owner/PM contact info,,"Fuller Family Trust 526 E Laurel Ave, Glendora, CA 91740"
Site Data,AZ,Mesa_MDU_202-228 E 2nd Ave,202 E 2ND AVE MESA AZ 85210,10,0,8/22/2025,Mesa,TF,,,Closed - Lost,46087,Not Interested,,,,"5 duplexes on single parcel. listed for sale 1/6/2026. 1/27/26 Tried calling, VM not set up. Sent email. 2/6/26 unable to VM 2/10/26 tried calling, resent email. since property listed for sale, with ROE, he can market fiber connectivity. 3/6 Called, can't leave msg. Closed.",,Green Jay Properties LLC c/o Andrew Peters 702-686-1251 andrew.peters15@gmail.com
Site Data,AZ,Mesa_MDU_LaMar Apartments,215 E 1ST AVE UNIT 101 MESA AZ 85210,18,0,7/30/2025,Mesa,TF,,,Closed - Lost,46107,Not Interested,,,,"Need local support for owner/PM contact info 2/24/26 field support provided leasing contact. # wasn't in service. Found her cell, spoke, she gave me onsite PM contact. Left him VM 2/26 got text from him, spoke, emailed ROE 3/6 VM/resent ROE 3/18 VM ",Romona (mona) Bleick 562-362-5823 562-400-2848m. Onsite PM Richard Tafoya 480-622-6633 rickyTAF48@gmail.com,Lamar Rentals LLC: no contact info
Site Data,AZ,Mesa_MDU_36 S Lesueur,35 S UDALL UNIT 101 MESA AZ 85204,16,0,7/30/2025,Mesa,TF,,,Closed - Lost,46055,Existing Fiber,Cox fiber to the building,,,24/26 unable to locate owner contact info. 1/29/26 having field check done to determine if this new build has fiber to the unit.2/2/26 field visit determined cox fiber to building,,Property Reserve Arizona LLC (real estate arm of the Church of Latter Day Saints). 
Site Data,AZ,Mesa_MDU_447-451 S Olive,447 S OLIVE UNIT 1 MESA AZ 85204,12,0,6/20/2025,Mesa,TF,,,Data Issue,,,"closest fiber is 1,500' to the property",,,"fiber is 1,500' away",,Olive Street Investment LLC c/o Brian Wolfe 602-451-6175 wolfesd76@gmail.com
Site Data,AZ,Mesa_MDU_El Rancho Del Sol Apts,659 E MAIN ST UNIT 101 MESA AZ 85204,22,0,7/30/2025,Mesa,TF,,,Data Issue,,,Now a 47 unit MDU that the Site Acq team is pursueing,,,This has been redeveloped to a 47 unit MDU and is included on the MDU Site Acq list.  elranchodelsolaptsaz.com,MEB Affordable Management 480-588-6822,"El Rancho Affordable Housing II LP c/o Belinda Lee, 47 unit/2 buildings.
Community Development Partners 949-467-1344o, 530-207-9893m blee@communitydevpartners.com "
Site Data,AZ,Mesa_MDU_725-732 E Dana,725 E DANA AVE UNIT 101 MESA AZ 85204,16,0,6/20/2025,Mesa,TF,,,Closed - Market Reviewed,46051,Contact Info,no contact info.  2/24/26 field support wasn't able to locate anything.,,,1/29/26 owner phone # not valid. No other contact info for owner or PM,,QTKQ Investment Holdings LLC 623-376-6311 c/o Todd Breuer 
Site Data,AZ,Mesa_MDU_Blue Ridge Apartments,819 S STAPLEY DR MESA AZ 85204,19,0,5/30/2025,Mesa,TF,,,Closed - Lost,46087,Not Interested,,,,"1/28/26 VM for Johnny 2/3/26 called several times, didn't LM 2/5/26 VM for Ellacia, send ROE 3/5 VM. Mark closed - lost since owner nor PM have responded to multiple attempts.","PM & leasing: PJ Hussey 623-930-7700, 602-320-2448. leasing: Ellacia Maxey ellacia@pjhussey.com",Blue Ridge Apartments JC LLC c/o Johnny Chiem 408-406-3517
Site Data,NE,OMAHA_MDU_Elwood Apartments,101 S 49TH AVE UNIT 1 OMAHA NE 68132,20,0,6/11/2025,OMAHA,RS,,,Closed - Lost,45772,Not Interested,"LL Denied Access - Kristina Noe <knoe@burlingtoncapital.com>  Kristina Noe
Burlington Capital, Properties
Property Manager
Elwood Apartments: (402) 558-1411
Quail Run Blair: (402) 426-9199
BCP Office: (402) 930-3042
www.burlingtoncapitalproperties.com",,,"1/29 Kristina Noe
Burlington Capital, Properties
Property Manager
Elwood Apartments & Ambassador Apts at 109 S. 49th Ave.  (402) 558-1411
Quail Run Blair: (402) 426-9199
BCP Office: (402) 930-3042
www.burlingtoncapitalproperties.com","Property Management - Burlington Capital Properties is the Leasing Office
Elwood Apartments / & Ambassodor Apts 
101-103 49th Ave, Omaha, NE 68132
(402) 697-5898 (p)","
Burlington Capital Properties 
El Wood Apartments LLC - Recorded Owner
Same property mgnt company Burlington Capital  - same as 109 S 49th Ave 
402-558-1411 (402) 697-5898 (p)"
Site Data,NE,Omaha_MDU_Cherry Hill Apts,1014 N 48TH AVE UNIT 1 OMAHA NE 68132,12,0,8/25/2025,Omaha,RS,,,Closed - Market Reviewed,46085,,"2/9 Unable to Reach LL - Need Market Assistance 
2/2 Unable to locate Property owner Info
1/22 spk with woman from North Dakota, Gold Leaf Properties, this is not same company / had to cancel ROE / comfort homes is not working EM/Phone either.  Researching a good POC. ",,,"3/4 This is not # to Cherry Hill Apts. / Market Notes:  Ellen Douglas 402-289-9388 	Cherry Hill Apartments 
Gold Leaf Properites address: 19312 Sahler St, Elkhorn NE 68022, also at this address Dville Properties, LLC
2/18 Need Market Assistance 
2/2 Unable to locate Property owner Info
1/22 spk with woman from North Dakota, Gold Leaf Properties, this is not same company / had to cancel ROE / comfort homes is not working EM/Phone either.  Researching a good POC. ","Recorded Owner - GOLD LEAF PROPERTIES LLC 
","Comfort Homes, Inc.- True Owner: 
GOLD LEAF PROPERTIES LLC -Recorded Owner - 
Parcel ID (PIN) - 0752790002
Not the Owner: Julian R Stewart (919) 553-3242 Clayton, NC 27520"
Site Data,NE,Omaha_MDU_1015 N 47TH AVE,1015 N 47TH AVE UNIT 1 OMAHA NE 68132,12,0,8/25/2025,Omaha,RS,,,Closed - Market Reviewed,46055,,"2/9 Unable to Reach LL - Need Market Assistance 
2/2 Unable to locate POC/owner info
1/22 No working phone numbers or emails to reach owners. ",,,"3/4 Market Notes: No Viable Info 
2/18 Need Market Assistance 
2/2 Unable to locate POC/owner info
1/22 No working phone numbers or emails to reach owners. ","Parcel ID (PIN) - 2405810000
Recorded Owner- Khorram Capital LLC","Rob Khorram
Khorram Capital LLC"
Site Data,NE,Omaha_MDU_1016 N 47TH AVE,1016 N 47TH AVE UNIT 1 OMAHA NE 68132,18,0,8/25/2025,Omaha,RS,,,Closed - Lost,46057,Not Interested,"2/4 Spk to Marvin, property owners not interested. ",,,"2/4 Spk to Marvin, property owners not interested. 
2/3 VM/EM to Marvin / LL unresponsive
1/22 sent Marvin the Prop. Mgr ROE ","Property Management -Haycon 
1016 N 47th Ave, Omaha, NE 68132 
 (402) 342-1005 (p) Marvin
omahapropertymanagement.com  / frontdesk@myoppm.com","Mary E Vandenack 
Alansco Ltd-Recorded Owner: 
3568 Dodge St, Omaha, NE 68131
1705 County Road 6, Yutan, NE 68073
(402) 625-2064 (p) not working 
Owner: Mary Vandenack  (402) 625-2151 (p) Office "
Site Data,NE,OMAHA_MDU_108 S 49TH AVE,"108 S 49TH AVE UNIT 1 OMAHA NE 68132
Casa Linda Apartments",13,0,6/11/2025,OMAHA,RS,,,Closed - Lost,46057,Not Interested,2/4 LL not interested ,,,"
2/4 LL Not interested
2/3 EM/ VM to Dee / LL unresponsive 
1/22 LMTCB w/ Dee / EM ROE to Dee  - Casa Linda Apartments ","Parcel ID (PIN) - 0954280000
Property Address - 108 S 49 AV 
MIDTOWN REALTY & MANAGEMENT
DEE@OMAHAMIDTOWN.COM  / Casa Linda Apts 
Phone: (402) 342-2322","
KATHLEEN FAIER LIVING TRUST
C/O FAIER PROPERTIES
511 TURNER BLVD
OMAHA, NE 68105
PIN  0954280000"
Site Data,NE,OMAHA_MDU_AMBASSADOR APARTMENTS,109 S 49TH AVE UNIT 101 OMAHA NE 68132,20,0,6/11/2025,OMAHA,RS,,,Closed - Lost,46045,Not Interested,"Older Bldgs, Property owner does not allow any type of internet or new equipment installs in buildings (Addresses are 101, 103, 109, 111, 113 S 49th and 4915 Dodge Locations) ",,,"1/29 Kristina Noe
Burlington Capital, Properties
Property Manager
Elwood Apartments & Ambassador Apts at 109 S. 49th Ave.  (402) 558-1411
Quail Run Blair: (402) 426-9199
BCP Office: (402) 930-3042
www.burlingtoncapitalproperties.com
Owner - ELWOOD APARTMENTS LLC 
Property Address - 101 S 49 AV
and 
Parcel ID (PIN) - 0513106042
Owner - 111 S 49TH AVE LLC 
Property Address - 109 S 49 AV","Property Management - Burlington Capital Properties 
Ambassador Apartments
109 S 49th Ave, Omaha, NE 68132
(402) 444-1630 (p)","Burlington Capital Properties 
Katherine Krauss- True Owner: 
111 S 49th Ave LLC - Recorded Owner: 
Parcel ID 1310-6042-05
5122 Capitol Ave, Omaha, NE 68132
(212) 529-0645 (p)
"
Site Data,NE,Omaha_MDU_1115-1117 N 48TH ST,"1115 N 48TH ST UNIT 1 OMAHA NE 68132
1115 N 48th Ave - Cottonwood Apartments
ADDRESSSES ASSOCIATED: 1121, 1130, 1115, 1120 N 48TH ST. / 4758, 4754, 4756,4752 NICHOLAS ST ",19,0,8/25/2025,Omaha,RS,,,Data Issue,45964,Other,PAL in Process,,,1/23 Melissa to confirm if PAL was obtain in Nov 2024 w/ Bulk deal on several properties ,"Paladino Development 
(402) 763-0311 (p) 
Victor Ramirez  402-708-1211  pdgdirector@paladinodevelopmentgroup.com","
CORSICA APARTMENTS LLC 
Property Address - 1115 N 48 ST 
Parcel ID (PIN) - 2407920001"
Site Data,NE,Omaha_MDU_1121 N 48TH ST,1121 N 48TH ST UNIT 1 OMAHA NE 68132,17,0,8/25/2025,Omaha,RS,,,Data Issue,45964,Other,PAL in Process,,,1/23 Melissa to confirm if PAL was obtain in Nov 2024 w/ Bulk deal on several properties ,"Paladino Development 
(402) 763-0311 (p) 
Victor Ramirez  402-708-1211  pdgdirector@paladinodevelopmentgroup.com","Paladino Development 
(402) 763-0311 (p) 
Victor Ramirez  402-708-1211  pdgdirector@paladinodevelopmentgroup.com
CORSICA APARTMENTS LLC
Parcel ID (PIN) - 2407920001
Property Address - 1115 N 48 ST "
Site Data,NE,Omaha_MDU_Kelli-Gene Apts,1308 N 40TH ST UNIT 1 OMAHA NE 68131,23,0,11/3/2025,Omaha,RS,,,Closed - Market Reviewed,46070,,Cannot connect back with Property Owner. ,,,"3/4 LL unresponsive /closed 
2/18 Need Market Assistance 
2/17/26 LMTCB w/ Owner / Closed Need Market Assistance 
2/12 LMTCB both numbers no response  Sasha 
2/9 LMTCB / Both Apts and Shaniah.  / no response. 
2/4 LMTCB / Both Apts complex and Shnaiah. 
2/3 FU EM to Shaniah on ROE 
1/23 ROE via Ironclad - LL responded with interest and inquired about security system option w FF - Requested Melissa Baker give LL a call to go over options","Kelly Gene Apartments  402-397-8700 Peterson  Bros Realty -
Shnaiah Mounga - owner (303) 656-3662 ","Shnaiah Mounga
Parcel ID (PIN) - 2538400001
351 W 1450 S OREM, UT 84058
True Owner  Shnaiah Mounga - owner
 (303) 656-3662 
1601 Vinton St, Omaha, NE 68108
shnaiahmounga@kanayarealestate.com"
Site Data,NE,Omaha_MDU_Carthage Apartments,"
1312 N 49TH AVE UNIT 1 OMAHA NE 68132",12,0,9/22/2025,Omaha,RS,,,Closed - Lost,46056,Not Interested,2/3/26 Adam Watson denied access ,,,"2/3 Adam Not interested in Install/ removed from list / cancelled ROE 
1/23 ROE sent via Ironclad to Adam Watson - LL owns 2 properties / He inquired if we could give a bonus deal like cox / kick back on when tenants sign up  - I referred him to Melissa Baker to answer questions on perks of FF incentives ","The Carthage Apts 12 units
Parcel ID (PIN) - 0752040000
ROE to Adam directly, he also inquired about ""sign on bonus"" same as what COX offered per sign up of tenants,   referred him to Melissa to answer these questions. ","WATSON PROPERTIES LLC
2125 S 114th St, Omaha, NE 68144
Adam Watson
1125 South 96th Street, Omaha NE 68124
Cell: 402.319.6105
watsoncompanies@gmail.com
Owner - DUNDEE CREEK APARTMENTS ETAL 
Property Address - 1312 N 49 AV 
Recorded Owner Dundee Creek Apartments, LLC
4901 Hamilton St Omaha, NE 68132
(402) 399-8400 (p)"
Site Data,NE,Omaha_MDU_Hamilton Apartments,1325 N 49TH AVE UNIT 1 OMAHA NE 68132,12,0,9/22/2025,Omaha,RS,,,Closed - Lost,46056,Not Interested,2/3/26 Adam Watson denied access ,,,"2/3 Adam Not interested in Install/ removed from list 
1/23 ROE sent via Ironclad  to Adam Watson - LL owns 2 properties / He inquired if we could give a bonus deal like cox / kick back on when tenants sign up  - I referred him to Melissa Baker to answer questions on perks of FF incentives "," 12 units
PIN  0751940000 -
Property Address:1309 N 49 AV
ROE to Adam directly, he also inquired about ""sign on bonus"" same as what COX offered per sign up of tenants,   referred him to Melissa to answer these questions. ","WATSON PROPERTIES LLC
2125 S 114th St Omaha, NE 68144
Adam Watson
1125 South 96th Street, Omaha NE 68124
Cell: 402.319.6105
watsoncompanies@gmail.com
Owner Name-DUNDEE CREEK APARTMENTS ETAL 
Recorded OwnerDundee Creek Apartments, LLC
4901 Hamilton St Omaha, NE 68132
(402) 399-8400 (p)"
Site Data,NE,OMAHA_MDU_1410 N 45th St_APTS,1410 N 45TH ST UNIT 1 OMAHA NE 68132,12,0,8/7/2025,OMAHA,RS,,,Closed - Market Reviewed,46085,,Cannot connect back with Property Owner. ,,,"3/4 Cancelled ROE LMTCB  Market Notes: 844-311-4368 ext. 1400 - not a good number / call goes nowhere.  managed by Chronicles Properties
2/17/26 LMTCB w/ Owner / Closed 2/18 Need Market Assistance  
2/12  VM / EM to Chad w/reminder to sign ROE that was ent 1/23
2/10 VM / EM to Chad w/reminder to sign ROE that was ent 1/23
2/4 LMTCB w/Chad. EM reminder to sign ROE  to Chad 
2/3 F/U EM on ROE
1/23 ROE sent via Ironclad to Chad ","Chad Beeman
(402) 416-7660 (p)
BSCB LLC","BSCB LLC
Chad Beeman-True Owner - 
Parcel ID (PIN) - 2152170000
Property Address - 1410 N 45 ST 
( 1410 & 1412 N 45th St.) associated addresses
D-pack LLC
(402) 416-7660 (p)  ckbeeman@hotmail.com"
Site Data,NE,Omaha_MDU_Caroline,1616 - 1618 MILITARY AVE UNIT 3 OMAHA NE 68111,10,0,10/7/2025,Omaha,RS,46076,,Completed,46076,,ROE Obtained,,,"2/23 FE ROE MDU - They have multiple properties (40 locations) they requested a ""Bulk Incentive""  I passed this new opportunity onto Fiber First. Melissa Baker. . 
2/17/Sent reminder via Ironclad to sign ROE 
2/12 Sent reminder via Ironclad to sign ROE 
2/10 Spk to Marliese, she is checking her email, I will resent ROE , she was too busy to talk on phone. 
2/3 FU EM on ROE to Marliese
1/26 Spk to Marlise Dishaw explained our proposal, she will look at ROE","Arthur J / Mary E Schon Trst
2900 Douglas St. O,NE68131
marlisedishaw@gmail.com - 402-616-4376
402-345-9944 /  Holly is Front Desk POC if we need Apt Access for FF. ","SCHON ENTERPRISES LLC
Parcel ID 2146070000
POC:  Mark Dishaw – 402-214-3775 mark.multivest@gmail.com 
marlisedishaw@gmail.com"
Site Data,NE,Omaha_MDU_Margaret Mae,1806 MILITARY AVE UNIT 1 OMAHA NE 68111,17,0,10/7/2025,Omaha,RS,,,Closed - Lost,46057,Not Interested,"Son w/manages the property for owner, does not want any equipment installed on property. Closed opportunity",,,"2/4 Spk to Carol - her son does not want to have any equipment installed at building. 
2/3 FU VM to Carol to see if she recived ROE in Mail / 
1/20 ROE sent via US Mail / Carol has no EM / She will discuss w/her son. ","Carol Christiansen
4107 Izard St, Omaha, NE 68131
(402) 556-2893 (p)","
Carol Christiansen
Parcel ID 2146740000
4107 Izard St, Omaha, NE 68131
(402) 556-2893 (p)"
Site Data,NE,Omaha_MDU_Northbrook Apartments,"1825 NW RADIAL HWY UNIT 1 OMAHA NE 68104 
Northbrook Apartments ",23,0,10/7/2025,Omaha,RS,,,Closed - Lost,46085,Not Interested,LL has no interest ,,,"3/4 Market Notes: 402-885-7800  - LL not interested in proposal. / This is Havenview Northbrook Apartments 
2/18 Need Market Assistance 
2/17/26 LMTCB w/ Owner / Closed need Market Assistance 
2/12 Resent the ROE to Brian/ pending signature new EM address 
2/10 LMTCB w/Broc, had resent the ROE w/name change to Brian.  
2/3 Brian will sign ROE / 
1/26 Spk with Brian, he said to send ROE to Havenview. I did . ","Parcel ID 2147050000 / Northbrook Apartments
Havenview Residential Management-  (402) 885-7800 /Brian McKernan bmckernan@uniqueprop.com - Brian's EM  management@homeathavenview.com   
Broc Gregory • Executive Vice President
402.968.9200 • broc@accesscommercial.com 
ACCESS Commercial & 
Havenview Residential Communities
Office: 402.502.1983","BRK Real Estate II LLC- Recorded Owner
1825 NW Radial Hwy, Omaha, NE 68104
True Owner- BRK Real Estate II
2836 Emporia St, Denver, CO 80238
(720) 530-9070 (p) Brian McKernan
David McKernan"
Site Data,NE,Omaha_MDU_Papio Valley Apartments,"
2004-2005 N 81ST CT OMAHA NE 68134",17,0,12/27/2023,Omaha,RS,,,Closed - Lost,46064,Not Interested,"Spoke w/Aaron Flaugh Wife, she said they are not interested in the proposal. ",,,"2/11 LL Denied Access 
2/4 VM box full / could not leave msg - EM sent as reminder. 
2/3 EM/VM to Aaron FU on ROE and inquired about other sites they own on Ville De Sante 
1/26 Spk to Owner wife, obtained EM for Aaron - sent ROE via Ironclad","Parcel ID (PIN) - 2428330006 / La Bonne Vie Apts SDI Papio La Bonne Vie LLC
Seldin - Papio Valley
2004 N 81st Ct, Omaha, NE 68134  
(402) 955-0414 (p)
Amanda Detrick - Prop. Mgr (402) 551-4243 (p)
pva@seldin.com","
Aaron Flaugh - 'parlayrent@gmail.com' flaughinc@tivejo.com
Recorded Owner:  SDI Papio La Bonne Vie Llc
Aaron Flaugh- Owner
(402) 450-2339 (p)(402) 489-4304 (m)
flaughinc@tivejo.com"
Site Data,NE,Omaha_MDU_Benson Gardens,2019 BENSON GARDENS BLVD UNIT 1 OMAHA NE 68134,12,0,8/27/2025,Omaha,RS,45800,,Completed,45800,,ROE obtained,,,"Zask Capital Management is  new owner, they signed the ROE ","Parcel ID (PIN) - 0634030000
Zask Capital  Management -Mootah Kpebane
Zask Capital Management LLC  - zaskcapital@gmail.com","SOKOMO CAPITAL PARTNERSHIP LLC 
Property Address - 2017 BENSON GARDENS BD 
Zask Capital  Management -Mootah Kpebane
Zask Capital Management LLC  - zaskcapital@gmail.com"
Site Data,NE,Omaha_MDU_2313 N 72nd St apts,2313 N 72ND ST UNIT 1 OMAHA NE 68134,9,0,7/24/2025,Omaha,RS,46049,,Completed,46049,,"ROE obtained
1/27/Community Alliance FE ROE ",,,"1/27 ROE Obtained  ddunlap@commall.org 
Don Dublap - Facilities Mgr 
Donna Poor -  402.341.5128 - dpoor@commall.org","Community Alliance Housing Management Services
Aileen Brady (abrady@commall.org) tried this email.  (A.Brady@communityalliance.com)
Deborah Kohl (D.Kohl@communityalliance.com)
(402) 341-5128 (p)
www.community-alliance.org","Community Alliance Housing
4001 Leavenworth St, Omaha, NE 68105
(402) 341-5128 (p)Parcel ID (PIN) - 0649020002
www.community-alliance.org"
Site Data,NE,Omaha_MDU_Sierra Place,2706 N 75TH ST UNIT 1 OMAHA NE 68134,23,0,12/30/2023,Omaha,RS,,,Closed - Lost,45618,Existing Fiber,Apt has Cox Exclusive Contract,Cox,,"7/24/24 Adrianna, Prop. Mgr - Villa Blanca Apartments/ Bricktown. Property Mgnt Co is Point Guard Mgnt. 
Adrianna said all tenants when they sign lease, sign a media contract stating COX would be their internet provider, and no other carrier can install equipment in the building. 

She said we cannot install any equipment in this building","Point Guard - Villa Blanca Apartments
2706 N 75th St
Omaha, NE 68134
(316) 469-5335 (p)","Christopher Pomerleau
2706 N 75TH STREET LLC
Recorded Owner 
117 S 25th St, Omaha, NE 68131
Christopher Pomerleau -True Owner: 
1508 N 180th Ave, Omaha, NE 68122
www.leavenwealth.com
Chris Pomerleau  (402) 740-6995 (p)
chris@parkaveinvesting.com"
Site Data,NE,Omaha_MDU_2922 N 54th St Apartments,2922 N 54TH ST UNIT 1 OMAHA NE 68104,12,0,7/1/2024,Omaha,RS,,,Closed - Lost,45575,Not Interested,"LL Denied Access  Jo Wood • Property Manager
402.885.7800 • jolene@homeathavenview.com
Havenview Residential Community
",,,,"Jo Wood • Property Manager
402.885.7800 • jolene@homeathavenview.com
Havenview Residential Community
4910 Dodge Street, Suite 213
Omaha, NE 68132
Office: 402.885.7800
www.homeathavenview.com","
PETROW TR THEODORA G
Parcel ID (PIN) - 1830160000
Property Address - 2922 N 54 ST "
Site Data,NE,Omaha_MDU_302 N 48th St,"302 N 48TH ST OMAHA NE 68132 
Property Legal Address: 4804 DAVENPORT ST Arboretum Apartments",11,0,9/23/2025,Omaha,RS,,,Closed - Market Reviewed,46086,Not Interested,"3/5 LL Not interested / Closed 
3/4 LMTCB / Market Notes: 402-445-0380	 / 402-709-5589 was text i received 
2/9 Unable to Reach LL - Need Market Assistance 
2/2 Unable to Reach LL / unresponsive to VM/ EM ",,,"
3/5 Per Judy , LL Not interested in proposal / closed  Judy 402-709-5589 
3/4 LMTCB / Market Notes: 402-445-0380 -Pro Properties RE Agent 
2/4 Market Assistance - LMTCB w/ Seldin/ no return call
2/3 LMTCB w/ Seldin who manages these apts. Papio Valley
1/26 - LMTCB at (402) 955-0414  Seldin -  these numbers are same company as Papio Valley La Bonne Vi South/  402-991-3100 
Arboretum Apartments","Parcel ID (PIN) - 0953150002
Owner - EINUNG ETAL TRUST JOHN D 
Property Address - 4804 DAVENPORT ST 
JOHN D EINUNG ETAL
4411 N 142 ST, OMAHA, NE 68164
 (402) 955-0414  Seldin - 
Papio Valley La Bonne Vi South/  402-991-3100 ","
John D Einung
JOHN D EINUNG ETAL TRUST Owner - 
Parcel ID (PIN) - 0953150002
Property Address 4804 DAVENPORT ST  OMAHA 68132"
Site Data,NE,Omaha_MDU_360 Skyview,"3025 MEREDITH AVE UNIT 1 OMAHA NE 68111
Northside Apartments ",26,0,12/27/2023,Omaha,RS,46064,,Completed,46064,,ROE obtained,,,"2/11 FE ROE MDU 
2/3 Pending F/U from Cornelia on status of how we were bringing fiber to bldg from PROW - LL wanted process. 
1/26 ROE to Troy Woodard  531-210-1399  / He wants to know how we can bring the fiber to his building before he signs ROE -  Cornelia to call him after she does a drive by of the property. ","Lee & Associates
Allied Properties - Troy Woodard  531-210-1399 Owner - ","Lee & Associates
Allied Properties - Troy Woodard  531-210-1399 Owner - 
Parcel ID (PIN) - 0824370002 / Northside Apts  26 Units 
Property Address - 3025 MEREDITH AV 
Recorded Owner: Allied Properties North
815 Gottsch Dr Arlington, NE 68002
Troy Woodard  531-210-1399 / twoodard528@yahoo.com
True Owner: Lee & Associates
200 S 21st St, Suite A113, Lincoln, NE 68510
(531) 721-2888 (p)
www.lee-associates.com"
Site Data,NE,Omaha_MDU_Arbor Creek Apartments,345 S 78TH ST UNIT 1 OMAHA NE 68114,14,0,8/22/2024,Omaha,RS,45526,,Completed,45526,,"ROE obtained
We have a FE ROE, but LL  adamant about not installing anything on the building until we had a service order ",,,"We have a FE ROE, but LL  adamant about not installing anything on the building until we had a service order ","Arbor Creek Apartments 
Property Management
Satyam Mistry
10306 Rosewater Pky
Bennington, NE 68007
(402) 339-2250 (p)
Sam Mistry w/ Silk Management Omaha <silkmanagementomaha@gmail.com> ","Arctic Properties LLC
True Owner- Satyam Mistry
10306 Rosewater Pky. Bennington, NE 68007
(402) 339-2250 (p)
(701) 238-8400 (p)
sbmistry1@gmail.com"
Site Data,NE,Omaha_MDU_Fontenelle Cottages,3450 N 45TH CT OMAHA NE 68104,12,0,6/15/2024,Omaha,RS,,,Closed - Lost,45541,Not Interested,"We have a FE ROE, but LL also denied drilling holes in bldg -",,,FE ROE but LL changed mind and did not want holes in bldg / ROE Denied ,"Fontenelle Cottages  12 units 
Tamara Schaefer - tschafer@holynamehousing.org","
LEO VAUGHAN MANOR LTD 
Parcel ID (PIN) - 1126490002
Property Address - 3450 N 45 CT "
Site Data,NE,NE_MDU_LARIMORE SENIOR LIVING,3483 LARIMORE AVE UNIT 1 OMAHA NE 68111,23,0,11/28/2023,NE,RS,,,Data Issue,46057,Other,PAL in progress ,,,Melissa Baker working on PAL ,Larimore Sr. Living Residences  (402-672-4149),"Larimore Sr. Living Residences
(402-672-4149)"
Site Data,NE,Omaha_MDU_Lodestone Apartments,"3525 EVANS ST UNIT 1 OMAHA NE 68111
Lodestone Apartments ",20,0,6/15/2024,Omaha,RS,,,Closed - Lost,45575,Not Interested,"LL Denied Access - Mary Johnson - owner, she runs this property as an airbnb ",,,DENIED ACCESS ,"Parcel ID (PIN) - 0541830002
Owner - 36TH & EVANS LLC 
Property Address - 3525 EVANS ST ","36TH & EVANS LLC 
11640 Calhoun Rd, Omaha, NE 68152
(402) 397-0800 (p)"
Site Data,NE,Omaha_MDU_4005 Hartman Circle,4005 HARTMAN CIR UNIT 1 OMAHA NE 68111,10,1,6/30/2025,Omaha,RS,45698,,Completed,45698,,ROE obtained,,,ROE Obtained ,"Julius Davis 
Davis Contracting LLC   info@daviscontractingllc.org / 402-298-3493","Julius Davis 
Davis Contracting LLC   info@daviscontractingllc.org / 402-298-3493"
Site Data,NE,Omaha_MDU_4015 HAMILTON ST,4015 HAMILTON ST UNIT 1 OMAHA NE 68131,10,0,11/3/2025,Omaha,RS,45987,,Completed,45987,,ROE obtained,,,ROE obtained,"Paladino Development 
(402) 763-0311 (p) 
Victor Ramirez  402-708-1211  pdgdirector@paladinodevelopmentgroup.com","Paladino Development Group
(402) 763-0311 (p) 
Victor Ramirez  402-708-1211  pdgdirector@paladinodevelopmentgroup.com
associated address: 4822- 4826 Sahler St.  (2 blds 9 apts ea) "
Site Data,NE,NE_OMAHA_SA06_FDH37_MDU_ EGAD LLC,4020 IZARD ST UNIT 101 OMAHA NE 68131,9,0,11/18/2025,NE,RS,,,Closed - Lost,46048,Existing Fiber,1/26 Spoke with Greg the owner (both buildings 4020 & 4032 Izard St.)  he has Quest Fiber and does not want any other fiber installed. ,Quest,,1/26 Access Denied ,Owner owned: they also own next door building with 8 units ,"EGAD LLC
 - 402-618-3290 -Owner: 
Parcel ID (PIN) - 2406590000
Property Address - 4020 IZARD ST 
gregc3@icloud.com
4032 IZARD ST, OMAHA, NE 68131"
Site Data,NE,Omaha_MDU_4023 HAMILTON ST,4023 HAMILTON ST UNIT 1 OMAHA NE 68131,9,0,11/3/2025,Omaha,RS,45987,,Completed,45987,,ROE obtained,,,ROE obtained,"Paladino Development 
(402) 763-0311 (p) 
Victor Ramirez  402-708-1211  pdgdirector@paladinodevelopmentgroup.com","Paladino Development Group
(402) 763-0311 (p) 
Victor Ramirez  402-708-1211  pdgdirector@paladinodevelopmentgroup.com
associated address: 4822- 4826 Sahler St.  (2 blds 9 apts ea) "
Site Data,NE,Omaha_MDU_4902_4904 N Chicago St,406 N 49TH ST UNIT 1 OMAHA NE 68132,9,0,9/30/2025,Omaha,RS,,,Closed - Lost,46057,Not Interested,"2/4 Spk with MaryAnn, she said all the property owners we inquired about were not interested in having the fiber installed. Please take off the list. ",,,"2/4 Cancelled ROE / Spk with MaryAnn, she said all the property owners we inquired about were not interested in having the fiber installed. Please take off the list. 
2/3 EM/VM F/U on ROE Status
1/26 -ROE via IC / Spk to Mindy, prop. Mgr - she gave me Owners em: Marianne - mdoner@rentpure.com ROE Sent via Ironclad.  2 Bldgs on same parcel, separate addresses. ","Pure Operating Management / 
CPM - 406 N 49th Sst
5015 Dodge St, Suite 1, Omaha, NE 68132
(402) 559-0363 (p)
www.puremgmt.com
Lily Mora-Prpperty Manager
(402) 559-0363 (p)
lmora@cpmrealty.net","Glendale Properties LLC
 -Owner -Mary Ann Doner  mdoner@rentpure.com 
Parcel ID (PIN) - 0951930000 / 2 Blds 1 parcel / 8 units 
2807 ANNABELLE Dr, BELLEVUE, NE 68123 
Property Address - 406 N 49 ST  & 4902 N CHICAGO ST OMAHA NE 68132"
Site Data,NE,Omaha_MDU_409 N 49th St,"409 N 49TH ST UNIT A OMAHA NE 68132
4822 Chicago St legal address
409, 411 N 49th as well as 4822 4824 Chicago St. on same parcel ",21,0,9/23/2025,Omaha,RS,,,Closed - Lost,46055,Existing Fiber,Existing Quantum Fiber ,Quantum Fiber,,"2/2 Quantum Fiber 
1/27 Possible PAL - Chuck/ Melissa
1/26 LMTCB w Heath Paulsen - pending return call ","Thrive Street - Buckingham Manor
4817-4821 Chicago St, Omaha, NE 68132
(402) 895-6885 (p)
Haley w/ Thrive Street Living (Prop.Mgnt) 402-739-8282 hcox@thrivestreetliving.com 
www.thrivestreetliving.com","JGC Investments LLC
Paulsen Smith Properties LLC
4823 Cass St, Omaha, NE 68132
Parcel ID (PIN) - 0953240000
Property Address - 4822 CHICAGO ST 
True Owner- Heath D Paulsen
903 Ivy Ct., Bellevue, NE 68005
Heath Paulsen -Owner (402) 393-6468 (p)
heathpaulsen@hotmail.com"
Site Data,NE,Omaha_MDU_4114-4122 N 48th St Apartments,4114 N 48TH ST UNIT 1 OMAHA NE 68104,10,0,6/15/2024,Omaha,RS,,,Closed - Lost,45589,Other, 4114-4122 N 48th St. (9 units) – this building is abandoned and all boarded up – there are no tenants living in this building. Darrin W. cancelled this location.,,,Building Abandoned,Building Abandoned,Building Abandoned
Site Data,NE,Omaha_MDU_417 N 49th St,"413 N 49TH ST UNIT 1 OMAHA NE 68132
417, 415, 413 N 49th St. also on this parcel ",16,0,45923,Omaha,RS,,,Closed - Lost,46055,Existing Fiber,Existing Quantum Fiber ,Quantum Fiber,,"1/26  Possible PAL w/ Chuck McNeely/Melissa Baker 
Spk to Haley, will send her all addresses of locations owned/managed by JGC Investments and she will see if she can help find right person. ","Haley w/ Thrive Street Living (Prop.Mgnt) 402-739-8282 hcox@thrivestreetliving.com 
Parcel ID (PIN) - 0953230000
Property Address -4825 Cass St Omaha, NE 68132","JGC Investments LLC
True Owner: Thrive Street Living
5074-5088 S 107th Ave, Omaha, NE 68127
(402) 934-5608 (p)
Haley Cox: EM: HCOX@thrivestreetliving.com 402-739-8282
Genna Campbell- Owner/Principal (402) 739-8282 (p)
gcampbell@thrivestreetliving.com
Donald Session -Portfolio Mgr (dsession@thrivestreetliving.com)"
Site Data,NE,Omaha_MDU_4157 Hamilton St,4157 HAMILTON ST UNIT 1 OMAHA NE 68131,23,0,11/3/2025,Omaha,RS,,,Closed - Market Reviewed,46086,Not Interested,"3/5 LL Not interested in proposal / closed 
2/2 9 Unable to Reach LL - Need Market Assistance 
2/2unable to locate a POC / exhaused all avenues to locate a POC",,,"
3/5 LL Not interested in proposal / closed 
3/4 Market Notes: 712-256-7200, 402-282-8200	
Internet search: PRM / Evergreen Apartments 402-282-8200
2/18 Need Market Assistance 
unable to locate Property Owner - 1/30",STEVE S WEAVER; SUZANNE C W,"EVERGREEN APARTMENTS LLC
21431 SILVER DR, TEHACHAPI, CA 93561
Parcel ID (PIN) - 2408970000
Property Address - 4157 HAMILTON ST 
Recorded Owner: Iontach Investments LLC - company closed
PO BOX 111160, OMAHA, NE 68111"
Site Data,NE,Omaha_MDU_4803 Boyd St Apartments,"4224 N 48TH ST UNIT 101 OMAHA NE 68104
Actual Property Address - 4803 BOYD ST 
Bayview Apartments ",14,0,5/23/2025,Omaha,RS,45644,,Completed,45644,,"ROE obtained
Actual Address is 4803 Boyd - ROE signed 12/18/2024",,,2/3 Actual Address is 4803 Boyd - ROE signed 12/18/2024,"Parcel ID (PIN) - 1627950000
Owner - BAYVIEW APARTMENTS LLC 
Property Address - 4803 BOYD ST ","BAYVIEW APARTMENTS LLC
2702 DOUGLAS ST, OMAHA, NE 68131 402-553-8111 /Paladino Properties "
Site Data,NE,Omaha_MDU_Richland Apartments,4234 N 87TH AVE OMAHA NE 68134,16,0,12/29/2023,Omaha,RS,,,Closed - Lost,45589,Not Interested,LL Denied Access - Sarah Nothhorn <snothhorn@ohauthority.org - OHA currently has contractors and inspectors all over their properties and simply do not have additional resources to manage anything else,,,LL Denied Access ,,
Site Data,NE,Omaha_MDU_Birchwood Apts,4304 N 88TH PLZ OMAHA NE 68134,24,1,4/28/2025,Omaha,RS,45530,,Completed,45530,,ROE obtained,,,ROE obtained,"Donna Poor - Property Mgr
dpoor@commall.org / 
Dave Dublap is the Facilities Mgr -Dave Dunlap <ddunlap@commall.org>","Community Alliance Housing
Birchwood Apts. Property Mgr. 402-506 7846 
(402) 341-5128 / Donna Poor dpoor@commall.org "
Site Data,NE,Omaha_MDU_Rue Charles Apartments,4311 CHARLES ST UNIT 1 OMAHA NE 68131 Rue Charles Apartments,17,0,8/7/2025,Omaha,RS,,,Closed - Lost,46076,Not Interested,"2/23 spk with Haley, LL not interested in having fiber - Canceled ROE. ",,,"2/23 spk with Haley, LL not interested in having fiber - Canceled ROE. 
2/17 Spk w/ Haley she has the ROE, she will discuss w/owner and get back to me. 
2/11 Resent ROE Haley, the Property mgr - going to send the ROE 
2/1/2026  VM/ EM Sent to LL w/ ROE ","Property Management
Crown Management- Rue Charles Apartments
4311 Charles St, Omaha, NE 68131
(402) 342-2322 (p)
www.crownmanagementomaha.com
Parcel ID (PIN) - 2151630000
Owner - RUE CHARLES LLC 
Property Address - 4311 CHARLES ST ","XXIV Pleateau Consortium, LLC
4643 Farnam St Omaha, NE 68132
Crown Property Management
12109 Anne Street, Omaha, NE  68137
info@crownmanagementomaha.com
Office: (402) 490-0975 
After-hours emergencies: (402) 680-0325"
Site Data,NE,Omaha_MDU_4313 N 65th St,4313 N 65TH ST UNIT 10 OMAHA NE 68104,11,0,3/18/2025,Omaha,RS,45583,,Completed,45583,,ROE obtained,,,ROE obtained,"James L Bone (JD)  / Linda S Bone 
14936 Hawthorne Ave, Omaha, NE 68154
(402) 681-4206 (p)   jbone69 <jbone69@cox.net>","James L Bone (JD)  / Linda S Bone 
14936 Hawthorne Ave, Omaha, NE 68154
(402) 681-4206 (p)   jbone69 <jbone69@cox.net>"
Site Data,NE,Omaha_MDU_4318-4324 N 48th St Apartments,4318 N 48TH ST UNIT A OMAHA NE 68104,9,0,3/12/2025,Omaha,RS,45614,,Completed,45614,,ROE obtained,,,ROE obtained,"Paladino Development 
(402) 763-0311 (p) 
Victor Ramirez  402-708-1211  pdgdirector@paladinodevelopmentgroup.com","Paladino Development Group
(402) 763-0311 (p) 
Victor Ramirez  402-708-1211  pdgdirector@paladinodevelopmentgroup.com
associated address: 4822- 4826 Sahler St.  (2 blds 9 apts ea) "
Site Data,NE,Omaha_MDU_4437 Franklin St,4437 - 4439 FRANKLIN ST UNIT 1 OMAHA NE 68111,10,0,10/7/2025,Omaha,RS,,,Closed - Lost,46085,Not Interested,,,,"3/4 LL not interested / Spk to Brad Flannigan
Market Notes: 402-509-6464	Sign on bldg 
2/18 Need Market Assistance 
2/17 LMTCB / no response from owners 
2/11 Spk with Brad, he will review with his team, if he wants to move forward he will sign the ROE.  Sent ROE via Ironclad 
2/1/26 EM/ VM - Sent ROE to LL ","True Owner- Bradley Flanagan
18363 Military Rd, Bennington, NE 68007
(402) 541-7023 (p) (402) 650-3976 (m) -Jim Davis 
RTIflanagan@gmail.com","Flipping Flanagans LLC
4437 Franklin St. Omaha, NE 68111
True Owner- Bradley Flanagan
18363 Military Rd, Bennington, NE 68007
(402) 541-7023 (p  (402) 650-3976 (m)
RTIflanagan@gmail.com
Parcel ID (PIN) - 2146140000
Owner - FLIPPING FLANAGANS LLC 
Property Address - 4437 FRANKLIN ST "
Site Data,NE,Omaha_MDU_Benson Crest Apartments 1,4438 N 61ST ST UNIT 1 OMAHA NE 68104,18,1,6/30/2025,Omaha,RS,45733,,Completed,45368,,ROE obtained,,,"Benson Crest Apartments
ROE obtained","Daniel Realty LLC
Dr. Tesfaye A Kinde -(402) 680-2336 / danielrealtyllc@gmail.com
Property Management
Daniel Realty - Benson Crest
4438 N 61st St, Omaha, NE 68104
(402) 680-2336 (p)","Daniel Realty
120 S 68th St, Omaha, NE 68132
True Owner
Michael Polk
12515 Circle Dr
Omaha, NE 68144
(402) 707-2661 (p)
"
Site Data,NE,Omaha_MDU_4455 Franklin St,4455 -4457 FRANKLIN ST UNIT 10 OMAHA NE 68111,10,0,10/7/2025,Omaha,RS,,,Completed,46078,,ROE Obtained ,,,"
2/25 FE ROE obtained / notified team
2/24 Spk to Dave he is going to sign ROE 
2/17 Resent ROE to Mr. Dunlap for signature. 
2/11 VM / EM to Dave Dunlap to sgin the ROE 
2/1/26 ROE to LL ","Parcel ID (PIN) - 2146180000
Owner - COMMUNITY ALLIANCE HOUSING CO 
Property Address - 4455 FRANKLIN ST ","Community Alliance Housing 
""Donna Poor - Property Mgr  402.341.5128
dpoor@commall.org / 
Dave Dunlap is the Facilities Mgr -Dave Dunlap <ddunlap@commall.org>"""
Site Data,NE,OMAHA_MDU_Redman AVE APTS,"4461 - 4479 Redman OMAHA NE 68111
4461 Redman Ave Apartments",14,0,12/27/2023,OMAHA,RS,,,Closed - Market Reviewed,46065,,Market Review completed / Closed No Contact,,,"3/4 Closed / NO POC 
2/18 Need Market Assistance 
2/12 LMTCB again / No response to VM EM / Closed and requested Market Assistance. 
2/4 LMTCB  712-256-7200 / EM to Custserv@pmrproperties.com
2/3 Found Owner in St. Joe MO, reaching out to PMR Prop. Mgt to see if they manage this property. 
2/1/26 Unable to locate LL information
IonTach Investments Sold property to Rigg Heidort LLC (Heidorf ) in 2018","Parcel ID (PIN) - 1613320512
PMR Properties / Property Management
 712-256-7200
custserv@pmrproperties.com","RIGG-HEIDORF LLC
514 N 22 ST, ST JOSEPH, MO 64501"
Site Data,NE,Omaha_MDU_The Redman Townhomes & Apartments,4470 REDMAN AVE UNIT A OMAHA NE 68111,19,0,5/23/2025,Omaha,RS,45637,,Completed,45637,,ROE obtained,,,ROE obtained,"Paladino Development 
(402) 763-0311 (p) 
Victor Ramirez  402-708-1211  pdgdirector@paladinodevelopmentgroup.com","Paladino Development Group
(402) 763-0311 (p) 
Victor Ramirez  402-708-1211  pdgdirector@paladinodevelopmentgroup.com
associated address: 4822- 4826 Sahler St.  (2 blds 9 apts ea) "
Site Data,NE,Omaha_MDU_4484 Redman Ave,4484 REDMAN AVE UNIT A OMAHA NE 68111,19,0,5/23/2025,Omaha,RS,45644,,Completed,45644,,ROE obtained,,,ROE obtained,"Paladino Development 
(402) 763-0311 (p) 
Victor Ramirez  402-708-1211  pdgdirector@paladinodevelopmentgroup.com","Paladino Development Group
(402) 763-0311 (p) 
Victor Ramirez  402-708-1211  pdgdirector@paladinodevelopmentgroup.com
associated address: 4822- 4826 Sahler St.  (2 blds 9 apts ea) "
Site Data,NE,Omaha_MDU_4501 Lafayette Ave,"4501 LAFAYETTE AVE UNIT 1 OMAHA NE 68132
The Halford Apartments 12-plex  ",12,0,8/7/2025,Omaha,RS,,,Closed - Market Reviewed,46085,,"3/4 Market Review completed / Closed No Contact-Abandoned Building
2/9 Unable to Reach LL - Need Market Assistance 
2/4 Premier Management does not manage this property - unable to locate property mgr  or Owner POC.",,,"3/4 Market Notes: Abandoned Blgd
2/18 Need Market Assistance 
2/9 Spk w/ Marvin, Premier does not manage this property. 
2/4 Premier Management does not manage this property - unable to locate property mgr  or Owner POC. 
2/1/26 VM to LL - Pending confirmation of ownership","Parcel ID (PIN) - 2407320000
Owner - CNDB PROPERTIES LLC - 
The Halford Apartments
(402) 625-6295
Property Address - 4501 LAFAYETTE AV ","CNDB PROPERTIES LLC
Wave Investment Team Inc
3625 Chase St, Wheat Ridge, CO 80212
4501 Lafayette Ave - 12-plex
Apartments "
Site Data,NE,Omaha_MDU_4502 N 49th St,4502 N 49TH ST UNIT 1 OMAHA NE 68104,11,0,1/17/2025,Omaha,RS,45548,,Completed,45548,,ROE obtained,,,ROE obtained,"Paladino Development Group
(402) 763-0311 (p) 
Victor Ramirez  402-708-1211  pdgdirector@paladinodevelopmentgroup.com","Paladino Development Group
(402) 763-0311 (p) 
Victor Ramirez  402-708-1211  pdgdirector@paladinodevelopmentgroup.com"
Site Data,NE,Omaha_MDU_4505 Lafayette Ave Halford Apartments,"4505 LAFAYETTE AVE UNIT 1 OMAHA NE 68132
4505 Lafayette Ave - Halford Apartments",12,0,8/7/2025,Omaha,RS,,,Closed - Market Reviewed,46086,,"3/5 Market notes: not management company per contact with research notes. 
2/9 Unable to Reach LL - Need Market Assistance 
2/2 Unable to locate POC/owner info
1/22 No working phone numbers or emails to reach owners. ",,,"3/4 LMTCB / Market Notes: 402-342-1005 Omaha Premier Management / The Halford Apartments
2/18 Need Market Assistance 
2/9 Maxin has not managed this property in over 2 yrs. 
2/2 Unable to locate POC/owner info
1/22 No working phone numbers or emails to reach owners. ","Property Management
Not Property Mgr any longer: Maxin Realty Group (402) 991-1162 (p) Naomi - 
Parcel ID (PIN) - 2407340000
Property Address - 4505 LAFAYETTE AV ","Rob Khorram
Khorram Capital LLC 
19529 Marcy St, Elkhorn, NE 68022
(402) 763-8716 (p) not working # 
(410) 746-9267 (p)not working # 
"
Site Data,NE,Omaha_MDU_4509 Lafayette Ave,4509 LAFAYETTE AVE UNIT 1 OMAHA NE 68132,12,0,8/7/2025,Omaha,RS,,,Closed - Market Reviewed,46085,," 2/9 Unable to Reach LL - Need Market Assistance  
2/4 Management does not manage this property - unable to locate property mgr  or Owner POC.",,,"3/4 Market Notes: Abandoned Bldg
2/18 Need Market Assistance 
2/9 EM for Mr. Pick obtained - EM Proposal sent
2/4 Premier Management does not manage this property - unable to locate property mgr  or Owner POC. 
2/1 LL EM Bounced - need to find POC ","
Property Management
Point Guard is Premier Management
Parcel ID (PIN) - 2407360000
Owner - LAFAYETTE & NICHOLAS APARTMENT 
Property Address - 4509 LAFAYETTE AV ","B3 Capital LLC
True Owner-  Benjamin Pick
10250 Regency Cir, Suite 300, Omaha, NE 68114
Benjamin Pick (402) 397-5500 (p) (402) 639-8145 (m)  bpick@pheblaw.com "
Site Data,NE,Omaha_MDU_4513 Lafayette Ave,4513 LAFAYETTE AVE UNIT 1 OMAHA NE 68132,12,0,8/7/2025,Omaha,RS,,,Closed - Market Reviewed,46085,,"
2/9 Unable to Reach LL - Need Market Assistance
 2/2 Unable to locate POC/owner info
1/22 No working phone numbers or emails to reach owners. ",,,"3/4 Market Notes: No Viable POC Info /
2/18 Need Market Assistance 
2/2 Unable to locate POC/owner info
1/22 No working phone numbers or emails to reach owners. ","
Parcel ID (PIN) - 2407380000
Owner - KHORRAM CAPITAL LLC 
Property Address - 4513 LAFAYETTE AV ","Rob Khorram
Khorram Capital LLC
Jeffrey Boyum & Angela Aliano
5937 Chicago Ave, Minneapolis, MN 55417
(402) 932-8032 (p)
Khorram Capital LLC
True Owner  Jeffrey Boyum & Angela Aliano
5937 Chicago Ave, Minneapolis, MN 55417
(402) 932-8032 (p) not working # 
19529 Marcy St  Elkhorn, NE 68022"
Site Data,NE,Omaha_MDU_4524 Lafayette Ave,"4524 LAFAYETTE AVE UNIT 1 OMAHA NE 68132
LAFAYETTE & NICHOLAS APARTMENT",12,0,8/7/2025,Omaha,RS,,,Pending Signature,,,,,,"3/26 EM : austin@rogsterling.com
3/18 Spk w/Austin, they are still not readyyet to sign, need to do a lot of work yet on those buildings 
3/4 ROE to LL / at least 30 days before ready to review though.  Spk with Austin Compton, Prop. Mgr.  He does manage property, but lots of work going on at the moment / Security issues due to vegrants in area damaging properties.  It will be at least 30 days before he can even look at installing anything. 
Market Notes: 402-934-0074 Mangaed by RealtyOneGroup Sterling
2/18 Need Market Assistance 
2/9 EM for Mr. Pick obtained - EM Proposal sent
2/4 Premier Management does not manage this property - unable to locate property mgr  or Owner POC.
2/1 LL EM Bounced - need to find POC ","Realty One Group Sterling/ Austin Compton Prop. Mgr 
austin@ROG Sterling.com / 402-934-0074
Parcel ID (PIN) - 2408470000
Property Address - 4524 LAFAYETTE AV ","B3 Capital LLC
True Owner-  Benjamin Pick
10250 Regency Cir, Suite 300, Omaha, NE 68114
Benjamin Pick (402) 397-5500 (p) (402) 639-8145 (m)  bpick@pheblaw.com "
Site Data,NE,Omaha_MDU_4527 Decatur St,4527 DECATUR ST UNIT 1 OMAHA NE 68104,18,0,10/7/2025,Omaha,RS,,,Completed,46077,,ROE Obtained,,,"2/24 FE ROE MDU sent to team 
2/17 Resent ROE to Victor
2/13/26 Victor requested resending ROE for signature - I did 
2/11 Resent ROE to Victor / LMTCB
2/1 ROE to Victor / he usually signs ROE's ","Parcel ID (PIN) - 2147230002
Owner - PINE PARK PROPERTIES LLC 
Property Address - 4527 DECATUR ST ","Paladino Development Group
PINE PARK PROPERTIES LLC
2702 DOUGLAS ST, OMAHA, NE 68131
Property Management Company - / Owner 
Paladino - Benson Apartments
5140 Northwest Radial Hwy Omaha, NE 68104 (402) 763-0311 (p) 
Victor Ramirez  402-708-1211  pdgdirector@paladinodevelopmentgroup.com"
Site Data,NE,Omaha_MDU_4544 NICHOLAS ST,4544 NICHOLAS ST UNIT 10 OMAHA NE 68132,14,0,8/7/2025,Omaha,RS,,,Closed - Market Reviewed,46085,,2/4 Unable to Reach LL - Need Market Assistance ,,,"3/4 Status: Permanently Closed Grandview Properties LLC 
2/18 Need Market Assistance 
2/9 LMTCB / no response. 
2/4 Unable to Reach LL - Need Market Assistance  (402) 680-1010 (p) LMTCB Dream Vesting
2/1 LL EM bounced / Need more research ","Property Management
Orange - 4544 Nicholas St
(402) 680-1010 (p) Dream Vesting 
Parcel ID (PIN) - 2407430000
Property Address - 4544 NICHOLAS ST ","LAFAYETTE AND NICHOLAS APARTMENTS LLC
True Owner Lametrick Valdase
Lametrick Valdase (402) 718-5483 (p)
(402) 686-7469 (m)
lynette_v@aol.com - EMAIL BOUNCED"
Site Data,NE,Omaha_MDU_4606 Redman Ave,4602 REDMAN AVE UNIT 1 OMAHA NE 68104,22,1,5/23/2025,Omaha,RS,45644,,Completed,45644,,"ROE obtained
4602 -4604 - 4606- 4608 Redman Ave",,,ROE obtained,"Paladino Development 
(402) 763-0311 (p) 
Victor Ramirez  402-708-1211  pdgdirector@paladinodevelopmentgroup.com","Paladino Development Group
(402) 763-0311 (p) 
Victor Ramirez  402-708-1211  pdgdirector@paladinodevelopmentgroup.com"
Site Data,NE,Omaha_MDU_4611-4613 North 56th St,4611 N 56TH ST UNIT 1 OMAHA NE 68104,19,0,12/27/2023,Omaha,RS,,,Closed - Lost,45559,Existing Fiber,LL Denied Access  -Alyssa Lozano Three Pillars Property Management CEO,Cox,,,,
Site Data,NE,Omaha_MDU_4616 Redman Ave,4614 REDMAN AVE UNIT 10 OMAHA NE 68104,11,0,5/23/2025,Omaha,RS,45644,,Completed,45644,,"
 ROE obtained
4614-4616 Redman Ave ",,,ROE obtained,"Paladino Development 
(402) 763-0311 (p) 
Victor Ramirez  402-708-1211  pdgdirector@paladinodevelopmentgroup.com","Paladino Development Group
(402) 763-0311 (p) 
Victor Ramirez  402-708-1211  pdgdirector@paladinodevelopmentgroup.com"
Site Data,NE,Omaha_MDU_4618 Redman Ave,4618 REDMAN AVE UNIT 1 OMAHA NE 68104,17,0,5/23/2025,Omaha,RS,45644,,Completed,45644,,"ROE obtained 
4618-4620-4622 Redman Ave",,,ROE obtained,"Paladino Development 
(402) 763-0311 (p) 
Victor Ramirez  402-708-1211  pdgdirector@paladinodevelopmentgroup.com","Paladino Development Group
(402) 763-0311 (p) 
Victor Ramirez  402-708-1211  pdgdirector@paladinodevelopmentgroup.com"
Site Data,NE,Omaha_MDU_Wakeley Manor,"4621 WAKELEY ST UNIT 1 OMAHA NE 68132
4621 Wakeley St - Wakely Manor",20,0,9/23/2025,Omaha,RS,,,Closed - Lost,46086,Not Interested,,,,"3/5 Underwood returned my call / Not interested in installation. 
3/4 ROE to Underwood /  Market Notes: 402-318-5643 Lincoln Place 
Underwood Property Management leasing@underwoodpm.com    
https://www.underwoodpm.com/lincoln-place
2/18 Need Market Assistance 
2/12 Closed - Need market assistance/ No way to contact LL. 
2/1 Need to make Contact w/ LL","Parcel ID (PIN) - 1627370000
Owner - WATSON PROPERTIES LLC 
Property Address - 4621 WAKELEY ST ","WATSON PROPERTIES LLC 
John M Watson - owner
6226 N 76th St, Omaha, NE 68134
(402) 934-5889 (p) # not working. "
Site Data,NE,Omaha_MDU_4644-4648 Cuming St,"4644 CUMING ST UNIT 1 OMAHA NE 68132
Actual Property Address - 4648 CUMING ST ",24,0,8/25/2025,Omaha,RS,,,Closed - Lost,46057,Not Interested,2/4 Spk with Jo Wood - Prop. Mgr - she denied access for fiber . 402-342-2322,,,"2/4 Spk with Jo Wood - she denied access for fiber . 402-342-2322 Access Commercial / Property Manager: Jo  Wood - 
2/1 Need to make Contact w/ LL","Property Management
Jo Wood  • Midtown Property Manager
 jolene@homeathavenview.com  
 Havenview Residential Communities 
4910 Dodge Street, Suite 217
Omaha NE | 68132
Office: 402-885-7800 EXT 1 
www.homeathavenview.com 
Havenview -Access Commercial manages lots of properties / different manager for each property
Havenview - Cuming St
4648 Cuming St, Omaha, NE 68132
(402) 502-1983 (p)
homeathavenview.com
Parcel ID (PIN) - 2405420000
Owner - SOUTH O LLC 
Property Address - 4648 CUMING ST ","South O LI LLC
True Owner  Brian McKernan
1130 N 188th St  Elkhorn, NE 68022
(402) 592-7421 (p)
Brian McKernan
(402) 592-7421 (p)  (402) 556-2840 (m)
brianmckernan@hotmail.com"
Site Data,NE,Omaha_MDU_4705 Burdette St,"4701 BURDETTE ST UNIT 1 OMAHA NE 68104
Actual Property Address: 4705 Burdette St. ",17,0,9/22/2025,Omaha,RS,,,Closed - Market Reviewed,46085,,"2/9 Unable to Reach LL - Need Market Assistance
2/4 Exhausted all efforts to locate POC for property",,,"3/4 Market Notes:  Number not working /402-934-0772 Emerald Bay Apartment Homes
2/18 Need Market Assistance 
2/4 Exhausted all efforts to locate POC for property
2/1 Need to make Contact w/ LL","Property Management
Parcel ID (PIN) - 0533290002
Property Address - 4705 BURDETTE ST ","Douglas A Wellendorf
8819 Edgevale Pl, Omaha, NE 68114
(402) 391-0519 (p) not working # "
Site Data,NE,Omaha_MDU_4704 Cass St,4702 CASS ST UNIT 11 OMAHA NE 68132,16,0,8/28/2025,Omaha,RS,,,Closed - Lost,45589,Existing Fiber,LL Denied Access - I spoke to the LL and they said the building already has Cox and does not desire to have any additional systems installed.   Denied access. ,Cox,,,"Property Management- Pro Properties -
4702 Cass St, Omaha, NE 68132
propropertyomaha.com","John D Einung
True Owner / 
Seewealth Properties LLC-Recorded Owner
4411 N 142nd St, Omaha, NE 68164
(402) 445-0380 (p)"
Site Data,NE,Omaha_MDU_4713 Davenport St,4713 DAVENPORT ST UNIT 1 OMAHA NE 68132,12,0,9/23/2025,Omaha,RS,,,Closed - Lost,46093,Not Interested,LL has no interest ,,,"3/12 LL has no interest  
3/11 LMTCB w/Trina - no response to EM/VM 
3/5 ROE sent to Trina Gache 402-603-1010
3/4 LMTCB / Market Notes: 402-600-0253 -leasing  (402 4 Rent )Tenant Turner  / 402-603-1010  Trina Gache / Trina@402forrent.com 
2/18 Need Market Assistance 
2/9 LMTCB / no response. 
2/4 Unable to Reach LL - Need Market Assistance LMTCB (402) 416-9948 (p) does not work
2/1 LL contact not good - need to do more research to locate","Parcel ID (PIN) - 0715800000
Owner - ECCB LLC 
Property Address - 4713 DAVENPORT ST ","David Rasmussen
ECCB LLC  C/O REAL DEAL REALTY
121 S 13th St, Suite 800, Lincoln, NE 68516
(402) 416-9948 (p)  does not work
davidrasmussen@angelfire.com - EM BOUNCED"
Site Data,NE,Omaha_MDU_4716 Cuming St,"4716 CUMING ST UNIT 1 OMAHA NE 68132
Cuming Street Apartments",12,0,8/25/2025,Omaha,RS,,,Closed - Lost,46057,Not Interested,"2/9 Spoke with James Rogers, he is not interested in having fiber. Do not install",,,"2/9 LMTCB / no response
2/4 Unable to Reach LL - Need Market Assistance 
2/1 Need to make Contact w/ LL","Parcel ID (PIN) - 2405670000
Owner - J&S 4716 LLC 
(402) 909-5273 / James Rogers
Property Address - 4716 CUMING ST ","J & S 4716 LLC
True Owner Cuming Street Apartments
James B  Owner  (402) 909-5273 (p) "
Site Data,NE,Omaha_MDU_The Wakeley Pointe,"4717 WAKELEY ST UNIT 1 OMAHA NE 68132
4717-4719 Wakeley St - Wakeley Pointe Apartments",13,0,9/23/2025,Omaha,RS,46060,,Completed,46060,,ROE obtained,,,"
2/7/26 AJ signed ROE 
2/3 Spoke with AJ, he owns this property and will sign the ROE, he is very interested in fiber, but wants someone to meet with him first to show how we can bring into his all brick building.  Would like it done like COX did it with a casing around the equipment. Cornelia to set up a mtg with AJ.  
2/2 ROE to AJ / FU EM to AJ / no response
2/1/2026 VM / EM to AJ, he does not respond ","Property Management
Marcon - Wakeley Pointe Apartments
4717-4719 Wakeley St, Omaha, NE 68132
(402) 391-1198 (p)
www.marconomaha.com
Parcel ID (PIN) - 1627250000
Owner - 4717 WAKELEY JBC LLC 
Property Address - 4717 WAKELEY ST ","MarCon Enterprises 
Albert Moellenbeck""AJ"" <ajm@marconomaha.com>
- PH: 402-315-3357/ cell 402-661-9622
402-391-1198 Apt Bldg. 
7809 Harney St, Suite 121, Omaha, NE 68114
Recorded Owner  4717 Wakeley JBC 1 LLC 
 Wakeley Pointe Apartments
4717-4719 Wakeley St Omaha, NE 68132
"
Site Data,NE,Omaha_MDU_4719-4723 Erskine St,4719 ERSKINE ST UNIT 1 OMAHA NE 68104,15,0,9/22/2025,Omaha,RS,,,Closed - Lost,46042,Not Interested,1/20/26 LL Denied Access 4719- 4721-4723 Erskine St. - Isaac Essex the property owner,,,,,
Site Data,NE,Omaha_MDU_4723-4725-4727 Cass St,4723 CASS ST UNIT 1 OMAHA NE 68132,16,0,8/28/2025,Omaha,RS,,,Closed - Market Reviewed,46085,,,,,"3/4 LL does not respond to VM/ EM LMTCB HD Omaha Persipio Same comapny (402) 618-6300 jim.goulding@percipiopartners.com / HD Omaha  / Market Notes:Matt/ Gladstone Apartments 402-618-6300
 leasing office addr: 1127 Park Ave, Omaha, NE 68105
2/18 Need Market Assistance 
2/12 LL unresponsive to EM/VM -  Spk to Receptionist / Jim is not in that office, Negotiating fiber would have to go through Darian the Maintence Director.   LMTCB w/ Darian. 
2/4 LMTCB - resent proposal to Jim
2/2 Property Mgnt co said to send the ROE to them and they would forward to owner.  ","HARVEST DEVELOPMENT LLC-
jim.goulding@percipiopartners.com
402.618.6300,Director of Maintenance - Darian  em:  leasing@harvest-homes.com
Parcel ID (PIN) - 1626710000
Owner - HARVEST DEVELOPMENT V LLC 
Property Address - 4723 CASS ST ","HARVEST DEVELOPMENT V LLC
1127 Park Ave, Omaha, NE 68105
(402) 618-6300 jim.goulding@percipiopartners.com / HD Omaha "
Site Data,NE,Omaha_MDU_Roosevelt Apartments,"4724 DAVENPORT ST UNIT 1 OMAHA NE 68132
Roosevelt Apartments ",18,0,9/23/2025,Omaha,RS,,,Closed - Lost,46055,Existing Fiber,LL has Exclusive Tenants sign Contract w/ Easy Answers Internet,Easy Answers Fiber ,,2/2 LL has exclusive contract w/Easy Answers / Tenants sign agreement when they sign lease. ,"Property Management
Lindsay@lockwooddev.com
Lund - Roosevelt Apartments
4724 Davenport St. Omaha, NE 68132
(402) 341-4451 (p)","Jerry Banks Group
JBI - MIDOMA 1, LLC- recorded owner
7638 Pierce St, Omaha, NE 68124
True Owner  Jerry Banks Group
5013 Webster St, Omaha, NE 68132
(402) 884-7871 (p)   jerry@jerrybanksgrp.com"
Site Data,NE,Omaha_MDU_Parkgate Apartments,"4728 & 4732 CASS ST UNIT 1 OMAHA NE 68132
4728 Cass St - Parkgate Apartments",16,0,8/28/2025,Omaha,RS,,,Closed - Market Reviewed,46085,,Need Market Assistance ,,,"3/4 LL does not respond to VM/ EM LMTCB HD Omaha Persipio Same comapny (402) 618-6300 jim.goulding@percipiopartners.com / HD Omaha  
2/18 Need Market Assistance 
2/12 LL does not respond to EM/ VM -Darian is Maintenance Director. Jim no longer in that office. 
2/4 LMTCB - resent proposal to Jim
2/1 EM/ VM to Leasing Office - No response back /ROE sent to Leasing /  LL unresponsive ","Parcel ID (PIN) - 1626620000
jim.goulding@percipiopartners.com
Property Address - 4728 CASS ST 
HARVEST DEVELOPMENT LLC
402.618.6300, em:  leasing@harvest-homes.com","HARVEST DEVELOPMENT V LLC
1127 Park Ave, Omaha, NE 68105
(402) 618-6300 jim.goulding@percipiopartners.com / HD Omaha "
Site Data,NE,Omaha_MDU_The Rose Apartments,4729 CALIFORNIA ST UNIT 1 OMAHA NE 68132,9,0,8/28/2025,Omaha,RS,45989,,Completed,45624,,ROE obtained,,,ROE obtained,"Doug & Carol Farrens  carol.farrens@gmail.com
carol.farrens@gmail.com / 402-612-3811","Doug & Carol Farrens
carol.farrens@gmail.com
carol.farrens@gmail.com / 402-612-3811
associated address: 4727 California St. (2) ROE's done for both parcels of land "
Site Data,NE,Omaha_MDU_4752 NICHOLAS ST,4752 NICHOLAS ST UNIT 1 OMAHA NE 68132,22,0,8/25/2025,Omaha,RS,,,Data Issue,46057,Other,PAL in progress ,,,Melissa Baker working on PAL ,"Paladino Development 
(402) 763-0311 (p) 
Victor Ramirez  402-708-1211  pdgdirector@paladinodevelopmentgroup.com
Parcel ID (PIN) - 2407920001
Owner - CORSICA APARTMENTS LLC 
Property Address - 1115 N 48 ST ","Paladino Development Group
(402) 763-0311 (p) 
Victor Ramirez  402-708-1211  pdgdirector@paladinodevelopmentgroup.comCORSICA APARTMENTS LLC
2702 DOUGLAS ST
OMAHA, NE 68131
Paladino Development Group"
Site Data,NE,Omaha_MDU_4804-4806 Capital Ave,4804 - 4806 CAPITOL AVE UNIT 10 OMAHA NE 68132,15,0,9/23/2025,Omaha,RS,,,Closed - Market Reviewed,46085,,2/17 LL unresponsive - need Market Assistance ,,,"3/4/26 LL Not Interested/ Jeff working with someone else on ISP
2/18 Need Market Assistance 
2/12 LMTCB w/ Jeff - requesting signature on ROE 
2/10 FU w/Jeff
2/4 Spk w/Jeff, he is working with someone with Ubiquty now on another property / he is on vaca and asked I call him next week. 
2/3 VM/EM FU on ROE Status
12/21 LL unresponsive to EM/VM ROE to LL","Property Management / PIN 952920000
Kirshenbaum Realty, LLC
Jeffrey Kirshenbaum- Principal
(402) 932-1860 (p)  (402) 578-6960 (m)
JEFF@kirshenbaumrealty.com","Jeffery Kirshenbaum
Kirshenbaum Realty, LLC
8750 Frederick St, Omaha, NE 68124
(402) 932-1860 (p)
Recorded Owner:  4804-4806 Capitol, L.L.C.
8750 Frederick St, Omaha, NE 68132
Legal Address: 4804 CAPITOL AV"
Site Data,NE,Omaha_MDU_Birchwood Apartments,"4804 DODGE ST UNIT 16 OMAHA NE 68132
4806 Dodge St - Birchwood Apartments",18,0,9/23/2025,Omaha,RS,,,Closed - Lost,46012,Not Interested,"12/21 Spk to Jerry Banks, he was not interested in having fiber at his buildings.   His daughter Lindsay handles his affairs, and she was not interested in having any construction at the location. ",,,"12/21 Spk to Jerry Banks, he was not interested in having fiber at his buildings.   His daughter Lindsay handles his affairs, and she was not interested in having any construction at the location. ","Parcel ID (PIN) - 0952710002
Property Management
Lindsay@lockwooddev.com
Lund - Roosevelt Apartments
Lund - Roosevelt Apartments
4724 Davenport St
Omaha, NE 68132
(402) 341-4451 (p)","Jerry Banks Group
JBI - MIDOMA 1, LLC- recorded owner
7638 Pierce St, Omaha, NE 68124
True Owner  Jerry Banks Group
5013 Webster St, Omaha, NE 68132
(402) 884-7871 (p)   jerry@jerrybanksgrp.com"
Site Data,NE,Omaha_MDU_Brewer Apartments,"4810 BOYD ST UNIT 1 OMAHA NE 68104
4810 Boyd St - Brewer Apartments",11,0,3/10/2025,Omaha,RS,45644,,Completed,45644,,ROE obtained,,,12/18/24 ROE FE ,"Property Management
Paladino - Brewer Apartments
4810 Boyd St, Omaha, NE 68104
(402) 657-6938 (p)
paladinodevelopmentgroup.com
Parcel ID (PIN) - 2245270034
Owner - BAYVIEW APARTMENTS LLC 
Property Address - 4810 BOYD ST ","Paladino Development Group
(402) 763-0311 (p) 
Victor Ramirez  402-708-1211  pdgdirector@paladinodevelopmentgroup.comBayview Apartments LLC
2702 Douglas St, Omaha, NE 68131
www.landmarkomaha.com
Victor Ramirez  402-708-1211  pdgdirector@paladinodevelopmentgroup.com"
Site Data,NE,Omaha_MDU_4810-4812 Capital Ave,4810 - 4812 CAPITOL AVE UNIT 10 OMAHA NE 68132,14,0,9/23/2025,Omaha,RS,46060,,Completed,46060,,ROE obtained,,,"2/7/26 AJ signed ROE 
2/3 Spk with AJ, he manages these properties for MarCon, he will speak w/owners regarding ROE, but will put in a good word. Pending a signature.
2/2 FU EM to AJ
2/1/2026 VM / EM to AJ, he does not respond ","Property Management-  MarCon Enterprises
Parcel ID 0952890000
4810-4812 Capitol Ave, Omaha, NE 68132
marconenterprises.com   (402) 391-1198","MarCon Enterprises
Albert Moellenbeck""AJ"" <ajm@marconomaha.com>
- PH: 402-315-3357/ cell 402-661-9622
4812 CAPITOL MCD LLC"
Site Data,NE,Omaha_MDU_4811 Chicago St,"4811 CHICAGO ST UNIT 1A OMAHA NE 68132
4811 Chicago St - Tiffany Tower Apartments",20,0,9/23/2025,Omaha,RS,,,Closed - Lost,46085,Not Interested,Need Market Assistance ,,,"3/4 Spk with Becky, she had no interest / Market Notes: Okomaha Real Estate- 402-905-2247 Becky 
2/18 Need Market Assistance 
2/12 Need Market to reach out to property - LL unresponsive to EM/VM 
2/4 LMTCB (402) 397-1161 (p)
2/2 EM to Law Firm requesting if they were POC","Parcel ID (PIN) - 0953050000
Owner - PALMSTONES TIFFANY LLC 
Property Address - 4811 CHICAGO ST ","George Zourdoumis
2807 S 87th Ave, Omaha, NE 68124
(402) 397-1161 (p) Law office of Robert Zuber
zuberlaw@cox.net"
Site Data,NE,Omaha_MDU_The Frederick,4813 UNDERWOOD AVE UNIT 1 OMAHA NE 68132,24,0,12/31/2025,Omaha,RS,46000,,Completed,45635,,ROE obtained,,,ROE obtained,"Paladino Development 
(402) 763-0311 (p) 
Victor Ramirez  402-708-1211  pdgdirector@paladinodevelopmentgroup.com","Paladino Development Group
(402) 763-0311 (p) 
Victor Ramirez  402-708-1211  pdgdirector@paladinodevelopmentgroup.com"
Site Data,NE,Omaha_MDU_Buckingham Manor Apartments,"4817 CHICAGO ST UNIT 1 OMAHA NE 68132
Buckingham Manor
4819 & 4821 Chicago St. also on same parcel ",19,0,9/23/2025,Omaha,RS,,,Closed - Lost,46055,Existing Fiber,Existing Quantum Fiber ,Quantum Fiber,,"1/26  Possible PAL w/ Chuck McNeely/Melissa Baker 
Spk to Haley, will send her all addresses of locations owned/managed by JGC Investments and she will see if she can help find right person. ","4817-4821 Chicago St - Buckingham Manor Apartments / 19 Units 
Parcel ID (PIN) - 0953070002
Property Address: 4817 Chicago St. 
Thrive Street - Buckingham Manor
4817-4821 Chicago St, Omaha, NE 68132
(402) 895-6885 (p)
Haley w/ Thrive Street Living (Prop.Mgnt) 402-739-8282 hcox@thrivestreetliving.com 
www.thrivestreetliving.com","JGC Investments LLC
True Owner: Thrive Street Living
5074-5088 S 107th Ave, Omaha, NE 68127
(402) 934-5608 (p)
www.thrivestreetliving.com
Parcel ID (PIN) - 0953070002"
Site Data,NE,Omaha_MDU_4822-4824 Cass St,"4822 (4824) CASS ST UNIT 1 OMAHA NE 68132
4822, 4824, 4826 Cass St.  511 N 49th St.  All these addresses are on same parcel / but different entry doors. ",14,0,9/23/2025,Omaha,RS,46052,,Completed,46052,,ROE obtained,,,"1/28 Spk to Myra, VERY interested in having the services, also inquired about Security Cameras with FF, she wants a Quote. Other addresses on same parcel? 511 N 49th, 4822, 4824, 4826 Cass St. mricceri123@gmail.com ","Doodle Properties LLC
Myra Ricceri -  mricceri123@gmail.com 
11361 Frances St
Omaha, NE 68144","DOODLE PROPERTIES LLC 
Myra J Ricceri / Principal
Phone:	(402) 639-2646
Parcel ID (PIN) - 0953410000
Property Address - 4824 CASS ST "
Site Data,NE,Omaha_MDU_4822-4826 Sahler St Apartments,4822 SAHLER ST UNIT 1 OMAHA NE 68104,24,0,5/23/2025,Omaha,RS,45614,,Completed,45614,,"ROE obtained
4822-4826 Sahler St",,,ROE obtained,"Paladino Development 
(402) 763-0311 (p) 
Victor Ramirez  402-708-1211  pdgdirector@paladinodevelopmentgroup.com","Paladino Development Group
(402) 763-0311 (p) 
Victor Ramirez  402-708-1211  pdgdirector@paladinodevelopmentgroup.comassociated address: 4822- 4826 Sahler St.  (2 blds 9 apts ea) "
Site Data,NE,Omaha_MDU_Taylor Apartments,4852 TAYLOR ST UNIT 1 OMAHA NE 68104,22,0,3/18/2025,Omaha,RS,45644,,Completed,45644,,"ROE obtained
4852-4854 Taylor St. ",,,ROE obtained,"INFO@DRKUMARGURUNG.COM
Gurung Brothers Real Estate
6305 Ames Ave Omaha NE 68104
Phone: 402-812-5616 / 402-812-9320
Email: info@drkumargurung.com","Gurung Brothers Real Estate
INFO@DRKUMARGURUNG.COM
6305 Ames Ave Omaha NE 68104
Phone: 402-812-5616 / 402-812-9320
Email: info@drkumargurung.com"
Site Data,NE,Omaha_MDU_Stanley Apartments,"4903 UNDERWOOD AVE OMAHA NE 68132
Omaha_MDU_Stanley Apartments",15,0,8/29/2025,Omaha,RS,,,Closed - Lost,46079,Not Interested,"2/9 Unable to Reach LL - Need Market Assistance
2/2 Unable to locate Property owner with further research - tried two different owner info's 
1/30 Unable to locate Property owner",,,"2/26 LL Not Interested in fiber. 
2/18 Need Market Assistance 
2/2 Unable to locate Property owner with further research - tried two different owner info's 
1/30 Unable to locate Property owner",PIN 951260000  PJ Morgan does manage this property - but they have no interest in having fiber installed. ,"4903 UNDERWOOD LLC
7001 DODGE ST, OMAHA, NE 68132
Kuncl LLC
515 N 87th St, Omaha, NE 68114"
Site Data,NE,Omaha_MDU_4904 Davenport St,4904 DAVENPORT ST UNIT 1 OMAHA NE 68132,11,0,9/30/2025,Omaha,RS,,,Closed - Lost,46085,,"2/9 Unable to Reach LL - Need Market Assistance
2/2 Unable to Reach LL - Need Market Assistance ",,,"3/4 Not Valid Contact / Market Notes: 858-472-3491 Elevate Property Management 
elevatepropertymanagementinc@gmail.com
2/18 Need Market Assistance 
2/4 LMTCB w/Brad/ no return calls 
2/2 LMTCB w/ Brad ","Brad Anderson(402) 884-4796	
Parcel ID (PIN) - 0952160000
Property Address - 4904 DAVENPORT ST ","KEL PROPERTIES LLC 
Brad Anderson(402) 884-4796	
605 BELLEVUE BLVD N, BELLEVUE, NE 68005"
Site Data,NE,Omaha_MDU_4907 Ames Ave Apartments,4907 AMES AVE UNIT 1 OMAHA NE 68104,12,0,6/30/2025,Omaha,RS,45638,,Completed,45638,,ROE obtained,,,ROE obtained,"INFO@DRKUMARGURUNG.COM
Gurung Brothers Real Estate
6305 Ames Ave Omaha NE 68104
Phone: 402-812-5616 / 402-812-9320
Email: info@drkumargurung.com","Gurung Brothers Real Estate
INFO@DRKUMARGURUNG.COM
6305 Ames Ave Omaha NE 68104
Phone: 402-812-5616 / 402-812-9320
Email: info@drkumargurung.com"
Site Data,NE,Omaha_MDU_4907 Davenport St,"4907 DAVENPORT ST UNIT 1 OMAHA NE 68132
Arlington at Dundee Condo's  15 units ",12,0,9/30/2025,Omaha,RS,,,Closed - Market Reviewed,46085,,"2/9 Unable to Reach LL - Need Market Assistance
2/2 unable to locate Property owner Info / research exhausted ",,,"3/4 Market Notes: Individual Condo's/Owners
2/18 Need Market Assistance 
2/2 unable to locate Property owner Info / research exhausted ","Parcel ID (PIN) - 0526061000
"," Patricia Kuehl
16313 Himebaugh Cir, Omaha, NE, 68116
(402) 493-2556 - not a working number"
Site Data,NE,Omaha_MDU_Sweet Briar,4910 CAPITOL AVE UNIT 1 OMAHA NE 68132,11,0,9/30/2025,Omaha,RS,,,Closed - Market Reviewed,46086,Other,"
2/9 Unable to Reach LL - Need Market Assistanc
2/2 exhaused all avenues to located property owner ",,,"3/5 Spk to Prop. Mgr at number given. Cambiar does not manage this address. 
3/4 LMTCB / EM to Office Market Notes: 402-215-4900 Cambiar Real Estate Group LLC 
Cam Air Real Estate - same for 4908 and 4906 / crgllc@gmail.com
2/2 Exhaused all avenues to located property owner ","Parcel ID (PIN) - 0952320000
Sweet Briar Apartments  531-641-5224 number not working 
Property Address - 4910 CAPITOL AV","SWEETBRIAR SYNDICATE LLC 
Sweetbriar Synd
8610 CASS St, OMAHA, NE 68114"
Site Data,NE,Omaha_MDU_4916 Capitol Ave,"4914 CAPITOL AVE UNIT 1 OMAHA NE 68132
4914-4918 Capitol Ave/ Wilshire Apts ",16,0,9/30/2025,Omaha,RS,,,Closed - Lost,46055,Not Interested,2/2 Spk w/ Trevor the Facilities Mgr - Not interested in having fiber at building. ,,,2/2 Spk w/ Trevor the Facilities Mgr - Not interested in having fiber at building. ,"Parcel ID (PIN) - 0952340000
Robert Purcell  Manager  Spoke with Trevor - Facilities Manager - they were not interested in having fiber installed at building.  
4914-4918 Capitol Ave, Omaha, NE 68132","JBI-MIDOMA 1 LLC 
Wilshire Apartments LLC
402-680-9602  Trevor- Facilities Mgr. "
Site Data,NE,Omaha_MDU_Venice Apartments,4916 CALIFORNIA ST UNIT 1 OMAHA NE 68132,11,0,8/29/2025,Omaha,RS,,,Closed - Lost,45492,Existing Fiber, LL Denied Access - he does not want or need fiber at the location above.  He already has Cox and does not need/want to have any additional internet equipment. ,,,,"Chris Pomerleau
Co-Founder
(402) 740-6995 (p)
chris@leavenwealth.com","4916 CALIFORNIA LLC
117 S 25th St, Omaha, NE 68131
True Owner: LeavenWealth
117 S 25th St, Omaha, NE 68131  (402) 740-6995 (p)
www.leavenwealth.com
Chris Pomerleau Co-Founder
(402) 740-6995 (p)  chris@leavenwealth.com"
Site Data,NE,Omaha_MDU_4923-4925 Webster St,4923 WEBSTER ST UNIT 1 OMAHA NE 68132,15,0,9/9/2025,Omaha,RS,,,Closed - Market Reviewed,46055,,"2/9 Unable to Reach LL - Need Market Assistance
2/2 F/U w Carrier/ EM Bounced / No response/ Exhaused all avenues to reach POC. 
1/20/25 F/U w Carrier/ no response 
12/2  Tried EM for Carrie Conway / VM to Carrier",,,"3/4 Tow company had no information on Property Owner 
2/18 Need Market Assistance 
2/2 F/U w Carrier/ EM Bounced / No response/ Exhaused all avenues to reach POC. 
1/20/25 F/U w Carrier/ no response 
12/2  Tried EM for Carrier Conway / VM to Carrier","Parcel ID (PIN) - 0951120000
Owner - CARRIE M CONWAY TRUST 
Property Address - 4923 WEBSTER ST ","CARRIE M CONWAY TRUST
James M Conway Trust
674 N 57th Ave, Omaha, NE 68132
(402) 551-3119 (p)  Carrie Conway
hannahhitz2002@yahoo.com (em bounced) "
Site Data,NE,Omaha_MDU_4955-4957 Cuming St,"4955 -4957 CUMING ST UNIT 1 OMAHA NE 68132
4955 Cuming St - Dundee Arms Apartments",12,0,9/9/2025,Omaha,RS,,,Closed - Lost,46057,Existing Fiber,Marketing Agreeemnt w/Cox on all their buildings / they prefer not to have another provider - Also for their buildings 621 N 48th and 4906 California. ,COX,,"2/4 Spk to ROD (402-551-9494) the Property MGR - Marketing Agreeemnt w/Cox on all their buildings / they prefer not to have another provider
2/2 VM to Gary / pending a return call ","Schwalb - Dundee Arms Apartments
4955 Cuming St, Omaha, NE 68132
(402) 551-9494 (p) Marketing Agreeemnt w/Cox on all their buildings / they prefer not to have another provider
www.schwalbrealty.com
Parcel ID (PIN) - 0754240002
Property Address - 4955 CUMING ST ","Gary Kinstlinger
284 Merrison St, Teaneck, NJ 07666
(201) 836-5035 (p)"
Site Data,NE,Omaha_MDU_Ellington Apartments,"4960 NW RADIAL HWY UNIT 10 OMAHA NE 68104
4960 NW Radial Hwy - Ellington Apartments",20,0,12/31/2025,Omaha,RS,46056,,Completed,46056,,ROE obtained,,,"2/3 Jim Signed ROE / Pending Sonny Signature  
2/2/26 ROE to James Jones via Ironclad","Parcel ID (PIN) - 1821970000
Owner - JIM BONE 4960 LLC 
Property Address - 4960 NORTHWEST RADIAL HW James L Bone (JD)  / Linda S Bone 
14936 Hawthorne Ave, Omaha, NE 68154
(402) 681-4206 (p)   jbone69 <jbone69@cox.net>","James L Bone (JD)  / Linda S Bone 
14936 Hawthorne Ave, Omaha, NE 68154
(402) 681-4206 (p)   jbone69 <jbone69@cox.net>"
Site Data,NE,Omaha_MDU_5005-5007 California St,"5005 - 5007 CALIFORNIA ST UNIT 1 OMAHA NE 68132
5005 California St - California Court Apartments",12,0,8/29/2025,Omaha,RS,,,Closed - Market Reviewed,46057,,"2/9 Unable to Reach LL - Need Market Assistance
2/4/26 Cannot locate property owner ",,,"3/4 Tow company had no information on Property Owner
2/18 Need Market Assistance 
2/4 Exhausted all avenues to located Property owner
2/2/26  need EM address ","
2/25/26 
True Owner  Brent Bauman
(712) 328-7517 (p)
1 402-706-495 (m) 
(PIN) - 0948450002
Recorded Owner
F Sexton Llc
Since Jun 13, 2023","F SEXTON LLC 
Brent Bauman
(712) 328-7517 - not working #  (p) 402-706-495 (m)
Recorded Owner: F Sexton LLC"
Site Data,NE,Omaha_MDU_California Place,"5006 CALIFORNIA ST UNIT 1 OMAHA NE 68132
5006 California St - California Place Apartments",16,0,8/29/2025,Omaha,RS,46076,,Completed,46076,,ROE Obtained,,,"2/23 AJ Signed / Pending Sonny signature. 
2/17 Resent Roe to AJ
2/12 Sent ROE back to AJ for signature. 
2/3 Spk with AJ, he manages these properties for MarCon, he will speak w/owners regarding ROE, but will put in a good word. Pending a signature. 
2/2/26 EM/ VM to AJ requesting interest in fiber. ","Marcon - California Place Apartments
AJ - PH: 402-315-3357 AJM@marconomaha.com 
5006 California St, Omaha, NE 68132
(402) 391-1198 (p)
www.marconomaha.com","MarCon Enterprises
California Place Apartments
Albert Moellenbeck""AJ"" <ajm@marconomaha.com>
 - PH: 402-315-3357/ cell 402-661-9622
AJM@marconomaha.com "
Site Data,NE,NE_OMAHA_SA12_FDH26_PA12,"5017 UNDERWOOD AVE UNIT 1 OMAHA NE 68132  - 
Roycroft At Dundee The Condominiums",12,0,8/29/2025,NE,RS,,,Closed - Market Reviewed,46057,,"2/9 Unable to Reach LL - Need Market Assistance
2/4 Unable to locate HOA POC",,,"2/18 Need Market Assistance 
2/4 Unable to locate HOA POC
2/3 Roycroft At Dundee The Condominiums / Need to find HOA ","Parcel ID (PIN) - 2140085002
","DAVID LAMBERT
5017 UNDERWOOD AVE #2
OMAHA, NE 68132"
Site Data,NE,Omaha_MDU_Warwick Apts,"5101 TERRACE DR UNIT 1 OMAHA NE 68134
Warwick Apartments",18,0,1/28/2025,Omaha,RS,,,Closed - Lost,46057,Existing Fiber,2/4 Spk w/Prop Mgr - they are wired and have contract w/Cox an don’t want another provider. ,COX,,"2/4 Spk w/Prop Mgr - they are wired and have contract w/Cox an don’t want another provider. 
2/3 VM/EM to Laura ROE Proposal ","Parcel ID (PIN) - 1711813347
Warwick Apts  5101 TERRACE DR ","
R.D. Barr Co.
Centennial Proprties LLC
11427 Arbor St, Omaha, NE 68144
True Owner: R.D. Barr Co.
11427 Arbor St, Omaha, NE 68144
(402) 333-6431 (p) / rdbarrco.com
Laurie Barr  President/Owner
(402) 333-6431 (p)
laura@rdbarrco.com"
Site Data,NE,Omaha_MDU_5102 Capital Ave,"5102 CAPITOL AVE UNIT 1 OMAHA NE 68132
Actural Address 5106 Capital Ave Glen Arlo Apts ",24,0,8/27/2025,Omaha,RS,,,Closed - Lost,46056,Other,"2/9 Unable to Reach LL - Need Market Assistance
2/2 Unable to reach LL / unresponsive to VM/ EM bounced ",,,"2/3/26 F/U VM to LL no response
11/6 F/U VM w/ LL - no response.
11/5 EM to TK Capital Bounced","Parcel ID (PIN) - 0947260000
Owner - TKC CAPITOL AVE LLC 
Property Address - 5106 CAPITOL AV ","Tam Nguyen
TKC Capitol Ave LLC
1310 Lambert Dr, Papillion, NE 68046
True Owner- Tam Nguyen
1310 Lambert Dr Papillion, NE 68046
(402) 996-0626 (p)
tamnhi@yahoo.com"
Site Data,NE,Omaha_MDU_Park Lane Apartments,"5204 N 60TH ST UNIT 1 OMAHA NE 68104
Actual Address of property: 6006 Park Lane Dr - Avidian",18,0,12/30/2023,Omaha,RS,,,Closed - Market Reviewed,46070,,2/17 LL unresponsive - need Market Assistance ,,,"2/18 Need Market Assistance 
2/17 LMTCB / LL unresponsive 
2/12 Spk Caleigh, she will make sure Nikhil reviews the ROE
2/4 Spk w/ Nikhil -he has proposal, is super busy will think it over and if interested will call me back.  
2/3/26 EM to Nikhil to see if she will respond.  402-551-2424
2/25/25 US Mail / LL Unresponsive - Company OOB / Cannot locat ownership of building ","Parcel ID (PIN) - 1937821375
Property Address - 5204 N 60 ST 
Eat Out Now Inc.  - Caleigh - caleigh.blair@eatoutnow.net 
(402) 408-6351 (p)  Nikhil Mehta
info@eatoutnow.net","MBI Financing II, LLC
4909 LEAVENWORTH ST, OMAHA, NE 68106
(402) 408-6351 (p)"
Site Data,NE,Omaha_MDU_5240 Ames Ave,5240 AMES AVE UNIT 1 OMAHA NE 68104,17,1,1/15/2025,Omaha,RS,45548,,Completed,45548,,ROE obtained,,,ROE obtained,"James L Bone (JD)  / Linda S Bone 
14936 Hawthorne Ave, Omaha, NE 68154
(402) 681-4206 (p)   jbone69 <jbone69@cox.net>","James L Bone (JD)  / Linda S Bone 
14936 Hawthorne Ave, Omaha, NE 68154
(402) 681-4206 (p)   jbone69 <jbone69@cox.net>"
Site Data,NE,Omaha_MDU_5314-5322 Corby St,5314 - 5318 CORBY ST UNIT 1 OMAHA NE 68104,12,0,9/17/2025,Omaha,RS,,,Closed - Market Reviewed,46057,,"2/9 Unable to Reach LL - Need Market Assistance
2/4 Unable to locate Property owner, exhausted all efforts",,,"2/18 Need Market Assistance 
2/4 Unable to locate Property owner, exhausted all efforts
2/3/26 Researching POC contact info","Parcel ID (PIN) - 0839235000
Property Address - 5314 CORBY ST ","JASON R THOMAS
5314 CORBY ST #1, OMAHA, NE 68104"
Site Data,NE,Omaha_MDU_Ames Row Houses,5801 FOWLER AVE UNIT 1 OMAHA NE 68104,12,0,12/27/2023,Omaha,RS,,,Closed - Lost,45589,Not Interested,"LL Denied Access - White Lotus- info@whitelotusgroup.com – Dana had spoken with the Property Owner about our proposal to provide fiber to the building, and he was not interested.  ",,,,,
Site Data,NE,NE_OMAHA_SA12_FDH26_MDU_ARLON HUNT LLC,"608 N 50TH ST UNIT 101 OMAHA NE 68132
608 N 50th St - Marlinda Apartments",14,0,8/29/2025,NE,RS,,,Closed - Lost,46055,Not Interested,"2/2/26 Spk with Thomas Rohan, the owner, he was not interested in having anything installed on his building. 
Parcel ID (PIN) - 0948820000
Property Address - 608 N 50 ST ",,,"2/2/26 Spk with Thomas Rohan, the owner, he was not interested in having anything installed on his building. 
Parcel ID (PIN) - 0948820000
Property Address - 608 N 50 ST ","2/2/26 Spk with Thomas Rohan, the owner, he was not interested in having anything installed on his building. 
Parcel ID (PIN) - 0948820000
Property Address - 608 N 50 ST ","Thomas J. Rohan 
PO BOX 540372, OMAHA, NE 68154
(402) 616-9666 (p)
Arlon Hunt LLC
5801 S 119th Plz, Omaha, NE 68137
ARLON HUNT LLC 
"
Site Data,NE,Omaha_MDU_618-636 N 46th St,618 N 46TH ST OMAHA NE 68132,10,0,8/28/2025,Omaha,RS,,,Closed - Market Reviewed,46085,Other,"2/9 Unable to Reach LL - Need Market Assistance
2/2Unable to locate POC for HOA",,,"3/4 Tried to reach out / No LL response. Zask Capital does not respond. 
2/18 Need Market Assistance 
2/4 NP Dodge Property Mgnt- Spk w/Teresa - Not their property - Unable to locate HOA contact
2/3 EM Bounced  for dreamvesting - looking at NP Dodge as Prop. Mgr. 402-255-5099
2/2 Need to locate HOA 
10 Private Townhomes 
636, 634, 632,630, 628,626,624,622,620,618 N 46th St. Omaha NE. ","TEN SQUARE TOWNHOMES
402-616-0019/ hello@dreamvesting.co EM bounces back / not working EM ","TEN SQUARE TOWNHOMES
402-616-0019/ hello@dreamvesting.co - EM does not work. "
Site Data,NE,Omaha_MDU_6201-6261 Ville De Sante Townhomes,6201 VILLE DE SANTE DR UNIT 1 OMAHA NE 68104,13,0,12/30/2023,Omaha,RS,,,Closed - Lost,45589,Not Interested,LL Denied Access to all their buildings: (knavratil@leagueofhumandignity.com)  6201-6261 Ville De Sante Drive - League of Human Dignity Denied Access -There are 3 buildings located at 6201- 6261 Ville De Sante Townhomes these are 4 plex’s . We cannot install any equipment. ,,,,,
Site Data,NE,Omaha_MDU_621 N 48th St,621 N 48TH ST UNIT 1 OMAHA NE 68132,12,0,9/9/2025,Omaha,RS,,,Closed - Lost,46057,Existing Fiber,No Available contact info available.,Cox,,2/4/2026 2/4 Spk to ROD (402-551-9494) the Property MGR - Marketing Agreeemnt w/Cox on all their buildings / they prefer not to have another provider,"Parcel ID (PIN) - 2436320000
","Greenspan Maurice I Trust
8108 Howard St, Omaha, NE 68114"
Site Data,NE,Omaha_MDU_6302 Boyd St,6302 BOYD ST UNIT 10 OMAHA NE 68104,11,0,3/19/2025,Omaha,RS,45664,,Completed,45664,,ROE obtained,,,ROE obtained,"INFO@DRKUMARGURUNG.COM
Gurung Brothers Real Estate
6305 Ames Ave Omaha NE 68104
Phone: 402-812-5616 / 402-812-9320
Email: info@drkumargurung.com","Gurung Brothers Real Estate
INFO@DRKUMARGURUNG.COM
6305 Ames Ave Omaha NE 68104
Phone: 402-812-5616 / 402-812-9320
Email: info@drkumargurung.com"
Site Data,NE,Omaha_MDU_6303 Taylor Cir,6303 TAYLOR CIR UNIT 1 OMAHA NE 68104,11,0,3/19/2025,Omaha,RS,45644,,Completed,45644,,ROE obtained,,,ROE obtained,"INFO@DRKUMARGURUNG.COM
Gurung Brothers Real Estate
6305 Ames Ave Omaha NE 68104
Phone: 402-812-5616 / 402-812-9320
Email: info@drkumargurung.com","Gurung Brothers Real Estate
INFO@DRKUMARGURUNG.COM
6305 Ames Ave Omaha NE 68104
Phone: 402-812-5616 / 402-812-9320
Email: info@drkumargurung.com"
Site Data,NE,Omaha_MDU_6406 Boyd St,6406 BOYD ST UNIT 10 OMAHA NE 68104,11,0,5/23/2025,Omaha,RS,45709,,Completed,45709,,ROE obtained,,,ROE obtained,"Elwood Grant will answer his phone, but you will need to TEXT Mr. Godfrey Friedt – he works days and only answers to text messages.
Mr. Godfrey - 402-238-5130 New Owner  EM: godfrey.friedt@poet.com
Elwood Grant [Maintenance Man] - 402-739-3806
","CLF GROUP LLC 
Property Owner:   Mr. Godfrey - 402-238-5130 
EM: godfrey.friedt@poet.com
Elwood Grant [Maintenance Man] - 402-739-3806"
Site Data,NE,Omaha_MDU_6414 Boyd St,6414 BOYD ST UNIT 10 OMAHA NE 68104,11,0,5/23/2025,Omaha,RS,45709,,Completed,45709,,ROE obtained,,,ROE obtained,"Elwood Grant will answer his phone, but you will need to TEXT Mr. Godfrey Friedt – he works days and only answers to text messages.
Mr. Godfrey - 402-238-5130 New Owner  EM: godfrey.friedt@poet.com
Elwood Grant [Maintenance Man] - 402-739-3806
","CLF GROUP LLC 
Property Owner:   Mr. Godfrey - 402-238-5130 
EM: godfrey.friedt@poet.com
Elwood Grant [Maintenance Man] - 402-739-3806"
Site Data,NE,OMAHA_MDU_6569-6571 Military Ave APTS,6569 MILITARY AVE UNIT 1 OMAHA NE 68104,12,0,7/17/2024,OMAHA,RS,,,Closed - Lost,45638,Not Interested,LL Denied Access -DENIED by JSI Investments   6569-6571 Military Ave. ,,,,,
Site Data,NE,Omaha_MDU_6641 Military Ave Apartments,6635 MILITARY AVE UNIT 1 OMAHA NE 68104,17,0,7/17/2024,Omaha,RS,,,Closed - Lost,45638,Not Interested,LL Denied Access - 6635 Military Ave DENIED by JSI Investments,,,,,
Site Data,NE,Omaha_MDU_Birch Tree Plaza,"705 N 89TH PLZ OMAHA NE 68114 (SFU) 
Birch Tree Lofts ",9,0,8/22/2024,Omaha,RS,,,Closed - Market Reviewed,46085,Other,SFU in HOA,,,"2/24 Cornelia confirmed this is a SFU / remove from list 
2/18 Need Market Assistance 
2/3 Closed due to lack of contact
11/6 Exhaused all avenues to find POC
11/5/25 No LL contact info ","Parcel ID (PIN) - 0641945000
","
Amy Shivvers  
SHIVVERS AMY ETAL
705 N 89 PLZ
OMAHA, NE 68114
"
Site Data,NE,Omaha_MDU_706 N 50th St,"706 N 50TH ST UNIT 1 OMAHA NE 68132
Fairview Apartments Dundee ",14,0,8/27/2025,Omaha,RS,,,Closed - Market Reviewed,46056,,"2/9 Unable to Reach LL - Need Market Assistance
2/3 Exhausted all avenues to located POC",,,"2/18 Need Market Assistance 
2/3 Closed due to lack of contact
11/6 Exhaused all avenues to find POC
11/5/25 EM Bounced","2/25 New Mgnt Co:  COMMERCIAL- Eric Wieseler ewieseler@firstmgt.com (402) 344-4600
Residential Brad Albrecht / 402-516-8961 balbrecht@firstmgt.com



Kyle Pitschka
15722 Burt St, Omaha, NE 68118
(402) 415-4244 (p)
info@vitalhealthcarestaffing.com","
QUAD P LLC 
"
Site Data,NE,Omaha_MDU_The Richards Apartments,7402 BLONDO ST UNIT 1 OMAHA NE 68134,24,0,1/28/2025,Omaha,RS,45539,,Completed,45539,,ROE obtained,,,ROE obtained,"Phil Moore ICD.D
REALTOR®, RE/MAX Crest Realty 
Doris Gee & Phil Moore Real Estate Team
604.230.3772
www.philmoore.com
phil@philmoore.com
1-5050 Kingsway, Burnaby, B.C., V5H 4C2","Philmoore Company
Phil Buttner philbuttner@cox.net / (402) 496-1376 "
Site Data,NE,Omaha_MDU_801 N 48th St,"801 N 48TH ST UNIT 1 OMAHA NE 68132
Dundee Place Apartments",10,0,9/9/2025,Omaha,RS,,,Closed - Market Reviewed,46086,Not Interested,"
2/9 Unable to Reach LL - Need Market Assistanc
2/2 exhaused all avenues to located property owner ",,,"3/5 Danial not interested in proposal 
3/4 LMTCB / EM /City Line Properties   402-381-3801 x 700 Daniel Zimmerman/ Irvin Salas 
citylineproperties.com /help@citylineproperties.com
2/18 Need Market Assistance 
2/4 Unable to Reach LL - Need Market Assistance LMTCB w/ Susan
2/3 LMTCB w/ Susan DeDee - need EM ","Parcel ID (PIN) - 1514880000
402-212-7509 - Susan Dedee","
NINJA LLC 
 402-212-7509"
Site Data,NE,Omaha_MDU_817 N 47th St,"817 N 47TH ST UNIT 1 OMAHA NE 68132
J.K. Apartments",10,0,8/28/2025,Omaha,RS,,,Closed - Lost,46056,Existing Contract,Unable to locate new POC ,,,"2/3 Spk to Philmoore properties, they do not manage this property, they don't know who does / Exhaused all avenues to locate contact","Parcel ID (PIN) - 1514640000
Philmoore Company (402) 496-1376 (p)
UNDERWOOD RENTALS LLC   402-318-5643","Philmoore Company
Phil Buttner philbuttner@cox.net /  (402) 496-1376 "
Site Data,NE,Omaha_MDU_818 N 46th St,818 N 46TH ST UNIT 1 OMAHA NE 68132,12,0,8/28/2025,Omaha,RS,,,Closed - Lost,45973,Not Interested,LL Denied Access - 816-818 -820 N 46th St.  Nichole Sherman Prop. Mgr ,,,,,
Site Data,NE,Omaha_MDU_821 N 47th St,"821 N 47TH ST UNIT 1 OMAHA NE 68132
Whittier Apartments",10,0,8/28/2025,Omaha,RS,,,Closed - Lost,46086,Not Interested,"3/5 Underwood PM called said they are not interested/ Clsoed 
2/4 Unable to Reach LL - Need Market Assistance ",,,"3/5 Underwood Not interested in having fiber. / closed 
3/4 ROE to EM / Market Notes: 402-318-5643	
Whittier Apartments -Underwood Property Management 
leasing@underwoodpm.com   
 https://www.underwoodpm.com/lincoln-place see 4621 Wakeley
2/18 Need Market Assistance 
2/4 EM to Mr Watson , LMTCB w/ Philmoor Co
2/3 VM EM to Mr. Watson Fiber Proposal ","Philmoore Company (402) 496-1376 (p)
UNDERWOOD RENTALS LLC   402-318-5643
Parcel ID (PIN) - 1514630000
Property Address - 821 N 47 ST ","Omaha Homes For Cash
6601 Maple St Omaha, NE 68104
underwood rentals, llc
James Watson (402) 226-8963 (p)
Omahahomesforcash@gmail.com"
Site Data,NE,Omaha_MDU_Windsong Apartments,8826 MIAMI ST UNIT 1 OMAHA NE 68134,24,0,4/29/2024,Omaha,RS,,,Closed - Lost,45618,Not Interested,LL Denied Access - Sophia Pico Mgr of Leasing / Sophia@underwoodpm.com - LL confimed that none of the residents have  interest on signing up with Fiber First therefore they will not be signing a Right for Entry agreement as this time.,,,,,
Site Data,NE,Omaha_MDU_St Frances Apartments,8921 CUMING ST OMAHA NE 68114,19,0,2/12/2025,Omaha,RS,45526,,Completed,45526,,"ROE obtained
8921- 8923-8925-8929-8933 Cuming St.",,,ROE obtained,"Phil Moore ICD.D
REALTOR®, RE/MAX Crest Realty 
Doris Gee & Phil Moore Real Estate Team
604.230.3772
www.philmoore.com
phil@philmoore.com
1-5050 Kingsway, Burnaby, B.C., V5H 4C2","Philmoore Company
Phil Buttner philbuttner@cox.net / (402) 496-1376 "
Site Data,NE,Omaha_MDU_9026-9032 Ohio St,9026 OHIO ST UNIT 1 OMAHA NE 68134,12,0,4/29/2024,Omaha,RS,,,Closed - Lost,45538,Not Interested,"LL Denied Access - Per LL EM: I do not know why you are bothering me, - you do not have my permission to enter any of my properties. Grant A. Forsberg 3321 N 109th Plaza Omaha, NE 68164 Tel: (402) 201-3251 Fax: (402) 216-0250 grant@grantforsberglaw.com",,,,,
Site Data,NE,Omaha_MDU_Century House Apartments,"909 N 48TH AVE UNIT 1 OMAHA NE 68132
Century House",24,0,8/25/2025,Omaha,RS,,,Closed - Market Reviewed,46085,,2/17 LL unresponsive - need Market Assistance ,,,"3/4 Market Notes: Tried Crown/ no response. 
2/18 Need Market Assistance 
2/17 LL unresponsive /canceled ROE
2/12 EM / VM reminding LL to sign ROE. 
2/4 ROE to Paul / Melissa, Prop. Manager -she gave me Paul Bouda's email ( paul@crownmanagementomaha.com )
2/3 EM to Crown Mgnt requesting Fiber ROE ","Crown Property Management - Century House
(402) 490-0975 (p)Info@crownmanagementomaha.com
www.crownmanagementomaha.com
Parcel ID (PIN) - 0753740000
Property Address - 909 N 48 AV ","Nelsen Investments Ltd
True Owner
A C Nelsen Recreational Vehicle World
(402) 333-1122 (p)
acnrv.com"
Site Data,NE,Omaha_MDU_Beacon Heights Apts,9110 MAPLEWOOD BLVD UNIT 1 OMAHA NE 68134,16,0,3/7/2024,Omaha,RS,,,Closed - Lost,10.21.24,Not Interested,LL Denied Access: Todd Schuiteman <TSchuiteman@qliomaha.com> vast majority of the building is finished space) will not be easy and it is our desire not to have lots of wire running externally along the building.,,,,,
Site Data,NE,Omaha_MDU_Redman Plz,9123 REDMAN PLZ OMAHA NE 68134,17,0,1/9/2024,Omaha,RS,,,Closed - Lost,45498,Not Interested,LL Denied Access -  This included 9125 Redman Plaza as well - Cynthia Weber <cynthia.weber@mosaicinfo.org> Corporate Office had rejected our installation due to the fact they had not heard of Ubiquity/ or FiberFirst.,,,,,
Site Data,NE,Omaha_MDU_915 N 48TH ST,915 N 48TH ST UNIT 10 OMAHA NE 68132,17,0,8/25/2025,Omaha,RS,,,Closed - Lost,46057,Not Interested,"2/4 Spk with MaryAnn, she said all the property owners we inquired about were not interested in having the fiber installed. Please take off the list. ",,,"2/4 Spk with MaryAnn, she said all the property owners we inquired about were not interested in having the fiber installed. Please take off the list. 
2/3 EM/VM sent to both EM addresses and phone with no response
1/21 EM sent to nebraska@purepm.co which is Pure Operating LLC Management Co, but no response via phone or em
12/1 EM bounced for mdoner
11/7 US Mail came back undeliverable to company address. 
10/24 Unable to locate working phone, address or EM for Samson Holding LLC ","Parcel ID (PIN) - 2405630000
mdoner@purepm.co
402-559-0363
Mary Ann Doner 
mdoner@purepm.co
Samson Holdings LLC, 
Managed by Pure Operating LLC.  ","
SAMSON HOLDINGS LLC"
Site Data,NE,Omaha_MDU_9214-9224 Ohio St,9214 OHIO ST UNIT 1 OMAHA NE 68134,18,0,4/29/2024,Omaha,RS,,,Closed - Lost,46057,Not Interested,"2/4 Spk with MaryAnn, she said all the property owners we inquired about were not interested in having the fiber installed. Please take off the list. ",,,"2/4 Spk with MaryAnn, she said all the property owners we inquired about were not interested in having the fiber installed. Please take off the list. 
2/3 EM/VM sent to both EM addresses and phone with no response
1/21 EM sent to nebraska@purepm.co which is Pure Operating LLC Management Co, but no response via phone or em
12/1 EM bounced for mdoner
11/7 US Mail came back undeliverable to company address. 
10/24 Unable to locate working phone, address or EM for Samson Holding LLC ","
Parcel ID (PIN) - 1711810648
Property Address - 9216 OHIO ST  (9214 - 9218 Ohio St.)Mary Ann Doner 
mdoner@purepm.co 
Samson Holdings LLC, 
Managed by Pure Operating LLC.  
Parcel ID (PIN) - 1711810648
Owner - SAMSON HOLDINGS LLC 
Property Address - 9216 OHIO ST ","
SAMSON HOLDINGS LLC"
Site Data,NE,NEW ADDED SITE, 107 S 87 ST Omaha NE 68114,4,0,,Omaha,RS,,,Completed,,,,,,"3/19/FE ROE MDU 4 Units / Sent to team 
3/17 EM to AJ requsting status 
3/11 AJ still pending word back from LL 
3/4 AJ pending response from LL 
2/23 AJ said he would discuss the proposal w/property owners - requested ROE ",i,"Marcon Enterprises
Albert Moellenbeck""AJ"" <ajm@marconomaha.com>
 - PH: 402-315-3357/ cell 402-661-9622
AJM@marconomaha.com "
Site Data,NE,NEW ADDED SITE,101 S 87 ST  Omaha NE 68114,4,0,,Omaha,RS,,,Completed,,,,,,"3/19/FE ROE MDU 4 Units / Sent to team 
3/17 EM to AJ requsting status 
3/11 AJ still pending word back from LL 
3/4 AJ pending response from LL 
2/23 AJ said he would discuss the proposal w/property owners - requested ROE ","Parcel ID (PIN) - 1415620000 - 4 untis 
Owner - INDIAN HILLS VILLAGE JBC ETAL 
Property Address - 101 S 87 ST OMAHA 68114","Marcon Enterprises
Albert Moellenbeck""AJ"" <ajm@marconomaha.com>
 - PH: 402-315-3357/ cell 402-661-9622
AJM@marconomaha.com "
Site Data,NE,NEW ADDED SITE,113 N 87 ST OMAHA 68114,4,0,,Omaha,RS,,,Completed,,,,,,"3/19/FE ROE MDU 4 Units / Sent to team 
3/17 EM to AJ requsting status 
3/11 AJ still pending word back from LL 
3/4 AJ pending response from LL 
2/23 AJ said he would discuss the proposal w/property owners - requested ROE ","Parcel ID (PIN) - 1415630000 - 4 units 
Owner - INDIAN HILLS VILLAGE JBC ETAL 
Property Address - 113 N 87 ST OMAHA 68114","Marcon Enterprises
Albert Moellenbeck""AJ"" <ajm@marconomaha.com>
 - PH: 402-315-3357/ cell 402-661-9622
AJM@marconomaha.com "
Site Data,NE,NE_OMAHA_SA12_FDH12_MDU_OMAHA HOME FOR BOYS,928 N 47TH AVE UNIT 2 OMAHA NE 68132,10,0,8/25/2025,Omaha,RS,,,Closed - Market Reviewed,46085,Not Interested,,,,"3/4 402-558-0366/ No interest per LL 
2/18 Need Market Assistance 
2/12 LMTCB w.Elsie  / LL unresponsive to / VM  - no email address
2/4 LMTCB on VM 
2/3 LMTCB on VM / need EM","Parcel ID (PIN) - 2409200005
Property Address - 919 N 48 ST  / 930 & 928 N 47th Ave  (402) 457-7000 
Main Campus: (402) 457-7133
4343 N 52nd Street, Omaha, NE 68104
(402) 457-7000  |  (800) 408-4663","OMAHA HOME FOR BOYS
 Jacobs’ Place Transitional Living
Parcel ID (PIN) - 2409200005
Property Address - 919 N 48 ST  / 930 & 928 N 47th Ave  (402) 457-7000"
TX Site Data,TX,Killeen_MDU_Villa Del North,1006 N 4TH ST UNIT 1 KILLEEN TX 76541,16,0,12/31/2024,Killeen,TF,46051,,Completed,,,,,,"1/28/26 Owner phone not valid. Spoke with PM Amy, sent ROE 1/29/26 received signed ROE",Morris Real Estate  (254) 634-8852. Amy Millsap MorrisRealEstateKilleen@gmail.com,1006 North 4th Street LLC c/o Myles Spetsios 941-371-5613
TX Site Data,TX,Killeen_MDU_1015-1017 Parmer Ave,1015 PARMER AVE UNIT 10 KILLEEN TX 76541,14,0,6/28/2024,Killeen,TF,46056,,Completed,,,,,,"1/28/26 spoke with Mar. Sent ROE to PM: Shawn Darden, Shawn@soldiersofrealestate.com 2/3/26 spoke with Shawn, resent ROE. He asked about insurance and landscape restorations. Also is PM for 613 Stringer.",Soliders of Real Estate 254-618-5140,No Costar contact. 1015 & 1017 Parmer Ave LLC Parcel #6676
TX Site Data,TX,Killeen_MDU_119-111 N College St,1019 N COLLEGE ST UNIT 1 KILLEEN TX 76541,24,0,10/31/2024,Killeen,TF,,,Closed - Lost,46064,Not Interested,,,, 1101 N college is part of this parcel. 2/4/26 spoke with John - said he's not interested because tenants make $5/hour and won't pay for internet. Still emailed ROE 2/11/26 F?U - he is NOT interested.,Dock Walk 714-916-9670 dockwalkrealestate.com John Gorske (owner) john@dockwalkrealestate.com,No Costar contact / For Rent Sign phone # 254-699-0611. Owner as of 10/19 John Gorske (same as 1202 College & 761st Tank Battalion (aka 810 W Avenue D)
TX Site Data,TX,Harker Heights_MDU_Mockingbird Ln,102 E MOCKINGBIRD LN UNIT 1 HARKER HEIGHTS TX 76548,22,0,7/19/2023,Harker Heights,JB,,,Closed - Market Reviewed,,Contact Info,,,,2/17/ Called new # for Rebecca.  No ring no answer.  Requesting local market rep talk to residents. 1/28 Call 1st # disconnected / 2nd # wrong James Scripps,Rebecca  254-699-1820,"No Costar contact / Owner Name: SCRIPPS, JAMES GEORGE III ETAL  775-327-4821 / 775-843-0214
Mailing Address: 1080 SHARON WAY
Mailing Address City: RENO
Mailing Address State: NV
Mailing Address Zip: 89509"
TX Site Data,TX,Killeen_MDU_Versailles North,103 W DUNN AVE UNIT 1 KILLEEN TX 76541,18,0,10/31/2024,Killeen,TF,,,Closed - Lost,46097,Not Interested,,,,"2/10/26 LM for Jamie, sent roe 2/19/26 VM for PM 2/27/26 emailed Lisa/MCG about this property and 401 Root Ave. 3/6/26 VM",MCG Homestead 254-415-7480,"5/2025 New Day Homes TX LLC c/o Jamie Finnen-Gratzer, Partner, The Optimal Finacial Group 281-288-9982o jamie@theoptimalfinancialgroup.com"
TX Site Data,TX,Harker Heights_MDU_Village Apts,104 E CARDINAL LN UNIT 1 HARKER HEIGHTS TX 76548,10,0,7/19/2023,Harker Heights,JB,,,Closed - Market Reviewed,,Contact Info,,,,1/29 Number not in service,,"No Costar contact/ Owner Name: HO, WILLIAM W K 904-677-8845
Mailing Address: PO BOX 1824 / 559 S Atlantic
Mailing Address City: ORMOND BEACH, FL 32175
Mailing Address State: FL
Mailing Address Zip: 32175"
TX Site Data,TX,Harker Heights_MDU_Dove Lane Apts,107 W DOVE LN UNIT 1 HARKER HEIGHTS TX 76548,17,0,9/29/2023,Harker Heights,JB,,,Closed - Lost,,Not Interested,,,,2/18 Owner said no interest doesnt want service didnt give a reason once asked for a reason. 2/10 Spoke to PM she is going to get back to me after she talks to the owner. 1/29 LM  for Robin / Sent Proposal email,Central Texas Property Management Robin@Centexpm.net /254-699-1700,Central Texas Property Management Robin@Centexpm.net /254-699-1700
TX Site Data,TX,Killeen_MDU_1103-1109 Harbour Ave,1103 HARBOUR AVE UNIT A KILLEEN TX 76541,16,0,6/28/2024,Killeen,TF,,,Closed - Market Reviewed,46086,Contact Info,,,,"Building includes 1103, 1105, 1107, 1109 addresses. 1/30/26 unable to identify owner contact info, PM or leasing #. 2/10/26 received PM info from TX local support. 2/11/26 Called Amy Millsap/Morris - they don't manage that property 3/5 # from the market isn't in service",Morris Real Estate 254-634-8852 2.10.26 ,"No Costar contact /Owner Name: CHARLES SHIMOLA LLC, 7201 RANCH ROAD 2222 UNIT 2405, AUSTIN, TX 78730"
TX Site Data,TX,Killeen_MDU_Fairway Park,1104 GARTH DR UNIT 1 KILLEEN TX 76541,10,0,10/31/2024,Killeen,TF,,,Closed - Lost,46099,Not Interested,,,,"1/30/26 unable to obtain owner of PM contact info 2/18 spoke w/ fred. send proposal so he can discuss with owner. doesn't want parking lot torn up. 3/5 VM. 3/17/26 spoke, resent ROE. Owner doesn't want any parking lot diggning. 3/18 Fred emailed, said owner is denying fiber on the property. I asked why.",Rancier Realty 254-526-4093m 2.10.26 Fred.Latham@hot.rr.com 254-702-4241o,"Bay's Super Markets Inc PO Box 10097 Killeen, TX 76547 (as of 4/1972)"
TX Site Data,TX,Killeen_MDU_207 W Young Ave,1104 N COLLEGE ST UNIT A KILLEEN TX 76541,10,0,10/31/2024,Killeen,TF,,,Closed - Lost,46090,Not Interested,,,,207 W Young units are also on this parcel. 2/3/26 spoke with owner. English 2nd language. insisted I talk to each tenant. Sent text clarifying. 2/18/26 sent ROe 3/5/26 VM,leasing: 254-699-0611,"No Costar contact / Owner Name: LOWE, OK K,  4701 MESA DR, KILLEEN, TX 76542 Parcel # 11241 ok.lowe@gmail.com"
TX Site Data,TX,Killeen_MDU_Bradley Arms,1117 N 8TH ST UNIT 1 KILLEEN TX 76541,18,0,12/31/2024,Killeen,TF,,,Assigned FiberFirst,,,,,,"2/3/26 Owner #'s just rang. Spoke with PM Jim, sending ROE. Has 3 other properties on same block so will send those as well 2/6/26 spoke, he's reviewing with owner. will know by tuesday. 2/19/26 LM and resent email. 2/25 resent ROEs 3/5 Melissa to nudge on ROE 3/24/26 lm/resent ROE to jim 3/26/26 JS responded that he signed PAL. still need ROE. Resent Docusign CC'd Melissa",Colt Real Estate Group 254-526-2277. Jim Switzer jimswitzer@coltREgroup.com,"CPOW Property LLC c/o Paul Williams 214-341-1605o, 214-826-2281m"
TX Site Data,TX,HARKER HEIGHTS_MDU_JR's_Trailer_Park,117 E BALL RD UNIT 1 HARKER HEIGHTS TX 76548,22,0,10/10/2023,HARKER HEIGHTS,JB,,,Closed - Market Reviewed,,Contact Info,,,,2/17 bad number. Need drive by to trailer park by market .2/10 LM for Romero Realty Group actual address listed and found management company lM for Elba.  1/29 LM for Elba,Romero Realty Group at Homevets Realty / 254-681-1302,"No Costar contact / Owner Name: VELASCO, ELBA G GUTIERREZ / 254-393-6884/ anyordinaryemail09@gmail.com / Juan Perez /
Mailing Address: 117 E BALL ST
Mailing Address City: HARKER HEIGHTS TX 76548   Actual address:  2000 E CTX Expwy Ste. B, Killeen, TX 76543

"
TX Site Data,TX,KILLEEN_MDU_117-121_W_AVENUE_A,117 W AVENUE A UNIT 1 KILLEEN TX 76541,10,0,12/31/2024,KILLEEN,TF,,46082,Completed,,,,,,"115 is also on this parcel. 1/30/26 unable to identify owner or PM contact info 2/12/26 reached out to jeremy/Keystone for ROE. They're interested in FF deal. 2/13 Jeremy confirmed ownership, resent ROE and Melissa has meeting sheduled. 3/5 Melissa to nudge them on ROE",Keystone Holdings 254-406-1988 2.10.26 Jeremy opt1,"No CoStar contact. JQ 1 LLC 4508 Jeff Scott Dr, Apt C, Killeen, TX 76549"
TX Site Data,TX,Killeen_MDU_Casa Grande,119 W YOUNG AVE UNIT 1 KILLEEN TX 76541,20,0,12/31/2024,Killeen,TF,,,Closed - Lost,46090,Not Interested,,,,2/10/2026 VM for Lawrence 2/19/26 VM and sent ROE 3/5/26 VM 3/9/26 closed,,"CIC Real Estate LLC c/o Lawrence Bellinger 2141 County Rd 4390 Kempner, TX 76539 254-415-0541 Parcel #9000 lawrence-yesi@hotmail.com"
TX Site Data,TX,Killeen_MDU_122 N College St,1202 N COLLEGE ST UNIT 1 KILLEEN TX 76541,16,0,10/31/2024,Killeen,TF,,,Closed - Lost,46064,Not Interested,,,,2/4/26 also has 803 761 tank batt (aka 810 W Avenue D). Spoke with John - not interested because tenants make $5/hour and cn't pay for utiities. Still sent ROE. 2/11/26 he is NOT interested.,Dock Walk 714-916-9670 dockwalkrealestate.com John Gorske (owner) john@dockwalkrealestate.com ,"Argolis Properties LLC c/o Brothers Property Group LLC 4706 N Midkiff Rd, Midland TX 79705 713-213-8379. Owner as of 9/2020: John Gorske (Dockwalk),"
TX Site Data,TX,Killeen_MDU_Paradise Cove,1204 BUNDRANT DR UNIT A KILLEEN TX 76543,22,0,10/31/2023,Killeen,TF,,,Closed - Lost,46091,Not Interested,,,,"2/5/2026 VM, emailed ROE 2/19/26 VM, resent ROE 3/6/26 VM 3/10/26 closed",,"Primegate Capital Investment LLC c/o Yenesaw Negatu 5900 Balcones Dr, Suite 100 austin, TX 78731 559-960-7631"
TX Site Data,TX,Killeen_MDU_127-129 N 1th St,1207 N 10TH ST UNIT 1 KILLEEN TX 76541,16,0,12/30/2024,Killeen,TF,,,Research Required,,,,,,"2/2/2026 tried calling, got message said the person i am calling cannot accept calls at this time ?? 2/19/26 tried different #, VM full so sent text. 2/25/26 request local support for PM/owner contact info",,"Owner: KSJS Investments LLC, c/o Kyle Cox 7004 Kenosha Pass, Austin, TX 78749 713-373-6634, 512-567-7980 Parcel # 34969"
TX Site Data,TX,Killeen_MDU_1215 & 1217 N 4th St,1215 N 4TH ST UNIT 1 KILLEEN TX 76541,20,0,12/31/2024,Killeen,TF,,,Closed - Lost,46090,Not Interested,,,,parcel includes 1217 address 2/4/26 # just rings and then asks for remote access code. Unable to locate any other contact info for owner or PM. 2/9/10 got revised contact # 2/12/26 VM for Mohammad 2/25/26 VM 3/5/26 VM,Mohammad 512-983-8273 2.10.26,"Mohammad & Zara Bahrami 8500 Ephraim Rd, Austin, TX 78717 512-255-1178 Parcel #52756"
TX Site Data,TX,HARKER HEIGHTS_MDU_700 S Amy Ln apt,126 E RUBY RD UNIT 1 HARKER HEIGHTS TX 76548,10,0,9/10/2023,HARKER HEIGHTS,JB,,,Proposal Sent,,,,,,3/18 Samantha emailed back with build questions I forwarded to Cass to send to the market for follow up with the LL.   3/9 follow up email to Samantha. She is on vacation until 3/17. LM 2/25:  reached back out and LM. 2/17 LM for Samantha. 2/10 LM for PM she is at doctor and told to call back tomorrow.Sent email proposal. 1/29 LM for samanatha sent proposal. Told to call back after 3 pmShe is ,Property Manager is samantha.leach@erabrokers.com Direct line 254-213-6982 address is 700 S Amy Lane ,No Costar contact/ Trustmark Property Management 254-698-4722   Samantha Leach 254-213-6982 / ERA Brokers
TX Site Data,TX,Bridgeport_MDU_Atrium Garden Apartments,1304 HALSELL ST UNIT A BRIDGEPORT TX 76426,21,0,8/28/2024,Bridgeport,JB,,,Closed - Market Reviewed,,Contact Info,,,,3/4: LM for number VM 2/17 LM with the new # received by the market. 1/28/26 Canon Realty no longer manages property / other contact number disconnected,Canon Realty 940-368-1811  817-229-0554,940-683-5268
TX Site Data,TX,Killeen_MDU_Palo Alto Apartments,1305 N 4TH ST UNIT 101 KILLEEN TX 76541,10,0,12/31/2024,Killeen,TF,,,Closed - Lost,46090,Not Interested,,,,"2/4/26 property is listed for sale. VM for Maria, sent ROE 2/19 VM and resent ROE. Since property is for sale, with ROE, can market as having fiber accessability.  3/3/26 VM. 3/9/26 closed",,"Address in the tax records is 108 E Dunn Ave Killeen. Rivera & Associates Realty Corp, 4601 Rolling Greene Dr, Wesley Chapel, FL 33543 Parcel # 147545"
TX Site Data,TX,Jarrell_MDU_Rock Terrace Apartments,13100 N INTERSTATE 35 UNIT 1 JARRELL TX 76537,12,0,5/21/2023,Jarrell,JB,,,Closed - Lost,,Other,,,,1/30 PM texted me and said that they no longer manage this property and that  it was just sold and they will be tearing it down and no one is currently living there.  1/29:  LM  and sent email for mocking bird management / mockingbirdmanagement.com / cngeorge@mockingbirdmanagement.com,Mocking Bird Management / 214-751-6160,No Costar contact / 254-939-8126 Bad #  214-751-6160
TX Site Data,TX,Killeen_MDU_Gray St North Apartments,1405 N GRAY ST UNIT 1 KILLEEN TX 76541,10,0,10/31/2024,Killeen,TF,,,Closed - Lost,46098,Not Interested,,,,"2/2/26 invalid #, unable to locate owner or PM contact info 2/18/26 tried new # provided for mangement company but woman who answered said they don't manage this property. 2/26/26 market provided new PM. 3/10/26 automated system, keep trying 3/13/26 emailed kaitlyn (411 e central tx expy) to see if she also managed this. 3/17/26 VM. closed",Lone Star Realty 254-699-7003 Just Off Post Apartments 254-634-7755 254-630-1199 2.10.26,Owner: SILEX I LLC. Parcel # 53692
TX Site Data,TX,Bridgeport_MDU_Federal Housing Administration,1508 COBB ST UNIT 1 BRIDGEPORT TX 76426,10,0,11/27/2024,Bridgeport,JB,,,Engaged,,,,,,3/3Sent Sherri COI to show our coverage of work.  2/18 Talked to Sherri Henderson she said Nextlink came and cut her gas line on install and needs assurance that we will pay for any damage.  Need to check contract to see if we include that or if we will include that in the future. 1/30 LM for Bridgeport Housing Authority, Bridgeport Housing Authority,No Costar contact  / Bridgeport Housing Authority- Butterfield Courts Apartments  / Sherry Henderson bha2710@outlook.com / 940-683-2710 / 20 units
TX Site Data,TX,Killeen_MDU_1610 N 8th St,1610 N 8TH ST UNIT 1 KILLEEN TX 76541,10,0,11/4/2024,Killeen,TF,,,Closed - Lost,46098,Not Interested,,,,"1/29/26 spoke with Victoria, sent ROE. She'll review with owner. 2/19 spoke, resent ROE with corrected email. 3/9/26 VM 3/17/26 called. Closed","254-432-8355, 254-394-0958 Victoria Rios, Office Manager 3SummerLLC@gmail.com","3 Summers LLC, c/o David & Ania Lomas 254-634-6932. Parcel #34089"
TX Site Data,TX,Bridgeport_MDU_Edgewood Apartments,1702 EDGEWOOD DR UNIT A BRIDGEPORT TX 76426,20,0,7/31/2024,Bridgeport,JB,,,Proposal Sent,,,,,,3/3 sent Karl follow up email. No response yet from him.  2/25:  followed up with Karl no response. 2/17 follow up email sent to Karl2/10 spoke to PM said Karl is out of town and she will bring it up at next meeting / call back late next week.2/2: LM for Stacy she gave message to owner Karl.  Sent Karl intro email,Karl Klement Properties 940-627-6362,"Klement Distribution, Inc, 3271 S highway 287, Decatur, TX 76234 c/o Karl Klent 940-393-8038o, 940-627-6362m / leasing@klement-properties.com"
TX Site Data,TX,Killeen_MDU_1711 Mulford St,1711 MULFORD ST UNIT 1 KILLEEN TX 76541,14,0,11/4/2024,Killeen,TF,,,Closed - Market Reviewed,46079,Contact Info,market unable to locate owner/PM info,,,2/6/26 leasing # didn't work. No contact info for owner or PM. 2/26/26 local support wasn't able to provide additional information,512-804-6887 C & M apartments ,"Parcel 17367.  GAMBOA, RODOLFO ETUX MARTHA, 1047 ECHO BLF, SAN ANTONIO, TX 78245 (10/2005)"
TX Site Data,TX,Killeen_MDU_Twin Apartments,1808 N 8TH ST UNIT A KILLEEN TX 76541,16,0,11/4/2024,Killeen,TF,,,Research Required,,,,,,"2/4/26 VM for shawn, sent ROE. Assesor has Manilla as owner 2/25/26 leasing # doesn't work. Need local support for PM/owner contact #",sign on building 634-1941,"11/2025 Manila Investments, LLC c/o Iryn Agabon, 2554 W Courtland St, Orange, CA 92867 714-206-6478. Parcel #72080  Sierra Killeen Partners LLC ?(12/25) Sean Robinson 972-877-7659 shawn@gci.net"
TX Site Data,TX,Killeen_MDU_1809 Nathan Dr,1809 NATHAN DR UNIT A KILLEEN TX 76541,10,0,9/14/2023,Killeen,TF,,,Closed - Lost,46090,Not Interested,,,,2/10/2026 VM for Dave 2/26/26 VM 3/5/26 VM 3/9/26 closed,,"No Costar contact /  Owner: CENTEX VALUE ADD ONE LLC c/o Dave Ottley 512-590-3990, 5900 BALCONES DR STE 100, AUSTIN, TX 78731 Parcel # 14445"
TX Site Data,TX,Killeen_MDU_Dugger Apts,1813 NATHAN DR UNIT 1 KILLEEN TX 76541,10,0,9/14/2023,Killeen,TF,,,Closed - Lost,46080,Not Interested,,,,1/30/26 owner # disconnected. Unable to locate other owner/PM/leasing info for the property 2/18/26 spoke then he hung up. left VM asking for email address.,,"Froylan Ortiz 1108 Stafford St, Dallas, TX 75208 682-831-9805  214-934-3609 or 214-213-8733  2.10.26"
TX Site Data,TX,Killeen_MDU_191 N 1th St,1901 N 10TH ST UNIT 1 KILLEEN TX 76541,12,0,11/4/2024,Killeen,TF,,,Research Required,,,,,,"2/2/26 Morris confirmed they were PM. Sent ROE to Amy 2/6/26 resent email 2/17/26 No longer PM 2/24/26 tried new PM, they don't manage property, need PM/owner contact info",254-618-5060Morris Real Estate  (254) 634-8852. Amy Millsap MorrisRealEstateKilleen@gmail.comNow Gold Medal Prop Mgmt 254-213-2131? info@goldmedalrentals.com,"Killeen 10th St LLC 213 Kettleman Ln N, Austin TX 78717512-246-7579, Owner (2/2023) 1901 Killeen LLC"
TX Site Data,TX,Taylor_MDU_Dahlberg,200 DAHLBERG BLVD UNIT 1 TAYLOR TX 76574,10,0,12/26/2025,Taylor,JB,,,Closed - Market Reviewed,46079,Contact Info,unable to locate owner/PM info,,,1/30 scrubbed apn and google and have not found a contact #,,no Costar contact / No contact found on scrub
TX Site Data,TX,Killeen_MDU_Triple M Rentals,2003 E VETERANS MEMORIAL BLVD UNIT 1 KILLEEN TX 76541,12,0,9/14/2023,Killeen,TF,,,Closed - Lost,46104,Not Interested,,,,"parcel address is 2103 E and includes 2003 units. 2/10.26 VM for Triple M. Spoke with Donald. Said low income tenants but if no cost, he'll sign. Sent ROE 2/19 spoke, he's not feeling well. will check his email later to confirm if he got it. 3/5 VM. 3/17/26 VM 3/23/26 tried calling, closed",,"Parcel  #77878 address: 2103. Triple M Rentals 254-458-1074 (Donald Myers - James is nephew) DMYERS4847@yahoo.com Owner Name: LAWHUN, JAMES ETAL, 2519 LEVY CROSSING, NOLANVILLE, TX 76559"
TX Site Data,TX,Killeen_MDU_201 W Green Ave,201 W GREEN AVE UNIT 1 KILLEEN TX 76541,10,0,12/31/2024,Killeen,TF,46065,,Completed,,,,,,"2/11/26 found current listing by Morris. Spoke with Amy, sent ROE",Morris Real Estate 254-634-8852 (2/2026 rental listing),Parcel 127807. 201 W Green Avenue LLC (2/2025) 
TX Site Data,TX,Killeen_MDU_204 E Harrison Ave,204 E HARRISON AVE UNIT 1 KILLEEN TX 76541,10,0,10/31/2024,Killeen,TF,,,Research Required,,,,,,"Address AKA: 1800 N 4th St. 1/29/26 VM for Bobby, sent ROE 1/30/26 emailed bounced back 2/25/26 need owner/PM contact info",,"Dream House Properties LLC c/o Bobby Meadows 210-655-9484o, 210-508-4658m bgm@iamerica.net  Parcel #21967"
TX Site Data,TX,Taylor_MDU_Vance Apartments,205 W 9TH ST UNIT 1 TAYLOR TX 76574,12,0,3/26/2024,Taylor,JB,46056,,Completed,,,,,,2/3 owner signed ROE.  2/2: TF sent docusign ROE. Spoke to Wanye Naul  who asked for the docusign to be sent to him for signature,,no Costar contact / Wayne Nual 512-626-2062 / gwnaul@att.net / Actual address is 900 Vance Street / APN R016103
TX Site Data,TX,Killeen_MDU_209 E Dean Ave,209 E DEAN AVE UNIT 1 KILLEEN TX 76541,10,0,10/31/2024,Killeen,TF,46065,,Completed,,,,,,"2/2/26 confirmed PM. Sent ROE. 2/6/26 resent email 2/11/26 spoke, she has the docs and will get to them",Morris Real Estate  (254) 634-8852. Amy Millsap MorrisRealEstateKilleen@gmail.com,"no Costar contact/ 209-698-1754 Owner Name: VEKASO LLC, 14374 EASTWICK CT, FRISCO, TX 75035"
TX Site Data,TX,Taylor_MDU_Tejas Apartments,2106 HOLLY SPRINGS DR UNIT 1 TAYLOR TX 76574,18,0,12/30/2025,Taylor,JB,,,Assigned FiberFirst,46085,,,,,"2/10 LM for Diane 2/6 Left Diane message to see if she signed the ROE. 2/2  TF sent docusign. Spoke to Dianne Pitts she is interested in service here the internet with spectrum isnt good.  Sending her ROE.  She also said her business would love service at 604 East Lake Drive, Taylor TX. check to see if we can get it there.  She said neighboring business would also like service. ",,no Costar contact/ Tejas Apartments 512-365-6400 / Dianne Pitts / diannepitts@gmail.com / 
TX Site Data,TX,Taylor_MDU_Sunny Lane Apartments,2700 SUNNY LN UNIT 1 TAYLOR TX 76574,24,0,3/26/2024,Taylor,JB,,,Closed - Market Reviewed,,Contact Info,,,,3/3 LM no response yet from owner. 2/18 follow up text / 2/10 Texted Brandon Sparks 2/2 LM2/3 LM for Brandon Sparks,Polarity 512-399-0737,"3 owners: DV Sunny LN MFAP LLC, AKM LN MFAP LLC & Zerodb LLC c/o Anthony Garrant 512-779-6744, agarrant@yahoo.com, Dustin Kohn 512-589-4754 dustykohn@gmsail.com, Brandon Sparks 512-796-4569 brandon@bartoncreeklending.com"
TX Site Data,TX,HARKER HEIGHTS_MDU_Cedar_Knob_RD MHP,2913 CEDAR KNOB RD UNIT 2 HARKER HEIGHTS TX 76548,21,0,8/1/2024,HARKER HEIGHTS,JB,,,Closed - Market Reviewed,,Contact Info,,,,,,Guy Gordon Hilliard - no number found
TX Site Data,TX,Killeen_MDU_305-307 Blair St,305 BLAIR ST KILLEEN TX 76541,11,0,11/27/2024,Killeen,TF,,,Closed - Lost,46090,Not Interested,,,,"1/29/26 spoke with Brian, emailed ROE 2/19/26 resent ROE 3/5/26 VM 3/9/26 closed",,"Brian & Colleen Brehm 714-692-1884, 714-928-5790 brianscustomflooring@gmail.com Parcel 55409"
TX Site Data,TX,Mineral Wells_MDU_305-309 NW 4th St Apartments,305 NW 4TH ST UNIT 1 MINERAL WELLS TX 76067,12,0,3/31/2024,Mineral Wells,JB,,,Assigned FiberFirst,,,,,,3/4 spoke to property manager they said they wait until a tenant orders service to sign any right of entry forms.  This should be followed up with Fiber First to engage tenant interest. 2/17 Re emailed Macy.  2/10 LM for front desk / Macy not available / re sent email.2/3Sent email and sample ROE to Macy. Spoke to contact at nix rental homes said to send email to Macy who runs the company.  The own alot of rentals.,macy@nixrentalhomes.com / ,"NSC Properties, LP c/o Randy Nix 940-325-0061"
TX Site Data,TX,Killeen_MDU_Townshires Apartments,308 18TH ST UNIT 1 KILLEEN TX 76541,22,0,6/28/2024,Killeen,TF,,,Closed - Lost,46090,Not Interested,,,,"2/6/2026 leasing # VM not set up, can't LM. Spoke with Chukwudi, emailed ROE 2/25 VM, sent text RE email address correct? 3/6/26 VM 3/9/26 closed",leasing: 281-299-6359,"Parcel ID 7200.   516-491-1755 V & C PROPERTIES LLC, c/o Chukwudi Eke 516-491-1755 chukseke2@yahoo.com 3 REGENTS PARK, SUGAR LAND, TX 77479"
TX Site Data,TX,Killeen_MDU_308 N 14th St,308 N 14TH ST UNIT 1 KILLEEN TX 76541,17,0,6/28/2024,Killeen,TF,,,Closed - Lost,46098,Not Interested,,,,"1/30/26 VM for Robert, sent ROE 2/18/26 updated ownership info 2/25/26 obtained leasing contact. tried PM, spoke, ESL, got email, sent ROE 3/13/26 VM 3/17/26 called. closed",Ms. Dong Shin 254-444-3199. DHshin2003@gmail.com  leasing: 254-312-9460 or Donna Miller/DKS properties 254-371-3018 donnakimmiller@gmail.com,"Owner (6/2019) : Kate Junghee Suh. Parcel # 95765. RGWG Metroplex Investments LP, c/o Robert Girling 512-423-0362m, 512-480-9440 rgirling@gmail.com"
TX Site Data,TX,Killeen_MDU_Tee Top Apartments,310 N GILMER ST UNIT 1 KILLEEN TX 76541,16,0,11/27/2024,Killeen,TF,,,Proposal Sent,,,,,,"2/11/2026 spoke with PM Cari. Emailed ROE so she can discuss with owner. Got reply ""we can do it for $2k"" Sent request to VK. No answer",Passariello Management/Azzurri Management 254-245-9925 Cari Ferguson Azzurri.managementLLC@gmail.com,"Parcels: 114465, 114464, 114466. PFJN 2023 LLC (1/2024) c/o Passariello Management 605 N Gray St, Killeen, TX 76541. 254-245-9925"
TX Site Data,TX,Killeen_MDU_Magnolia Heights,310 S 10TH ST UNIT 1 KILLEEN TX 76541,16,0,8/4/2023,Killeen,TF,46094,,Completed,,,,,,"1/30/26 unable to identify owner contact info, PM or leasing #. 2/18/26 spoke to Manny, (also owns 813 Park) sent ROE. Network CX did damage his property but was all restored. 3/4 spoke, he'll call me back 3/13/emailed 2 ROE reminders",,"Emanuel & Chun Padilla 1107 S 6th St, Killeen, TX 76541 832-689-7676  254-423-8901 2.10.26 emauelpadilla210@yahoo.com"
TX Site Data,TX,Killeen_MDU_Laforce Apts,311 E BRYCE AVE UNIT 1 KILLEEN TX 76541,14,0,11/15/2023,Killeen,TF,,,Closed - Lost,46090,Not Interested,currently bank owned/repossesed,,,"2/6/2026 VM for Lopez. Spoke. foreclosed last year, now bank owned. text him the info and he'll share with the bank. wouldn't give me an email address. 2/26/26 VM 3/9/26 tried calling, closed out. Bank owned",internet included? Hacienda Texas Realty 254-466-0892  lopez andres,"Parcel 77906 734-245-0330 NEXT BRIDGE FUNDING LLC
"
TX Site Data,TX,BRIDGEPORT_SA01_FDH08_PA01,400 TURKEY CREEK TRL UNIT A BRIDGEPORT TX 76426,22,0,11/10/2025,BRIDGEPORT,JB,,46082,Completed,,,,,,2/18 Melissa at Fiber First currently negotiating. 2/10 Spoke to PM Anita who asked about door fees and rev share.  I told her we can go up to $200 / unit. She told me there are 24 units.  Sent intro email. 1/30 scrubbed apn and google and have not found a contact #,469-987-2778,Possibly Creekside Apartments 469-987-2778 / Anita / manager@creeksidebrigeport.com
TX Site Data,TX,KILLEEN_MDU_MCG_Homestead_Rentals,401 ROOT AVE UNIT 1 KILLEEN TX 76541,24,0,11/27/2024,KILLEEN,TF,,,Closed - Lost,46111,Not Interested,,,,"parcel includes 401 & 405 addresses 2/11/26 spoke with Sara, said to send info to Lisa an they will evaluate with the owner. 2/27/26 LM, resent ROE and inquired about 103 W Dunn. 3/19/26 LM  3/30/26 closed","MCG Homestead Rentals 254-415-7480. Sara Harrison PM, Lisa McGaughey, owner. Lisa@MCGhomestead.com","Parcel #28030. Russel L Davis, 4104 Broken Arrow Dr, Harker Heights, TX 76548 254-681-4219 (1/2021) Tuxify Investments LLC"
TX Site Data,TX,BRIDGEPORT_SA01_FDH08_PA02,401 TURKEY CREEK TRL UNIT 101 BRIDGEPORT TX 76426,24,0,11/10/2025,BRIDGEPORT,JB,,46082,Completed,,,,,,2/18 Same address as Creekside apartments / Melissa at Fiber First already in negociations. 2/4 LM for VM  / Dont know if its the correct # no ID ,,Same as above location / 400 Turkey Creek Trail / Creekside Apartments / 
TX Site Data,TX,Killeen_MDU_400-404 Liberty St,402 LIBERTY ST UNIT 101 KILLEEN TX 76543,18,0,6/28/2024,Killeen,TF,,,Closed - Lost,46052,Not Interested,,,,1/30/26 LM w/ main for the PM. Stacey called back and said not interested before I even finished and hung up,creekwoodapts.net 254-699-8363 creekwoodapts@earthlink.net. Liberty Street.,Meadow Village apartments. no Costar contact / Owner: Urban Living Luxe V LLC. Parcel # 37284. Meadow Village
TX Site Data,TX,Killeen_MDU_12th Street Apartments,403 N 12TH ST UNIT 1 KILLEEN TX 76541,16,0,6/28/2024,Killeen,TF,,,Closed - Lost,46105,Not Interested,,,,"2/10/26 VM on main requesting property PM. 3/5 found new owner contact, left VM for Jeremy 3/16/26 VM 3/24/26 called. closed out.",Compass MF: PM/leasing 469-319-9686. ,"SR12 Killeen LLC (2/2023) c/o Monserrat Marcelli 254-447-7756 (9/2021) Parcel #42019 Jeremy A. Smith, Manager 817-697-7563m, 662-990-5198o "
TX Site Data,TX,Killeen_MDU_404 N 16th St,404 N 16TH ST UNIT 10 KILLEEN TX 76541,10,0,6/28/2024,Killeen,TF,,,Closed - Lost,46111,Not Interested,,,,"2/3/26 spoke w/ leasing, she gave me owner #. Left VM and sent ROE 3/16/26 VM 3/30/26 closed",leasing: 352-316-7828,"no Costar contact /  203-936-7368. Barukh Atah LLC, (Dr. Barukh Rohde) 6113 Palm Cir, Austin, TX 78741 Parcel #67198 FortHoodLLC@gmail.com"
TX Site Data,TX,Killeen_MDU_Summit Heights Apts,411 E CENTRAL TEXAS EXPY UNIT 1 KILLEEN TX 76541,23,0,3/31/2023,Killeen,TF,,,Closed - Lost,46111,Not Interested,,,,"1/30/26 spoke w/ kaitlynn, sent ROE, she'll discuss with her manager 2/26/26 automated system, stuck on hold. try again 3/10/26 tried calling, resent ROE and asked about 1405 N Gray St property. 3/24/26 LM 3/30/26 closed",Lone Star Realty 254-699-7003. Kaitlynn Bailey kaitlynn@lonestarrealty.net,Middles Investment Group LLC c/o Erwin Raphael 248-393-5700 erwin_raphael@yahoo.com
TX Site Data,TX,Killeen_MDU_Crescent Apts,4110 LAKE RD UNIT 1 KILLEEN TX 76543,14,0,12/31/2022,Killeen,TF,,,Closed - Lost,46052,Not Interested,,,,1/30/26 spoke w/ PM Stacy about this and 402 Liberty (Meadow Village Apts). she cut me off with Not Intrested and hung up.,Crescent Apt 254-699-8363,"no Costar contact/  Owner Name: URBAN LIVING LUXE V LLC
Mailing Address: 34145 PACIFIC COAST HIGHWAY NO 752
Mailing Address City: DANA POINT, CA 92629
Mailing Address State: CA
Mailing Address Zip: 92629"
TX Site Data,TX,Killeen_MDU_414 E Avenue A,414 E AVENUE A UNIT 100 KILLEEN TX 76541,14,0,12/30/2024,Killeen,TF,,,Closed - Lost,46104,Not Interested,,,,"2/12/2026 Management company # just rang. VM for Sripriya. 2/27/26 VM on leasing # for PM. 3/6/26 VM 3/9/26 spoke, got email, sent ROE. concerned about CX, offered to have tech meet on site 3/17/26 VM, resent ROE 3/23/26 closed - no response from owner",leasing 254-220-4340,"Parcel # 93381. (11/2024) SRIPRIYA SANTHANAM 512-284-7716m / 718-748-1830h Owner: PVNRE LLC, 8500 DEL MESA LN, AUSTIN, TX 78759 PSANT@PVNearth.com"
TX Site Data,TX,Killeen_MDU_425 N Gilmer St,425 N GILMER ST UNIT 1 KILLEEN TX 76541,12,0,11/27/2024,Killeen,TF,46065,,Completed,,,,,,2/2/26 confirming same PM as other killeen properties. Sent ROE 2/6/26 resent email 2/11/26 spoke w/ amy. she will get to the docs ,Morris Real Estate  (254) 634-8852. Amy Millsap MorrisRealEstateKilleen@gmail.com,"no Costar contact / Elom Tsogbe 512-659-6902 / 512-385-8198 Owner Name: GILLMERKILLEEN LLC
Mailing Address: 1905 BANDERA CV
Mailing Address City: ROUND ROCK, TX 78665"
TX Site Data,TX,Killeen_MDU_5 W Rancier Ave,500 W RANCIER AVE BLDG 2 KILLEEN TX 76541,13,0,11/27/2024,Killeen,TF,46071,46082,Completed,,,,,,"2/11/26 spoke with Bryan, interested in FF property service agreement. sent ROE w/ FF contact info and copied PM.","Karen Keys, 254-702-9991 kkeysbroker@gmail.com","Parcel # 99431 (9/2022) K & B Rentals Rancier LLC, 1845 Lynx Ter, Chula Vista, CA 91915-2782 c/o Bryan Harb 619-887-6391"
TX Site Data,TX,KILLEEN_MDU_505 UTAH ST,505 UTAH ST UNIT 1 KILLEEN TX 76541,14,0,11/27/2024,KILLEEN,TF,,,Closed - Lost,46086,Not Interested,,,,"1/30/26 unable to identify owner contact info, PM or leasing #. 2/18/26 spoke w/ Wanda. She'll have her PM call me. 2/27/26 spoke, she told her PM to call me. emphasized this isn't a sales request. Was quick to get me off the phone 3/5/26 VM",,"Alex Peterson, 6590 SW Fallbrook Pl, Beaverton, OR 97008. as of 6/2024 - Wanda & Jose Juan Ortiz, 1913 Herndon Dr, Killeen, TX 76543  254-290-1926  2.10.26 "
TX Site Data,TX,Harker Heights_MDU_506-508 E Beeline Ln,506 E BEELINE LN UNIT 1 HARKER HEIGHTS TX 76548,16,0,7/19/2023,Harker Heights,JB,,,Closed - Lost,,Not Interested,Owner rejected ,,,2/17 PM emailed back saying owner had no interest.  I offered the $250 per door bonus.  No response.  /10 called JWC they manage the property. Fiber First may have to have tenant interest first before they are wiling to pre-authorize.   2/3 Told to call back ERA property management,JWC Property Management,"no Costar contact / 254-702-6309 / f q/ 254-526-5921// michelle@jwcrentals.com Owner Name: CHTAY, LENA J ETAL
Mailing Address: C/I ZIP CAR WASH 102 RODEO CIR
Mailing Address City: HARKER HEIGHTS, TX 76548
"
TX Site Data,TX,Killeen_MDU_Gilmer Street Apartments,507 N GILMER ST UNIT 10 KILLEEN TX 76541,18,0,11/27/2024,Killeen,TF,,,Closed - Lost,46086,Not Interested,,,,"1/29/26 VM for Fayez incorrect email so texted for updated address. Spoke- asked what protection he gets from the utility company, he doesn't trust any company. Doesn't want $$. Maybe a COI? Provided new email, he'll review with his attorney. 2/6/26 VM/email confirming can issue COI for his property. 2/25 VM 2/27/26 recent ROE",,"Skylite Investment Group LLC, c/o Fayez (fy-uh) Shantanu 858-945-4738 fayez.shantanu@yahoo.com. SkyliteInvestmentGroup@outlook.com. Parcel #133026"
TX Site Data,TX,Killeen_MDU_511 N Gilmer & 512 Wyoming St,511 N GILMER ST KILLEEN TX 76541,14,0,11/27/2024,Killeen,TF,46072,,Completed,,,,,,"2/2/2026 VM for Hannah 2/19/26 Sent ROE, she emailed ROE back. Upload into IronClad?",,"No Costar contact / 864-978-2842 / 512-840-1475 512-410-9737m, Owner Name: HANNAH MICKEY (Mendoza), 8509 SILVERTHORNE ST, AUSTIN, TX 78744 hannah@hmmrealestate.com "
TX Site Data,TX,Killeen_MDU_601 Harbour Ave,601 HARBOUR AVE UNIT 101 KILLEEN TX 76541,18,0,6/28/2024,Killeen,TF,46065,,Completed,,,,,,"2/2/26 called for PM, she's out but it's Amy Millsap. Same as 1006 N 4th st. Send ROE 2/6/26 followup email 2/11/26 spoke w/Amy. she'll get to the ROE later this week",Morris Real Estate  (254) 634-8852. Amy Millsap MorrisRealEstateKilleen@gmail.com,"No Costar contact / Harbour Apts. Parcel - 51685 Owner: Red Bird Properties LLC, 635 Riverside Dr, Killeen, TX 76542"
TX Site Data,TX,KILLEEN_MDU_601_SE_13th_AVE_Mobile_Park,601 SE 13TH AVE UNIT 1 MINERAL WELLS TX 76067,20,0,3/31/2024,Mineral Wells,JB,,,Closed - Market Reviewed,,Contact Info,,,,2/25/:  Asssigned to market no LL response2/18 LM 2/9 LM,,No Costar contact / Widner Mobile Home Park 940-325-2668
TX Site Data,TX,Killeen_MDU_602 N 2nd St,602 N 2ND ST UNIT 1A KILLEEN TX 76541,16,0,12/31/2024,Killeen,TF,46065,,Completed,,,,,,2/2/26 confirming same PM as other killeen properties. sent ROE 2/6/26 follow up email 2/11/26 spoke w/ amy she'll get to the ROE this week,Morris Real Estate  (254) 634-8852. Amy Millsap MorrisRealEstateKilleen@gmail.com,"Iges Investments LP, c/o Renee Girling 512-423-0362"
TX Site Data,TX,Killeen_MDU_Downtown Manor,603 HALL AVE UNIT 101 KILLEEN TX 76541,16,0,6/28/2024,Killeen,TF,46056,,Completed,,,,,,"1/29/26 VM, sent ROE. 2/7 - Owner said Box can be placed on the back of the building and fiber distributed to each apartment from the hallway. Don't drill through the exterior walls. 2/9/10 emailed that his contact info added to property file so that technician can discuss wiring plan. Provided details to Suved and MDU team.",,Hemant K Joshi  254-218-3665 hkjoshi@gmil.com. Parcel 35250
TX Site Data,TX,Killeen_MDU_605-607 Atkinson Ave,605 ATKINSON AVE UNIT 1 KILLEEN TX 76541,24,0,6/28/2024,Killeen,TF,,,Closed - Lost,46086,Not Interested,,,,"2/3/26 owner # invalid. Unable to locate owner or PM contact info 2/18 spoke w/ ms. molallgn. she was driving said to text her and she'll respond w/ email. 2/27/26 spoke, resent text for email. 3/5 VM",,Parcel # 33205  Melaku Teketel & Tigist Molallgn 515-550-1273  512-571-8849  2.10.26
TX Site Data,TX,Killeen_MDU_The Links Apts,610 1/2 N 10TH ST UNIT A KILLEEN TX 76541,22,0,6/28/2024,Killeen,TF,46094,,Completed,,,,,,"610 N 10th is also on this property 2/3/26 VM 2/25/26 VM for Michael for PM/owner info 3/3/got text w/ email. send ROE 3/13 VM, spoke - he signed 3/3. Sent Sonny reminder to sign.",leasing: Michael Willis 202-534-6694 texasrentallist@gmail.com,(6/2023) Jackay Property Holding c/o Pranavn Sinmayanandan 661-607-9990
TX Site Data,TX,Killeen_MDU_Stringer St Apts,613 STRINGER ST UNIT 1 KILLEEN TX 76541,10,0,8/6/2023,Killeen,TF,46057,,Completed,,,,,,2/3/2026 spoke w/ Shawn (same PM as 1015 Parmer) Sent ROE and resent other email,Gold Medal Realty 254-213-2131. Soldiers of Real Estate 254-618-5140. Shawn,No Costar contact. Owner: Calabria Group LLC
TX Site Data,TX,Killeen_MDU_703 Gilmer Street Apartments,703 N GILMER ST UNIT 101 KILLEEN TX 76541,14,0,11/27/2024,Killeen,TF,46065,,Completed,,,,,,2/2/2026 emailed Amy the ROE 2/6/26 follow up,Leasing: Morris Real Estate  (254) 634-8852. Amy Millsap MorrisRealEstateKilleen@gmail.com (got ROE for 1066 N 4th St),No Costar contact. Parcel 6708. Owner Marketing Partners International Inc. 
TX Site Data,TX,Mineral Wells_MDU_707 NW 4TH AVE,707 NW 4TH AVE UNIT 1 MINERAL WELLS TX 76067,11,0,5/31/2024,Mineral Wells,JB,,,Closed - Market Reviewed,,,,,,2/25 assigned to market no LL response.2/11 LM 2/9 LM 2/4 called and LM,prestigemultifamilygroup.com / 817-945-8224,No Costar contact / Watermark Apartments 817-945-8224
TX Site Data,TX,Killeen_MDU_The Bungalows,710 E AVENUE G UNIT 1 KILLEEN TX 76541,15,0,10/20/2025,Killeen,TF,45761,,Completed,,,,,,On Niraj list as completed,"Lonestar Realty 254-699-7003. Leasing: David Jirasek 254-770-0996 x 104o, 254-770-0996m djirasek@ccim.net. Leasing # on building: 254-307-1090","Cinderella Properties LLC - 710 E Avenue G Series, PO Box 2045, Harker Heights, TX 76548-0045"
TX Site Data,TX,Killeen_MDU_75 W. Ave E Apartments,715 761ST TANK BATTALION AVE UNIT 1 KILLEEN TX 76541,19,0,1/22/2025,Killeen,TF,,,Closed - Lost,46078,Other,Not interested - low income tenants having trouble paying $400 rent so ordering fiber is unlikely,,,"AKA 715 W Avenue E. 1/29/26 VM on main for property PM, got call back. they no longer manage but gave me new PM info. LM for Eric, sent ROE. Spoke, he'll review w/ owner but said its low income property and tenants have trouble paying $400 rent, let alone ordering internet. 2/20/26 F/u with Eric, resent ROE 2/25/26 owner not interested","Goldstar RE 254-547-3170 goldstar-RE.com as of 1/2026: Anthem Rentals 254-0153, Eric Armstrong 254-781-2012 manager@anthemrentals.com","715 W Avenue E LLC c/o Rohan Joseph 972-404-7100 rjoseph@anterra.com. Owner as of 10/2022: 1302 Garth LLC, 2820 McKinnon St, Apt 2035, Dallas, TX 75201. Parcel # 33828"
TX Site Data,TX,Killeen_MDU_803 761st Tank Battalion Ave,803 761ST TANK BATTALION AVE UNIT 1 KILLEEN TX 76541,14,0,10/31/2024,Killeen,TF,,,Closed - Lost,46064,Not Interested,,,,address 810 W Avenue D. is on same parcel 2/4/26 spoke with the owner. not interested because tenants are making $5/hour and can't afford internet. Still emailed copy of the ROE 2/11/26 he is not interested,Dock Walk 714-916-9670 dockwalkrealestate.com John Gorske (owner) john@dockwalkrealestate.com,"No Costar contact. Parcel 79484. Owner: 9/2025 John Gorske, 16835 Algonquin St, Ste 483, Huntington Beach, Ca 92649"
TX Site Data,TX,Killeen_MDU_809 Root Ave,809 ROOT AVE UNIT 1 KILLEEN TX 76541,20,0,10/31/2024,Killeen,TF,,,Closed - Lost,46094,Not Interested,,,,"2/10/2026 VM, sent ROE 2/25/26 VM full, sent text. Sent ROE reminder 3/10/26 VM 3/13/26 closed",PM/leasing KO Property Rentals 512-791-1686,"United Real Estate 11424 Woodland Hills Trl, Austin, TX 78732512-910-9620 Owner: LA & KO Investments LLC c/o Ms. Khadija kay Zazy 512-275-6623m, 512-791-1686"
TX Site Data,TX,Killeen_MDU_813 N Park St Apartments,813 N PARK ST UNIT 101 KILLEEN TX 76541,18,0,12/31/2024,Killeen,TF,46094,,Completed,,,,,,"2/2/26 VM for Emanual 2/18/26 spoke, also has 310 N 10th property. Got email, sent ROE 2/20/26 texted RE 2 ROEs 3/4 spoke, said he'd call me back. 3/13/26 sent email reminder w/ 2 ROE's.",,"Thomas R & Lenora Fisher 1101 N 4th St, Killeen, TX 76541 254-526-5730. 11/2016 Owner Emanuel A & Chun O Padilla, 2001 Herndon Dr, Killeen, TX 76543 254-681-0882m emanuelpadilla210@yahoo.com"
TX Site Data,TX,Georgetown_MDU_Mid-Century Park,900 E 13TH ST UNIT 101 GEORGETOWN TX 78626,18,0,10/10/2025,Georgetown,JB,46062,,Completed,,,,,,2/9 called Olenmy link expired to docusign and she asked that we resend.  Sent email to TF to resend. 2/4 Sending docusign ROE per owner will sign it.  Sent to TF for docusign send.,,ATX Residence LLC c/o Olenmy Rojas 512-417-7714 atxresidence@yahoo.com
TX Site Data,TX,Killeen_MDU_East Gate Apartments,925 W RANCIER AVE UNIT 1 KILLEEN TX 76541,20,0,10/31/2024,Killeen,TF,46086,,Completed,,,,,,"2/2/26 unable to locate contact #'s for owner or PM. 2/18/26 spoke, sent ROE and for SMB at 913 Rancier. Needs restoration at property near 1-14. will provide address. 2/25 VM RE ROE received?  spoke, provided work email, resent ROe. he'll be in office tomorrow to review 3/4 VM not set up, sent text, spoke-gave me his secrataries info. spoke w/ her, sent ROEs for him to sign when he's in the office later this week 3/5 received, uploaded to Ironclad for full execution",,"Arcade News Inc c/o Fawaz Assed 910 Watson Ln, Suite B, Harker Heights, TX 76548 254-526-4443. James Gaffney 254-519-2564. gaffneyjameswork@gmail.com
254-319-7778  254-723-6766  2.10.26"
