Id,Name,Circuit_ID__c,Unit__c,Activated__c,Address_Activation_Date__c,Address_Deactivated__c,Import_DateTime__c,Parent_Business_Base_Address
a02WR00000FcLpHYAV,100 BLUE MOUND RD E HASLET TX 76052,TX0602-034000189A,,No,,No,2025-10-06T18:04:52.000+0000,100 BLUE MOUND E RD HASLET TX
a02WR00000FcLppYAF,100 GINGER CT SOUTHLAKE TX 76092,TX0606-008000013A,,No,,No,2025-10-06T18:04:52.000+0000,100 GINGER CT SOUTHLAKE TX
a02WR00000FcLpqYAF,100 GLENHAVEN DR AZLE TX 76020,TX0601-010000039A,,No,,No,2025-10-06T18:04:52.000+0000,100 GLENHAVEN DR AZLE TX
a02WR00000FcLqbYAF,1000 DUNAWAY LN AZLE TX 76020,TX0601-010000134A,,No,,No,2025-10-06T18:04:52.000+0000,1000 DUNAWAY LN AZLE TX
a02WR00000FcLqlYAF,1000 KIMBROUGH RD AZLE TX 76020,TX0601-009000015A,,No,,No,2025-10-06T18:04:52.000+0000,1000 KIMBROUGH RD AZLE TX
a02WR00000FcLu2YAF,1004 DUNAWAY LN AZLE TX 76020,TX0601-010000096A,,No,,No,2025-10-06T18:04:52.000+0000,1004 DUNAWAY LN AZLE TX
a02WR00000FcLu3YAF,1004 FM 156 S HASLET TX 76052,TX0602-034000196A,,No,,No,2025-10-06T18:04:52.000+0000,1004 FM 156 S HASLET TX
a02WR00000FcLu4YAF,1004 KIMBROUGH RD AZLE TX 76020,TX0601-009000014A,,No,,No,2025-10-06T18:04:52.000+0000,1004 KIMBROUGH RD AZLE TX
a02WR00000FcLuoYAF,1008 DUNAWAY LN AZLE TX 76020,TX0601-010000109A,,No,,No,2025-10-06T18:04:52.000+0000,1008 DUNAWAY LN AZLE TX
a02WR00000FcLuqYAF,1008 HARBOR DR S AZLE TX 76020,TX0601-009000010A,,No,,No,2025-10-06T18:04:52.000+0000,1008 HARBOR S DR AZLE TX
a02WR00000FcLvRYAV,101 GLENHAVEN DR AZLE TX 76020,TX0601-010000041A,,No,,No,2025-10-06T18:04:52.000+0000,101 GLENHAVEN DR AZLE TX
a02WR00000FcLvsYAF,396 S ASH AVE AZLE TX 76020,TX0601-011000006A,,No,,No,2025-10-06T18:04:52.000+0000,396 S ASH AVE AZLE TX
a02WR00000FcLwmYAF,400 WELLS BURNETT RD AZLE TX 76020,TX0601-007000212A,,No,,No,2025-10-06T18:04:52.000+0000,400 WELLS BURNETT RD AZLE TX
a02WR00000FcLxWYAV,4000 KELLER HICKS RD FORT WORTH TX 76244,TX0606-015000002A,,No,,No,2025-10-06T18:04:52.000+0000,4000 KELLER HICKS RD FORT WORTH TX
a02WR00000FcLxYYAV,4001 LONGSTRAW DR FORT WORTH TX 76137,TX0604-009000036A,,No,,No,2025-10-06T18:04:52.000+0000,4001 LONGSTRAW DR FORT WORTH TX
a02WR00000FcLxxYAF,4005 LONGSTRAW DR FORT WORTH TX 76137,TX0604-009000004A,,No,,No,2025-10-06T18:04:52.000+0000,4005 LONGSTRAW DR FORT WORTH TX
a02WR00000FcLy1YAF,4009 LONGSTRAW DR FORT WORTH TX 76137,TX0604-009000010A,,No,,No,2025-10-06T18:04:52.000+0000,4009 LONGSTRAW DR FORT WORTH TX
a02WR00000FcLyGYAV,401 HARBOR DR AZLE TX 76020,TX0601-009000013A,,No,,No,2025-10-06T18:04:52.000+0000,401 HARBOR DR AZLE TX
a02WR00000FcLyiYAF,401 WISHBONE LN FORT WORTH TX 76052,TX0602-025000022A,,No,,No,2025-10-06T18:04:52.000+0000,401 WISHBONE LN FORT WORTH TX
a02WR00000FcLzDYAV,101 N ASH AVE AZLE TX 76020,TX0601-010000085A,,No,,No,2025-10-06T18:04:52.000+0000,101 N ASH AVE AZLE TX
a02WR00000FcM0uYAF,1012 DUNAWAY LN AZLE TX 76020,TX0601-010000095A,,No,,No,2025-10-06T18:04:52.000+0000,1012 DUNAWAY LN AZLE TX
a02WR00000FcM0xYAF,1012 HARBOR DR S AZLE TX 76020,TX0601-009000011A,,No,,No,2025-10-06T18:04:52.000+0000,1012 HARBOR S DR AZLE TX
a02WR00000FcM16YAF,1013 SOUTHEAST PKWY AZLE TX 76020,TX0601-010000034A,,No,,No,2025-10-06T18:04:52.000+0000,1013 SOUTHEAST PKWY AZLE TX
a02WR00000FcM17YAF,10134 SAM REYNOLDS RD JUSTIN TX 76247,TX0602-021000186A,,No,,No,2025-10-06T18:04:52.000+0000,10134 SAM REYNOLDS RD JUSTIN TX
a02WR00000FcM1cYAF,1016 DUNAWAY LN AZLE TX 76020,TX0601-010000054A,,No,,No,2025-10-06T18:04:52.000+0000,1016 DUNAWAY LN AZLE TX
a02WR00000FcM1dYAF,1016 HARBOR DR S AZLE TX 76020,TX0601-009000012A,,No,,No,2025-10-06T18:04:52.000+0000,1016 HARBOR S DR AZLE TX
a02WR00000FcM1tYAF,1017 SOUTHEAST PKWY AZLE TX 76020,TX0601-010000001A,,No,,No,2025-10-06T18:04:52.000+0000,1017 SOUTHEAST PKWY AZLE TX
a02WR00000FcM25YAF,4013 LONGSTRAW DR FORT WORTH TX 76137,TX0604-009000005A,,No,,No,2025-10-06T18:04:52.000+0000,4013 LONGSTRAW DR FORT WORTH TX
a02WR00000FcM2BYAV,4017 LONGSTRAW DR FORT WORTH TX 76137,TX0604-009000049A,,No,,No,2025-10-06T18:04:52.000+0000,4017 LONGSTRAW DR FORT WORTH TX
a02WR00000FcM2PYAV,402 W 4TH ST JUSTIN TX 76247,TX0602-021000124A,,No,,No,2025-10-06T18:04:52.000+0000,402 W 4TH ST JUSTIN TX
a02WR00000FcM2VYAV,4021 LONGSTRAW DR FORT WORTH TX 76137,TX0604-009000019A,,No,,No,2025-10-06T18:04:52.000+0000,4021 LONGSTRAW DR FORT WORTH TX
a02WR00000FcM2YYAV,4025 LONGSTRAW DR FORT WORTH TX 76137,TX0604-009000015A,,No,,No,2025-10-06T18:04:52.000+0000,4025 LONGSTRAW DR FORT WORTH TX
a02WR00000FcM2cYAF,4029 LONGSTRAW DR FORT WORTH TX 76137,TX0604-009000039A,,No,,No,2025-10-06T18:04:52.000+0000,4029 LONGSTRAW DR FORT WORTH TX
a02WR00000FcM2iYAF,403 MOUNT GILEAD RD KELLER TX 76248,TX0603-001000029A,,No,,No,2025-10-06T18:04:52.000+0000,403 MOUNT GILEAD RD KELLER TX
a02WR00000FcM2sYAF,4033 LONGSTRAW DR FORT WORTH TX 76137,TX0604-009000022A,,No,,No,2025-10-06T18:04:52.000+0000,4033 LONGSTRAW DR FORT WORTH TX
a02WR00000FcM2uYAF,4037 LONGSTRAW DR FORT WORTH TX 76137,TX0604-009000051A,,No,,No,2025-10-06T18:04:52.000+0000,4037 LONGSTRAW DR FORT WORTH TX
a02WR00000FcM3KYAV,405 HARBOR DR AZLE TX 76020,TX0601-009000001A,,No,,No,2025-10-06T18:04:52.000+0000,405 HARBOR DR AZLE TX
a02WR00000FcM3YYAV,405 WISHBONE LN FORT WORTH TX 76052,TX0602-025000039A,,No,,No,2025-10-06T18:04:52.000+0000,405 WISHBONE LN FORT WORTH TX
a02WR00000FcM4SYAV,409 HARBOR DR AZLE TX 76020,TX0601-009000002A,,No,,No,2025-10-06T18:04:52.000+0000,409 HARBOR DR AZLE TX
a02WR00000FcM4cYAF,409 WISHBONE LN FORT WORTH TX 76052,TX0602-025000040A,,No,,No,2025-10-06T18:04:52.000+0000,409 WISHBONE LN FORT WORTH TX
a02WR00000FcM5NYAV,102 BLUE MOUND RD E HASLET TX 76052,TX0602-034000197A,,No,,No,2025-10-06T18:04:52.000+0000,102 BLUE MOUND E RD HASLET TX
a02WR00000FcM5jYAF,102 S FIRST ST HASLET TX 76052,TX0602-025000014A,,No,,No,2025-10-06T18:04:52.000+0000,102 S FIRST ST HASLET TX
a02WR00000FcM62YAF,10200 CANARY LN FORT WORTH TX 76244,TX0607-018000181A,,No,,No,2025-10-06T18:04:52.000+0000,10200 CANARY LN FORT WORTH TX
a02WR00000FcM6aYAF,103 HARMONSON AVE JUSTIN TX 76247,TX0602-021000144A,,No,,No,2025-10-06T18:04:52.000+0000,103 HARMONSON AVE JUSTIN TX
a02WR00000FcM77YAF,10305 ALTA VISTA RD FORT WORTH TX 76244,TX0607-018000179A,,No,,No,2025-10-06T18:04:52.000+0000,10305 ALTA VISTA RD FORT WORTH TX
a02WR00000FcM79YAF,10315 ALTA VISTA RD FORT WORTH TX 76244,TX0607-018000182A,,No,,No,2025-10-06T18:04:52.000+0000,10315 ALTA VISTA RD FORT WORTH TX
a02WR00000FcM7BYAV,1032 MOUNT GILEAD RD KELLER TX 76248,TX0603-001000022A,,No,,No,2025-10-06T18:04:52.000+0000,1032 MOUNT GILEAD RD KELLER TX
a02WR00000FcM9GYAV,4101 LONGSTRAW DR FORT WORTH TX 76137,TX0604-009000097A,,No,,No,2025-10-06T18:04:52.000+0000,4101 LONGSTRAW DR FORT WORTH TX
a02WR00000FcM9YYAV,4105 LONGSTRAW DR FORT WORTH TX 76137,TX0604-009000040A,,No,,No,2025-10-06T18:04:52.000+0000,4105 LONGSTRAW DR FORT WORTH TX
a02WR00000FcM9eYAF,4109 LONGSTRAW DR FORT WORTH TX 76137,TX0604-009000020A,,No,,No,2025-10-06T18:04:52.000+0000,4109 LONGSTRAW DR FORT WORTH TX
a02WR00000FcM9vYAF,4113 LONGSTRAW DR FORT WORTH TX 76137,TX0604-009000041A,,No,,No,2025-10-06T18:04:52.000+0000,4113 LONGSTRAW DR FORT WORTH TX
a02WR00000FcMA0YAN,4116 KELLER HICKS RD FORT WORTH TX 76244,TX0606-015000003A,,No,,No,2025-10-06T18:04:52.000+0000,4116 KELLER HICKS RD FORT WORTH TX
a02WR00000FcMA1YAN,4117 LONGSTRAW DR FORT WORTH TX 76137,TX0604-009000062A,,No,,No,2025-10-06T18:04:52.000+0000,4117 LONGSTRAW DR FORT WORTH TX
a02WR00000FcMALYA3,4121 LONGSTRAW DR FORT WORTH TX 76137,TX0604-009000018A,,No,,No,2025-10-06T18:04:52.000+0000,4121 LONGSTRAW DR FORT WORTH TX
a02WR00000FcMAOYA3,4124 KELLER HICKS RD FORT WORTH TX 76244,TX0606-015000004A,,No,,No,2025-10-06T18:04:52.000+0000,4124 KELLER HICKS RD FORT WORTH TX
a02WR00000FcMAPYA3,4125 LONGSTRAW DR FORT WORTH TX 76137,TX0604-009000042A,,No,,No,2025-10-06T18:04:52.000+0000,4125 LONGSTRAW DR FORT WORTH TX
a02WR00000FcMAQYA3,4126 KELLER HICKS RD FORT WORTH TX 76244,TX0606-015000008A,,No,,No,2025-10-06T18:04:52.000+0000,4126 KELLER HICKS RD FORT WORTH TX
a02WR00000FcMASYA3,4129 LONGSTRAW DR FORT WORTH TX 76137,TX0604-009000043A,,No,,No,2025-10-06T18:04:52.000+0000,4129 LONGSTRAW DR FORT WORTH TX
a02WR00000FcMAXYA3,413 HARBOR DR AZLE TX 76020,TX0601-009000003A,,No,,No,2025-10-06T18:04:52.000+0000,413 HARBOR DR AZLE TX
a02WR00000FcMAfYAN,413 WISHBONE LN FORT WORTH TX 76052,TX0602-025000041A,,No,,No,2025-10-06T18:04:52.000+0000,413 WISHBONE LN FORT WORTH TX
a02WR00000FcMAiYAN,4133 LONGSTRAW DR FORT WORTH TX 76137,TX0604-009000044A,,No,,No,2025-10-06T18:04:52.000+0000,4133 LONGSTRAW DR FORT WORTH TX
a02WR00000FcMC4YAN,1048 MOUNT GILEAD RD KELLER TX 76248,TX0603-002000132A,,No,,No,2025-10-06T18:04:52.000+0000,1048 MOUNT GILEAD RD KELLER TX
a02WR00000FcMCJYA3,105 FOWLER RD AZLE TX 76020,TX0601-010000048A,,No,,No,2025-10-06T18:04:52.000+0000,105 FOWLER RD AZLE TX
a02WR00000FcMCNYA3,105 N ASH AVE AZLE TX 76020,TX0601-010000084A,,No,,No,2025-10-06T18:04:52.000+0000,105 N ASH AVE AZLE TX
a02WR00000FcMCyYAN,1052 W DOVE RD SOUTHLAKE TX 76092,TX0603-007000130A,,No,,No,2025-10-06T18:04:52.000+0000,1052 W DOVE RD SOUTHLAKE TX
a02WR00000FcMDEYA3,106 GAMMILL ST HASLET TX 76052,TX0602-025000027A,,No,,No,2025-10-06T18:04:52.000+0000,106 GAMMILL ST HASLET TX
a02WR00000FcMDUYA3,106 SMITH ST BOYD TX 76023,TX0602-001000718A,,No,,No,2025-10-06T18:04:52.000+0000,106 SMITH ST BOYD TX
a02WR00000FcMFGYA3,417 HARBOR DR AZLE TX 76020,TX0601-009000004A,,No,,No,2025-10-06T18:04:52.000+0000,417 HARBOR DR AZLE TX
a02WR00000FcMGHYA3,4201 LONGSTRAW DR FORT WORTH TX 76137,TX0604-009000045A,,No,,No,2025-10-06T18:04:52.000+0000,4201 LONGSTRAW DR FORT WORTH TX
a02WR00000FcMGcYAN,4205 LONGSTRAW DR FORT WORTH TX 76137,TX0604-009000017A,,No,,No,2025-10-06T18:04:52.000+0000,4205 LONGSTRAW DR FORT WORTH TX
a02WR00000FcMGjYAN,421 HARBOR DR AZLE TX 76020,TX0601-009000005A,,No,,No,2025-10-06T18:04:52.000+0000,421 HARBOR DR AZLE TX
a02WR00000FcMGpYAN,421 SOUTHEAST PKWY AZLE TX 76020,TX0601-010000087A,,No,,No,2025-10-06T18:04:52.000+0000,421 SOUTHEAST PKWY AZLE TX
a02WR00000FcMH9YAN,4217 STARBURST DR FORT WORTH TX 76244,TX0606-027000171A,,Yes,2024-06-12,No,2025-10-06T18:04:52.000+0000,4217 STARBURST DR FORT WORTH TX
a02WR00000FcMHgYAN,4245 HASLET ROANOKE RD ROANOKE TX 76177,TX0603-009000293A,,No,,No,2025-10-06T18:04:52.000+0000,4245 HASLET ROANOKE RD ROANOKE TX
a02WR00000FcMHnYAN,425 HARBOR DR AZLE TX 76020,TX0601-009000006A,,No,,No,2025-10-06T18:04:52.000+0000,425 HARBOR DR AZLE TX
a02WR00000FcMHxYAN,425 SOUTHEAST PKWY AZLE TX 76020,TX0601-010000070A,,No,,No,2025-10-06T18:04:52.000+0000,425 SOUTHEAST PKWY AZLE TX
a02WR00000FcMI1YAN,4250 KELLER HICKS RD FORT WORTH TX 76244,TX0606-017000132A,,No,,No,2025-10-06T18:04:52.000+0000,4250 KELLER HICKS RD FORT WORTH TX
a02WR00000FcMKLYA3,109 HARMONSON AVE JUSTIN TX 76247,TX0602-021000126A,,No,,No,2025-10-06T18:04:52.000+0000,109 HARMONSON AVE JUSTIN TX
a02WR00000FcMKQYA3,109 N ASH AVE AZLE TX 76020,TX0601-010000090A,,No,,No,2025-10-06T18:04:52.000+0000,109 N ASH AVE AZLE TX
a02WR00000FcMLhYAN,1100 DUNAWAY LN AZLE TX 76020,TX0601-010000006A,,No,,No,2025-10-06T18:04:52.000+0000,1100 DUNAWAY LN AZLE TX
a02WR00000FcMLmYAN,1100 FM 156 S HASLET TX 76052,TX0602-034000187A,,No,,No,2025-10-06T18:04:52.000+0000,1100 FM 156 S HASLET TX
a02WR00000FcMM1YAN,1100 MELODY LN KELLER TX 76248,TX0603-002000162A,,No,,No,2025-10-06T18:04:52.000+0000,1100 MELODY LN KELLER TX
a02WR00000FcMMWYA3,1101 ASHTON DR AZLE TX 76020,TX0601-012000013A,,No,,No,2025-10-06T18:04:52.000+0000,1101 ASHTON DR AZLE TX
a02WR00000FcMN8YAN,4279 HASLET ROANOKE RD ROANOKE TX 76177,TX0603-009000284A,,No,,No,2025-10-06T18:04:52.000+0000,4279 HASLET ROANOKE RD ROANOKE TX
a02WR00000FcMNCYA3,429 HARBOR DR AZLE TX 76020,TX0601-009000007A,,No,,No,2025-10-06T18:04:52.000+0000,429 HARBOR DR AZLE TX
a02WR00000FcMNGYA3,429 SOUTHEAST PKWY AZLE TX 76020,TX0601-010000071A,,No,,No,2025-10-06T18:04:52.000+0000,429 SOUTHEAST PKWY AZLE TX
a02WR00000FcMNgYAN,433 HARBOR DR AZLE TX 76020,TX0601-009000008A,,No,,No,2025-10-06T18:04:52.000+0000,433 HARBOR DR AZLE TX
a02WR00000FcMOuYAN,437 HARBOR DR AZLE TX 76020,TX0601-009000009A,,No,,No,2025-10-06T18:04:52.000+0000,437 HARBOR DR AZLE TX
a02WR00000FcMPVYA3,439 BLUE MOUND RD E HASLET TX 76052,TX0605-018000183A,,No,,No,2025-10-06T18:04:52.000+0000,439 BLUE MOUND E RD HASLET TX
a02WR00000FcMQiYAN,1104 DUNAWAY LN AZLE TX 76020,TX0601-010000139A,,No,,No,2025-10-06T18:04:52.000+0000,1104 DUNAWAY LN AZLE TX
a02WR00000FcMQuYAN,1104 MELODY LN KELLER TX 76262,TX0603-002000159A,,No,,No,2025-10-06T18:04:52.000+0000,1104 MELODY LN KELLER TX
a02WR00000FcMR5YAN,1105 ASHTON DR AZLE TX 76020,TX0601-012000010A,,No,,No,2025-10-06T18:04:52.000+0000,1105 ASHTON DR AZLE TX
a02WR00000FcMRgYAN,1108 DUNAWAY LN AZLE TX 76020,TX0601-010000116A,,No,,No,2025-10-06T18:04:52.000+0000,1108 DUNAWAY LN AZLE TX
a02WR00000FcMRjYAN,1108 MELODY LN KELLER TX 76262,TX0603-002000143A,,No,,No,2025-10-06T18:04:52.000+0000,1108 MELODY LN KELLER TX
a02WR00000FcMRkYAN,1108 N MAIN ST KELLER TX 76248,TX0606-018000028A,,No,,No,2025-10-06T18:04:52.000+0000,1108 N MAIN ST KELLER TX
a02WR00000FcMRrYAN,1109 ASHTON DR AZLE TX 76020,TX0601-012000011A,,No,,No,2025-10-06T18:04:52.000+0000,1109 ASHTON DR AZLE TX
a02WR00000FcMRwYAN,1109 MELODY LN KELLER TX 76262,TX0603-002000128A,,No,,No,2025-10-06T18:04:52.000+0000,1109 MELODY LN KELLER TX
a02WR00000FcMSfYAN,111 SOUTHRIDGE LAKES PKWY SOUTHLAKE TX 76092,TX0606-008000026A,,No,,No,2025-10-06T18:04:52.000+0000,111 SOUTHRIDGE LAKES PKWY SOUTHLAKE TX
a02WR00000FcMWSYA3,451 BLUE MOUND RD E HASLET TX 76052,TX0605-018000191A,,No,,No,2025-10-06T18:04:52.000+0000,451 BLUE MOUND E RD HASLET TX
a02WR00000FcMWjYAN,1111 S WHITE CHAPEL BLVD SOUTHLAKE TX 76092,TX0606-007000002A,,No,,No,2025-10-06T18:04:52.000+0000,1111 S WHITE CHAPEL BLVD SOUTHLAKE TX
a02WR00000FcMWlYAN,1112 DUNAWAY LN AZLE TX 76020,TX0601-010000097A,,No,,No,2025-10-06T18:04:52.000+0000,1112 DUNAWAY LN AZLE TX
a02WR00000FcMWpYAN,1112 MELODY LN KELLER TX 76262,TX0603-002000110A,,No,,No,2025-10-06T18:04:52.000+0000,1112 MELODY LN KELLER TX
a02WR00000FcMWvYAN,1113 ASHTON DR AZLE TX 76020,TX0601-012000012A,,No,,No,2025-10-06T18:04:52.000+0000,1113 ASHTON DR AZLE TX
a02WR00000FcMX0YAN,1113 MELODY LN KELLER TX 76262,TX0603-002000169A,,No,,No,2025-10-06T18:04:52.000+0000,1113 MELODY LN KELLER TX
a02WR00000FcMX1YAN,1113 N STEWART ST AZLE TX 76020,TX0601-010000128A,,No,,No,2025-10-06T18:04:52.000+0000,1113 N STEWART ST AZLE TX
a02WR00000FcMXDYA3,1116 CARPENTER ST AZLE TX 76020,TX0601-010000011A,,No,,No,2025-10-06T18:04:52.000+0000,1116 CARPENTER ST AZLE TX
a02WR00000FcMXIYA3,1117 ASHTON DR AZLE TX 76020,TX0601-012000009A,,No,,No,2025-10-06T18:04:52.000+0000,1117 ASHTON DR AZLE TX
a02WR00000FcMXLYA3,1117 MELODY LN KELLER TX 76262,TX0603-002000118A,,No,,No,2025-10-06T18:04:52.000+0000,1117 MELODY LN KELLER TX
a02WR00000FcMXPYA3,1119 MELODY LN KELLER TX 76262,TX0603-002000157A,,No,,No,2025-10-06T18:04:52.000+0000,1119 MELODY LN KELLER TX
a02WR00000FcMXQYA3,1119 MOUNT GILEAD RD KELLER TX 76248,TX0603-002000156A,,No,,No,2025-10-06T18:04:52.000+0000,1119 MOUNT GILEAD RD KELLER TX
a02WR00000FcMY4YAN,1120 CARPENTER ST AZLE TX 76020,TX0601-010000103A,,No,,No,2025-10-06T18:04:52.000+0000,1120 CARPENTER ST AZLE TX
a02WR00000FcMY6YAN,1120 LAKE RIDGE DR AZLE TX 76020,TX0601-011000009A,,No,,No,2025-10-06T18:04:52.000+0000,1120 LAKE RIDGE DR AZLE TX
a02WR00000FcMY7YAN,1120 LAKEVIEW DR AZLE TX 76020,TX0601-011000015A,,No,,No,2025-10-06T18:04:52.000+0000,1120 LAKEVIEW DR AZLE TX
a02WR00000FcMY8YAN,1120 MELODY LN KELLER TX 76262,TX0603-002000141A,,No,,No,2025-10-06T18:04:52.000+0000,1120 MELODY LN KELLER TX
a02WR00000FcMYGYA3,1120 WILLOW RIDGE DR AZLE TX 76020,TX0601-011000016A,,No,,No,2025-10-06T18:04:52.000+0000,1120 WILLOW RIDGE DR AZLE TX
a02WR00000FcMYIYA3,1121 CARPENTER ST AZLE TX 76020,TX0601-010000064A,,No,,No,2025-10-06T18:04:52.000+0000,1121 CARPENTER ST AZLE TX
a02WR00000FcMYPYA3,1121 SHADOW RIDGE DR AZLE TX 76020,TX0601-011000022A,,No,,No,2025-10-06T18:04:52.000+0000,1121 SHADOW RIDGE DR AZLE TX
a02WR00000FcMYRYA3,1121 WOODRIDGE DR AZLE TX 76020,TX0601-011000001A,,No,,No,2025-10-06T18:04:52.000+0000,1121 WOODRIDGE DR AZLE TX
a02WR00000FcMYYYA3,1123 MELODY LN KELLER TX 76262,TX0603-002000126A,,No,,No,2025-10-06T18:04:52.000+0000,1123 MELODY LN KELLER TX
a02WR00000FcMYaYAN,1124 LAKE RIDGE DR AZLE TX 76020,TX0601-011000008A,,No,,No,2025-10-06T18:04:52.000+0000,1124 LAKE RIDGE DR AZLE TX
a02WR00000FcMYbYAN,1124 WILLOW RIDGE DR AZLE TX 76020,TX0601-011000003A,,No,,No,2025-10-06T18:04:52.000+0000,1124 WILLOW RIDGE DR AZLE TX
a02WR00000FcMYcYAN,1124 WOODRIDGE DR AZLE TX 76020,TX0601-011000019A,,No,,No,2025-10-06T18:04:52.000+0000,1124 WOODRIDGE DR AZLE TX
a02WR00000FcMYgYAN,1125 LAKE RIDGE DR AZLE TX 76020,TX0601-011000021A,,No,,No,2025-10-06T18:04:52.000+0000,1125 LAKE RIDGE DR AZLE TX
a02WR00000FcMYrYAN,1125 WOODRIDGE DR AZLE TX 76020,TX0601-011000020A,,No,,No,2025-10-06T18:04:52.000+0000,1125 WOODRIDGE DR AZLE TX
a02WR00000FcMYsYAN,1126 MELODY LN KELLER TX 76262,TX0603-002000153A,,No,,No,2025-10-06T18:04:52.000+0000,1126 MELODY LN KELLER TX
a02WR00000FcMYvYAN,1128 WILLOW RIDGE DR AZLE TX 76020,TX0601-011000017A,,No,,No,2025-10-06T18:04:52.000+0000,1128 WILLOW RIDGE DR AZLE TX
a02WR00000FcMYwYAN,1128 WOODRIDGE DR AZLE TX 76020,TX0601-011000014A,,No,,No,2025-10-06T18:04:52.000+0000,1128 WOODRIDGE DR AZLE TX
a02WR00000FcMYyYAN,1129 LAKE RIDGE DR AZLE TX 76020,TX0601-011000010A,,No,,No,2025-10-06T18:04:52.000+0000,1129 LAKE RIDGE DR AZLE TX
a02WR00000FcMZ2YAN,1129 WILLOW RIDGE DR AZLE TX 76020,TX0601-011000002A,,No,,No,2025-10-06T18:04:52.000+0000,1129 WILLOW RIDGE DR AZLE TX
a02WR00000FcMZKYA3,113 N ASH AVE AZLE TX 76020,TX0601-010000055A,,No,,No,2025-10-06T18:04:52.000+0000,113 N ASH AVE AZLE TX
a02WR00000FcMZdYAN,1131 MELODY LN KELLER TX 76262,TX0603-002000107A,,No,,No,2025-10-06T18:04:52.000+0000,1131 MELODY LN KELLER TX
a02WR00000FcMZfYAN,1132 MELODY LN KELLER TX 76262,TX0603-002000131A,,No,,No,2025-10-06T18:04:52.000+0000,1132 MELODY LN KELLER TX
a02WR00000FcMZgYAN,1132 PINE RIDGE DR AZLE TX 76020,TX0601-011000026A,,No,,No,2025-10-06T18:04:52.000+0000,1132 PINE RIDGE DR AZLE TX
a02WR00000FcMZiYAN,1133 PINE RIDGE DR AZLE TX 76020,TX0601-011000023A,,No,,No,2025-10-06T18:04:52.000+0000,1133 PINE RIDGE DR AZLE TX
a02WR00000FcMZpYAN,1133 WILLOW RIDGE DR AZLE TX 76020,TX0601-011000007A,,No,,No,2025-10-06T18:04:52.000+0000,1133 WILLOW RIDGE DR AZLE TX
a02WR00000FcMZtYAN,1135 MELODY LN KELLER TX 76262,TX0603-002000151A,,No,,No,2025-10-06T18:04:52.000+0000,1135 MELODY LN KELLER TX
a02WR00000FcMaKYAV,4557 KELLER HASLET RD FORT WORTH TX 76244,TX0605-012000231A,,No,,No,2025-10-06T18:04:52.000+0000,4557 KELLER HASLET RD FORT WORTH TX
a02WR00000FcMaLYAV,4558 KELLER HICKS RD FORT WORTH TX 76244,TX0606-016000147A,,No,,No,2025-10-06T18:04:52.000+0000,4558 KELLER HICKS RD FORT WORTH TX
a02WR00000FcMarYAF,4613 N 55TH ST UNIT 1 OMAHA NE 68104,NE0102-004000014A,UNIT 1,No,,No,2025-10-06T18:04:52.000+0000,4613 N 55TH ST OMAHA NE
a02WR00000FcMbkYAF,4701 KELLER HASLET RD FORT WORTH TX 76244,TX0605-012000223A,,No,,No,2025-10-06T18:04:52.000+0000,4701 KELLER HASLET RD FORT WORTH TX
a02WR00000FcMbrYAF,4716 KELLER HASLET RD FORT WORTH TX 76244,TX0605-012000226A,,No,,No,2025-10-06T18:04:52.000+0000,4716 KELLER HASLET RD FORT WORTH TX
a02WR00000FcMcfYAF,4801 RAY WHITE RD FORT WORTH TX 76244,TX0607-018000180A,,No,,No,2025-10-06T18:04:52.000+0000,4801 RAY WHITE RD FORT WORTH TX
a02WR00000FcMdGYAV,1136 MELODY LN KELLER TX 76262,TX0603-002000114A,,No,,No,2025-10-06T18:04:52.000+0000,1136 MELODY LN KELLER TX
a02WR00000FcMdHYAV,1136 PINE RIDGE DR AZLE TX 76020,TX0601-011000024A,,No,,No,2025-10-06T18:04:52.000+0000,1136 PINE RIDGE DR AZLE TX
a02WR00000FcMdKYAV,1137 PINE RIDGE DR AZLE TX 76020,TX0601-011000025A,,No,,No,2025-10-06T18:04:52.000+0000,1137 PINE RIDGE DR AZLE TX
a02WR00000FcMdPYAV,1139 MELODY LN KELLER TX 76262,TX0603-002000140A,,No,,No,2025-10-06T18:04:52.000+0000,1139 MELODY LN KELLER TX
a02WR00000FcMdsYAF,1143 MELODY LN KELLER TX 76262,TX0603-002000149A,,No,,No,2025-10-06T18:04:52.000+0000,1143 MELODY LN KELLER TX
a02WR00000FcMegYAF,1150 RANDOL MILL RD KELLER TX 76262,TX0603-021000123A,,No,,No,2025-10-06T18:04:52.000+0000,1150 RANDOL MILL RD KELLER TX
a02WR00000FcMf7YAF,116 HARMONSON AVE JUSTIN TX 76247,TX0602-021000142A,,No,,No,2025-10-06T18:04:52.000+0000,116 HARMONSON AVE JUSTIN TX
a02WR00000FcMg1YAF,117 N ASH AVE AZLE TX 76020,TX0601-010000089A,,No,,No,2025-10-06T18:04:52.000+0000,117 N ASH AVE AZLE TX
a02WR00000FcMi7YAF,500 SCHOOLHOUSE RD HASLET TX 76052,TX0602-034000194A,,No,,No,2025-10-06T18:04:52.000+0000,500 SCHOOLHOUSE RD HASLET TX
a02WR00000FcMjMYAV,502 SCHOOLHOUSE RD HASLET TX 76052,TX0602-034000200A,,No,,No,2025-10-06T18:04:52.000+0000,502 SCHOOLHOUSE RD HASLET TX
a02WR00000FcMjPYAV,502 W 4TH ST JUSTIN TX 76247,TX0602-021000117A,,No,,No,2025-10-06T18:04:52.000+0000,502 W 4TH ST JUSTIN TX
a02WR00000FcMmCYAV,1200 GLENWOOD DR AZLE TX 76020,TX0601-012000016A,,No,,No,2025-10-06T18:04:52.000+0000,1200 GLENWOOD DR AZLE TX
a02WR00000FcMmTYAV,1200 MELODY LN KELLER TX 76262,TX0603-002000166A,,No,,No,2025-10-06T18:04:52.000+0000,1200 MELODY LN KELLER TX
a02WR00000FcMncYAF,504 N PINE ST ROANOKE TX 76262,TX0603-009000341A,,No,,No,2025-10-06T18:04:52.000+0000,504 N PINE ST ROANOKE TX
a02WR00000FcMngYAF,504 SCHOOLHOUSE RD HASLET TX 76052,TX0602-034000192A,,No,,No,2025-10-06T18:04:52.000+0000,504 SCHOOLHOUSE RD HASLET TX
a02WR00000FcMokYAF,508 DUNAWAY LN AZLE TX 76020,TX0601-010000063A,,No,,No,2025-10-06T18:04:52.000+0000,508 DUNAWAY LN AZLE TX
a02WR00000FcMonYAF,508 KATY RD KELLER TX 76244,TX0606-014000115A,,No,,No,2025-10-06T18:04:52.000+0000,508 KATY RD KELLER TX
a02WR00000FcMpVYAV,510 W 4TH ST JUSTIN TX 76247,TX0602-021000122A,,No,,No,2025-10-06T18:04:52.000+0000,510 W 4TH ST JUSTIN TX
a02WR00000FcMqsYAF,1204 GLENWOOD DR AZLE TX 76020,TX0601-012000014A,,No,,No,2025-10-06T18:04:52.000+0000,1204 GLENWOOD DR AZLE TX
a02WR00000FcMrgYAF,1208 GLENWOOD DR AZLE TX 76020,TX0601-012000015A,,No,,No,2025-10-06T18:04:52.000+0000,1208 GLENWOOD DR AZLE TX
a02WR00000FcMsMYAV,121 N ASH AVE AZLE TX 76020,TX0601-010000110A,,No,,No,2025-10-06T18:04:52.000+0000,121 N ASH AVE AZLE TX
a02WR00000FcMsaYAF,1210 MELODY LN KELLER TX 76262,TX0603-002000129A,,No,,No,2025-10-06T18:04:52.000+0000,1210 MELODY LN KELLER TX
a02WR00000FcMssYAF,1211 W MURPHY RD COLLEYVILLE TX 76034,TX0606-010000016A,,No,,No,2025-10-06T18:04:52.000+0000,1211 W MURPHY RD COLLEYVILLE TX
a02WR00000FcMsvYAF,1212 GLENWOOD DR AZLE TX 76020,TX0601-012000007A,,No,,No,2025-10-06T18:04:52.000+0000,1212 GLENWOOD DR AZLE TX
a02WR00000FcMtDYAV,1216 GLENWOOD DR AZLE TX 76020,TX0601-012000001A,,No,,No,2025-10-06T18:04:52.000+0000,1216 GLENWOOD DR AZLE TX
a02WR00000FcMtFYAV,12189 ANGEL FOOD LN FORT WORTH TX 76244,TX0606-021000134A,,No,,No,2025-10-06T18:04:52.000+0000,12189 ANGEL FOOD LN FORT WORTH TX
a02WR00000FcMtUYAV,512 DUNAWAY LN AZLE TX 76020,TX0601-010000136A,,No,,No,2025-10-06T18:04:52.000+0000,512 DUNAWAY LN AZLE TX
a02WR00000FcMu2YAF,513 WALNUT ST ROANOKE TX 76262,TX0603-009000338A,,No,,No,2025-10-06T18:04:52.000+0000,513 WALNUT ST ROANOKE TX
a02WR00000FcMuuYAF,516 DUNAWAY LN AZLE TX 76020,TX0601-010000062A,,No,,No,2025-10-06T18:04:52.000+0000,516 DUNAWAY LN AZLE TX
a02WR00000FcMuzYAF,516 W 4TH ST JUSTIN TX 76247,TX0602-021000194A,,No,,No,2025-10-06T18:04:52.000+0000,516 W 4TH ST JUSTIN TX
a02WR00000FcMvGYAV,519 W 3RD ST JUSTIN TX 76247,TX0602-021000170A,,No,,No,2025-10-06T18:04:52.000+0000,519 W 3RD ST JUSTIN TX
a02WR00000FcMvKYAV,520 DUNAWAY LN AZLE TX 76020,TX0601-010000069A,,No,,No,2025-10-06T18:04:52.000+0000,520 DUNAWAY LN AZLE TX
a02WR00000FcMvOYAV,520 S WHITE CHAPEL BLVD SOUTHLAKE TX 76092,TX0606-007000004A,,No,,No,2025-10-06T18:04:52.000+0000,520 S WHITE CHAPEL BLVD SOUTHLAKE TX
a02WR00000FcMvaYAF,521 W 2ND ST JUSTIN TX 76247,TX0602-021000128A,,No,,No,2025-10-06T18:04:52.000+0000,521 W 2ND ST JUSTIN TX
a02WR00000FcMvjYAF,522 W 3RD ST JUSTIN TX 76247,TX0602-021000034A,,No,,No,2025-10-06T18:04:52.000+0000,522 W 3RD ST JUSTIN TX
a02WR00000FcMw6YAF,523 W 4TH ST JUSTIN TX 76247,TX0602-021000187A,,No,,No,2025-10-06T18:04:52.000+0000,523 W 4TH ST JUSTIN TX
a02WR00000FcMwBYAV,524 DUNAWAY LN AZLE TX 76020,TX0601-010000068A,,No,,No,2025-10-06T18:04:52.000+0000,524 DUNAWAY LN AZLE TX
a02WR00000FcMwcYAF,122 W OLIVE ST KELLER TX 76248,TX0607-016000070A,,No,,No,2025-10-06T18:04:52.000+0000,122 W OLIVE ST KELLER TX
a02WR00000FcMweYAF,1220 GLENWOOD DR AZLE TX 76020,TX0601-012000002A,,No,,No,2025-10-06T18:04:52.000+0000,1220 GLENWOOD DR AZLE TX
a02WR00000FcMwhYAF,1220 MELODY LN KELLER TX 76262,TX0603-002000125A,,No,,No,2025-10-06T18:04:52.000+0000,1220 MELODY LN KELLER TX
a02WR00000FcMwtYAF,1224 GLENWOOD DR AZLE TX 76020,TX0601-012000008A,,No,,No,2025-10-06T18:04:52.000+0000,1224 GLENWOOD DR AZLE TX
a02WR00000FcMxBYAV,1230 MELODY LN KELLER TX 76262,TX0603-002000123A,,No,,No,2025-10-06T18:04:52.000+0000,1230 MELODY LN KELLER TX
a02WR00000FcMxFYAV,12301 WOODLAND SPRINGS DR FORT WORTH TX 76244,TX0606-036000230A,,No,,No,2025-10-06T18:04:52.000+0000,12301 WOODLAND SPRINGS DR FORT WORTH TX
a02WR00000FcMxLYAV,1234 TRAIL RIDGE DR KELLER TX 76248,TX0603-001000024A,,No,,No,2025-10-06T18:04:52.000+0000,1234 TRAIL RIDGE DR KELLER TX
a02WR00000FcMxQYAV,1235 TRAIL RIDGE DR KELLER TX 76248,TX0603-001000030A,,No,,No,2025-10-06T18:04:52.000+0000,1235 TRAIL RIDGE DR KELLER TX
a02WR00000FcMxRYAV,1235 WESTWYCK CT SOUTHLAKE TX 76092,TX0603-006000016A,,No,,No,2025-10-06T18:04:52.000+0000,1235 WESTWYCK CT SOUTHLAKE TX
a02WR00000FcMy4YAF,1240 MELISSA DR KELLER TX 76262,TX0603-002000113A,,No,,No,2025-10-06T18:04:52.000+0000,1240 MELISSA DR KELLER TX
a02WR00000FcMy5YAF,1240 MELODY LN KELLER TX 76262,TX0603-002000121A,,No,,No,2025-10-06T18:04:52.000+0000,1240 MELODY LN KELLER TX
a02WR00000FcMyTYAV,1244 TRAIL RIDGE DR KELLER TX 76248,TX0603-001000020A,,No,,No,2025-10-06T18:04:52.000+0000,1244 TRAIL RIDGE DR KELLER TX
a02WR00000FcMyhYAF,1245 WESTWYCK CT SOUTHLAKE TX 76092,TX0603-006000012A,,No,,No,2025-10-06T18:04:52.000+0000,1245 WESTWYCK CT SOUTHLAKE TX
a02WR00000FcMzYYAV,125 N ASH AVE AZLE TX 76020,TX0601-010000100A,,No,,No,2025-10-06T18:04:52.000+0000,125 N ASH AVE AZLE TX
a02WR00000FcN0AYAV,528 DUNAWAY LN AZLE TX 76020,TX0601-010000067A,,No,,No,2025-10-06T18:04:52.000+0000,528 DUNAWAY LN AZLE TX
a02WR00000FcN1DYAV,532 DUNAWAY LN AZLE TX 76020,TX0601-010000125A,,No,,No,2025-10-06T18:04:52.000+0000,532 DUNAWAY LN AZLE TX
a02WR00000FcN1RYAV,534 DUNAWAY LN AZLE TX 76020,TX0601-010000032A,,No,,No,2025-10-06T18:04:52.000+0000,534 DUNAWAY LN AZLE TX
a02WR00000FcN1WYAV,535 BLUE MOUND RD E HASLET TX 76052,TX0605-018000199A,,No,,No,2025-10-06T18:04:52.000+0000,535 BLUE MOUND E RD HASLET TX
a02WR00000FcN2fYAF,536 BEVERLY RD AZLE TX 76020,TX0601-007000214A,,No,,No,2025-10-06T18:04:52.000+0000,536 BEVERLY RD AZLE TX
a02WR00000FcN2lYAF,537 BLUE MOUND RD E HASLET TX 76052,TX0605-018000186A,,No,,No,2025-10-06T18:04:52.000+0000,537 BLUE MOUND E RD HASLET TX
a02WR00000FcN2rYAF,538 DUNAWAY LN AZLE TX 76020,TX0601-010000066A,,No,,No,2025-10-06T18:04:52.000+0000,538 DUNAWAY LN AZLE TX
a02WR00000FcN4xYAF,129 N ASH AVE AZLE TX 76020,TX0601-010000111A,,No,,No,2025-10-06T18:04:52.000+0000,129 N ASH AVE AZLE TX
a02WR00000FcN5VYAV,1300 GLENWOOD DR AZLE TX 76020,TX0601-012000003A,,No,,No,2025-10-06T18:04:52.000+0000,1300 GLENWOOD DR AZLE TX
a02WR00000FcN5YYAV,1300 MELODY LN KELLER TX 76262,TX0603-002000163A,,No,,No,2025-10-06T18:04:52.000+0000,1300 MELODY LN KELLER TX
a02WR00000FcN5kYAF,13000 HILLCREST BLVD KELLER TX 76244,TX0605-009000711A,,No,,No,2025-10-06T18:04:52.000+0000,13000 HILLCREST BLVD KELLER TX
a02WR00000FcN5lYAF,13001 HILLCREST BLVD KELLER TX 76244,TX0605-007000201A,,No,,No,2025-10-06T18:04:52.000+0000,13001 HILLCREST BLVD KELLER TX
a02WR00000FcN5oYAF,1301 E AVENUE G KILLEEN TX 76541,TX1312-007000110A,,No,,No,2025-10-06T18:04:52.000+0000,1301 E AVENUE G KILLEEN TX
a02WR00000FcN6KYAV,540 DUNAWAY LN AZLE TX 76020,TX0601-010000050A,,No,,No,2025-10-06T18:04:52.000+0000,540 DUNAWAY LN AZLE TX
a02WR00000FcN8kYAF,549 BLUE MOUND RD E HASLET TX 76052,TX0605-018000180A,,No,,No,2025-10-06T18:04:52.000+0000,549 BLUE MOUND E RD HASLET TX
a02WR00000FcN9VYAV,1304 GLENWOOD DR AZLE TX 76020,TX0601-012000004A,,No,,No,2025-10-06T18:04:52.000+0000,1304 GLENWOOD DR AZLE TX
a02WR00000FcN9xYAF,1308 GLENWOOD DR AZLE TX 76020,TX0601-012000005A,,No,,No,2025-10-06T18:04:52.000+0000,1308 GLENWOOD DR AZLE TX
a02WR00000FcNAHYA3,1312 GLENWOOD DR AZLE TX 76020,TX0601-012000006A,,No,,No,2025-10-06T18:04:52.000+0000,1312 GLENWOOD DR AZLE TX
a02WR00000FcNAOYA3,1314 ROANOKE RD KELLER TX 76248,TX0603-002000145A,,No,,No,2025-10-06T18:04:52.000+0000,1314 ROANOKE RD KELLER TX
a02WR00000FcNAZYA3,1316 GLENWOOD DR AZLE TX 76020,TX0601-012000018A,,No,,No,2025-10-06T18:04:52.000+0000,1316 GLENWOOD DR AZLE TX
a02WR00000FcNAmYAN,132 MOUNT GILEAD RD KELLER TX 76248,TX0603-001000028A,,No,,No,2025-10-06T18:04:52.000+0000,132 MOUNT GILEAD RD KELLER TX
a02WR00000FcNAsYAN,1320 GLENWOOD DR AZLE TX 76020,TX0601-012000017A,,No,,No,2025-10-06T18:04:52.000+0000,1320 GLENWOOD DR AZLE TX
a02WR00000FcNB4YAN,1325 MELODY LN KELLER TX 76262,TX0603-002000133A,,No,,No,2025-10-06T18:04:52.000+0000,1325 MELODY LN KELLER TX
a02WR00000FcNBLYA3,13300 WILLOW SPRINGS RD HASLET TX 76052,TX0602-030000289A,,No,,No,2025-10-06T18:04:52.000+0000,13300 WILLOW SPRINGS RD HASLET TX
a02WR00000FcNBSYA3,13340 WILLOW SPRINGS RD HASLET TX 76052,TX0602-026000012A,,No,,No,2025-10-06T18:04:52.000+0000,13340 WILLOW SPRINGS RD HASLET TX
a02WR00000FcNBUYA3,1335 MELODY LN KELLER TX 76262,TX0603-002000164A,,No,,No,2025-10-06T18:04:52.000+0000,1335 MELODY LN KELLER TX
a02WR00000FcNBWYA3,1336 ROANOKE RD KELLER TX 76248,TX0603-002000111A,,No,,No,2025-10-06T18:04:52.000+0000,1336 ROANOKE RD KELLER TX
a02WR00000FcNBeYAN,13390 WILLOW SPRINGS RD HASLET TX 76052,TX0602-026000018A,,No,,No,2025-10-06T18:04:52.000+0000,13390 WILLOW SPRINGS RD HASLET TX
a02WR00000FcNBmYAN,13400 HASLET CT HASLET TX 76052,TX0602-022000081A,,No,,No,2025-10-06T18:04:52.000+0000,13400 HASLET CT HASLET TX
a02WR00000FcNBoYAN,13400 WILLOW SPRINGS RD HASLET TX 76052,TX0602-026000021A,,No,,No,2025-10-06T18:04:52.000+0000,13400 WILLOW SPRINGS RD HASLET TX
a02WR00000FcNBqYAN,13404 HASLET CT HASLET TX 76052,TX0602-022000056A,,No,,No,2025-10-06T18:04:52.000+0000,13404 HASLET CT HASLET TX
a02WR00000FcNBrYAN,13405 HASLET CT HASLET TX 76052,TX0602-022000072A,,No,,No,2025-10-06T18:04:52.000+0000,13405 HASLET CT HASLET TX
a02WR00000FcNBsYAN,13408 HASLET CT HASLET TX 76052,TX0602-022000047A,,No,,No,2025-10-06T18:04:52.000+0000,13408 HASLET CT HASLET TX
a02WR00000FcNBtYAN,13409 HASLET CT HASLET TX 76052,TX0602-022000049A,,No,,No,2025-10-06T18:04:52.000+0000,13409 HASLET CT HASLET TX
a02WR00000FcNBvYAN,13410 WILLOW SPRINGS RD HASLET TX 76052,TX0602-026000019A,,No,,No,2025-10-06T18:04:52.000+0000,13410 WILLOW SPRINGS RD HASLET TX
a02WR00000FcNBwYAN,13412 HASLET CT HASLET TX 76052,TX0602-022000045A,,No,,No,2025-10-06T18:04:52.000+0000,13412 HASLET CT HASLET TX
a02WR00000FcNBxYAN,13413 HASLET CT HASLET TX 76052,TX0602-022000080A,,No,,No,2025-10-06T18:04:52.000+0000,13413 HASLET CT HASLET TX
a02WR00000FcNByYAN,13416 HASLET CT HASLET TX 76052,TX0602-022000071A,,No,,No,2025-10-06T18:04:52.000+0000,13416 HASLET CT HASLET TX
a02WR00000FcNBzYAN,13417 HASLET CT HASLET TX 76052,TX0602-022000065A,,No,,No,2025-10-06T18:04:52.000+0000,13417 HASLET CT HASLET TX
a02WR00000FcNC0YAN,13420 HASLET CT HASLET TX 76052,TX0602-022000070A,,No,,No,2025-10-06T18:04:52.000+0000,13420 HASLET CT HASLET TX
a02WR00000FcNC1YAN,13424 HASLET CT HASLET TX 76052,TX0602-022000078A,,Yes,2024-04-30,No,2025-10-06T18:04:52.000+0000,13424 HASLET CT HASLET TX
a02WR00000FcNC3YAN,13430 WILLOW SPRINGS RD HASLET TX 76052,TX0602-026000016A,,No,,No,2025-10-06T18:04:52.000+0000,13430 WILLOW SPRINGS RD HASLET TX
a02WR00000FcNC5YAN,1345 MELODY LN KELLER TX 76262,TX0603-002000112A,,No,,No,2025-10-06T18:04:52.000+0000,1345 MELODY LN KELLER TX
a02WR00000FcNC7YAN,13450 WILLOW SPRINGS RD HASLET TX 76052,TX0602-026000017A,,No,,No,2025-10-06T18:04:52.000+0000,13450 WILLOW SPRINGS RD HASLET TX
a02WR00000FcNC8YAN,13458 WILLOW SPRINGS RD HASLET TX 76052,TX0602-026000011A,,No,,No,2025-10-06T18:04:52.000+0000,13458 WILLOW SPRINGS RD HASLET TX
a02WR00000FcNCAYA3,13460 WILLOW SPRINGS RD HASLET TX 76052,TX0602-026000024A,,No,,No,2025-10-06T18:04:52.000+0000,13460 WILLOW SPRINGS RD HASLET TX
a02WR00000FcNCVYA3,13504 BATES ASTON RD HASLET TX 76052,TX0602-022000062A,,No,,No,2025-10-06T18:04:52.000+0000,13504 BATES ASTON RD HASLET TX
a02WR00000FcNCWYA3,13504 NORTHWEST CT HASLET TX 76052,TX0602-022000068A,,No,,No,2025-10-06T18:04:52.000+0000,13504 NORTHWEST CT HASLET TX
a02WR00000FcNCXYA3,13505 BATES ASTON RD HASLET TX 76052,TX0602-022000019A,,No,,No,2025-10-06T18:04:52.000+0000,13505 BATES ASTON RD HASLET TX
a02WR00000FcNCYYA3,13505 HASLET CT HASLET TX 76052,TX0602-022000017A,,No,,No,2025-10-06T18:04:52.000+0000,13505 HASLET CT HASLET TX
a02WR00000FcNCZYA3,13505 NORTHWEST CT HASLET TX 76052,TX0602-022000022A,,No,,No,2025-10-06T18:04:52.000+0000,13505 NORTHWEST CT HASLET TX
a02WR00000FcNCaYAN,13508 BATES ASTON RD HASLET TX 76052,TX0602-022000052A,,No,,No,2025-10-06T18:04:52.000+0000,13508 BATES ASTON RD HASLET TX
a02WR00000FcNCcYAN,13510 WILLOW SPRINGS RD HASLET TX 76052,TX0602-026000005A,,No,,No,2025-10-06T18:04:52.000+0000,13510 WILLOW SPRINGS RD HASLET TX
a02WR00000FcNCdYAN,13511 BATES ASTON RD HASLET TX 76052,TX0602-022000060A,,No,,No,2025-10-06T18:04:52.000+0000,13511 BATES ASTON RD HASLET TX
a02WR00000FcNCeYAN,13512 BATES ASTON RD HASLET TX 76052,TX0602-022000050A,,No,,No,2025-10-06T18:04:52.000+0000,13512 BATES ASTON RD HASLET TX
a02WR00000FcNDgYAN,5618 TRAVIS ST WATAUGA TX 76148,TX0607-007000083A,,No,,No,2025-10-06T18:04:52.000+0000,5618 TRAVIS ST WATAUGA TX
a02WR00000FcNDhYAN,5620 TRAVIS ST WATAUGA TX 76148,TX0607-007000093A,,No,,No,2025-10-06T18:04:52.000+0000,5620 TRAVIS ST WATAUGA TX
a02WR00000FcNDyYAN,5641 WATAUGA RD WATAUGA TX 76148,TX0607-007000078A,,No,,No,2025-10-06T18:04:52.000+0000,5641 WATAUGA RD WATAUGA TX
a02WR00000FcNFtYAN,13516 BATES ASTON RD HASLET TX 76052,TX0602-022000066A,,No,,No,2025-10-06T18:04:52.000+0000,13516 BATES ASTON RD HASLET TX
a02WR00000FcNG1YAN,1355 MELODY LN KELLER TX 76262,TX0603-002000155A,,No,,No,2025-10-06T18:04:52.000+0000,1355 MELODY LN KELLER TX
a02WR00000FcNGDYA3,13600 WILLOW SPRINGS RD HASLET TX 76052,TX0602-026000022A,,No,,No,2025-10-06T18:04:52.000+0000,13600 WILLOW SPRINGS RD HASLET TX
a02WR00000FcNGEYA3,13608 BATES ASTON RD HASLET TX 76052,TX0602-022000084A,,No,,No,2025-10-06T18:04:52.000+0000,13608 BATES ASTON RD HASLET TX
a02WR00000FcNGFYA3,13609 BATES ASTON RD HASLET TX 76052,TX0602-022000076A,,No,,No,2025-10-06T18:04:52.000+0000,13609 BATES ASTON RD HASLET TX
a02WR00000FcNGGYA3,13616 BATES ASTON RD HASLET TX 76052,TX0602-022000075A,,No,,No,2025-10-06T18:04:52.000+0000,13616 BATES ASTON RD HASLET TX
a02WR00000FcNGHYA3,13617 BATES ASTON RD HASLET TX 76052,TX0602-022000046A,,No,,No,2025-10-06T18:04:52.000+0000,13617 BATES ASTON RD HASLET TX
a02WR00000FcNGIYA3,13624 BATES ASTON RD HASLET TX 76052,TX0602-022000018A,,No,,No,2025-10-06T18:04:52.000+0000,13624 BATES ASTON RD HASLET TX
a02WR00000FcNGJYA3,13625 BATES ASTON RD HASLET TX 76052,TX0602-022000059A,,No,,No,2025-10-06T18:04:52.000+0000,13625 BATES ASTON RD HASLET TX
a02WR00000FcNGKYA3,13632 BATES ASTON RD HASLET TX 76052,TX0602-022000058A,,No,,No,2025-10-06T18:04:52.000+0000,13632 BATES ASTON RD HASLET TX
a02WR00000FcNGLYA3,13633 BATES ASTON RD HASLET TX 76052,TX0602-022000069A,,No,,No,2025-10-06T18:04:52.000+0000,13633 BATES ASTON RD HASLET TX
a02WR00000FcNGMYA3,13640 BATES ASTON RD HASLET TX 76052,TX0602-022000073A,,No,,No,2025-10-06T18:04:52.000+0000,13640 BATES ASTON RD HASLET TX
a02WR00000FcNGNYA3,13641 BATES ASTON RD HASLET TX 76052,TX0602-022000074A,,No,,No,2025-10-06T18:04:52.000+0000,13641 BATES ASTON RD HASLET TX
a02WR00000FcNGOYA3,13648 BATES ASTON RD HASLET TX 76052,TX0602-022000048A,,No,,No,2025-10-06T18:04:52.000+0000,13648 BATES ASTON RD HASLET TX
a02WR00000FcNGWYA3,13709 BATES ASTON RD HASLET TX 76052,TX0602-022000061A,,No,,No,2025-10-06T18:04:52.000+0000,13709 BATES ASTON RD HASLET TX
a02WR00000FcNGXYA3,13716 BATES ASTON RD HASLET TX 76052,TX0602-022000044A,,No,,No,2025-10-06T18:04:52.000+0000,13716 BATES ASTON RD HASLET TX
a02WR00000FcNGYYA3,13717 BATES ASTON RD HASLET TX 76052,TX0602-022000077A,,No,,No,2025-10-06T18:04:52.000+0000,13717 BATES ASTON RD HASLET TX
a02WR00000FcNGZYA3,13725 BATES ASTON RD HASLET TX 76052,TX0602-022000057A,,No,,No,2025-10-06T18:04:52.000+0000,13725 BATES ASTON RD HASLET TX
a02WR00000FcNGaYAN,13732 BATES ASTON RD HASLET TX 76052,TX0602-022000038A,,No,,No,2025-10-06T18:04:52.000+0000,13732 BATES ASTON RD HASLET TX
a02WR00000FcNGbYAN,13733 BATES ASTON RD HASLET TX 76052,TX0602-022000051A,,No,,No,2025-10-06T18:04:52.000+0000,13733 BATES ASTON RD HASLET TX
a02WR00000FcNGdYAN,1375 RANDOL MILL AVE SOUTHLAKE TX 76092,TX0603-006000014A,,No,,No,2025-10-06T18:04:52.000+0000,1375 RANDOL MILL AVE SOUTHLAKE TX
a02WR00000FcNGjYAN,13809 BATES ASTON RD HASLET TX 76052,TX0602-022000020A,,No,,No,2025-10-06T18:04:52.000+0000,13809 BATES ASTON RD HASLET TX
a02WR00000FcNGkYAN,13816 BATES ASTON RD HASLET TX 76052,TX0602-022000054A,,No,,No,2025-10-06T18:04:52.000+0000,13816 BATES ASTON RD HASLET TX
a02WR00000FcNGlYAN,13817 BATES ASTON RD HASLET TX 76052,TX0602-022000010A,,No,,No,2025-10-06T18:04:52.000+0000,13817 BATES ASTON RD HASLET TX
a02WR00000FcNGmYAN,13824 BATES ASTON RD HASLET TX 76052,TX0602-022000015A,,No,,No,2025-10-06T18:04:52.000+0000,13824 BATES ASTON RD HASLET TX
a02WR00000FcNGoYAN,13825 BATES ASTON RD HASLET TX 76052,TX0602-022000016A,,No,,No,2025-10-06T18:04:52.000+0000,13825 BATES ASTON RD HASLET TX
a02WR00000FcNGwYAN,13908 BATES ASTON RD HASLET TX 76052,TX0602-022000007A,,No,,No,2025-10-06T18:04:52.000+0000,13908 BATES ASTON RD HASLET TX
a02WR00000FcNGxYAN,13909 BATES ASTON RD HASLET TX 76052,TX0602-022000011A,,No,,No,2025-10-06T18:04:52.000+0000,13909 BATES ASTON RD HASLET TX
a02WR00000FcNGyYAN,13916 BATES ASTON RD HASLET TX 76052,TX0602-022000085A,,No,,No,2025-10-06T18:04:52.000+0000,13916 BATES ASTON RD HASLET TX
a02WR00000FcNH0YAN,13920 BATES ASTON RD HASLET TX 76052,TX0602-022000063A,,No,,No,2025-10-06T18:04:52.000+0000,13920 BATES ASTON RD HASLET TX
a02WR00000FcNH1YAN,13924 BATES ASTON RD HASLET TX 76052,TX0602-022000014A,,No,,No,2025-10-06T18:04:52.000+0000,13924 BATES ASTON RD HASLET TX
a02WR00000FcNH2YAN,13925 BATES ASTON RD HASLET TX 76052,TX0602-022000064A,,No,,No,2025-10-06T18:04:52.000+0000,13925 BATES ASTON RD HASLET TX
a02WR00000FcNH4YAN,13932 BATES ASTON RD HASLET TX 76052,TX0602-022000013A,,No,,No,2025-10-06T18:04:52.000+0000,13932 BATES ASTON RD HASLET TX
a02WR00000FcNH5YAN,13933 BATES ASTON RD HASLET TX 76052,TX0602-022000009A,,No,,No,2025-10-06T18:04:52.000+0000,13933 BATES ASTON RD HASLET TX
a02WR00000FcNI2YAN,14008 BATES ASTON RD HASLET TX 76052,TX0602-022000006A,,No,,No,2025-10-06T18:04:52.000+0000,14008 BATES ASTON RD HASLET TX
a02WR00000FcNI4YAN,1401 DARYLL LN KELLER TX 76262,TX0603-002000127A,,No,,No,2025-10-06T18:04:52.000+0000,1401 DARYLL LN KELLER TX
a02WR00000FcNIKYA3,14016 BATES ASTON RD HASLET TX 76052,TX0602-022000012A,,No,,No,2025-10-06T18:04:52.000+0000,14016 BATES ASTON RD HASLET TX
a02WR00000FcNIQYA3,14025 BATES ASTON RD HASLET TX 76052,TX0602-022000083A,,No,,No,2025-10-06T18:04:52.000+0000,14025 BATES ASTON RD HASLET TX
a02WR00000FcNIhYAN,1405 MELODY LN KELLER TX 76262,TX0603-002000119A,,No,,No,2025-10-06T18:04:52.000+0000,1405 MELODY LN KELLER TX
a02WR00000FcNMfYAN,1415 MELODY LN KELLER TX 76262,TX0603-002000170A,,No,,No,2025-10-06T18:04:52.000+0000,1415 MELODY LN KELLER TX
a02WR00000FcNMzYAN,1425 MELODY LN KELLER TX 76262,TX0603-002000116A,,No,,No,2025-10-06T18:04:52.000+0000,1425 MELODY LN KELLER TX
a02WR00000FcNNhYAN,1431 ROANOKE RD KELLER TX 76248,TX0603-002000109A,,No,,No,2025-10-06T18:04:52.000+0000,1431 ROANOKE RD KELLER TX
a02WR00000FcNNiYAN,14319 JOHN DAY RD JUSTIN TX 76247,TX0602-025000006A,,No,,No,2025-10-06T18:04:52.000+0000,14319 JOHN DAY RD JUSTIN TX
a02WR00000FcNNkYAN,1432 ROANOKE RD KELLER TX 76248,TX0603-002000138A,,No,,No,2025-10-06T18:04:52.000+0000,1432 ROANOKE RD KELLER TX
a02WR00000FcNNmYAN,1435 MELODY LN KELLER TX 76262,TX0603-002000142A,,No,,No,2025-10-06T18:04:52.000+0000,1435 MELODY LN KELLER TX
a02WR00000FcNO5YAN,1445 MELODY LN KELLER TX 76262,TX0603-002000148A,,No,,No,2025-10-06T18:04:52.000+0000,1445 MELODY LN KELLER TX
a02WR00000FcNO7YAN,1446 ROANOKE RD KELLER TX 76248,TX0603-002000146A,,No,,No,2025-10-06T18:04:52.000+0000,1446 ROANOKE RD KELLER TX
a02WR00000FcNO8YAN,1447 ROANOKE RD KELLER TX 76248,TX0603-002000108A,,No,,No,2025-10-06T18:04:52.000+0000,1447 ROANOKE RD KELLER TX
a02WR00000FcNOmYAN,1455 W DOVE RD WESTLAKE TX 76092,TX0603-006000017A,,Yes,2024-09-26,No,2025-10-06T18:04:52.000+0000,1455 W DOVE RD WESTLAKE TX
a02WR00000FcNPDYA3,148 MOUNT GILEAD RD KELLER TX 76248,TX0603-001000026A,,No,,No,2025-10-06T18:04:52.000+0000,148 MOUNT GILEAD RD KELLER TX
a02WR00000FcNPJYA3,1480 BROWN LN SOUTHLAKE TX 76092,TX0603-006000008A,,No,,No,2025-10-06T18:04:52.000+0000,1480 BROWN LN SOUTHLAKE TX
a02WR00000FcNPNYA3,1483 BROWN LN SOUTHLAKE TX 76092,TX0603-006000013A,,No,,No,2025-10-06T18:04:52.000+0000,1483 BROWN LN SOUTHLAKE TX
a02WR00000FcNQjYAN,602 SCHOOLHOUSE RD HASLET TX 76052,TX0602-034000201A,,No,,No,2025-10-06T18:04:52.000+0000,602 SCHOOLHOUSE RD HASLET TX
a02WR00000FcNQmYAN,602 W 3RD ST JUSTIN TX 76247,TX0602-021000134A,,No,,No,2025-10-06T18:04:52.000+0000,602 W 3RD ST JUSTIN TX
a02WR00000FcNRBYA3,603 W 4TH ST JUSTIN TX 76247,TX0602-021000183A,,No,,No,2025-10-06T18:04:52.000+0000,603 W 4TH ST JUSTIN TX
a02WR00000FcNRxYAN,606 W 1ST ST JUSTIN TX 76247,TX0602-021000138A,,No,,No,2025-10-06T18:04:52.000+0000,606 W 1ST ST JUSTIN TX
a02WR00000FcNTMYA3,1501 MELODY LN KELLER TX 76262,TX0603-002000115A,,No,,No,2025-10-06T18:04:52.000+0000,1501 MELODY LN KELLER TX
a02WR00000FcNTcYAN,1504 BELLECHASE DR KELLER TX 76262,TX0603-002000147A,,No,,No,2025-10-06T18:04:52.000+0000,1504 BELLECHASE DR KELLER TX
a02WR00000FcNURYA3,1513 MELODY LN KELLER TX 76262,TX0603-002000137A,,No,,No,2025-10-06T18:04:52.000+0000,1513 MELODY LN KELLER TX
a02WR00000FcNUpYAN,1520 RANDOL MILL AVE SOUTHLAKE TX 76092,TX0603-006000004A,,No,,No,2025-10-06T18:04:52.000+0000,1520 RANDOL MILL AVE SOUTHLAKE TX
a02WR00000FcNUzYAN,1525 MELODY LN KELLER TX 76262,TX0603-002000167A,,No,,No,2025-10-06T18:04:52.000+0000,1525 MELODY LN KELLER TX
a02WR00000FcNXGYA3,613 BLUE MOUND RD E HASLET TX 76052,TX0605-018000184A,,No,,No,2025-10-06T18:04:52.000+0000,613 BLUE MOUND E RD HASLET TX
a02WR00000FcNXMYA3,6132 PINE ST WATAUGA TX 76148,TX0607-007000033A,,No,,No,2025-10-06T18:04:52.000+0000,6132 PINE ST WATAUGA TX
a02WR00000FcNZKYA3,1560 RANDOL MILL AVE SOUTHLAKE TX 76092,TX0603-006000009A,,No,,No,2025-10-06T18:04:52.000+0000,1560 RANDOL MILL AVE SOUTHLAKE TX
a02WR00000FcNZbYAN,1580 RANDOL MILL AVE SOUTHLAKE TX 76092,TX0603-006000003A,,No,,No,2025-10-06T18:04:52.000+0000,1580 RANDOL MILL AVE SOUTHLAKE TX
a02WR00000FcNZeYAN,1584 RANDOL MILL AVE SOUTHLAKE TX 76092,TX0603-006000002A,,No,,No,2025-10-06T18:04:52.000+0000,1584 RANDOL MILL AVE SOUTHLAKE TX
a02WR00000FcNZkYAN,1590 RANDOL MILL AVE SOUTHLAKE TX 76092,TX0603-006000007A,,No,,No,2025-10-06T18:04:52.000+0000,1590 RANDOL MILL AVE SOUTHLAKE TX
a02WR00000FcNbSYAV,1615 RANDOL MILL AVE SOUTHLAKE TX 76092,TX0603-006000005A,,No,,No,2025-10-06T18:04:52.000+0000,1615 RANDOL MILL AVE SOUTHLAKE TX
a02WR00000FcNbpYAF,1629 SUMMER LANE LN KELLER TX 76262,TX0603-002000135A,,No,,No,2025-10-06T18:04:52.000+0000,1629 SUMMER LANE LN KELLER TX
a02WR00000FcNc0YAF,164 MOUNT GILEAD RD KELLER TX 76248,TX0603-001000004A,,No,,No,2025-10-06T18:04:52.000+0000,164 MOUNT GILEAD RD KELLER TX
a02WR00000FcNc5YAF,1645 SUMMER LN KELLER TX 76262,TX0603-002000152A,,No,,No,2025-10-06T18:04:52.000+0000,1645 SUMMER LN KELLER TX
a02WR00000FcNcKYAV,1650 RANDOL MILL AVE SOUTHLAKE TX 76092,TX0603-006000001A,,No,,No,2025-10-06T18:04:52.000+0000,1650 RANDOL MILL AVE SOUTHLAKE TX
a02WR00000FcNcsYAF,6216 TEN MILE BRIDGE RD FORT WORTH TX 76179,TX0601-006000011A,,No,,No,2025-10-06T18:04:52.000+0000,6216 TEN MILE BRIDGE RD FORT WORTH TX
a02WR00000FcNd6YAF,6228 TEN MILE BRIDGE RD FORT WORTH TX 76179,TX0601-006000014A,,No,,No,2025-10-06T18:04:52.000+0000,6228 TEN MILE BRIDGE RD FORT WORTH TX
a02WR00000FcNfXYAV,637 BLUE MOUND RD E HASLET TX 76052,TX0605-018000185A,,No,,No,2025-10-06T18:04:52.000+0000,637 BLUE MOUND E RD HASLET TX
a02WR00000FcNgnYAF,1665 SUMMER LN KELLER TX 76262,TX0603-002000117A,,No,,No,2025-10-06T18:04:52.000+0000,1665 SUMMER LN KELLER TX
a02WR00000FcNh1YAF,1685 SUMMER LN KELLER TX 76262,TX0603-002000120A,,No,,No,2025-10-06T18:04:52.000+0000,1685 SUMMER LN KELLER TX
a02WR00000FcNhpYAF,17004 CARDINAS RD JUSTIN TX 76247,TX0602-021000164A,,No,,No,2025-10-06T18:04:52.000+0000,17004 CARDINAS RD JUSTIN TX
a02WR00000FcNjkYAF,643 ASTORIA AVE AZLE TX 76020,TX0601-007000237A,,No,,No,2025-10-06T18:04:52.000+0000,643 ASTORIA AVE AZLE TX
a02WR00000FcNjvYAF,646 ASTORIA AVE AZLE TX 76020,TX0601-007000219A,,No,,No,2025-10-06T18:04:52.000+0000,646 ASTORIA AVE AZLE TX
a02WR00000FcNk0YAF,647 E COLUMBIA DR AZLE TX 76020,TX0601-007000218A,,No,,No,2025-10-06T18:04:52.000+0000,647 E COLUMBIA DR AZLE TX
a02WR00000FcNk3YAF,648 E COLUMBIA DR AZLE TX 76020,TX0601-007000220A,,No,,No,2025-10-06T18:04:52.000+0000,648 E COLUMBIA DR AZLE TX
a02WR00000FcNklYAF,653 ALAMEDA RD AZLE TX 76020,TX0601-007000208A,,No,,No,2025-10-06T18:04:52.000+0000,653 ALAMEDA RD AZLE TX
a02WR00000FcNl4YAF,656 ALAMEDA RD AZLE TX 76020,TX0601-007000196A,,No,,No,2025-10-06T18:04:52.000+0000,656 ALAMEDA RD AZLE TX
a02WR00000FcNlHYAV,660 WELLS BURNETT RD AZLE TX 76020,TX0601-007000209A,,No,,No,2025-10-06T18:04:52.000+0000,660 WELLS BURNETT RD AZLE TX
a02WR00000FcNlJYAV,6600 WELLS BURNETT RD FORT WORTH TX 76135,TX0601-007000215A,,No,,No,2025-10-06T18:04:52.000+0000,6600 WELLS BURNETT RD FORT WORTH TX
a02WR00000FcNlpYAF,6620 WELLS BURNETT RD FORT WORTH TX 76135,TX0601-007000231A,,No,,No,2025-10-06T18:04:52.000+0000,6620 WELLS BURNETT RD FORT WORTH TX
a02WR00000FcNnxYAF,1725 SUMMER LN KELLER TX 76262,TX0603-002000134A,,No,,No,2025-10-06T18:04:52.000+0000,1725 SUMMER LN KELLER TX
a02WR00000FcNojYAF,1745 SUMMER LN KELLER TX 76262,TX0603-002000124A,,No,,No,2025-10-06T18:04:52.000+0000,1745 SUMMER LN KELLER TX
a02WR00000FcNp4YAF,1765 SUMMER LN KELLER TX 76262,TX0603-002000150A,,No,,No,2025-10-06T18:04:52.000+0000,1765 SUMMER LN KELLER TX
a02WR00000FcNp7YAF,1774 AVONDALE HASLET RD FORT WORTH TX 76052,TX0602-030000294A,,No,,No,2025-10-06T18:04:52.000+0000,1774 AVONDALE HASLET RD FORT WORTH TX
a02WR00000FcNp9YAF,1785 SUMMER LN KELLER TX 76262,TX0603-002000165A,,No,,No,2025-10-06T18:04:52.000+0000,1785 SUMMER LN KELLER TX
a02WR00000FcNpWYAV,6649 WELLS BURNETT RD FORT WORTH TX 76135,TX0601-007000206A,,No,,No,2025-10-06T18:04:52.000+0000,6649 WELLS BURNETT RD FORT WORTH TX
a02WR00000FcNpjYAF,6650 WELLS BURNETT RD FORT WORTH TX 76135,TX0601-007000200A,,No,,No,2025-10-06T18:04:52.000+0000,6650 WELLS BURNETT RD FORT WORTH TX
a02WR00000FcNqpYAF,6740 WELLS BURNETT RD FORT WORTH TX 76135,TX0601-007000226A,,No,,No,2025-10-06T18:04:52.000+0000,6740 WELLS BURNETT RD FORT WORTH TX
a02WR00000FcNqtYAF,6750 WELLS BURNETT RD FORT WORTH TX 76135,TX0601-007000205A,,No,,No,2025-10-06T18:04:52.000+0000,6750 WELLS BURNETT RD FORT WORTH TX
a02WR00000FcNqwYAF,6760 WELLS BURNETT RD FORT WORTH TX 76135,TX0601-007000224A,,No,,No,2025-10-06T18:04:52.000+0000,6760 WELLS BURNETT RD FORT WORTH TX
a02WR00000FcNqzYAF,6770 WELLS BURNETT RD FORT WORTH TX 76135,TX0601-007000204A,,No,,No,2025-10-06T18:04:52.000+0000,6770 WELLS BURNETT RD FORT WORTH TX
a02WR00000FcNr0YAF,6780 WELLS BURNETT RD FORT WORTH TX 76135,TX0601-007000228A,,No,,No,2025-10-06T18:04:52.000+0000,6780 WELLS BURNETT RD FORT WORTH TX
a02WR00000FcNyUYAV,700 DUNAWAY LN AZLE TX 76020,TX0601-010000037A,,No,,No,2025-10-06T18:04:52.000+0000,700 DUNAWAY LN AZLE TX
a02WR00000FcNzLYAV,7000 STRAWBERRY WAY FORT WORTH TX 76137,TX0604-009000063A,,No,,No,2025-10-06T18:04:52.000+0000,7000 STRAWBERRY WAY FORT WORTH TX
a02WR00000FcNzNYAV,7000 WAYFARER TRL FORT WORTH TX 76137,TX0604-009000050A,,No,,No,2025-10-06T18:04:52.000+0000,7000 WAYFARER TRL FORT WORTH TX
a02WR00000FcNzPYAV,7001 BUTTONWOOD DR FORT WORTH TX 76137,TX0604-009000061A,,No,,No,2025-10-06T18:04:52.000+0000,7001 BUTTONWOOD DR FORT WORTH TX
a02WR00000FcO0aYAF,702 S WHITE CHAPEL BLVD SOUTHLAKE TX 76092,TX0606-007000023A,,No,,No,2025-10-06T18:04:52.000+0000,702 S WHITE CHAPEL BLVD SOUTHLAKE TX
a02WR00000FcO0bYAF,702 SCHOOLHOUSE RD HASLET TX 76052,TX0602-034000190A,,No,,No,2025-10-06T18:04:52.000+0000,702 SCHOOLHOUSE RD HASLET TX
a02WR00000FcO10YAF,1825 SUMMER LN KELLER TX 76262,TX0603-002000161A,,No,,No,2025-10-06T18:04:52.000+0000,1825 SUMMER LN KELLER TX
a02WR00000FcO3NYAV,1845 SUMMER LN KELLER TX 76262,TX0603-002000154A,,No,,No,2025-10-06T18:04:52.000+0000,1845 SUMMER LN KELLER TX
a02WR00000FcO3UYAV,1851 BEAM DR SOUTHLAKE TX 76092,TX0603-006000015A,,No,,No,2025-10-06T18:04:52.000+0000,1851 BEAM DR SOUTHLAKE TX
a02WR00000FcO48YAF,704 BLUE MOUND RD E HASLET TX 76052,TX0605-018000194A,,No,,No,2025-10-06T18:04:52.000+0000,704 BLUE MOUND E RD HASLET TX
a02WR00000FcO4YYAV,705 HENDERSON ST KILLEEN TX 76541,TX1310-012000033A,,No,,No,2025-10-06T18:04:52.000+0000,705 HENDERSON ST KILLEEN TX
a02WR00000FcO4eYAF,705 SOUTHEAST PKWY AZLE TX 76020,TX0601-010000076A,,No,,No,2025-10-06T18:04:52.000+0000,705 SOUTHEAST PKWY AZLE TX
a02WR00000FcO55YAF,708 DUNAWAY LN AZLE TX 76020,TX0601-010000124A,,No,,No,2025-10-06T18:04:52.000+0000,708 DUNAWAY LN AZLE TX
a02WR00000FcO5LYAV,709 SOUTHEAST PKWY AZLE TX 76020,TX0601-010000077A,,No,,No,2025-10-06T18:04:52.000+0000,709 SOUTHEAST PKWY AZLE TX
a02WR00000FcO67YAF,712 DUNAWAY LN AZLE TX 76020,TX0601-010000056A,,No,,No,2025-10-06T18:04:52.000+0000,712 DUNAWAY LN AZLE TX
a02WR00000FcO6CYAV,712 W 1ST ST JUSTIN TX 76247,TX0602-021000188A,,No,,No,2025-10-06T18:04:52.000+0000,712 W 1ST ST JUSTIN TX
a02WR00000FcO6SYAV,715 S WHITE CHAPEL BLVD SOUTHLAKE TX 76092,TX0606-007000022A,,No,,No,2025-10-06T18:04:52.000+0000,715 S WHITE CHAPEL BLVD SOUTHLAKE TX
a02WR00000FcO6dYAF,716 DUNAWAY LN AZLE TX 76020,TX0601-010000031A,,No,,No,2025-10-06T18:04:52.000+0000,716 DUNAWAY LN AZLE TX
a02WR00000FcO80YAF,1865 SUMMER LN KELLER TX 76262,TX0603-002000160A,,No,,No,2025-10-06T18:04:52.000+0000,1865 SUMMER LN KELLER TX
a02WR00000FcO8KYAV,1885 SUMMER LN KELLER TX 76262,TX0603-002000168A,,No,,No,2025-10-06T18:04:52.000+0000,1885 SUMMER LN KELLER TX
a02WR00000FcOALYA3,718 KATY RD KELLER TX 76244,TX0606-018000003A,,No,,No,2025-10-06T18:04:52.000+0000,718 KATY RD KELLER TX
a02WR00000FcOAVYA3,720 DUNAWAY LN AZLE TX 76020,TX0601-010000135A,,No,,No,2025-10-06T18:04:52.000+0000,720 DUNAWAY LN AZLE TX
a02WR00000FcOAhYAN,720 W 1ST ST JUSTIN TX 76247,TX0602-021000123A,,No,,No,2025-10-06T18:04:52.000+0000,720 W 1ST ST JUSTIN TX
a02WR00000FcOCBYA3,724 DUNAWAY LN AZLE TX 76020,TX0601-010000086A,,No,,No,2025-10-06T18:04:52.000+0000,724 DUNAWAY LN AZLE TX
a02WR00000FcOCaYAN,728 DUNAWAY LN AZLE TX 76020,TX0601-010000061A,,No,,No,2025-10-06T18:04:52.000+0000,728 DUNAWAY LN AZLE TX
a02WR00000FcOCgYAN,730 MOUNT GILEAD RD KELLER TX 76248,TX0603-001000027A,,No,,No,2025-10-06T18:04:52.000+0000,730 MOUNT GILEAD RD KELLER TX
a02WR00000FcODYYA3,732 DUNAWAY LN AZLE TX 76020,TX0601-010000115A,,No,,No,2025-10-06T18:04:52.000+0000,732 DUNAWAY LN AZLE TX
a02WR00000FcOEWYA3,1925 SUMMER LN KELLER TX 76262,TX0603-002000136A,,No,,No,2025-10-06T18:04:52.000+0000,1925 SUMMER LN KELLER TX
a02WR00000FcOH4YAN,736 DUNAWAY LN AZLE TX 76020,TX0601-010000038A,,No,,No,2025-10-06T18:04:52.000+0000,736 DUNAWAY LN AZLE TX
a02WR00000FcOHbYAN,740 DUNAWAY LN AZLE TX 76020,TX0601-010000065A,,No,,No,2025-10-06T18:04:52.000+0000,740 DUNAWAY LN AZLE TX
a02WR00000FcOJsYAN,760 MOUNT GILEAD RD KELLER TX 76248,TX0603-001000021A,,No,,No,2025-10-06T18:04:52.000+0000,760 MOUNT GILEAD RD KELLER TX
a02WR00000FcOKqYAN,1945 SUMMER LN KELLER TX 76262,TX0603-002000144A,,No,,No,2025-10-06T18:04:52.000+0000,1945 SUMMER LN KELLER TX
a02WR00000FcOM8YAN,1965 SUMMER LN KELLER TX 76262,TX0603-002000139A,,No,,No,2025-10-06T18:04:52.000+0000,1965 SUMMER LN KELLER TX
a02WR00000FcOMHYA3,1985 SUMMER LN KELLER TX 76262,TX0603-002000122A,,No,,No,2025-10-06T18:04:52.000+0000,1985 SUMMER LN KELLER TX
a02WR00000FcOPrYAN,7850 SLAY DR FORT WORTH TX 76135,TX0601-007000223A,,No,,No,2025-10-06T18:04:52.000+0000,7850 SLAY DR FORT WORTH TX
a02WR00000FcOPuYAN,7870 EAGLE MOUNTAIN CIR FORT WORTH TX 76135,TX0601-007000216A,,No,,No,2025-10-06T18:04:52.000+0000,7870 EAGLE MOUNTAIN CIR FORT WORTH TX
a02WR00000FcOPyYAN,790 MOUNT GILEAD RD KELLER TX 76248,TX0603-001000032A,,No,,No,2025-10-06T18:04:52.000+0000,790 MOUNT GILEAD RD KELLER TX
a02WR00000FcOR4YAN,200 S ASH AVE AZLE TX 76020,TX0601-011000011A,,No,,No,2025-10-06T18:04:52.000+0000,200 S ASH AVE AZLE TX
a02WR00000FcORXYA3,200 WELLS BURNETT RD AZLE TX 76020,TX0601-007000236A,,No,,No,2025-10-06T18:04:52.000+0000,200 WELLS BURNETT RD AZLE TX
a02WR00000FcORZYA3,200 WISHBONE LN FORT WORTH TX 76052,TX0602-025000023A,,No,,No,2025-10-06T18:04:52.000+0000,200 WISHBONE LN FORT WORTH TX
a02WR00000FcOTpYAN,7970 WALLACE RD FORT WORTH TX 76020,TX0601-007000217A,,No,,No,2025-10-06T18:04:52.000+0000,7970 WALLACE RD FORT WORTH TX
a02WR00000FcOTsYAN,800 DUNAWAY LN AZLE TX 76020,TX0601-010000112A,,No,,No,2025-10-06T18:04:52.000+0000,800 DUNAWAY LN AZLE TX
a02WR00000FcOVbYAN,802 SCHOOLHOUSE RD HASLET TX 76052,TX0602-034000195A,,No,,No,2025-10-06T18:04:52.000+0000,802 SCHOOLHOUSE RD HASLET TX
a02WR00000FcOWCYA3,804 W 1ST ST JUSTIN TX 76247,TX0602-021000184A,,No,,No,2025-10-06T18:04:52.000+0000,804 W 1ST ST JUSTIN TX
a02WR00000FcOXPYA3,201 N ASH AVE AZLE TX 76020,TX0601-010000118A,,No,,No,2025-10-06T18:04:52.000+0000,201 N ASH AVE AZLE TX
a02WR00000FcOYgYAN,202 BLUE MOUND RD E HASLET TX 76052,TX0602-034000202A,,No,,No,2025-10-06T18:04:52.000+0000,202 BLUE MOUND E RD HASLET TX
a02WR00000FcOaVYAV,809 BOYD RD AZLE TX 76020,TX0601-015000284A,,No,,No,2025-10-06T18:04:52.000+0000,809 BOYD RD AZLE TX
a02WR00000FcOboYAF,811 S WHITE CHAPEL BLVD SOUTHLAKE TX 76092,TX0606-007000019A,,No,,No,2025-10-06T18:04:52.000+0000,811 S WHITE CHAPEL BLVD SOUTHLAKE TX
a02WR00000FcObwYAF,812 KATY RD KELLER TX 76244,TX0606-018000026A,,No,,No,2025-10-06T18:04:52.000+0000,812 KATY RD KELLER TX
a02WR00000FcOcFYAV,814 KATY RD KELLER TX 76244,TX0606-018000004A,,Yes,2024-09-30,No,2025-10-06T18:04:52.000+0000,814 KATY RD KELLER TX
a02WR00000FcOcWYAV,816 KATY RD KELLER TX 76244,TX0606-018000029A,,No,,No,2025-10-06T18:04:52.000+0000,816 KATY RD KELLER TX
a02WR00000FcOcnYAF,820 MOUNT GILEAD RD KELLER TX 76248,TX0603-001000033A,,No,,No,2025-10-06T18:04:52.000+0000,820 MOUNT GILEAD RD KELLER TX
a02WR00000FcOdHYAV,8271 HORSE WHISPER LN FORT WORTH TX 76131,TX0604-003000005A,,No,,No,2025-10-06T18:04:52.000+0000,8271 HORSE WHISPER LN FORT WORTH TX
a02WR00000FcOdIYAV,8275 HORSE WHISPER LN FORT WORTH TX 76131,TX0604-003000008A,,No,,No,2025-10-06T18:04:52.000+0000,8275 HORSE WHISPER LN FORT WORTH TX
a02WR00000FcOdNYAV,204 BLUE MOUND RD E HASLET TX 76052,TX0605-018000195A,,No,,No,2025-10-06T18:04:52.000+0000,204 BLUE MOUND E RD HASLET TX
a02WR00000FcOdlYAF,204 S ASH AVE AZLE TX 76020,TX0601-011000018A,,No,,No,2025-10-06T18:04:52.000+0000,204 S ASH AVE AZLE TX
a02WR00000FcOdtYAF,204 W 4TH ST JUSTIN TX 76247,TX0602-021000271A,,No,,No,2025-10-06T18:04:52.000+0000,204 W 4TH ST JUSTIN TX
a02WR00000FcOe1YAF,204 WELLS BURNETT RD AZLE TX 76020,TX0601-007000222A,,No,,No,2025-10-06T18:04:52.000+0000,204 WELLS BURNETT RD AZLE TX
a02WR00000FcOe2YAF,204 WISHBONE LN FORT WORTH TX 76052,TX0602-025000029A,,No,,No,2025-10-06T18:04:52.000+0000,204 WISHBONE LN FORT WORTH TX
a02WR00000FcOf6YAF,205 BLUE MOUND RD E HASLET TX 76052,TX0605-018000216A,,No,,No,2025-10-06T18:04:52.000+0000,205 BLUE MOUND E RD HASLET TX
a02WR00000FcOfGYAV,205 GAMMILL ST HASLET TX 76052,TX0602-025000009A,,No,,No,2025-10-06T18:04:52.000+0000,205 GAMMILL ST HASLET TX
a02WR00000FcOfHYAV,205 HARMONSON AVE JUSTIN TX 76247,TX0602-021000143A,,No,,No,2025-10-06T18:04:52.000+0000,205 HARMONSON AVE JUSTIN TX
a02WR00000FcOfMYAV,205 N ASH AVE AZLE TX 76020,TX0601-010000053A,,No,,No,2025-10-06T18:04:52.000+0000,205 N ASH AVE AZLE TX
a02WR00000FcOg3YAF,205 WISHBONE LN FORT WORTH TX 76052,TX0602-025000021A,,No,,No,2025-10-06T18:04:52.000+0000,205 WISHBONE LN FORT WORTH TX
a02WR00000FcOgrYAF,8300 HORSE WHISPER LN FORT WORTH TX 76131,TX0604-003000004A,,No,,No,2025-10-06T18:04:52.000+0000,8300 HORSE WHISPER LN FORT WORTH TX
a02WR00000FcOgzYAF,8304 HORSE WHISPER LN FORT WORTH TX 76131,TX0604-003000009A,,No,,No,2025-10-06T18:04:52.000+0000,8304 HORSE WHISPER LN FORT WORTH TX
a02WR00000FcOh2YAF,8308 HORSE WHISPER LN FORT WORTH TX 76131,TX0604-003000010A,,No,,No,2025-10-06T18:04:52.000+0000,8308 HORSE WHISPER LN FORT WORTH TX
a02WR00000FcOh5YAF,8312 HORSE WHISPER LN FORT WORTH TX 76131,TX0604-003000007A,,No,,No,2025-10-06T18:04:52.000+0000,8312 HORSE WHISPER LN FORT WORTH TX
a02WR00000FcOhAYAV,8316 HORSE WHISPER LN FORT WORTH TX 76131,TX0604-003000003A,,No,,No,2025-10-06T18:04:52.000+0000,8316 HORSE WHISPER LN FORT WORTH TX
a02WR00000FcOhIYAV,8320 HORSE WHISPER LN FORT WORTH TX 76131,TX0604-003000022A,,No,,No,2025-10-06T18:04:52.000+0000,8320 HORSE WHISPER LN FORT WORTH TX
a02WR00000FcOhLYAV,8324 HORSE WHISPER LN FORT WORTH TX 76131,TX0604-003000011A,,No,,No,2025-10-06T18:04:52.000+0000,8324 HORSE WHISPER LN FORT WORTH TX
a02WR00000FcOhNYAV,8328 HORSE WHISPER LN FORT WORTH TX 76131,TX0604-003000012A,,No,,No,2025-10-06T18:04:52.000+0000,8328 HORSE WHISPER LN FORT WORTH TX
a02WR00000FcOhQYAV,833 BOYD RD AZLE TX 76020,TX0601-015000166A,,No,,No,2025-10-06T18:04:52.000+0000,833 BOYD RD AZLE TX
a02WR00000FcOhRYAV,833 JAMES ST AZLE TX 76020,TX0601-010000036A,,No,,No,2025-10-06T18:04:52.000+0000,833 JAMES ST AZLE TX
a02WR00000FcOhTYAV,8332 HORSE WHISPER LN FORT WORTH TX 76131,TX0604-003000002A,,No,,No,2025-10-06T18:04:52.000+0000,8332 HORSE WHISPER LN FORT WORTH TX
a02WR00000FcOhYYAV,8336 HORSE WHISPER LN FORT WORTH TX 76131,TX0604-003000013A,,No,,No,2025-10-06T18:04:52.000+0000,8336 HORSE WHISPER LN FORT WORTH TX
a02WR00000FcOhaYAF,8340 HORSE WHISPER LN FORT WORTH TX 76131,TX0604-003000014A,,No,,No,2025-10-06T18:04:52.000+0000,8340 HORSE WHISPER LN FORT WORTH TX
a02WR00000FcOhcYAF,8344 HORSE WHISPER LN FORT WORTH TX 76131,TX0604-003000001A,,No,,No,2025-10-06T18:04:52.000+0000,8344 HORSE WHISPER LN FORT WORTH TX
a02WR00000FcOhdYAF,8348 HORSE WHISPER LN FORT WORTH TX 76131,TX0604-003000006A,,No,,No,2025-10-06T18:04:52.000+0000,8348 HORSE WHISPER LN FORT WORTH TX
a02WR00000FcOhzYAF,841 S WHITE CHAPEL BLVD SOUTHLAKE TX 76092,TX0606-007000021A,,No,,No,2025-10-06T18:04:52.000+0000,841 S WHITE CHAPEL BLVD SOUTHLAKE TX
a02WR00000FcOiTYAV,844 JAMES ST AZLE TX 76020,TX0601-010000137A,,No,,No,2025-10-06T18:04:52.000+0000,844 JAMES ST AZLE TX
a02WR00000FcOj8YAF,8516 WESTERN MEADOWS DR FORT WORTH TX 76244,TX0607-020000007A,,No,,No,2025-10-06T18:04:52.000+0000,8516 WESTERN MEADOWS DR FORT WORTH TX
a02WR00000FcOjlYAF,859 S WHITE CHAPEL BLVD SOUTHLAKE TX 76092,TX0606-007000018A,,No,,No,2025-10-06T18:04:52.000+0000,859 S WHITE CHAPEL BLVD SOUTHLAKE TX
a02WR00000FcOkUYAV,206 GAMMILL ST HASLET TX 76052,TX0602-025000016A,,No,,No,2025-10-06T18:04:52.000+0000,206 GAMMILL ST HASLET TX
a02WR00000FcOlRYAV,208 GAMMILL ST HASLET TX 76052,TX0602-025000015A,,No,,No,2025-10-06T18:04:52.000+0000,208 GAMMILL ST HASLET TX
a02WR00000FcOlhYAF,208 W 4TH ST JUSTIN TX 76247,TX0602-021000146A,,No,,No,2025-10-06T18:04:52.000+0000,208 W 4TH ST JUSTIN TX
a02WR00000FcOlnYAF,208 WELLS BURNETT RD AZLE TX 76020,TX0601-007000210A,,No,,No,2025-10-06T18:04:52.000+0000,208 WELLS BURNETT RD AZLE TX
a02WR00000FcOm1YAF,209 N ASH AVE AZLE TX 76020,TX0601-010000004A,,No,,No,2025-10-06T18:04:52.000+0000,209 N ASH AVE AZLE TX
a02WR00000FcOm9YAF,209 WISHBONE LN FORT WORTH TX 76052,TX0602-025000030A,,No,,No,2025-10-06T18:04:52.000+0000,209 WISHBONE LN FORT WORTH TX
a02WR00000FcOn9YAF,8605 N RIVERSIDE DR FORT WORTH TX 76177,TX0607-022000009A,,No,,No,2025-10-06T18:04:52.000+0000,8605 N RIVERSIDE DR FORT WORTH TX
a02WR00000FcOnGYAV,8615 N RIVERSIDE DR FORT WORTH TX 76177,TX0607-022000007A,,No,,No,2025-10-06T18:04:52.000+0000,8615 N RIVERSIDE DR FORT WORTH TX
a02WR00000FcOoIYAV,880 MOUNT GILEAD RD KELLER TX 76248,TX0603-001000034A,,No,,No,2025-10-06T18:04:52.000+0000,880 MOUNT GILEAD RD KELLER TX
a02WR00000FcOprYAF,8965 BOAT CLUB RD FORT WORTH TX 76179,TX0601-004000027A,,No,,No,2025-10-06T18:04:52.000+0000,8965 BOAT CLUB RD FORT WORTH TX
a02WR00000FcOpsYAF,8985 BOAT CLUB RD FORT WORTH TX 76179,TX0601-004000026A,,No,,No,2025-10-06T18:04:52.000+0000,8985 BOAT CLUB RD FORT WORTH TX
a02WR00000FcOtKYAV,212 WELLS BURNETT RD AZLE TX 76020,TX0601-007000211A,,No,,No,2025-10-06T18:04:52.000+0000,212 WELLS BURNETT RD AZLE TX
a02WR00000FcOtyYAF,900 N MAIN ST KELLER TX 76248,TX0606-018000027A,,No,,No,2025-10-06T18:04:52.000+0000,900 N MAIN ST KELLER TX
a02WR00000FcOxOYAV,213 N ASH AVE AZLE TX 76020,TX0601-010000101A,,No,,No,2025-10-06T18:04:52.000+0000,213 N ASH AVE AZLE TX
a02WR00000FcOxcYAF,213 WISHBONE LN FORT WORTH TX 76052,TX0602-025000031A,,No,,No,2025-10-06T18:04:52.000+0000,213 WISHBONE LN FORT WORTH TX
a02WR00000FcOxwYAF,215 HARMONSON AVE JUSTIN TX 76247,TX0602-021000129A,,No,,No,2025-10-06T18:04:52.000+0000,215 HARMONSON AVE JUSTIN TX
a02WR00000FcOzxYAF,908 DUNAWAY LN AZLE TX 76020,TX0601-010000098A,,No,,No,2025-10-06T18:04:52.000+0000,908 DUNAWAY LN AZLE TX
a02WR00000FcP06YAF,9080 TEN MILE BRIDGE RD FORT WORTH TX 76135,TX0601-007000232A,,No,,No,2025-10-06T18:04:52.000+0000,9080 TEN MILE BRIDGE RD FORT WORTH TX
a02WR00000FcP0WYAV,910 MOUNT GILEAD RD KELLER TX 76248,TX0603-001000023A,,No,,No,2025-10-06T18:04:52.000+0000,910 MOUNT GILEAD RD KELLER TX
a02WR00000FcP0zYAF,911 S WHITE CHAPEL BLVD SOUTHLAKE TX 76092,TX0606-007000006A,,No,,No,2025-10-06T18:04:52.000+0000,911 S WHITE CHAPEL BLVD SOUTHLAKE TX
a02WR00000FcP1GYAV,912 DUNAWAY LN AZLE TX 76020,TX0601-010000049A,,No,,No,2025-10-06T18:04:52.000+0000,912 DUNAWAY LN AZLE TX
a02WR00000FcP28YAF,916 DUNAWAY LN AZLE TX 76020,TX0601-010000052A,,No,,No,2025-10-06T18:04:52.000+0000,916 DUNAWAY LN AZLE TX
a02WR00000FcP2WYAV,920 DUNAWAY LN AZLE TX 76020,TX0601-010000099A,,No,,No,2025-10-06T18:04:52.000+0000,920 DUNAWAY LN AZLE TX
a02WR00000FcP31YAF,921 S WHITE CHAPEL BLVD SOUTHLAKE TX 76092,TX0606-007000003A,,No,,No,2025-10-06T18:04:52.000+0000,921 S WHITE CHAPEL BLVD SOUTHLAKE TX
a02WR00000FcP3iYAF,216 WELLS BURNETT RD AZLE TX 76020,TX0601-007000221A,,No,,No,2025-10-06T18:04:52.000+0000,216 WELLS BURNETT RD AZLE TX
a02WR00000FcP3xYAF,217 N ASH AVE AZLE TX 76020,TX0601-010000088A,,No,,No,2025-10-06T18:04:52.000+0000,217 N ASH AVE AZLE TX
a02WR00000FcP46YAF,217 WISHBONE LN FORT WORTH TX 76052,TX0602-025000032A,,No,,No,2025-10-06T18:04:52.000+0000,217 WISHBONE LN FORT WORTH TX
a02WR00000FcP6ZYAV,9231 BOAT CLUB RD FORT WORTH TX 76179,TX0601-004000002A,,No,,No,2025-10-06T18:04:52.000+0000,9231 BOAT CLUB RD FORT WORTH TX
a02WR00000FcP6bYAF,9235 BOAT CLUB RD FORT WORTH TX 76179,TX0601-004000003A,,No,,No,2025-10-06T18:04:52.000+0000,9235 BOAT CLUB RD FORT WORTH TX
a02WR00000FcP7UYAV,9340 TEN MILE BRIDGE RD FORT WORTH TX 76135,TX0601-007000203A,,No,,No,2025-10-06T18:04:52.000+0000,9340 TEN MILE BRIDGE RD FORT WORTH TX
a02WR00000FcP7XYAV,9350 TEN MILE BRIDGE RD FORT WORTH TX 76135,TX0601-007000227A,,No,,No,2025-10-06T18:04:52.000+0000,9350 TEN MILE BRIDGE RD FORT WORTH TX
a02WR00000FcP8DYAV,940 MOUNT GILEAD RD KELLER TX 76248,TX0603-001000036A,,No,,No,2025-10-06T18:04:52.000+0000,940 MOUNT GILEAD RD KELLER TX
a02WR00000FcP9HYAV,9424 BOAT CLUB RD FORT WORTH TX 76179,TX0601-002000009A,,No,,No,2025-10-06T18:04:52.000+0000,9424 BOAT CLUB RD FORT WORTH TX
a02WR00000FcP9WYAV,9450 TEN MILE BRIDGE RD FORT WORTH TX 76135,TX0601-007000197A,,No,,No,2025-10-06T18:04:52.000+0000,9450 TEN MILE BRIDGE RD FORT WORTH TX
a02WR00000FcP9YYAV,9460 TEN MILE BRIDGE RD FORT WORTH TX 76135,TX0601-007000230A,,No,,No,2025-10-06T18:04:52.000+0000,9460 TEN MILE BRIDGE RD FORT WORTH TX
a02WR00000FcP9aYAF,9480 TEN MILE BRIDGE RD FORT WORTH TX 76135,TX0601-007000201A,,No,,No,2025-10-06T18:04:52.000+0000,9480 TEN MILE BRIDGE RD FORT WORTH TX
a02WR00000FcP9sYAF,221 N ASH AVE AZLE TX 76020,TX0601-010000007A,,No,,No,2025-10-06T18:04:52.000+0000,221 N ASH AVE AZLE TX
a02WR00000FcPBrYAN,225 N ASH AVE AZLE TX 76020,TX0601-010000051A,,No,,No,2025-10-06T18:04:52.000+0000,225 N ASH AVE AZLE TX
a02WR00000FcPCNYA3,227 N ASH AVE AZLE TX 76020,TX0601-010000102A,,No,,No,2025-10-06T18:04:52.000+0000,227 N ASH AVE AZLE TX
a02WR00000FcPCqYAN,229 N ASH AVE AZLE TX 76020,TX0601-010000113A,,No,,No,2025-10-06T18:04:52.000+0000,229 N ASH AVE AZLE TX
a02WR00000FcPDhYAN,9560 TEN MILE BRIDGE RD FORT WORTH TX 76135,TX0601-007000225A,,No,,No,2025-10-06T18:04:52.000+0000,9560 TEN MILE BRIDGE RD FORT WORTH TX
a02WR00000FcPDkYAN,9569 CHUPAROSA DR FORT WORTH TX 76177,TX0604-004000741A,,No,,No,2025-10-06T18:04:52.000+0000,9569 CHUPAROSA DR FORT WORTH TX
a02WR00000FcPDoYAN,9570 TEN MILE BRIDGE RD FORT WORTH TX 76135,TX0601-007000229A,,No,,No,2025-10-06T18:04:52.000+0000,9570 TEN MILE BRIDGE RD FORT WORTH TX
a02WR00000FcPE2YAN,9600 TEN MILE BRIDGE RD FORT WORTH TX 76135,TX0601-007000207A,,No,,No,2025-10-06T18:04:52.000+0000,9600 TEN MILE BRIDGE RD FORT WORTH TX
a02WR00000FcPEjYAN,970 MOUNT GILEAD RD KELLER TX 76248,TX0603-001000025A,,No,,No,2025-10-06T18:04:52.000+0000,970 MOUNT GILEAD RD KELLER TX
a02WR00000FcPFPYA3,9800 RAY WHITE RD FORT WORTH TX 76244,TX0607-018000176A,,No,,No,2025-10-06T18:04:52.000+0000,9800 RAY WHITE RD FORT WORTH TX
a02WR00000FcPFRYA3,9801 RAY WHITE RD FORT WORTH TX 76244,TX0607-018000184A,,No,,No,2025-10-06T18:04:52.000+0000,9801 RAY WHITE RD FORT WORTH TX
a02WR00000FcPFgYAN,9805 RAY WHITE RD FORT WORTH TX 76244,TX0607-018000174A,,No,,No,2025-10-06T18:04:52.000+0000,9805 RAY WHITE RD FORT WORTH TX
a02WR00000FcPFnYAN,982 W DOVE RD SOUTHLAKE TX 76092,TX0603-007000129A,,No,,No,2025-10-06T18:04:52.000+0000,982 W DOVE RD SOUTHLAKE TX
a02WR00000FcPFpYAN,9825 RAY WHITE RD FORT WORTH TX 76244,TX0607-018000185A,,No,,No,2025-10-06T18:04:52.000+0000,9825 RAY WHITE RD FORT WORTH TX
a02WR00000FcPG0YAN,9855 RAY WHITE RD FORT WORTH TX 76244,TX0607-018000186A,,No,,No,2025-10-06T18:04:52.000+0000,9855 RAY WHITE RD FORT WORTH TX
a02WR00000FcPGbYAN,2300 W CONTINENTAL BLVD SOUTHLAKE TX 76092,TX0606-010000032A,,No,,No,2025-10-06T18:04:52.000+0000,2300 W CONTINENTAL BLVD SOUTHLAKE TX
a02WR00000FcPN2YAN,2405 TEXAN DR HASLET TX 76052,TX0602-022000086A,,No,,No,2025-10-06T18:04:52.000+0000,2405 TEXAN DR HASLET TX
a02WR00000FcPPRYA3,2501 TEXAN CT HASLET TX 76052,TX0602-022000067A,,No,,No,2025-10-06T18:04:52.000+0000,2501 TEXAN CT HASLET TX
a02WR00000FcPPsYAN,2509 TEXAN DR HASLET TX 76052,TX0602-022000055A,,No,,No,2025-10-06T18:04:52.000+0000,2509 TEXAN DR HASLET TX
a02WR00000FcPQJYA3,2513 TEXAN DR HASLET TX 76052,TX0602-022000082A,,No,,No,2025-10-06T18:04:52.000+0000,2513 TEXAN DR HASLET TX
a02WR00000FcPQRYA3,2517 TEXAN DR HASLET TX 76052,TX0602-022000043A,,No,,No,2025-10-06T18:04:52.000+0000,2517 TEXAN DR HASLET TX
a02WR00000FcPUGYA3,2650 KELLER HICKS RD FORT WORTH TX 76244,TX0605-018000200A,,No,,No,2025-10-06T18:04:52.000+0000,2650 KELLER HICKS RD FORT WORTH TX
a02WR00000FcPWCYA3,2690 KELLER HICKS RD FORT WORTH TX 76244,TX0605-018000203A,,No,,No,2025-10-06T18:04:52.000+0000,2690 KELLER HICKS RD FORT WORTH TX
a02WR00000FcPWVYA3,2700 KELLER HICKS RD FORT WORTH TX 76244,TX0605-018000206A,,No,,No,2025-10-06T18:04:52.000+0000,2700 KELLER HICKS RD FORT WORTH TX
a02WR00000FcPX5YAN,2710 KELLER HICKS RD FORT WORTH TX 76244,TX0605-018000211A,,No,,No,2025-10-06T18:04:52.000+0000,2710 KELLER HICKS RD FORT WORTH TX
a02WR00000FcPXMYA3,2720 KELLER HICKS RD FORT WORTH TX 76244,TX0605-018000212A,,No,,No,2025-10-06T18:04:52.000+0000,2720 KELLER HICKS RD FORT WORTH TX
a02WR00000FcPXlYAN,2730 KELLER HICKS RD FORT WORTH TX 76244,TX0605-018000202A,,No,,No,2025-10-06T18:04:52.000+0000,2730 KELLER HICKS RD FORT WORTH TX
a02WR00000FcPYPYA3,2770 KELLER HICKS RD FORT WORTH TX 76244,TX0605-018000213A,,No,,No,2025-10-06T18:04:52.000+0000,2770 KELLER HICKS RD FORT WORTH TX
a02WR00000FcPYhYAN,2800 KELLER HICKS RD FORT WORTH TX 76244,TX0605-018000209A,,No,,No,2025-10-06T18:04:52.000+0000,2800 KELLER HICKS RD FORT WORTH TX
a02WR00000FcPZmYAN,2810 KELLER HICKS RD FORT WORTH TX 76244,TX0605-018000208A,,No,,No,2025-10-06T18:04:52.000+0000,2810 KELLER HICKS RD FORT WORTH TX
a02WR00000FcPaZYAV,2820 KELLER HICKS RD FORT WORTH TX 76244,TX0605-018000201A,,No,,No,2025-10-06T18:04:52.000+0000,2820 KELLER HICKS RD FORT WORTH TX
a02WR00000FcPamYAF,2830 KELLER HICKS RD FORT WORTH TX 76244,TX0606-018000048A,,No,,No,2025-10-06T18:04:52.000+0000,2830 KELLER HICKS RD FORT WORTH TX
a02WR00000FcParYAF,2840 KELLER HICKS RD FORT WORTH TX 76244,TX0606-018000047A,,No,,No,2025-10-06T18:04:52.000+0000,2840 KELLER HICKS RD FORT WORTH TX
a02WR00000FcPe2YAF,2990 KELLER HICKS RD FORT WORTH TX 76244,TX0606-027000543A,,No,,No,2025-10-06T18:04:52.000+0000,2990 KELLER HICKS RD FORT WORTH TX
a02WR00000FcPf1YAF,3000 KELLER HICKS RD FORT WORTH TX 76244,TX0606-027000544A,,No,,No,2025-10-06T18:04:52.000+0000,3000 KELLER HICKS RD FORT WORTH TX
a02WR00000FcPfBYAV,3001 HIDDEN VALLEY DR FORT WORTH TX 76244,TX0605-006000255A,,No,,No,2025-10-06T18:04:52.000+0000,3001 HIDDEN VALLEY DR FORT WORTH TX
a02WR00000FcPfwYAF,301 N ASH AVE AZLE TX 76020,TX0601-010000141A,,No,,No,2025-10-06T18:04:52.000+0000,301 N ASH AVE AZLE TX
a02WR00000FcPgYYAV,301 WISHBONE LN FORT WORTH TX 76052,TX0602-025000018A,,No,,No,2025-10-06T18:04:52.000+0000,301 WISHBONE LN FORT WORTH TX
a02WR00000FcPhbYAF,302 W 4TH ST JUSTIN TX 76247,TX0602-021000219A,,No,,No,2025-10-06T18:04:52.000+0000,302 W 4TH ST JUSTIN TX
a02WR00000FcPiCYAV,303 BLUE MOUND RD E HASLET TX 76052,TX0605-018000197A,,No,,No,2025-10-06T18:04:52.000+0000,303 BLUE MOUND E RD HASLET TX
a02WR00000FcPjHYAV,305 BLUE MOUND RD E HASLET TX 76052,TX0605-018000198A,,No,,No,2025-10-06T18:04:52.000+0000,305 BLUE MOUND E RD HASLET TX
a02WR00000FcPjPYAV,305 E TAYLOR ST KELLER TX 76248,TX0606-014000218A,,No,,No,2025-10-06T18:04:52.000+0000,305 E TAYLOR ST KELLER TX
a02WR00000FcPjqYAF,305 WISHBONE LN FORT WORTH TX 76052,TX0602-025000033A,,No,,No,2025-10-06T18:04:52.000+0000,305 WISHBONE LN FORT WORTH TX
a02WR00000FcPkaYAF,306 KELLER HASLET RD N HASLET TX 76052,TX0602-025000017A,,No,,No,2025-10-06T18:04:52.000+0000,306 KELLER HASLET N RD HASLET TX
a02WR00000FcPkjYAF,306 W 4TH ST JUSTIN TX 76247,TX0602-021000171A,,No,,No,2025-10-06T18:04:52.000+0000,306 W 4TH ST JUSTIN TX
a02WR00000FcPkoYAF,3061 KELLER HICKS RUN FORT WORTH TX 76244,TX0605-016000422A,,No,,No,2025-10-06T18:04:52.000+0000,3061 KELLER HICKS RUN FORT WORTH TX
a02WR00000FcPlgYAF,309 E TAYLOR ST KELLER TX 76248,TX0606-014000219A,,No,,No,2025-10-06T18:04:52.000+0000,309 E TAYLOR ST KELLER TX
a02WR00000FcPlnYAF,309 N ASH ST AZLE TX 76020,TX0601-010000040A,,No,,No,2025-10-06T18:04:52.000+0000,309 N ASH ST AZLE TX
a02WR00000FcPlyYAF,309 WISHBONE LN FORT WORTH TX 76052,TX0602-025000034A,,No,,No,2025-10-06T18:04:52.000+0000,309 WISHBONE LN FORT WORTH TX
a02WR00000FcPoaYAF,3120 CREEK RD KELLER TX 76248,TX0606-010000058A,,No,,No,2025-10-06T18:04:52.000+0000,3120 CREEK RD KELLER TX
a02WR00000FcPp3YAF,313 WISHBONE LN FORT WORTH TX 76052,TX0602-025000035A,,No,,No,2025-10-06T18:04:52.000+0000,313 WISHBONE LN FORT WORTH TX
a02WR00000FcPpCYAV,3135 WESTPORT RD FORT WORTH TX 76262,TX0605-006000254A,,No,,No,2025-10-06T18:04:52.000+0000,3135 WESTPORT RD FORT WORTH TX
a02WR00000FcPqFYAV,317 WISHBONE LN FORT WORTH TX 76052,TX0602-025000036A,,No,,No,2025-10-06T18:04:52.000+0000,317 WISHBONE LN FORT WORTH TX
a02WR00000FcPqjYAF,320 BREEZY LN AZLE TX 76020,TX0601-010000060A,,No,,No,2025-10-06T18:04:52.000+0000,320 BREEZY LN AZLE TX
a02WR00000FcPs6YAF,321 MOUNT GILEAD RD KELLER TX 76248,TX0603-001000031A,,No,,No,2025-10-06T18:04:52.000+0000,321 MOUNT GILEAD RD KELLER TX
a02WR00000FcPs7YAF,321 N ASH AVE AZLE TX 76020,TX0601-010000047A,,No,,No,2025-10-06T18:04:52.000+0000,321 N ASH AVE AZLE TX
a02WR00000FcPt7YAF,325 BREEZY LN AZLE TX 76020,TX0601-010000140A,,No,,No,2025-10-06T18:04:52.000+0000,325 BREEZY LN AZLE TX
a02WR00000FcPtEYAV,325 N ASH AVE AZLE TX 76020,TX0601-010000091A,,No,,No,2025-10-06T18:04:52.000+0000,325 N ASH AVE AZLE TX
a02WR00000FcPtsYAF,329 N ASH AVE AZLE TX 76020,TX0601-010000059A,,No,,No,2025-10-06T18:04:52.000+0000,329 N ASH AVE AZLE TX
a02WR00000FcPttYAF,329 WISHBONE LN FORT WORTH TX 76052,TX0602-025000024A,,No,,No,2025-10-06T18:04:52.000+0000,329 WISHBONE LN FORT WORTH TX
a02WR00000FcPvyYAF,332 WISHBONE LN FORT WORTH TX 76052,TX0602-025000043A,,No,,No,2025-10-06T18:04:52.000+0000,332 WISHBONE LN FORT WORTH TX
a02WR00000FcPw9YAF,333 N ASH AVE AZLE TX 76020,TX0601-010000131A,,No,,No,2025-10-06T18:04:52.000+0000,333 N ASH AVE AZLE TX
a02WR00000FcPzmYAF,337 N ASH AVE AZLE TX 76020,TX0601-010000114A,,No,,No,2025-10-06T18:04:52.000+0000,337 N ASH AVE AZLE TX
a02WR00000FcPzxYAF,337 WISHBONE LN FORT WORTH TX 76052,TX0602-025000037A,,No,,No,2025-10-06T18:04:52.000+0000,337 WISHBONE LN FORT WORTH TX
a02WR00000FcQ0AYAV,340 WISHBONE LN FORT WORTH TX 76052,TX0602-025000042A,,No,,No,2025-10-06T18:04:52.000+0000,340 WISHBONE LN FORT WORTH TX
a02WR00000FcQ0zYAF,341 N ASH AVE AZLE TX 76020,TX0601-010000012A,,No,,No,2025-10-06T18:04:52.000+0000,341 N ASH AVE AZLE TX
a02WR00000FcQ2FYAV,345 WISHBONE LN FORT WORTH TX 76052,TX0602-025000038A,,No,,No,2025-10-06T18:04:52.000+0000,345 WISHBONE LN FORT WORTH TX
a02WR00000FcQ2VYAV,348 WISHBONE LN FORT WORTH TX 76052,TX0602-025000025A,,No,,No,2025-10-06T18:04:52.000+0000,348 WISHBONE LN FORT WORTH TX
a02WR00000FcQ2bYAF,349 WISHBONE LN FORT WORTH TX 76052,TX0602-025000020A,,No,,No,2025-10-06T18:04:52.000+0000,349 WISHBONE LN FORT WORTH TX
a02WR00000FcQ3tYAF,352 WISHBONE LN FORT WORTH TX 76052,TX0602-025000026A,,No,,No,2025-10-06T18:04:52.000+0000,352 WISHBONE LN FORT WORTH TX
a02WR00000FcQ4IYAV,353 WISHBONE LN FORT WORTH TX 76052,TX0602-025000019A,,No,,No,2025-10-06T18:04:52.000+0000,353 WISHBONE LN FORT WORTH TX
a02WR00000FcQ5MYAV,3601 KELLER HICKS RD FORT WORTH TX 76244,TX0605-015000042A,,No,,No,2025-10-06T18:04:52.000+0000,3601 KELLER HICKS RD FORT WORTH TX
a02WR00000FcQ62YAF,3630 SHIVER RD FORT WORTH TX 76244,TX0607-024000251A,,No,,No,2025-10-06T18:04:52.000+0000,3630 SHIVER RD FORT WORTH TX
a02WR00000FcQ6kYAF,3665 KELLER HICKS RD FORT WORTH TX 76244,TX0605-015000040A,,No,,No,2025-10-06T18:04:52.000+0000,3665 KELLER HICKS RD FORT WORTH TX
a02WR00000FcQ6vYAF,3701 CONFIDENCE DR FORT WORTH TX 76244,TX0605-013000426A,,No,,No,2025-10-06T18:04:52.000+0000,3701 CONFIDENCE DR FORT WORTH TX
a02WR00000FcQ6yYAF,3701 LONGSTRAW DR FORT WORTH TX 76137,TX0604-009000021A,,No,,No,2025-10-06T18:04:52.000+0000,3701 LONGSTRAW DR FORT WORTH TX
a02WR00000FcQ79YAF,3705 LONGSTRAW DR FORT WORTH TX 76137,TX0604-009000053A,,No,,No,2025-10-06T18:04:52.000+0000,3705 LONGSTRAW DR FORT WORTH TX
a02WR00000FcQ7CYAV,3709 LONGSTRAW DR FORT WORTH TX 76137,TX0604-009000054A,,No,,No,2025-10-06T18:04:52.000+0000,3709 LONGSTRAW DR FORT WORTH TX
a02WR00000FcQ7SYAV,3713 LONGSTRAW DR FORT WORTH TX 76137,TX0604-009000055A,,No,,No,2025-10-06T18:04:52.000+0000,3713 LONGSTRAW DR FORT WORTH TX
a02WR00000FcQ7bYAF,3717 LONGSTRAW DR FORT WORTH TX 76137,TX0604-009000056A,,No,,No,2025-10-06T18:04:52.000+0000,3717 LONGSTRAW DR FORT WORTH TX
a02WR00000FcQ7hYAF,3721 LONGSTRAW DR FORT WORTH TX 76137,TX0604-009000038A,,No,,No,2025-10-06T18:04:52.000+0000,3721 LONGSTRAW DR FORT WORTH TX
a02WR00000FcQ7qYAF,3725 LONGSTRAW DR FORT WORTH TX 76137,TX0604-009000057A,,No,,No,2025-10-06T18:04:52.000+0000,3725 LONGSTRAW DR FORT WORTH TX
a02WR00000FcQ7tYAF,3729 LONGSTRAW DR FORT WORTH TX 76137,TX0604-009000058A,,No,,No,2025-10-06T18:04:52.000+0000,3729 LONGSTRAW DR FORT WORTH TX
a02WR00000FcQ7uYAF,3730 HASLET ROANOKE RD GATE FORT WORTH TX 76262,TX0603-009000411A,GATE,Yes,2024-10-02,No,2025-10-06T18:04:52.000+0000,3730 HASLET ROANOKE RD FORT WORTH TX
a02WR00000FcQ7xYAF,3733 LONGSTRAW DR FORT WORTH TX 76137,TX0604-009000059A,,No,,No,2025-10-06T18:04:52.000+0000,3733 LONGSTRAW DR FORT WORTH TX
a02WR00000FcQ80YAF,3737 LONGSTRAW DR FORT WORTH TX 76137,TX0604-009000008A,,No,,No,2025-10-06T18:04:52.000+0000,3737 LONGSTRAW DR FORT WORTH TX
a02WR00000FcQ8HYAV,3741 LONGSTRAW DR FORT WORTH TX 76137,TX0604-009000060A,,No,,No,2025-10-06T18:04:52.000+0000,3741 LONGSTRAW DR FORT WORTH TX
a02WR00000FcQATYA3,382 S ASH AVE AZLE TX 76020,TX0601-011000013A,,No,,No,2025-10-06T18:04:52.000+0000,382 S ASH AVE AZLE TX
a02WR00000FcQAmYAN,3821 LONGSTRAW DR FORT WORTH TX 76137,TX0604-009000029A,,No,,No,2025-10-06T18:04:52.000+0000,3821 LONGSTRAW DR FORT WORTH TX
a02WR00000FcQApYAN,3825 LONGSTRAW DR FORT WORTH TX 76137,TX0604-009000016A,,No,,No,2025-10-06T18:04:52.000+0000,3825 LONGSTRAW DR FORT WORTH TX
a02WR00000FcQAqYAN,3829 LONGSTRAW DR FORT WORTH TX 76137,TX0604-009000052A,,No,,No,2025-10-06T18:04:52.000+0000,3829 LONGSTRAW DR FORT WORTH TX
a02WR00000FcQAxYAN,386 S ASH AVE AZLE TX 76020,TX0601-011000012A,,No,,No,2025-10-06T18:04:52.000+0000,386 S ASH AVE AZLE TX
a02WR00000FcQBHYA3,3901 LONGSTRAW DR FORT WORTH TX 76137,TX0604-009000046A,,No,,No,2025-10-06T18:04:52.000+0000,3901 LONGSTRAW DR FORT WORTH TX
a02WR00000FcQBXYA3,3905 LONGSTRAW DR FORT WORTH TX 76137,TX0604-009000047A,,No,,No,2025-10-06T18:04:52.000+0000,3905 LONGSTRAW DR FORT WORTH TX
a02WR00000FcQBaYAN,3909 LONGSTRAW DR FORT WORTH TX 76137,TX0604-009000048A,,No,,No,2025-10-06T18:04:52.000+0000,3909 LONGSTRAW DR FORT WORTH TX
a02WR00000FcQBeYAN,3913 LONGSTRAW DR FORT WORTH TX 76137,TX0604-009000037A,,No,,No,2025-10-06T18:04:52.000+0000,3913 LONGSTRAW DR FORT WORTH TX
a02WR00000FcQBsYAN,392 S ASH AVE AZLE TX 76020,TX0601-011000005A,,No,,No,2025-10-06T18:04:52.000+0000,392 S ASH AVE AZLE TX
a02WR00000JsDQ8YAN,1248 FM 407 UNIT 500 ARGYLE TX 76226,TX0603-021002279A,UNIT 500,No,,No,2025-12-08T16:00:14.000+0000,1248 FM 407 ARGYLE TX
a02WR00000LaLyvYAF,5314 CORBY ST UNIT 1 OMAHA NE 68104,NE0112-003080024A,UNIT 1,No,,No,2025-12-08T16:00:14.000+0000,5314 5314 CORBY ST ST OMAHA NE
a02WR00000MEi2wYAD,1000 MALLARD LN OFFICE TAYLOR TX 76574,TX1802-012290148A,OFFICE,Yes,2025-03-12,No,2025-10-06T16:55:15.000+0000,1000 MALLARD LN TAYLOR TX
a02WR00000MEi2yYAD,105 ODBODY CT JARRELL TX 76537,TX1202-021000081A,,Yes,2025-07-07,No,2025-10-06T16:55:15.000+0000,105 ODBODY CT JARRELL TX
a02WR00000MEi2zYAD,106 ALAMITO RD RHOME TX 76078,TX0602-004000547A,,Yes,2023-06-22,No,2025-10-06T16:55:15.000+0000,106 ALAMITO RD RHOME TX
a02WR00000MEi30YAD,107 E STACIE RD HARKER HEIGHTS TX 76548,TX1001-008000051A,,No,2024-08-01,Yes,2025-10-06T16:55:15.000+0000,107 E STACIE RD HARKER HEIGHTS TX
a02WR00000MEi31YAD,107 SISAL LN RHOME TX 76078,TX0602-004000590A,,Yes,2025-02-19,No,2025-10-06T16:55:15.000+0000,107 SISAL LN RHOME TX
a02WR00000MEi32YAD,1101 BEAR CREEK PKWY UNIT 3101 KELLER TX 76248,TX0606-FB03010392A,UNIT 3101,Yes,2021-01-01,No,2025-10-06T16:55:15.000+0000,1101 BEAR CREEK PKWY KELLER TX
a02WR00000MEi33YAD,1101 BEAR CREEK PKWY UNIT 3123 KELLER TX 76248,TX0606-FB03020393A,UNIT 3123,No,2022-10-19,Yes,2025-10-06T16:55:15.000+0000,1101 BEAR CREEK PKWY KELLER TX
a02WR00000MEi34YAD,1101 S SYCAMORE OFFICE MESA AZ 85202,AZ0103-FB25620062A,OFFICE,Yes,2025-02-26,No,2025-10-06T16:55:15.000+0000,1101 S SYCAMORE MESA AZ
a02WR00000MEi35YAD,112 BEL GRAND RD HASLET TX 76052,TX0602-034000161A,,Yes,2024-09-27,No,2025-10-06T16:55:15.000+0000,112 BEL GRAND RD HASLET TX
a02WR00000MEi36YAD,113 SLOWBES WAY JARRELL TX 76537,TX1201-004000093A,,Yes,2023-09-15,No,2025-10-06T16:55:15.000+0000,113 SLOWBES WAY JARRELL TX
a02WR00000MEi37YAD,1205 COUNTY ROAD 315 JARRELL TX 76537,TX1202-004000005A,,Yes,2025-01-22,No,2025-10-06T16:55:15.000+0000,1205 COUNTY ROAD 315 JARRELL TX
a02WR00000MEi38YAD,121 SHOREVIEW DR RHOME TX 76078,TX0602-004000423A,,Yes,2023-06-21,No,2025-10-06T16:55:15.000+0000,121 SHOREVIEW DR RHOME TX
a02WR00000MEi39YAD,12412 STEEL WOOD LN RHOME TX 76078,TX0602-017000209A,,Yes,2024-06-26,No,2025-10-06T16:55:15.000+0000,12412 STEEL WOOD LN RHOME TX
a02WR00000MEi3AYAT,131 QUEST CT KELLER TX 76248,TX0606-012000001A,,Yes,2024-09-30,No,2025-10-06T16:55:15.000+0000,131 QUEST CT KELLER TX
a02WR00000MEi3BYAT,131 SHOREVIEW DR RHOME TX 76078,TX0602-004000312A,,No,2024-11-08,Yes,2025-10-06T16:55:15.000+0000,131 SHOREVIEW DR RHOME TX
a02WR00000MEi3CYAT,1310 W FM 487 UNIT A JARRELL TX 76537,TX1201-004000191A,UNIT A,Yes,2024-03-12,No,2025-10-06T16:55:15.000+0000,1310 W FM 487 JARRELL TX
a02WR00000MEi3DYAT,1331 W BASELINE RD UNIT OFFICE MESA AZ 85202,AZ0101-FB05160116A,UNIT OFFICE,Yes,2024-06-05,No,2025-10-06T16:55:15.000+0000,1331 W BASELINE RD MESA AZ
a02WR00000MEi3EYAT,13401 ANNIE OAKLEY CIR UNIT 725 ROANOKE TX 76262,TX0605-FB02210121A,UNIT 725,Yes,2022-04-11,No,2025-10-06T16:55:15.000+0000,13401 ANNIE OAKLEY CIR ROANOKE TX
a02WR00000MEi3FYAT,13450 ALTA VISTA RD LEASING OFFICE ROANOKE TX 76262,TX0605-FB02010240A,LEASING OFFICE,No,2021-01-01,Yes,2025-10-06T16:55:15.000+0000,13450 ALTA VISTA RD ROANOKE TX
a02WR00000MEi3GYAT,13524 ALTA VISTA RD ROANOKE TX 76262,TX0605-FB01010340A,,Yes,2025-06-05,No,2025-10-06T16:55:15.000+0000,13524 ALTA VISTA RD ROANOKE TX
a02WR00000MEi3HYAT,136 SPRINGHILL RD N BOYD TX 76023,TX0602-001000006A,,No,2023-04-12,Yes,2025-10-06T16:55:15.000+0000,136 SPRINGHILL RD N BOYD TX
a02WR00000MEi3RYAT,1500 COUNTY ROAD 313 JARRELL TX 76537,TX1202-010000023A,,Yes,2024-05-03,No,2025-10-06T16:55:15.000+0000,1500 COUNTY ROAD 313 JARRELL TX
a02WR00000MEi3SYAT,151 QUEST CT KELLER TX 76248,TX0606-012000002A,,No,2024-09-09,Yes,2025-10-06T16:55:15.000+0000,151 QUEST CT KELLER TX
a02WR00000MEi3VYAT,1661 COUNTY ROAD 313 LEASING OFFICE JARRELL TX 76537,TX0602-011250025A,LEASING OFFICE,No,2024-11-19,Yes,2025-10-06T16:55:15.000+0000,1661 COUNTY ROAD 313 JARRELL TX
a02WR00000MEi3WYAT,1661 COUNTY ROAD 313 UNIT 1201 JARRELL TX 76537,TX0602-011360036A,UNIT 1201,Yes,2024-01-19,No,2025-10-06T16:55:15.000+0000,1661 COUNTY ROAD 313 JARRELL TX
a02WR00000MEi3XYAT,1661 COUNTY ROAD 313 UNIT 1202 JARRELL TX 76537,TX0602-011370037A,UNIT 1202,Yes,2024-08-19,No,2025-10-06T16:55:15.000+0000,1661 COUNTY ROAD 313 JARRELL TX
a02WR00000MEi3YYAT,1661 COUNTY ROAD 313 UNIT 1203 JARRELL TX 76537,TX0602-011380038A,UNIT 1203,No,2023-12-12,Yes,2025-10-06T16:55:15.000+0000,1661 COUNTY ROAD 313 JARRELL TX
a02WR00000MEi3ZYAT,1661 COUNTY ROAD 313 UNIT 1204 JARRELL TX 76537,TX0602-011390039A,UNIT 1204,No,2023-12-12,Yes,2025-10-06T16:55:15.000+0000,1661 COUNTY ROAD 313 JARRELL TX
a02WR00000MEi3aYAD,1661 COUNTY ROAD 313 UNIT 1205 JARRELL TX 76537,TX0602-011400040A,UNIT 1205,Yes,2024-07-10,No,2025-10-06T16:55:15.000+0000,1661 COUNTY ROAD 313 JARRELL TX
a02WR00000MEi3bYAD,1661 COUNTY ROAD 313 UNIT 1206 JARRELL TX 76537,TX0602-011410041A,UNIT 1206,Yes,2025-02-01,No,2025-10-06T16:55:15.000+0000,1661 COUNTY ROAD 313 JARRELL TX
a02WR00000MEi3cYAD,1661 COUNTY ROAD 313 UNIT 1207 JARRELL TX 76537,TX0602-011340034A,UNIT 1207,Yes,2024-01-19,No,2025-10-06T16:55:15.000+0000,1661 COUNTY ROAD 313 JARRELL TX
a02WR00000MEi3dYAD,1661 COUNTY ROAD 313 UNIT 1208 JARRELL TX 76537,TX0602-011350035A,UNIT 1208,No,2023-12-12,Yes,2025-10-06T16:55:15.000+0000,1661 COUNTY ROAD 313 JARRELL TX
a02WR00000MEi3eYAD,1661 COUNTY ROAD 313 UNIT 1301 JARRELL TX 76537,TX0602-011580058A,UNIT 1301,No,2023-12-12,Yes,2025-10-06T16:55:15.000+0000,1661 COUNTY ROAD 313 JARRELL TX
a02WR00000MEi3fYAD,1661 COUNTY ROAD 313 UNIT 1302 JARRELL TX 76537,TX0602-011620062A,UNIT 1302,Yes,2024-11-29,No,2025-10-06T16:55:15.000+0000,1661 COUNTY ROAD 313 JARRELL TX
a02WR00000MEi3gYAD,1661 COUNTY ROAD 313 UNIT 1303 JARRELL TX 76537,TX0602-011630063A,UNIT 1303,No,2025-03-10,Yes,2025-10-06T16:55:15.000+0000,1661 COUNTY ROAD 313 JARRELL TX
a02WR00000MEi3hYAD,1661 COUNTY ROAD 313 UNIT 1304 JARRELL TX 76537,TX0602-011640064A,UNIT 1304,No,2023-12-12,Yes,2025-10-06T16:55:15.000+0000,1661 COUNTY ROAD 313 JARRELL TX
a02WR00000MEi3iYAD,1661 COUNTY ROAD 313 UNIT 1305 JARRELL TX 76537,TX0602-011650065A,UNIT 1305,No,2024-01-24,Yes,2025-10-06T16:55:15.000+0000,1661 COUNTY ROAD 313 JARRELL TX
a02WR00000MEi3jYAD,1661 COUNTY ROAD 313 UNIT 1306 JARRELL TX 76537,TX0602-011590059A,UNIT 1306,No,2023-12-12,Yes,2025-10-06T16:55:15.000+0000,1661 COUNTY ROAD 313 JARRELL TX
a02WR00000MEi3kYAD,1661 COUNTY ROAD 313 UNIT 1307 JARRELL TX 76537,TX0602-011600060A,UNIT 1307,No,2023-12-12,Yes,2025-10-06T16:55:15.000+0000,1661 COUNTY ROAD 313 JARRELL TX
a02WR00000MEi3lYAD,1661 COUNTY ROAD 313 UNIT 1308 JARRELL TX 76537,TX0602-011610061A,UNIT 1308,Yes,2025-03-03,No,2025-10-06T16:55:15.000+0000,1661 COUNTY ROAD 313 JARRELL TX
a02WR00000MEi3mYAD,1661 COUNTY ROAD 313 UNIT 1401 JARRELL TX 76537,TX0602-011240124A,UNIT 1401,Yes,2024-06-06,No,2025-10-06T16:55:15.000+0000,1661 COUNTY ROAD 313 JARRELL TX
a02WR00000MEi3nYAD,1661 COUNTY ROAD 313 UNIT 1402 JARRELL TX 76537,TX0602-011160116A,UNIT 1402,Yes,2024-09-16,No,2025-10-06T16:55:15.000+0000,1661 COUNTY ROAD 313 JARRELL TX
a02WR00000MEi3oYAD,1661 COUNTY ROAD 313 UNIT 1403 JARRELL TX 76537,TX0602-011170117A,UNIT 1403,Yes,2024-09-04,No,2025-10-06T16:55:15.000+0000,1661 COUNTY ROAD 313 JARRELL TX
a02WR00000MEi3pYAD,1661 COUNTY ROAD 313 UNIT 1404 JARRELL TX 76537,TX0602-011180118A,UNIT 1404,No,2023-12-12,Yes,2025-10-06T16:55:15.000+0000,1661 COUNTY ROAD 313 JARRELL TX
a02WR00000MEi3qYAD,1661 COUNTY ROAD 313 UNIT 1405 JARRELL TX 76537,TX0602-011190119A,UNIT 1405,Yes,2025-08-06,No,2025-10-06T16:55:15.000+0000,1661 COUNTY ROAD 313 JARRELL TX
a02WR00000MEi3rYAD,1661 COUNTY ROAD 313 UNIT 1406 JARRELL TX 76537,TX0602-011200120A,UNIT 1406,Yes,2024-08-17,No,2025-10-06T16:55:15.000+0000,1661 COUNTY ROAD 313 JARRELL TX
a02WR00000MEi3sYAD,1661 COUNTY ROAD 313 UNIT 1407 JARRELL TX 76537,TX0602-011250125A,UNIT 1407,Yes,2024-01-03,No,2025-10-06T16:55:15.000+0000,1661 COUNTY ROAD 313 JARRELL TX
a02WR00000MEi3tYAD,1661 COUNTY ROAD 313 UNIT 1408 JARRELL TX 76537,TX0602-011140114A,UNIT 1408,Yes,2024-01-27,No,2025-10-06T16:55:15.000+0000,1661 COUNTY ROAD 313 JARRELL TX
a02WR00000MEi3uYAD,1661 COUNTY ROAD 313 UNIT 1409 JARRELL TX 76537,TX0602-011210121A,UNIT 1409,Yes,2024-08-08,No,2025-10-06T16:55:15.000+0000,1661 COUNTY ROAD 313 JARRELL TX
a02WR00000MEi3vYAD,1661 COUNTY ROAD 313 UNIT 1410 JARRELL TX 76537,TX0602-011220122A,UNIT 1410,No,2024-11-12,Yes,2025-10-06T16:55:15.000+0000,1661 COUNTY ROAD 313 JARRELL TX
a02WR00000MEi3wYAD,1661 COUNTY ROAD 313 UNIT 1411 JARRELL TX 76537,TX0602-011230123A,UNIT 1411,No,2023-12-12,Yes,2025-10-06T16:55:15.000+0000,1661 COUNTY ROAD 313 JARRELL TX
a02WR00000MEi3xYAD,1661 COUNTY ROAD 313 UNIT 1412 JARRELL TX 76537,TX0602-011150115A,UNIT 1412,No,2025-05-11,Yes,2025-10-06T16:55:15.000+0000,1661 COUNTY ROAD 313 JARRELL TX
a02WR00000MEi3yYAD,1661 COUNTY ROAD 313 UNIT 1413 JARRELL TX 76537,TX0602-011260126A,UNIT 1413,No,2023-12-12,Yes,2025-10-06T16:55:15.000+0000,1661 COUNTY ROAD 313 JARRELL TX
a02WR00000MEi3zYAD,1661 COUNTY ROAD 313 UNIT 1414 JARRELL TX 76537,TX0602-011270127A,UNIT 1414,No,2023-12-12,Yes,2025-10-06T16:55:15.000+0000,1661 COUNTY ROAD 313 JARRELL TX
a02WR00000MEi40YAD,1661 COUNTY ROAD 313 UNIT 1415 JARRELL TX 76537,TX0602-011280128A,UNIT 1415,No,2023-12-12,Yes,2025-10-06T16:55:15.000+0000,1661 COUNTY ROAD 313 JARRELL TX
a02WR00000MEi41YAD,1661 COUNTY ROAD 313 UNIT 1416 JARRELL TX 76537,TX0602-011290129A,UNIT 1416,Yes,2024-06-14,No,2025-10-06T16:55:15.000+0000,1661 COUNTY ROAD 313 JARRELL TX
a02WR00000MEi42YAD,1661 COUNTY ROAD 313 UNIT 1501 JARRELL TX 76537,TX0602-011080108A,UNIT 1501,Yes,2024-01-05,No,2025-10-06T16:55:15.000+0000,1661 COUNTY ROAD 313 JARRELL TX
a02WR00000MEi43YAD,1661 COUNTY ROAD 313 UNIT 1502 JARRELL TX 76537,TX0602-011090109A,UNIT 1502,Yes,2025-04-30,No,2025-10-06T16:55:15.000+0000,1661 COUNTY ROAD 313 JARRELL TX
a02WR00000MEi44YAD,1661 COUNTY ROAD 313 UNIT 1503 JARRELL TX 76537,TX0602-011060106A,UNIT 1503,No,2023-12-13,Yes,2025-10-06T16:55:15.000+0000,1661 COUNTY ROAD 313 JARRELL TX
a02WR00000MEi45YAD,1661 COUNTY ROAD 313 UNIT 1504 JARRELL TX 76537,TX0602-011100110A,UNIT 1504,No,2023-12-13,Yes,2025-10-06T16:55:15.000+0000,1661 COUNTY ROAD 313 JARRELL TX
a02WR00000MEi46YAD,1661 COUNTY ROAD 313 UNIT 1505 JARRELL TX 76537,TX0602-011110111A,UNIT 1505,No,2023-12-13,Yes,2025-10-06T16:55:15.000+0000,1661 COUNTY ROAD 313 JARRELL TX
a02WR00000MEi47YAD,1661 COUNTY ROAD 313 UNIT 1506 JARRELL TX 76537,TX0602-011120112A,UNIT 1506,No,2024-02-01,Yes,2025-10-06T16:55:15.000+0000,1661 COUNTY ROAD 313 JARRELL TX
a02WR00000MEi48YAD,1661 COUNTY ROAD 313 UNIT 1507 JARRELL TX 76537,TX0602-011980098A,UNIT 1507,No,2024-01-24,Yes,2025-10-06T16:55:15.000+0000,1661 COUNTY ROAD 313 JARRELL TX
a02WR00000MEi49YAD,1661 COUNTY ROAD 313 UNIT 1508 JARRELL TX 76537,TX0602-011990099A,UNIT 1508,No,2023-12-13,Yes,2025-10-06T16:55:15.000+0000,1661 COUNTY ROAD 313 JARRELL TX
a02WR00000MEi4AYAT,1661 COUNTY ROAD 313 UNIT 1509 JARRELL TX 76537,TX1202-011010278A,UNIT 1509,No,2024-08-23,Yes,2025-10-06T16:55:15.000+0000,1661 COUNTY ROAD 313 JARRELL TX
a02WR00000MEi4BYAT,1661 COUNTY ROAD 313 UNIT 1510 JARRELL TX 76537,TX0602-011070107A,UNIT 1510,No,2023-12-13,Yes,2025-10-06T16:55:15.000+0000,1661 COUNTY ROAD 313 JARRELL TX
a02WR00000MEi4CYAT,1661 COUNTY ROAD 313 UNIT 1511 JARRELL TX 76537,TX0602-011010101A,UNIT 1511,No,2024-09-09,Yes,2025-10-06T16:55:15.000+0000,1661 COUNTY ROAD 313 JARRELL TX
a02WR00000MEi4DYAT,1661 COUNTY ROAD 313 UNIT 1512 JARRELL TX 76537,TX0602-011020102A,UNIT 1512,No,2023-12-13,Yes,2025-10-06T16:55:15.000+0000,1661 COUNTY ROAD 313 JARRELL TX
a02WR00000MEi4EYAT,1661 COUNTY ROAD 313 UNIT 1513 JARRELL TX 76537,TX0602-011030103A,UNIT 1513,No,2024-03-12,Yes,2025-10-06T16:55:15.000+0000,1661 COUNTY ROAD 313 JARRELL TX
a02WR00000MEi4FYAT,1661 COUNTY ROAD 313 UNIT 1514 JARRELL TX 76537,TX0602-011130113A,UNIT 1514,No,2023-12-13,Yes,2025-10-06T16:55:15.000+0000,1661 COUNTY ROAD 313 JARRELL TX
a02WR00000MEi4GYAT,1661 COUNTY ROAD 313 UNIT 1515 JARRELL TX 76537,TX0602-011040104A,UNIT 1515,No,2023-12-13,Yes,2025-10-06T16:55:15.000+0000,1661 COUNTY ROAD 313 JARRELL TX
a02WR00000MEi4HYAT,1661 COUNTY ROAD 313 UNIT 1516 JARRELL TX 76537,TX0602-011050105A,UNIT 1516,Yes,2024-01-27,No,2025-10-06T16:55:15.000+0000,1661 COUNTY ROAD 313 JARRELL TX
a02WR00000MEi4IYAT,1661 COUNTY ROAD 313 UNIT 1601 JARRELL TX 76537,TX0602-011850085A,UNIT 1601,No,2024-09-09,Yes,2025-10-06T16:55:15.000+0000,1661 COUNTY ROAD 313 JARRELL TX
a02WR00000MEi4JYAT,1661 COUNTY ROAD 313 UNIT 1602 JARRELL TX 76537,TX0602-011860086A,UNIT 1602,Yes,2025-05-01,No,2025-10-06T16:55:15.000+0000,1661 COUNTY ROAD 313 JARRELL TX
a02WR00000MEi4KYAT,1661 COUNTY ROAD 313 UNIT 1603 JARRELL TX 76537,TX0602-011870087A,UNIT 1603,Yes,2024-06-20,No,2025-10-06T16:55:15.000+0000,1661 COUNTY ROAD 313 JARRELL TX
a02WR00000MEi4LYAT,1661 COUNTY ROAD 313 UNIT 1604 JARRELL TX 76537,TX0602-011820082A,UNIT 1604,Yes,2024-10-15,No,2025-10-06T16:55:15.000+0000,1661 COUNTY ROAD 313 JARRELL TX
a02WR00000MEi4MYAT,1661 COUNTY ROAD 313 UNIT 1605 JARRELL TX 76537,TX0602-011880088A,UNIT 1605,No,2024-12-14,Yes,2025-10-06T16:55:15.000+0000,1661 COUNTY ROAD 313 JARRELL TX
a02WR00000MEi4NYAT,1661 COUNTY ROAD 313 UNIT 1606 JARRELL TX 76537,TX0602-011890089A,UNIT 1606,Yes,2024-10-02,No,2025-10-06T16:55:15.000+0000,1661 COUNTY ROAD 313 JARRELL TX
a02WR00000MEi4OYAT,1661 COUNTY ROAD 313 UNIT 1607 JARRELL TX 76537,TX0602-011900090A,UNIT 1607,No,2023-12-13,Yes,2025-10-06T16:55:15.000+0000,1661 COUNTY ROAD 313 JARRELL TX
a02WR00000MEi4PYAT,1661 COUNTY ROAD 313 UNIT 1608 JARRELL TX 76537,TX0602-011910091A,UNIT 1608,No,2025-05-30,Yes,2025-10-06T16:55:15.000+0000,1661 COUNTY ROAD 313 JARRELL TX
a02WR00000MEi4QYAT,1661 COUNTY ROAD 313 UNIT 1609 JARRELL TX 76537,TX0602-011920092A,UNIT 1609,No,2023-12-13,Yes,2025-10-06T16:55:15.000+0000,1661 COUNTY ROAD 313 JARRELL TX
a02WR00000MEi4RYAT,1661 COUNTY ROAD 313 UNIT 1610 JARRELL TX 76537,TX0602-011830083A,UNIT 1610,Yes,2024-03-04,No,2025-10-06T16:55:15.000+0000,1661 COUNTY ROAD 313 JARRELL TX
a02WR00000MEi4SYAT,1661 COUNTY ROAD 313 UNIT 1611 JARRELL TX 76537,TX0602-011840084A,UNIT 1611,No,2023-12-13,Yes,2025-10-06T16:55:15.000+0000,1661 COUNTY ROAD 313 JARRELL TX
a02WR00000MEi4TYAT,1661 COUNTY ROAD 313 UNIT 1612 JARRELL TX 76537,TX0602-011930093A,UNIT 1612,No,2023-12-13,Yes,2025-10-06T16:55:15.000+0000,1661 COUNTY ROAD 313 JARRELL TX
a02WR00000MEi4UYAT,1661 COUNTY ROAD 313 UNIT 1613 JARRELL TX 76537,TX0602-011940094A,UNIT 1613,Yes,2025-04-28,No,2025-10-06T16:55:15.000+0000,1661 COUNTY ROAD 313 JARRELL TX
a02WR00000MEi4VYAT,1661 COUNTY ROAD 313 UNIT 1614 JARRELL TX 76537,TX0602-011950095A,UNIT 1614,No,2024-11-06,Yes,2025-10-06T16:55:15.000+0000,1661 COUNTY ROAD 313 JARRELL TX
a02WR00000MEi4WYAT,1661 COUNTY ROAD 313 UNIT 1615 JARRELL TX 76537,TX0602-011960096A,UNIT 1615,No,2023-12-13,Yes,2025-10-06T16:55:15.000+0000,1661 COUNTY ROAD 313 JARRELL TX
a02WR00000MElvFYAT,1661 COUNTY ROAD 313 UNIT 1616 JARRELL TX 76537,TX0602-011970097A,UNIT 1616,Yes,2025-03-21,No,2025-10-06T16:55:15.000+0000,1661 COUNTY ROAD 313 JARRELL TX
a02WR00000MElvGYAT,1661 COUNTY ROAD 313 UNIT 1701 JARRELL TX 76537,TX0602-011470147A,UNIT 1701,Yes,2024-04-02,No,2025-10-06T16:55:15.000+0000,1661 COUNTY ROAD 313 JARRELL TX
a02WR00000MElvHYAT,1661 COUNTY ROAD 313 UNIT 1702 JARRELL TX 76537,TX0602-011480148A,UNIT 1702,Yes,2024-06-21,No,2025-10-06T16:55:15.000+0000,1661 COUNTY ROAD 313 JARRELL TX
a02WR00000MElvIYAT,1661 COUNTY ROAD 313 UNIT 1703 JARRELL TX 76537,TX0602-011490149A,UNIT 1703,Yes,2024-12-13,No,2025-10-06T16:55:15.000+0000,1661 COUNTY ROAD 313 JARRELL TX
a02WR00000MElvJYAT,1661 COUNTY ROAD 313 UNIT 1704 JARRELL TX 76537,TX0602-011520152A,UNIT 1704,No,2023-12-11,Yes,2025-10-06T16:55:15.000+0000,1661 COUNTY ROAD 313 JARRELL TX
a02WR00000MElvKYAT,1661 COUNTY ROAD 313 UNIT 1705 JARRELL TX 76537,TX0602-011460146A,UNIT 1705,Yes,2025-01-31,No,2025-10-06T16:55:15.000+0000,1661 COUNTY ROAD 313 JARRELL TX
a02WR00000MElvLYAT,1661 COUNTY ROAD 313 UNIT 1706 JARRELL TX 76537,TX0602-011500150A,UNIT 1706,Yes,2024-03-31,No,2025-10-06T16:55:15.000+0000,1661 COUNTY ROAD 313 JARRELL TX
a02WR00000MElvMYAT,1661 COUNTY ROAD 313 UNIT 1707 JARRELL TX 76537,TX0602-011510151A,UNIT 1707,No,2023-12-11,Yes,2025-10-06T16:55:15.000+0000,1661 COUNTY ROAD 313 JARRELL TX
a02WR00000MElvNYAT,1661 COUNTY ROAD 313 UNIT 1708 JARRELL TX 76537,TX0602-011530153A,UNIT 1708,Yes,2024-03-01,No,2025-10-06T16:55:15.000+0000,1661 COUNTY ROAD 313 JARRELL TX
a02WR00000MElvOYAT,1661 COUNTY ROAD 313 UNIT 1801 JARRELL TX 76537,TX0602-011670167A,UNIT 1801,Yes,2024-10-10,No,2025-10-06T16:55:15.000+0000,1661 COUNTY ROAD 313 JARRELL TX
a02WR00000MElvPYAT,1661 COUNTY ROAD 313 UNIT 1802 JARRELL TX 76537,TX0602-011660166A,UNIT 1802,No,2023-12-11,Yes,2025-10-06T16:55:15.000+0000,1661 COUNTY ROAD 313 JARRELL TX
a02WR00000MElvQYAT,1661 COUNTY ROAD 313 UNIT 1803 JARRELL TX 76537,TX0602-011640164A,UNIT 1803,No,2023-12-11,Yes,2025-10-06T16:55:15.000+0000,1661 COUNTY ROAD 313 JARRELL TX
a02WR00000MElvRYAT,1661 COUNTY ROAD 313 UNIT 1804 JARRELL TX 76537,TX0602-011680168A,UNIT 1804,No,2023-12-11,Yes,2025-10-06T16:55:15.000+0000,1661 COUNTY ROAD 313 JARRELL TX
a02WR00000MElvSYAT,1661 COUNTY ROAD 313 UNIT 1805 JARRELL TX 76537,TX0602-011690169A,UNIT 1805,Yes,2025-04-04,No,2025-10-06T16:55:15.000+0000,1661 COUNTY ROAD 313 JARRELL TX
a02WR00000MElvTYAT,1661 COUNTY ROAD 313 UNIT 1806 JARRELL TX 76537,TX0602-011630163A,UNIT 1806,Yes,2024-02-09,No,2025-10-06T16:55:15.000+0000,1661 COUNTY ROAD 313 JARRELL TX
a02WR00000MElvUYAT,1661 COUNTY ROAD 313 UNIT 1807 JARRELL TX 76537,TX0602-011620162A,UNIT 1807,No,2025-06-18,Yes,2025-10-06T16:55:15.000+0000,1661 COUNTY ROAD 313 JARRELL TX
a02WR00000MElvVYAT,1661 COUNTY ROAD 313 UNIT 1808 JARRELL TX 76537,TX0602-011650165A,UNIT 1808,No,2023-12-11,Yes,2025-10-06T16:55:15.000+0000,1661 COUNTY ROAD 313 JARRELL TX
a02WR00000MElvWYAT,1661 COUNTY ROAD 313 UNIT 1901 JARRELL TX 76537,TX0602-011600160A,UNIT 1901,Yes,2024-11-04,No,2025-10-06T16:55:15.000+0000,1661 COUNTY ROAD 313 JARRELL TX
a02WR00000MElvXYAT,1661 COUNTY ROAD 313 UNIT 1902 JARRELL TX 76537,TX0602-011550155A,UNIT 1902,No,2024-01-19,Yes,2025-10-06T16:55:15.000+0000,1661 COUNTY ROAD 313 JARRELL TX
a02WR00000MElvYYAT,1661 COUNTY ROAD 313 UNIT 1903 JARRELL TX 76537,TX0602-011560156A,UNIT 1903,No,2023-12-11,Yes,2025-10-06T16:55:15.000+0000,1661 COUNTY ROAD 313 JARRELL TX
a02WR00000MElvZYAT,1661 COUNTY ROAD 313 UNIT 1904 JARRELL TX 76537,TX0602-011570157A,UNIT 1904,Yes,2024-12-02,No,2025-10-06T16:55:15.000+0000,1661 COUNTY ROAD 313 JARRELL TX
a02WR00000MElvaYAD,1661 COUNTY ROAD 313 UNIT 1905 JARRELL TX 76537,TX0602-011610161A,UNIT 1905,Yes,2025-09-13,No,2025-10-06T16:55:15.000+0000,1661 COUNTY ROAD 313 JARRELL TX
a02WR00000MElvbYAD,1661 COUNTY ROAD 313 UNIT 1906 JARRELL TX 76537,TX0602-011580158A,UNIT 1906,Yes,2025-08-08,No,2025-10-06T16:55:15.000+0000,1661 COUNTY ROAD 313 JARRELL TX
a02WR00000MElvcYAD,1661 COUNTY ROAD 313 UNIT 1907 JARRELL TX 76537,TX0602-011540154A,UNIT 1907,Yes,2025-05-13,No,2025-10-06T16:55:15.000+0000,1661 COUNTY ROAD 313 JARRELL TX
a02WR00000MElvdYAD,1661 COUNTY ROAD 313 UNIT 1908 JARRELL TX 76537,TX0602-011590159A,UNIT 1908,Yes,2024-11-07,No,2025-10-06T16:55:15.000+0000,1661 COUNTY ROAD 313 JARRELL TX
a02WR00000MElveYAD,1661 COUNTY ROAD 313 UNIT 2001 JARRELL TX 76537,TX0602-011300130A,UNIT 2001,No,2025-04-11,Yes,2025-10-06T16:55:15.000+0000,1661 COUNTY ROAD 313 JARRELL TX
a02WR00000MElvfYAD,1661 COUNTY ROAD 313 UNIT 2002 JARRELL TX 76537,TX0602-011310131A,UNIT 2002,No,2023-12-08,Yes,2025-10-06T16:55:15.000+0000,1661 COUNTY ROAD 313 JARRELL TX
a02WR00000MElvgYAD,1661 COUNTY ROAD 313 UNIT 2003 JARRELL TX 76537,TX0602-011320132A,UNIT 2003,No,2023-12-08,Yes,2025-10-06T16:55:15.000+0000,1661 COUNTY ROAD 313 JARRELL TX
a02WR00000MElvhYAD,1661 COUNTY ROAD 313 UNIT 2004 JARRELL TX 76537,TX0602-011350135A,UNIT 2004,No,2023-12-08,Yes,2025-10-06T16:55:15.000+0000,1661 COUNTY ROAD 313 JARRELL TX
a02WR00000MElviYAD,1661 COUNTY ROAD 313 UNIT 2005 JARRELL TX 76537,TX0602-011360136A,UNIT 2005,Yes,2025-06-05,No,2025-10-06T16:55:15.000+0000,1661 COUNTY ROAD 313 JARRELL TX
a02WR00000MElvjYAD,1661 COUNTY ROAD 313 UNIT 2006 JARRELL TX 76537,TX0602-011370137A,UNIT 2006,Yes,2025-01-14,No,2025-10-06T16:55:15.000+0000,1661 COUNTY ROAD 313 JARRELL TX
a02WR00000MElvkYAD,1661 COUNTY ROAD 313 UNIT 2007 JARRELL TX 76537,TX0602-011330133A,UNIT 2007,Yes,2025-03-21,No,2025-10-06T16:55:15.000+0000,1661 COUNTY ROAD 313 JARRELL TX
a02WR00000MElvlYAD,1661 COUNTY ROAD 313 UNIT 2008 JARRELL TX 76537,TX0602-011340134A,UNIT 2008,Yes,2025-03-11,No,2025-10-06T16:55:15.000+0000,1661 COUNTY ROAD 313 JARRELL TX
a02WR00000MElvmYAD,1661 COUNTY ROAD 313 UNIT 2101 JARRELL TX 76537,TX0602-011440144A,UNIT 2101,No,2023-12-09,Yes,2025-10-06T16:55:15.000+0000,1661 COUNTY ROAD 313 JARRELL TX
a02WR00000MElvnYAD,1661 COUNTY ROAD 313 UNIT 2102 JARRELL TX 76537,TX0602-011410141A,UNIT 2102,No,2023-12-09,Yes,2025-10-06T16:55:15.000+0000,1661 COUNTY ROAD 313 JARRELL TX
a02WR00000MElvoYAD,1661 COUNTY ROAD 313 UNIT 2103 JARRELL TX 76537,TX0602-011420142A,UNIT 2103,No,2024-04-24,Yes,2025-10-06T16:55:15.000+0000,1661 COUNTY ROAD 313 JARRELL TX
a02WR00000MElvpYAD,1661 COUNTY ROAD 313 UNIT 2104 JARRELL TX 76537,TX0602-011430143A,UNIT 2104,No,2023-12-09,Yes,2025-10-06T16:55:15.000+0000,1661 COUNTY ROAD 313 JARRELL TX
a02WR00000MElvqYAD,1661 COUNTY ROAD 313 UNIT 2105 JARRELL TX 76537,TX0602-011450145A,UNIT 2105,Yes,2025-05-31,No,2025-10-06T16:55:15.000+0000,1661 COUNTY ROAD 313 JARRELL TX
a02WR00000MElvrYAD,1661 COUNTY ROAD 313 UNIT 2107 JARRELL TX 76537,TX0602-011390139A,UNIT 2107,No,2023-12-08,Yes,2025-10-06T16:55:15.000+0000,1661 COUNTY ROAD 313 JARRELL TX
a02WR00000MElvsYAD,1661 COUNTY ROAD 313 UNIT 2108 JARRELL TX 76537,TX0602-011400140A,UNIT 2108,No,2023-12-08,Yes,2025-10-06T16:55:15.000+0000,1661 COUNTY ROAD 313 JARRELL TX
a02WR00000MElvtYAD,1661 COUNTY ROAD 313 UNIT 2201 JARRELL TX 76537,TX0602-011740174A,UNIT 2201,No,2023-12-09,Yes,2025-10-06T16:55:15.000+0000,1661 COUNTY ROAD 313 JARRELL TX
a02WR00000MElvuYAD,1661 COUNTY ROAD 313 UNIT 2202 JARRELL TX 76537,TX0602-011710171A,UNIT 2202,No,2025-05-20,Yes,2025-10-06T16:55:15.000+0000,1661 COUNTY ROAD 313 JARRELL TX
a02WR00000MElvvYAD,1661 COUNTY ROAD 313 UNIT 2203 JARRELL TX 76537,TX0602-011720172A,UNIT 2203,No,2024-11-07,Yes,2025-10-06T16:55:15.000+0000,1661 COUNTY ROAD 313 JARRELL TX
a02WR00000MElvwYAD,1661 COUNTY ROAD 313 UNIT 2204 JARRELL TX 76537,TX0602-011730173A,UNIT 2204,No,2023-12-09,Yes,2025-10-06T16:55:15.000+0000,1661 COUNTY ROAD 313 JARRELL TX
a02WR00000MElvxYAD,1661 COUNTY ROAD 313 UNIT 2205 JARRELL TX 76537,TX0602-011700170A,UNIT 2205,No,2023-12-09,Yes,2025-10-06T16:55:15.000+0000,1661 COUNTY ROAD 313 JARRELL TX
a02WR00000MElvyYAD,1661 COUNTY ROAD 313 UNIT 2206 JARRELL TX 76537,TX0602-011780178A,UNIT 2206,No,2023-12-09,Yes,2025-10-06T16:55:15.000+0000,1661 COUNTY ROAD 313 JARRELL TX
a02WR00000MElvzYAD,1661 COUNTY ROAD 313 UNIT 2207 JARRELL TX 76537,TX0602-011790179A,UNIT 2207,Yes,2024-01-19,No,2025-10-06T16:55:15.000+0000,1661 COUNTY ROAD 313 JARRELL TX
a02WR00000MElw0YAD,1661 COUNTY ROAD 313 UNIT 2208 JARRELL TX 76537,TX0602-011760176A,UNIT 2208,No,2023-12-09,Yes,2025-10-06T16:55:15.000+0000,1661 COUNTY ROAD 313 JARRELL TX
a02WR00000MElw1YAD,1661 COUNTY ROAD 313 UNIT 2209 JARRELL TX 76537,TX0602-011770177A,UNIT 2209,No,2023-12-09,Yes,2025-10-06T16:55:15.000+0000,1661 COUNTY ROAD 313 JARRELL TX
a02WR00000MElw2YAD,1661 COUNTY ROAD 313 UNIT 2210 JARRELL TX 76537,TX0602-011750175A,UNIT 2210,Yes,2024-07-27,No,2025-10-06T16:55:15.000+0000,1661 COUNTY ROAD 313 JARRELL TX
a02WR00000MElw3YAD,1700 CROSS CREEK LN LIBERTY HILL TX 78642,TX2001-033000001A,,Yes,2023-06-16,No,2025-10-06T16:55:15.000+0000,1700 CROSS CREEK LN LIBERTY HILL TX
a02WR00000MElw4YAD,1706 N 2ND ST UNIT OFFICE KILLEEN TX 76541,TX1310-006560185A,UNIT OFFICE,Yes,2025-09-02,No,2025-10-06T16:55:15.000+0000,1706 N 2ND ST KILLEEN TX
a02WR00000MElwCYAT,1805 COUNTY ROAD 314 JARRELL TX 76537,TX1202-007000206A,,Yes,2025-03-19,No,2025-10-06T16:55:15.000+0000,1805 COUNTY ROAD 314 JARRELL TX
a02WR00000MElwEYAT,1919 COUNTY ROAD 313 GYM JARRELL TX 76537,TX0602-011140214A,GYM,No,2023-12-15,Yes,2025-10-06T16:55:15.000+0000,1919 COUNTY ROAD 313 JARRELL TX
a02WR00000MElwFYAT,1919 COUNTY ROAD 313 OFFICE JARRELL TX 76537,TX0602-011450245A,OFFICE,Yes,2024-08-20,No,2025-10-06T16:55:15.000+0000,1919 COUNTY ROAD 313 JARRELL TX
a02WR00000MElwGYAT,1919 COUNTY ROAD 313 UNIT 1001 JARRELL TX 76537,TX0602-011460246A,UNIT 1001,Yes,2025-06-11,No,2025-10-06T16:55:15.000+0000,1919 COUNTY ROAD 313 JARRELL TX
a02WR00000MElwHYAT,1919 COUNTY ROAD 313 UNIT 1002 JARRELL TX 76537,TX0602-011470247A,UNIT 1002,No,2023-12-11,Yes,2025-10-06T16:55:15.000+0000,1919 COUNTY ROAD 313 JARRELL TX
a02WR00000MElwIYAT,1919 COUNTY ROAD 313 UNIT 1003 JARRELL TX 76537,TX0602-011480248A,UNIT 1003,No,2023-12-11,Yes,2025-10-06T16:55:15.000+0000,1919 COUNTY ROAD 313 JARRELL TX
a02WR00000MElwJYAT,1919 COUNTY ROAD 313 UNIT 1004 JARRELL TX 76537,TX0602-011490249A,UNIT 1004,Yes,2024-02-01,No,2025-10-06T16:55:15.000+0000,1919 COUNTY ROAD 313 JARRELL TX
a02WR00000MElwKYAT,1919 COUNTY ROAD 313 UNIT 1005 JARRELL TX 76537,TX0602-011500250A,UNIT 1005,Yes,2025-05-29,No,2025-10-06T16:55:15.000+0000,1919 COUNTY ROAD 313 JARRELL TX
a02WR00000MElwLYAT,1919 COUNTY ROAD 313 UNIT 1006 JARRELL TX 76537,TX0602-011510251A,UNIT 1006,Yes,2025-09-29,No,2025-10-06T16:55:15.000+0000,1919 COUNTY ROAD 313 JARRELL TX
a02WR00000MElwMYAT,1919 COUNTY ROAD 313 UNIT 1007 JARRELL TX 76537,TX0602-011520252A,UNIT 1007,Yes,2024-09-16,No,2025-10-06T16:55:15.000+0000,1919 COUNTY ROAD 313 JARRELL TX
a02WR00000MElwNYAT,1919 COUNTY ROAD 313 UNIT 1008 JARRELL TX 76537,TX0602-011530253A,UNIT 1008,No,2024-01-04,Yes,2025-10-06T16:55:15.000+0000,1919 COUNTY ROAD 313 JARRELL TX
a02WR00000MElwOYAT,1919 COUNTY ROAD 313 UNIT 1009 JARRELL TX 76537,TX0602-011540254A,UNIT 1009,No,2023-12-12,Yes,2025-10-06T16:55:15.000+0000,1919 COUNTY ROAD 313 JARRELL TX
a02WR00000MElwPYAT,1919 COUNTY ROAD 313 UNIT 101 JARRELL TX 76537,TX0602-011290229A,UNIT 101,No,2025-05-02,Yes,2025-10-06T16:55:15.000+0000,1919 COUNTY ROAD 313 JARRELL TX
a02WR00000MElwQYAT,1919 COUNTY ROAD 313 UNIT 1010 JARRELL TX 76537,TX0602-011550255A,UNIT 1010,Yes,2025-06-23,No,2025-10-06T16:55:15.000+0000,1919 COUNTY ROAD 313 JARRELL TX
a02WR00000MElwRYAT,1919 COUNTY ROAD 313 UNIT 1011 JARRELL TX 76537,TX0602-011560256A,UNIT 1011,Yes,2024-12-05,No,2025-10-06T16:55:15.000+0000,1919 COUNTY ROAD 313 JARRELL TX
a02WR00000MElwSYAT,1919 COUNTY ROAD 313 UNIT 1012 JARRELL TX 76537,TX0602-011570257A,UNIT 1012,Yes,2025-03-04,No,2025-10-06T16:55:15.000+0000,1919 COUNTY ROAD 313 JARRELL TX
a02WR00000MElwTYAT,1919 COUNTY ROAD 313 UNIT 1013 JARRELL TX 76537,TX0602-011580258A,UNIT 1013,No,2024-01-25,Yes,2025-10-06T16:55:15.000+0000,1919 COUNTY ROAD 313 JARRELL TX
a02WR00000MElwUYAT,1919 COUNTY ROAD 313 UNIT 1014 JARRELL TX 76537,TX0602-011590259A,UNIT 1014,Yes,2025-04-25,No,2025-10-06T16:55:15.000+0000,1919 COUNTY ROAD 313 JARRELL TX
a02WR00000MElwVYAT,1919 COUNTY ROAD 313 UNIT 1015 JARRELL TX 76537,TX0602-011600260A,UNIT 1015,No,2024-06-21,Yes,2025-10-06T16:55:15.000+0000,1919 COUNTY ROAD 313 JARRELL TX
a02WR00000MElwWYAT,1919 COUNTY ROAD 313 UNIT 1016 JARRELL TX 76537,TX0602-011610261A,UNIT 1016,Yes,2024-08-29,No,2025-10-06T16:55:15.000+0000,1919 COUNTY ROAD 313 JARRELL TX
a02WR00000MElwXYAT,1919 COUNTY ROAD 313 UNIT 102 JARRELL TX 76537,TX0602-011300230A,UNIT 102,No,2023-12-12,Yes,2025-10-06T16:55:15.000+0000,1919 COUNTY ROAD 313 JARRELL TX
a02WR00000MElwYYAT,1919 COUNTY ROAD 313 UNIT 103 JARRELL TX 76537,TX0602-011310231A,UNIT 103,No,2023-12-12,Yes,2025-10-06T16:55:15.000+0000,1919 COUNTY ROAD 313 JARRELL TX
a02WR00000MElwZYAT,1919 COUNTY ROAD 313 UNIT 104 JARRELL TX 76537,TX0602-011320232A,UNIT 104,No,2023-12-12,Yes,2025-10-06T16:55:15.000+0000,1919 COUNTY ROAD 313 JARRELL TX
a02WR00000MElwaYAD,1919 COUNTY ROAD 313 UNIT 105 JARRELL TX 76537,TX0602-011330233A,UNIT 105,No,2023-12-12,Yes,2025-10-06T16:55:15.000+0000,1919 COUNTY ROAD 313 JARRELL TX
a02WR00000MElwbYAD,1919 COUNTY ROAD 313 UNIT 106 JARRELL TX 76537,TX0602-011340234A,UNIT 106,No,2024-08-09,Yes,2025-10-06T16:55:15.000+0000,1919 COUNTY ROAD 313 JARRELL TX
a02WR00000MElwcYAD,1919 COUNTY ROAD 313 UNIT 107 JARRELL TX 76537,TX0602-011350235A,UNIT 107,No,2023-12-12,Yes,2025-10-06T16:55:15.000+0000,1919 COUNTY ROAD 313 JARRELL TX
a02WR00000MElwdYAD,1919 COUNTY ROAD 313 UNIT 108 JARRELL TX 76537,TX0602-011360236A,UNIT 108,No,2023-12-12,Yes,2025-10-06T16:55:15.000+0000,1919 COUNTY ROAD 313 JARRELL TX
a02WR00000MElweYAD,1919 COUNTY ROAD 313 UNIT 109 JARRELL TX 76537,TX0602-011370237A,UNIT 109,Yes,2025-03-10,No,2025-10-06T16:55:15.000+0000,1919 COUNTY ROAD 313 JARRELL TX
a02WR00000MElwfYAD,1919 COUNTY ROAD 313 UNIT 110 JARRELL TX 76537,TX0602-011380238A,UNIT 110,No,2023-12-12,Yes,2025-10-06T16:55:15.000+0000,1919 COUNTY ROAD 313 JARRELL TX
a02WR00000MElwgYAD,1919 COUNTY ROAD 313 UNIT 1101 JARRELL TX 76537,TX0602-011820182A,UNIT 1101,Yes,2025-03-13,No,2025-10-06T16:55:15.000+0000,1919 COUNTY ROAD 313 JARRELL TX
a02WR00000MElwhYAD,1919 COUNTY ROAD 313 UNIT 1102 JARRELL TX 76537,TX0602-011880188A,UNIT 1102,No,2023-12-12,Yes,2025-10-06T16:55:15.000+0000,1919 COUNTY ROAD 313 JARRELL TX
a02WR00000MElwiYAD,1919 COUNTY ROAD 313 UNIT 1103 JARRELL TX 76537,TX0602-011890189A,UNIT 1103,No,2023-12-12,Yes,2025-10-06T16:55:15.000+0000,1919 COUNTY ROAD 313 JARRELL TX
a02WR00000MElwjYAD,1919 COUNTY ROAD 313 UNIT 1104 JARRELL TX 76537,TX0602-011900190A,UNIT 1104,No,2025-05-28,Yes,2025-10-06T16:55:15.000+0000,1919 COUNTY ROAD 313 JARRELL TX
a02WR00000MElwkYAD,1919 COUNTY ROAD 313 UNIT 1105 JARRELL TX 76537,TX0602-011910191A,UNIT 1105,No,2023-12-12,Yes,2025-10-06T16:55:15.000+0000,1919 COUNTY ROAD 313 JARRELL TX
a02WR00000MElwlYAD,1919 COUNTY ROAD 313 UNIT 1106 JARRELL TX 76537,TX0602-011920192A,UNIT 1106,No,2023-12-12,Yes,2025-10-06T16:55:15.000+0000,1919 COUNTY ROAD 313 JARRELL TX
a02WR00000MElwmYAD,1919 COUNTY ROAD 313 UNIT 1107 JARRELL TX 76537,TX0602-011930193A,UNIT 1107,No,2023-12-12,Yes,2025-10-06T16:55:15.000+0000,1919 COUNTY ROAD 313 JARRELL TX
a02WR00000MElwnYAD,1919 COUNTY ROAD 313 UNIT 1108 JARRELL TX 76537,TX0602-011940194A,UNIT 1108,No,2023-12-12,Yes,2025-10-06T16:55:15.000+0000,1919 COUNTY ROAD 313 JARRELL TX
a02WR00000MElwoYAD,1919 COUNTY ROAD 313 UNIT 1109 JARRELL TX 76537,TX0602-011950195A,UNIT 1109,No,2023-12-12,Yes,2025-10-06T16:55:15.000+0000,1919 COUNTY ROAD 313 JARRELL TX
a02WR00000MElwpYAD,1919 COUNTY ROAD 313 UNIT 111 JARRELL TX 76537,TX0602-011390239A,UNIT 111,No,2023-12-12,Yes,2025-10-06T16:55:15.000+0000,1919 COUNTY ROAD 313 JARRELL TX
a02WR00000MElwqYAD,1919 COUNTY ROAD 313 UNIT 1110 JARRELL TX 76537,TX0602-011830183A,UNIT 1110,No,2023-12-12,Yes,2025-10-06T16:55:15.000+0000,1919 COUNTY ROAD 313 JARRELL TX
a02WR00000MElwrYAD,1919 COUNTY ROAD 313 UNIT 1111 JARRELL TX 76537,TX0602-011840184A,UNIT 1111,No,2023-12-12,Yes,2025-10-06T16:55:15.000+0000,1919 COUNTY ROAD 313 JARRELL TX
a02WR00000MElwsYAD,1919 COUNTY ROAD 313 UNIT 1112 JARRELL TX 76537,TX0602-011850185A,UNIT 1112,No,2023-12-12,Yes,2025-10-06T16:55:15.000+0000,1919 COUNTY ROAD 313 JARRELL TX
a02WR00000MElwtYAD,1919 COUNTY ROAD 313 UNIT 1113 JARRELL TX 76537,TX0602-011800180A,UNIT 1113,No,2023-12-12,Yes,2025-10-06T16:55:15.000+0000,1919 COUNTY ROAD 313 JARRELL TX
a02WR00000MElwuYAD,1919 COUNTY ROAD 313 UNIT 1114 JARRELL TX 76537,TX0602-011860186A,UNIT 1114,No,2023-12-12,Yes,2025-10-06T16:55:15.000+0000,1919 COUNTY ROAD 313 JARRELL TX
a02WR00000MElwvYAD,1919 COUNTY ROAD 313 UNIT 1115 JARRELL TX 76537,TX0602-011810181A,UNIT 1115,No,2023-12-12,Yes,2025-10-06T16:55:15.000+0000,1919 COUNTY ROAD 313 JARRELL TX
a02WR00000MElwwYAD,1919 COUNTY ROAD 313 UNIT 1116 JARRELL TX 76537,TX0602-011870187A,UNIT 1116,No,2023-12-21,Yes,2025-10-06T16:55:15.000+0000,1919 COUNTY ROAD 313 JARRELL TX
a02WR00000MElwxYAD,1919 COUNTY ROAD 313 UNIT 112 JARRELL TX 76537,TX0602-011400240A,UNIT 112,No,2023-12-12,Yes,2025-10-06T16:55:15.000+0000,1919 COUNTY ROAD 313 JARRELL TX
a02WR00000MElwyYAD,1919 COUNTY ROAD 313 UNIT 113 JARRELL TX 76537,TX0602-011410241A,UNIT 113,No,2023-12-12,Yes,2025-10-06T16:55:15.000+0000,1919 COUNTY ROAD 313 JARRELL TX
a02WR00000MElwzYAD,1919 COUNTY ROAD 313 UNIT 114 JARRELL TX 76537,TX0602-011420242A,UNIT 114,No,2023-12-12,Yes,2025-10-06T16:55:15.000+0000,1919 COUNTY ROAD 313 JARRELL TX
a02WR00000MElx0YAD,1919 COUNTY ROAD 313 UNIT 115 JARRELL TX 76537,TX0602-011430243A,UNIT 115,No,2025-06-20,Yes,2025-10-06T16:55:15.000+0000,1919 COUNTY ROAD 313 JARRELL TX
a02WR00000MElx1YAD,1919 COUNTY ROAD 313 UNIT 116 JARRELL TX 76537,TX0602-011440244A,UNIT 116,No,2023-12-12,Yes,2025-10-06T16:55:15.000+0000,1919 COUNTY ROAD 313 JARRELL TX
a02WR00000MElx2YAD,1919 COUNTY ROAD 313 UNIT 201 JARRELL TX 76537,TX0602-011020002A,UNIT 201,No,2023-12-08,Yes,2025-10-06T16:55:15.000+0000,1919 COUNTY ROAD 313 JARRELL TX
a02WR00000MElx3YAD,1919 COUNTY ROAD 313 UNIT 202 JARRELL TX 76537,TX0602-011030003A,UNIT 202,No,2024-04-10,Yes,2025-10-06T16:55:15.000+0000,1919 COUNTY ROAD 313 JARRELL TX
a02WR00000MElx4YAD,1919 COUNTY ROAD 313 UNIT 203 JARRELL TX 76537,TX0602-011040004A,UNIT 203,No,2023-12-08,Yes,2025-10-06T16:55:15.000+0000,1919 COUNTY ROAD 313 JARRELL TX
a02WR00000MElx5YAD,1919 COUNTY ROAD 313 UNIT 204 JARRELL TX 76537,TX0602-011050005A,UNIT 204,No,2023-12-08,Yes,2025-10-06T16:55:15.000+0000,1919 COUNTY ROAD 313 JARRELL TX
a02WR00000MElx6YAD,1919 COUNTY ROAD 313 UNIT 205 JARRELL TX 76537,TX0602-011060006A,UNIT 205,Yes,2025-01-14,No,2025-10-06T16:55:15.000+0000,1919 COUNTY ROAD 313 JARRELL TX
a02WR00000MElx7YAD,1919 COUNTY ROAD 313 UNIT 206 JARRELL TX 76537,TX0602-011070007A,UNIT 206,Yes,2025-09-13,No,2025-10-06T16:55:15.000+0000,1919 COUNTY ROAD 313 JARRELL TX
a02WR00000MElx8YAD,1919 COUNTY ROAD 313 UNIT 207 JARRELL TX 76537,TX0602-011080008A,UNIT 207,Yes,2024-07-11,No,2025-10-06T16:55:15.000+0000,1919 COUNTY ROAD 313 JARRELL TX
a02WR00000MElx9YAD,1919 COUNTY ROAD 313 UNIT 208 JARRELL TX 76537,TX0602-011090009A,UNIT 208,No,2023-12-08,Yes,2025-10-06T16:55:15.000+0000,1919 COUNTY ROAD 313 JARRELL TX
a02WR00000MElxAYAT,1919 COUNTY ROAD 313 UNIT 209 JARRELL TX 76537,TX0602-011100010A,UNIT 209,No,2023-12-08,Yes,2025-10-06T16:55:15.000+0000,1919 COUNTY ROAD 313 JARRELL TX
a02WR00000MElxBYAT,1919 COUNTY ROAD 313 UNIT 210 JARRELL TX 76537,TX0602-011110011A,UNIT 210,Yes,2024-07-28,No,2025-10-06T16:55:15.000+0000,1919 COUNTY ROAD 313 JARRELL TX
a02WR00000MElxCYAT,1919 COUNTY ROAD 313 UNIT 211 JARRELL TX 76537,TX0602-011120012A,UNIT 211,No,2023-12-08,Yes,2025-10-06T16:55:15.000+0000,1919 COUNTY ROAD 313 JARRELL TX
a02WR00000MElxDYAT,1919 COUNTY ROAD 313 UNIT 212 JARRELL TX 76537,TX0602-011130013A,UNIT 212,No,2024-12-15,Yes,2025-10-06T16:55:15.000+0000,1919 COUNTY ROAD 313 JARRELL TX
a02WR00000MElxEYAT,1919 COUNTY ROAD 313 UNIT 213 JARRELL TX 76537,TX0602-011140014A,UNIT 213,No,2024-09-21,Yes,2025-10-06T16:55:15.000+0000,1919 COUNTY ROAD 313 JARRELL TX
a02WR00000MElxFYAT,1919 COUNTY ROAD 313 UNIT 214 JARRELL TX 76537,TX0602-011150015A,UNIT 214,Yes,2024-05-02,No,2025-10-06T16:55:15.000+0000,1919 COUNTY ROAD 313 JARRELL TX
a02WR00000MElxGYAT,1919 COUNTY ROAD 313 UNIT 216 JARRELL TX 76537,TX0602-011160016A,UNIT 216,Yes,2024-10-27,No,2025-10-06T16:55:15.000+0000,1919 COUNTY ROAD 313 JARRELL TX
a02WR00000MElxHYAT,1919 COUNTY ROAD 313 UNIT 301 JARRELL TX 76537,TX0602-011150215A,UNIT 301,Yes,2024-12-03,No,2025-10-06T16:55:15.000+0000,1919 COUNTY ROAD 313 JARRELL TX
a02WR00000MElxIYAT,1919 COUNTY ROAD 313 UNIT 302 JARRELL TX 76537,TX0602-011160216A,UNIT 302,Yes,2025-01-10,No,2025-10-06T16:55:15.000+0000,1919 COUNTY ROAD 313 JARRELL TX
a02WR00000MElxJYAT,1919 COUNTY ROAD 313 UNIT 303 JARRELL TX 76537,TX0602-011120212A,UNIT 303,No,2023-12-11,Yes,2025-10-06T16:55:15.000+0000,1919 COUNTY ROAD 313 JARRELL TX
a02WR00000MElxKYAT,1919 COUNTY ROAD 313 UNIT 304 JARRELL TX 76537,TX0602-011170217A,UNIT 304,No,2023-12-11,Yes,2025-10-06T16:55:15.000+0000,1919 COUNTY ROAD 313 JARRELL TX
a02WR00000MElxLYAT,1919 COUNTY ROAD 313 UNIT 305 JARRELL TX 76537,TX0602-011180218A,UNIT 305,No,2023-12-11,Yes,2025-10-06T16:55:15.000+0000,1919 COUNTY ROAD 313 JARRELL TX
a02WR00000MElxMYAT,1919 COUNTY ROAD 313 UNIT 306 JARRELL TX 76537,TX0602-011190219A,UNIT 306,No,2023-12-11,Yes,2025-10-06T16:55:15.000+0000,1919 COUNTY ROAD 313 JARRELL TX
a02WR00000MElxNYAT,1919 COUNTY ROAD 313 UNIT 307 JARRELL TX 76537,TX0602-011200220A,UNIT 307,No,2023-12-11,Yes,2025-10-06T16:55:15.000+0000,1919 COUNTY ROAD 313 JARRELL TX
a02WR00000MElxOYAT,1919 COUNTY ROAD 313 UNIT 308 JARRELL TX 76537,TX0602-011210221A,UNIT 308,Yes,2025-05-01,No,2025-10-06T16:55:15.000+0000,1919 COUNTY ROAD 313 JARRELL TX
a02WR00000MElxPYAT,1919 COUNTY ROAD 313 UNIT 309 JARRELL TX 76537,TX0602-011220222A,UNIT 309,No,2024-11-02,Yes,2025-10-06T16:55:15.000+0000,1919 COUNTY ROAD 313 JARRELL TX
a02WR00000MElxQYAT,1919 COUNTY ROAD 313 UNIT 310 JARRELL TX 76537,TX0602-011230223A,UNIT 310,Yes,2024-12-02,No,2025-10-06T16:55:15.000+0000,1919 COUNTY ROAD 313 JARRELL TX
a02WR00000MElxRYAT,1919 COUNTY ROAD 313 UNIT 311 JARRELL TX 76537,TX0602-011240224A,UNIT 311,No,2024-11-22,Yes,2025-10-06T16:55:15.000+0000,1919 COUNTY ROAD 313 JARRELL TX
a02WR00000MElxSYAT,1919 COUNTY ROAD 313 UNIT 312 JARRELL TX 76537,TX0602-011250225A,UNIT 312,No,2023-12-12,Yes,2025-10-06T16:55:15.000+0000,1919 COUNTY ROAD 313 JARRELL TX
a02WR00000MElxTYAT,1919 COUNTY ROAD 313 UNIT 313 JARRELL TX 76537,TX0602-011260226A,UNIT 313,Yes,2023-12-12,No,2025-10-06T16:55:15.000+0000,1919 COUNTY ROAD 313 JARRELL TX
a02WR00000MElxUYAT,1919 COUNTY ROAD 313 UNIT 314 JARRELL TX 76537,TX0602-011270227A,UNIT 314,Yes,2025-04-19,No,2025-10-06T16:55:15.000+0000,1919 COUNTY ROAD 313 JARRELL TX
a02WR00000MElxVYAT,1919 COUNTY ROAD 313 UNIT 315 JARRELL TX 76537,TX0602-011280228A,UNIT 315,No,2024-11-19,Yes,2025-10-06T16:55:15.000+0000,1919 COUNTY ROAD 313 JARRELL TX
a02WR00000MElxWYAT,1919 COUNTY ROAD 313 UNIT 316 JARRELL TX 76537,TX0602-011130213A,UNIT 316,No,2023-12-12,Yes,2025-10-06T16:55:15.000+0000,1919 COUNTY ROAD 313 JARRELL TX
a02WR00000MElxXYAT,1919 COUNTY ROAD 313 UNIT 401 JARRELL TX 76537,TX0602-011740274A,UNIT 401,Yes,2024-07-28,No,2025-10-06T16:55:15.000+0000,1919 COUNTY ROAD 313 JARRELL TX
a02WR00000MElxYYAT,1919 COUNTY ROAD 313 UNIT 402 JARRELL TX 76537,TX0602-011750275A,UNIT 402,Yes,2024-04-03,No,2025-10-06T16:55:15.000+0000,1919 COUNTY ROAD 313 JARRELL TX
a02WR00000MElxZYAT,1919 COUNTY ROAD 313 UNIT 403 JARRELL TX 76537,TX0602-011620262A,UNIT 403,Yes,2025-02-09,No,2025-10-06T16:55:15.000+0000,1919 COUNTY ROAD 313 JARRELL TX
a02WR00000MElxaYAD,1919 COUNTY ROAD 313 UNIT 404 JARRELL TX 76537,TX0602-011720272A,UNIT 404,No,2023-12-08,Yes,2025-10-06T16:55:15.000+0000,1919 COUNTY ROAD 313 JARRELL TX
a02WR00000MElxbYAD,1919 COUNTY ROAD 313 UNIT 405 JARRELL TX 76537,TX0602-011630263A,UNIT 405,Yes,2024-12-09,No,2025-10-06T16:55:15.000+0000,1919 COUNTY ROAD 313 JARRELL TX
a02WR00000MElxcYAD,1919 COUNTY ROAD 313 UNIT 406 JARRELL TX 76537,TX0602-011640264A,UNIT 406,No,2023-12-08,Yes,2025-10-06T16:55:15.000+0000,1919 COUNTY ROAD 313 JARRELL TX
a02WR00000MElxdYAD,1919 COUNTY ROAD 313 UNIT 407 JARRELL TX 76537,TX0602-011650265A,UNIT 407,No,2024-09-10,Yes,2025-10-06T16:55:15.000+0000,1919 COUNTY ROAD 313 JARRELL TX
a02WR00000MElxeYAD,1919 COUNTY ROAD 313 UNIT 408 JARRELL TX 76537,TX0602-011710271A,UNIT 408,No,2023-12-08,Yes,2025-10-06T16:55:15.000+0000,1919 COUNTY ROAD 313 JARRELL TX
a02WR00000MElxfYAD,1919 COUNTY ROAD 313 UNIT 409 JARRELL TX 76537,TX0602-011760276A,UNIT 409,Yes,2025-02-20,No,2025-10-06T16:55:15.000+0000,1919 COUNTY ROAD 313 JARRELL TX
a02WR00000MElxgYAD,1919 COUNTY ROAD 313 UNIT 410 JARRELL TX 76537,TX0602-011670267A,UNIT 410,No,2023-12-08,Yes,2025-10-06T16:55:15.000+0000,1919 COUNTY ROAD 313 JARRELL TX
a02WR00000MElxhYAD,1919 COUNTY ROAD 313 UNIT 411 JARRELL TX 76537,TX0602-011660266A,UNIT 411,No,2023-12-08,Yes,2025-10-06T16:55:15.000+0000,1919 COUNTY ROAD 313 JARRELL TX
a02WR00000MElxiYAD,1919 COUNTY ROAD 313 UNIT 412 JARRELL TX 76537,TX0602-011680268A,UNIT 412,No,2023-12-09,Yes,2025-10-06T16:55:15.000+0000,1919 COUNTY ROAD 313 JARRELL TX
a02WR00000MElxjYAD,1919 COUNTY ROAD 313 UNIT 413 JARRELL TX 76537,TX0602-011690269A,UNIT 413,No,2024-03-30,Yes,2025-10-06T16:55:15.000+0000,1919 COUNTY ROAD 313 JARRELL TX
a02WR00000MElxkYAD,1919 COUNTY ROAD 313 UNIT 414 JARRELL TX 76537,TX0602-011700270A,UNIT 414,Yes,2025-04-09,No,2025-10-06T16:55:15.000+0000,1919 COUNTY ROAD 313 JARRELL TX
a02WR00000MElxlYAD,1919 COUNTY ROAD 313 UNIT 415 JARRELL TX 76537,TX0602-011730273A,UNIT 415,Yes,2024-01-20,No,2025-10-06T16:55:15.000+0000,1919 COUNTY ROAD 313 JARRELL TX
a02WR00000MElxmYAD,1919 COUNTY ROAD 313 UNIT 416 JARRELL TX 76537,TX0602-011770277A,UNIT 416,Yes,2024-08-13,No,2025-10-06T16:55:15.000+0000,1919 COUNTY ROAD 313 JARRELL TX
a02WR00000MElxnYAD,1919 COUNTY ROAD 313 UNIT 501 JARRELL TX 76537,TX0602-011420042A,UNIT 501,No,2024-11-22,Yes,2025-10-06T16:55:15.000+0000,1919 COUNTY ROAD 313 JARRELL TX
a02WR00000MElxoYAD,1919 COUNTY ROAD 313 UNIT 502 JARRELL TX 76537,TX0602-011430043A,UNIT 502,No,2023-12-11,Yes,2025-10-06T16:55:15.000+0000,1919 COUNTY ROAD 313 JARRELL TX
a02WR00000MElxpYAD,1919 COUNTY ROAD 313 UNIT 503 JARRELL TX 76537,TX0602-011440044A,UNIT 503,No,2023-12-11,Yes,2025-10-06T16:55:15.000+0000,1919 COUNTY ROAD 313 JARRELL TX
a02WR00000MElxqYAD,1919 COUNTY ROAD 313 UNIT 504 JARRELL TX 76537,TX0602-011450045A,UNIT 504,Yes,2023-12-29,No,2025-10-06T16:55:15.000+0000,1919 COUNTY ROAD 313 JARRELL TX
a02WR00000MElxrYAD,1919 COUNTY ROAD 313 UNIT 505 JARRELL TX 76537,TX0602-011460046A,UNIT 505,No,2023-12-11,Yes,2025-10-06T16:55:15.000+0000,1919 COUNTY ROAD 313 JARRELL TX
a02WR00000MElxsYAD,1919 COUNTY ROAD 313 UNIT 506 JARRELL TX 76537,TX0602-011470047A,UNIT 506,No,2024-04-20,Yes,2025-10-06T16:55:15.000+0000,1919 COUNTY ROAD 313 JARRELL TX
a02WR00000MElxtYAD,1919 COUNTY ROAD 313 UNIT 507 JARRELL TX 76537,TX0602-011480048A,UNIT 507,No,2023-12-11,Yes,2025-10-06T16:55:15.000+0000,1919 COUNTY ROAD 313 JARRELL TX
a02WR00000MElxuYAD,1919 COUNTY ROAD 313 UNIT 508 JARRELL TX 76537,TX0602-011490049A,UNIT 508,No,2023-12-11,Yes,2025-10-06T16:55:15.000+0000,1919 COUNTY ROAD 313 JARRELL TX
a02WR00000MElxvYAD,1919 COUNTY ROAD 313 UNIT 509 JARRELL TX 76537,TX0602-011500050A,UNIT 509,No,2023-12-11,Yes,2025-10-06T16:55:15.000+0000,1919 COUNTY ROAD 313 JARRELL TX
a02WR00000MElxwYAD,1919 COUNTY ROAD 313 UNIT 510 JARRELL TX 76537,TX0602-011510051A,UNIT 510,No,2023-12-11,Yes,2025-10-06T16:55:15.000+0000,1919 COUNTY ROAD 313 JARRELL TX
a02WR00000MElxxYAD,1919 COUNTY ROAD 313 UNIT 511 JARRELL TX 76537,TX0602-011520052A,UNIT 511,Yes,2024-09-06,No,2025-10-06T16:55:15.000+0000,1919 COUNTY ROAD 313 JARRELL TX
a02WR00000MElxyYAD,1919 COUNTY ROAD 313 UNIT 512 JARRELL TX 76537,TX0602-011530053A,UNIT 512,No,2024-01-27,Yes,2025-10-06T16:55:15.000+0000,1919 COUNTY ROAD 313 JARRELL TX
a02WR00000MElxzYAD,1919 COUNTY ROAD 313 UNIT 513 JARRELL TX 76537,TX0602-011540054A,UNIT 513,No,2025-02-01,Yes,2025-10-06T16:55:15.000+0000,1919 COUNTY ROAD 313 JARRELL TX
a02WR00000MEly0YAD,1919 COUNTY ROAD 313 UNIT 514 JARRELL TX 76537,TX0602-011550055A,UNIT 514,Yes,2024-08-02,No,2025-10-06T16:55:15.000+0000,1919 COUNTY ROAD 313 JARRELL TX
a02WR00000MEly1YAD,1919 COUNTY ROAD 313 UNIT 515 JARRELL TX 76537,TX0602-011560056A,UNIT 515,Yes,2025-04-07,No,2025-10-06T16:55:15.000+0000,1919 COUNTY ROAD 313 JARRELL TX
a02WR00000MEly2YAD,1919 COUNTY ROAD 313 UNIT 516 JARRELL TX 76537,TX0602-011570057A,UNIT 516,Yes,2025-05-23,No,2025-10-06T16:55:15.000+0000,1919 COUNTY ROAD 313 JARRELL TX
a02WR00000MEly3YAD,1919 COUNTY ROAD 313 UNIT 601 JARRELL TX 76537,TX0602-011090209A,UNIT 601,Yes,2024-11-08,No,2025-10-06T16:55:15.000+0000,1919 COUNTY ROAD 313 JARRELL TX
a02WR00000MEly4YAD,1919 COUNTY ROAD 313 UNIT 602 JARRELL TX 76537,TX0602-011100210A,UNIT 602,No,2023-12-09,Yes,2025-10-06T16:55:15.000+0000,1919 COUNTY ROAD 313 JARRELL TX
a02WR00000MEly5YAD,1919 COUNTY ROAD 313 UNIT 603 JARRELL TX 76537,TX0602-011110211A,UNIT 603,No,2025-04-21,Yes,2025-10-06T16:55:15.000+0000,1919 COUNTY ROAD 313 JARRELL TX
a02WR00000MEly6YAD,1919 COUNTY ROAD 313 UNIT 604 JARRELL TX 76537,TX0602-011080208A,UNIT 604,No,2024-04-30,Yes,2025-10-06T16:55:15.000+0000,1919 COUNTY ROAD 313 JARRELL TX
a02WR00000MEly7YAD,1919 COUNTY ROAD 313 UNIT 605 JARRELL TX 76537,TX0602-011980198A,UNIT 605,No,2024-11-08,Yes,2025-10-06T16:55:15.000+0000,1919 COUNTY ROAD 313 JARRELL TX
a02WR00000MEly8YAD,1919 COUNTY ROAD 313 UNIT 606 JARRELL TX 76537,TX0602-011990199A,UNIT 606,Yes,2024-02-13,No,2025-10-06T16:55:15.000+0000,1919 COUNTY ROAD 313 JARRELL TX
a02WR00000MEly9YAD,1919 COUNTY ROAD 313 UNIT 607 JARRELL TX 76537,TX0602-011960196A,UNIT 607,No,2023-12-09,Yes,2025-10-06T16:55:15.000+0000,1919 COUNTY ROAD 313 JARRELL TX
a02WR00000MElyAYAT,1919 COUNTY ROAD 313 UNIT 608 JARRELL TX 76537,TX0602-011970197A,UNIT 608,No,2023-12-21,Yes,2025-10-06T16:55:15.000+0000,1919 COUNTY ROAD 313 JARRELL TX
a02WR00000MElyBYAT,1919 COUNTY ROAD 313 UNIT 609 JARRELL TX 76537,TX0602-011010201A,UNIT 609,Yes,2024-07-06,No,2025-10-06T16:55:15.000+0000,1919 COUNTY ROAD 313 JARRELL TX
a02WR00000MElyCYAT,1919 COUNTY ROAD 313 UNIT 610 JARRELL TX 76537,TX0602-011000200A,UNIT 610,Yes,2025-03-07,No,2025-10-06T16:55:15.000+0000,1919 COUNTY ROAD 313 JARRELL TX
a02WR00000MElyDYAT,1919 COUNTY ROAD 313 UNIT 611 JARRELL TX 76537,TX0602-011020202A,UNIT 611,Yes,2025-05-20,No,2025-10-06T16:55:15.000+0000,1919 COUNTY ROAD 313 JARRELL TX
a02WR00000MElyEYAT,1919 COUNTY ROAD 313 UNIT 612 JARRELL TX 76537,TX0602-011030203A,UNIT 612,Yes,2024-09-21,No,2025-10-06T16:55:15.000+0000,1919 COUNTY ROAD 313 JARRELL TX
a02WR00000MElyFYAT,1919 COUNTY ROAD 313 UNIT 613 JARRELL TX 76537,TX0602-011040204A,UNIT 613,No,2023-12-09,Yes,2025-10-06T16:55:15.000+0000,1919 COUNTY ROAD 313 JARRELL TX
a02WR00000MElyGYAT,1919 COUNTY ROAD 313 UNIT 614 JARRELL TX 76537,TX0602-011050205A,UNIT 614,No,2023-12-09,Yes,2025-10-06T16:55:15.000+0000,1919 COUNTY ROAD 313 JARRELL TX
a02WR00000MElyHYAT,1919 COUNTY ROAD 313 UNIT 615 JARRELL TX 76537,TX0602-011060206A,UNIT 615,Yes,2024-01-21,No,2025-10-06T16:55:15.000+0000,1919 COUNTY ROAD 313 JARRELL TX
a02WR00000MElyIYAT,1919 COUNTY ROAD 313 UNIT 616 JARRELL TX 76537,TX0602-011070207A,UNIT 616,No,2023-12-09,Yes,2025-10-06T16:55:15.000+0000,1919 COUNTY ROAD 313 JARRELL TX
a02WR00000MElyJYAT,1919 COUNTY ROAD 313 UNIT 701 JARRELL TX 76537,TX0602-011270027A,UNIT 701,No,2023-12-11,Yes,2025-10-06T16:55:15.000+0000,1919 COUNTY ROAD 313 JARRELL TX
a02WR00000MElyKYAT,1919 COUNTY ROAD 313 UNIT 702 JARRELL TX 76537,TX0602-011310031A,UNIT 702,Yes,2024-08-06,No,2025-10-06T16:55:15.000+0000,1919 COUNTY ROAD 313 JARRELL TX
a02WR00000MElyLYAT,1919 COUNTY ROAD 313 UNIT 703 JARRELL TX 76537,TX0602-011260026A,UNIT 703,Yes,2025-08-12,No,2025-10-06T16:55:15.000+0000,1919 COUNTY ROAD 313 JARRELL TX
a02WR00000MElyMYAT,1919 COUNTY ROAD 313 UNIT 704 JARRELL TX 76537,TX0602-011290029A,UNIT 704,Yes,2023-12-21,No,2025-10-06T16:55:15.000+0000,1919 COUNTY ROAD 313 JARRELL TX
a02WR00000MElyNYAT,1919 COUNTY ROAD 313 UNIT 705 JARRELL TX 76537,TX0602-011280028A,UNIT 705,Yes,2025-04-11,No,2025-10-06T16:55:15.000+0000,1919 COUNTY ROAD 313 JARRELL TX
a02WR00000MElyOYAT,1919 COUNTY ROAD 313 UNIT 706 JARRELL TX 76537,TX0602-011320032A,UNIT 706,No,2023-12-11,Yes,2025-10-06T16:55:15.000+0000,1919 COUNTY ROAD 313 JARRELL TX
a02WR00000MElyPYAT,1919 COUNTY ROAD 313 UNIT 707 JARRELL TX 76537,TX0602-011300030A,UNIT 707,No,2025-03-14,Yes,2025-10-06T16:55:15.000+0000,1919 COUNTY ROAD 313 JARRELL TX
a02WR00000MElyQYAT,1919 COUNTY ROAD 313 UNIT 708 JARRELL TX 76537,TX0602-011330033A,UNIT 708,No,2023-12-11,Yes,2025-10-06T16:55:15.000+0000,1919 COUNTY ROAD 313 JARRELL TX
a02WR00000MElyRYAT,1919 COUNTY ROAD 313 UNIT 801 JARRELL TX 76537,TX0602-011200020A,UNIT 801,Yes,2024-09-23,No,2025-10-06T16:55:15.000+0000,1919 COUNTY ROAD 313 JARRELL TX
a02WR00000MElySYAT,1919 COUNTY ROAD 313 UNIT 802 JARRELL TX 76537,TX0602-011210021A,UNIT 802,Yes,2025-08-29,No,2025-10-06T16:55:15.000+0000,1919 COUNTY ROAD 313 JARRELL TX
a02WR00000MElyTYAT,1919 COUNTY ROAD 313 UNIT 803 JARRELL TX 76537,TX0602-011170017A,UNIT 803,Yes,2025-07-26,No,2025-10-06T16:55:15.000+0000,1919 COUNTY ROAD 313 JARRELL TX
a02WR00000MElyUYAT,1919 COUNTY ROAD 313 UNIT 804 JARRELL TX 76537,TX0602-011180018A,UNIT 804,No,2024-09-07,Yes,2025-10-06T16:55:15.000+0000,1919 COUNTY ROAD 313 JARRELL TX
a02WR00000MElyVYAT,1919 COUNTY ROAD 313 UNIT 805 JARRELL TX 76537,TX0602-011220022A,UNIT 805,No,2023-12-11,Yes,2025-10-06T16:55:15.000+0000,1919 COUNTY ROAD 313 JARRELL TX
a02WR00000MElyWYAT,1919 COUNTY ROAD 313 UNIT 806 JARRELL TX 76537,TX0602-011230023A,UNIT 806,Yes,2025-09-06,No,2025-10-06T16:55:15.000+0000,1919 COUNTY ROAD 313 JARRELL TX
a02WR00000MElyXYAT,1919 COUNTY ROAD 313 UNIT 807 JARRELL TX 76537,TX0602-011240024A,UNIT 807,Yes,2025-03-31,No,2025-10-06T16:55:15.000+0000,1919 COUNTY ROAD 313 JARRELL TX
a02WR00000MElyYYAT,1919 COUNTY ROAD 313 UNIT 808 JARRELL TX 76537,TX0602-011190019A,UNIT 808,No,2023-12-11,Yes,2025-10-06T16:55:15.000+0000,1919 COUNTY ROAD 313 JARRELL TX
a02WR00000MElyZYAT,1919 COUNTY ROAD 313 UNIT 901 JARRELL TX 76537,TX0602-011660066A,UNIT 901,Yes,2025-06-14,No,2025-10-06T16:55:15.000+0000,1919 COUNTY ROAD 313 JARRELL TX
a02WR00000MElyaYAD,1919 COUNTY ROAD 313 UNIT 902 JARRELL TX 76537,TX0602-011670067A,UNIT 902,Yes,2024-05-19,No,2025-10-06T16:55:15.000+0000,1919 COUNTY ROAD 313 JARRELL TX
a02WR00000MElybYAD,1919 COUNTY ROAD 313 UNIT 903 JARRELL TX 76537,TX0602-011680068A,UNIT 903,Yes,2024-07-29,No,2025-10-06T16:55:15.000+0000,1919 COUNTY ROAD 313 JARRELL TX
a02WR00000MElycYAD,1919 COUNTY ROAD 313 UNIT 904 JARRELL TX 76537,TX0602-011690069A,UNIT 904,Yes,2024-09-17,No,2025-10-06T16:55:15.000+0000,1919 COUNTY ROAD 313 JARRELL TX
a02WR00000MElydYAD,1919 COUNTY ROAD 313 UNIT 905 JARRELL TX 76537,TX0602-011700070A,UNIT 905,No,2023-12-11,Yes,2025-10-06T16:55:15.000+0000,1919 COUNTY ROAD 313 JARRELL TX
a02WR00000MElyeYAD,1919 COUNTY ROAD 313 UNIT 906 JARRELL TX 76537,TX0602-011710071A,UNIT 906,No,2024-07-28,Yes,2025-10-06T16:55:15.000+0000,1919 COUNTY ROAD 313 JARRELL TX
a02WR00000MElyfYAD,1919 COUNTY ROAD 313 UNIT 907 JARRELL TX 76537,TX0602-011720072A,UNIT 907,No,2024-01-26,Yes,2025-10-06T16:55:15.000+0000,1919 COUNTY ROAD 313 JARRELL TX
a02WR00000MElygYAD,1919 COUNTY ROAD 313 UNIT 908 JARRELL TX 76537,TX0602-011730073A,UNIT 908,No,2024-08-03,Yes,2025-10-06T16:55:15.000+0000,1919 COUNTY ROAD 313 JARRELL TX
a02WR00000MElyhYAD,1919 COUNTY ROAD 313 UNIT 909 JARRELL TX 76537,TX0602-011740074A,UNIT 909,No,2023-12-11,Yes,2025-10-06T16:55:15.000+0000,1919 COUNTY ROAD 313 JARRELL TX
a02WR00000MElyiYAD,1919 COUNTY ROAD 313 UNIT 910 JARRELL TX 76537,TX0602-011750075A,UNIT 910,Yes,2024-05-10,No,2025-10-06T16:55:15.000+0000,1919 COUNTY ROAD 313 JARRELL TX
a02WR00000MElyjYAD,1919 COUNTY ROAD 313 UNIT 911 JARRELL TX 76537,TX0602-011760076A,UNIT 911,Yes,2024-01-25,No,2025-10-06T16:55:15.000+0000,1919 COUNTY ROAD 313 JARRELL TX
a02WR00000MElykYAD,1919 COUNTY ROAD 313 UNIT 912 JARRELL TX 76537,TX0602-011770077A,UNIT 912,No,2023-12-11,Yes,2025-10-06T16:55:15.000+0000,1919 COUNTY ROAD 313 JARRELL TX
a02WR00000MElylYAD,1919 COUNTY ROAD 313 UNIT 913 JARRELL TX 76537,TX0602-011780078A,UNIT 913,Yes,2025-02-06,No,2025-10-06T16:55:15.000+0000,1919 COUNTY ROAD 313 JARRELL TX
a02WR00000MElymYAD,1919 COUNTY ROAD 313 UNIT 914 JARRELL TX 76537,TX0602-011790079A,UNIT 914,No,2024-05-07,Yes,2025-10-06T16:55:15.000+0000,1919 COUNTY ROAD 313 JARRELL TX
a02WR00000MElynYAD,1919 COUNTY ROAD 313 UNIT 915 JARRELL TX 76537,TX0602-011800080A,UNIT 915,Yes,2025-02-13,No,2025-10-06T16:55:15.000+0000,1919 COUNTY ROAD 313 JARRELL TX
a02WR00000MElyoYAD,1919 COUNTY ROAD 313 UNIT 916 JARRELL TX 76537,TX0602-011810081A,UNIT 916,Yes,2024-07-14,No,2025-10-06T16:55:15.000+0000,1919 COUNTY ROAD 313 JARRELL TX
a02WR00000MElyqYAD,1920 W LINDNER AVE UNIT OFFICE MESA AZ 85202,AZ0101-FB10150215A,UNIT OFFICE,Yes,2024-09-03,No,2025-10-06T16:55:15.000+0000,1920 W LINDNER AVE MESA AZ
a02WR00000MElyrYAD,193 LA VENTA LOOP LIBERTY HILL TX 78642,TX2001-030000198A,,Yes,2024-09-19,No,2025-10-06T16:55:15.000+0000,193 LA VENTA LOOP LIBERTY HILL TX
a02WR00000MElysYAD,207 HUDSON ST NEWARK TX 76071,TX0602-008000377A,,Yes,2025-02-06,No,2025-10-06T16:55:15.000+0000,207 HUDSON ST NEWARK TX
a02WR00000MElytYAD,209 HUDSON ST NEWARK TX 76071,TX0602-008000268A,,Yes,2025-02-06,No,2025-10-06T16:55:15.000+0000,209 HUDSON ST NEWARK TX
a02WR00000MElyvYAD,22805 RONALD REAGAN BLVD GEORGETOWN TX 78642,TX2001-010000238A,,Yes,2023-05-11,No,2025-10-06T16:55:15.000+0000,22805 RONALD REAGAN BLVD GEORGETOWN TX
a02WR00000MElywYAD,2323 WOLF RANCH PKWY LEASING OFFICE GEORGETOWN TX 78628,TX0807-FB01940194A,LEASING OFFICE,Yes,2023-05-30,No,2025-10-06T16:55:15.000+0000,2323 WOLF RANCH PKWY GEORGETOWN TX
a02WR00000MElyxYAD,2323 WOLF RANCH PKWY UNIT 212 GEORGETOWN TX 78628,TX0807-FB01330133A,UNIT 212,Yes,2023-06-08,No,2025-10-06T16:55:15.000+0000,2323 WOLF RANCH PKWY GEORGETOWN TX
a02WR00000MElyyYAD,237 BELANGER CANYON DR LIBERTY HILL TX 78642,TX2001-030000085A,,Yes,2024-11-05,No,2025-10-06T16:55:15.000+0000,237 BELANGER CANYON DR LIBERTY HILL TX
a02WR00000MElyzYAD,2427 W ONZA AVE MESA AZ 85202,AZ0101-017001240A,,Yes,2024-07-18,No,2025-10-06T16:55:15.000+0000,2427 W ONZA AVE MESA AZ
a02WR00000MElz2YAD,2645 W ISABELLA AVE MESA AZ 85202,AZ0101-010000896A,,Yes,2025-09-15,No,2025-10-06T16:55:15.000+0000,2645 W ISABELLA AVE MESA AZ
a02WR00000MElz3YAD,2730 S PENNINGTON MESA AZ 85202,AZ0101-001000033A,,No,2025-02-04,Yes,2025-10-06T16:55:15.000+0000,2730 S PENNINGTON MESA AZ
a02WR00000MElz4YAD,300 CHISHOLM CREEK PKWY RHOME TX 76071,TX0602-005000007A,,Yes,2024-09-30,No,2025-10-06T16:55:15.000+0000,300 CHISHOLM CREEK PKWY RHOME TX
a02WR00000MElz5YAD,3000 BELLA LAGO DR FORT WORTH TX 76244,TX0605-006000242A,,No,2024-09-30,Yes,2025-10-06T16:55:15.000+0000,3000 BELLA LAGO DR FORT WORTH TX
a02WR00000MElz6YAD,302 MILLERS XING HARKER HEIGHTS TX 76548,TX1003-001000028A,,Yes,2024-08-07,No,2025-10-06T16:55:15.000+0000,302 MILLERS XING HARKER HEIGHTS TX
a02WR00000MElz7YAD,303 FINLEY ST HUTTO TX 78634,TX1101-019000156A,,Yes,2025-05-02,No,2025-10-06T16:55:15.000+0000,303 FINLEY ST HUTTO TX
a02WR00000MElz8YAD,303 W FM 487 JARRELL TX 76537,TX1201-002000197A,,Yes,2025-01-09,No,2025-10-06T16:55:15.000+0000,303 W FM 487 JARRELL TX
a02WR00000MElz9YAD,308 W ROCK ISLAND AVE BOYD TX 76023,TX0602-001000526A,,Yes,2025-05-14,No,2025-10-06T16:55:15.000+0000,308 W ROCK ISLAND AVE BOYD TX
a02WR00000MElzAYAT,3112 SANGRIA LN FORT WORTH TX 76177,TX0605-006000162A,,Yes,2024-06-10,No,2025-10-06T16:55:15.000+0000,3112 SANGRIA LN FORT WORTH TX
a02WR00000MElzBYAT,3332 SWITCHGRASS CIR UNIT 1115 FORT WORTH TX 76177,TX0604-FB06780278A,UNIT 1115,Yes,2021-01-01,No,2025-10-06T16:55:15.000+0000,3332 SWITCHGRASS CIR FORT WORTH TX
a02WR00000MElzCYAT,3350 AMADOR DR FITNESS FORT WORTH TX 76177,TX0604-FB06010293A,FITNESS,Yes,2025-01-22,No,2025-10-06T16:55:15.000+0000,3350 AMADOR DR FORT WORTH TX
a02WR00000MElzDYAT,3400 TRIDENS CIR MAINTENANCE FORT WORTH TX 76177,TX0604-FB06060290A,MAINTENANCE,Yes,2025-01-22,No,2025-10-06T16:55:15.000+0000,3400 TRIDENS CIR FORT WORTH TX
a02WR00000MElzEYAT,3401 AMADOR DR OFFICE B FORT WORTH TX 76177,TX0604-FB04020210A,OFFICE B,Yes,2024-09-27,No,2025-10-06T16:55:15.000+0000,3401 AMADOR DR FORT WORTH TX
a02WR00000MElzFYAT,3401 AMADOR DR OFFICE C FORT WORTH TX 76177,TX0604-FB04030211A,OFFICE C,Yes,2024-08-29,No,2025-10-06T16:55:15.000+0000,3401 AMADOR DR FORT WORTH TX
a02WR00000MElzGYAT,3401 AMADOR DR OFFICE FORT WORTH TX 76177,TX0604-FB04010209A,OFFICE,No,2024-10-15,Yes,2025-10-06T16:55:15.000+0000,3401 AMADOR DR FORT WORTH TX
a02WR00000MElzHYAT,3412 LAKE RD KILLEEN TX 76543,TX1302-010000038A,,Yes,2024-05-30,No,2025-10-06T16:55:15.000+0000,3412 LAKE RD KILLEEN TX
a02WR00000MElzIYAT,3429 LASSO RD FORT WORTH TX 76262,TX0605-004000124A,,Yes,2025-08-25,No,2025-10-06T16:55:15.000+0000,3429 LASSO RD FORT WORTH TX
a02WR00000MElzJYAT,351 COUNTY ROAD 260 LIBERTY HILL TX 78642,TX2001-008000408A,,Yes,2025-08-18,No,2025-10-06T16:55:15.000+0000,351 COUNTY ROAD 260 LIBERTY HILL TX
a02WR00000MElzKYAT,355 E BOB JONES RD SOUTHLAKE TX 76092,TX0603-019000002A,,Yes,2024-09-11,No,2025-10-06T16:55:15.000+0000,355 E BOB JONES RD SOUTHLAKE TX
a02WR00000MElzLYAT,359 E DENTON ST RHOME TX 76078,TX0602-002000124A,,Yes,2024-11-15,No,2025-10-06T16:55:15.000+0000,359 E DENTON ST RHOME TX
a02WR00000MElzMYAT,3616 CREEK BOTTOM DR UNIT 7107 ROANOKE TX 76262,TX0605-FB01630163A,UNIT 7107,Yes,2025-02-03,No,2025-10-06T16:55:15.000+0000,3616 CREEK BOTTOM DR ROANOKE TX
a02WR00000MElzNYAT,3725 SLEEPY RIVER DR ELEVATOR ROANOKE TX 76262,TX0605-FB01010341A,ELEVATOR,Yes,2025-08-29,No,2025-10-06T16:55:15.000+0000,3725 SLEEPY RIVER DR ROANOKE TX
a02WR00000MElzOYAT,3848 N 100TH AVE OMAHA NE 68134,NE0104-015000145A,,Yes,2025-02-07,No,2025-10-06T16:55:15.000+0000,3848 N 100TH AVE OMAHA NE
a02WR00000MElzPYAT,400 BOURLAND RD BUS KELLER TX 76248,TX0606-FB07020190A,BUS,No,2024-10-24,Yes,2025-10-06T16:55:15.000+0000,400 BOURLAND RD KELLER TX
a02WR00000MElzQYAT,400 BOURLAND RD LEASING OFFICE KELLER TX 76248,TX0606-FB07030191A,LEASING OFFICE,No,2024-11-16,Yes,2025-10-06T16:55:15.000+0000,400 BOURLAND RD KELLER TX
a02WR00000MElzRYAT,400 BOURLAND RD UNIT 513 KELLER TX 76248,TX0606-FB07550055A,UNIT 513,Yes,2023-09-13,No,2025-10-06T16:55:15.000+0000,400 BOURLAND RD KELLER TX
a02WR00000MElzSYAT,400 S ALLEN ST UNIT OFFICE BOYD TX 76023,TX0602-FB01170049A,UNIT OFFICE,Yes,2025-08-18,No,2025-10-06T16:55:15.000+0000,400 S ALLEN ST BOYD TX
a02WR00000MElzTYAT,411 W AVENUE K JARRELL TX 76537,TX1201-002000096A,,Yes,2025-06-30,No,2025-10-06T16:55:15.000+0000,411 W AVENUE K JARRELL TX
a02WR00000MElzUYAT,4141 HORIZON NORTH PKWY UNIT CLUBHOUSE DALLAS TX 75287,TX0608-FB01690269A,UNIT CLUBHOUSE,Yes,2024-10-07,No,2025-10-06T16:55:15.000+0000,4141 HORIZON NORTH PKWY DALLAS TX
a02WR00000MElzVYAT,416 CITATION DR JARRELL TX 76537,TX1201-001000041A,,Yes,2025-03-14,No,2025-10-06T16:55:15.000+0000,416 CITATION DR JARRELL TX
a02WR00000MElzWYAT,420 CITATION DR JARRELL TX 76537,TX1201-001000043A,,No,2024-05-06,Yes,2025-10-06T16:55:15.000+0000,420 CITATION DR JARRELL TX
a02WR00000MElzXYAT,436 PERRYVILLE LOOP LIBERTY HILL TX 78642,TX2001-006000108A,,Yes,2024-10-22,No,2025-10-06T16:55:15.000+0000,436 PERRYVILLE LOOP LIBERTY HILL TX
a02WR00000MElzYYAT,450 COUNTY ROAD 258 LIBERTY HILL TX 78642,TX1403-007000183A,,No,,No,2025-10-06T16:55:15.000+0000,450 COUNTY ROAD 258 LIBERTY HILL TX
a02WR00000MElzZYAT,4503 HUNTINGTON AVE OMAHA NE 68152,NE0102-017000039A,,No,2024-07-01,Yes,2025-10-06T16:55:15.000+0000,4503 HUNTINGTON AVE OMAHA NE
a02WR00000MElzaYAD,489 COUNTY ROAD 4840 HASLET TX 76052,TX0602-015000239A,,Yes,2024-09-30,No,2025-10-06T16:55:15.000+0000,489 COUNTY ROAD 4840 HASLET TX
a02WR00000MElzbYAD,4896 BOB WILLS DR FORT WORTH TX 76244,TX0607-014000343A,,Yes,2024-10-02,No,2025-10-06T16:55:15.000+0000,4896 BOB WILLS DR FORT WORTH TX
a02WR00000MElzcYAD,500 N TARRANT PKWY OFFICE KELLER TX 76248,TX0607-FB05010161A,OFFICE,Yes,2025-09-30,No,2025-10-06T16:55:15.000+0000,500 N TARRANT PKWY KELLER TX
a02WR00000MElzdYAD,504 EXPLORATION CIR LIBERTY HILL TX 78642,TX2001-001000183A,,Yes,2023-04-27,No,2025-10-06T16:55:15.000+0000,504 EXPLORATION CIR LIBERTY HILL TX
a02WR00000MElzeYAD,505 BLAKE ST KILLEEN TX 76541,TX1312-008000142A,,No,2024-07-24,Yes,2025-10-06T16:55:15.000+0000,505 BLAKE ST KILLEEN TX
a02WR00000MElzfYAD,534 E VETERANS MEMORIAL BLVD HARKER HEIGHTS TX 76548,TX1001-008000439A,,No,2024-09-25,Yes,2025-10-06T16:55:15.000+0000,534 E VETERANS MEMORIAL BLVD HARKER HEIGHTS TX
a02WR00000MElzgYAD,5601 GOLDEN TRIANGLE BLVD FORT WORTH TX 76244,TX0606-FB13010309A,,Yes,2024-06-11,No,2025-10-06T16:55:15.000+0000,5601 GOLDEN TRIANGLE BLVD FORT WORTH TX
a02WR00000MElzhYAD,6340 VANE ST OMAHA NE 68152,NE0102-001000094A,,Yes,2024-08-08,No,2025-10-06T16:55:15.000+0000,6340 VANE ST OMAHA NE
a02WR00000MElzjYAD,700 W WALNUT ST DECATUR TX 76234,TX0501-009000183A,,Yes,2024-06-06,No,2025-10-06T16:55:15.000+0000,700 W WALNUT ST DECATUR TX
a02WR00000MElzkYAD,7820 FORT ST OMAHA NE 68134,NE0103-001000101A,,Yes,2024-07-18,No,2025-10-06T16:55:15.000+0000,7820 FORT ST OMAHA NE
a02WR00000MElzlYAD,786 CEDARWOOD CT HASLET TX 76052,TX0605-021000068A,,Yes,2023-10-13,No,2025-10-06T16:55:15.000+0000,786 CEDARWOOD CT HASLET TX
a02WR00000MElzmYAD,804 GREAT LAWN BND LIBERTY HILL TX 78642,TX2001-016000055A,,Yes,2024-07-29,No,2025-10-06T16:55:15.000+0000,804 GREAT LAWN BND LIBERTY HILL TX
a02WR00000MElznYAD,804 OAK HILL DR KILLEEN TX 76541,TX1312-006000025A,,Yes,2025-03-18,No,2025-10-06T16:55:15.000+0000,804 OAK HILL DR KILLEEN TX
a02WR00000MElzoYAD,8318 IOWA ST OMAHA NE 68122,NE0104-020000159A,,No,2024-05-04,Yes,2025-10-06T16:55:15.000+0000,8318 IOWA ST OMAHA NE
a02WR00000MElzpYAD,8345 CROWN POINT AVE OMAHA NE 68134,NE0103-024000097A,,Yes,2024-08-07,No,2025-10-06T16:55:15.000+0000,8345 CROWN POINT AVE OMAHA NE
a02WR00000MElzqYAD,8660 N BEACH ST LEASING OFFICE FORT WORTH TX 76244,TX0607-FB03010399A,LEASING OFFICE,Yes,2021-01-01,No,2025-10-06T16:55:15.000+0000,8660 N BEACH ST FORT WORTH TX
a02WR00000MElzrYAD,89 E SANTA RITA BLVD LIBERTY HILL TX 78642,TX2001-033000002A,,Yes,2024-07-22,No,2025-10-06T16:55:15.000+0000,89 E SANTA RITA BLVD LIBERTY HILL TX
a02WR00000MElzsYAD,91 E SANTA RITA BLVD LIBERTY HILL TX 78642,TX2001-033000003A,,Yes,2023-06-09,No,2025-10-06T16:55:15.000+0000,91 E SANTA RITA BLVD LIBERTY HILL TX
a02WR00000MElztYAD,91 E SANTA RITA BLVD UNIT B LIBERTY HILL TX 78642,TX2001-033000004A,UNIT B,Yes,2024-05-22,No,2025-10-06T16:55:15.000+0000,91 E SANTA RITA BLVD LIBERTY HILL TX
a02WR00000MElzuYAD,923 WINTER CHERRY LN HASLET TX 76052,TX0605-021000016A,,Yes,2024-04-15,No,2025-10-06T16:55:15.000+0000,923 WINTER CHERRY LN HASLET TX
a02WR00000MElzvYAD,9765 SINCLAIR ST FORT WORTH TX 76244,TX0604-022000167A,,No,2024-08-28,Yes,2025-10-06T16:55:15.000+0000,9765 SINCLAIR ST FORT WORTH TX
a02WR00000MElzwYAD,9917 EDDLEMAN CT FORT WORTH TX 76244,TX0607-014000408A,,Yes,2024-09-30,No,2025-10-06T16:55:15.000+0000,9917 EDDLEMAN CT FORT WORTH TX
a02WR00000MElzyYAD,3350 AMADOR DR OFFICE FORT WORTH TX 76177,TX0604-FB06020295A,UNIT OFFICE,Yes,2025-08-26,No,2025-10-06T16:55:15.000+0000,3350 AMADOR DR FORT WORTH TX
a02WR00000MElzzYAD,6728 PARK VISTA BLVD OFFICE WATAUGA TX 76137,TX0607-FB04020215A,OFFICE,Yes,2024-09-05,No,2025-10-06T16:55:15.000+0000,6728 PARK VISTA BLVD WATAUGA TX
